epoch,domain,sample_index,pc1,pc2
0,source,0,0.6498482823371887,0.15470826625823975
0,source,1,0.5216410756111145,0.1740168333053589
0,source,2,0.6109254956245422,0.08389246463775635
0,source,3,0.6907853484153748,0.21827459335327148
0,source,4,0.7103219628334045,0.4232921600341797
0,source,5,0.7379713654518127,0.47330236434936523
0,source,6,0.7195649743080139,0.4094579219818115
0,source,7,0.6956526637077332,0.251492977142334
0,source,8,0.7605583071708679,0.02310919761657715
0,source,9,1.0144808292388916,-0.06091022491455078
0,source,10,0.9758467078208923,0.04432499408721924
0,source,11,0.9062346816062927,0.1700119972229004
0,source,12,0.5502014756202698,0.181512713432312
0,source,13,0.8384481072425842,0.41962766647338867
0,source,14,0.7125146985054016,0.26683759689331055
0,source,15,0.9644786715507507,0.26866841316223145
0,source,16,0.9633622765541077,0.23585796356201172
0,source,17,0.9365985989570618,0.3888736963272095
0,source,18,0.9097514748573303,0.4318404197692871
0,source,19,1.0769376754760742,0.4865701198577881
0,source,20,0.9841094613075256,0.4132378101348877
0,source,21,0.9410329461097717,0.3917653560638428
0,source,22,1.021667242050171,0.24321186542510986
0,source,23,0.8728002905845642,0.12841784954071045
0,source,24,0.9160458445549011,0.0629427433013916
0,source,25,0.8406850695610046,0.17895066738128662
0,source,26,0.83123379945755,-0.05709803104400635
0,source,27,0.9159809947013855,-0.10472190380096436
0,source,28,0.8285730481147766,-0.03670799732208252
0,source,29,0.8987590670585632,0.005912423133850098
0,source,30,0.8625487685203552,0.11256253719329834
0,source,31,0.8894878029823303,0.0667886734008789
0,source,32,0.8209003806114197,0.22498643398284912
0,source,33,0.8550024628639221,0.11166691780090332
0,source,34,0.7322960495948792,0.08107006549835205
0,source,35,0.5876522660255432,0.06506001949310303
0,source,36,0.6220977902412415,0.05063354969024658
0,source,37,0.6940024495124817,-0.10472607612609863
0,source,38,0.7273312211036682,-0.21420300006866455
0,source,39,0.7489297986030579,-0.2508021593093872
0,source,40,0.7212260365486145,-0.20479321479797363
0,source,41,0.8672485947608948,-0.19588816165924072
0,source,42,0.8586122393608093,-0.29821133613586426
0,source,43,0.7342919707298279,-0.20385229587554932
0,source,44,0.8625643849372864,-0.10479366779327393
0,source,45,0.8228530287742615,0.06400179862976074
0,source,46,0.6975342631340027,0.09097814559936523
0,source,47,0.6858753561973572,0.1561427116394043
0,source,48,0.7788699269294739,0.23186635971069336
0,source,49,0.8772434592247009,0.2516576051712036
0,source,50,0.9014374613761902,0.3205530643463135
0,source,51,0.8220915198326111,0.29334986209869385
0,source,52,0.7175241112709045,0.3379793167114258
0,source,53,0.7293280959129333,0.31306540966033936
0,source,54,0.5377876162528992,0.3509671688079834
0,source,55,0.5813437104225159,0.43247151374816895
0,source,56,0.4553537964820862,0.08602237701416016
0,source,57,0.6665566563606262,0.08710837364196777
0,source,58,0.6605353951454163,0.07320666313171387
0,source,59,0.8054699301719666,0.03782296180725098
0,source,60,0.8014455437660217,-0.11176753044128418
0,source,61,0.8640350699424744,-0.1868799924850464
0,source,62,1.0075030326843262,-0.36801576614379883
0,source,63,0.989468514919281,-0.3192189931869507
0,target,0,-1.2832454442977905,0.7263474464416504
0,target,1,-1.4688036441802979,-0.08946990966796875
0,target,2,-0.6834118962287903,-0.8328337669372559
0,target,3,-0.892733097076416,-0.714984118938446
0,target,4,-0.4585005044937134,-0.24936175346374512
0,target,5,-0.5611826181411743,-0.2619481086730957
0,target,6,-0.6310840249061584,-0.7951609492301941
0,target,7,-0.6554974317550659,-1.1386852264404297
0,target,8,-0.5617632865905762,-1.062085747718811
0,target,9,-0.932418942451477,0.0467989444732666
0,target,10,-0.7472237348556519,-0.29789257049560547
0,target,11,-0.990853488445282,-0.7094932198524475
0,target,12,-0.7107000350952148,-0.7552436590194702
0,target,13,-0.54599529504776,-0.09385991096496582
0,target,14,-0.5718544125556946,0.17263078689575195
0,target,15,-0.29205673933029175,-0.5005192756652832
0,target,16,-0.5003933906555176,0.08988010883331299
0,target,17,-0.4544834494590759,-0.12815749645233154
0,target,18,-0.5019055008888245,-0.8937869071960449
0,target,19,-0.9221629500389099,-0.7148515582084656
0,target,20,-0.6457985043525696,-1.0778205394744873
0,target,21,-0.4407464861869812,-1.3257639408111572
0,target,22,-0.9073904156684875,-0.5440191030502319
0,target,23,-0.9564021825790405,-0.22701871395111084
0,target,24,-0.8817551732063293,-0.7733352780342102
0,target,25,-0.9754607677459717,-0.19320738315582275
0,target,26,-1.1354334354400635,-0.6074606776237488
0,target,27,-0.9411705732345581,-0.49893879890441895
0,target,28,-0.634467363357544,-0.3906064033508301
0,target,29,-0.6853657364845276,0.38397717475891113
0,target,30,-0.14241254329681396,0.06523120403289795
0,target,31,-0.8487300872802734,-0.8685294389724731
0,target,32,-0.775560200214386,-0.7000466585159302
0,target,33,-0.291799932718277,-1.405752420425415
0,target,34,-0.38051116466522217,-0.8321114778518677
0,target,35,-0.3369213938713074,-1.1623810529708862
0,target,36,-0.6384903192520142,-0.9650243520736694
0,target,37,-0.46227845549583435,-1.182264804840088
0,target,38,-0.5728614330291748,-1.188249945640564
0,target,39,-0.5286844372749329,-0.9974504709243774
0,target,40,-1.1299655437469482,-0.018918156623840332
0,target,41,-0.9942964315414429,0.5393533706665039
0,target,42,-0.32809457182884216,-0.6662615537643433
0,target,43,-0.0951043963432312,-0.3913257122039795
0,target,44,-0.09323132038116455,-0.6531646847724915
0,target,45,-0.16429045796394348,-0.6225659251213074
0,target,46,-1.2317683696746826,1.020498514175415
0,target,47,-1.0563195943832397,0.9941747188568115
0,target,48,-1.3471883535385132,1.1398861408233643
0,target,49,-1.2268397808074951,1.0540058612823486
0,target,50,-1.330690860748291,1.108530044555664
0,target,51,-0.8810980319976807,0.45946526527404785
0,target,52,-0.9675502181053162,0.8422701358795166
0,target,53,-1.2811906337738037,0.689502477645874
0,target,54,-1.062777042388916,-0.05124664306640625
0,target,55,-1.1079859733581543,0.5855264663696289
0,target,56,-1.407202959060669,1.1734035015106201
0,target,57,-1.160815715789795,1.1101524829864502
0,target,58,-1.2184760570526123,0.990556001663208
0,target,59,-1.2487682104110718,1.0999398231506348
0,target,60,-1.1061078310012817,1.079810619354248
0,target,61,-1.25446355342865,1.2622745037078857
0,target,62,-0.6113165020942688,1.1695048809051514
0,target,63,-1.1294195652008057,1.230614423751831
1,source,0,0.5157261490821838,-2.0995540618896484
1,source,1,0.613117516040802,-2.239989995956421
1,source,2,0.693775475025177,-2.274746894836426
1,source,3,0.8518555760383606,-2.2999258041381836
1,source,4,0.7700353264808655,-2.164485454559326
1,source,5,0.8615546822547913,-2.179786443710327
1,source,6,0.9638199210166931,-2.0903520584106445
1,source,7,0.9431348443031311,-2.1066620349884033
1,source,8,1.1355860233306885,-2.241164207458496
1,source,9,1.384617805480957,-2.3382692337036133
1,source,10,1.4720845222473145,-2.4041635990142822
1,source,11,1.2078361511230469,-2.2952394485473633
1,source,12,0.9300945401191711,-2.1625096797943115
1,source,13,0.8141371607780457,-2.215740442276001
1,source,14,1.0118224620819092,-2.280449867248535
1,source,15,1.1665465831756592,-2.36378812789917
1,source,16,1.1860556602478027,-2.282346487045288
1,source,17,1.193903923034668,-2.3236708641052246
1,source,18,1.0332472324371338,-2.330052137374878
1,source,19,1.1769509315490723,-2.296220302581787
1,source,20,1.2708008289337158,-2.213963508605957
1,source,21,1.0761234760284424,-2.2376291751861572
1,source,22,1.1164650917053223,-2.3387346267700195
1,source,23,1.07254958152771,-2.4810895919799805
1,source,24,1.1293787956237793,-2.578544855117798
1,source,25,0.9061593413352966,-2.3988442420959473
1,source,26,0.910114586353302,-2.4637866020202637
1,source,27,1.0802075862884521,-2.6302053928375244
1,source,28,0.9796727299690247,-2.542362689971924
1,source,29,1.1292979717254639,-2.582693338394165
1,source,30,1.0532586574554443,-2.4444432258605957
1,source,31,0.9798950552940369,-2.4314277172088623
1,source,32,0.8987886309623718,-2.3255107402801514
1,source,33,0.9541733860969543,-2.469691753387451
1,source,34,0.9301206469535828,-2.3683199882507324
1,source,35,0.940006673336029,-2.4681785106658936
1,source,36,1.0168004035949707,-2.5617055892944336
1,source,37,1.108966588973999,-2.563868284225464
1,source,38,1.1512222290039062,-2.678378105163574
1,source,39,1.3183605670928955,-2.681835889816284
1,source,40,1.1361489295959473,-2.638331890106201
1,source,41,1.2341327667236328,-2.6822080612182617
1,source,42,1.4346237182617188,-2.737637758255005
1,source,43,1.0918278694152832,-2.695202112197876
1,source,44,1.2526586055755615,-2.55734920501709
1,source,45,1.3454747200012207,-2.514676570892334
1,source,46,1.2113497257232666,-2.508706569671631
1,source,47,1.0723683834075928,-2.4180967807769775
1,source,48,1.1237218379974365,-2.3912718296051025
1,source,49,1.0198719501495361,-2.3018617630004883
1,source,50,0.9762809872627258,-2.257966995239258
1,source,51,0.8951554894447327,-2.166555166244507
1,source,52,0.8219037652015686,-2.1168558597564697
1,source,53,0.8737805485725403,-2.1588938236236572
1,source,54,0.6403788924217224,-2.1748175621032715
1,source,55,0.6260709166526794,-2.163353443145752
1,source,56,0.7286974787712097,-2.3520658016204834
1,source,57,0.8773005604743958,-2.4747397899627686
1,source,58,0.8408706784248352,-2.379221200942993
1,source,59,0.9153884053230286,-2.3738222122192383
1,source,60,0.9637836813926697,-2.4394145011901855
1,source,61,1.1707336902618408,-2.3758416175842285
1,source,62,1.5745296478271484,-2.5193166732788086
1,source,63,1.687140703201294,-2.6260828971862793
1,target,0,-0.6129040122032166,-1.6763617992401123
1,target,1,-0.49283671379089355,-2.5217068195343018
1,target,2,-0.11616802215576172,-2.956453800201416
1,target,3,-0.001969456672668457,-2.3914456367492676
1,target,4,-0.2908889949321747,-2.483350992202759
1,target,5,-0.42663639783859253,-2.6205227375030518
1,target,6,-0.30819180607795715,-2.8596646785736084
1,target,7,-0.07820719480514526,-2.875936985015869
1,target,8,0.0011653304100036621,-3.1142520904541016
1,target,9,-0.3774736821651459,-2.029780626296997
1,target,10,-0.20635578036308289,-2.1842710971832275
1,target,11,-0.3807912766933441,-2.5962250232696533
1,target,12,-0.05485820770263672,-2.351367950439453
1,target,13,-0.266497939825058,-2.408590078353882
1,target,14,-0.4428636431694031,-2.504392385482788
1,target,15,-0.24910381436347961,-2.4103057384490967
1,target,16,-0.10627889633178711,-2.2852942943573
1,target,17,-0.25639963150024414,-2.5893919467926025
1,target,18,-0.23193839192390442,-2.6614089012145996
1,target,19,-0.4210859537124634,-2.5531105995178223
1,target,20,-0.3971744179725647,-2.675649642944336
1,target,21,-0.19045963883399963,-2.8148980140686035
1,target,22,-0.5103864669799805,-2.561908721923828
1,target,23,-0.30294767022132874,-2.5417556762695312
1,target,24,-0.46157294511795044,-2.561396598815918
1,target,25,-0.3897276520729065,-2.575448989868164
1,target,26,-0.17546141147613525,-1.7987418174743652
1,target,27,-0.18487811088562012,-2.5189266204833984
1,target,28,-0.23717492818832397,-2.3695859909057617
1,target,29,-0.06020236015319824,-2.44889760017395
1,target,30,-0.09532594680786133,-2.318556308746338
1,target,31,0.24625426530838013,-3.0145084857940674
1,target,32,0.015879690647125244,-2.6849770545959473
1,target,33,0.11147940158843994,-2.8402161598205566
1,target,34,0.33561140298843384,-2.46640682220459
1,target,35,-0.13413399457931519,-2.220647096633911
1,target,36,0.055172085762023926,-3.0474143028259277
1,target,37,-0.06576758623123169,-2.2360827922821045
1,target,38,-0.05925798416137695,-2.543881893157959
1,target,39,-0.30072730779647827,-2.8097405433654785
1,target,40,-0.44173914194107056,-2.213604211807251
1,target,41,-0.3660638630390167,-2.199838399887085
1,target,42,0.4925016760826111,-2.84883451461792
1,target,43,0.4520874619483948,-2.260047435760498
1,target,44,0.6385720372200012,-2.9182701110839844
1,target,45,0.26069819927215576,-2.655073881149292
1,target,46,-0.3882748484611511,-1.2880240678787231
1,target,47,-0.11784863471984863,-1.4325982332229614
1,target,48,-0.3207014501094818,-1.3877233266830444
1,target,49,-0.4454996883869171,-1.0363233089447021
1,target,50,-0.572680652141571,-2.0246193408966064
1,target,51,-0.048961520195007324,-2.2404744625091553
1,target,52,-0.4604773223400116,-2.0661935806274414
1,target,53,-0.35749703645706177,-2.1178739070892334
1,target,54,-0.14775535464286804,-2.3453731536865234
1,target,55,-0.4247255027294159,-1.9740865230560303
1,target,56,-0.3119312822818756,-1.5409315824508667
1,target,57,-0.32423147559165955,-2.1307742595672607
1,target,58,-0.35291144251823425,-1.9619089365005493
1,target,59,-0.42248445749282837,-1.7850995063781738
1,target,60,-0.3664138615131378,-1.729888677597046
1,target,61,-0.310761421918869,-1.806447982788086
1,target,62,-0.21476560831069946,-1.767045497894287
1,target,63,-0.26528674364089966,-1.6379090547561646
2,source,0,0.48157447576522827,-1.9847720861434937
2,source,1,0.6983985304832458,-1.9774281978607178
2,source,2,0.8647869229316711,-2.0226426124572754
2,source,3,0.9771679043769836,-1.9598486423492432
2,source,4,0.8075835108757019,-1.9345192909240723
2,source,5,0.8408761620521545,-1.8936104774475098
2,source,6,1.1114294528961182,-1.85456383228302
2,source,7,1.0335814952850342,-1.8111106157302856
2,source,8,0.9500288367271423,-2.10626482963562
2,source,9,1.4458649158477783,-2.1911182403564453
2,source,10,1.730766773223877,-2.3111016750335693
2,source,11,1.431891679763794,-2.189828634262085
2,source,12,0.8180646300315857,-2.211059093475342
2,source,13,0.67118901014328,-2.1123287677764893
2,source,14,1.183901309967041,-2.414398670196533
2,source,15,1.1678576469421387,-2.3736162185668945
2,source,16,1.1695277690887451,-2.217804431915283
2,source,17,1.1037533283233643,-2.296132802963257
2,source,18,1.058800220489502,-2.3182544708251953
2,source,19,1.2727000713348389,-2.3496198654174805
2,source,20,1.24155592918396,-2.1691794395446777
2,source,21,1.3568317890167236,-2.2613866329193115
2,source,22,1.219175100326538,-2.424274206161499
2,source,23,1.151111125946045,-2.515162706375122
2,source,24,1.276137351989746,-2.6202940940856934
2,source,25,0.7418978810310364,-2.4881081581115723
2,source,26,0.8434322476387024,-2.5497183799743652
2,source,27,1.1385512351989746,-2.73362398147583
2,source,28,1.0409069061279297,-2.712728500366211
2,source,29,0.976841390132904,-2.6310811042785645
2,source,30,1.0387945175170898,-2.3822691440582275
2,source,31,0.9457579255104065,-2.2496984004974365
2,source,32,0.829563319683075,-2.1771082878112793
2,source,33,0.865696370601654,-2.2651617527008057
2,source,34,0.869956910610199,-2.2413463592529297
2,source,35,0.8572543263435364,-2.3169944286346436
2,source,36,0.9852870106697083,-2.414973497390747
2,source,37,0.9806599020957947,-2.4236502647399902
2,source,38,1.030642032623291,-2.4201841354370117
2,source,39,1.1198835372924805,-2.433953285217285
2,source,40,0.9114347100257874,-2.3035166263580322
2,source,41,1.2719244956970215,-2.405792713165283
2,source,42,1.491640567779541,-2.448650360107422
2,source,43,1.2662322521209717,-2.4368250370025635
2,source,44,1.6029503345489502,-2.3504481315612793
2,source,45,1.5780327320098877,-2.287768840789795
2,source,46,1.3805453777313232,-2.2856192588806152
2,source,47,1.1862447261810303,-2.111377239227295
2,source,48,1.1561315059661865,-2.2427027225494385
2,source,49,0.90668123960495,-2.2706363201141357
2,source,50,0.7590616345405579,-2.132192850112915
2,source,51,0.7278243899345398,-2.005186080932617
2,source,52,0.674268901348114,-1.9247469902038574
2,source,53,0.7331331372261047,-1.810838222503662
2,source,54,0.4902661442756653,-2.051062822341919
2,source,55,0.5676823258399963,-1.9780330657958984
2,source,56,0.6236723065376282,-2.1216986179351807
2,source,57,0.7274327874183655,-2.2883400917053223
2,source,58,0.7345127463340759,-2.2874484062194824
2,source,59,0.8576340079307556,-2.294086456298828
2,source,60,0.9513446688652039,-2.417529344558716
2,source,61,1.0673983097076416,-2.40710186958313
2,source,62,1.5052886009216309,-2.7260773181915283
2,source,63,1.567472219467163,-2.7505760192871094
2,target,0,-0.40810614824295044,-1.611114740371704
2,target,1,-0.5481370687484741,-2.684206008911133
2,target,2,-0.003578782081604004,-3.0506505966186523
2,target,3,-0.17885038256645203,-2.196721076965332
2,target,4,-0.07274746894836426,-2.4707584381103516
2,target,5,-0.3318786919116974,-2.7309751510620117
2,target,6,-0.05143648386001587,-2.9275479316711426
2,target,7,0.236181378364563,-2.549466133117676
2,target,8,0.4489167332649231,-2.77180814743042
2,target,9,0.032498717308044434,-1.8416367769241333
2,target,10,0.1183895468711853,-1.900395393371582
2,target,11,0.2362702488899231,-2.620325803756714
2,target,12,0.03830021619796753,-2.3849215507507324
2,target,13,-0.15176019072532654,-2.030388832092285
2,target,14,-0.12545019388198853,-2.3059608936309814
2,target,15,0.3452754616737366,-2.4558606147766113
2,target,16,0.316534161567688,-2.5429959297180176
2,target,17,-0.029133200645446777,-2.385737419128418
2,target,18,-0.2337302267551422,-2.5315566062927246
2,target,19,-0.5970807075500488,-2.0771067142486572
2,target,20,-0.4086992144584656,-2.4562861919403076
2,target,21,-0.14484065771102905,-2.904900074005127
2,target,22,-0.5595192313194275,-2.1771140098571777
2,target,23,-0.32587379217147827,-2.211422920227051
2,target,24,-0.3322688341140747,-2.342205762863159
2,target,25,-0.45325660705566406,-2.6951637268066406
2,target,26,-0.24722933769226074,-2.196711778640747
2,target,27,-0.022190868854522705,-2.649935007095337
2,target,28,0.12695586681365967,-2.876967668533325
2,target,29,-0.04405105113983154,-2.2190864086151123
2,target,30,-0.10439509153366089,-1.9520835876464844
2,target,31,0.5550307631492615,-3.107630491256714
2,target,32,0.2681457996368408,-2.732572078704834
2,target,33,0.8794848322868347,-2.8360390663146973
2,target,34,0.7717339396476746,-2.295853614807129
2,target,35,0.5513953566551208,-2.5884368419647217
2,target,36,0.4792327284812927,-3.1129555702209473
2,target,37,0.5384066700935364,-2.081125259399414
2,target,38,0.39775460958480835,-2.7295894622802734
2,target,39,0.17307275533676147,-2.722938060760498
2,target,40,-0.3716791570186615,-1.8982875347137451
2,target,41,-0.4051473140716553,-1.985084891319275
2,target,42,0.488167941570282,-2.8761119842529297
2,target,43,0.5259173512458801,-2.515040874481201
2,target,44,0.4884949326515198,-2.974308490753174
2,target,45,0.22804498672485352,-2.714053153991699
2,target,46,-0.5302832722663879,-1.0856022834777832
2,target,47,0.1380615234375,-1.096562147140503
2,target,48,-0.3109663128852844,-1.1710212230682373
2,target,49,-0.47498640418052673,-0.7710729241371155
2,target,50,-0.7372832298278809,-1.5175100564956665
2,target,51,0.16364037990570068,-2.0344741344451904
2,target,52,-0.09447348117828369,-1.8842003345489502
2,target,53,-0.14773553609848022,-2.250704288482666
2,target,54,-0.2529226541519165,-2.307912588119507
2,target,55,-0.4043866693973541,-1.6246613264083862
2,target,56,-0.27957502007484436,-1.199009656906128
2,target,57,-0.16961243748664856,-2.0404927730560303
2,target,58,-0.16622939705848694,-1.846725344657898
2,target,59,-0.4688974618911743,-1.569244146347046
2,target,60,-0.3189513385295868,-1.6306686401367188
2,target,61,-0.28490129113197327,-1.4710952043533325
2,target,62,-0.11629623174667358,-1.5698490142822266
2,target,63,-0.34418657422065735,-1.425439715385437
3,source,0,0.4539105296134949,-2.4117579460144043
3,source,1,0.4033887982368469,-2.3184139728546143
3,source,2,0.5244565606117249,-2.2112722396850586
3,source,3,0.5376353859901428,-2.2084596157073975
3,source,4,0.39036911725997925,-2.1055197715759277
3,source,5,0.5433654189109802,-2.0922915935516357
3,source,6,0.6766884922981262,-1.977186679840088
3,source,7,0.6209480166435242,-1.9505584239959717
3,source,8,0.48126572370529175,-2.1103456020355225
3,source,9,0.6881278157234192,-2.311633586883545
3,source,10,0.7553558945655823,-2.4049229621887207
3,source,11,0.6379663348197937,-2.287477970123291
3,source,12,0.38543039560317993,-2.2870476245880127
3,source,13,0.27494239807128906,-2.3028268814086914
3,source,14,0.6518929600715637,-2.586698055267334
3,source,15,0.5801474452018738,-2.527202844619751
3,source,16,0.5780094265937805,-2.4502642154693604
3,source,17,0.5252857804298401,-2.486759662628174
3,source,18,0.4260442852973938,-2.448485851287842
3,source,19,0.6252710223197937,-2.444873809814453
3,source,20,0.5803084969520569,-2.2537307739257812
3,source,21,0.5993922352790833,-2.3997535705566406
3,source,22,0.5414237380027771,-2.4984090328216553
3,source,23,0.41866427659988403,-2.4993696212768555
3,source,24,0.5448164343833923,-2.5223188400268555
3,source,25,0.403856098651886,-2.4374425411224365
3,source,26,0.51290363073349,-2.6408839225769043
3,source,27,0.5893513560295105,-2.740346670150757
3,source,28,0.39098912477493286,-2.6160902976989746
3,source,29,0.3203061819076538,-2.6831111907958984
3,source,30,0.37179630994796753,-2.547910451889038
3,source,31,0.295524001121521,-2.4140641689300537
3,source,32,0.17413967847824097,-2.2842259407043457
3,source,33,0.2552684545516968,-2.3066632747650146
3,source,34,0.2312607765197754,-2.273226499557495
3,source,35,0.2240646481513977,-2.3472325801849365
3,source,36,0.2108253836631775,-2.412151336669922
3,source,37,0.27501916885375977,-2.5623714923858643
3,source,38,0.3628372550010681,-2.568382740020752
3,source,39,0.624007523059845,-2.5870521068573
3,source,40,0.5143337845802307,-2.500168800354004
3,source,41,0.851714551448822,-2.680553913116455
3,source,42,0.8409366011619568,-2.6999735832214355
3,source,43,0.6131862998008728,-2.6595115661621094
3,source,44,0.8035725951194763,-2.5714213848114014
3,source,45,0.8741722702980042,-2.420825481414795
3,source,46,0.9529641270637512,-2.4502158164978027
3,source,47,0.7681829333305359,-2.3733561038970947
3,source,48,0.7738040089607239,-2.5264811515808105
3,source,49,0.5768776535987854,-2.491626024246216
3,source,50,0.42986899614334106,-2.466003179550171
3,source,51,0.42004674673080444,-2.3649473190307617
3,source,52,0.3490862250328064,-2.3322019577026367
3,source,53,0.39407044649124146,-2.228309154510498
3,source,54,0.2578003406524658,-2.4337105751037598
3,source,55,0.20456045866012573,-2.2982656955718994
3,source,56,0.17995619773864746,-2.40488862991333
3,source,57,0.3793380856513977,-2.743730068206787
3,source,58,0.36590784788131714,-2.6833672523498535
3,source,59,0.5238354802131653,-2.6658737659454346
3,source,60,0.49193626642227173,-2.7238588333129883
3,source,61,0.5902774930000305,-2.6684951782226562
3,source,62,0.7255797982215881,-2.841309070587158
3,source,63,0.6360849738121033,-2.7112271785736084
3,target,0,-0.4025263786315918,-1.422369122505188
3,target,1,-0.5011919140815735,-2.701530694961548
3,target,2,-0.11929583549499512,-3.1970572471618652
3,target,3,-0.21608257293701172,-2.1464099884033203
3,target,4,-0.12908971309661865,-2.420199155807495
3,target,5,-0.18104338645935059,-2.621702194213867
3,target,6,0.14668631553649902,-3.107670545578003
3,target,7,0.12813800573349,-2.6669812202453613
3,target,8,0.1122468113899231,-2.8014235496520996
3,target,9,-0.0352778434753418,-1.6540411710739136
3,target,10,0.09638971090316772,-1.6311657428741455
3,target,11,-0.08584821224212646,-2.5362753868103027
3,target,12,-0.13290250301361084,-2.1066155433654785
3,target,13,0.27859658002853394,-1.9322497844696045
3,target,14,-0.013099312782287598,-2.0817248821258545
3,target,15,0.040426671504974365,-2.3363118171691895
3,target,16,-0.11654007434844971,-2.4021363258361816
3,target,17,0.033137619495391846,-2.729145050048828
3,target,18,-0.06967872381210327,-3.0088884830474854
3,target,19,-0.3283395767211914,-2.500209093093872
3,target,20,-0.24955883622169495,-2.7230143547058105
3,target,21,-0.042684853076934814,-3.11832857131958
3,target,22,-0.44913244247436523,-2.3637125492095947
3,target,23,-0.1572342813014984,-2.441636323928833
3,target,24,-0.4254077672958374,-2.4692816734313965
3,target,25,-0.26131850481033325,-2.7325010299682617
3,target,26,-0.19510230422019958,-2.1102612018585205
3,target,27,0.03421890735626221,-2.6973750591278076
3,target,28,-0.15498954057693481,-2.7225422859191895
3,target,29,0.0054479241371154785,-2.4378583431243896
3,target,30,-0.28978678584098816,-2.006946086883545
3,target,31,0.1533220410346985,-3.2838478088378906
3,target,32,0.14881378412246704,-2.9782814979553223
3,target,33,0.235054612159729,-2.8390161991119385
3,target,34,0.2597731947898865,-2.1764111518859863
3,target,35,-0.4226706027984619,-2.1143553256988525
3,target,36,0.13614404201507568,-3.2357592582702637
3,target,37,0.08822208642959595,-1.8014110326766968
3,target,38,-0.08882880210876465,-2.5385282039642334
3,target,39,-0.0043007731437683105,-2.746720314025879
3,target,40,-0.37944820523262024,-2.1198432445526123
3,target,41,-0.3203347325325012,-2.016584873199463
3,target,42,0.16377770900726318,-2.7323896884918213
3,target,43,0.30673372745513916,-2.434821605682373
3,target,44,0.1308860182762146,-2.731628179550171
3,target,45,0.11077982187271118,-2.6814992427825928
3,target,46,-0.5127118825912476,-0.7788437008857727
3,target,47,-0.2530885636806488,-0.9786168336868286
3,target,48,-0.32729294896125793,-1.0904498100280762
3,target,49,-0.44803929328918457,-0.3407106399536133
3,target,50,-0.7479978203773499,-1.3366036415100098
3,target,51,-0.29725006222724915,-2.115118980407715
3,target,52,-0.4289882183074951,-1.695397138595581
3,target,53,-0.27912160754203796,-2.26975417137146
3,target,54,-0.2947622537612915,-2.2404959201812744
3,target,55,-0.2692963778972626,-1.4669214487075806
3,target,56,-0.22056207060813904,-1.3472096920013428
3,target,57,-0.1870085597038269,-1.9954179525375366
3,target,58,-0.21670809388160706,-1.7593252658843994
3,target,59,-0.29810863733291626,-1.3911889791488647
3,target,60,-0.3738879859447479,-1.5939611196517944
3,target,61,-0.373045951128006,-1.4464237689971924
3,target,62,-0.16972309350967407,-1.493391752243042
3,target,63,-0.3361559808254242,-1.3038029670715332
4,source,0,0.6715057492256165,-1.576340675354004
4,source,1,0.8154212832450867,-1.6446624994277954
4,source,2,0.8608123660087585,-1.5346966981887817
4,source,3,0.8580659031867981,-1.514597773551941
4,source,4,0.5441135764122009,-1.4309462308883667
4,source,5,0.7013179659843445,-1.4690375328063965
4,source,6,0.9487654566764832,-1.386594295501709
4,source,7,0.8148779273033142,-1.451856255531311
4,source,8,0.7400770783424377,-1.6048357486724854
4,source,9,0.9634738564491272,-1.632741928100586
4,source,10,1.1031951904296875,-1.7911357879638672
4,source,11,0.921750009059906,-1.609689712524414
4,source,12,0.5616447329521179,-1.7932463884353638
4,source,13,0.7174717783927917,-1.8045967817306519
4,source,14,1.1040050983428955,-2.075988531112671
4,source,15,1.2043769359588623,-1.982888102531433
4,source,16,0.9693500399589539,-1.814996361732483
4,source,17,0.878301203250885,-1.7998430728912354
4,source,18,0.7790359854698181,-1.780593991279602
4,source,19,0.8115053772926331,-1.8139488697052002
4,source,20,0.7676615118980408,-1.6299222707748413
4,source,21,0.8049229979515076,-1.7779518365859985
4,source,22,0.6807203888893127,-1.9419933557510376
4,source,23,0.636336624622345,-1.892639398574829
4,source,24,0.5199370980262756,-1.8837389945983887
4,source,25,0.35154545307159424,-1.8173856735229492
4,source,26,0.5080644488334656,-2.0015249252319336
4,source,27,0.7590871453285217,-2.1063575744628906
4,source,28,0.7540846467018127,-1.9730701446533203
4,source,29,0.754795491695404,-1.9978554248809814
4,source,30,0.6694591641426086,-1.6153655052185059
4,source,31,0.6552669405937195,-1.3987879753112793
4,source,32,0.6990775465965271,-1.4120571613311768
4,source,33,0.6272367835044861,-1.5329030752182007
4,source,34,0.6384977698326111,-1.4744477272033691
4,source,35,0.537585437297821,-1.4970180988311768
4,source,36,0.630757749080658,-1.6510299444198608
4,source,37,0.7098116278648376,-1.829073190689087
4,source,38,0.9949410557746887,-1.8821487426757812
4,source,39,1.0579462051391602,-1.8788578510284424
4,source,40,0.9665332436561584,-1.8131210803985596
4,source,41,1.4686477184295654,-2.142566680908203
4,source,42,1.5800666809082031,-2.1556038856506348
4,source,43,1.342463493347168,-2.0472681522369385
4,source,44,1.3708980083465576,-1.9264717102050781
4,source,45,1.4130496978759766,-1.775953769683838
4,source,46,1.1249768733978271,-1.8079020977020264
4,source,47,1.1738247871398926,-1.7768795490264893
4,source,48,1.1203720569610596,-1.9351178407669067
4,source,49,0.841012179851532,-1.8065054416656494
4,source,50,0.7192348837852478,-1.6559499502182007
4,source,51,0.7439257502555847,-1.540718674659729
4,source,52,0.6166195273399353,-1.4924194812774658
4,source,53,0.72361820936203,-1.4448308944702148
4,source,54,0.661621630191803,-1.6859601736068726
4,source,55,0.6607716679573059,-1.5458616018295288
4,source,56,0.585260808467865,-1.7377369403839111
4,source,57,0.8253145813941956,-2.0928239822387695
4,source,58,0.8568325638771057,-2.1555678844451904
4,source,59,0.8865745663642883,-2.04079532623291
4,source,60,0.9634655117988586,-2.21087908744812
4,source,61,1.061225414276123,-2.0954208374023438
4,source,62,1.2926266193389893,-2.30883526802063
4,source,63,1.1214168071746826,-2.216432571411133
4,target,0,-0.6089056134223938,-0.6890642046928406
4,target,1,-0.7290666699409485,-2.116255283355713
4,target,2,-0.4015270173549652,-2.5557830333709717
4,target,3,-0.22659140825271606,-1.63953697681427
4,target,4,-0.10700583457946777,-2.1253960132598877
4,target,5,-0.4405052661895752,-2.531081438064575
4,target,6,0.068462073802948,-2.736646890640259
4,target,7,-0.04952484369277954,-2.2095541954040527
4,target,8,0.2430475950241089,-2.5580625534057617
4,target,9,-0.2879347801208496,-1.4251108169555664
4,target,10,-0.08954977989196777,-1.3033527135849
4,target,11,-0.1982678771018982,-1.961440086364746
4,target,12,-0.044105589389801025,-1.7729092836380005
4,target,13,-0.09568685293197632,-1.7589467763900757
4,target,14,-0.23460501432418823,-1.9610079526901245
4,target,15,0.1928580403327942,-2.2069344520568848
4,target,16,-0.03282272815704346,-2.366041660308838
4,target,17,-0.20641443133354187,-2.426327705383301
4,target,18,-0.26183903217315674,-2.467205047607422
4,target,19,-0.6744986772537231,-1.7240456342697144
4,target,20,-0.5261626243591309,-2.490389823913574
4,target,21,-0.0252993106842041,-2.2480719089508057
4,target,22,-0.5999196767807007,-1.9574177265167236
4,target,23,-0.31853342056274414,-1.7736629247665405
4,target,24,-0.5849982500076294,-2.0039408206939697
4,target,25,-0.32342439889907837,-2.212416648864746
4,target,26,-0.2692168951034546,-1.4682908058166504
4,target,27,-0.0968051552772522,-2.0769548416137695
4,target,28,-0.024134576320648193,-2.2693841457366943
4,target,29,-0.29493021965026855,-2.038423538208008
4,target,30,-0.14153754711151123,-1.6964068412780762
4,target,31,0.15409529209136963,-2.8451881408691406
4,target,32,0.12006980180740356,-2.54831862449646
4,target,33,0.2603904604911804,-2.8504281044006348
4,target,34,0.1380797028541565,-1.815399169921875
4,target,35,0.019245564937591553,-2.07143497467041
4,target,36,0.21993178129196167,-3.0043861865997314
4,target,37,-0.08120191097259521,-1.5817289352416992
4,target,38,-0.15417271852493286,-2.3851757049560547
4,target,39,-0.03343242406845093,-2.523594379425049
4,target,40,-0.5878339409828186,-1.6098934412002563
4,target,41,-0.5094870328903198,-1.547724962234497
4,target,42,0.5190462470054626,-2.0283701419830322
4,target,43,0.571384847164154,-1.2393670082092285
4,target,44,0.465809166431427,-2.0797598361968994
4,target,45,0.4678265452384949,-1.7314337491989136
4,target,46,-0.5991596579551697,0.14268481731414795
4,target,47,-0.3950539231300354,-0.5255396366119385
4,target,48,-0.5262609720230103,-0.6683497428894043
4,target,49,-0.6067524552345276,0.6580748558044434
4,target,50,-0.8131552338600159,-0.8282214999198914
4,target,51,-0.339511901140213,-1.7532994747161865
4,target,52,-0.3989219069480896,-1.4265100955963135
4,target,53,-0.377152681350708,-1.7705104351043701
4,target,54,-0.3616813123226166,-2.0208899974823
4,target,55,-0.3979538679122925,-1.1986333131790161
4,target,56,-0.34572556614875793,-0.8393845558166504
4,target,57,-0.29945069551467896,-1.4389088153839111
4,target,58,-0.3220260739326477,-1.2873138189315796
4,target,59,-0.4850187301635742,-1.038506031036377
4,target,60,-0.47163426876068115,-1.2259594202041626
4,target,61,-0.4264400601387024,-1.0068113803863525
4,target,62,-0.3418956696987152,-1.1373838186264038
4,target,63,-0.4451112747192383,-0.7641952633857727
5,source,0,0.3032432794570923,-1.4747810363769531
5,source,1,0.2996278405189514,-1.4985036849975586
5,source,2,0.45470744371414185,-1.4172495603561401
5,source,3,0.44496768712997437,-1.3198721408843994
5,source,4,0.3207365870475769,-1.2894563674926758
5,source,5,0.37647050619125366,-1.1703801155090332
5,source,6,0.4122353196144104,-1.2021100521087646
5,source,7,0.3619994521141052,-1.2722456455230713
5,source,8,0.37816232442855835,-1.4827078580856323
5,source,9,0.3812885880470276,-1.6097711324691772
5,source,10,0.43274515867233276,-1.712803840637207
5,source,11,0.39691561460494995,-1.5488746166229248
5,source,12,0.2037246823310852,-1.7092325687408447
5,source,13,0.18525665998458862,-1.5845812559127808
5,source,14,0.441384494304657,-1.8436393737792969
5,source,15,0.4490148425102234,-1.5522018671035767
5,source,16,0.4889252781867981,-1.4662203788757324
5,source,17,0.4377526640892029,-1.5623974800109863
5,source,18,0.43525129556655884,-1.6207783222198486
5,source,19,0.4504609704017639,-1.557936668395996
5,source,20,0.40340477228164673,-1.4558955430984497
5,source,21,0.4774218201637268,-1.5500253438949585
5,source,22,0.37743037939071655,-1.6014869213104248
5,source,23,0.2714507579803467,-1.5880200862884521
5,source,24,0.3009977340698242,-1.6852562427520752
5,source,25,0.2062731385231018,-1.6145209074020386
5,source,26,0.28047770261764526,-1.7425694465637207
5,source,27,0.4159401059150696,-1.73745858669281
5,source,28,0.3697203993797302,-1.5292314291000366
5,source,29,0.429578959941864,-1.6870660781860352
5,source,30,0.3477602005004883,-1.2865043878555298
5,source,31,0.37837010622024536,-1.1633317470550537
5,source,32,0.35526198148727417,-1.1510084867477417
5,source,33,0.33462291955947876,-1.244205355644226
5,source,34,0.31096601486206055,-1.1907474994659424
5,source,35,0.16170459985733032,-1.3505529165267944
5,source,36,0.27836018800735474,-1.4205422401428223
5,source,37,0.29416507482528687,-1.4609804153442383
5,source,38,0.4229697585105896,-1.556300401687622
5,source,39,0.5228706002235413,-1.6209325790405273
5,source,40,0.3427754044532776,-1.5890873670578003
5,source,41,0.5766101479530334,-1.7987481355667114
5,source,42,0.5887826085090637,-1.8783996105194092
5,source,43,0.5388296246528625,-1.7569698095321655
5,source,44,0.600443422794342,-1.4743551015853882
5,source,45,0.6283687949180603,-1.425518274307251
5,source,46,0.5341021418571472,-1.5306340456008911
5,source,47,0.4698377251625061,-1.5227147340774536
5,source,48,0.46450287103652954,-1.6142635345458984
5,source,49,0.3457452654838562,-1.4446909427642822
5,source,50,0.31244879961013794,-1.3862833976745605
5,source,51,0.27174437046051025,-1.2607431411743164
5,source,52,0.32525932788848877,-1.190024733543396
5,source,53,0.32586586475372314,-1.211377739906311
5,source,54,0.213628888130188,-1.4284725189208984
5,source,55,0.2846645712852478,-1.3365464210510254
5,source,56,0.2764367461204529,-1.4701956510543823
5,source,57,0.3842480778694153,-1.577417016029358
5,source,58,0.37176162004470825,-1.689302921295166
5,source,59,0.3814048171043396,-1.6361948251724243
5,source,60,0.462948739528656,-1.7624760866165161
5,source,61,0.39162224531173706,-1.6484395265579224
5,source,62,0.4748658537864685,-1.795265793800354
5,source,63,0.3858172297477722,-1.876339316368103
5,target,0,-0.6203731298446655,-1.0413669347763062
5,target,1,-0.7333438396453857,-2.4283206462860107
5,target,2,-0.42018839716911316,-2.5481386184692383
5,target,3,-0.26459023356437683,-1.892723798751831
5,target,4,-0.11968028545379639,-2.0342442989349365
5,target,5,-0.2111566960811615,-2.1335599422454834
5,target,6,-0.21023571491241455,-2.616762638092041
5,target,7,-0.13593453168869019,-1.82620370388031
5,target,8,0.003773927688598633,-2.049185276031494
5,target,9,-0.19241827726364136,-1.383934736251831
5,target,10,-0.18359941244125366,-1.5330334901809692
5,target,11,-0.35796087980270386,-2.1276051998138428
5,target,12,-0.06440097093582153,-1.9261006116867065
5,target,13,-0.12732720375061035,-1.658687949180603
5,target,14,-0.24112486839294434,-1.601178526878357
5,target,15,0.1301860213279724,-2.1331942081451416
5,target,16,-0.1384817361831665,-2.201129674911499
5,target,17,-0.2718193233013153,-2.2837941646575928
5,target,18,-0.3300528824329376,-2.3225276470184326
5,target,19,-0.5699830055236816,-2.0145328044891357
5,target,20,-0.5548071265220642,-2.210585355758667
5,target,21,-0.10036575794219971,-2.399468421936035
5,target,22,-0.6008006930351257,-1.995239019393921
5,target,23,-0.4436473846435547,-1.8735963106155396
5,target,24,-0.5493613481521606,-1.9490766525268555
5,target,25,-0.3144959807395935,-2.2733893394470215
5,target,26,-0.16353783011436462,-1.90032160282135
5,target,27,-0.14941507577896118,-2.0552873611450195
5,target,28,0.02759718894958496,-2.1766464710235596
5,target,29,-0.28842979669570923,-1.8439055681228638
5,target,30,-0.17264682054519653,-1.7434331178665161
5,target,31,-0.08113688230514526,-2.7938153743743896
5,target,32,-0.17576783895492554,-2.4108598232269287
5,target,33,-0.14851567149162292,-2.663468360900879
5,target,34,0.042971789836883545,-1.8902132511138916
5,target,35,-0.24558359384536743,-2.104008674621582
5,target,36,-0.024587929248809814,-2.7211225032806396
5,target,37,-0.11117005348205566,-1.7615344524383545
5,target,38,-0.11590403318405151,-2.300412654876709
5,target,39,-0.12338894605636597,-2.283876895904541
5,target,40,-0.48654109239578247,-1.7300375699996948
5,target,41,-0.570214033126831,-1.5768147706985474
5,target,42,-0.025376498699188232,-1.633902668952942
5,target,43,0.17189306020736694,-1.2701849937438965
5,target,44,0.07644015550613403,-1.8780517578125
5,target,45,0.14543509483337402,-1.8668720722198486
5,target,46,-0.4315756559371948,-0.23446214199066162
5,target,47,-0.2649591863155365,-0.7766745686531067
5,target,48,-0.40559691190719604,-0.9381279349327087
5,target,49,-0.3895421028137207,-0.056375861167907715
5,target,50,-0.8050130009651184,-1.1104896068572998
5,target,51,-0.24467629194259644,-1.650367259979248
5,target,52,-0.36064520478248596,-1.4559478759765625
5,target,53,-0.400768518447876,-1.7053165435791016
5,target,54,-0.35299044847488403,-1.9707691669464111
5,target,55,-0.32602471113204956,-1.3393205404281616
5,target,56,-0.33556851744651794,-0.9003362059593201
5,target,57,-0.3621636629104614,-1.408726692199707
5,target,58,-0.3690207898616791,-1.284259557723999
5,target,59,-0.4090215563774109,-1.0981040000915527
5,target,60,-0.4524497985839844,-1.2070610523223877
5,target,61,-0.4276528060436249,-0.9426707625389099
5,target,62,-0.2958761751651764,-1.1448060274124146
5,target,63,-0.4528317451477051,-0.988802969455719
6,source,0,0.30364370346069336,-1.8552578687667847
6,source,1,0.29095661640167236,-1.78664231300354
6,source,2,0.321075439453125,-1.7351269721984863
6,source,3,0.2559560537338257,-1.6984585523605347
6,source,4,0.17941880226135254,-1.5829378366470337
6,source,5,0.16989505290985107,-1.5587575435638428
6,source,6,0.34218645095825195,-1.5841299295425415
6,source,7,0.36270028352737427,-1.6202195882797241
6,source,8,0.33308231830596924,-1.8624296188354492
6,source,9,0.4163838028907776,-1.8323018550872803
6,source,10,0.44037455320358276,-1.9364852905273438
6,source,11,0.4395448565483093,-1.8233286142349243
6,source,12,0.27561718225479126,-1.958818793296814
6,source,13,0.02868419885635376,-1.957154631614685
6,source,14,0.27868175506591797,-2.273338794708252
6,source,15,0.2552329897880554,-1.9649105072021484
6,source,16,0.33607274293899536,-1.8414047956466675
6,source,17,0.353316068649292,-1.920067310333252
6,source,18,0.3598124384880066,-1.9454704523086548
6,source,19,0.3575126528739929,-1.8321996927261353
6,source,20,0.3598460555076599,-1.6475207805633545
6,source,21,0.3650718331336975,-1.8550512790679932
6,source,22,0.2727128863334656,-1.898284673690796
6,source,23,0.242931067943573,-1.8378108739852905
6,source,24,0.36286789178848267,-1.9771335124969482
6,source,25,0.24569779634475708,-1.937752604484558
6,source,26,0.28928542137145996,-2.12178897857666
6,source,27,0.4115179181098938,-2.2345516681671143
6,source,28,0.28223490715026855,-2.0244698524475098
6,source,29,0.28115689754486084,-2.170459270477295
6,source,30,0.11769688129425049,-1.7603809833526611
6,source,31,0.12094992399215698,-1.6551225185394287
6,source,32,0.10937732458114624,-1.6309665441513062
6,source,33,0.05122363567352295,-1.7617419958114624
6,source,34,0.07804811000823975,-1.7917330265045166
6,source,35,0.06607013940811157,-1.9519022703170776
6,source,36,0.17346686124801636,-2.0249948501586914
6,source,37,0.20613694190979004,-2.029473066329956
6,source,38,0.28966426849365234,-2.1680779457092285
6,source,39,0.31643742322921753,-2.1740260124206543
6,source,40,0.23453563451766968,-2.155245542526245
6,source,41,0.39389437437057495,-2.282625198364258
6,source,42,0.462615430355072,-2.2860841751098633
6,source,43,0.43116241693496704,-2.2049448490142822
6,source,44,0.44573718309402466,-2.116885185241699
6,source,45,0.4609825015068054,-1.9558722972869873
6,source,46,0.39213281869888306,-2.0183160305023193
6,source,47,0.38676589727401733,-2.0271670818328857
6,source,48,0.3591112494468689,-2.1170411109924316
6,source,49,0.2601107954978943,-1.9736278057098389
6,source,50,0.23925530910491943,-1.8842509984970093
6,source,51,0.23495131731033325,-1.812596321105957
6,source,52,0.17321938276290894,-1.7664568424224854
6,source,53,0.1081194281578064,-1.6760132312774658
6,source,54,0.1730092167854309,-2.1146206855773926
6,source,55,0.17812860012054443,-2.0391342639923096
6,source,56,0.15372490882873535,-2.060255289077759
6,source,57,0.21783077716827393,-2.1944897174835205
6,source,58,0.2433762550354004,-2.218862295150757
6,source,59,0.3460301160812378,-2.085974931716919
6,source,60,0.4309306740760803,-2.3037538528442383
6,source,61,0.43331271409988403,-2.1339776515960693
6,source,62,0.501115620136261,-2.2906062602996826
6,source,63,0.5338941216468811,-2.3750252723693848
6,target,0,-0.48256540298461914,-1.1993608474731445
6,target,1,-0.6506530046463013,-2.5907084941864014
6,target,2,-0.26379019021987915,-2.8362302780151367
6,target,3,-0.08647662401199341,-1.883599042892456
6,target,4,0.015054404735565186,-2.276237726211548
6,target,5,-0.06988048553466797,-2.5910258293151855
6,target,6,0.11236131191253662,-3.045267343521118
6,target,7,0.06117129325866699,-2.3660714626312256
6,target,8,0.1964430809020996,-2.6339120864868164
6,target,9,-0.034535229206085205,-1.4405131340026855
6,target,10,-0.022693276405334473,-1.6200103759765625
6,target,11,-0.13063055276870728,-2.4507439136505127
6,target,12,0.12619072198867798,-1.9051934480667114
6,target,13,-0.1948375701904297,-1.88234543800354
6,target,14,-0.03792619705200195,-1.9536322355270386
6,target,15,0.07761764526367188,-2.316676616668701
6,target,16,0.061507582664489746,-2.558810234069824
6,target,17,-0.058153748512268066,-2.7616991996765137
6,target,18,-0.10184645652770996,-3.0555524826049805
6,target,19,-0.4083402156829834,-2.2169504165649414
6,target,20,-0.3587011396884918,-2.8003697395324707
6,target,21,0.06638157367706299,-2.7958571910858154
6,target,22,-0.46907109022140503,-2.290614604949951
6,target,23,-0.27172914147377014,-2.0759425163269043
6,target,24,-0.42563068866729736,-2.253626823425293
6,target,25,-0.20747563242912292,-2.681173324584961
6,target,26,-0.00364077091217041,-2.110503673553467
6,target,27,-0.17697691917419434,-2.366774797439575
6,target,28,0.11145812273025513,-2.6259279251098633
6,target,29,-0.09674340486526489,-2.1364784240722656
6,target,30,0.07288658618927002,-2.425457239151001
6,target,31,0.303594172000885,-3.239253520965576
6,target,32,0.1114349365234375,-2.833606243133545
6,target,33,0.02258676290512085,-2.7469959259033203
6,target,34,0.2672131657600403,-1.97511625289917
6,target,35,-0.08145320415496826,-2.3504204750061035
6,target,36,0.09321576356887817,-3.019587516784668
6,target,37,0.05251270532608032,-1.9790035486221313
6,target,38,0.1960812211036682,-2.3703551292419434
6,target,39,-0.05546921491622925,-2.5893008708953857
6,target,40,-0.2529408633708954,-2.0735135078430176
6,target,41,-0.3548412621021271,-1.9120298624038696
6,target,42,0.2600707411766052,-2.2476999759674072
6,target,43,0.25072771310806274,-1.6292355060577393
6,target,44,0.25221705436706543,-2.315499782562256
6,target,45,0.29983270168304443,-2.2822086811065674
6,target,46,-0.6285160183906555,-0.6637358665466309
6,target,47,-0.21502357721328735,-1.1778993606567383
6,target,48,-0.24295973777770996,-1.2011655569076538
6,target,49,-0.5045636296272278,-0.22564661502838135
6,target,50,-0.6457676291465759,-1.3338960409164429
6,target,51,-0.0604780912399292,-2.0869553089141846
6,target,52,-0.27308061718940735,-1.9037201404571533
6,target,53,-0.17250794172286987,-2.188900947570801
6,target,54,-0.07498925924301147,-2.2285518646240234
6,target,55,-0.21623501181602478,-1.5458660125732422
6,target,56,-0.20097434520721436,-1.4669276475906372
6,target,57,-0.23997268080711365,-1.7715858221054077
6,target,58,-0.24769407510757446,-1.7563183307647705
6,target,59,-0.2369539737701416,-1.5072472095489502
6,target,60,-0.1672128438949585,-1.6324529647827148
6,target,61,-0.14448010921478271,-1.4763009548187256
6,target,62,-0.12345945835113525,-1.5211551189422607
6,target,63,-0.2635977864265442,-1.3603821992874146
7,source,0,0.1572779417037964,-1.5786352157592773
7,source,1,0.2069617509841919,-1.5175951719284058
7,source,2,0.20300084352493286,-1.411836862564087
7,source,3,0.10970205068588257,-1.3671082258224487
7,source,4,0.03754913806915283,-1.2777155637741089
7,source,5,-0.0047501325607299805,-1.2552061080932617
7,source,6,0.18506145477294922,-1.2454209327697754
7,source,7,0.12279015779495239,-1.2368708848953247
7,source,8,0.15583699941635132,-1.3970730304718018
7,source,9,0.1908583641052246,-1.3851808309555054
7,source,10,0.27965474128723145,-1.4739288091659546
7,source,11,0.23639237880706787,-1.4749809503555298
7,source,12,-0.01832026243209839,-1.5798990726470947
7,source,13,-0.06411045789718628,-1.6026039123535156
7,source,14,0.061576128005981445,-1.762511134147644
7,source,15,0.13855111598968506,-1.5541852712631226
7,source,16,0.2797010540962219,-1.3973314762115479
7,source,17,0.31417620182037354,-1.4510202407836914
7,source,18,0.34523963928222656,-1.4722528457641602
7,source,19,0.3477456569671631,-1.393029808998108
7,source,20,0.260827898979187,-1.2865266799926758
7,source,21,0.24341559410095215,-1.3942464590072632
7,source,22,0.1939457654953003,-1.5145267248153687
7,source,23,0.11224716901779175,-1.5248827934265137
7,source,24,0.052317023277282715,-1.3980642557144165
7,source,25,0.07791650295257568,-1.717798113822937
7,source,26,0.30344992876052856,-1.9125056266784668
7,source,27,0.4584898352622986,-1.8574621677398682
7,source,28,0.3531631827354431,-1.6713831424713135
7,source,29,0.2650185823440552,-1.6568506956100464
7,source,30,0.26810431480407715,-1.414164423942566
7,source,31,0.19494205713272095,-1.2221120595932007
7,source,32,0.08501267433166504,-1.2270981073379517
7,source,33,0.12039554119110107,-1.318274736404419
7,source,34,0.11165368556976318,-1.3641961812973022
7,source,35,0.010562419891357422,-1.4489070177078247
7,source,36,0.12117397785186768,-1.5799000263214111
7,source,37,0.13484418392181396,-1.612374186515808
7,source,38,0.27416473627090454,-1.7263747453689575
7,source,39,0.19338691234588623,-1.797410249710083
7,source,40,0.10148555040359497,-1.7867426872253418
7,source,41,0.29204899072647095,-1.963346004486084
7,source,42,0.3824155926704407,-1.91217041015625
7,source,43,0.342801034450531,-1.9229304790496826
7,source,44,0.35216403007507324,-1.7409377098083496
7,source,45,0.355060875415802,-1.601166844367981
7,source,46,0.25715816020965576,-1.6790863275527954
7,source,47,0.30247724056243896,-1.6829699277877808
7,source,48,0.20146632194519043,-1.7457292079925537
7,source,49,0.1614322066307068,-1.559497594833374
7,source,50,0.12043118476867676,-1.4259681701660156
7,source,51,0.25484907627105713,-1.2593011856079102
7,source,52,0.13073456287384033,-1.2485921382904053
7,source,53,0.1145828366279602,-1.2774747610092163
7,source,54,0.12203317880630493,-1.4714490175247192
7,source,55,0.09587228298187256,-1.3293967247009277
7,source,56,0.09297370910644531,-1.4934828281402588
7,source,57,0.21413272619247437,-1.7176885604858398
7,source,58,0.2728579044342041,-1.7473737001419067
7,source,59,0.32765644788742065,-1.6537349224090576
7,source,60,0.39081722497940063,-1.8730055093765259
7,source,61,0.3621980547904968,-1.7198486328125
7,source,62,0.4463346600532532,-1.7434836626052856
7,source,63,0.36004215478897095,-1.8326314687728882
7,target,0,-0.7224584221839905,-1.0568194389343262
7,target,1,-0.9174633622169495,-2.26357102394104
7,target,2,-0.6869270205497742,-2.4817962646484375
7,target,3,-0.4730452597141266,-1.8617770671844482
7,target,4,-0.30748000741004944,-2.0744431018829346
7,target,5,-0.20654523372650146,-2.320603609085083
7,target,6,-0.11054229736328125,-2.7041444778442383
7,target,7,-0.08239448070526123,-1.9603242874145508
7,target,8,0.08635497093200684,-2.3234243392944336
7,target,9,-0.21081367135047913,-1.3103547096252441
7,target,10,-0.24739694595336914,-1.4065500497817993
7,target,11,-0.2399178147315979,-1.9747856855392456
7,target,12,-0.14271068572998047,-1.6661615371704102
7,target,13,-0.2552223205566406,-1.7166894674301147
7,target,14,-0.30799663066864014,-1.9487874507904053
7,target,15,-0.13978517055511475,-2.0254483222961426
7,target,16,-0.17609411478042603,-2.1712958812713623
7,target,17,-0.29788938164711,-2.352524995803833
7,target,18,-0.28294485807418823,-2.801858425140381
7,target,19,-0.6867395043373108,-2.0631039142608643
7,target,20,-0.5995925664901733,-2.5157461166381836
7,target,21,-0.08498841524124146,-2.3675036430358887
7,target,22,-0.6043184995651245,-1.9701838493347168
7,target,23,-0.4578455090522766,-1.7253440618515015
7,target,24,-0.5092158317565918,-2.0379443168640137
7,target,25,-0.6221896409988403,-2.198441982269287
7,target,26,-0.2876645624637604,-1.912867546081543
7,target,27,-0.58342444896698,-1.9342641830444336
7,target,28,-0.3459773063659668,-1.7907323837280273
7,target,29,-0.17764043807983398,-2.0951337814331055
7,target,30,-0.03917306661605835,-2.285785675048828
7,target,31,0.260195255279541,-3.0066275596618652
7,target,32,-0.0972490906715393,-2.8123269081115723
7,target,33,-0.17816436290740967,-2.670616626739502
7,target,34,-0.24701181054115295,-1.7331851720809937
7,target,35,-0.27240222692489624,-2.1777515411376953
7,target,36,-0.09899675846099854,-2.92010235786438
7,target,37,-0.2644421458244324,-1.758544921875
7,target,38,-0.25707343220710754,-2.1825032234191895
7,target,39,-0.2893061935901642,-2.3081488609313965
7,target,40,-0.36208322644233704,-1.85060715675354
7,target,41,-0.5165252685546875,-1.5817317962646484
7,target,42,0.0144425630569458,-1.9050836563110352
7,target,43,0.02745729684829712,-1.2360775470733643
7,target,44,0.08166038990020752,-1.6894069910049438
7,target,45,0.17666655778884888,-1.585867166519165
7,target,46,-0.7832735180854797,-0.10898029804229736
7,target,47,-0.41083747148513794,-0.8223139643669128
7,target,48,-0.5120190978050232,-0.7550323605537415
7,target,49,-0.7585157752037048,0.08131885528564453
7,target,50,-0.7233651280403137,-0.8153390288352966
7,target,51,-0.3550816774368286,-1.7827624082565308
7,target,52,-0.6103771924972534,-1.4531208276748657
7,target,53,-0.5125085711479187,-1.9872980117797852
7,target,54,-0.41967886686325073,-2.06132173538208
7,target,55,-0.5107820630073547,-1.3362427949905396
7,target,56,-0.5128368735313416,-0.9378582239151001
7,target,57,-0.4866739809513092,-1.5606623888015747
7,target,58,-0.4179820418357849,-1.5731124877929688
7,target,59,-0.4457998275756836,-1.2164411544799805
7,target,60,-0.5598411560058594,-1.3064634799957275
7,target,61,-0.3653049170970917,-1.0986645221710205
7,target,62,-0.46407246589660645,-1.18035888671875
7,target,63,-0.44491589069366455,-1.0025651454925537
8,source,0,0.38904422521591187,-1.6984463930130005
8,source,1,0.3850436806678772,-1.6897766590118408
8,source,2,0.4185118079185486,-1.5874342918395996
8,source,3,0.33872705698013306,-1.6009072065353394
8,source,4,0.21429795026779175,-1.4049732685089111
8,source,5,0.17087924480438232,-1.2086846828460693
8,source,6,0.27720576524734497,-1.35478675365448
8,source,7,0.24956434965133667,-1.2027592658996582
8,source,8,0.24007362127304077,-1.4293791055679321
8,source,9,0.24347025156021118,-1.493905782699585
8,source,10,0.3229086399078369,-1.541115403175354
8,source,11,0.21318548917770386,-1.3834822177886963
8,source,12,0.01865142583847046,-1.6881123781204224
8,source,13,0.0809469223022461,-1.826767921447754
8,source,14,0.2183893322944641,-1.9809828996658325
8,source,15,0.24411159753799438,-1.7820100784301758
8,source,16,0.20706075429916382,-1.678240180015564
8,source,17,0.1906411051750183,-1.7077157497406006
8,source,18,0.20628756284713745,-1.6148582696914673
8,source,19,0.2284354567527771,-1.6140329837799072
8,source,20,0.19720458984375,-1.4969173669815063
8,source,21,0.16877394914627075,-1.5026357173919678
8,source,22,0.11623096466064453,-1.6317282915115356
8,source,23,0.1025005578994751,-1.5708640813827515
8,source,24,0.03445744514465332,-1.5634527206420898
8,source,25,0.046666085720062256,-1.6422975063323975
8,source,26,0.16004985570907593,-1.912420392036438
8,source,27,0.283064067363739,-1.931071162223816
8,source,28,0.2333166003227234,-1.8112285137176514
8,source,29,0.25429409742355347,-1.8650176525115967
8,source,30,0.2279929518699646,-1.4561922550201416
8,source,31,0.13697552680969238,-1.2598528861999512
8,source,32,0.16443538665771484,-1.3399393558502197
8,source,33,0.13742119073867798,-1.4695286750793457
8,source,34,0.18992668390274048,-1.4803509712219238
8,source,35,0.07308495044708252,-1.5587769746780396
8,source,36,0.21428394317626953,-1.7264528274536133
8,source,37,0.26745277643203735,-1.8273025751113892
8,source,38,0.30696922540664673,-1.9960768222808838
8,source,39,0.33418720960617065,-2.013380765914917
8,source,40,0.27625107765197754,-1.994788646697998
8,source,41,0.49032455682754517,-2.217381477355957
8,source,42,0.5457655787467957,-2.1214795112609863
8,source,43,0.39716237783432007,-2.012136459350586
8,source,44,0.39713889360427856,-1.9651374816894531
8,source,45,0.43094950914382935,-1.8676484823226929
8,source,46,0.32859688997268677,-1.9535373449325562
8,source,47,0.41131919622421265,-1.9020240306854248
8,source,48,0.4879646897315979,-1.9943448305130005
8,source,49,0.3084905743598938,-1.9088363647460938
8,source,50,0.18196511268615723,-1.7374508380889893
8,source,51,0.21085327863693237,-1.3953720331192017
8,source,52,0.12696176767349243,-1.3630043268203735
8,source,53,0.1340915560722351,-1.3522640466690063
8,source,54,0.20748770236968994,-1.701222538948059
8,source,55,0.18318748474121094,-1.573709487915039
8,source,56,0.21288669109344482,-1.6348434686660767
8,source,57,0.2867136001586914,-1.8396410942077637
8,source,58,0.37394970655441284,-1.8087221384048462
8,source,59,0.37113553285598755,-1.7618858814239502
8,source,60,0.42748695611953735,-1.9663739204406738
8,source,61,0.3990861773490906,-1.9462535381317139
8,source,62,0.43475276231765747,-2.005505084991455
8,source,63,0.32030797004699707,-2.039886713027954
8,target,0,-0.577411949634552,-1.0153756141662598
8,target,1,-0.7799922823905945,-2.0382564067840576
8,target,2,-0.42218512296676636,-2.464730739593506
8,target,3,-0.33799442648887634,-1.6835613250732422
8,target,4,-0.19876733422279358,-2.1025304794311523
8,target,5,-0.12619459629058838,-2.4650654792785645
8,target,6,0.1210891604423523,-2.6100986003875732
8,target,7,-0.08794283866882324,-1.9268275499343872
8,target,8,0.1207548975944519,-2.254751682281494
8,target,9,-0.23484647274017334,-1.3632906675338745
8,target,10,-0.202427476644516,-1.432839035987854
8,target,11,-0.17205464839935303,-1.925567865371704
8,target,12,-0.14665824174880981,-1.6507667303085327
8,target,13,-0.24455726146697998,-1.692879319190979
8,target,14,-0.15650328993797302,-1.902222990989685
8,target,15,0.12164604663848877,-2.193765878677368
8,target,16,0.05436462163925171,-2.236464023590088
8,target,17,-0.15321752429008484,-2.314875841140747
8,target,18,-0.24955832958221436,-2.547513484954834
8,target,19,-0.5601873993873596,-1.8866440057754517
8,target,20,-0.5039354562759399,-2.349985361099243
8,target,21,0.13005322217941284,-2.280430316925049
8,target,22,-0.49801984429359436,-1.8811225891113281
8,target,23,-0.40974611043930054,-1.6414892673492432
8,target,24,-0.3581661581993103,-1.9110349416732788
8,target,25,-0.3460400700569153,-2.030451536178589
8,target,26,-0.27928346395492554,-1.717000126838684
8,target,27,-0.3066123425960541,-1.8668813705444336
8,target,28,-0.0861167311668396,-2.2292261123657227
8,target,29,-0.25580117106437683,-1.8813016414642334
8,target,30,-0.11997061967849731,-2.186349868774414
8,target,31,0.21755766868591309,-2.9595649242401123
8,target,32,-0.04576021432876587,-2.585362672805786
8,target,33,-0.1365593671798706,-2.7294979095458984
8,target,34,-0.21509212255477905,-1.7033498287200928
8,target,35,-0.1943770945072174,-2.1197314262390137
8,target,36,-0.011508285999298096,-2.82452392578125
8,target,37,-0.16024065017700195,-1.7719374895095825
8,target,38,-0.2080594003200531,-2.152954339981079
8,target,39,-0.20514383912086487,-2.231372594833374
8,target,40,-0.4553942084312439,-1.631239414215088
8,target,41,-0.4438377320766449,-1.4398281574249268
8,target,42,0.0633285641670227,-1.8540321588516235
8,target,43,0.06885641813278198,-1.2437469959259033
8,target,44,0.11130881309509277,-1.6078708171844482
8,target,45,0.08229035139083862,-1.783372163772583
8,target,46,-0.6344003081321716,-0.5430344343185425
8,target,47,-0.44586822390556335,-0.931818962097168
8,target,48,-0.4485987424850464,-0.8070657253265381
8,target,49,-0.6683422923088074,0.1852041482925415
8,target,50,-0.6183008551597595,-1.0489282608032227
8,target,51,-0.4166141152381897,-1.74295973777771
8,target,52,-0.39150357246398926,-1.4611992835998535
8,target,53,-0.45769527554512024,-1.7417726516723633
8,target,54,-0.36125126481056213,-1.8879259824752808
8,target,55,-0.4933255910873413,-1.217060923576355
8,target,56,-0.49890562891960144,-0.9518940448760986
8,target,57,-0.4845762848854065,-1.3519598245620728
8,target,58,-0.43168962001800537,-1.318925380706787
8,target,59,-0.49720942974090576,-0.9412465691566467
8,target,60,-0.5547417402267456,-1.2010656595230103
8,target,61,-0.46018731594085693,-1.0854721069335938
8,target,62,-0.4360393285751343,-1.26291823387146
8,target,63,-0.4048170745372772,-0.9147834181785583
9,source,0,-0.12620991468429565,-1.3836798667907715
9,source,1,-0.039083778858184814,-1.2849349975585938
9,source,2,0.06219726800918579,-1.2065439224243164
9,source,3,-0.030485212802886963,-1.105997085571289
9,source,4,-0.10805642604827881,-0.927393913269043
9,source,5,-0.1268831491470337,-0.9038885831832886
9,source,6,-0.04776883125305176,-1.0763001441955566
9,source,7,-0.09696120023727417,-1.0472171306610107
9,source,8,-0.10879462957382202,-1.268328070640564
9,source,9,-0.08890360593795776,-1.2666449546813965
9,source,10,-0.0643918514251709,-1.3896132707595825
9,source,11,-0.05941617488861084,-1.2283509969711304
9,source,12,-0.23753252625465393,-1.4840229749679565
9,source,13,-0.30261898040771484,-1.4904705286026
9,source,14,-0.19253358244895935,-1.6220887899398804
9,source,15,-0.07845401763916016,-1.4870089292526245
9,source,16,-0.07122975587844849,-1.4571170806884766
9,source,17,-0.0889124870300293,-1.455767035484314
9,source,18,-0.06041973829269409,-1.346069097518921
9,source,19,-0.08409959077835083,-1.238896131515503
9,source,20,-0.06222647428512573,-1.2098883390426636
9,source,21,-0.10563427209854126,-1.3038733005523682
9,source,22,-0.18469563126564026,-1.3068537712097168
9,source,23,-0.19543051719665527,-1.1656768321990967
9,source,24,-0.22091928124427795,-1.275071144104004
9,source,25,-0.2893385887145996,-1.394034504890442
9,source,26,-0.15724053978919983,-1.5915453433990479
9,source,27,-0.06292790174484253,-1.5806329250335693
9,source,28,-0.0425756573677063,-1.4368634223937988
9,source,29,-0.08499538898468018,-1.617050051689148
9,source,30,-0.15275099873542786,-1.1889936923980713
9,source,31,-0.15633481740951538,-1.05547297000885
9,source,32,-0.2614004909992218,-1.0712502002716064
9,source,33,-0.19774112105369568,-1.1926616430282593
9,source,34,-0.18894702196121216,-1.2413384914398193
9,source,35,-0.2582879960536957,-1.3380091190338135
9,source,36,-0.12246090173721313,-1.4438426494598389
9,source,37,-0.13001590967178345,-1.618313193321228
9,source,38,0.015130281448364258,-1.7576608657836914
9,source,39,-0.07610094547271729,-1.6249765157699585
9,source,40,-0.16113480925559998,-1.7133336067199707
9,source,41,-0.08722132444381714,-1.8434617519378662
9,source,42,-0.008180379867553711,-1.7566702365875244
9,source,43,-0.013119876384735107,-1.6720551252365112
9,source,44,-0.046908020973205566,-1.6766700744628906
9,source,45,-0.007552802562713623,-1.542675256729126
9,source,46,-0.11657774448394775,-1.5599582195281982
9,source,47,-0.022701263427734375,-1.6190990209579468
9,source,48,-0.07083559036254883,-1.5746885538101196
9,source,49,-0.1221766471862793,-1.4835543632507324
9,source,50,-0.1836545765399933,-1.3943175077438354
9,source,51,-0.1250976324081421,-1.1488542556762695
9,source,52,-0.2033141851425171,-1.150557279586792
9,source,53,-0.19355392456054688,-1.1369411945343018
9,source,54,-0.2799344062805176,-1.3533326387405396
9,source,55,-0.2299903929233551,-1.2674033641815186
9,source,56,-0.1657322347164154,-1.3819148540496826
9,source,57,-0.14507699012756348,-1.6097447872161865
9,source,58,-0.06637555360794067,-1.6196519136428833
9,source,59,-0.0510178804397583,-1.6131222248077393
9,source,60,-0.05789220333099365,-1.738250970840454
9,source,61,-0.022853851318359375,-1.6275748014450073
9,source,62,0.041066527366638184,-1.7754874229431152
9,source,63,-0.009535491466522217,-1.8326175212860107
9,target,0,-0.8638680577278137,-0.8617280721664429
9,target,1,-1.1289825439453125,-2.1616692543029785
9,target,2,-0.7121173739433289,-2.5595881938934326
9,target,3,-0.5343848466873169,-1.6491354703903198
9,target,4,-0.5031176805496216,-2.0811259746551514
9,target,5,-0.5180468559265137,-2.1841940879821777
9,target,6,-0.5303148627281189,-2.487877607345581
9,target,7,-0.4142146110534668,-1.7466264963150024
9,target,8,-0.3214375078678131,-1.9995601177215576
9,target,9,-0.34123772382736206,-1.1530147790908813
9,target,10,-0.3134961724281311,-1.303758978843689
9,target,11,-0.48040562868118286,-1.941465139389038
9,target,12,-0.3718715310096741,-1.8020918369293213
9,target,13,-0.528120219707489,-1.4516284465789795
9,target,14,-0.49082404375076294,-1.647081971168518
9,target,15,-0.3544129729270935,-2.042045831680298
9,target,16,-0.35909733176231384,-2.1799569129943848
9,target,17,-0.501029372215271,-2.379906177520752
9,target,18,-0.6079543828964233,-2.5413286685943604
9,target,19,-0.8116119503974915,-2.008096694946289
9,target,20,-0.7997139692306519,-2.3106584548950195
9,target,21,-0.5253831148147583,-2.0197248458862305
9,target,22,-0.7449531555175781,-1.9166725873947144
9,target,23,-0.6157418489456177,-1.6013660430908203
9,target,24,-0.6764475107192993,-1.8765077590942383
9,target,25,-0.614768385887146,-2.2285656929016113
9,target,26,-0.35882824659347534,-1.7118189334869385
9,target,27,-0.48947054147720337,-2.034485101699829
9,target,28,-0.2569003105163574,-2.3604750633239746
9,target,29,-0.49475929141044617,-2.0744009017944336
9,target,30,-0.3062780201435089,-2.116370677947998
9,target,31,-0.23139750957489014,-2.8855676651000977
9,target,32,-0.3559983968734741,-2.6102371215820312
9,target,33,-0.4837620258331299,-2.7507681846618652
9,target,34,-0.33288201689720154,-2.066542625427246
9,target,35,-0.43501460552215576,-2.336402416229248
9,target,36,-0.39823347330093384,-2.831200361251831
9,target,37,-0.3046102225780487,-2.041365385055542
9,target,38,-0.39547595381736755,-2.357578754425049
9,target,39,-0.5122228264808655,-2.412094831466675
9,target,40,-0.6892153024673462,-1.5887566804885864
9,target,41,-0.7482643723487854,-1.2778743505477905
9,target,42,-0.2220137119293213,-1.7489521503448486
9,target,43,-0.20838290452957153,-1.1769591569900513
9,target,44,-0.21990051865577698,-1.5621559619903564
9,target,45,-0.06237924098968506,-1.6094456911087036
9,target,46,-0.8895326852798462,-0.27840185165405273
9,target,47,-0.5894795656204224,-0.9069721698760986
9,target,48,-0.5898975133895874,-0.7696571350097656
9,target,49,-0.8506625890731812,0.23551928997039795
9,target,50,-0.8671497106552124,-0.6605738401412964
9,target,51,-0.5406434535980225,-1.9062433242797852
9,target,52,-0.5904954671859741,-1.5992201566696167
9,target,53,-0.6133840084075928,-1.9232430458068848
9,target,54,-0.5911277532577515,-1.9980658292770386
9,target,55,-0.647075891494751,-1.2276904582977295
9,target,56,-0.5081844329833984,-1.089754581451416
9,target,57,-0.5779774785041809,-1.6174434423446655
9,target,58,-0.5838218331336975,-1.6572390794754028
9,target,59,-0.5288132429122925,-1.0957233905792236
9,target,60,-0.6216884851455688,-1.3855406045913696
9,target,61,-0.585925281047821,-1.3164985179901123
9,target,62,-0.5024694204330444,-1.4651141166687012
9,target,63,-0.5073983073234558,-1.0112935304641724
10,source,0,0.0059964656829833984,-1.3590445518493652
10,source,1,0.011406779289245605,-1.420967698097229
10,source,2,0.002016127109527588,-1.2782161235809326
10,source,3,-0.03923708200454712,-1.2574641704559326
10,source,4,-0.13533854484558105,-1.0814452171325684
10,source,5,-0.1454969048500061,-1.1604362726211548
10,source,6,-0.09020400047302246,-1.2174897193908691
10,source,7,-0.0739777684211731,-1.1717605590820312
10,source,8,-0.0879894495010376,-1.3758293390274048
10,source,9,-0.06027644872665405,-1.3621070384979248
10,source,10,0.0010944008827209473,-1.4398642778396606
10,source,11,-0.06528681516647339,-1.169026494026184
10,source,12,-0.2471407949924469,-1.5992786884307861
10,source,13,-0.20904764533042908,-1.6711838245391846
10,source,14,-0.11560338735580444,-1.7681858539581299
10,source,15,0.04136627912521362,-1.5284960269927979
10,source,16,-0.016415953636169434,-1.4018912315368652
10,source,17,0.024626970291137695,-1.4988689422607422
10,source,18,0.07676678895950317,-1.4817396402359009
10,source,19,0.07276570796966553,-1.4339416027069092
10,source,20,0.009063243865966797,-1.2958425283432007
10,source,21,-0.011446475982666016,-1.5455443859100342
10,source,22,-0.09207874536514282,-1.5845545530319214
10,source,23,-0.13015902042388916,-1.4962811470031738
10,source,24,-0.18606314063072205,-1.4803828001022339
10,source,25,-0.2618810534477234,-1.5868021249771118
10,source,26,-0.17801183462142944,-1.7785041332244873
10,source,27,-0.051373839378356934,-1.747911810874939
10,source,28,-0.00928044319152832,-1.6867520809173584
10,source,29,-0.023518145084381104,-1.7821656465530396
10,source,30,0.04863417148590088,-1.3755826950073242
10,source,31,0.013644635677337646,-1.244009256362915
10,source,32,-0.07420587539672852,-1.1696892976760864
10,source,33,-0.06771212816238403,-1.3903236389160156
10,source,34,-0.05142414569854736,-1.3951325416564941
10,source,35,-0.11454784870147705,-1.4597060680389404
10,source,36,-0.08613032102584839,-1.576684594154358
10,source,37,-0.06921106576919556,-1.680912971496582
10,source,38,-0.001336514949798584,-1.7542784214019775
10,source,39,-0.056075990200042725,-1.7054578065872192
10,source,40,-0.13750803470611572,-1.8331817388534546
10,source,41,-0.12089228630065918,-1.8503139019012451
10,source,42,0.0022166967391967773,-1.8439582586288452
10,source,43,-0.0057370662689208984,-1.739455223083496
10,source,44,-0.014449656009674072,-1.6718785762786865
10,source,45,0.0005548000335693359,-1.544576644897461
10,source,46,-0.12327539920806885,-1.6300897598266602
10,source,47,-0.06274616718292236,-1.6775983572006226
10,source,48,-0.04927480220794678,-1.6807286739349365
10,source,49,-0.14500248432159424,-1.654228925704956
10,source,50,-0.17989245057106018,-1.595638394355774
10,source,51,-0.1331251859664917,-1.3977947235107422
10,source,52,-0.15336200594902039,-1.371966004371643
10,source,53,-0.15600234270095825,-1.2819020748138428
10,source,54,-0.10186320543289185,-1.4887207746505737
10,source,55,-0.16635513305664062,-1.3639754056930542
10,source,56,-0.08720767498016357,-1.4650801420211792
10,source,57,-0.10456222295761108,-1.7181142568588257
10,source,58,0.03182166814804077,-1.785110592842102
10,source,59,-0.002745687961578369,-1.650414228439331
10,source,60,0.06239134073257446,-1.7468101978302002
10,source,61,0.012742459774017334,-1.7123339176177979
10,source,62,0.05723071098327637,-1.7968881130218506
10,source,63,0.0970495343208313,-1.9074965715408325
10,target,0,-0.8634087443351746,-0.8618650436401367
10,target,1,-0.946832537651062,-2.1783180236816406
10,target,2,-0.572300136089325,-2.3853297233581543
10,target,3,-0.4990212917327881,-1.5678869485855103
10,target,4,-0.6088136434555054,-1.899963140487671
10,target,5,-0.6695505976676941,-2.137120246887207
10,target,6,-0.5029524564743042,-2.415719747543335
10,target,7,-0.4022977352142334,-1.8595848083496094
10,target,8,-0.22805944085121155,-2.1058170795440674
10,target,9,-0.37601548433303833,-1.1577494144439697
10,target,10,-0.40867453813552856,-1.419890284538269
10,target,11,-0.5368533134460449,-1.9248075485229492
10,target,12,-0.3510921895503998,-1.640278935432434
10,target,13,-0.5478178858757019,-1.6436468362808228
10,target,14,-0.6102840304374695,-1.770567536354065
10,target,15,-0.42142581939697266,-1.7800968885421753
10,target,16,-0.38330891728401184,-1.8392267227172852
10,target,17,-0.5126254558563232,-2.2376537322998047
10,target,18,-0.5532178282737732,-2.267944574356079
10,target,19,-0.7353405356407166,-2.014347553253174
10,target,20,-0.7620817422866821,-2.2735683917999268
10,target,21,-0.36475470662117004,-2.247366428375244
10,target,22,-0.7490267157554626,-1.9973129034042358
10,target,23,-0.6112097501754761,-1.7092472314834595
10,target,24,-0.6332059502601624,-1.8824702501296997
10,target,25,-0.5933337211608887,-2.195040702819824
10,target,26,-0.4040699005126953,-1.7334601879119873
10,target,27,-0.4136269986629486,-2.010260581970215
10,target,28,-0.1572560966014862,-2.2318451404571533
10,target,29,-0.5217099785804749,-1.914719581604004
10,target,30,-0.31442946195602417,-1.7607648372650146
10,target,31,-0.3351006805896759,-2.723161220550537
10,target,32,-0.3856215476989746,-2.564523220062256
10,target,33,-0.5928170680999756,-2.3192245960235596
10,target,34,-0.39188718795776367,-1.6434458494186401
10,target,35,-0.4730604290962219,-1.9249566793441772
10,target,36,-0.4366040527820587,-2.5055370330810547
10,target,37,-0.38372889161109924,-1.6516594886779785
10,target,38,-0.47491011023521423,-2.0665230751037598
10,target,39,-0.5013734102249146,-2.079289674758911
10,target,40,-0.559260368347168,-1.576518177986145
10,target,41,-0.6473323106765747,-1.4247050285339355
10,target,42,-0.049346983432769775,-1.8383386135101318
10,target,43,-0.1302638053894043,-1.1092853546142578
10,target,44,-0.03020232915878296,-1.5388129949569702
10,target,45,0.06294554471969604,-1.714820146560669
10,target,46,-0.7863738536834717,0.1326887607574463
10,target,47,-0.5638896822929382,-0.8584884405136108
10,target,48,-0.6501460075378418,-0.7718939185142517
10,target,49,-0.7429553866386414,0.7483572959899902
10,target,50,-0.9433870911598206,-0.7888393402099609
10,target,51,-0.5300677418708801,-1.7440941333770752
10,target,52,-0.7513508796691895,-1.3756080865859985
10,target,53,-0.5838701725006104,-1.907019019126892
10,target,54,-0.6231447458267212,-1.836350917816162
10,target,55,-0.6044407486915588,-1.292238712310791
10,target,56,-0.5345453023910522,-1.0647127628326416
10,target,57,-0.6093224883079529,-1.53537118434906
10,target,58,-0.5462992787361145,-1.5889660120010376
10,target,59,-0.5692089796066284,-1.0011250972747803
10,target,60,-0.6911849975585938,-1.2148396968841553
10,target,61,-0.6469348669052124,-1.0015649795532227
10,target,62,-0.586059033870697,-1.2211518287658691
10,target,63,-0.5622130632400513,-0.8490487933158875
11,source,0,-0.11753547191619873,-1.5504242181777954
11,source,1,-0.10849928855895996,-1.5097209215164185
11,source,2,-0.08173412084579468,-1.445153832435608
11,source,3,-0.17978647351264954,-1.4260187149047852
11,source,4,-0.2756385803222656,-1.2231804132461548
11,source,5,-0.2849055528640747,-1.19406259059906
11,source,6,-0.2354617714881897,-1.2580636739730835
11,source,7,-0.29126301407814026,-1.352961540222168
11,source,8,-0.25584086775779724,-1.4857242107391357
11,source,9,-0.2618721127510071,-1.4488481283187866
11,source,10,-0.21252191066741943,-1.4965155124664307
11,source,11,-0.23904743790626526,-1.3797991275787354
11,source,12,-0.4649120271205902,-1.537615180015564
11,source,13,-0.36713850498199463,-1.6169624328613281
11,source,14,-0.28302714228630066,-1.7439032793045044
11,source,15,-0.23205408453941345,-1.5034316778182983
11,source,16,-0.25421473383903503,-1.380858302116394
11,source,17,-0.250543475151062,-1.4340991973876953
11,source,18,-0.22928652167320251,-1.3208427429199219
11,source,19,-0.2146129012107849,-1.356449842453003
11,source,20,-0.2455517053604126,-1.3307123184204102
11,source,21,-0.24270287156105042,-1.4853780269622803
11,source,22,-0.2623234987258911,-1.5976250171661377
11,source,23,-0.30170416831970215,-1.6194208860397339
11,source,24,-0.327558696269989,-1.6828768253326416
11,source,25,-0.4359619915485382,-1.6648067235946655
11,source,26,-0.39009594917297363,-1.6102755069732666
11,source,27,-0.2943381667137146,-1.680051326751709
11,source,28,-0.3193638026714325,-1.5954217910766602
11,source,29,-0.29627251625061035,-1.7660257816314697
11,source,30,-0.27403774857521057,-1.4199272394180298
11,source,31,-0.2569805085659027,-1.332109808921814
11,source,32,-0.2833273708820343,-1.3738216161727905
11,source,33,-0.286801278591156,-1.4874132871627808
11,source,34,-0.29449936747550964,-1.4603440761566162
11,source,35,-0.38323497772216797,-1.5083948373794556
11,source,36,-0.2921784222126007,-1.5831323862075806
11,source,37,-0.2492794692516327,-1.7243375778198242
11,source,38,-0.19045913219451904,-1.7574001550674438
11,source,39,-0.1774131953716278,-1.758742094039917
11,source,40,-0.24016109108924866,-1.7633153200149536
11,source,41,-0.22304478287696838,-1.7945631742477417
11,source,42,-0.17076948285102844,-1.8425352573394775
11,source,43,-0.2286984920501709,-1.746709942817688
11,source,44,-0.2706395983695984,-1.6895140409469604
11,source,45,-0.24074098467826843,-1.5593886375427246
11,source,46,-0.29172635078430176,-1.6173611879348755
11,source,47,-0.22357240319252014,-1.6297950744628906
11,source,48,-0.2547661364078522,-1.6668394804000854
11,source,49,-0.28002282977104187,-1.5998696088790894
11,source,50,-0.29310381412506104,-1.571196436882019
11,source,51,-0.3009701371192932,-1.5376228094100952
11,source,52,-0.29464247822761536,-1.4731429815292358
11,source,53,-0.3379431664943695,-1.340415596961975
11,source,54,-0.24423909187316895,-1.480088472366333
11,source,55,-0.29212677478790283,-1.4631929397583008
11,source,56,-0.23969081044197083,-1.5452333688735962
11,source,57,-0.1585063636302948,-1.767910122871399
11,source,58,-0.12916457653045654,-1.862178087234497
11,source,59,-0.14623406529426575,-1.7419538497924805
11,source,60,-0.13641953468322754,-1.8490610122680664
11,source,61,-0.19690018892288208,-1.7619130611419678
11,source,62,-0.1485022008419037,-1.868170976638794
11,source,63,-0.18532735109329224,-1.8443228006362915
11,target,0,-0.8830142021179199,-0.9529692530632019
11,target,1,-1.096282958984375,-2.0720298290252686
11,target,2,-0.7039545774459839,-2.357285261154175
11,target,3,-0.648817777633667,-1.5758225917816162
11,target,4,-0.5479308366775513,-1.8999567031860352
11,target,5,-0.5616312026977539,-2.1776671409606934
11,target,6,-0.44847744703292847,-2.4939584732055664
11,target,7,-0.489729106426239,-1.744853138923645
11,target,8,-0.41155076026916504,-2.0312769412994385
11,target,9,-0.4812275469303131,-1.1697312593460083
11,target,10,-0.4889640808105469,-1.312971830368042
11,target,11,-0.5921542048454285,-1.8956058025360107
11,target,12,-0.4742400348186493,-1.6363396644592285
11,target,13,-0.6516594290733337,-1.5083872079849243
11,target,14,-0.6184117197990417,-1.609535813331604
11,target,15,-0.5186108946800232,-1.8067830801010132
11,target,16,-0.5219964981079102,-1.9287238121032715
11,target,17,-0.5271472334861755,-2.019869565963745
11,target,18,-0.6264562606811523,-2.2470974922180176
11,target,19,-0.8712340593338013,-1.9976410865783691
11,target,20,-0.7754669189453125,-2.1510109901428223
11,target,21,-0.4425886571407318,-2.219449281692505
11,target,22,-0.7577478885650635,-2.0067689418792725
11,target,23,-0.7168813347816467,-1.719705581665039
11,target,24,-0.7160034775733948,-1.8519287109375
11,target,25,-0.7415273189544678,-2.1286115646362305
11,target,26,-0.5729143619537354,-1.864445686340332
11,target,27,-0.5919931530952454,-2.032506227493286
11,target,28,-0.3247641623020172,-2.0972204208374023
11,target,29,-0.6346799731254578,-1.7331501245498657
11,target,30,-0.36646533012390137,-1.830520749092102
11,target,31,-0.3877933919429779,-2.643404483795166
11,target,32,-0.5167808532714844,-2.486893892288208
11,target,33,-0.3568446636199951,-2.5690722465515137
11,target,34,-0.37600693106651306,-1.6832966804504395
11,target,35,-0.4189249277114868,-2.1947662830352783
11,target,36,-0.5468940734863281,-2.4102513790130615
11,target,37,-0.3808867335319519,-1.8064143657684326
11,target,38,-0.3105250597000122,-2.1263606548309326
11,target,39,-0.5176246762275696,-2.095407485961914
11,target,40,-0.6956057548522949,-1.555179238319397
11,target,41,-0.7435519099235535,-1.4026626348495483
11,target,42,-0.31951579451560974,-1.615628957748413
11,target,43,-0.3795505166053772,-0.9726629257202148
11,target,44,-0.33879831433296204,-1.5333760976791382
11,target,45,-0.2714047133922577,-1.6939961910247803
11,target,46,-0.8324266672134399,-0.10809910297393799
11,target,47,-0.645115315914154,-0.7170941829681396
11,target,48,-0.7881273031234741,-0.6449695229530334
11,target,49,-0.8630449175834656,0.06285297870635986
11,target,50,-0.9274200201034546,-0.9583012461662292
11,target,51,-0.5858286023139954,-1.5904653072357178
11,target,52,-0.7086361050605774,-1.3796327114105225
11,target,53,-0.7568572759628296,-1.6783580780029297
11,target,54,-0.6710648536682129,-1.8387055397033691
11,target,55,-0.7241688966751099,-1.3572367429733276
11,target,56,-0.6978175640106201,-0.9746907949447632
11,target,57,-0.6996074914932251,-1.4223452806472778
11,target,58,-0.713782787322998,-1.4771956205368042
11,target,59,-0.7103540897369385,-0.9791732430458069
11,target,60,-0.7446337342262268,-1.1861426830291748
11,target,61,-0.6881834268569946,-0.872037410736084
11,target,62,-0.5805187225341797,-1.1595516204833984
11,target,63,-0.6888913512229919,-1.0173487663269043
12,source,0,-0.11055684089660645,-1.6017067432403564
12,source,1,-0.10985720157623291,-1.5880528688430786
12,source,2,-0.07095396518707275,-1.565988302230835
12,source,3,-0.11336266994476318,-1.5379685163497925
12,source,4,-0.17251726984977722,-1.3993871212005615
12,source,5,-0.19177275896072388,-1.5031579732894897
12,source,6,-0.07417136430740356,-1.539725422859192
12,source,7,-0.14496773481369019,-1.531695008277893
12,source,8,-0.17886826395988464,-1.7517049312591553
12,source,9,-0.15213125944137573,-1.774418830871582
12,source,10,-0.05495566129684448,-1.8812991380691528
12,source,11,-0.10006314516067505,-1.7921764850616455
12,source,12,-0.3097638785839081,-1.7952055931091309
12,source,13,-0.27940434217453003,-1.8448253870010376
12,source,14,-0.2086784839630127,-1.8934428691864014
12,source,15,-0.18910160660743713,-1.7588533163070679
12,source,16,-0.10525816679000854,-1.6937487125396729
12,source,17,-0.14065957069396973,-1.7229264974594116
12,source,18,-0.14890852570533752,-1.6222058534622192
12,source,19,-0.1602502465248108,-1.5605744123458862
12,source,20,-0.16554853320121765,-1.5780463218688965
12,source,21,-0.1391129493713379,-1.7893282175064087
12,source,22,-0.19026437401771545,-1.869710087776184
12,source,23,-0.29976603388786316,-1.8686459064483643
12,source,24,-0.2585790753364563,-1.8684436082839966
12,source,25,-0.3565959930419922,-1.7361866235733032
12,source,26,-0.26881998777389526,-1.9445152282714844
12,source,27,-0.1834782361984253,-1.9374932050704956
12,source,28,-0.14136576652526855,-1.8663445711135864
12,source,29,-0.15328547358512878,-2.0573978424072266
12,source,30,-0.1731162667274475,-1.6231670379638672
12,source,31,-0.20088568329811096,-1.5236575603485107
12,source,32,-0.24787753820419312,-1.426095724105835
12,source,33,-0.2374855875968933,-1.5155575275421143
12,source,34,-0.26310595870018005,-1.5238912105560303
12,source,35,-0.33358240127563477,-1.53175950050354
12,source,36,-0.28432148694992065,-1.6837916374206543
12,source,37,-0.24562698602676392,-1.7643210887908936
12,source,38,-0.2189261019229889,-1.8476847410202026
12,source,39,-0.17126429080963135,-1.8139314651489258
12,source,40,-0.21188220381736755,-1.7366886138916016
12,source,41,-0.15556958317756653,-1.8710418939590454
12,source,42,-0.09217292070388794,-1.8736178874969482
12,source,43,-0.11790990829467773,-1.8151023387908936
12,source,44,-0.19614192843437195,-1.6694190502166748
12,source,45,-0.1605762541294098,-1.5467298030853271
12,source,46,-0.21185550093650818,-1.6790757179260254
12,source,47,-0.19832777976989746,-1.6093627214431763
12,source,48,-0.18201953172683716,-1.6770578622817993
12,source,49,-0.23692777752876282,-1.6330273151397705
12,source,50,-0.2553901970386505,-1.5642999410629272
12,source,51,-0.22456595301628113,-1.5855543613433838
12,source,52,-0.19488680362701416,-1.5408605337142944
12,source,53,-0.2199159860610962,-1.5374174118041992
12,source,54,-0.18222147226333618,-1.7533639669418335
12,source,55,-0.23360535502433777,-1.7048332691192627
12,source,56,-0.09985989332199097,-1.773909330368042
12,source,57,-0.16280734539031982,-1.9850232601165771
12,source,58,-0.07118791341781616,-1.9765201807022095
12,source,59,-0.07650870084762573,-1.8435606956481934
12,source,60,-0.048690199851989746,-2.022589683532715
12,source,61,-0.07180148363113403,-1.9334958791732788
12,source,62,-0.015323817729949951,-2.025686025619507
12,source,63,-0.08935880661010742,-1.9968488216400146
12,target,0,-0.8447521924972534,-0.9685911536216736
12,target,1,-1.1148786544799805,-2.1497087478637695
12,target,2,-0.7827951312065125,-2.4927213191986084
12,target,3,-0.5770700573921204,-1.7508882284164429
12,target,4,-0.6161514520645142,-2.115499258041382
12,target,5,-0.5659604072570801,-2.500370740890503
12,target,6,-0.4455397129058838,-2.7742576599121094
12,target,7,-0.34057357907295227,-2.084545135498047
12,target,8,-0.3289690315723419,-2.225285053253174
12,target,9,-0.36344996094703674,-1.3043736219406128
12,target,10,-0.3404526710510254,-1.3160697221755981
12,target,11,-0.44545120000839233,-1.9986279010772705
12,target,12,-0.3662451207637787,-1.5956921577453613
12,target,13,-0.5951911211013794,-1.4514169692993164
12,target,14,-0.6355718374252319,-1.626954197883606
12,target,15,-0.37122583389282227,-1.6893353462219238
12,target,16,-0.4556278586387634,-1.9059183597564697
12,target,17,-0.49494844675064087,-2.494508743286133
12,target,18,-0.5597585439682007,-2.7918343544006348
12,target,19,-0.7363142967224121,-2.070634603500366
12,target,20,-0.7666587829589844,-2.594529390335083
12,target,21,-0.4427478015422821,-2.622087240219116
12,target,22,-0.7798525094985962,-2.22507905960083
12,target,23,-0.5584863424301147,-1.7922323942184448
12,target,24,-0.6885784864425659,-2.2085843086242676
12,target,25,-0.6951780319213867,-2.1659491062164307
12,target,26,-0.40423184633255005,-2.002021551132202
12,target,27,-0.52620530128479,-2.054816722869873
12,target,28,-0.3230111598968506,-2.377441167831421
12,target,29,-0.5126145482063293,-2.103217124938965
12,target,30,-0.1813635230064392,-2.1132116317749023
12,target,31,-0.2774812877178192,-2.869292736053467
12,target,32,-0.40808600187301636,-2.886589288711548
12,target,33,-0.47002261877059937,-2.5640199184417725
12,target,34,-0.22829538583755493,-1.520934820175171
12,target,35,-0.5206960439682007,-2.216400146484375
12,target,36,-0.6384648084640503,-2.8056986331939697
12,target,37,-0.44910502433776855,-2.014223098754883
12,target,38,-0.42563578486442566,-2.3291172981262207
12,target,39,-0.4991748034954071,-2.4080567359924316
12,target,40,-0.6862644553184509,-1.8284915685653687
12,target,41,-0.7306088805198669,-1.6400538682937622
12,target,42,-0.18328693509101868,-1.9642534255981445
12,target,43,-0.12436830997467041,-1.4469184875488281
12,target,44,-0.14858511090278625,-1.771432638168335
12,target,45,-0.041735291481018066,-2.010145902633667
12,target,46,-0.855948269367218,-0.28836047649383545
12,target,47,-0.6599218249320984,-1.0939483642578125
12,target,48,-0.7685515880584717,-0.847602128982544
12,target,49,-0.7465910911560059,0.0012063980102539062
12,target,50,-0.9371548891067505,-0.9185494780540466
12,target,51,-0.537388026714325,-1.7995749711990356
12,target,52,-0.6124975085258484,-1.539718508720398
12,target,53,-0.6182947158813477,-1.9679768085479736
12,target,54,-0.6096279621124268,-1.9893395900726318
12,target,55,-0.5796297788619995,-1.380305290222168
12,target,56,-0.4534803032875061,-1.3093616962432861
12,target,57,-0.5347351431846619,-1.6614134311676025
12,target,58,-0.5234124064445496,-1.6611007452011108
12,target,59,-0.49817949533462524,-1.237212896347046
12,target,60,-0.7252703905105591,-1.5011203289031982
12,target,61,-0.6388152241706848,-1.2284481525421143
12,target,62,-0.6163792610168457,-1.5215225219726562
12,target,63,-0.5928729772567749,-1.2081842422485352
13,source,0,-0.23148873448371887,-1.6716148853302002
13,source,1,-0.22970905900001526,-1.6482902765274048
13,source,2,-0.2041723132133484,-1.6567999124526978
13,source,3,-0.28779488801956177,-1.514638900756836
13,source,4,-0.3771679401397705,-1.365216851234436
13,source,5,-0.3654947280883789,-1.4143223762512207
13,source,6,-0.2794216275215149,-1.5107462406158447
13,source,7,-0.2836386561393738,-1.5164474248886108
13,source,8,-0.2784707546234131,-1.7136573791503906
13,source,9,-0.22432270646095276,-1.6257388591766357
13,source,10,-0.1729333996772766,-1.7408034801483154
13,source,11,-0.23724767565727234,-1.6201406717300415
13,source,12,-0.42894473671913147,-1.7846394777297974
13,source,13,-0.4038849472999573,-1.558051586151123
13,source,14,-0.3092273473739624,-1.7669206857681274
13,source,15,-0.271477609872818,-1.5258005857467651
13,source,16,-0.25065574049949646,-1.5015745162963867
13,source,17,-0.2782655358314514,-1.5961980819702148
13,source,18,-0.2748938202857971,-1.501858115196228
13,source,19,-0.3006558120250702,-1.4953104257583618
13,source,20,-0.28382760286331177,-1.421671986579895
13,source,21,-0.28202253580093384,-1.5103520154953003
13,source,22,-0.34828636050224304,-1.6949002742767334
13,source,23,-0.3810165524482727,-1.7469942569732666
13,source,24,-0.4165700078010559,-1.7753851413726807
13,source,25,-0.4106714427471161,-1.9294040203094482
13,source,26,-0.35989493131637573,-1.9444986581802368
13,source,27,-0.28823384642601013,-1.9889142513275146
13,source,28,-0.2722829282283783,-1.857418417930603
13,source,29,-0.30708691477775574,-2.012518882751465
13,source,30,-0.3676115870475769,-1.6488127708435059
13,source,31,-0.41195428371429443,-1.517890214920044
13,source,32,-0.38810551166534424,-1.474979281425476
13,source,33,-0.4255099892616272,-1.5789461135864258
13,source,34,-0.41683387756347656,-1.6425288915634155
13,source,35,-0.47041285037994385,-1.6885956525802612
13,source,36,-0.4563206732273102,-1.8017070293426514
13,source,37,-0.38108012080192566,-1.8483766317367554
13,source,38,-0.3580217957496643,-1.8829691410064697
13,source,39,-0.3037707209587097,-1.896903395652771
13,source,40,-0.38743796944618225,-1.842786192893982
13,source,41,-0.28949248790740967,-1.9659700393676758
13,source,42,-0.21158641576766968,-2.0189452171325684
13,source,43,-0.2419409453868866,-1.924520492553711
13,source,44,-0.30130624771118164,-1.8335554599761963
13,source,45,-0.27708181738853455,-1.6734427213668823
13,source,46,-0.33760595321655273,-1.7095565795898438
13,source,47,-0.2934381067752838,-1.7106497287750244
13,source,48,-0.286015123128891,-1.6741390228271484
13,source,49,-0.4016094207763672,-1.7318737506866455
13,source,50,-0.3871069550514221,-1.6995970010757446
13,source,51,-0.33478155732154846,-1.728431224822998
13,source,52,-0.34253939986228943,-1.7575643062591553
13,source,53,-0.39434781670570374,-1.676737904548645
13,source,54,-0.30546441674232483,-1.8582403659820557
13,source,55,-0.4036250412464142,-1.7649226188659668
13,source,56,-0.34471747279167175,-1.677984595298767
13,source,57,-0.29051917791366577,-1.892836570739746
13,source,58,-0.2645629644393921,-1.9455188512802124
13,source,59,-0.22927594184875488,-1.867336392402649
13,source,60,-0.19674134254455566,-1.9692013263702393
13,source,61,-0.19856882095336914,-1.9058037996292114
13,source,62,-0.1698126196861267,-2.041950225830078
13,source,63,-0.19712042808532715,-2.0405006408691406
13,target,0,-0.8936790227890015,-0.9529942870140076
13,target,1,-1.1291565895080566,-2.2487106323242188
13,target,2,-0.758774995803833,-2.4770588874816895
13,target,3,-0.7381318211555481,-1.7468065023422241
13,target,4,-0.6712808012962341,-2.0773651599884033
13,target,5,-0.7233007550239563,-2.5476789474487305
13,target,6,-0.6052322387695312,-2.7851362228393555
13,target,7,-0.5430974364280701,-1.9092068672180176
13,target,8,-0.5196356177330017,-2.1219141483306885
13,target,9,-0.535822868347168,-1.2701042890548706
13,target,10,-0.5534419417381287,-1.2840588092803955
13,target,11,-0.6411340832710266,-1.9632577896118164
13,target,12,-0.5788122415542603,-1.4770987033843994
13,target,13,-0.691956102848053,-1.5147122144699097
13,target,14,-0.656040370464325,-1.6637591123580933
13,target,15,-0.5230944156646729,-1.8587908744812012
13,target,16,-0.6250706315040588,-2.2179622650146484
13,target,17,-0.6607673764228821,-2.296445369720459
13,target,18,-0.7535367608070374,-2.650144577026367
13,target,19,-0.9020960330963135,-2.072056531906128
13,target,20,-0.8914039731025696,-2.4744198322296143
13,target,21,-0.651021420955658,-2.2896060943603516
13,target,22,-0.8910304307937622,-2.0587844848632812
13,target,23,-0.757260799407959,-1.747744083404541
13,target,24,-0.7796584367752075,-1.9958791732788086
13,target,25,-0.8481374979019165,-2.261136293411255
13,target,26,-0.6640172004699707,-2.04266619682312
13,target,27,-0.63529372215271,-2.207858085632324
13,target,28,-0.4930567443370819,-2.366823673248291
13,target,29,-0.7823946475982666,-1.927520513534546
13,target,30,-0.4080856442451477,-2.1747477054595947
13,target,31,-0.4878085255622864,-2.8237619400024414
13,target,32,-0.6387381553649902,-2.7195067405700684
13,target,33,-0.5072712302207947,-2.4459192752838135
13,target,34,-0.5021145343780518,-1.860479474067688
13,target,35,-0.6273398995399475,-1.9959689378738403
13,target,36,-0.6352249383926392,-2.597356081008911
13,target,37,-0.5091832280158997,-1.9441407918930054
13,target,38,-0.6287410855293274,-2.1090633869171143
13,target,39,-0.6683751344680786,-2.0942280292510986
13,target,40,-0.8611979484558105,-1.6842591762542725
13,target,41,-0.8405256271362305,-1.508131980895996
13,target,42,-0.3721689283847809,-2.0339391231536865
13,target,43,-0.4786376655101776,-1.5097100734710693
13,target,44,-0.334534615278244,-1.8966103792190552
13,target,45,-0.3321382403373718,-1.7745453119277954
13,target,46,-1.0000680685043335,-0.3999929428100586
13,target,47,-0.8148109912872314,-1.1767061948776245
13,target,48,-0.9090673923492432,-0.8973299860954285
13,target,49,-0.8918324708938599,-0.019141554832458496
13,target,50,-0.9463807344436646,-1.0941052436828613
13,target,51,-0.7626455426216125,-1.9596247673034668
13,target,52,-0.8804797530174255,-1.7508150339126587
13,target,53,-0.8417986631393433,-2.082367181777954
13,target,54,-0.7993423342704773,-2.0226645469665527
13,target,55,-0.8125631213188171,-1.5569010972976685
13,target,56,-0.7450162172317505,-1.426727056503296
13,target,57,-0.7942556142807007,-1.7580769062042236
13,target,58,-0.7231265306472778,-1.7176904678344727
13,target,59,-0.7604178190231323,-1.308480143547058
13,target,60,-0.891568660736084,-1.5385817289352417
13,target,61,-0.7883188128471375,-1.3215596675872803
13,target,62,-0.7056885361671448,-1.5754704475402832
13,target,63,-0.7397468090057373,-1.2063488960266113
14,source,0,-0.3594197630882263,-1.3710014820098877
14,source,1,-0.3379364609718323,-1.3178260326385498
14,source,2,-0.31160977482795715,-1.3575958013534546
14,source,3,-0.35031044483184814,-1.2237579822540283
14,source,4,-0.4385920464992523,-1.2087442874908447
14,source,5,-0.44392335414886475,-1.2555276155471802
14,source,6,-0.3869704008102417,-1.3206039667129517
14,source,7,-0.4126777648925781,-1.3062708377838135
14,source,8,-0.4002577066421509,-1.4071769714355469
14,source,9,-0.38774973154067993,-1.3642222881317139
14,source,10,-0.36768680810928345,-1.5045723915100098
14,source,11,-0.37590888142585754,-1.457126259803772
14,source,12,-0.5245728492736816,-1.598219633102417
14,source,13,-0.5186952948570251,-1.4364814758300781
14,source,14,-0.486667275428772,-1.5356037616729736
14,source,15,-0.4443947672843933,-1.3251136541366577
14,source,16,-0.4126278758049011,-1.271132469177246
14,source,17,-0.41142675280570984,-1.3485331535339355
14,source,18,-0.43174946308135986,-1.2273198366165161
14,source,19,-0.49414771795272827,-1.2132664918899536
14,source,20,-0.4880422353744507,-1.131625771522522
14,source,21,-0.47976499795913696,-1.37786066532135
14,source,22,-0.501928985118866,-1.4313547611236572
14,source,23,-0.5268163084983826,-1.4129345417022705
14,source,24,-0.541419267654419,-1.428432822227478
14,source,25,-0.564029335975647,-1.4994261264801025
14,source,26,-0.516299843788147,-1.663596749305725
14,source,27,-0.46813738346099854,-1.6075516939163208
14,source,28,-0.49283289909362793,-1.5601669549942017
14,source,29,-0.5142276287078857,-1.6590704917907715
14,source,30,-0.5211874842643738,-1.288489818572998
14,source,31,-0.4933861494064331,-1.152164101600647
14,source,32,-0.48908379673957825,-1.163464069366455
14,source,33,-0.49721211194992065,-1.2189823389053345
14,source,34,-0.5420946478843689,-1.2536144256591797
14,source,35,-0.6145344972610474,-1.3870482444763184
14,source,36,-0.5724265575408936,-1.466413974761963
14,source,37,-0.5558825731277466,-1.4837634563446045
14,source,38,-0.505789577960968,-1.4936981201171875
14,source,39,-0.48342955112457275,-1.4832844734191895
14,source,40,-0.46593543887138367,-1.4299172163009644
14,source,41,-0.4021844267845154,-1.536344051361084
14,source,42,-0.40153804421424866,-1.5960493087768555
14,source,43,-0.38001397252082825,-1.5000057220458984
14,source,44,-0.4361572265625,-1.4064565896987915
14,source,45,-0.41826653480529785,-1.254326343536377
14,source,46,-0.4784235656261444,-1.331061601638794
14,source,47,-0.4633452892303467,-1.2988301515579224
14,source,48,-0.45033177733421326,-1.342043161392212
14,source,49,-0.5171790719032288,-1.3760102987289429
14,source,50,-0.5243938565254211,-1.384158730506897
14,source,51,-0.48489731550216675,-1.3676397800445557
14,source,52,-0.5474129319190979,-1.3728008270263672
14,source,53,-0.546959638595581,-1.2464014291763306
14,source,54,-0.48960137367248535,-1.4571959972381592
14,source,55,-0.5239793658256531,-1.3856451511383057
14,source,56,-0.4194767475128174,-1.3662571907043457
14,source,57,-0.46223026514053345,-1.4855217933654785
14,source,58,-0.4073856472969055,-1.528641700744629
14,source,59,-0.39667844772338867,-1.5059170722961426
14,source,60,-0.37010130286216736,-1.6369513273239136
14,source,61,-0.35385316610336304,-1.5885745286941528
14,source,62,-0.3341726064682007,-1.6831399202346802
14,source,63,-0.3679267168045044,-1.6896182298660278
14,target,0,-1.0569604635238647,-0.9884262681007385
14,target,1,-1.2442667484283447,-2.0516648292541504
14,target,2,-0.9590212106704712,-2.2398109436035156
14,target,3,-0.8948653936386108,-1.5535064935684204
14,target,4,-0.7823016047477722,-1.9427576065063477
14,target,5,-0.8451410531997681,-2.0544886589050293
14,target,6,-0.8184612989425659,-2.500591993331909
14,target,7,-0.6632859110832214,-1.8630156517028809
14,target,8,-0.6522533297538757,-1.9739288091659546
14,target,9,-0.6077533960342407,-1.1707432270050049
14,target,10,-0.6096612811088562,-1.272106409072876
14,target,11,-0.7751160860061646,-1.8397372961044312
14,target,12,-0.6447888612747192,-1.4865565299987793
14,target,13,-0.7641775012016296,-1.5237703323364258
14,target,14,-0.8437798619270325,-1.7325602769851685
14,target,15,-0.6771554946899414,-1.8635250329971313
14,target,16,-0.7189525365829468,-1.978239893913269
14,target,17,-0.7146507501602173,-2.0143470764160156
14,target,18,-0.8505489826202393,-2.216996431350708
14,target,19,-0.9695746898651123,-1.9416292905807495
14,target,20,-1.0087074041366577,-2.2432825565338135
14,target,21,-0.7717218399047852,-2.190000534057617
14,target,22,-0.9119843244552612,-1.9093053340911865
14,target,23,-0.7986330389976501,-1.5358505249023438
14,target,24,-0.8768526911735535,-1.9771876335144043
14,target,25,-0.9502909183502197,-2.0446581840515137
14,target,26,-0.7646578550338745,-1.9414997100830078
14,target,27,-0.7043257355690002,-2.117033004760742
14,target,28,-0.6022473573684692,-2.244319200515747
14,target,29,-0.8729751110076904,-1.757946252822876
14,target,30,-0.5305839776992798,-1.8729274272918701
14,target,31,-0.6096640825271606,-2.3066084384918213
14,target,32,-0.727558970451355,-2.363811492919922
14,target,33,-0.7161376476287842,-2.4530420303344727
14,target,34,-0.5274645090103149,-1.5310256481170654
14,target,35,-0.7328449487686157,-1.8904829025268555
14,target,36,-0.7698992490768433,-2.4281368255615234
14,target,37,-0.6229907870292664,-1.7639425992965698
14,target,38,-0.6592524647712708,-2.0176146030426025
14,target,39,-0.7177470326423645,-2.004490375518799
14,target,40,-0.9378536939620972,-1.3670368194580078
14,target,41,-0.8968600630760193,-1.391190767288208
14,target,42,-0.5187450647354126,-1.80231773853302
14,target,43,-0.49814295768737793,-1.4573478698730469
14,target,44,-0.4256748557090759,-1.6869791746139526
14,target,45,-0.4372113049030304,-1.6949398517608643
14,target,46,-0.924721360206604,-0.39048469066619873
14,target,47,-0.9512144327163696,-1.1272187232971191
14,target,48,-0.9822005033493042,-0.8790251612663269
14,target,49,-0.9762725234031677,-0.27561235427856445
14,target,50,-0.9587534070014954,-0.9534932374954224
14,target,51,-0.8323537111282349,-1.6947001218795776
14,target,52,-0.8762019872665405,-1.520092248916626
14,target,53,-0.9764776229858398,-1.8835171461105347
14,target,54,-0.857923150062561,-1.7263479232788086
14,target,55,-0.8527014255523682,-1.4115750789642334
14,target,56,-0.8534260988235474,-1.3393194675445557
14,target,57,-0.9013742208480835,-1.62497079372406
14,target,58,-0.8570162057876587,-1.6388943195343018
14,target,59,-0.856347918510437,-1.3208963871002197
14,target,60,-1.001446008682251,-1.3934369087219238
14,target,61,-0.8825466632843018,-1.1326193809509277
14,target,62,-0.8081759810447693,-1.3581024408340454
14,target,63,-0.871375322341919,-1.2695460319519043
15,source,0,-0.5434502959251404,-1.428126573562622
15,source,1,-0.5600382685661316,-1.3441582918167114
15,source,2,-0.5247367024421692,-1.3811256885528564
15,source,3,-0.5545182228088379,-1.293785572052002
15,source,4,-0.634434700012207,-1.2379071712493896
15,source,5,-0.630396842956543,-1.181587815284729
15,source,6,-0.6107766628265381,-1.1677298545837402
15,source,7,-0.6218149065971375,-1.2042843103408813
15,source,8,-0.6278891563415527,-1.3196507692337036
15,source,9,-0.6297605633735657,-1.261854648590088
15,source,10,-0.6166295409202576,-1.3563916683197021
15,source,11,-0.6339832544326782,-1.2787916660308838
15,source,12,-0.7612211108207703,-1.329954981803894
15,source,13,-0.7712105512619019,-1.4179470539093018
15,source,14,-0.7273904085159302,-1.5196350812911987
15,source,15,-0.7103879451751709,-1.290052890777588
15,source,16,-0.7113050222396851,-1.2050906419754028
15,source,17,-0.75603187084198,-1.2857874631881714
15,source,18,-0.7352630496025085,-1.1810898780822754
15,source,19,-0.76295006275177,-1.2215263843536377
15,source,20,-0.7562984228134155,-1.113821268081665
15,source,21,-0.7778383493423462,-1.159525990486145
15,source,22,-0.8181434869766235,-1.247119426727295
15,source,23,-0.8013452887535095,-1.3488738536834717
15,source,24,-0.7956027984619141,-1.3028781414031982
15,source,25,-0.7892455458641052,-1.2973146438598633
15,source,26,-0.7380161881446838,-1.4099010229110718
15,source,27,-0.6742882132530212,-1.310161828994751
15,source,28,-0.619355320930481,-1.129310131072998
15,source,29,-0.6685138940811157,-1.3095933198928833
15,source,30,-0.6611089706420898,-1.0206091403961182
15,source,31,-0.6552013754844666,-0.9204781651496887
15,source,32,-0.6848264336585999,-1.0391838550567627
15,source,33,-0.7079506516456604,-1.0604673624038696
15,source,34,-0.6773443222045898,-1.1741175651550293
15,source,35,-0.7436525821685791,-1.2033244371414185
15,source,36,-0.7367863655090332,-1.2961173057556152
15,source,37,-0.7277921438217163,-1.4296036958694458
15,source,38,-0.703127384185791,-1.4663219451904297
15,source,39,-0.699134349822998,-1.4791563749313354
15,source,40,-0.6990181803703308,-1.4770288467407227
15,source,41,-0.6611554026603699,-1.577319860458374
15,source,42,-0.6301584243774414,-1.5548444986343384
15,source,43,-0.6116911768913269,-1.3940513134002686
15,source,44,-0.6511983871459961,-1.289033055305481
15,source,45,-0.6451216340065002,-1.2096458673477173
15,source,46,-0.6809186935424805,-1.2980854511260986
15,source,47,-0.6714858412742615,-1.3435498476028442
15,source,48,-0.6969766616821289,-1.3717386722564697
15,source,49,-0.7298952341079712,-1.3521445989608765
15,source,50,-0.7153604030609131,-1.42106294631958
15,source,51,-0.6586347818374634,-1.323136329650879
15,source,52,-0.6628497242927551,-1.3591103553771973
15,source,53,-0.6744356751441956,-1.192206621170044
15,source,54,-0.6479838490486145,-1.383714199066162
15,source,55,-0.6718501448631287,-1.2730512619018555
15,source,56,-0.6315910220146179,-1.2505502700805664
15,source,57,-0.6206374764442444,-1.5117676258087158
15,source,58,-0.6108895540237427,-1.5126421451568604
15,source,59,-0.6351150274276733,-1.4481210708618164
15,source,60,-0.657670259475708,-1.5671770572662354
15,source,61,-0.6848215460777283,-1.433988094329834
15,source,62,-0.6710843443870544,-1.5394244194030762
15,source,63,-0.6829003095626831,-1.5476047992706299
15,target,0,-1.1454095840454102,-0.9580429196357727
15,target,1,-1.2369985580444336,-1.9653748273849487
15,target,2,-1.060732126235962,-2.145575523376465
15,target,3,-0.958317756652832,-1.5670870542526245
15,target,4,-0.9350014925003052,-1.809009313583374
15,target,5,-0.8807557821273804,-2.0736806392669678
15,target,6,-0.9021447896957397,-2.293948173522949
15,target,7,-0.7771093845367432,-1.702204942703247
15,target,8,-0.8185670971870422,-1.957215428352356
15,target,9,-0.8211843967437744,-1.0559396743774414
15,target,10,-0.8007733821868896,-1.2281138896942139
15,target,11,-0.8199682831764221,-1.6897886991500854
15,target,12,-0.9002213478088379,-1.3958326578140259
15,target,13,-0.9347163438796997,-1.4979013204574585
15,target,14,-0.9619693756103516,-1.6010260581970215
15,target,15,-0.8620098829269409,-1.7576985359191895
15,target,16,-0.8431401252746582,-1.7689282894134521
15,target,17,-0.8309078812599182,-1.8655211925506592
15,target,18,-0.9334185123443604,-2.06093168258667
15,target,19,-1.0648659467697144,-1.9834812879562378
15,target,20,-1.0166373252868652,-2.0123722553253174
15,target,21,-0.8762041330337524,-2.051039457321167
15,target,22,-1.005988597869873,-1.8168764114379883
15,target,23,-0.9577922224998474,-1.616860270500183
15,target,24,-0.9377076029777527,-1.7664860486984253
15,target,25,-1.0077695846557617,-1.972278356552124
15,target,26,-0.8512319326400757,-1.756727695465088
15,target,27,-0.8439820408821106,-2.0608911514282227
15,target,28,-0.7499822974205017,-2.2105417251586914
15,target,29,-0.9671131372451782,-1.6467149257659912
15,target,30,-0.6168140769004822,-1.9165605306625366
15,target,31,-0.8536853790283203,-2.371485710144043
15,target,32,-0.9131721258163452,-2.3221969604492188
15,target,33,-0.9083295464515686,-2.089897394180298
15,target,34,-0.8093744516372681,-1.436846375465393
15,target,35,-1.007129192352295,-1.711695909500122
15,target,36,-0.8901997804641724,-2.1808485984802246
15,target,37,-0.8667716979980469,-1.4941837787628174
15,target,38,-0.9712842106819153,-1.8110377788543701
15,target,39,-0.9391722679138184,-1.8886587619781494
15,target,40,-1.11220121383667,-1.3802449703216553
15,target,41,-1.0296858549118042,-1.3661187887191772
15,target,42,-0.7914668917655945,-1.5332061052322388
15,target,43,-0.7647572159767151,-1.0645215511322021
15,target,44,-0.7729995250701904,-1.451340675354004
15,target,45,-0.7347704172134399,-1.417664647102356
15,target,46,-0.9275417327880859,-0.2687026262283325
15,target,47,-0.989373505115509,-0.9787282347679138
15,target,48,-1.0419803857803345,-0.824682354927063
15,target,49,-0.9551151990890503,-0.027608513832092285
15,target,50,-1.0032869577407837,-1.0256205797195435
15,target,51,-1.019020438194275,-1.6779980659484863
15,target,52,-1.0637731552124023,-1.4645841121673584
15,target,53,-1.0489038228988647,-1.732677936553955
15,target,54,-1.0093839168548584,-1.743659496307373
15,target,55,-0.9306561946868896,-1.4042614698410034
15,target,56,-0.9219050407409668,-1.2662550210952759
15,target,57,-1.044053077697754,-1.5773077011108398
15,target,58,-0.9777475595474243,-1.534414291381836
15,target,59,-1.0016005039215088,-1.2203261852264404
15,target,60,-1.1242804527282715,-1.2783732414245605
15,target,61,-1.0449681282043457,-1.0755674839019775
15,target,62,-1.0220792293548584,-1.204062581062317
15,target,63,-1.0088410377502441,-1.1050434112548828
16,source,0,-0.5056754350662231,-1.1102465391159058
16,source,1,-0.5530032515525818,-1.129023551940918
16,source,2,-0.5351949334144592,-1.0973995923995972
16,source,3,-0.4947395920753479,-1.0361931324005127
16,source,4,-0.5364674925804138,-1.1140234470367432
16,source,5,-0.5552617311477661,-1.1344244480133057
16,source,6,-0.5267707109451294,-1.0959738492965698
16,source,7,-0.5300997495651245,-1.1245278120040894
16,source,8,-0.5365564227104187,-1.2515451908111572
16,source,9,-0.5325348377227783,-1.1231569051742554
16,source,10,-0.5191140174865723,-1.2370315790176392
16,source,11,-0.5160355567932129,-1.2388148307800293
16,source,12,-0.6097724437713623,-1.4778237342834473
16,source,13,-0.60011887550354,-1.2374286651611328
16,source,14,-0.5902904272079468,-1.3411459922790527
16,source,15,-0.5572015643119812,-1.1768817901611328
16,source,16,-0.5296970009803772,-1.0892833471298218
16,source,17,-0.5282574892044067,-1.1828762292861938
16,source,18,-0.5399317741394043,-1.1397780179977417
16,source,19,-0.5952309966087341,-1.1717842817306519
16,source,20,-0.5895017981529236,-1.1767206192016602
16,source,21,-0.5894634127616882,-1.2900779247283936
16,source,22,-0.5994977951049805,-1.3406951427459717
16,source,23,-0.6127862334251404,-1.3831915855407715
16,source,24,-0.6528187990188599,-1.3927457332611084
16,source,25,-0.6952425241470337,-1.5161468982696533
16,source,26,-0.6317276358604431,-1.517025351524353
16,source,27,-0.5839943289756775,-1.438720703125
16,source,28,-0.5332821607589722,-1.3198788166046143
16,source,29,-0.5685533881187439,-1.4067955017089844
16,source,30,-0.5789660215377808,-1.1061028242111206
16,source,31,-0.5388612747192383,-1.019039273262024
16,source,32,-0.5221945643424988,-0.987084686756134
16,source,33,-0.5764338970184326,-1.067760944366455
16,source,34,-0.5569098591804504,-1.0882244110107422
16,source,35,-0.6405239701271057,-1.1747779846191406
16,source,36,-0.608152449131012,-1.1930433511734009
16,source,37,-0.6051461100578308,-1.3024256229400635
16,source,38,-0.5830901265144348,-1.3083245754241943
16,source,39,-0.6080547571182251,-1.339219331741333
16,source,40,-0.5723888278007507,-1.2766520977020264
16,source,41,-0.5128351449966431,-1.3880975246429443
16,source,42,-0.49831366539001465,-1.3863632678985596
16,source,43,-0.522407591342926,-1.2545363903045654
16,source,44,-0.5749366283416748,-1.1980822086334229
16,source,45,-0.5223788022994995,-0.9998805522918701
16,source,46,-0.544233500957489,-1.1029331684112549
16,source,47,-0.5451669692993164,-1.1328455209732056
16,source,48,-0.5172231197357178,-1.178635597229004
16,source,49,-0.5736445784568787,-1.1357758045196533
16,source,50,-0.5687755942344666,-1.1665579080581665
16,source,51,-0.5342796444892883,-1.1203618049621582
16,source,52,-0.568881630897522,-1.1361140012741089
16,source,53,-0.5993271470069885,-1.1137052774429321
16,source,54,-0.5967772603034973,-1.2268648147583008
16,source,55,-0.6169562935829163,-1.2037328481674194
16,source,56,-0.5247066617012024,-1.1680082082748413
16,source,57,-0.5452148914337158,-1.2818152904510498
16,source,58,-0.5085917115211487,-1.327984094619751
16,source,59,-0.531435489654541,-1.1834019422531128
16,source,60,-0.48857051134109497,-1.3091412782669067
16,source,61,-0.520362377166748,-1.3142187595367432
16,source,62,-0.5039180517196655,-1.4117146730422974
16,source,63,-0.5634292960166931,-1.5093480348587036
16,target,0,-1.011425256729126,-0.9636532068252563
16,target,1,-1.1571440696716309,-1.9557991027832031
16,target,2,-0.8988096714019775,-2.1896016597747803
16,target,3,-0.8770912885665894,-1.644127607345581
16,target,4,-0.7864260077476501,-1.9400792121887207
16,target,5,-0.8793153166770935,-2.016340494155884
16,target,6,-0.7369622588157654,-2.282687187194824
16,target,7,-0.6931436657905579,-1.7417809963226318
16,target,8,-0.6929333806037903,-1.8613706827163696
16,target,9,-0.6891354918479919,-1.3255608081817627
16,target,10,-0.7128541469573975,-1.4800974130630493
16,target,11,-0.7527853846549988,-1.7171653509140015
16,target,12,-0.7133369445800781,-1.52494215965271
16,target,13,-0.8110507726669312,-1.5117872953414917
16,target,14,-0.8036917448043823,-1.7162425518035889
16,target,15,-0.7598507404327393,-1.76102614402771
16,target,16,-0.7358047962188721,-1.8579002618789673
16,target,17,-0.7301427125930786,-2.015011787414551
16,target,18,-0.7755929827690125,-2.0133144855499268
16,target,19,-0.9542802572250366,-1.8649227619171143
16,target,20,-0.9476766586303711,-2.062653064727783
16,target,21,-0.7317870855331421,-2.090049982070923
16,target,22,-0.8616228699684143,-1.749340295791626
16,target,23,-0.8079240322113037,-1.6184446811676025
16,target,24,-0.8442394733428955,-1.765579342842102
16,target,25,-0.9118087291717529,-1.9129323959350586
16,target,26,-0.7581504583358765,-1.6930575370788574
16,target,27,-0.7102822065353394,-1.9483351707458496
16,target,28,-0.6685528755187988,-2.0833420753479004
16,target,29,-0.8485451936721802,-1.81428062915802
16,target,30,-0.6410323977470398,-2.01426100730896
16,target,31,-0.6759488582611084,-2.333183526992798
16,target,32,-0.6870784759521484,-2.3017473220825195
16,target,33,-0.7381340265274048,-2.3147811889648438
16,target,34,-0.6500306725502014,-1.599897027015686
16,target,35,-0.7996010184288025,-2.031092882156372
16,target,36,-0.7989094853401184,-2.3733081817626953
16,target,37,-0.6915557980537415,-1.742994785308838
16,target,38,-0.7723010778427124,-1.9203484058380127
16,target,39,-0.8165382146835327,-1.979193925857544
16,target,40,-0.9125691652297974,-1.5056973695755005
16,target,41,-0.915998101234436,-1.339870572090149
16,target,42,-0.588432252407074,-1.6418187618255615
16,target,43,-0.5988999009132385,-1.2284024953842163
16,target,44,-0.6143186092376709,-1.539642333984375
16,target,45,-0.5306509137153625,-1.6235785484313965
16,target,46,-0.8470212817192078,-0.218359112739563
16,target,47,-0.9187148213386536,-1.020862340927124
16,target,48,-0.9198967218399048,-0.7744835615158081
16,target,49,-0.8367238640785217,0.058179616928100586
16,target,50,-0.9639052152633667,-0.9755385518074036
16,target,51,-0.8735827207565308,-1.6351319551467896
16,target,52,-0.8456093668937683,-1.4547959566116333
16,target,53,-0.8941515684127808,-1.7122386693954468
16,target,54,-0.8820413947105408,-1.7267454862594604
16,target,55,-0.8781305551528931,-1.3514680862426758
16,target,56,-0.8670300245285034,-1.1539626121520996
16,target,57,-0.9299123287200928,-1.4241173267364502
16,target,58,-0.850204586982727,-1.4495760202407837
16,target,59,-0.8559114336967468,-1.1263619661331177
16,target,60,-0.9684826135635376,-1.2860291004180908
16,target,61,-0.9210445880889893,-1.1648913621902466
16,target,62,-0.8964893221855164,-1.2652356624603271
16,target,63,-0.8461151123046875,-1.1216492652893066
17,source,0,-0.6036978960037231,-1.4246083498001099
17,source,1,-0.628410279750824,-1.3974440097808838
17,source,2,-0.6110676527023315,-1.3408846855163574
17,source,3,-0.6263564825057983,-1.3026223182678223
17,source,4,-0.6871185898780823,-1.2808711528778076
17,source,5,-0.665595531463623,-1.2267969846725464
17,source,6,-0.6392765045166016,-1.2933083772659302
17,source,7,-0.657316267490387,-1.3163021802902222
17,source,8,-0.6969344019889832,-1.4636787176132202
17,source,9,-0.6863700747489929,-1.4002305269241333
17,source,10,-0.6842666268348694,-1.5288851261138916
17,source,11,-0.6938690543174744,-1.4197564125061035
17,source,12,-0.7822980880737305,-1.5858383178710938
17,source,13,-0.7778750658035278,-1.4894062280654907
17,source,14,-0.7999829649925232,-1.5706933736801147
17,source,15,-0.7688915133476257,-1.4097217321395874
17,source,16,-0.7330520153045654,-1.3755062818527222
17,source,17,-0.7549403309822083,-1.434525489807129
17,source,18,-0.7372756004333496,-1.3320177793502808
17,source,19,-0.7637233138084412,-1.357393741607666
17,source,20,-0.761988639831543,-1.3760863542556763
17,source,21,-0.8157272338867188,-1.4532630443572998
17,source,22,-0.8385276794433594,-1.4839768409729004
17,source,23,-0.8238842487335205,-1.541886806488037
17,source,24,-0.8329411745071411,-1.5202571153640747
17,source,25,-0.8275567889213562,-1.5163466930389404
17,source,26,-0.757743775844574,-1.484500527381897
17,source,27,-0.7194094061851501,-1.4225553274154663
17,source,28,-0.7082080245018005,-1.3550945520401
17,source,29,-0.774533748626709,-1.4635989665985107
17,source,30,-0.7447606325149536,-1.1676247119903564
17,source,31,-0.7301637530326843,-1.111752986907959
17,source,32,-0.7072561383247375,-1.121722936630249
17,source,33,-0.7425282597541809,-1.2669880390167236
17,source,34,-0.7090546488761902,-1.275091290473938
17,source,35,-0.733108639717102,-1.307763695716858
17,source,36,-0.7455607652664185,-1.3464066982269287
17,source,37,-0.7817083597183228,-1.4633255004882812
17,source,38,-0.7088330984115601,-1.4742897748947144
17,source,39,-0.7260892987251282,-1.433250069618225
17,source,40,-0.7263405323028564,-1.4326146841049194
17,source,41,-0.6977065801620483,-1.520344853401184
17,source,42,-0.6949450373649597,-1.51547372341156
17,source,43,-0.6633787155151367,-1.4176814556121826
17,source,44,-0.6837096810340881,-1.3523516654968262
17,source,45,-0.6781999468803406,-1.2208905220031738
17,source,46,-0.6881388425827026,-1.2884058952331543
17,source,47,-0.6813838481903076,-1.2956485748291016
17,source,48,-0.6772353649139404,-1.2913849353790283
17,source,49,-0.7093816995620728,-1.3471200466156006
17,source,50,-0.7543309926986694,-1.424810528755188
17,source,51,-0.6993411183357239,-1.4336216449737549
17,source,52,-0.7288109064102173,-1.3988697528839111
17,source,53,-0.7543318867683411,-1.3526560068130493
17,source,54,-0.6879028081893921,-1.4068671464920044
17,source,55,-0.7073903679847717,-1.4156901836395264
17,source,56,-0.6585913896560669,-1.3307874202728271
17,source,57,-0.6781924366950989,-1.4899576902389526
17,source,58,-0.6428183317184448,-1.5278819799423218
17,source,59,-0.6552407741546631,-1.4926663637161255
17,source,60,-0.6804776787757874,-1.5816818475723267
17,source,61,-0.7163404822349548,-1.5433176755905151
17,source,62,-0.7180396318435669,-1.5908199548721313
17,source,63,-0.737454354763031,-1.6456578969955444
17,target,0,-1.0752205848693848,-1.1364718675613403
17,target,1,-1.3043718338012695,-1.9972285032272339
17,target,2,-1.1061527729034424,-2.155683994293213
17,target,3,-1.0361659526824951,-1.47015380859375
17,target,4,-0.9399716854095459,-1.8970777988433838
17,target,5,-0.9766185283660889,-2.1983213424682617
17,target,6,-0.8911216259002686,-2.444298267364502
17,target,7,-0.8618155717849731,-1.9052106142044067
17,target,8,-0.8683362007141113,-2.006361961364746
17,target,9,-0.8845799565315247,-1.4847360849380493
17,target,10,-0.8266168832778931,-1.5317792892456055
17,target,11,-0.8563787341117859,-1.891060709953308
17,target,12,-0.8831761479377747,-1.7815630435943604
17,target,13,-0.9025849103927612,-1.4775017499923706
17,target,14,-0.9376469850540161,-1.667757272720337
17,target,15,-0.8662464618682861,-1.7470438480377197
17,target,16,-0.8560503125190735,-1.7708357572555542
17,target,17,-0.9119677543640137,-2.1474199295043945
17,target,18,-0.932937502861023,-2.342301368713379
17,target,19,-1.0834622383117676,-2.1309831142425537
17,target,20,-1.0443761348724365,-2.202155828475952
17,target,21,-0.8923850655555725,-2.2275164127349854
17,target,22,-0.9726190567016602,-1.8983460664749146
17,target,23,-0.9657858610153198,-1.7788116931915283
17,target,24,-0.9862845540046692,-1.9139478206634521
17,target,25,-1.0498172044754028,-1.9768797159194946
17,target,26,-0.9447740316390991,-1.7725157737731934
17,target,27,-0.8993203639984131,-1.8558995723724365
17,target,28,-0.7712085247039795,-1.7538317441940308
17,target,29,-0.9974896907806396,-1.741080403327942
17,target,30,-0.7364757657051086,-1.8103183507919312
17,target,31,-0.9633818864822388,-2.4718070030212402
17,target,32,-0.9394158124923706,-2.3038535118103027
17,target,33,-0.8787760138511658,-2.33632493019104
17,target,34,-0.8838669061660767,-1.6971725225448608
17,target,35,-0.8777777552604675,-2.0574300289154053
17,target,36,-0.9620389938354492,-2.406968116760254
17,target,37,-0.8553392887115479,-1.7909010648727417
17,target,38,-0.9601881504058838,-2.040499687194824
17,target,39,-0.9679390788078308,-2.1430115699768066
17,target,40,-1.0308951139450073,-1.6781823635101318
17,target,41,-0.98077392578125,-1.609201192855835
17,target,42,-0.821150004863739,-1.8024872541427612
17,target,43,-0.7631264925003052,-1.3922232389450073
17,target,44,-0.7819622755050659,-1.656624436378479
17,target,45,-0.6943334937095642,-1.6734317541122437
17,target,46,-1.001774549484253,-0.4600793123245239
17,target,47,-1.0766457319259644,-1.122093677520752
17,target,48,-1.0410454273223877,-0.8992002606391907
17,target,49,-0.9884723424911499,-0.2952704429626465
17,target,50,-1.0290006399154663,-1.135725498199463
17,target,51,-1.0335475206375122,-1.886057734489441
17,target,52,-1.0447715520858765,-1.6220840215682983
17,target,53,-1.0897705554962158,-1.8500640392303467
17,target,54,-1.057555079460144,-1.8127806186676025
17,target,55,-1.0293118953704834,-1.4817454814910889
17,target,56,-1.039984941482544,-1.2995564937591553
17,target,57,-1.076158881187439,-1.6892908811569214
17,target,58,-1.0179762840270996,-1.6360145807266235
17,target,59,-1.0274577140808105,-1.2672264575958252
17,target,60,-1.16538405418396,-1.5636478662490845
17,target,61,-1.061607837677002,-1.2690930366516113
17,target,62,-0.9925367832183838,-1.5557619333267212
17,target,63,-1.0136892795562744,-1.2512567043304443
18,source,0,-0.7463264465332031,-1.5527222156524658
18,source,1,-0.7508973479270935,-1.5297727584838867
18,source,2,-0.7485663294792175,-1.60175359249115
18,source,3,-0.7365115880966187,-1.4691896438598633
18,source,4,-0.775687575340271,-1.4079508781433105
18,source,5,-0.7441839575767517,-1.3595235347747803
18,source,6,-0.7186260223388672,-1.4778772592544556
18,source,7,-0.7375974655151367,-1.4755494594573975
18,source,8,-0.8016889691352844,-1.5689009428024292
18,source,9,-0.8019353747367859,-1.5333521366119385
18,source,10,-0.7867469787597656,-1.670510172843933
18,source,11,-0.8189489841461182,-1.6221930980682373
18,source,12,-0.8891797661781311,-1.7403862476348877
18,source,13,-0.8863047361373901,-1.6073050498962402
18,source,14,-0.8805791139602661,-1.6732213497161865
18,source,15,-0.8606765270233154,-1.5922820568084717
18,source,16,-0.8338672518730164,-1.535880208015442
18,source,17,-0.8405366539955139,-1.6265347003936768
18,source,18,-0.8289656639099121,-1.552001714706421
18,source,19,-0.8597154021263123,-1.5294095277786255
18,source,20,-0.8788468837738037,-1.5407251119613647
18,source,21,-0.9125367403030396,-1.6202104091644287
18,source,22,-0.9182435274124146,-1.606058120727539
18,source,23,-0.9151816368103027,-1.688162088394165
18,source,24,-0.9346768260002136,-1.679476022720337
18,source,25,-0.9401736259460449,-1.7109452486038208
18,source,26,-0.9083186388015747,-1.7553203105926514
18,source,27,-0.8677479028701782,-1.7395102977752686
18,source,28,-0.8201294541358948,-1.610170841217041
18,source,29,-0.8571263551712036,-1.7476388216018677
18,source,30,-0.8225948810577393,-1.466359257698059
18,source,31,-0.8266627788543701,-1.4152089357376099
18,source,32,-0.8527794480323792,-1.4492579698562622
18,source,33,-0.8473678827285767,-1.4775285720825195
18,source,34,-0.8536149263381958,-1.524699330329895
18,source,35,-0.915016233921051,-1.5175492763519287
18,source,36,-0.8707011938095093,-1.64280104637146
18,source,37,-0.8898301124572754,-1.661440134048462
18,source,38,-0.8647170066833496,-1.7009541988372803
18,source,39,-0.8865166902542114,-1.6839972734451294
18,source,40,-0.8543367385864258,-1.6663507223129272
18,source,41,-0.8143092393875122,-1.6768094301223755
18,source,42,-0.8012281060218811,-1.7315438985824585
18,source,43,-0.7809065580368042,-1.668839454650879
18,source,44,-0.8399891257286072,-1.6319400072097778
18,source,45,-0.8108779788017273,-1.479973554611206
18,source,46,-0.8339869976043701,-1.5465222597122192
18,source,47,-0.8398428559303284,-1.5419586896896362
18,source,48,-0.8252733945846558,-1.624807596206665
18,source,49,-0.8712559938430786,-1.6057177782058716
18,source,50,-0.902194619178772,-1.627988338470459
18,source,51,-0.856830358505249,-1.5733938217163086
18,source,52,-0.8900152444839478,-1.622728705406189
18,source,53,-0.896398663520813,-1.5974594354629517
18,source,54,-0.8789191246032715,-1.7140250205993652
18,source,55,-0.8668624758720398,-1.6551525592803955
18,source,56,-0.8088515400886536,-1.688167691230774
18,source,57,-0.8408571481704712,-1.750844955444336
18,source,58,-0.8270152807235718,-1.775856852531433
18,source,59,-0.8263713717460632,-1.6401135921478271
18,source,60,-0.8326262831687927,-1.7162765264511108
18,source,61,-0.8642165660858154,-1.716013789176941
18,source,62,-0.8552091121673584,-1.822281837463379
18,source,63,-0.870054304599762,-1.8697514533996582
18,target,0,-1.1954175233840942,-1.3223676681518555
18,target,1,-1.4125257730484009,-2.1741037368774414
18,target,2,-1.1988730430603027,-2.362593650817871
18,target,3,-1.1929657459259033,-1.9215219020843506
18,target,4,-1.0859620571136475,-2.0989153385162354
18,target,5,-1.1137056350708008,-2.3195414543151855
18,target,6,-1.004959225654602,-2.565101146697998
18,target,7,-0.9769123792648315,-2.0331852436065674
18,target,8,-0.9446142315864563,-2.115506172180176
18,target,9,-1.0099990367889404,-1.5299595594406128
18,target,10,-1.0140271186828613,-1.6823996305465698
18,target,11,-1.0405445098876953,-1.989761233329773
18,target,12,-1.0393153429031372,-1.7677587270736694
18,target,13,-1.0853230953216553,-1.6450555324554443
18,target,14,-1.106440544128418,-1.877084493637085
18,target,15,-1.0150951147079468,-1.9138355255126953
18,target,16,-1.0091116428375244,-1.9646353721618652
18,target,17,-1.0514166355133057,-2.263256549835205
18,target,18,-1.0969825983047485,-2.490967035293579
18,target,19,-1.2702335119247437,-2.2578890323638916
18,target,20,-1.1993786096572876,-2.3884387016296387
18,target,21,-1.0050965547561646,-2.402114152908325
18,target,22,-1.1406049728393555,-2.134488582611084
18,target,23,-1.1219031810760498,-1.993004560470581
18,target,24,-1.0802329778671265,-2.114283800125122
18,target,25,-1.1949527263641357,-2.2738003730773926
18,target,26,-1.0662331581115723,-1.9971330165863037
18,target,27,-1.0070106983184814,-2.1346845626831055
18,target,28,-0.9523216485977173,-2.3304643630981445
18,target,29,-1.1480622291564941,-2.085148572921753
18,target,30,-0.9066101312637329,-1.9399545192718506
18,target,31,-1.0723897218704224,-2.600558042526245
18,target,32,-1.0607208013534546,-2.513699769973755
18,target,33,-1.0659189224243164,-2.4703478813171387
18,target,34,-1.0254530906677246,-1.9134786128997803
18,target,35,-1.0391637086868286,-2.2285032272338867
18,target,36,-1.0599408149719238,-2.487398624420166
18,target,37,-0.997177243232727,-2.104989767074585
18,target,38,-1.0738301277160645,-2.1885931491851807
18,target,39,-1.078436017036438,-2.297600269317627
18,target,40,-1.1955304145812988,-1.923831582069397
18,target,41,-1.1680198907852173,-1.8334500789642334
18,target,42,-1.0007697343826294,-2.1251723766326904
18,target,43,-0.9679235816001892,-1.722495436668396
18,target,44,-0.9051658511161804,-1.8557183742523193
18,target,45,-0.8941505551338196,-1.9745192527770996
18,target,46,-1.1603167057037354,-0.7610816955566406
18,target,47,-1.2178785800933838,-1.4161089658737183
18,target,48,-1.199465274810791,-1.270237684249878
18,target,49,-1.113332986831665,-0.5254983901977539
18,target,50,-1.1909308433532715,-1.239197015762329
18,target,51,-1.232455849647522,-2.07427978515625
18,target,52,-1.1655783653259277,-1.9209682941436768
18,target,53,-1.2731000185012817,-2.219351291656494
18,target,54,-1.1948779821395874,-2.0844619274139404
18,target,55,-1.2029671669006348,-1.7467862367630005
18,target,56,-1.193960428237915,-1.7195433378219604
18,target,57,-1.252029299736023,-1.9903278350830078
18,target,58,-1.2211138010025024,-2.1019272804260254
18,target,59,-1.2056643962860107,-1.748277187347412
18,target,60,-1.3036119937896729,-1.8139110803604126
18,target,61,-1.2091580629348755,-1.6089762449264526
18,target,62,-1.1825413703918457,-1.7987656593322754
18,target,63,-1.200597882270813,-1.6057876348495483
19,source,0,-0.8459861874580383,-1.1680102348327637
19,source,1,-0.9027783274650574,-1.189751386642456
19,source,2,-0.8767637014389038,-1.175855278968811
19,source,3,-0.8699855208396912,-1.1037365198135376
19,source,4,-0.9036474227905273,-1.142012596130371
19,source,5,-0.9113062620162964,-1.1393250226974487
19,source,6,-0.8702781200408936,-1.1624746322631836
19,source,7,-0.8673797845840454,-1.2100729942321777
19,source,8,-0.8958874344825745,-1.3191372156143188
19,source,9,-0.9008371829986572,-1.2440524101257324
19,source,10,-0.8863481283187866,-1.36090087890625
19,source,11,-0.8838038444519043,-1.282470464706421
19,source,12,-0.9259278774261475,-1.3889130353927612
19,source,13,-1.0261247158050537,-1.2941772937774658
19,source,14,-0.9703514575958252,-1.3286056518554688
19,source,15,-0.9424327611923218,-1.2163450717926025
19,source,16,-0.9472600221633911,-1.1569818258285522
19,source,17,-0.9325767159461975,-1.1960026025772095
19,source,18,-0.9044010043144226,-1.1222069263458252
19,source,19,-0.9579741358757019,-1.167009711265564
19,source,20,-0.9681348204612732,-1.137681007385254
19,source,21,-0.9837583303451538,-1.242607831954956
19,source,22,-1.0182061195373535,-1.2820018529891968
19,source,23,-1.0247911214828491,-1.3333666324615479
19,source,24,-1.02301824092865,-1.3250339031219482
19,source,25,-0.9962853789329529,-1.4305256605148315
19,source,26,-0.9805349707603455,-1.4524542093276978
19,source,27,-0.9531736373901367,-1.3949140310287476
19,source,28,-0.9221638441085815,-1.2349507808685303
19,source,29,-0.9395761489868164,-1.3468575477600098
19,source,30,-0.9476480484008789,-1.1846766471862793
19,source,31,-0.9572676420211792,-1.1152487993240356
19,source,32,-0.9570323824882507,-1.095987319946289
19,source,33,-0.9634026288986206,-1.1855242252349854
19,source,34,-0.9603602290153503,-1.1408054828643799
19,source,35,-0.996031641960144,-1.1710600852966309
19,source,36,-0.9819927215576172,-1.261035442352295
19,source,37,-1.0261398553848267,-1.336173415184021
19,source,38,-0.9549500346183777,-1.2975635528564453
19,source,39,-0.974773108959198,-1.3537473678588867
19,source,40,-0.9754233360290527,-1.321035623550415
19,source,41,-0.9742728471755981,-1.3388018608093262
19,source,42,-0.9318372011184692,-1.2926299571990967
19,source,43,-0.9245592951774597,-1.2644762992858887
19,source,44,-0.9445196390151978,-1.239324927330017
19,source,45,-0.9459380507469177,-1.130143165588379
19,source,46,-0.9646035432815552,-1.197540044784546
19,source,47,-0.9616603851318359,-1.1866979598999023
19,source,48,-0.9580896496772766,-1.2323085069656372
19,source,49,-0.9886361360549927,-1.2495454549789429
19,source,50,-1.026313066482544,-1.2597143650054932
19,source,51,-0.9614657759666443,-1.2132693529129028
19,source,52,-0.9775745868682861,-1.1617519855499268
19,source,53,-0.9857246279716492,-1.1442219018936157
19,source,54,-0.9724398851394653,-1.22249436378479
19,source,55,-0.9876073002815247,-1.1564559936523438
19,source,56,-0.9320541620254517,-1.2562981843948364
19,source,57,-0.9526145458221436,-1.385204553604126
19,source,58,-0.9581325650215149,-1.400535225868225
19,source,59,-0.937628984451294,-1.3693277835845947
19,source,60,-0.9287463426589966,-1.388035774230957
19,source,61,-0.9577212929725647,-1.342577576637268
19,source,62,-0.9670963287353516,-1.4252142906188965
19,source,63,-0.9374373555183411,-1.3947858810424805
19,target,0,-1.199125051498413,-0.9555927515029907
19,target,1,-1.3351073265075684,-1.8812531232833862
19,target,2,-1.1848530769348145,-1.9558820724487305
19,target,3,-1.1847506761550903,-1.5270789861679077
19,target,4,-1.074907660484314,-1.6306065320968628
19,target,5,-1.0799192190170288,-1.9054936170578003
19,target,6,-0.9660271406173706,-2.1321592330932617
19,target,7,-0.9875726699829102,-1.6165587902069092
19,target,8,-1.0165684223175049,-1.7162600755691528
19,target,9,-0.9516675472259521,-1.1635384559631348
19,target,10,-0.9588069319725037,-1.2258048057556152
19,target,11,-0.9374631643295288,-1.531290054321289
19,target,12,-0.9699285626411438,-1.3056732416152954
19,target,13,-1.0865347385406494,-1.246527910232544
19,target,14,-1.0509021282196045,-1.361481785774231
19,target,15,-1.0605528354644775,-1.5753190517425537
19,target,16,-1.0589009523391724,-1.6777247190475464
19,target,17,-1.0708118677139282,-1.8012689352035522
19,target,18,-1.119131088256836,-2.034442901611328
19,target,19,-1.2789477109909058,-1.8563199043273926
19,target,20,-1.2085628509521484,-2.068675994873047
19,target,21,-0.9896522164344788,-1.9364358186721802
19,target,22,-1.1692043542861938,-1.6485506296157837
19,target,23,-1.161679983139038,-1.5905951261520386
19,target,24,-1.1038963794708252,-1.787968397140503
19,target,25,-1.1993998289108276,-1.9359941482543945
19,target,26,-1.0492433309555054,-1.6044785976409912
19,target,27,-1.0083858966827393,-1.877648115158081
19,target,28,-0.9842828512191772,-2.108645439147949
19,target,29,-1.1113402843475342,-1.5575313568115234
19,target,30,-0.9803881049156189,-1.6959586143493652
19,target,31,-1.0155997276306152,-2.0831525325775146
19,target,32,-1.0009924173355103,-1.9066137075424194
19,target,33,-1.0729494094848633,-1.9519851207733154
19,target,34,-1.0900259017944336,-1.4748035669326782
19,target,35,-1.0303874015808105,-1.6729991436004639
19,target,36,-1.102046251296997,-2.059720039367676
19,target,37,-1.0199997425079346,-1.4896373748779297
19,target,38,-1.124062418937683,-1.7478232383728027
19,target,39,-1.0511839389801025,-1.7765097618103027
19,target,40,-1.1079736948013306,-1.4160003662109375
19,target,41,-1.1624925136566162,-1.3368488550186157
19,target,42,-1.0607922077178955,-1.4843038320541382
19,target,43,-0.9810787439346313,-1.2189171314239502
19,target,44,-1.0354377031326294,-1.2852808237075806
19,target,45,-0.9966113567352295,-1.3552883863449097
19,target,46,-1.103084921836853,-0.5369669198989868
19,target,47,-1.204491138458252,-1.047413945198059
19,target,48,-1.1655248403549194,-0.7873004078865051
19,target,49,-1.0724236965179443,-0.2928736209869385
19,target,50,-1.1953967809677124,-1.0465177297592163
19,target,51,-1.1872165203094482,-1.6510597467422485
19,target,52,-1.179699420928955,-1.3575164079666138
19,target,53,-1.1972565650939941,-1.6781270503997803
19,target,54,-1.203547716140747,-1.629711389541626
19,target,55,-1.1815369129180908,-1.3018053770065308
19,target,56,-1.1211251020431519,-1.25665283203125
19,target,57,-1.2139830589294434,-1.4135394096374512
19,target,58,-1.1693037748336792,-1.4797790050506592
19,target,59,-1.1516468524932861,-1.1342021226882935
19,target,60,-1.250615119934082,-1.350611686706543
19,target,61,-1.1811031103134155,-1.2362841367721558
19,target,62,-1.1383769512176514,-1.326724886894226
19,target,63,-1.1624665260314941,-1.0525951385498047
20,source,0,-0.7657251358032227,-1.1305501461029053
20,source,1,-0.7848959565162659,-1.1787221431732178
20,source,2,-0.7815275192260742,-1.1416015625
20,source,3,-0.7840213775634766,-1.0668344497680664
20,source,4,-0.8163016438484192,-1.0659711360931396
20,source,5,-0.8090178370475769,-1.0973289012908936
20,source,6,-0.7970712184906006,-1.2030622959136963
20,source,7,-0.8353279829025269,-1.1978405714035034
20,source,8,-0.83295077085495,-1.2884328365325928
20,source,9,-0.805428683757782,-1.2071328163146973
20,source,10,-0.8023945093154907,-1.299264907836914
20,source,11,-0.8098149299621582,-1.2517085075378418
20,source,12,-0.8646562695503235,-1.325129508972168
20,source,13,-0.8724232316017151,-1.2236710786819458
20,source,14,-0.8631901741027832,-1.2911198139190674
20,source,15,-0.8380053043365479,-1.1821647882461548
20,source,16,-0.8317787647247314,-1.1360667943954468
20,source,17,-0.8619563579559326,-1.226173758506775
20,source,18,-0.8286051750183105,-1.1923131942749023
20,source,19,-0.8505057096481323,-1.1291931867599487
20,source,20,-0.846691370010376,-1.1166322231292725
20,source,21,-0.8723224997520447,-1.206298589706421
20,source,22,-0.9173586368560791,-1.2326140403747559
20,source,23,-0.8784098625183105,-1.3016386032104492
20,source,24,-0.8925032615661621,-1.3303883075714111
20,source,25,-0.8696882724761963,-1.4384688138961792
20,source,26,-0.8822236061096191,-1.4927897453308105
20,source,27,-0.8596453070640564,-1.417320966720581
20,source,28,-0.8317926526069641,-1.360971450805664
20,source,29,-0.878923773765564,-1.4344249963760376
20,source,30,-0.8483952283859253,-1.198988914489746
20,source,31,-0.8357023000717163,-1.1231622695922852
20,source,32,-0.831160306930542,-1.1407092809677124
20,source,33,-0.8316324949264526,-1.1940659284591675
20,source,34,-0.8234635591506958,-1.182875633239746
20,source,35,-0.8698244094848633,-1.238652229309082
20,source,36,-0.8695380091667175,-1.302487850189209
20,source,37,-0.8691990375518799,-1.3317112922668457
20,source,38,-0.8458893299102783,-1.2957316637039185
20,source,39,-0.8927421569824219,-1.4001373052597046
20,source,40,-0.8550856709480286,-1.3929200172424316
20,source,41,-0.8715096712112427,-1.394906997680664
20,source,42,-0.851325273513794,-1.3451298475265503
20,source,43,-0.8423670530319214,-1.3388416767120361
20,source,44,-0.8303442597389221,-1.2823660373687744
20,source,45,-0.8371170163154602,-1.1822569370269775
20,source,46,-0.8401960134506226,-1.2393667697906494
20,source,47,-0.8236171007156372,-1.2328457832336426
20,source,48,-0.8295974731445312,-1.2081987857818604
20,source,49,-0.8393195271492004,-1.22110915184021
20,source,50,-0.8736577033996582,-1.2637194395065308
20,source,51,-0.8284707069396973,-1.2530343532562256
20,source,52,-0.8440715670585632,-1.2132998704910278
20,source,53,-0.8612578511238098,-1.209557056427002
20,source,54,-0.8572679758071899,-1.2972502708435059
20,source,55,-0.8528258800506592,-1.235983967781067
20,source,56,-0.8351680636405945,-1.2342780828475952
20,source,57,-0.8184391856193542,-1.3366433382034302
20,source,58,-0.8325555324554443,-1.4042292833328247
20,source,59,-0.8381383419036865,-1.3769043684005737
20,source,60,-0.8066522479057312,-1.3794195652008057
20,source,61,-0.8259053826332092,-1.2461836338043213
20,source,62,-0.8349063396453857,-1.3127020597457886
20,source,63,-0.8310380578041077,-1.3680033683776855
20,target,0,-1.1327450275421143,-1.0436558723449707
20,target,1,-1.3041715621948242,-1.801868200302124
20,target,2,-1.1690003871917725,-1.8084384202957153
20,target,3,-1.0777467489242554,-1.4932454824447632
20,target,4,-0.9884270429611206,-1.6461156606674194
20,target,5,-1.0185049772262573,-1.9381121397018433
20,target,6,-1.052790641784668,-2.098642349243164
20,target,7,-0.9475256204605103,-1.6773765087127686
20,target,8,-0.9875898361206055,-1.8007545471191406
20,target,9,-0.937018871307373,-1.2973586320877075
20,target,10,-0.9321297407150269,-1.3632971048355103
20,target,11,-0.8918793797492981,-1.6486300230026245
20,target,12,-0.9466593265533447,-1.429491639137268
20,target,13,-0.9816688299179077,-1.4011164903640747
20,target,14,-1.0106569528579712,-1.5648481845855713
20,target,15,-0.9979114532470703,-1.6088732481002808
20,target,16,-0.9927136898040771,-1.7121354341506958
20,target,17,-0.984398603439331,-1.81097412109375
20,target,18,-1.0304169654846191,-2.005784034729004
20,target,19,-1.0955777168273926,-1.7297472953796387
20,target,20,-1.1048579216003418,-1.9164069890975952
20,target,21,-0.9776011109352112,-2.008802890777588
20,target,22,-1.0247828960418701,-1.6167877912521362
20,target,23,-1.012452483177185,-1.5602775812149048
20,target,24,-1.019672155380249,-1.7198435068130493
20,target,25,-1.090685486793518,-1.7076290845870972
20,target,26,-0.9675860404968262,-1.6361912488937378
20,target,27,-0.9751173257827759,-1.731924057006836
20,target,28,-0.946325957775116,-1.925357699394226
20,target,29,-1.0153223276138306,-1.672533631324768
20,target,30,-0.9111995100975037,-1.8459789752960205
20,target,31,-1.0068227052688599,-2.1028189659118652
20,target,32,-0.9628593921661377,-1.9833136796951294
20,target,33,-1.0487756729125977,-1.9871878623962402
20,target,34,-1.0160597562789917,-1.5535467863082886
20,target,35,-1.0055735111236572,-1.654536485671997
20,target,36,-1.10426926612854,-2.0070762634277344
20,target,37,-0.9957106113433838,-1.5610079765319824
20,target,38,-1.013741374015808,-1.7144824266433716
20,target,39,-1.0090196132659912,-1.7438513040542603
20,target,40,-1.0615932941436768,-1.44649076461792
20,target,41,-1.044406771659851,-1.407607078552246
20,target,42,-0.9136143922805786,-1.4980837106704712
20,target,43,-0.8794369697570801,-1.2654308080673218
20,target,44,-0.8446035385131836,-1.3451679944992065
20,target,45,-0.8253268003463745,-1.494724154472351
20,target,46,-0.9795621633529663,-0.6344704031944275
20,target,47,-1.1023379564285278,-1.111683964729309
20,target,48,-1.0972511768341064,-0.8744745254516602
20,target,49,-0.9290637969970703,-0.4418092966079712
20,target,50,-1.1070678234100342,-1.032171607017517
20,target,51,-1.0931217670440674,-1.6969828605651855
20,target,52,-1.0600589513778687,-1.4277461767196655
20,target,53,-1.1227641105651855,-1.7273973226547241
20,target,54,-1.1183756589889526,-1.6263130903244019
20,target,55,-1.1016417741775513,-1.4036823511123657
20,target,56,-1.0371320247650146,-1.364855408668518
20,target,57,-1.1058284044265747,-1.4702833890914917
20,target,58,-1.0684834718704224,-1.6407849788665771
20,target,59,-1.0374025106430054,-1.2896077632904053
20,target,60,-1.164618968963623,-1.3893660306930542
20,target,61,-1.1080924272537231,-1.2877016067504883
20,target,62,-1.070938229560852,-1.3203015327453613
20,target,63,-1.0631612539291382,-1.194601058959961
21,source,0,-0.8983437418937683,-1.27102792263031
21,source,1,-0.9017282128334045,-1.2706031799316406
21,source,2,-0.8902449607849121,-1.2963969707489014
21,source,3,-0.8789585828781128,-1.2059087753295898
21,source,4,-0.913537859916687,-1.245516300201416
21,source,5,-0.9143039584159851,-1.2495007514953613
21,source,6,-0.8881608843803406,-1.3122024536132812
21,source,7,-0.9028216600418091,-1.2949028015136719
21,source,8,-0.9273113012313843,-1.3954464197158813
21,source,9,-0.9197934865951538,-1.3031100034713745
21,source,10,-0.9006838798522949,-1.3963100910186768
21,source,11,-0.9172332882881165,-1.3389582633972168
21,source,12,-0.9749764204025269,-1.4065977334976196
21,source,13,-0.9792253971099854,-1.3190752267837524
21,source,14,-0.9776674509048462,-1.3958344459533691
21,source,15,-0.967179000377655,-1.3628126382827759
21,source,16,-0.9583074450492859,-1.3166056871414185
21,source,17,-0.9818805456161499,-1.3982319831848145
21,source,18,-0.9503936767578125,-1.343379259109497
21,source,19,-0.9808427095413208,-1.3352855443954468
21,source,20,-0.9815525412559509,-1.3185348510742188
21,source,21,-1.000436782836914,-1.3839973211288452
21,source,22,-1.0035974979400635,-1.389937162399292
21,source,23,-0.9993680119514465,-1.4152995347976685
21,source,24,-1.0051809549331665,-1.4026012420654297
21,source,25,-1.0020935535430908,-1.5338728427886963
21,source,26,-0.9942147731781006,-1.565771222114563
21,source,27,-0.9912670850753784,-1.508176326751709
21,source,28,-0.9532238841056824,-1.3952594995498657
21,source,29,-0.9665704369544983,-1.4754164218902588
21,source,30,-0.9562155604362488,-1.3130073547363281
21,source,31,-0.9570494890213013,-1.2820162773132324
21,source,32,-0.962945818901062,-1.2829052209854126
21,source,33,-0.9689542055130005,-1.344634771347046
21,source,34,-0.9575573205947876,-1.3433597087860107
21,source,35,-0.9996108412742615,-1.3788018226623535
21,source,36,-0.9750567674636841,-1.4270226955413818
21,source,37,-0.9920732378959656,-1.4531434774398804
21,source,38,-0.9564611911773682,-1.4675440788269043
21,source,39,-0.9824990034103394,-1.477707862854004
21,source,40,-0.9452642798423767,-1.4700257778167725
21,source,41,-0.9338499307632446,-1.4188872575759888
21,source,42,-0.9249155521392822,-1.4096039533615112
21,source,43,-0.9238948822021484,-1.36234712600708
21,source,44,-0.9332048892974854,-1.3649014234542847
21,source,45,-0.9443011283874512,-1.270695686340332
21,source,46,-0.928347110748291,-1.2951714992523193
21,source,47,-0.9355044364929199,-1.3335037231445312
21,source,48,-0.9436835050582886,-1.3607439994812012
21,source,49,-0.9700004458427429,-1.3197524547576904
21,source,50,-1.0060460567474365,-1.3281056880950928
21,source,51,-0.9636460542678833,-1.3069519996643066
21,source,52,-0.9876481294631958,-1.3120602369308472
21,source,53,-0.9899351000785828,-1.2932251691818237
21,source,54,-0.9702665209770203,-1.3445260524749756
21,source,55,-0.9802889823913574,-1.2921009063720703
21,source,56,-0.9715225696563721,-1.3518333435058594
21,source,57,-0.9844523668289185,-1.4532374143600464
21,source,58,-0.9791104197502136,-1.4655702114105225
21,source,59,-0.9680236577987671,-1.4680217504501343
21,source,60,-0.9774280190467834,-1.4672247171401978
21,source,61,-0.9695054292678833,-1.4102973937988281
21,source,62,-0.9803813695907593,-1.4888930320739746
21,source,63,-0.9501503705978394,-1.4441790580749512
21,target,0,-1.2281581163406372,-1.241807460784912
21,target,1,-1.3785792589187622,-1.8977235555648804
21,target,2,-1.2100393772125244,-1.914987325668335
21,target,3,-1.1736088991165161,-1.6502344608306885
21,target,4,-1.1392006874084473,-1.7279748916625977
21,target,5,-1.1709368228912354,-1.9211673736572266
21,target,6,-1.1042568683624268,-2.0522103309631348
21,target,7,-1.083202838897705,-1.6345783472061157
21,target,8,-1.0850591659545898,-1.7357336282730103
21,target,9,-1.1197381019592285,-1.4411020278930664
21,target,10,-1.0852680206298828,-1.4803082942962646
21,target,11,-1.0393073558807373,-1.8083122968673706
21,target,12,-1.1006039381027222,-1.5506826639175415
21,target,13,-1.1576284170150757,-1.4669363498687744
21,target,14,-1.1598291397094727,-1.6247894763946533
21,target,15,-1.1312603950500488,-1.6742006540298462
21,target,16,-1.1385027170181274,-1.7600845098495483
21,target,17,-1.1103788614273071,-1.8017938137054443
21,target,18,-1.179872751235962,-2.035531520843506
21,target,19,-1.3017396926879883,-1.9491350650787354
21,target,20,-1.2623369693756104,-2.0028154850006104
21,target,21,-1.068000078201294,-1.9290679693222046
21,target,22,-1.1967042684555054,-1.735034465789795
21,target,23,-1.1759026050567627,-1.7083736658096313
21,target,24,-1.1586865186691284,-1.7468312978744507
21,target,25,-1.1915414333343506,-1.9263930320739746
21,target,26,-1.0991781949996948,-1.8111236095428467
21,target,27,-1.0990862846374512,-1.8585405349731445
21,target,28,-0.9750043153762817,-1.9071485996246338
21,target,29,-1.1565101146697998,-1.70818293094635
21,target,30,-0.9796439409255981,-1.840828776359558
21,target,31,-1.1182490587234497,-2.0328352451324463
21,target,32,-1.119348168373108,-1.9831178188323975
21,target,33,-1.0734782218933105,-1.9710744619369507
21,target,34,-1.0831739902496338,-1.594521403312683
21,target,35,-1.0796504020690918,-1.7792433500289917
21,target,36,-1.1240663528442383,-1.9689021110534668
21,target,37,-1.0419235229492188,-1.6641442775726318
21,target,38,-1.1219980716705322,-1.8134790658950806
21,target,39,-1.05557382106781,-1.8800690174102783
21,target,40,-1.2232091426849365,-1.585850477218628
21,target,41,-1.204442024230957,-1.5509650707244873
21,target,42,-1.089163064956665,-1.635635256767273
21,target,43,-1.0261495113372803,-1.42021644115448
21,target,44,-1.0140223503112793,-1.411756157875061
21,target,45,-0.979033350944519,-1.4948087930679321
21,target,46,-1.1111088991165161,-0.8032410740852356
21,target,47,-1.211463451385498,-1.3484079837799072
21,target,48,-1.2362523078918457,-1.1788009405136108
21,target,49,-1.0851291418075562,-0.6673108339309692
21,target,50,-1.2273712158203125,-1.245413064956665
21,target,51,-1.2134709358215332,-1.7787408828735352
21,target,52,-1.1853680610656738,-1.5207215547561646
21,target,53,-1.2631440162658691,-1.8174183368682861
21,target,54,-1.2404797077178955,-1.7503690719604492
21,target,55,-1.2360743284225464,-1.5348631143569946
21,target,56,-1.1936609745025635,-1.5147956609725952
21,target,57,-1.237536907196045,-1.6858267784118652
21,target,58,-1.216421365737915,-1.7395150661468506
21,target,59,-1.2159128189086914,-1.510796070098877
21,target,60,-1.2920918464660645,-1.5213245153427124
21,target,61,-1.2431647777557373,-1.5098940134048462
21,target,62,-1.1561000347137451,-1.5603893995285034
21,target,63,-1.1911786794662476,-1.4189703464508057
22,source,0,-0.9064837098121643,-1.3687613010406494
22,source,1,-0.9448856711387634,-1.3991432189941406
22,source,2,-0.9255750179290771,-1.375251054763794
22,source,3,-0.9159072041511536,-1.299066424369812
22,source,4,-0.940111517906189,-1.2835789918899536
22,source,5,-0.936625063419342,-1.3255795240402222
22,source,6,-0.9444400072097778,-1.3695580959320068
22,source,7,-0.9548425674438477,-1.3456298112869263
22,source,8,-0.989371657371521,-1.475559949874878
22,source,9,-0.9836964011192322,-1.4070144891738892
22,source,10,-0.9838428497314453,-1.4800422191619873
22,source,11,-1.0002620220184326,-1.4635854959487915
22,source,12,-1.0258069038391113,-1.3981361389160156
22,source,13,-1.0211091041564941,-1.3841416835784912
22,source,14,-1.0198326110839844,-1.4037678241729736
22,source,15,-1.0126831531524658,-1.3719346523284912
22,source,16,-0.9775950908660889,-1.267439842224121
22,source,17,-0.981486439704895,-1.3783981800079346
22,source,18,-0.9775415658950806,-1.328460693359375
22,source,19,-0.9911131858825684,-1.3065917491912842
22,source,20,-1.010075330734253,-1.3362224102020264
22,source,21,-1.0034664869308472,-1.3843580484390259
22,source,22,-1.0261828899383545,-1.4024486541748047
22,source,23,-1.0371052026748657,-1.419891357421875
22,source,24,-1.0562524795532227,-1.40234375
22,source,25,-1.031339406967163,-1.5490397214889526
22,source,26,-1.0395485162734985,-1.5307769775390625
22,source,27,-1.0318399667739868,-1.5010371208190918
22,source,28,-0.9986117482185364,-1.457446813583374
22,source,29,-1.0466647148132324,-1.5278935432434082
22,source,30,-0.997159481048584,-1.3571248054504395
22,source,31,-0.9857481718063354,-1.2599027156829834
22,source,32,-0.9845950603485107,-1.2865720987319946
22,source,33,-0.9798012375831604,-1.394820213317871
22,source,34,-0.9888604879379272,-1.390753149986267
22,source,35,-1.051112174987793,-1.4346033334732056
22,source,36,-1.03944730758667,-1.4815176725387573
22,source,37,-1.0634613037109375,-1.5411568880081177
22,source,38,-1.0416133403778076,-1.566110372543335
22,source,39,-1.0511903762817383,-1.5720394849777222
22,source,40,-1.0090899467468262,-1.554180383682251
22,source,41,-1.0165213346481323,-1.553342580795288
22,source,42,-1.0156631469726562,-1.5895516872406006
22,source,43,-1.0086852312088013,-1.5058213472366333
22,source,44,-1.0090190172195435,-1.4496276378631592
22,source,45,-1.0211472511291504,-1.3885897397994995
22,source,46,-1.030361294746399,-1.39754319190979
22,source,47,-1.023315668106079,-1.3888928890228271
22,source,48,-1.00386381149292,-1.4099915027618408
22,source,49,-1.0160820484161377,-1.4140753746032715
22,source,50,-1.0445308685302734,-1.4357110261917114
22,source,51,-1.0077142715454102,-1.4561001062393188
22,source,52,-1.0155222415924072,-1.4178657531738281
22,source,53,-1.0212352275848389,-1.391507625579834
22,source,54,-1.009727954864502,-1.483388900756836
22,source,55,-1.0304962396621704,-1.442914366722107
22,source,56,-0.9962973594665527,-1.4855715036392212
22,source,57,-1.0025355815887451,-1.5169063806533813
22,source,58,-1.0020989179611206,-1.5667935609817505
22,source,59,-0.9988541007041931,-1.5356365442276
22,source,60,-1.0171138048171997,-1.563514232635498
22,source,61,-1.0217270851135254,-1.511457085609436
22,source,62,-1.0198684930801392,-1.575007438659668
22,source,63,-1.0131232738494873,-1.5780713558197021
22,target,0,-1.2750890254974365,-1.2262916564941406
22,target,1,-1.3951358795166016,-1.899823546409607
22,target,2,-1.3254358768463135,-1.8703713417053223
22,target,3,-1.2517080307006836,-1.7350685596466064
22,target,4,-1.1632548570632935,-1.7465533018112183
22,target,5,-1.1947423219680786,-2.015134811401367
22,target,6,-1.1242297887802124,-2.109541416168213
22,target,7,-1.1110498905181885,-1.7436844110488892
22,target,8,-1.1464273929595947,-1.8356232643127441
22,target,9,-1.1336898803710938,-1.4884506464004517
22,target,10,-1.1056098937988281,-1.5113917589187622
22,target,11,-1.0586305856704712,-1.7153762578964233
22,target,12,-1.125001311302185,-1.5420323610305786
22,target,13,-1.1403768062591553,-1.4651470184326172
22,target,14,-1.1306266784667969,-1.697799563407898
22,target,15,-1.1008254289627075,-1.7028809785842896
22,target,16,-1.1015686988830566,-1.7491084337234497
22,target,17,-1.145730972290039,-1.9184095859527588
22,target,18,-1.233525037765503,-2.0944132804870605
22,target,19,-1.2789514064788818,-1.857804536819458
22,target,20,-1.2656211853027344,-2.02543568611145
22,target,21,-1.0704621076583862,-2.0267281532287598
22,target,22,-1.1923542022705078,-1.773874282836914
22,target,23,-1.2041795253753662,-1.7304282188415527
22,target,24,-1.2165865898132324,-1.8359752893447876
22,target,25,-1.2472556829452515,-1.9216117858886719
22,target,26,-1.1309688091278076,-1.7616047859191895
22,target,27,-1.1174755096435547,-1.8139375448226929
22,target,28,-1.0344805717468262,-1.9167665243148804
22,target,29,-1.210627794265747,-1.8213143348693848
22,target,30,-0.9596222639083862,-1.7069989442825317
22,target,31,-1.1477583646774292,-2.1276135444641113
22,target,32,-1.1369895935058594,-2.0690078735351562
22,target,33,-1.2266771793365479,-1.8868581056594849
22,target,34,-1.1997296810150146,-1.6942397356033325
22,target,35,-1.20697021484375,-1.7828795909881592
22,target,36,-1.2539737224578857,-2.032223701477051
22,target,37,-1.1754893064498901,-1.634762167930603
22,target,38,-1.1982247829437256,-1.7809903621673584
22,target,39,-1.2350505590438843,-1.8819628953933716
22,target,40,-1.2438304424285889,-1.6111769676208496
22,target,41,-1.2100712060928345,-1.5143295526504517
22,target,42,-1.099419116973877,-1.7260971069335938
22,target,43,-1.0510997772216797,-1.4826130867004395
22,target,44,-1.0389995574951172,-1.5525007247924805
22,target,45,-1.0038139820098877,-1.6382510662078857
22,target,46,-1.1730222702026367,-0.9860191941261292
22,target,47,-1.2535099983215332,-1.3885822296142578
22,target,48,-1.2707133293151855,-1.2306878566741943
22,target,49,-1.12055242061615,-0.8872189521789551
22,target,50,-1.289339303970337,-1.299727439880371
22,target,51,-1.2653827667236328,-1.8587443828582764
22,target,52,-1.2299036979675293,-1.6575088500976562
22,target,53,-1.3065857887268066,-1.8751612901687622
22,target,54,-1.285067081451416,-1.740658164024353
22,target,55,-1.234824299812317,-1.5883708000183105
22,target,56,-1.2271370887756348,-1.6101337671279907
22,target,57,-1.258920431137085,-1.683383584022522
22,target,58,-1.2427963018417358,-1.8361172676086426
22,target,59,-1.2371838092803955,-1.551439642906189
22,target,60,-1.3462486267089844,-1.5719168186187744
22,target,61,-1.3061308860778809,-1.5424542427062988
22,target,62,-1.2859609127044678,-1.4936566352844238
22,target,63,-1.2340996265411377,-1.4261221885681152
23,source,0,-0.961997926235199,-1.1652472019195557
23,source,1,-0.9804543256759644,-1.2048828601837158
23,source,2,-0.9786648750305176,-1.1967670917510986
23,source,3,-0.9806870818138123,-1.1249496936798096
23,source,4,-0.9836917519569397,-1.128330111503601
23,source,5,-0.9896396994590759,-1.1587460041046143
23,source,6,-0.968287467956543,-1.1397571563720703
23,source,7,-0.9635795950889587,-1.1559858322143555
23,source,8,-1.003069281578064,-1.227333426475525
23,source,9,-0.9796881675720215,-1.1899774074554443
23,source,10,-0.9711994528770447,-1.2416082620620728
23,source,11,-0.9748597145080566,-1.2185018062591553
23,source,12,-1.0579710006713867,-1.2929654121398926
23,source,13,-1.0390629768371582,-1.282199740409851
23,source,14,-1.013895034790039,-1.322740077972412
23,source,15,-0.9974182844161987,-1.2854900360107422
23,source,16,-0.9754630327224731,-1.187324047088623
23,source,17,-0.9656157493591309,-1.227057695388794
23,source,18,-0.9703541994094849,-1.215580940246582
23,source,19,-0.9942418336868286,-1.189286708831787
23,source,20,-0.9826605319976807,-1.1847858428955078
23,source,21,-1.0095837116241455,-1.216390609741211
23,source,22,-1.0423885583877563,-1.2490005493164062
23,source,23,-1.0459532737731934,-1.2864525318145752
23,source,24,-1.070623755455017,-1.2845208644866943
23,source,25,-1.062260627746582,-1.3438503742218018
23,source,26,-1.0538909435272217,-1.3368942737579346
23,source,27,-1.0542296171188354,-1.299804925918579
23,source,28,-1.0256744623184204,-1.1993978023529053
23,source,29,-1.0500051975250244,-1.2664692401885986
23,source,30,-1.0297819375991821,-1.1506967544555664
23,source,31,-1.0231549739837646,-1.0998703241348267
23,source,32,-1.017793893814087,-1.0963878631591797
23,source,33,-1.0191932916641235,-1.1765754222869873
23,source,34,-1.0103917121887207,-1.1516718864440918
23,source,35,-1.0568044185638428,-1.2091503143310547
23,source,36,-1.0578925609588623,-1.26985764503479
23,source,37,-1.073929786682129,-1.294553279876709
23,source,38,-1.042114019393921,-1.3228305578231812
23,source,39,-1.0696154832839966,-1.3485045433044434
23,source,40,-1.0661146640777588,-1.3258025646209717
23,source,41,-1.0393708944320679,-1.3090882301330566
23,source,42,-1.0460877418518066,-1.3161218166351318
23,source,43,-1.0164992809295654,-1.2342782020568848
23,source,44,-1.0305970907211304,-1.2215402126312256
23,source,45,-1.0350232124328613,-1.1777706146240234
23,source,46,-1.0276775360107422,-1.178828477859497
23,source,47,-1.029545783996582,-1.161449670791626
23,source,48,-1.0131309032440186,-1.1688363552093506
23,source,49,-1.0327208042144775,-1.1918319463729858
23,source,50,-1.0537219047546387,-1.1914918422698975
23,source,51,-1.0097178220748901,-1.1921908855438232
23,source,52,-1.0209622383117676,-1.146592617034912
23,source,53,-1.0320887565612793,-1.1516507863998413
23,source,54,-1.019326090812683,-1.202425241470337
23,source,55,-1.0299277305603027,-1.2123528718948364
23,source,56,-0.9933019876480103,-1.2732982635498047
23,source,57,-0.9930671453475952,-1.3240095376968384
23,source,58,-0.9967641830444336,-1.382440447807312
23,source,59,-0.9863729476928711,-1.332116723060608
23,source,60,-0.9957649111747742,-1.3621286153793335
23,source,61,-0.9957705140113831,-1.3300342559814453
23,source,62,-1.0068306922912598,-1.3801319599151611
23,source,63,-1.0005757808685303,-1.3881994485855103
23,target,0,-1.267521619796753,-1.0795066356658936
23,target,1,-1.386784553527832,-1.692567229270935
23,target,2,-1.2922790050506592,-1.6529605388641357
23,target,3,-1.2437573671340942,-1.4992036819458008
23,target,4,-1.1899281740188599,-1.5039982795715332
23,target,5,-1.186509609222412,-1.7020925283432007
23,target,6,-1.1691855192184448,-1.849151611328125
23,target,7,-1.1342096328735352,-1.5371310710906982
23,target,8,-1.165695071220398,-1.6480950117111206
23,target,9,-1.1299885511398315,-1.2339726686477661
23,target,10,-1.1185578107833862,-1.3180263042449951
23,target,11,-1.094702959060669,-1.4427440166473389
23,target,12,-1.1280121803283691,-1.3548017740249634
23,target,13,-1.1866886615753174,-1.3316713571548462
23,target,14,-1.1750987768173218,-1.43027663230896
23,target,15,-1.1555066108703613,-1.487045168876648
23,target,16,-1.14152991771698,-1.51353919506073
23,target,17,-1.1847097873687744,-1.6782366037368774
23,target,18,-1.2468199729919434,-1.8191298246383667
23,target,19,-1.271676778793335,-1.7019063234329224
23,target,20,-1.2761375904083252,-1.772706389427185
23,target,21,-1.129294753074646,-1.8301771879196167
23,target,22,-1.1961560249328613,-1.532960057258606
23,target,23,-1.1966910362243652,-1.5034878253936768
23,target,24,-1.1975854635238647,-1.6414521932601929
23,target,25,-1.2639234066009521,-1.6994976997375488
23,target,26,-1.160339593887329,-1.590434193611145
23,target,27,-1.1460199356079102,-1.6442902088165283
23,target,28,-1.0760499238967896,-1.6314294338226318
23,target,29,-1.1977543830871582,-1.5369304418563843
23,target,30,-1.0483851432800293,-1.5142019987106323
23,target,31,-1.1690261363983154,-1.7237589359283447
23,target,32,-1.1377559900283813,-1.6348676681518555
23,target,33,-1.20229172706604,-1.5760635137557983
23,target,34,-1.1816740036010742,-1.4539464712142944
23,target,35,-1.1593830585479736,-1.551755428314209
23,target,36,-1.2738850116729736,-1.8056869506835938
23,target,37,-1.1753251552581787,-1.4907102584838867
23,target,38,-1.1985092163085938,-1.5149930715560913
23,target,39,-1.24973726272583,-1.5887848138809204
23,target,40,-1.2419198751449585,-1.4904682636260986
23,target,41,-1.2223738431930542,-1.446989893913269
23,target,42,-1.0972187519073486,-1.5270287990570068
23,target,43,-1.060227394104004,-1.3612362146377563
23,target,44,-1.0320988893508911,-1.4705345630645752
23,target,45,-1.0030274391174316,-1.4746519327163696
23,target,46,-1.1710602045059204,-0.8551503419876099
23,target,47,-1.2285916805267334,-1.2032561302185059
23,target,48,-1.2562164068222046,-1.0998528003692627
23,target,49,-1.1025151014328003,-0.7312332987785339
23,target,50,-1.2625768184661865,-1.1513633728027344
23,target,51,-1.26078462600708,-1.6493885517120361
23,target,52,-1.2375785112380981,-1.4359731674194336
23,target,53,-1.3128693103790283,-1.6770133972167969
23,target,54,-1.2728720903396606,-1.5571056604385376
23,target,55,-1.2532521486282349,-1.4325261116027832
23,target,56,-1.2367112636566162,-1.3767783641815186
23,target,57,-1.272519588470459,-1.4402341842651367
23,target,58,-1.2443578243255615,-1.4963877201080322
23,target,59,-1.2262388467788696,-1.3662842512130737
23,target,60,-1.3470487594604492,-1.419830322265625
23,target,61,-1.2843865156173706,-1.3942826986312866
23,target,62,-1.2760543823242188,-1.3615272045135498
23,target,63,-1.2279406785964966,-1.2271523475646973
24,source,0,-0.9808818101882935,-1.1962051391601562
24,source,1,-0.9960548877716064,-1.2253715991973877
24,source,2,-0.9821257591247559,-1.2187652587890625
24,source,3,-0.9823207855224609,-1.1813874244689941
24,source,4,-1.002139925956726,-1.2104827165603638
24,source,5,-1.0064606666564941,-1.2282286882400513
24,source,6,-0.9951803088188171,-1.2458710670471191
24,source,7,-0.9921023845672607,-1.2617981433868408
24,source,8,-1.022603988647461,-1.3098092079162598
24,source,9,-1.0231990814208984,-1.2705732583999634
24,source,10,-1.0180881023406982,-1.3311561346054077
24,source,11,-1.0273096561431885,-1.2631323337554932
24,source,12,-1.0755584239959717,-1.3271433115005493
24,source,13,-1.0509705543518066,-1.2419509887695312
24,source,14,-1.0365731716156006,-1.3008604049682617
24,source,15,-1.0205539464950562,-1.2956451177597046
24,source,16,-1.0169281959533691,-1.254654049873352
24,source,17,-1.0092687606811523,-1.2899227142333984
24,source,18,-1.022671103477478,-1.2846384048461914
24,source,19,-1.0341618061065674,-1.2466039657592773
24,source,20,-1.0334234237670898,-1.250986099243164
24,source,21,-1.0536240339279175,-1.2777881622314453
24,source,22,-1.0771543979644775,-1.3264098167419434
24,source,23,-1.0726099014282227,-1.3383172750473022
24,source,24,-1.0910758972167969,-1.354376196861267
24,source,25,-1.0781350135803223,-1.4062411785125732
24,source,26,-1.0638747215270996,-1.407882571220398
24,source,27,-1.0652967691421509,-1.3838450908660889
24,source,28,-1.0462000370025635,-1.3009696006774902
24,source,29,-1.0573742389678955,-1.3514997959136963
24,source,30,-1.040413737297058,-1.2509331703186035
24,source,31,-1.0315598249435425,-1.1889758110046387
24,source,32,-1.0377787351608276,-1.1949659585952759
24,source,33,-1.0407025814056396,-1.223740816116333
24,source,34,-1.0339523553848267,-1.2053248882293701
24,source,35,-1.0702147483825684,-1.2594577074050903
24,source,36,-1.047821044921875,-1.283272624015808
24,source,37,-1.062993049621582,-1.3146090507507324
24,source,38,-1.0413459539413452,-1.3211019039154053
24,source,39,-1.0576815605163574,-1.3016129732131958
24,source,40,-1.0470002889633179,-1.2791481018066406
24,source,41,-1.0536787509918213,-1.3084204196929932
24,source,42,-1.0525662899017334,-1.3106234073638916
24,source,43,-1.0190808773040771,-1.268002986907959
24,source,44,-1.0331355333328247,-1.269453525543213
24,source,45,-1.0513056516647339,-1.22456955909729
24,source,46,-1.0417096614837646,-1.2056024074554443
24,source,47,-1.03062105178833,-1.2215559482574463
24,source,48,-1.0126861333847046,-1.2163171768188477
24,source,49,-1.0330047607421875,-1.2498968839645386
24,source,50,-1.0560476779937744,-1.246178388595581
24,source,51,-1.0159918069839478,-1.2289283275604248
24,source,52,-1.033024549484253,-1.192362666130066
24,source,53,-1.0450931787490845,-1.2044657468795776
24,source,54,-1.0278639793395996,-1.2395520210266113
24,source,55,-1.0437859296798706,-1.2372543811798096
24,source,56,-1.0083286762237549,-1.3008623123168945
24,source,57,-1.0134072303771973,-1.3186137676239014
24,source,58,-1.0195327997207642,-1.3260010480880737
24,source,59,-1.0059998035430908,-1.3582854270935059
24,source,60,-1.0093002319335938,-1.38090181350708
24,source,61,-1.024099349975586,-1.3646419048309326
24,source,62,-1.0425599813461304,-1.3970515727996826
24,source,63,-1.0320093631744385,-1.3716193437576294
24,target,0,-1.2296833992004395,-1.1401629447937012
24,target,1,-1.3057124614715576,-1.7101471424102783
24,target,2,-1.2250901460647583,-1.6540406942367554
24,target,3,-1.2108325958251953,-1.5510731935501099
24,target,4,-1.150639295578003,-1.5407521724700928
24,target,5,-1.199885368347168,-1.8260736465454102
24,target,6,-1.1150259971618652,-1.9077415466308594
24,target,7,-1.1234049797058105,-1.5722812414169312
24,target,8,-1.1503777503967285,-1.6383488178253174
24,target,9,-1.131635308265686,-1.3641650676727295
24,target,10,-1.1131436824798584,-1.386871337890625
24,target,11,-1.119840383529663,-1.5672694444656372
24,target,12,-1.1229041814804077,-1.4224332571029663
24,target,13,-1.1433544158935547,-1.3481602668762207
24,target,14,-1.1688365936279297,-1.5418767929077148
24,target,15,-1.1391551494598389,-1.5670315027236938
24,target,16,-1.1154069900512695,-1.4873030185699463
24,target,17,-1.1229939460754395,-1.7111940383911133
24,target,18,-1.1963369846343994,-1.8794617652893066
24,target,19,-1.225948452949524,-1.6648491621017456
24,target,20,-1.2326247692108154,-1.8568429946899414
24,target,21,-1.120701551437378,-1.831289529800415
24,target,22,-1.1762217283248901,-1.636921763420105
24,target,23,-1.1724743843078613,-1.511340856552124
24,target,24,-1.1693871021270752,-1.6153059005737305
24,target,25,-1.1817421913146973,-1.652927041053772
24,target,26,-1.1233576536178589,-1.6019905805587769
24,target,27,-1.0971484184265137,-1.6336250305175781
24,target,28,-1.0680193901062012,-1.597835898399353
24,target,29,-1.1651694774627686,-1.6503689289093018
24,target,30,-1.015547513961792,-1.555253267288208
24,target,31,-1.1723062992095947,-1.862777829170227
24,target,32,-1.1687204837799072,-1.8103396892547607
24,target,33,-1.1542819738388062,-1.6632053852081299
24,target,34,-1.1473557949066162,-1.5235432386398315
24,target,35,-1.1184340715408325,-1.6427170038223267
24,target,36,-1.2052891254425049,-1.7780436277389526
24,target,37,-1.1329522132873535,-1.5024765729904175
24,target,38,-1.1512396335601807,-1.6356375217437744
24,target,39,-1.1590511798858643,-1.6189112663269043
24,target,40,-1.172977328300476,-1.4402998685836792
24,target,41,-1.1656770706176758,-1.389227032661438
24,target,42,-1.0916367769241333,-1.5042537450790405
24,target,43,-1.074371337890625,-1.285639762878418
24,target,44,-1.0507756471633911,-1.2840237617492676
24,target,45,-1.0195635557174683,-1.4108318090438843
24,target,46,-1.1333363056182861,-0.9502323269844055
24,target,47,-1.186856985092163,-1.2493985891342163
24,target,48,-1.2018799781799316,-1.1381034851074219
24,target,49,-1.1321020126342773,-0.8450702428817749
24,target,50,-1.1892778873443604,-1.1566128730773926
24,target,51,-1.2144367694854736,-1.6510902643203735
24,target,52,-1.1788909435272217,-1.4169926643371582
24,target,53,-1.2430288791656494,-1.658259391784668
24,target,54,-1.2246463298797607,-1.556234359741211
24,target,55,-1.1922544240951538,-1.3798112869262695
24,target,56,-1.1611957550048828,-1.311237096786499
24,target,57,-1.212695598602295,-1.4330246448516846
24,target,58,-1.1784493923187256,-1.5081498622894287
24,target,59,-1.164939284324646,-1.3485939502716064
24,target,60,-1.2489675283432007,-1.338978886604309
24,target,61,-1.215738296508789,-1.3406033515930176
24,target,62,-1.1762969493865967,-1.2893154621124268
24,target,63,-1.1797218322753906,-1.227076530456543
25,source,0,-1.0040658712387085,-1.1848626136779785
25,source,1,-1.0234405994415283,-1.2464749813079834
25,source,2,-1.0125172138214111,-1.2486653327941895
25,source,3,-1.007638692855835,-1.1759874820709229
25,source,4,-1.0236361026763916,-1.1723679304122925
25,source,5,-1.0318315029144287,-1.1859197616577148
25,source,6,-1.0378814935684204,-1.2408963441848755
25,source,7,-1.0297868251800537,-1.2251850366592407
25,source,8,-1.063497543334961,-1.291137456893921
25,source,9,-1.0749239921569824,-1.271499752998352
25,source,10,-1.0830448865890503,-1.3379462957382202
25,source,11,-1.0825705528259277,-1.285739541053772
25,source,12,-1.1160407066345215,-1.3614068031311035
25,source,13,-1.0934562683105469,-1.2325506210327148
25,source,14,-1.0943021774291992,-1.271334171295166
25,source,15,-1.066143274307251,-1.2272002696990967
25,source,16,-1.064527153968811,-1.217516303062439
25,source,17,-1.0607502460479736,-1.2416887283325195
25,source,18,-1.0690040588378906,-1.2321549654006958
25,source,19,-1.0822516679763794,-1.2083741426467896
25,source,20,-1.071807861328125,-1.2151119709014893
25,source,21,-1.0894410610198975,-1.2741079330444336
25,source,22,-1.1235257387161255,-1.317755103111267
25,source,23,-1.1078803539276123,-1.3605650663375854
25,source,24,-1.1313689947128296,-1.3827030658721924
25,source,25,-1.1260497570037842,-1.4235806465148926
25,source,26,-1.127835988998413,-1.3735744953155518
25,source,27,-1.1339178085327148,-1.369210958480835
25,source,28,-1.0998317003250122,-1.3000116348266602
25,source,29,-1.1116993427276611,-1.3628699779510498
25,source,30,-1.086595058441162,-1.2546690702438354
25,source,31,-1.0832139253616333,-1.2228224277496338
25,source,32,-1.0823993682861328,-1.2197668552398682
25,source,33,-1.0703610181808472,-1.2364249229431152
25,source,34,-1.0724025964736938,-1.2632505893707275
25,source,35,-1.1185433864593506,-1.2976150512695312
25,source,36,-1.1035155057907104,-1.2991818189620972
25,source,37,-1.1206176280975342,-1.3395826816558838
25,source,38,-1.1041299104690552,-1.353782296180725
25,source,39,-1.118194341659546,-1.3319283723831177
25,source,40,-1.109025001525879,-1.3026907444000244
25,source,41,-1.1088014841079712,-1.3387365341186523
25,source,42,-1.1125061511993408,-1.3140430450439453
25,source,43,-1.0958397388458252,-1.2879425287246704
25,source,44,-1.0949920415878296,-1.2689800262451172
25,source,45,-1.111325979232788,-1.2421597242355347
25,source,46,-1.0935218334197998,-1.2342791557312012
25,source,47,-1.0768952369689941,-1.227752447128296
25,source,48,-1.0594987869262695,-1.2101144790649414
25,source,49,-1.0793311595916748,-1.258604884147644
25,source,50,-1.098122000694275,-1.2672975063323975
25,source,51,-1.0745521783828735,-1.3213425874710083
25,source,52,-1.0818023681640625,-1.272200584411621
25,source,53,-1.1003515720367432,-1.2835417985916138
25,source,54,-1.0823824405670166,-1.2816590070724487
25,source,55,-1.0940279960632324,-1.2751896381378174
25,source,56,-1.0698951482772827,-1.280160903930664
25,source,57,-1.0648927688598633,-1.3409476280212402
25,source,58,-1.0746090412139893,-1.3407176733016968
25,source,59,-1.0801945924758911,-1.3446719646453857
25,source,60,-1.085364818572998,-1.36367928981781
25,source,61,-1.093423843383789,-1.3544909954071045
25,source,62,-1.1112804412841797,-1.3982322216033936
25,source,63,-1.1078826189041138,-1.3965344429016113
25,target,0,-1.2507336139678955,-1.1191303730010986
25,target,1,-1.3083271980285645,-1.6036491394042969
25,target,2,-1.2619819641113281,-1.7159786224365234
25,target,3,-1.2405714988708496,-1.485496163368225
25,target,4,-1.1876423358917236,-1.434119701385498
25,target,5,-1.1822645664215088,-1.753583550453186
25,target,6,-1.148902177810669,-1.774096131324768
25,target,7,-1.1445577144622803,-1.5351611375808716
25,target,8,-1.180602788925171,-1.6197693347930908
25,target,9,-1.1625033617019653,-1.3207333087921143
25,target,10,-1.14210844039917,-1.3440285921096802
25,target,11,-1.134713888168335,-1.4718291759490967
25,target,12,-1.1502277851104736,-1.3749445676803589
25,target,13,-1.198987364768982,-1.3155407905578613
25,target,14,-1.194692850112915,-1.3920891284942627
25,target,15,-1.1794850826263428,-1.4198172092437744
25,target,16,-1.192044973373413,-1.555654525756836
25,target,17,-1.1509931087493896,-1.6831624507904053
25,target,18,-1.2022607326507568,-1.781247615814209
25,target,19,-1.2205528020858765,-1.7072511911392212
25,target,20,-1.221923828125,-1.712777018547058
25,target,21,-1.1510021686553955,-1.7215579748153687
25,target,22,-1.1578350067138672,-1.48079514503479
25,target,23,-1.1976380348205566,-1.4539753198623657
25,target,24,-1.178466558456421,-1.5635128021240234
25,target,25,-1.241823673248291,-1.677822232246399
25,target,26,-1.1561064720153809,-1.5420408248901367
25,target,27,-1.1335749626159668,-1.5797380208969116
25,target,28,-1.15175461769104,-1.6980249881744385
25,target,29,-1.2154643535614014,-1.5521693229675293
25,target,30,-1.0790928602218628,-1.4800944328308105
25,target,31,-1.22628653049469,-1.7849090099334717
25,target,32,-1.2142260074615479,-1.703836441040039
25,target,33,-1.1806321144104004,-1.6863747835159302
25,target,34,-1.175083875656128,-1.5102752447128296
25,target,35,-1.172151803970337,-1.5397714376449585
25,target,36,-1.250689148902893,-1.8267781734466553
25,target,37,-1.1384308338165283,-1.4777940511703491
25,target,38,-1.1878184080123901,-1.622154712677002
25,target,39,-1.1954110860824585,-1.6798006296157837
25,target,40,-1.2040200233459473,-1.388506531715393
25,target,41,-1.209998607635498,-1.3588359355926514
25,target,42,-1.1521008014678955,-1.5387272834777832
25,target,43,-1.1125315427780151,-1.347758412361145
25,target,44,-1.0809475183486938,-1.3376665115356445
25,target,45,-1.0602421760559082,-1.4372360706329346
25,target,46,-1.180330753326416,-0.8935310244560242
25,target,47,-1.251213550567627,-1.2324888706207275
25,target,48,-1.2535409927368164,-1.0999547243118286
25,target,49,-1.1736164093017578,-0.791724443435669
25,target,50,-1.2298288345336914,-1.223728895187378
25,target,51,-1.2680909633636475,-1.606762170791626
25,target,52,-1.2318553924560547,-1.4257258176803589
25,target,53,-1.3012943267822266,-1.6310758590698242
25,target,54,-1.2658954858779907,-1.532299518585205
25,target,55,-1.2427232265472412,-1.3648003339767456
25,target,56,-1.2103179693222046,-1.318263292312622
25,target,57,-1.2604516744613647,-1.4482876062393188
25,target,58,-1.230283260345459,-1.4694164991378784
25,target,59,-1.2353718280792236,-1.3622888326644897
25,target,60,-1.2983729839324951,-1.4540629386901855
25,target,61,-1.2591767311096191,-1.3572521209716797
25,target,62,-1.215248703956604,-1.4182744026184082
25,target,63,-1.2265286445617676,-1.2597057819366455
26,source,0,-1.0230247974395752,-1.2208129167556763
26,source,1,-1.0402981042861938,-1.3150919675827026
26,source,2,-1.0391290187835693,-1.3031827211380005
26,source,3,-1.0296292304992676,-1.256333827972412
26,source,4,-1.0364036560058594,-1.240400791168213
26,source,5,-1.0380350351333618,-1.242029070854187
26,source,6,-1.033437728881836,-1.2678624391555786
26,source,7,-1.0303363800048828,-1.2457032203674316
26,source,8,-1.0534536838531494,-1.32357656955719
26,source,9,-1.0533215999603271,-1.2656346559524536
26,source,10,-1.0610644817352295,-1.327752709388733
26,source,11,-1.059143304824829,-1.2757567167282104
26,source,12,-1.094835638999939,-1.3634189367294312
26,source,13,-1.083998680114746,-1.2829642295837402
26,source,14,-1.0907869338989258,-1.3349385261535645
26,source,15,-1.071014404296875,-1.2949820756912231
26,source,16,-1.0742285251617432,-1.2481067180633545
26,source,17,-1.0741444826126099,-1.2929972410202026
26,source,18,-1.0608779191970825,-1.3162424564361572
26,source,19,-1.0689510107040405,-1.2932777404785156
26,source,20,-1.0543184280395508,-1.2646994590759277
26,source,21,-1.0608373880386353,-1.2825753688812256
26,source,22,-1.085362195968628,-1.310625433921814
26,source,23,-1.0801154375076294,-1.3428611755371094
26,source,24,-1.0893690586090088,-1.308450698852539
26,source,25,-1.0926815271377563,-1.4164822101593018
26,source,26,-1.1004035472869873,-1.4050402641296387
26,source,27,-1.1010671854019165,-1.397125005722046
26,source,28,-1.0783509016036987,-1.3688429594039917
26,source,29,-1.0832537412643433,-1.4247334003448486
26,source,30,-1.057466745376587,-1.3298132419586182
26,source,31,-1.0601792335510254,-1.2600946426391602
26,source,32,-1.0629072189331055,-1.277388095855713
26,source,33,-1.0587555170059204,-1.3232582807540894
26,source,34,-1.0593141317367554,-1.3230619430541992
26,source,35,-1.1004772186279297,-1.3566105365753174
26,source,36,-1.091444730758667,-1.3688220977783203
26,source,37,-1.1008371114730835,-1.3974792957305908
26,source,38,-1.097374439239502,-1.4118897914886475
26,source,39,-1.1030666828155518,-1.3921014070510864
26,source,40,-1.0978295803070068,-1.3841562271118164
26,source,41,-1.0943667888641357,-1.4137260913848877
26,source,42,-1.0963619947433472,-1.4171061515808105
26,source,43,-1.0773766040802002,-1.3800235986709595
26,source,44,-1.068894624710083,-1.3183743953704834
26,source,45,-1.088521957397461,-1.2782812118530273
26,source,46,-1.0807304382324219,-1.290854573249817
26,source,47,-1.059188961982727,-1.27554452419281
26,source,48,-1.0455827713012695,-1.2592809200286865
26,source,49,-1.0641404390335083,-1.309977412223816
26,source,50,-1.083554983139038,-1.315170168876648
26,source,51,-1.0562164783477783,-1.3056080341339111
26,source,52,-1.0751330852508545,-1.2986161708831787
26,source,53,-1.0785586833953857,-1.2717244625091553
26,source,54,-1.0646268129348755,-1.2973095178604126
26,source,55,-1.0710742473602295,-1.3012449741363525
26,source,56,-1.0530097484588623,-1.364569067955017
26,source,57,-1.049736738204956,-1.409217119216919
26,source,58,-1.0516033172607422,-1.4002116918563843
26,source,59,-1.045873999595642,-1.38163423538208
26,source,60,-1.0532456636428833,-1.407090663909912
26,source,61,-1.0556137561798096,-1.395768404006958
26,source,62,-1.0532565116882324,-1.4007846117019653
26,source,63,-1.062857985496521,-1.407082438468933
26,target,0,-1.2345165014266968,-1.126149296760559
26,target,1,-1.3454902172088623,-1.6053866147994995
26,target,2,-1.2461514472961426,-1.6962172985076904
26,target,3,-1.2350645065307617,-1.4961440563201904
26,target,4,-1.1634631156921387,-1.4770382642745972
26,target,5,-1.1951922178268433,-1.7361438274383545
26,target,6,-1.1483910083770752,-1.7999143600463867
26,target,7,-1.1178555488586426,-1.504094123840332
26,target,8,-1.1704028844833374,-1.5888508558273315
26,target,9,-1.136428952217102,-1.3066198825836182
26,target,10,-1.1188193559646606,-1.3105350732803345
26,target,11,-1.1349616050720215,-1.488207459449768
26,target,12,-1.097759485244751,-1.290279507637024
26,target,13,-1.1618319749832153,-1.3220535516738892
26,target,14,-1.1893672943115234,-1.4244998693466187
26,target,15,-1.1768677234649658,-1.4810309410095215
26,target,16,-1.158048152923584,-1.466426968574524
26,target,17,-1.1460983753204346,-1.6271247863769531
26,target,18,-1.2129253149032593,-1.7688394784927368
26,target,19,-1.219213843345642,-1.6561572551727295
26,target,20,-1.234318733215332,-1.74335515499115
26,target,21,-1.1280672550201416,-1.6442164182662964
26,target,22,-1.1520482301712036,-1.5335818529129028
26,target,23,-1.188237190246582,-1.4855469465255737
26,target,24,-1.175433874130249,-1.6129517555236816
26,target,25,-1.224095344543457,-1.6593239307403564
26,target,26,-1.1027066707611084,-1.5327284336090088
26,target,27,-1.108659029006958,-1.5964651107788086
26,target,28,-1.1060585975646973,-1.569273591041565
26,target,29,-1.2070860862731934,-1.601353645324707
26,target,30,-1.0992916822433472,-1.5806677341461182
26,target,31,-1.1688272953033447,-1.7975305318832397
26,target,32,-1.1485204696655273,-1.714216709136963
26,target,33,-1.1458423137664795,-1.6695982217788696
26,target,34,-1.1454529762268066,-1.4614466428756714
26,target,35,-1.1588718891143799,-1.6047521829605103
26,target,36,-1.217766523361206,-1.8144065141677856
26,target,37,-1.1099988222122192,-1.452772617340088
26,target,38,-1.154770016670227,-1.5491523742675781
26,target,39,-1.1390312910079956,-1.643317461013794
26,target,40,-1.2153651714324951,-1.4386926889419556
26,target,41,-1.2078125476837158,-1.3899089097976685
26,target,42,-1.1282269954681396,-1.5196404457092285
26,target,43,-1.0985963344573975,-1.3264654874801636
26,target,44,-1.078405499458313,-1.386529803276062
26,target,45,-1.0406110286712646,-1.3859297037124634
26,target,46,-1.1763594150543213,-1.026285171508789
26,target,47,-1.2420389652252197,-1.2261502742767334
26,target,48,-1.2260029315948486,-1.155272364616394
26,target,49,-1.1275867223739624,-0.8861451148986816
26,target,50,-1.2358789443969727,-1.309678077697754
26,target,51,-1.259727954864502,-1.6044206619262695
26,target,52,-1.2116193771362305,-1.4610384702682495
26,target,53,-1.2807731628417969,-1.5894105434417725
26,target,54,-1.2477796077728271,-1.5684428215026855
26,target,55,-1.22119140625,-1.3644663095474243
26,target,56,-1.2058403491973877,-1.318211555480957
26,target,57,-1.2381908893585205,-1.4417448043823242
26,target,58,-1.2259364128112793,-1.4693658351898193
26,target,59,-1.2109375,-1.3360893726348877
26,target,60,-1.293745994567871,-1.4525742530822754
26,target,61,-1.2539290189743042,-1.3963991403579712
26,target,62,-1.2125762701034546,-1.35465669631958
26,target,63,-1.2151824235916138,-1.256465196609497
27,source,0,-1.0668933391571045,-1.346382975578308
27,source,1,-1.075638771057129,-1.4003170728683472
27,source,2,-1.064630150794983,-1.3848364353179932
27,source,3,-1.0565139055252075,-1.3545275926589966
27,source,4,-1.054746389389038,-1.318829894065857
27,source,5,-1.0417392253875732,-1.3001739978790283
27,source,6,-1.0682095289230347,-1.3559274673461914
27,source,7,-1.075119972229004,-1.3430012464523315
27,source,8,-1.0883328914642334,-1.415933609008789
27,source,9,-1.0971789360046387,-1.3716071844100952
27,source,10,-1.1117591857910156,-1.4147967100143433
27,source,11,-1.09984290599823,-1.375962257385254
27,source,12,-1.1276967525482178,-1.4282772541046143
27,source,13,-1.1150953769683838,-1.3377841711044312
27,source,14,-1.1068811416625977,-1.3866195678710938
27,source,15,-1.1003414392471313,-1.3461946249008179
27,source,16,-1.103604793548584,-1.3273351192474365
27,source,17,-1.1043870449066162,-1.3642288446426392
27,source,18,-1.0967011451721191,-1.3483741283416748
27,source,19,-1.1000359058380127,-1.3045177459716797
27,source,20,-1.0993163585662842,-1.3005976676940918
27,source,21,-1.113142490386963,-1.3648499250411987
27,source,22,-1.127394676208496,-1.3747355937957764
27,source,23,-1.1295702457427979,-1.393032193183899
27,source,24,-1.1405484676361084,-1.4256452322006226
27,source,25,-1.1203579902648926,-1.468595027923584
27,source,26,-1.1095669269561768,-1.4251700639724731
27,source,27,-1.1178443431854248,-1.408228874206543
27,source,28,-1.1073417663574219,-1.3571269512176514
27,source,29,-1.120417833328247,-1.3991010189056396
27,source,30,-1.0870739221572876,-1.324321985244751
27,source,31,-1.0794705152511597,-1.2872313261032104
27,source,32,-1.0791950225830078,-1.330355167388916
27,source,33,-1.0732316970825195,-1.3515396118164062
27,source,34,-1.0698789358139038,-1.3680860996246338
27,source,35,-1.112219214439392,-1.3957573175430298
27,source,36,-1.1140209436416626,-1.426098108291626
27,source,37,-1.128743290901184,-1.4472209215164185
27,source,38,-1.1102241277694702,-1.4782650470733643
27,source,39,-1.1117502450942993,-1.4294930696487427
27,source,40,-1.0952271223068237,-1.4241604804992676
27,source,41,-1.1079356670379639,-1.4793267250061035
27,source,42,-1.102968454360962,-1.475786566734314
27,source,43,-1.0793954133987427,-1.4058867692947388
27,source,44,-1.086437702178955,-1.3582570552825928
27,source,45,-1.099071979522705,-1.3235869407653809
27,source,46,-1.0945438146591187,-1.3313488960266113
27,source,47,-1.0769010782241821,-1.3272887468338013
27,source,48,-1.0681579113006592,-1.308478832244873
27,source,49,-1.0982966423034668,-1.3723173141479492
27,source,50,-1.1123781204223633,-1.369691014289856
27,source,51,-1.0890789031982422,-1.3569971323013306
27,source,52,-1.108629584312439,-1.3734880685806274
27,source,53,-1.114769697189331,-1.3535934686660767
27,source,54,-1.0922197103500366,-1.3852145671844482
27,source,55,-1.0914864540100098,-1.3841561079025269
27,source,56,-1.085106372833252,-1.3863173723220825
27,source,57,-1.0835574865341187,-1.44525146484375
27,source,58,-1.0871119499206543,-1.4035747051239014
27,source,59,-1.0909608602523804,-1.426871418952942
27,source,60,-1.1090052127838135,-1.4489128589630127
27,source,61,-1.114854335784912,-1.4196696281433105
27,source,62,-1.117008924484253,-1.451198697090149
27,source,63,-1.1134053468704224,-1.470453143119812
27,target,0,-1.2343530654907227,-1.2239675521850586
27,target,1,-1.3218684196472168,-1.6436935663223267
27,target,2,-1.2414666414260864,-1.7113349437713623
27,target,3,-1.2602390050888062,-1.5641976594924927
27,target,4,-1.2034568786621094,-1.579969882965088
27,target,5,-1.2556946277618408,-1.8137316703796387
27,target,6,-1.2052603960037231,-1.8837718963623047
27,target,7,-1.1840264797210693,-1.6703548431396484
27,target,8,-1.231684923171997,-1.7472573518753052
27,target,9,-1.1800434589385986,-1.4543875455856323
27,target,10,-1.1634202003479004,-1.4605945348739624
27,target,11,-1.1697757244110107,-1.5781358480453491
27,target,12,-1.179949402809143,-1.5058897733688354
27,target,13,-1.2058460712432861,-1.4558547735214233
27,target,14,-1.206244707107544,-1.5824635028839111
27,target,15,-1.1996300220489502,-1.6343116760253906
27,target,16,-1.1914130449295044,-1.5801477432250977
27,target,17,-1.1940515041351318,-1.7158657312393188
27,target,18,-1.2535614967346191,-1.8558437824249268
27,target,19,-1.2622170448303223,-1.77543044090271
27,target,20,-1.2623324394226074,-1.8371027708053589
27,target,21,-1.165222406387329,-1.7867894172668457
27,target,22,-1.2082114219665527,-1.6350458860397339
27,target,23,-1.2348196506500244,-1.5862923860549927
27,target,24,-1.2013136148452759,-1.7105040550231934
27,target,25,-1.2539395093917847,-1.6834591627120972
27,target,26,-1.1492602825164795,-1.5574618577957153
27,target,27,-1.1563366651535034,-1.661380410194397
27,target,28,-1.1387460231781006,-1.6035939455032349
27,target,29,-1.2379053831100464,-1.7036703824996948
27,target,30,-1.144493579864502,-1.6669306755065918
27,target,31,-1.2247507572174072,-1.8946505784988403
27,target,32,-1.2164862155914307,-1.810091257095337
27,target,33,-1.184640645980835,-1.709701418876648
27,target,34,-1.2035109996795654,-1.5680749416351318
27,target,35,-1.1615034341812134,-1.6646744012832642
27,target,36,-1.2521488666534424,-1.835275650024414
27,target,37,-1.152294635772705,-1.5286595821380615
27,target,38,-1.2017645835876465,-1.6339818239212036
27,target,39,-1.1993768215179443,-1.6675748825073242
27,target,40,-1.208182454109192,-1.4838745594024658
27,target,41,-1.2158174514770508,-1.475052833557129
27,target,42,-1.1918666362762451,-1.5572963953018188
27,target,43,-1.149139642715454,-1.4052454233169556
27,target,44,-1.1413226127624512,-1.4597089290618896
27,target,45,-1.125355839729309,-1.526134967803955
27,target,46,-1.1810306310653687,-1.1073414087295532
27,target,47,-1.2607097625732422,-1.2823361158370972
27,target,48,-1.2498571872711182,-1.2115126848220825
27,target,49,-1.1524347066879272,-1.0009013414382935
27,target,50,-1.2326557636260986,-1.293308138847351
27,target,51,-1.2702057361602783,-1.6901001930236816
27,target,52,-1.2422363758087158,-1.481424331665039
27,target,53,-1.3177556991577148,-1.6566098928451538
27,target,54,-1.2836382389068604,-1.6493490934371948
27,target,55,-1.2693474292755127,-1.4636411666870117
27,target,56,-1.250816822052002,-1.3735432624816895
27,target,57,-1.2644155025482178,-1.4786529541015625
27,target,58,-1.2622404098510742,-1.548758864402771
27,target,59,-1.243581771850586,-1.3650405406951904
27,target,60,-1.3027089834213257,-1.462895393371582
27,target,61,-1.2613555192947388,-1.3961292505264282
27,target,62,-1.2330971956253052,-1.3715747594833374
27,target,63,-1.2410335540771484,-1.2956186532974243
28,source,0,-1.0857353210449219,-1.2993125915527344
28,source,1,-1.0909130573272705,-1.3606078624725342
28,source,2,-1.0881950855255127,-1.353348970413208
28,source,3,-1.093245506286621,-1.3418850898742676
28,source,4,-1.0972872972488403,-1.322239875793457
28,source,5,-1.089354157447815,-1.3369266986846924
28,source,6,-1.1043927669525146,-1.3820639848709106
28,source,7,-1.1066009998321533,-1.375349521636963
28,source,8,-1.1043481826782227,-1.4083619117736816
28,source,9,-1.1034770011901855,-1.3623228073120117
28,source,10,-1.111444115638733,-1.3858555555343628
28,source,11,-1.1045275926589966,-1.354190468788147
28,source,12,-1.1255161762237549,-1.4044243097305298
28,source,13,-1.1354671716690063,-1.3536412715911865
28,source,14,-1.1237163543701172,-1.3847404718399048
28,source,15,-1.1139702796936035,-1.3509373664855957
28,source,16,-1.1178948879241943,-1.3346662521362305
28,source,17,-1.1110379695892334,-1.3836344480514526
28,source,18,-1.1239023208618164,-1.3737554550170898
28,source,19,-1.1285679340362549,-1.3499900102615356
28,source,20,-1.1172454357147217,-1.3392207622528076
28,source,21,-1.1184000968933105,-1.3780276775360107
28,source,22,-1.1392908096313477,-1.4141954183578491
28,source,23,-1.1417516469955444,-1.428638219833374
28,source,24,-1.1584551334381104,-1.4414349794387817
28,source,25,-1.1167362928390503,-1.4750984907150269
28,source,26,-1.127082109451294,-1.4116215705871582
28,source,27,-1.1409956216812134,-1.4064807891845703
28,source,28,-1.1258869171142578,-1.3638756275177002
28,source,29,-1.1414744853973389,-1.4108320474624634
28,source,30,-1.1244282722473145,-1.3538525104522705
28,source,31,-1.1274968385696411,-1.323508620262146
28,source,32,-1.1160001754760742,-1.3234071731567383
28,source,33,-1.1138126850128174,-1.3599834442138672
28,source,34,-1.120182752609253,-1.3565140962600708
28,source,35,-1.1631996631622314,-1.3971784114837646
28,source,36,-1.1500287055969238,-1.4076708555221558
28,source,37,-1.158062219619751,-1.424602746963501
28,source,38,-1.1532771587371826,-1.4458427429199219
28,source,39,-1.1578357219696045,-1.4404010772705078
28,source,40,-1.149965763092041,-1.4188172817230225
28,source,41,-1.141113519668579,-1.4541269540786743
28,source,42,-1.151413917541504,-1.448501467704773
28,source,43,-1.142564296722412,-1.400119662284851
28,source,44,-1.1409564018249512,-1.373673915863037
28,source,45,-1.1523723602294922,-1.345152497291565
28,source,46,-1.1477261781692505,-1.3413667678833008
28,source,47,-1.1304903030395508,-1.3387651443481445
28,source,48,-1.12041175365448,-1.336469054222107
28,source,49,-1.1436822414398193,-1.3919999599456787
28,source,50,-1.1605232954025269,-1.3915350437164307
28,source,51,-1.1355204582214355,-1.3832838535308838
28,source,52,-1.1462054252624512,-1.3838471174240112
28,source,53,-1.1482210159301758,-1.3734862804412842
28,source,54,-1.1337945461273193,-1.3698010444641113
28,source,55,-1.128689169883728,-1.3842952251434326
28,source,56,-1.1131742000579834,-1.3879963159561157
28,source,57,-1.1153161525726318,-1.4396172761917114
28,source,58,-1.1043665409088135,-1.4146584272384644
28,source,59,-1.1075652837753296,-1.4222848415374756
28,source,60,-1.1217782497406006,-1.46322500705719
28,source,61,-1.1247141361236572,-1.420924186706543
28,source,62,-1.1191368103027344,-1.4264661073684692
28,source,63,-1.1183581352233887,-1.4397099018096924
28,target,0,-1.2547192573547363,-1.2488785982131958
28,target,1,-1.31905198097229,-1.6577486991882324
28,target,2,-1.2635679244995117,-1.628692865371704
28,target,3,-1.2426960468292236,-1.5909042358398438
28,target,4,-1.2034320831298828,-1.5178465843200684
28,target,5,-1.2254348993301392,-1.6970276832580566
28,target,6,-1.1817796230316162,-1.7076382637023926
28,target,7,-1.1636277437210083,-1.5315080881118774
28,target,8,-1.202829122543335,-1.5968494415283203
28,target,9,-1.1601907014846802,-1.3473774194717407
28,target,10,-1.1196624040603638,-1.3438259363174438
28,target,11,-1.1308032274246216,-1.484717607498169
28,target,12,-1.1471350193023682,-1.4318774938583374
28,target,13,-1.1856274604797363,-1.3676596879959106
28,target,14,-1.180240511894226,-1.4363075494766235
28,target,15,-1.1845273971557617,-1.509590744972229
28,target,16,-1.1720942258834839,-1.5282745361328125
28,target,17,-1.1609115600585938,-1.6158808469772339
28,target,18,-1.2319486141204834,-1.7555705308914185
28,target,19,-1.233328104019165,-1.663798451423645
28,target,20,-1.2490785121917725,-1.7431550025939941
28,target,21,-1.1642444133758545,-1.6803900003433228
28,target,22,-1.2036283016204834,-1.5716623067855835
28,target,23,-1.2163970470428467,-1.5163668394088745
28,target,24,-1.1860413551330566,-1.5731751918792725
28,target,25,-1.227954626083374,-1.595440149307251
28,target,26,-1.1442606449127197,-1.523601770401001
28,target,27,-1.1291520595550537,-1.5416686534881592
28,target,28,-1.1646232604980469,-1.557761311531067
28,target,29,-1.2164175510406494,-1.5567209720611572
28,target,30,-1.1161720752716064,-1.4895051717758179
28,target,31,-1.219024419784546,-1.7938896417617798
28,target,32,-1.1960723400115967,-1.6910375356674194
28,target,33,-1.2093560695648193,-1.7208223342895508
28,target,34,-1.215335488319397,-1.5583831071853638
28,target,35,-1.1667671203613281,-1.506226897239685
28,target,36,-1.2334911823272705,-1.7456876039505005
28,target,37,-1.158062219619751,-1.467866063117981
28,target,38,-1.2185273170471191,-1.6078039407730103
28,target,39,-1.2152942419052124,-1.6220920085906982
28,target,40,-1.2280678749084473,-1.4560472965240479
28,target,41,-1.2109894752502441,-1.456740379333496
28,target,42,-1.1603775024414062,-1.488544225692749
28,target,43,-1.1420762538909912,-1.3616408109664917
28,target,44,-1.1188600063323975,-1.3961001634597778
28,target,45,-1.093695044517517,-1.4397169351577759
28,target,46,-1.2272498607635498,-1.1026297807693481
28,target,47,-1.2758556604385376,-1.3276103734970093
28,target,48,-1.2715314626693726,-1.2500836849212646
28,target,49,-1.1809508800506592,-1.007699966430664
28,target,50,-1.2687873840332031,-1.3327956199645996
28,target,51,-1.2753450870513916,-1.616034984588623
28,target,52,-1.243891954421997,-1.4478548765182495
28,target,53,-1.29288649559021,-1.5633927583694458
28,target,54,-1.2739031314849854,-1.5752801895141602
28,target,55,-1.237100601196289,-1.4064123630523682
28,target,56,-1.230677604675293,-1.3951144218444824
28,target,57,-1.246169924736023,-1.452423334121704
28,target,58,-1.2392940521240234,-1.497997760772705
28,target,59,-1.2424051761627197,-1.3903839588165283
28,target,60,-1.3250828981399536,-1.4650728702545166
28,target,61,-1.2823954820632935,-1.3960539102554321
28,target,62,-1.2684030532836914,-1.3880611658096313
28,target,63,-1.2525207996368408,-1.3146421909332275
29,source,0,-1.0384858846664429,-1.1649785041809082
29,source,1,-1.0416574478149414,-1.2155663967132568
29,source,2,-1.0317888259887695,-1.1886672973632812
29,source,3,-1.0347354412078857,-1.167846441268921
29,source,4,-1.0408470630645752,-1.1707385778427124
29,source,5,-1.0379372835159302,-1.1754460334777832
29,source,6,-1.0466059446334839,-1.2043591737747192
29,source,7,-1.0495734214782715,-1.2129439115524292
29,source,8,-1.058974266052246,-1.2306218147277832
29,source,9,-1.0467298030853271,-1.1720819473266602
29,source,10,-1.04329514503479,-1.1929906606674194
29,source,11,-1.0383567810058594,-1.1749765872955322
29,source,12,-1.059565544128418,-1.2316792011260986
29,source,13,-1.0528156757354736,-1.18424391746521
29,source,14,-1.0453823804855347,-1.2127344608306885
29,source,15,-1.0420458316802979,-1.1757701635360718
29,source,16,-1.0506612062454224,-1.1582410335540771
29,source,17,-1.0460631847381592,-1.2025811672210693
29,source,18,-1.062330961227417,-1.1955511569976807
29,source,19,-1.0746955871582031,-1.180408239364624
29,source,20,-1.0745335817337036,-1.177137851715088
29,source,21,-1.0828890800476074,-1.2090272903442383
29,source,22,-1.096407413482666,-1.2252007722854614
29,source,23,-1.0931804180145264,-1.2224684953689575
29,source,24,-1.108251929283142,-1.2439169883728027
29,source,25,-1.0743694305419922,-1.2951316833496094
29,source,26,-1.0791363716125488,-1.2382694482803345
29,source,27,-1.0933445692062378,-1.2488436698913574
29,source,28,-1.0726999044418335,-1.2200453281402588
29,source,29,-1.0854265689849854,-1.2563681602478027
29,source,30,-1.066843032836914,-1.1923115253448486
29,source,31,-1.065099835395813,-1.1619964838027954
29,source,32,-1.067959189414978,-1.174662709236145
29,source,33,-1.052695393562317,-1.2047374248504639
29,source,34,-1.0529003143310547,-1.2083446979522705
29,source,35,-1.0857155323028564,-1.2495086193084717
29,source,36,-1.0732533931732178,-1.2258820533752441
29,source,37,-1.0768654346466064,-1.250686526298523
29,source,38,-1.0614643096923828,-1.280259609222412
29,source,39,-1.0786466598510742,-1.2850302457809448
29,source,40,-1.066392183303833,-1.2751502990722656
29,source,41,-1.0595440864562988,-1.281182050704956
29,source,42,-1.0685296058654785,-1.2824344635009766
29,source,43,-1.0573077201843262,-1.2373368740081787
29,source,44,-1.0665830373764038,-1.2201879024505615
29,source,45,-1.0704319477081299,-1.1760165691375732
29,source,46,-1.0629856586456299,-1.1688382625579834
29,source,47,-1.052821159362793,-1.1697884798049927
29,source,48,-1.0544589757919312,-1.1665794849395752
29,source,49,-1.0647650957107544,-1.2146285772323608
29,source,50,-1.0816502571105957,-1.2108310461044312
29,source,51,-1.05535888671875,-1.1916998624801636
29,source,52,-1.0685958862304688,-1.2035763263702393
29,source,53,-1.0783002376556396,-1.2015379667282104
29,source,54,-1.0664000511169434,-1.2028954029083252
29,source,55,-1.0632503032684326,-1.2164475917816162
29,source,56,-1.0436480045318604,-1.2273902893066406
29,source,57,-1.0487570762634277,-1.2732996940612793
29,source,58,-1.0393187999725342,-1.2635252475738525
29,source,59,-1.0367088317871094,-1.254944920539856
29,source,60,-1.043993353843689,-1.287644386291504
29,source,61,-1.0424163341522217,-1.255436658859253
29,source,62,-1.0488249063491821,-1.2424845695495605
29,source,63,-1.0497913360595703,-1.24783456325531
29,target,0,-1.2031464576721191,-1.1117091178894043
29,target,1,-1.2979730367660522,-1.533738136291504
29,target,2,-1.2325758934020996,-1.517488956451416
29,target,3,-1.2008776664733887,-1.375448226928711
29,target,4,-1.159743070602417,-1.3938010931015015
29,target,5,-1.198117733001709,-1.5537551641464233
29,target,6,-1.1506328582763672,-1.6412506103515625
29,target,7,-1.149014949798584,-1.4681918621063232
29,target,8,-1.1758098602294922,-1.5416442155838013
29,target,9,-1.1320264339447021,-1.2226173877716064
29,target,10,-1.0942564010620117,-1.2474558353424072
29,target,11,-1.1228351593017578,-1.387727975845337
29,target,12,-1.1307333707809448,-1.3114893436431885
29,target,13,-1.1704251766204834,-1.2944231033325195
29,target,14,-1.1772370338439941,-1.364182472229004
29,target,15,-1.1724399328231812,-1.3733031749725342
29,target,16,-1.1597585678100586,-1.4199202060699463
29,target,17,-1.1311206817626953,-1.4904615879058838
29,target,18,-1.1967871189117432,-1.6559816598892212
29,target,19,-1.1944174766540527,-1.5427212715148926
29,target,20,-1.2384729385375977,-1.6474616527557373
29,target,21,-1.1268362998962402,-1.5687702894210815
29,target,22,-1.1677051782608032,-1.4447323083877563
29,target,23,-1.176714539527893,-1.4184385538101196
29,target,24,-1.1516050100326538,-1.5284913778305054
29,target,25,-1.22528076171875,-1.5571895837783813
29,target,26,-1.1039042472839355,-1.4456214904785156
29,target,27,-1.1164755821228027,-1.5243029594421387
29,target,28,-1.1079908609390259,-1.380449652671814
29,target,29,-1.1826930046081543,-1.4238721132278442
29,target,30,-1.0689380168914795,-1.291007161140442
29,target,31,-1.1924536228179932,-1.6575630903244019
29,target,32,-1.1929206848144531,-1.60739266872406
29,target,33,-1.1747615337371826,-1.4617239236831665
29,target,34,-1.1534035205841064,-1.404003620147705
29,target,35,-1.1538012027740479,-1.382349967956543
29,target,36,-1.19404935836792,-1.6306943893432617
29,target,37,-1.1179251670837402,-1.3713147640228271
29,target,38,-1.178581714630127,-1.4752840995788574
29,target,39,-1.179666519165039,-1.4743317365646362
29,target,40,-1.19026517868042,-1.3464970588684082
29,target,41,-1.1653385162353516,-1.3353822231292725
29,target,42,-1.1074141263961792,-1.3193094730377197
29,target,43,-1.100752353668213,-1.1950855255126953
29,target,44,-1.0614356994628906,-1.2016725540161133
29,target,45,-1.0583996772766113,-1.2815192937850952
29,target,46,-1.1623531579971313,-1.0128834247589111
29,target,47,-1.2163183689117432,-1.1965241432189941
29,target,48,-1.2141942977905273,-1.0943257808685303
29,target,49,-1.1437091827392578,-0.9268707036972046
29,target,50,-1.2001889944076538,-1.2556161880493164
29,target,51,-1.2309361696243286,-1.4731608629226685
29,target,52,-1.2038675546646118,-1.3258240222930908
29,target,53,-1.2638394832611084,-1.4825831651687622
29,target,54,-1.2379896640777588,-1.4266042709350586
29,target,55,-1.2073121070861816,-1.307645559310913
29,target,56,-1.1952307224273682,-1.2910053730010986
29,target,57,-1.2007637023925781,-1.3351398706436157
29,target,58,-1.209911584854126,-1.4159542322158813
29,target,59,-1.220334768295288,-1.278167724609375
29,target,60,-1.2907695770263672,-1.3491241931915283
29,target,61,-1.2333333492279053,-1.2563657760620117
29,target,62,-1.2183318138122559,-1.2579383850097656
29,target,63,-1.2190419435501099,-1.2279369831085205
30,source,0,-1.0635466575622559,-1.2435954809188843
30,source,1,-1.0790400505065918,-1.2707593441009521
30,source,2,-1.075410008430481,-1.2728421688079834
30,source,3,-1.0827796459197998,-1.2606722116470337
30,source,4,-1.0804718732833862,-1.2506036758422852
30,source,5,-1.079314112663269,-1.2572100162506104
30,source,6,-1.074808120727539,-1.2731318473815918
30,source,7,-1.0777652263641357,-1.2925941944122314
30,source,8,-1.0880547761917114,-1.3050334453582764
30,source,9,-1.0816116333007812,-1.2685428857803345
30,source,10,-1.0859770774841309,-1.3124943971633911
30,source,11,-1.0787476301193237,-1.2931547164916992
30,source,12,-1.1062636375427246,-1.3308616876602173
30,source,13,-1.109126329421997,-1.2884427309036255
30,source,14,-1.1086843013763428,-1.3171541690826416
30,source,15,-1.099073886871338,-1.2922165393829346
30,source,16,-1.102938175201416,-1.274893879890442
30,source,17,-1.106642723083496,-1.2979271411895752
30,source,18,-1.1091651916503906,-1.294309139251709
30,source,19,-1.1159883737564087,-1.2849857807159424
30,source,20,-1.107599139213562,-1.2767633199691772
30,source,21,-1.1186692714691162,-1.310910701751709
30,source,22,-1.1316866874694824,-1.3052058219909668
30,source,23,-1.119253396987915,-1.3197818994522095
30,source,24,-1.1399869918823242,-1.3352586030960083
30,source,25,-1.109875202178955,-1.3802587985992432
30,source,26,-1.111754298210144,-1.341970443725586
30,source,27,-1.1143535375595093,-1.3177964687347412
30,source,28,-1.0969223976135254,-1.2835338115692139
30,source,29,-1.119207501411438,-1.3185735940933228
30,source,30,-1.1137263774871826,-1.2782948017120361
30,source,31,-1.111205816268921,-1.2500407695770264
30,source,32,-1.1142537593841553,-1.2457036972045898
30,source,33,-1.1093268394470215,-1.2771940231323242
30,source,34,-1.0985509157180786,-1.2756059169769287
30,source,35,-1.1316972970962524,-1.2938896417617798
30,source,36,-1.1189709901809692,-1.3103387355804443
30,source,37,-1.1327204704284668,-1.319163203239441
30,source,38,-1.112527847290039,-1.3181891441345215
30,source,39,-1.1158287525177002,-1.327433705329895
30,source,40,-1.1087299585342407,-1.3147848844528198
30,source,41,-1.09505295753479,-1.3227484226226807
30,source,42,-1.1013728380203247,-1.3078019618988037
30,source,43,-1.096014380455017,-1.2830548286437988
30,source,44,-1.1006512641906738,-1.2702398300170898
30,source,45,-1.101058006286621,-1.237697720527649
30,source,46,-1.1042368412017822,-1.2501611709594727
30,source,47,-1.0958025455474854,-1.2634472846984863
30,source,48,-1.092812180519104,-1.2644730806350708
30,source,49,-1.1133370399475098,-1.2973601818084717
30,source,50,-1.12382173538208,-1.2887643575668335
30,source,51,-1.0989042520523071,-1.270173192024231
30,source,52,-1.1089518070220947,-1.2773030996322632
30,source,53,-1.114137053489685,-1.2534180879592896
30,source,54,-1.106093406677246,-1.2957913875579834
30,source,55,-1.1056116819381714,-1.2967413663864136
30,source,56,-1.086033582687378,-1.29973566532135
30,source,57,-1.0771276950836182,-1.329669713973999
30,source,58,-1.0734481811523438,-1.3227031230926514
30,source,59,-1.0790224075317383,-1.3131775856018066
30,source,60,-1.0926332473754883,-1.337660312652588
30,source,61,-1.1098366975784302,-1.3034175634384155
30,source,62,-1.1041860580444336,-1.313071370124817
30,source,63,-1.1022822856903076,-1.3192445039749146
30,target,0,-1.2025659084320068,-1.18259859085083
30,target,1,-1.3224329948425293,-1.5090794563293457
30,target,2,-1.248293399810791,-1.4990220069885254
30,target,3,-1.2178022861480713,-1.3765428066253662
30,target,4,-1.1702477931976318,-1.433382511138916
30,target,5,-1.1905231475830078,-1.6999469995498657
30,target,6,-1.1765937805175781,-1.6958884000778198
30,target,7,-1.1493395566940308,-1.4549779891967773
30,target,8,-1.1846718788146973,-1.5264818668365479
30,target,9,-1.1273726224899292,-1.346884846687317
30,target,10,-1.101707935333252,-1.3170862197875977
30,target,11,-1.1286635398864746,-1.4056819677352905
30,target,12,-1.1367019414901733,-1.3558770418167114
30,target,13,-1.167876124382019,-1.281637191772461
30,target,14,-1.1683521270751953,-1.3821667432785034
30,target,15,-1.1554512977600098,-1.3627277612686157
30,target,16,-1.1589105129241943,-1.4314916133880615
30,target,17,-1.1411184072494507,-1.5602633953094482
30,target,18,-1.2087910175323486,-1.6951873302459717
30,target,19,-1.2258235216140747,-1.5934127569198608
30,target,20,-1.2289669513702393,-1.6656208038330078
30,target,21,-1.153965950012207,-1.5767885446548462
30,target,22,-1.1583300828933716,-1.5178197622299194
30,target,23,-1.1765012741088867,-1.414170265197754
30,target,24,-1.1783666610717773,-1.5365744829177856
30,target,25,-1.2438347339630127,-1.5236620903015137
30,target,26,-1.149216890335083,-1.4803998470306396
30,target,27,-1.167490005493164,-1.5463519096374512
30,target,28,-1.1516823768615723,-1.4966931343078613
30,target,29,-1.1782917976379395,-1.4786567687988281
30,target,30,-1.095188856124878,-1.4614055156707764
30,target,31,-1.1843111515045166,-1.6765629053115845
30,target,32,-1.1926686763763428,-1.6551671028137207
30,target,33,-1.1572649478912354,-1.5054603815078735
30,target,34,-1.169352412223816,-1.4008831977844238
30,target,35,-1.1507248878479004,-1.4784411191940308
30,target,36,-1.197331190109253,-1.622983694076538
30,target,37,-1.1362090110778809,-1.4040977954864502
30,target,38,-1.18245267868042,-1.5030502080917358
30,target,39,-1.1708979606628418,-1.496280550956726
30,target,40,-1.191967248916626,-1.4056981801986694
30,target,41,-1.177668571472168,-1.4113571643829346
30,target,42,-1.1489983797073364,-1.3449796438217163
30,target,43,-1.1342401504516602,-1.2514463663101196
30,target,44,-1.1313854455947876,-1.2703956365585327
30,target,45,-1.096982717514038,-1.311086654663086
30,target,46,-1.1851251125335693,-1.052046775817871
30,target,47,-1.2177581787109375,-1.259544849395752
30,target,48,-1.2168023586273193,-1.1683497428894043
30,target,49,-1.1647096872329712,-0.9899759292602539
30,target,50,-1.2098301649093628,-1.272026777267456
30,target,51,-1.2355434894561768,-1.479889154434204
30,target,52,-1.213179588317871,-1.333116888999939
30,target,53,-1.2724132537841797,-1.485642671585083
30,target,54,-1.2274894714355469,-1.4593703746795654
30,target,55,-1.2219544649124146,-1.3457605838775635
30,target,56,-1.2102138996124268,-1.362226963043213
30,target,57,-1.223405361175537,-1.3816637992858887
30,target,58,-1.2107353210449219,-1.4278913736343384
30,target,59,-1.225637435913086,-1.3355846405029297
30,target,60,-1.2717771530151367,-1.382420539855957
30,target,61,-1.2354412078857422,-1.3282029628753662
30,target,62,-1.2042334079742432,-1.2926020622253418
30,target,63,-1.221994161605835,-1.2582018375396729
31,source,0,-1.0764386653900146,-1.2205655574798584
31,source,1,-1.0937687158584595,-1.2620933055877686
31,source,2,-1.0883790254592896,-1.2554582357406616
31,source,3,-1.0890814065933228,-1.2342878580093384
31,source,4,-1.0780487060546875,-1.213050365447998
31,source,5,-1.082761526107788,-1.220566987991333
31,source,6,-1.0878920555114746,-1.259640097618103
31,source,7,-1.0872631072998047,-1.2689785957336426
31,source,8,-1.1006718873977661,-1.290611743927002
31,source,9,-1.0975641012191772,-1.249828577041626
31,source,10,-1.1001498699188232,-1.2850446701049805
31,source,11,-1.0878021717071533,-1.2417988777160645
31,source,12,-1.104278326034546,-1.323499321937561
31,source,13,-1.103700876235962,-1.2399755716323853
31,source,14,-1.092231273651123,-1.2474896907806396
31,source,15,-1.08970308303833,-1.2370615005493164
31,source,16,-1.0860109329223633,-1.220570683479309
31,source,17,-1.0859451293945312,-1.2425888776779175
31,source,18,-1.0909202098846436,-1.2349340915679932
31,source,19,-1.1004890203475952,-1.226977825164795
31,source,20,-1.1015468835830688,-1.2200508117675781
31,source,21,-1.1068722009658813,-1.265315055847168
31,source,22,-1.12241530418396,-1.2820388078689575
31,source,23,-1.1200339794158936,-1.2869586944580078
31,source,24,-1.1432154178619385,-1.3193533420562744
31,source,25,-1.1155281066894531,-1.381685733795166
31,source,26,-1.1120996475219727,-1.3283002376556396
31,source,27,-1.1206600666046143,-1.3182541131973267
31,source,28,-1.0974905490875244,-1.2939302921295166
31,source,29,-1.1161009073257446,-1.3329522609710693
31,source,30,-1.099800944328308,-1.2656769752502441
31,source,31,-1.095009207725525,-1.2252905368804932
31,source,32,-1.098934292793274,-1.2311495542526245
31,source,33,-1.0929315090179443,-1.26715087890625
31,source,34,-1.090291142463684,-1.2454661130905151
31,source,35,-1.1202260255813599,-1.2738513946533203
31,source,36,-1.1047570705413818,-1.2773276567459106
31,source,37,-1.1140540838241577,-1.3030086755752563
31,source,38,-1.1028218269348145,-1.309363603591919
31,source,39,-1.1056146621704102,-1.312003493309021
31,source,40,-1.0978257656097412,-1.3075363636016846
31,source,41,-1.094937801361084,-1.3113528490066528
31,source,42,-1.103682041168213,-1.3105688095092773
31,source,43,-1.0945863723754883,-1.2953243255615234
31,source,44,-1.098060965538025,-1.2806787490844727
31,source,45,-1.099057674407959,-1.2339752912521362
31,source,46,-1.0976426601409912,-1.2283343076705933
31,source,47,-1.084736943244934,-1.2219411134719849
31,source,48,-1.0813555717468262,-1.2186204195022583
31,source,49,-1.0987428426742554,-1.2434486150741577
31,source,50,-1.1174228191375732,-1.265709638595581
31,source,51,-1.1010469198226929,-1.2675573825836182
31,source,52,-1.1101003885269165,-1.2669684886932373
31,source,53,-1.1087487936019897,-1.2530016899108887
31,source,54,-1.103379726409912,-1.2786628007888794
31,source,55,-1.0985338687896729,-1.2723896503448486
31,source,56,-1.0914027690887451,-1.2729556560516357
31,source,57,-1.0879178047180176,-1.3101487159729004
31,source,58,-1.0749789476394653,-1.2758222818374634
31,source,59,-1.0803383588790894,-1.280868649482727
31,source,60,-1.0919270515441895,-1.311625599861145
31,source,61,-1.098700761795044,-1.2908484935760498
31,source,62,-1.0927131175994873,-1.2897998094558716
31,source,63,-1.0933912992477417,-1.31201171875
31,target,0,-1.1944607496261597,-1.1668376922607422
31,target,1,-1.3252549171447754,-1.5381112098693848
31,target,2,-1.2572693824768066,-1.5669890642166138
31,target,3,-1.2386585474014282,-1.449031114578247
31,target,4,-1.1568646430969238,-1.403278112411499
31,target,5,-1.1911875009536743,-1.5873557329177856
31,target,6,-1.1864473819732666,-1.6481977701187134
31,target,7,-1.1561212539672852,-1.396804690361023
31,target,8,-1.1792097091674805,-1.4751354455947876
31,target,9,-1.1292459964752197,-1.2835198640823364
31,target,10,-1.1112089157104492,-1.2854996919631958
31,target,11,-1.1237455606460571,-1.3726089000701904
31,target,12,-1.139134407043457,-1.3706469535827637
31,target,13,-1.158065676689148,-1.2340221405029297
31,target,14,-1.1652261018753052,-1.344132900238037
31,target,15,-1.1504504680633545,-1.3233211040496826
31,target,16,-1.1563384532928467,-1.4014676809310913
31,target,17,-1.156017780303955,-1.519083023071289
31,target,18,-1.2183833122253418,-1.5991626977920532
31,target,19,-1.222339391708374,-1.5575305223464966
31,target,20,-1.2336499691009521,-1.6587721109390259
31,target,21,-1.1645594835281372,-1.5684031248092651
31,target,22,-1.1552101373672485,-1.4543840885162354
31,target,23,-1.1848872900009155,-1.386432409286499
31,target,24,-1.1622631549835205,-1.5066543817520142
31,target,25,-1.235971212387085,-1.545658826828003
31,target,26,-1.135470986366272,-1.4355181455612183
31,target,27,-1.1541748046875,-1.5345882177352905
31,target,28,-1.1488690376281738,-1.5509047508239746
31,target,29,-1.18240487575531,-1.4494848251342773
31,target,30,-1.0721690654754639,-1.3651251792907715
31,target,31,-1.19142484664917,-1.6141083240509033
31,target,32,-1.1928493976593018,-1.5774255990982056
31,target,33,-1.1671710014343262,-1.553579330444336
31,target,34,-1.167597770690918,-1.467707633972168
31,target,35,-1.112628698348999,-1.4726908206939697
31,target,36,-1.2035925388336182,-1.6276071071624756
31,target,37,-1.1167943477630615,-1.4041967391967773
31,target,38,-1.1743453741073608,-1.5178381204605103
31,target,39,-1.1651536226272583,-1.510988712310791
31,target,40,-1.1922550201416016,-1.373985767364502
31,target,41,-1.1725642681121826,-1.353857159614563
31,target,42,-1.1355044841766357,-1.3661680221557617
31,target,43,-1.111789345741272,-1.275338053703308
31,target,44,-1.0987298488616943,-1.2849717140197754
31,target,45,-1.086801528930664,-1.3148843050003052
31,target,46,-1.1642920970916748,-1.0612037181854248
31,target,47,-1.2053210735321045,-1.2761492729187012
31,target,48,-1.2098710536956787,-1.1803194284439087
31,target,49,-1.1393578052520752,-0.9800974726676941
31,target,50,-1.189873456954956,-1.2574106454849243
31,target,51,-1.2379841804504395,-1.522829294204712
31,target,52,-1.1858727931976318,-1.3738479614257812
31,target,53,-1.2642097473144531,-1.5075862407684326
31,target,54,-1.2434706687927246,-1.4849956035614014
31,target,55,-1.2067855596542358,-1.342157244682312
31,target,56,-1.1954529285430908,-1.3774893283843994
31,target,57,-1.2229945659637451,-1.4184869527816772
31,target,58,-1.2025779485702515,-1.4451404809951782
31,target,59,-1.1968114376068115,-1.3232566118240356
31,target,60,-1.2711999416351318,-1.400600790977478
31,target,61,-1.227602481842041,-1.3488507270812988
31,target,62,-1.1988904476165771,-1.3300577402114868
31,target,63,-1.2059261798858643,-1.2908779382705688
32,source,0,-1.063400387763977,-1.2252742052078247
32,source,1,-1.0896447896957397,-1.2505775690078735
32,source,2,-1.0800831317901611,-1.2454733848571777
32,source,3,-1.0789005756378174,-1.2311292886734009
32,source,4,-1.0777764320373535,-1.2140624523162842
32,source,5,-1.077716588973999,-1.2146694660186768
32,source,6,-1.0838032960891724,-1.2437440156936646
32,source,7,-1.0959994792938232,-1.2683693170547485
32,source,8,-1.1095771789550781,-1.3021761178970337
32,source,9,-1.106274127960205,-1.2752729654312134
32,source,10,-1.1155550479888916,-1.3108091354370117
32,source,11,-1.1042325496673584,-1.2807304859161377
32,source,12,-1.1282331943511963,-1.3499317169189453
32,source,13,-1.121553659439087,-1.2579777240753174
32,source,14,-1.123138189315796,-1.2901904582977295
32,source,15,-1.1112864017486572,-1.2749885320663452
32,source,16,-1.10904860496521,-1.2714799642562866
32,source,17,-1.1099801063537598,-1.2795946598052979
32,source,18,-1.1214938163757324,-1.2764811515808105
32,source,19,-1.1245348453521729,-1.2650291919708252
32,source,20,-1.1258738040924072,-1.265364408493042
32,source,21,-1.1270689964294434,-1.2943196296691895
32,source,22,-1.1427233219146729,-1.2955307960510254
32,source,23,-1.1425119638442993,-1.3174784183502197
32,source,24,-1.1558938026428223,-1.3368091583251953
32,source,25,-1.1508605480194092,-1.3981366157531738
32,source,26,-1.1379013061523438,-1.363710880279541
32,source,27,-1.1398420333862305,-1.3559777736663818
32,source,28,-1.1197835206985474,-1.3177850246429443
32,source,29,-1.1390135288238525,-1.3547186851501465
32,source,30,-1.1188719272613525,-1.287750482559204
32,source,31,-1.129514217376709,-1.255730152130127
32,source,32,-1.1247098445892334,-1.261284589767456
32,source,33,-1.1198729276657104,-1.287654161453247
32,source,34,-1.1147464513778687,-1.2681955099105835
32,source,35,-1.1416840553283691,-1.3079349994659424
32,source,36,-1.1311943531036377,-1.3065396547317505
32,source,37,-1.1473982334136963,-1.3298009634017944
32,source,38,-1.121624231338501,-1.3189465999603271
32,source,39,-1.126502275466919,-1.3182649612426758
32,source,40,-1.1196032762527466,-1.305688500404358
32,source,41,-1.1156795024871826,-1.3061507940292358
32,source,42,-1.124314546585083,-1.3025882244110107
32,source,43,-1.1147456169128418,-1.289607048034668
32,source,44,-1.1079646348953247,-1.275714635848999
32,source,45,-1.1114208698272705,-1.2395813465118408
32,source,46,-1.1137993335723877,-1.242382526397705
32,source,47,-1.1026605367660522,-1.2363568544387817
32,source,48,-1.0987308025360107,-1.242865800857544
32,source,49,-1.1071316003799438,-1.264419436454773
32,source,50,-1.1316370964050293,-1.2799339294433594
32,source,51,-1.1085479259490967,-1.282382607460022
32,source,52,-1.1199302673339844,-1.3034995794296265
32,source,53,-1.120417833328247,-1.276624321937561
32,source,54,-1.1148449182510376,-1.2943729162216187
32,source,55,-1.1218944787979126,-1.2989356517791748
32,source,56,-1.1053869724273682,-1.3069514036178589
32,source,57,-1.1049120426177979,-1.346754550933838
32,source,58,-1.1027857065200806,-1.31413733959198
32,source,59,-1.104198694229126,-1.2883402109146118
32,source,60,-1.1088708639144897,-1.3291380405426025
32,source,61,-1.1241333484649658,-1.307759404182434
32,source,62,-1.120194911956787,-1.3360354900360107
32,source,63,-1.1137447357177734,-1.3690029382705688
32,target,0,-1.1858001947402954,-1.188423991203308
32,target,1,-1.3094375133514404,-1.5290418863296509
32,target,2,-1.2478060722351074,-1.5077340602874756
32,target,3,-1.2027239799499512,-1.4159026145935059
32,target,4,-1.16804838180542,-1.4507256746292114
32,target,5,-1.2470898628234863,-1.6684528589248657
32,target,6,-1.1928212642669678,-1.6686100959777832
32,target,7,-1.1862655878067017,-1.4678927659988403
32,target,8,-1.213843822479248,-1.516871690750122
32,target,9,-1.154542088508606,-1.3804022073745728
32,target,10,-1.136131763458252,-1.4093562364578247
32,target,11,-1.1398295164108276,-1.4657142162322998
32,target,12,-1.1621317863464355,-1.4530878067016602
32,target,13,-1.160447597503662,-1.2851853370666504
32,target,14,-1.173648715019226,-1.4178730249404907
32,target,15,-1.1693271398544312,-1.4020665884017944
32,target,16,-1.1761554479599,-1.4659712314605713
32,target,17,-1.1615952253341675,-1.561787724494934
32,target,18,-1.2366102933883667,-1.6752911806106567
32,target,19,-1.2435855865478516,-1.582485318183899
32,target,20,-1.2570607662200928,-1.683209776878357
32,target,21,-1.1737819910049438,-1.5655946731567383
32,target,22,-1.1699490547180176,-1.4814157485961914
32,target,23,-1.194523811340332,-1.421242356300354
32,target,24,-1.1918047666549683,-1.536119818687439
32,target,25,-1.2178094387054443,-1.5260618925094604
32,target,26,-1.1450661420822144,-1.4627997875213623
32,target,27,-1.1820242404937744,-1.545528769493103
32,target,28,-1.1309049129486084,-1.462847352027893
32,target,29,-1.193023681640625,-1.5177265405654907
32,target,30,-1.112194299697876,-1.4622571468353271
32,target,31,-1.1987136602401733,-1.6504087448120117
32,target,32,-1.209958553314209,-1.6508879661560059
32,target,33,-1.1689953804016113,-1.5670067071914673
32,target,34,-1.172574758529663,-1.426710605621338
32,target,35,-1.1311805248260498,-1.4658904075622559
32,target,36,-1.211427927017212,-1.6439508199691772
32,target,37,-1.1157464981079102,-1.3886915445327759
32,target,38,-1.1780471801757812,-1.5399565696716309
32,target,39,-1.1680681705474854,-1.5585330724716187
32,target,40,-1.190805196762085,-1.4264649152755737
32,target,41,-1.1877260208129883,-1.3970438241958618
32,target,42,-1.1623880863189697,-1.438131332397461
32,target,43,-1.124595046043396,-1.3392705917358398
32,target,44,-1.137785792350769,-1.3514771461486816
32,target,45,-1.1161260604858398,-1.373646855354309
32,target,46,-1.1580345630645752,-1.078006625175476
32,target,47,-1.20243501663208,-1.28144371509552
32,target,48,-1.2061725854873657,-1.211320400238037
32,target,49,-1.1372482776641846,-1.010521650314331
32,target,50,-1.2156946659088135,-1.2714424133300781
32,target,51,-1.2332780361175537,-1.5176970958709717
32,target,52,-1.201887845993042,-1.4145516157150269
32,target,53,-1.240828037261963,-1.5433458089828491
32,target,54,-1.2344112396240234,-1.5190422534942627
32,target,55,-1.2202448844909668,-1.3971467018127441
32,target,56,-1.193342924118042,-1.4023860692977905
32,target,57,-1.2080010175704956,-1.420915961265564
32,target,58,-1.1986072063446045,-1.4849648475646973
32,target,59,-1.1995257139205933,-1.383703351020813
32,target,60,-1.2598748207092285,-1.4087066650390625
32,target,61,-1.2338290214538574,-1.370404839515686
32,target,62,-1.1926805973052979,-1.3463793992996216
32,target,63,-1.202470302581787,-1.3229365348815918
33,source,0,-1.0604242086410522,-1.2614240646362305
33,source,1,-1.077007532119751,-1.2871062755584717
33,source,2,-1.0720155239105225,-1.280529499053955
33,source,3,-1.0762224197387695,-1.260333776473999
33,source,4,-1.0774860382080078,-1.2508935928344727
33,source,5,-1.0757263898849487,-1.2558257579803467
33,source,6,-1.0740597248077393,-1.2726362943649292
33,source,7,-1.0799942016601562,-1.2855167388916016
33,source,8,-1.0923162698745728,-1.31284499168396
33,source,9,-1.091806411743164,-1.2918872833251953
33,source,10,-1.0916755199432373,-1.31639564037323
33,source,11,-1.0827387571334839,-1.3222707509994507
33,source,12,-1.1109488010406494,-1.3413748741149902
33,source,13,-1.110681176185608,-1.2926230430603027
33,source,14,-1.1134058237075806,-1.3313407897949219
33,source,15,-1.1065491437911987,-1.3025695085525513
33,source,16,-1.106126070022583,-1.285696268081665
33,source,17,-1.1041979789733887,-1.2977116107940674
33,source,18,-1.109317421913147,-1.2843555212020874
33,source,19,-1.123871088027954,-1.2793716192245483
33,source,20,-1.109519362449646,-1.2948144674301147
33,source,21,-1.112396240234375,-1.3167853355407715
33,source,22,-1.1253074407577515,-1.3297094106674194
33,source,23,-1.1172363758087158,-1.3570644855499268
33,source,24,-1.1306184530258179,-1.3642992973327637
33,source,25,-1.1223351955413818,-1.4084510803222656
33,source,26,-1.1222115755081177,-1.3651542663574219
33,source,27,-1.124129056930542,-1.356015920639038
33,source,28,-1.1051408052444458,-1.3176192045211792
33,source,29,-1.1122968196868896,-1.32291579246521
33,source,30,-1.0819082260131836,-1.248525857925415
33,source,31,-1.081512689590454,-1.2306840419769287
33,source,32,-1.079529047012329,-1.226584553718567
33,source,33,-1.076236367225647,-1.2584290504455566
33,source,34,-1.084661602973938,-1.2431399822235107
33,source,35,-1.1102608442306519,-1.2819526195526123
33,source,36,-1.1004892587661743,-1.28264319896698
33,source,37,-1.1170661449432373,-1.332020878791809
33,source,38,-1.0983551740646362,-1.3246434926986694
33,source,39,-1.097211480140686,-1.3104944229125977
33,source,40,-1.1041278839111328,-1.3231573104858398
33,source,41,-1.1008487939834595,-1.3324437141418457
33,source,42,-1.0964415073394775,-1.3090566396713257
33,source,43,-1.095875859260559,-1.310840129852295
33,source,44,-1.0929043292999268,-1.289024829864502
33,source,45,-1.096804141998291,-1.2529082298278809
33,source,46,-1.0864746570587158,-1.2487456798553467
33,source,47,-1.0831477642059326,-1.261250615119934
33,source,48,-1.077916145324707,-1.2579050064086914
33,source,49,-1.0978057384490967,-1.2843811511993408
33,source,50,-1.1206080913543701,-1.28206205368042
33,source,51,-1.093790888786316,-1.2624170780181885
33,source,52,-1.0952539443969727,-1.277915120124817
33,source,53,-1.109622597694397,-1.2769441604614258
33,source,54,-1.1011377573013306,-1.2839163541793823
33,source,55,-1.1007757186889648,-1.2693012952804565
33,source,56,-1.0827901363372803,-1.2806408405303955
33,source,57,-1.0859224796295166,-1.3403438329696655
33,source,58,-1.0831518173217773,-1.3142690658569336
33,source,59,-1.0718042850494385,-1.3015474081039429
33,source,60,-1.0848734378814697,-1.3302443027496338
33,source,61,-1.0987508296966553,-1.3192764520645142
33,source,62,-1.0988409519195557,-1.3435652256011963
33,source,63,-1.0878105163574219,-1.359678864479065
33,target,0,-1.170613169670105,-1.2239820957183838
33,target,1,-1.3184808492660522,-1.5068975687026978
33,target,2,-1.2300211191177368,-1.5180723667144775
33,target,3,-1.196702480316162,-1.3921031951904297
33,target,4,-1.1259469985961914,-1.4149569272994995
33,target,5,-1.190598487854004,-1.6021031141281128
33,target,6,-1.1437383890151978,-1.671178936958313
33,target,7,-1.1385667324066162,-1.442076563835144
33,target,8,-1.1671886444091797,-1.5148695707321167
33,target,9,-1.1128733158111572,-1.373186707496643
33,target,10,-1.0876374244689941,-1.388869285583496
33,target,11,-1.1049197912216187,-1.4389114379882812
33,target,12,-1.12678062915802,-1.449931025505066
33,target,13,-1.1218395233154297,-1.312739372253418
33,target,14,-1.142186164855957,-1.4246470928192139
33,target,15,-1.145023226737976,-1.4145103693008423
33,target,16,-1.1306748390197754,-1.4410189390182495
33,target,17,-1.1246607303619385,-1.5236340761184692
33,target,18,-1.2082960605621338,-1.6672486066818237
33,target,19,-1.1961829662322998,-1.5327311754226685
33,target,20,-1.2194602489471436,-1.6388816833496094
33,target,21,-1.1076781749725342,-1.5226496458053589
33,target,22,-1.1397252082824707,-1.4564179182052612
33,target,23,-1.1616042852401733,-1.4030654430389404
33,target,24,-1.1607590913772583,-1.5178821086883545
33,target,25,-1.1917701959609985,-1.5070877075195312
33,target,26,-1.1126060485839844,-1.4531091451644897
33,target,27,-1.119568109512329,-1.5067787170410156
33,target,28,-1.0633994340896606,-1.403444766998291
33,target,29,-1.163497805595398,-1.4951565265655518
33,target,30,-1.058603286743164,-1.4748754501342773
33,target,31,-1.1764885187149048,-1.6993801593780518
33,target,32,-1.1643873453140259,-1.6621637344360352
33,target,33,-1.1445960998535156,-1.598554253578186
33,target,34,-1.1410425901412964,-1.4632505178451538
33,target,35,-1.1160778999328613,-1.3919469118118286
33,target,36,-1.1539437770843506,-1.596729040145874
33,target,37,-1.098034381866455,-1.3738294839859009
33,target,38,-1.1535460948944092,-1.5363221168518066
33,target,39,-1.1354875564575195,-1.539692997932434
33,target,40,-1.1708362102508545,-1.4095771312713623
33,target,41,-1.1712989807128906,-1.3924682140350342
33,target,42,-1.1205966472625732,-1.4144313335418701
33,target,43,-1.1007885932922363,-1.2892194986343384
33,target,44,-1.0814714431762695,-1.3434845209121704
33,target,45,-1.0536463260650635,-1.3597885370254517
33,target,46,-1.1583778858184814,-1.0646873712539673
33,target,47,-1.2144654989242554,-1.2516499757766724
33,target,48,-1.2214853763580322,-1.1768351793289185
33,target,49,-1.135588526725769,-0.9954149127006531
33,target,50,-1.1797196865081787,-1.2921465635299683
33,target,51,-1.2143876552581787,-1.4634287357330322
33,target,52,-1.1879167556762695,-1.3667404651641846
33,target,53,-1.233514428138733,-1.4572480916976929
33,target,54,-1.2047369480133057,-1.4702889919281006
33,target,55,-1.1928791999816895,-1.3397808074951172
33,target,56,-1.1890604496002197,-1.3096659183502197
33,target,57,-1.187384009361267,-1.3581304550170898
33,target,58,-1.1867634057998657,-1.4027230739593506
33,target,59,-1.2019091844558716,-1.32433021068573
33,target,60,-1.2591733932495117,-1.3645215034484863
33,target,61,-1.2252373695373535,-1.3094416856765747
33,target,62,-1.1938471794128418,-1.3102426528930664
33,target,63,-1.1956911087036133,-1.2660932540893555
34,source,0,-1.0420210361480713,-1.2067630290985107
34,source,1,-1.0532019138336182,-1.2296066284179688
34,source,2,-1.0556623935699463,-1.2343279123306274
34,source,3,-1.0575721263885498,-1.210740327835083
34,source,4,-1.057611107826233,-1.2032471895217896
34,source,5,-1.0550816059112549,-1.2201908826828003
34,source,6,-1.0527477264404297,-1.2247809171676636
34,source,7,-1.0556423664093018,-1.2299225330352783
34,source,8,-1.0696771144866943,-1.2564339637756348
34,source,9,-1.0796144008636475,-1.2405269145965576
34,source,10,-1.0782015323638916,-1.2672175168991089
34,source,11,-1.0695996284484863,-1.252760648727417
34,source,12,-1.0932650566101074,-1.294086217880249
34,source,13,-1.0871368646621704,-1.2262835502624512
34,source,14,-1.0880444049835205,-1.238335132598877
34,source,15,-1.0832327604293823,-1.2341324090957642
34,source,16,-1.0831092596054077,-1.2230432033538818
34,source,17,-1.0847084522247314,-1.2361550331115723
34,source,18,-1.094083309173584,-1.2324011325836182
34,source,19,-1.0933055877685547,-1.2329933643341064
34,source,20,-1.0811848640441895,-1.2142144441604614
34,source,21,-1.0827174186706543,-1.256468415260315
34,source,22,-1.1022107601165771,-1.2746154069900513
34,source,23,-1.098544716835022,-1.2885662317276
34,source,24,-1.1080242395401,-1.3100411891937256
34,source,25,-1.1020658016204834,-1.3345218896865845
34,source,26,-1.0974376201629639,-1.3057126998901367
34,source,27,-1.1027332544326782,-1.3030368089675903
34,source,28,-1.0928922891616821,-1.2594850063323975
34,source,29,-1.0946991443634033,-1.278749704360962
34,source,30,-1.0814968347549438,-1.2152255773544312
34,source,31,-1.0778508186340332,-1.1997662782669067
34,source,32,-1.0800862312316895,-1.1967829465866089
34,source,33,-1.0734901428222656,-1.2226078510284424
34,source,34,-1.076961874961853,-1.2104756832122803
34,source,35,-1.0900859832763672,-1.2421417236328125
34,source,36,-1.0912412405014038,-1.2569365501403809
34,source,37,-1.1029382944107056,-1.2760992050170898
34,source,38,-1.0844298601150513,-1.281020998954773
34,source,39,-1.087970495223999,-1.2683005332946777
34,source,40,-1.081594705581665,-1.2678724527359009
34,source,41,-1.0796117782592773,-1.279616355895996
34,source,42,-1.0807563066482544,-1.2787387371063232
34,source,43,-1.0789530277252197,-1.254436731338501
34,source,44,-1.0772137641906738,-1.2293952703475952
34,source,45,-1.0771600008010864,-1.2116069793701172
34,source,46,-1.0765631198883057,-1.2004575729370117
34,source,47,-1.0743796825408936,-1.2179949283599854
34,source,48,-1.070529580116272,-1.2164853811264038
34,source,49,-1.0865510702133179,-1.2422726154327393
34,source,50,-1.100014090538025,-1.247406005859375
34,source,51,-1.0789768695831299,-1.2418389320373535
34,source,52,-1.0939180850982666,-1.2403727769851685
34,source,53,-1.0921295881271362,-1.2333993911743164
34,source,54,-1.0938918590545654,-1.2412824630737305
34,source,55,-1.0841866731643677,-1.2484750747680664
34,source,56,-1.0728771686553955,-1.2393065690994263
34,source,57,-1.0788695812225342,-1.2689369916915894
34,source,58,-1.0756272077560425,-1.2665505409240723
34,source,59,-1.069056749343872,-1.2585047483444214
34,source,60,-1.0836338996887207,-1.2887647151947021
34,source,61,-1.094992756843567,-1.2750434875488281
34,source,62,-1.0847734212875366,-1.288089632987976
34,source,63,-1.0806758403778076,-1.3002617359161377
34,target,0,-1.14834463596344,-1.195713996887207
34,target,1,-1.290856957435608,-1.5418628454208374
34,target,2,-1.193946123123169,-1.504084825515747
34,target,3,-1.1924176216125488,-1.4030635356903076
34,target,4,-1.1316670179367065,-1.4394736289978027
34,target,5,-1.173375129699707,-1.6369240283966064
34,target,6,-1.151236653327942,-1.7035398483276367
34,target,7,-1.1318830251693726,-1.4756265878677368
34,target,8,-1.16178297996521,-1.5203205347061157
34,target,9,-1.1051113605499268,-1.3518972396850586
34,target,10,-1.0754148960113525,-1.3785462379455566
34,target,11,-1.0988593101501465,-1.4637377262115479
34,target,12,-1.1054656505584717,-1.4202967882156372
34,target,13,-1.1219022274017334,-1.3455491065979004
34,target,14,-1.1397695541381836,-1.4752110242843628
34,target,15,-1.1277978420257568,-1.4397108554840088
34,target,16,-1.13785982131958,-1.4899351596832275
34,target,17,-1.1147178411483765,-1.525673747062683
34,target,18,-1.1641111373901367,-1.6495558023452759
34,target,19,-1.1840752363204956,-1.5624639987945557
34,target,20,-1.1853127479553223,-1.6617763042449951
34,target,21,-1.099429965019226,-1.5346906185150146
34,target,22,-1.1191946268081665,-1.4894273281097412
34,target,23,-1.148954153060913,-1.454085111618042
34,target,24,-1.1392807960510254,-1.5146795511245728
34,target,25,-1.1855578422546387,-1.5587555170059204
34,target,26,-1.1049323081970215,-1.4516360759735107
34,target,27,-1.1271215677261353,-1.553046464920044
34,target,28,-1.1020900011062622,-1.5079673528671265
34,target,29,-1.1493098735809326,-1.5124763250350952
34,target,30,-1.0847325325012207,-1.5018086433410645
34,target,31,-1.1525702476501465,-1.6728723049163818
34,target,32,-1.1488268375396729,-1.678727149963379
34,target,33,-1.128570556640625,-1.4836280345916748
34,target,34,-1.1326887607574463,-1.4321092367172241
34,target,35,-1.1018614768981934,-1.3993583917617798
34,target,36,-1.1669782400131226,-1.5820472240447998
34,target,37,-1.0957695245742798,-1.3530383110046387
34,target,38,-1.1381616592407227,-1.473511815071106
34,target,39,-1.138327717781067,-1.497452735900879
34,target,40,-1.1466879844665527,-1.4051276445388794
34,target,41,-1.138511061668396,-1.3978341817855835
34,target,42,-1.1243035793304443,-1.3954960107803345
34,target,43,-1.1045055389404297,-1.3049063682556152
34,target,44,-1.099731683731079,-1.2777180671691895
34,target,45,-1.0623537302017212,-1.3488714694976807
34,target,46,-1.1278891563415527,-1.0942051410675049
34,target,47,-1.2002171277999878,-1.2787286043167114
34,target,48,-1.1853961944580078,-1.1784560680389404
34,target,49,-1.0977967977523804,-1.0095090866088867
34,target,50,-1.140979528427124,-1.259911060333252
34,target,51,-1.2162315845489502,-1.5127789974212646
34,target,52,-1.1657702922821045,-1.3803592920303345
34,target,53,-1.2487547397613525,-1.5641672611236572
34,target,54,-1.1927134990692139,-1.493237853050232
34,target,55,-1.1779329776763916,-1.3775577545166016
34,target,56,-1.1706652641296387,-1.3587100505828857
34,target,57,-1.1697275638580322,-1.3903412818908691
34,target,58,-1.1912434101104736,-1.4717826843261719
34,target,59,-1.1767094135284424,-1.35694420337677
34,target,60,-1.2308640480041504,-1.3822641372680664
34,target,61,-1.1944780349731445,-1.3203545808792114
34,target,62,-1.172805666923523,-1.305137038230896
34,target,63,-1.1776461601257324,-1.2664179801940918
35,source,0,-1.0764987468719482,-1.2341899871826172
35,source,1,-1.0996077060699463,-1.2698006629943848
35,source,2,-1.1011106967926025,-1.2611744403839111
35,source,3,-1.1002609729766846,-1.2423210144042969
35,source,4,-1.1040480136871338,-1.2392038106918335
35,source,5,-1.1117970943450928,-1.257912039756775
35,source,6,-1.1067845821380615,-1.2687584161758423
35,source,7,-1.1116526126861572,-1.2795443534851074
35,source,8,-1.1236300468444824,-1.2926483154296875
35,source,9,-1.116212248802185,-1.269216537475586
35,source,10,-1.1146869659423828,-1.2828119993209839
35,source,11,-1.1023752689361572,-1.2655999660491943
35,source,12,-1.108553171157837,-1.316014051437378
35,source,13,-1.1102631092071533,-1.2780125141143799
35,source,14,-1.1052544116973877,-1.2604832649230957
35,source,15,-1.1040996313095093,-1.2609751224517822
35,source,16,-1.1060023307800293,-1.263299822807312
35,source,17,-1.1011905670166016,-1.272120475769043
35,source,18,-1.104519009590149,-1.261068344116211
35,source,19,-1.1103096008300781,-1.2689168453216553
35,source,20,-1.1090357303619385,-1.2575498819351196
35,source,21,-1.1215472221374512,-1.2956135272979736
35,source,22,-1.1357672214508057,-1.3129565715789795
35,source,23,-1.131256341934204,-1.3174474239349365
35,source,24,-1.138991355895996,-1.3311426639556885
35,source,25,-1.1115942001342773,-1.3763068914413452
35,source,26,-1.1108067035675049,-1.3350180387496948
35,source,27,-1.112964153289795,-1.3326568603515625
35,source,28,-1.1059374809265137,-1.2844350337982178
35,source,29,-1.1154743432998657,-1.3050434589385986
35,source,30,-1.1039502620697021,-1.2464932203292847
35,source,31,-1.1062450408935547,-1.2278449535369873
35,source,32,-1.0986895561218262,-1.2233538627624512
35,source,33,-1.098876714706421,-1.2528324127197266
35,source,34,-1.1041984558105469,-1.2416430711746216
35,source,35,-1.1134483814239502,-1.2701185941696167
35,source,36,-1.1177189350128174,-1.264291763305664
35,source,37,-1.1200839281082153,-1.2946609258651733
35,source,38,-1.1118522882461548,-1.3016417026519775
35,source,39,-1.1144254207611084,-1.2837241888046265
35,source,40,-1.1090537309646606,-1.2885278463363647
35,source,41,-1.1099618673324585,-1.30068039894104
35,source,42,-1.1095280647277832,-1.2985734939575195
35,source,43,-1.1101473569869995,-1.2821035385131836
35,source,44,-1.0991711616516113,-1.2627825736999512
35,source,45,-1.108074426651001,-1.2329916954040527
35,source,46,-1.1041290760040283,-1.2317097187042236
35,source,47,-1.1002070903778076,-1.2442842721939087
35,source,48,-1.105470895767212,-1.2546672821044922
35,source,49,-1.1177021265029907,-1.267590045928955
35,source,50,-1.1301969289779663,-1.2774711847305298
35,source,51,-1.1119821071624756,-1.2722320556640625
35,source,52,-1.1238526105880737,-1.2634661197662354
35,source,53,-1.122206449508667,-1.2676620483398438
35,source,54,-1.1154590845108032,-1.2781343460083008
35,source,55,-1.1036275625228882,-1.264230728149414
35,source,56,-1.097351312637329,-1.2681058645248413
35,source,57,-1.0940709114074707,-1.295910120010376
35,source,58,-1.09336256980896,-1.2853947877883911
35,source,59,-1.0965418815612793,-1.2853827476501465
35,source,60,-1.1043853759765625,-1.314842700958252
35,source,61,-1.116986870765686,-1.3094767332077026
35,source,62,-1.109568476676941,-1.340074062347412
35,source,63,-1.0960719585418701,-1.3506965637207031
35,target,0,-1.1812081336975098,-1.2242624759674072
35,target,1,-1.287405014038086,-1.5345526933670044
35,target,2,-1.2259509563446045,-1.4959118366241455
35,target,3,-1.2164666652679443,-1.4343972206115723
35,target,4,-1.1524686813354492,-1.4061468839645386
35,target,5,-1.1926558017730713,-1.5490500926971436
35,target,6,-1.1630529165267944,-1.6257898807525635
35,target,7,-1.1442981958389282,-1.432107925415039
35,target,8,-1.1731235980987549,-1.478542447090149
35,target,9,-1.1369730234146118,-1.3235561847686768
35,target,10,-1.112061858177185,-1.376396894454956
35,target,11,-1.1451364755630493,-1.4275903701782227
35,target,12,-1.14120614528656,-1.4217761754989624
35,target,13,-1.1414841413497925,-1.300521969795227
35,target,14,-1.1512715816497803,-1.3945326805114746
35,target,15,-1.146803379058838,-1.3909717798233032
35,target,16,-1.1420704126358032,-1.4317084550857544
35,target,17,-1.1323798894882202,-1.476202130317688
35,target,18,-1.1908283233642578,-1.635221004486084
35,target,19,-1.1810030937194824,-1.550479769706726
35,target,20,-1.211519479751587,-1.6486876010894775
35,target,21,-1.1461389064788818,-1.5505157709121704
35,target,22,-1.1370973587036133,-1.4847517013549805
35,target,23,-1.1620323657989502,-1.4186797142028809
35,target,24,-1.1477149724960327,-1.515401840209961
35,target,25,-1.1882917881011963,-1.5090525150299072
35,target,26,-1.1295441389083862,-1.457857370376587
35,target,27,-1.127916932106018,-1.5032439231872559
35,target,28,-1.1251580715179443,-1.4701951742172241
35,target,29,-1.1504982709884644,-1.4366915225982666
35,target,30,-1.0980403423309326,-1.384129524230957
35,target,31,-1.18038809299469,-1.620949387550354
35,target,32,-1.179242730140686,-1.6290494203567505
35,target,33,-1.1599481105804443,-1.4800047874450684
35,target,34,-1.1588654518127441,-1.4157463312149048
35,target,35,-1.1464531421661377,-1.339057207107544
35,target,36,-1.1794049739837646,-1.5611510276794434
35,target,37,-1.1293861865997314,-1.32295560836792
35,target,38,-1.1773244142532349,-1.4827077388763428
35,target,39,-1.1634999513626099,-1.5042197704315186
35,target,40,-1.1698029041290283,-1.365004539489746
35,target,41,-1.1504521369934082,-1.3613667488098145
35,target,42,-1.1347324848175049,-1.3832868337631226
35,target,43,-1.1138787269592285,-1.3013757467269897
35,target,44,-1.1074727773666382,-1.2775390148162842
35,target,45,-1.078927993774414,-1.3293876647949219
35,target,46,-1.1644701957702637,-1.124110221862793
35,target,47,-1.2037417888641357,-1.2834604978561401
35,target,48,-1.2012031078338623,-1.1864455938339233
35,target,49,-1.1323238611221313,-1.0799450874328613
35,target,50,-1.1577541828155518,-1.278000831604004
35,target,51,-1.2050268650054932,-1.4731947183609009
35,target,52,-1.1626806259155273,-1.3377031087875366
35,target,53,-1.2151789665222168,-1.4415664672851562
35,target,54,-1.195996642112732,-1.4576526880264282
35,target,55,-1.1814279556274414,-1.330047845840454
35,target,56,-1.1545219421386719,-1.3017807006835938
35,target,57,-1.1735997200012207,-1.344059944152832
35,target,58,-1.1885418891906738,-1.416161060333252
35,target,59,-1.1830695867538452,-1.3266348838806152
35,target,60,-1.22300386428833,-1.3449398279190063
35,target,61,-1.1930696964263916,-1.3087013959884644
35,target,62,-1.171292781829834,-1.2906512022018433
35,target,63,-1.1884669065475464,-1.2394992113113403
36,source,0,-1.006664514541626,-1.2241127490997314
36,source,1,-1.0202739238739014,-1.2519848346710205
36,source,2,-1.0146119594573975,-1.243381142616272
36,source,3,-1.0219863653182983,-1.2522329092025757
36,source,4,-1.0219274759292603,-1.2371149063110352
36,source,5,-1.01748526096344,-1.2278474569320679
36,source,6,-1.0232683420181274,-1.2386517524719238
36,source,7,-1.0312881469726562,-1.2413444519042969
36,source,8,-1.0441243648529053,-1.2528014183044434
36,source,9,-1.0352610349655151,-1.2316362857818604
36,source,10,-1.0325404405593872,-1.2499674558639526
36,source,11,-1.0241848230361938,-1.2397164106369019
36,source,12,-1.0418981313705444,-1.2719814777374268
36,source,13,-1.0426292419433594,-1.2612504959106445
36,source,14,-1.0421690940856934,-1.2529549598693848
36,source,15,-1.0404058694839478,-1.2370963096618652
36,source,16,-1.0419751405715942,-1.2361743450164795
36,source,17,-1.0396050214767456,-1.2364072799682617
36,source,18,-1.044649362564087,-1.2361228466033936
36,source,19,-1.0480268001556396,-1.2468552589416504
36,source,20,-1.048588514328003,-1.2328027486801147
36,source,21,-1.040657877922058,-1.2610164880752563
36,source,22,-1.0634440183639526,-1.2708054780960083
36,source,23,-1.0632641315460205,-1.281618356704712
36,source,24,-1.0782251358032227,-1.2947579622268677
36,source,25,-1.0536963939666748,-1.3248862028121948
36,source,26,-1.0472806692123413,-1.298388957977295
36,source,27,-1.0542162656784058,-1.2868175506591797
36,source,28,-1.0350950956344604,-1.242782473564148
36,source,29,-1.0449672937393188,-1.268092393875122
36,source,30,-1.0315334796905518,-1.2249419689178467
36,source,31,-1.0333019495010376,-1.22013521194458
36,source,32,-1.0362253189086914,-1.215355634689331
36,source,33,-1.0262749195098877,-1.2532479763031006
36,source,34,-1.0346406698226929,-1.2339979410171509
36,source,35,-1.0607542991638184,-1.2603394985198975
36,source,36,-1.0482975244522095,-1.2444828748703003
36,source,37,-1.0622345209121704,-1.2677630186080933
36,source,38,-1.0455656051635742,-1.2632522583007812
36,source,39,-1.046488881111145,-1.2514111995697021
36,source,40,-1.0470119714736938,-1.2591700553894043
36,source,41,-1.0397428274154663,-1.24550461769104
36,source,42,-1.0384562015533447,-1.2465039491653442
36,source,43,-1.0418142080307007,-1.244295358657837
36,source,44,-1.046010971069336,-1.2279150485992432
36,source,45,-1.0465019941329956,-1.1973298788070679
36,source,46,-1.043045163154602,-1.1916178464889526
36,source,47,-1.0415875911712646,-1.213130235671997
36,source,48,-1.043259620666504,-1.233115792274475
36,source,49,-1.0574918985366821,-1.256736397743225
36,source,50,-1.0706238746643066,-1.2645530700683594
36,source,51,-1.0453238487243652,-1.2573503255844116
36,source,52,-1.052939772605896,-1.2470026016235352
36,source,53,-1.0474684238433838,-1.2496130466461182
36,source,54,-1.0430327653884888,-1.255591869354248
36,source,55,-1.0353002548217773,-1.2359164953231812
36,source,56,-1.034309983253479,-1.2552391290664673
36,source,57,-1.0345945358276367,-1.2835581302642822
36,source,58,-1.0463804006576538,-1.2616580724716187
36,source,59,-1.0363059043884277,-1.247981309890747
36,source,60,-1.0403494834899902,-1.2784491777420044
36,source,61,-1.051030158996582,-1.2607364654541016
36,source,62,-1.0415223836898804,-1.2715142965316772
36,source,63,-1.0280613899230957,-1.2897613048553467
36,target,0,-1.119382619857788,-1.2011774778366089
36,target,1,-1.2555274963378906,-1.4965696334838867
36,target,2,-1.1689643859863281,-1.4864251613616943
36,target,3,-1.136587142944336,-1.3822228908538818
36,target,4,-1.0770072937011719,-1.4323451519012451
36,target,5,-1.1512411832809448,-1.5638220310211182
36,target,6,-1.1038098335266113,-1.619685411453247
36,target,7,-1.075319766998291,-1.3942393064498901
36,target,8,-1.0996367931365967,-1.434162974357605
36,target,9,-1.0531388521194458,-1.316406011581421
36,target,10,-1.0501521825790405,-1.3829069137573242
36,target,11,-1.0609562397003174,-1.4574240446090698
36,target,12,-1.0732359886169434,-1.3607373237609863
36,target,13,-1.0878483057022095,-1.2682876586914062
36,target,14,-1.0946171283721924,-1.3819655179977417
36,target,15,-1.0832055807113647,-1.373329520225525
36,target,16,-1.0814425945281982,-1.4359346628189087
36,target,17,-1.0776699781417847,-1.5094887018203735
36,target,18,-1.1361892223358154,-1.6367803812026978
36,target,19,-1.1484642028808594,-1.553331971168518
36,target,20,-1.1601567268371582,-1.6480334997177124
36,target,21,-1.079256534576416,-1.5032347440719604
36,target,22,-1.0994763374328613,-1.4776405096054077
36,target,23,-1.1124953031539917,-1.390230655670166
36,target,24,-1.0936311483383179,-1.4823729991912842
36,target,25,-1.1416583061218262,-1.5140057802200317
36,target,26,-1.059675931930542,-1.4442805051803589
36,target,27,-1.0781519412994385,-1.5084693431854248
36,target,28,-1.0603253841400146,-1.4923251867294312
36,target,29,-1.082665205001831,-1.4023555517196655
36,target,30,-1.0415825843811035,-1.3941099643707275
36,target,31,-1.0873048305511475,-1.5928634405136108
36,target,32,-1.0875763893127441,-1.5651884078979492
36,target,33,-1.0699446201324463,-1.4905294179916382
36,target,34,-1.0902786254882812,-1.376166582107544
36,target,35,-1.056772232055664,-1.3441510200500488
36,target,36,-1.0995711088180542,-1.550565242767334
36,target,37,-1.0699611902236938,-1.341854453086853
36,target,38,-1.1098018884658813,-1.4327715635299683
36,target,39,-1.0907008647918701,-1.4828671216964722
36,target,40,-1.1066354513168335,-1.371861219406128
36,target,41,-1.1063376665115356,-1.3754773139953613
36,target,42,-1.0753589868545532,-1.3410723209381104
36,target,43,-1.057809829711914,-1.306125283241272
36,target,44,-1.0682356357574463,-1.302492380142212
36,target,45,-1.021915078163147,-1.3059477806091309
36,target,46,-1.1307971477508545,-1.0872876644134521
36,target,47,-1.1467840671539307,-1.224136471748352
36,target,48,-1.15362548828125,-1.1606571674346924
36,target,49,-1.11766517162323,-1.0186835527420044
36,target,50,-1.1319596767425537,-1.2709617614746094
36,target,51,-1.1433265209197998,-1.435796856880188
36,target,52,-1.1056760549545288,-1.3339022397994995
36,target,53,-1.1593190431594849,-1.4457296133041382
36,target,54,-1.137775182723999,-1.4225019216537476
36,target,55,-1.1466182470321655,-1.313625454902649
36,target,56,-1.1293836832046509,-1.319539189338684
36,target,57,-1.118144154548645,-1.323402762413025
36,target,58,-1.1317895650863647,-1.4373106956481934
36,target,59,-1.135515809059143,-1.3092244863510132
36,target,60,-1.1775004863739014,-1.3088034391403198
36,target,61,-1.1229404211044312,-1.2412352561950684
36,target,62,-1.1226837635040283,-1.2419651746749878
36,target,63,-1.1397641897201538,-1.223379373550415
37,source,0,-0.9991949796676636,-1.186899185180664
37,source,1,-1.0064113140106201,-1.1987093687057495
37,source,2,-1.0056997537612915,-1.2114036083221436
37,source,3,-1.0094850063323975,-1.194294810295105
37,source,4,-1.0159311294555664,-1.1863248348236084
37,source,5,-1.0128371715545654,-1.1829094886779785
37,source,6,-1.0165050029754639,-1.1867649555206299
37,source,7,-1.0127172470092773,-1.1905038356781006
37,source,8,-1.0283094644546509,-1.2241487503051758
37,source,9,-1.0296413898468018,-1.2105222940444946
37,source,10,-1.0238118171691895,-1.2175991535186768
37,source,11,-1.0151512622833252,-1.1895630359649658
37,source,12,-1.0331041812896729,-1.2423663139343262
37,source,13,-1.0178455114364624,-1.197319507598877
37,source,14,-1.02463698387146,-1.2305516004562378
37,source,15,-1.0249139070510864,-1.211790680885315
37,source,16,-1.0250552892684937,-1.2257111072540283
37,source,17,-1.027639627456665,-1.2197819948196411
37,source,18,-1.0349888801574707,-1.2348246574401855
37,source,19,-1.0431859493255615,-1.2301379442214966
37,source,20,-1.042162537574768,-1.215849757194519
37,source,21,-1.046467661857605,-1.260437250137329
37,source,22,-1.0613765716552734,-1.2725119590759277
37,source,23,-1.0611857175827026,-1.272825837135315
37,source,24,-1.0596307516098022,-1.2639567852020264
37,source,25,-1.0503592491149902,-1.3011343479156494
37,source,26,-1.0526700019836426,-1.2616198062896729
37,source,27,-1.061603307723999,-1.2516920566558838
37,source,28,-1.0529950857162476,-1.2104040384292603
37,source,29,-1.057808756828308,-1.2288601398468018
37,source,30,-1.0454035997390747,-1.1866127252578735
37,source,31,-1.0391241312026978,-1.1929383277893066
37,source,32,-1.0352129936218262,-1.179908275604248
37,source,33,-1.0367487668991089,-1.1937485933303833
37,source,34,-1.0299707651138306,-1.1809334754943848
37,source,35,-1.044135332107544,-1.2114520072937012
37,source,36,-1.035879135131836,-1.2017308473587036
37,source,37,-1.0531697273254395,-1.2325339317321777
37,source,38,-1.030540108680725,-1.2294120788574219
37,source,39,-1.0359716415405273,-1.2175331115722656
37,source,40,-1.0294883251190186,-1.2201266288757324
37,source,41,-1.0226935148239136,-1.2226719856262207
37,source,42,-1.0263636112213135,-1.2123072147369385
37,source,43,-1.0272361040115356,-1.212329387664795
37,source,44,-1.0222002267837524,-1.199386477470398
37,source,45,-1.0270555019378662,-1.1617445945739746
37,source,46,-1.021904706954956,-1.1576100587844849
37,source,47,-1.0200798511505127,-1.180248498916626
37,source,48,-1.0273797512054443,-1.187896728515625
37,source,49,-1.0342215299606323,-1.198233723640442
37,source,50,-1.046557903289795,-1.2058384418487549
37,source,51,-1.0269584655761719,-1.1980373859405518
37,source,52,-1.038185477256775,-1.1922993659973145
37,source,53,-1.0373239517211914,-1.1982959508895874
37,source,54,-1.030426025390625,-1.2065693140029907
37,source,55,-1.0321775674819946,-1.2036798000335693
37,source,56,-1.0221394300460815,-1.2230207920074463
37,source,57,-1.0205494165420532,-1.2704026699066162
37,source,58,-1.02925705909729,-1.2527068853378296
37,source,59,-1.0228378772735596,-1.2393931150436401
37,source,60,-1.0193040370941162,-1.25960111618042
37,source,61,-1.035569667816162,-1.237401008605957
37,source,62,-1.0378342866897583,-1.2619785070419312
37,source,63,-1.033934473991394,-1.2999475002288818
37,target,0,-1.1078053712844849,-1.1725735664367676
37,target,1,-1.2206294536590576,-1.3760143518447876
37,target,2,-1.1472798585891724,-1.3807945251464844
37,target,3,-1.1356775760650635,-1.3139339685440063
37,target,4,-1.0703155994415283,-1.360896110534668
37,target,5,-1.1475601196289062,-1.481972098350525
37,target,6,-1.1092250347137451,-1.5197993516921997
37,target,7,-1.089660882949829,-1.312786340713501
37,target,8,-1.1078230142593384,-1.3724614381790161
37,target,9,-1.0682882070541382,-1.2947344779968262
37,target,10,-1.0466958284378052,-1.3139762878417969
37,target,11,-1.070666790008545,-1.3553638458251953
37,target,12,-1.0709270238876343,-1.3134520053863525
37,target,13,-1.0918519496917725,-1.2353538274765015
37,target,14,-1.097370982170105,-1.3334228992462158
37,target,15,-1.0811010599136353,-1.3303741216659546
37,target,16,-1.0862504243850708,-1.3730202913284302
37,target,17,-1.080244541168213,-1.4178121089935303
37,target,18,-1.1222715377807617,-1.5148916244506836
37,target,19,-1.126251220703125,-1.457017183303833
37,target,20,-1.1306498050689697,-1.5136531591415405
37,target,21,-1.0658133029937744,-1.4229050874710083
37,target,22,-1.0875848531723022,-1.3758231401443481
37,target,23,-1.1037821769714355,-1.3338874578475952
37,target,24,-1.08417809009552,-1.3629932403564453
37,target,25,-1.1220288276672363,-1.36445951461792
37,target,26,-1.043886423110962,-1.3736021518707275
37,target,27,-1.0496909618377686,-1.3815492391586304
37,target,28,-1.0510269403457642,-1.3460023403167725
37,target,29,-1.1053779125213623,-1.3950448036193848
37,target,30,-1.0549484491348267,-1.3511717319488525
37,target,31,-1.108406901359558,-1.5293006896972656
37,target,32,-1.1040611267089844,-1.5035443305969238
37,target,33,-1.0642673969268799,-1.4035608768463135
37,target,34,-1.0719610452651978,-1.3357441425323486
37,target,35,-1.0649349689483643,-1.3068361282348633
37,target,36,-1.0930559635162354,-1.467366337776184
37,target,37,-1.0492161512374878,-1.2956409454345703
37,target,38,-1.0849428176879883,-1.3810396194458008
37,target,39,-1.0642755031585693,-1.4146068096160889
37,target,40,-1.1048250198364258,-1.2878506183624268
37,target,41,-1.0859653949737549,-1.269102931022644
37,target,42,-1.0749120712280273,-1.334809422492981
37,target,43,-1.0682135820388794,-1.2665863037109375
37,target,44,-1.0543473958969116,-1.269169807434082
37,target,45,-1.0306252241134644,-1.2763408422470093
37,target,46,-1.1059038639068604,-1.0367412567138672
37,target,47,-1.1322745084762573,-1.210960865020752
37,target,48,-1.1244169473648071,-1.1532111167907715
37,target,49,-1.0929676294326782,-0.9426791071891785
37,target,50,-1.1123453378677368,-1.1822774410247803
37,target,51,-1.139959692955017,-1.40322744846344
37,target,52,-1.0893803834915161,-1.3045822381973267
37,target,53,-1.1649529933929443,-1.39702308177948
37,target,54,-1.1425573825836182,-1.3715063333511353
37,target,55,-1.1362024545669556,-1.2929606437683105
37,target,56,-1.1159788370132446,-1.2669806480407715
37,target,57,-1.1005971431732178,-1.2991321086883545
37,target,58,-1.113682508468628,-1.3718640804290771
37,target,59,-1.1260440349578857,-1.2636349201202393
37,target,60,-1.1598873138427734,-1.306093454360962
37,target,61,-1.1213128566741943,-1.2475759983062744
37,target,62,-1.0838334560394287,-1.242125153541565
37,target,63,-1.1104023456573486,-1.1849796772003174
38,source,0,-1.0112839937210083,-1.1619274616241455
38,source,1,-1.0206860303878784,-1.1827590465545654
38,source,2,-1.0266650915145874,-1.1928493976593018
38,source,3,-1.0228140354156494,-1.17726731300354
38,source,4,-1.0314902067184448,-1.177306890487671
38,source,5,-1.0252411365509033,-1.1780831813812256
38,source,6,-1.0312397480010986,-1.181650161743164
38,source,7,-1.0349866151809692,-1.1944775581359863
38,source,8,-1.0495171546936035,-1.2203236818313599
38,source,9,-1.0471879243850708,-1.2120487689971924
38,source,10,-1.0434174537658691,-1.225237250328064
38,source,11,-1.0351468324661255,-1.2109038829803467
38,source,12,-1.0383281707763672,-1.242801308631897
38,source,13,-1.0437078475952148,-1.1814377307891846
38,source,14,-1.0490771532058716,-1.1909759044647217
38,source,15,-1.0478330850601196,-1.184726595878601
38,source,16,-1.0427069664001465,-1.1815928220748901
38,source,17,-1.04407799243927,-1.1919245719909668
38,source,18,-1.0436413288116455,-1.198042392730713
38,source,19,-1.0541760921478271,-1.1964013576507568
38,source,20,-1.0530403852462769,-1.2005894184112549
38,source,21,-1.0568442344665527,-1.231825351715088
38,source,22,-1.0725737810134888,-1.2562040090560913
38,source,23,-1.072223424911499,-1.2653930187225342
38,source,24,-1.0818830728530884,-1.2859749794006348
38,source,25,-1.063458800315857,-1.3006209135055542
38,source,26,-1.0614378452301025,-1.2516316175460815
38,source,27,-1.0669747591018677,-1.2320526838302612
38,source,28,-1.0545740127563477,-1.178846001625061
38,source,29,-1.055268406867981,-1.2019226551055908
38,source,30,-1.0427191257476807,-1.161913514137268
38,source,31,-1.0384200811386108,-1.1651861667633057
38,source,32,-1.0308566093444824,-1.1546854972839355
38,source,33,-1.039575219154358,-1.174580454826355
38,source,34,-1.0378516912460327,-1.1657902002334595
38,source,35,-1.0514657497406006,-1.1912736892700195
38,source,36,-1.0442171096801758,-1.187226414680481
38,source,37,-1.0547573566436768,-1.2039488554000854
38,source,38,-1.0467222929000854,-1.1947659254074097
38,source,39,-1.046278953552246,-1.1926146745681763
38,source,40,-1.035889983177185,-1.1891624927520752
38,source,41,-1.0365875959396362,-1.183826208114624
38,source,42,-1.0341970920562744,-1.194150447845459
38,source,43,-1.0359638929367065,-1.1822385787963867
38,source,44,-1.0270580053329468,-1.177258849143982
38,source,45,-1.0348210334777832,-1.1497139930725098
38,source,46,-1.0332263708114624,-1.1466997861862183
38,source,47,-1.027500867843628,-1.1490358114242554
38,source,48,-1.0286831855773926,-1.1641299724578857
38,source,49,-1.0364230871200562,-1.1823222637176514
38,source,50,-1.0497936010360718,-1.1875890493392944
38,source,51,-1.0371406078338623,-1.1970762014389038
38,source,52,-1.0415706634521484,-1.1931138038635254
38,source,53,-1.0424331426620483,-1.1978566646575928
38,source,54,-1.0418457984924316,-1.1942412853240967
38,source,55,-1.0373644828796387,-1.182625651359558
38,source,56,-1.03521728515625,-1.199221134185791
38,source,57,-1.0327963829040527,-1.2287087440490723
38,source,58,-1.0361227989196777,-1.215596318244934
38,source,59,-1.0367727279663086,-1.221765398979187
38,source,60,-1.0379427671432495,-1.2401305437088013
38,source,61,-1.0496723651885986,-1.2344729900360107
38,source,62,-1.0418564081192017,-1.256517767906189
38,source,63,-1.0378670692443848,-1.2710013389587402
38,target,0,-1.11371648311615,-1.1805825233459473
38,target,1,-1.216997504234314,-1.4549174308776855
38,target,2,-1.1422473192214966,-1.4064148664474487
38,target,3,-1.149635672569275,-1.3631212711334229
38,target,4,-1.0714261531829834,-1.3462889194488525
38,target,5,-1.1314283609390259,-1.5017634630203247
38,target,6,-1.0938245058059692,-1.5134310722351074
38,target,7,-1.085496187210083,-1.3393691778182983
38,target,8,-1.095191240310669,-1.3869757652282715
38,target,9,-1.0675239562988281,-1.2645190954208374
38,target,10,-1.0384747982025146,-1.2979412078857422
38,target,11,-1.0655823945999146,-1.382524013519287
38,target,12,-1.076651692390442,-1.3267967700958252
38,target,13,-1.0699310302734375,-1.2241387367248535
38,target,14,-1.0857720375061035,-1.3322343826293945
38,target,15,-1.0838046073913574,-1.3091917037963867
38,target,16,-1.0895681381225586,-1.3597667217254639
38,target,17,-1.0796135663986206,-1.3914543390274048
38,target,18,-1.1078037023544312,-1.517360806465149
38,target,19,-1.130446195602417,-1.488406777381897
38,target,20,-1.120360255241394,-1.5201390981674194
38,target,21,-1.0486910343170166,-1.4286671876907349
38,target,22,-1.0796995162963867,-1.3802342414855957
38,target,23,-1.0991708040237427,-1.3361393213272095
38,target,24,-1.0752623081207275,-1.3840986490249634
38,target,25,-1.1207609176635742,-1.4248812198638916
38,target,26,-1.0445713996887207,-1.434898853302002
38,target,27,-1.0529870986938477,-1.4740533828735352
38,target,28,-1.0438201427459717,-1.4195750951766968
38,target,29,-1.0951753854751587,-1.3583059310913086
38,target,30,-1.0331209897994995,-1.3355872631072998
38,target,31,-1.086381435394287,-1.483831763267517
38,target,32,-1.084962010383606,-1.472723126411438
38,target,33,-1.0723223686218262,-1.4016581773757935
38,target,34,-1.079013466835022,-1.3499681949615479
38,target,35,-1.057450294494629,-1.343712568283081
38,target,36,-1.08172607421875,-1.459445834159851
38,target,37,-1.0514194965362549,-1.3159117698669434
38,target,38,-1.089500069618225,-1.3798925876617432
38,target,39,-1.0787670612335205,-1.3932510614395142
38,target,40,-1.1237294673919678,-1.2822561264038086
38,target,41,-1.106933355331421,-1.2803683280944824
38,target,42,-1.0850234031677246,-1.3117841482162476
38,target,43,-1.0717109441757202,-1.2749792337417603
38,target,44,-1.0513192415237427,-1.2396297454833984
38,target,45,-1.0387886762619019,-1.2651995420455933
38,target,46,-1.083244800567627,-1.072937250137329
38,target,47,-1.1404448747634888,-1.2362476587295532
38,target,48,-1.1220760345458984,-1.135918140411377
38,target,49,-1.0742191076278687,-0.9922415018081665
38,target,50,-1.0989822149276733,-1.1979711055755615
38,target,51,-1.144325613975525,-1.412206768989563
38,target,52,-1.089003324508667,-1.2961630821228027
38,target,53,-1.1637372970581055,-1.4023795127868652
38,target,54,-1.1425271034240723,-1.3925350904464722
38,target,55,-1.1187324523925781,-1.3040995597839355
38,target,56,-1.1042147874832153,-1.2925792932510376
38,target,57,-1.09389328956604,-1.2894614934921265
38,target,58,-1.1049182415008545,-1.3587428331375122
38,target,59,-1.1166870594024658,-1.2782230377197266
38,target,60,-1.1592075824737549,-1.2995483875274658
38,target,61,-1.1300439834594727,-1.2373075485229492
38,target,62,-1.0998753309249878,-1.250617265701294
38,target,63,-1.1041010618209839,-1.2043803930282593
39,source,0,-1.0344765186309814,-1.1886752843856812
39,source,1,-1.0407123565673828,-1.2041957378387451
39,source,2,-1.0413343906402588,-1.217209815979004
39,source,3,-1.0475529432296753,-1.2041068077087402
39,source,4,-1.051612377166748,-1.1972620487213135
39,source,5,-1.0417770147323608,-1.1942578554153442
39,source,6,-1.048386573791504,-1.2088472843170166
39,source,7,-1.0449752807617188,-1.2345219850540161
39,source,8,-1.0567429065704346,-1.2448112964630127
39,source,9,-1.0629324913024902,-1.2312723398208618
39,source,10,-1.0601379871368408,-1.2343690395355225
39,source,11,-1.0524110794067383,-1.2243376970291138
39,source,12,-1.0594706535339355,-1.2692503929138184
39,source,13,-1.0643389225006104,-1.2034387588500977
39,source,14,-1.06659734249115,-1.2088226079940796
39,source,15,-1.0608385801315308,-1.188626766204834
39,source,16,-1.0554301738739014,-1.1988950967788696
39,source,17,-1.0507206916809082,-1.204209804534912
39,source,18,-1.059018850326538,-1.2075361013412476
39,source,19,-1.0674480199813843,-1.1947598457336426
39,source,20,-1.065950632095337,-1.208897590637207
39,source,21,-1.0704035758972168,-1.2547273635864258
39,source,22,-1.0884686708450317,-1.2646751403808594
39,source,23,-1.089935064315796,-1.2763745784759521
39,source,24,-1.0947589874267578,-1.3020930290222168
39,source,25,-1.0753121376037598,-1.3176653385162354
39,source,26,-1.0669938325881958,-1.2709599733352661
39,source,27,-1.0774863958358765,-1.264936089515686
39,source,28,-1.072533369064331,-1.2259480953216553
39,source,29,-1.0786112546920776,-1.2494947910308838
39,source,30,-1.0596356391906738,-1.2069255113601685
39,source,31,-1.0592831373214722,-1.205906629562378
39,source,32,-1.0548557043075562,-1.1987361907958984
39,source,33,-1.0563569068908691,-1.2112374305725098
39,source,34,-1.0613245964050293,-1.2142605781555176
39,source,35,-1.0729479789733887,-1.2331315279006958
39,source,36,-1.0633571147918701,-1.2375990152359009
39,source,37,-1.0777521133422852,-1.2424919605255127
39,source,38,-1.0678569078445435,-1.2362720966339111
39,source,39,-1.074052333831787,-1.2431436777114868
39,source,40,-1.064239740371704,-1.233199119567871
39,source,41,-1.0650174617767334,-1.2283926010131836
39,source,42,-1.0639564990997314,-1.222086787223816
39,source,43,-1.0645524263381958,-1.2077361345291138
39,source,44,-1.0634294748306274,-1.2069581747055054
39,source,45,-1.0644501447677612,-1.1822564601898193
39,source,46,-1.0628635883331299,-1.1812373399734497
39,source,47,-1.055034875869751,-1.1888964176177979
39,source,48,-1.0534392595291138,-1.2002322673797607
39,source,49,-1.0600719451904297,-1.214712142944336
39,source,50,-1.0688058137893677,-1.224109172821045
39,source,51,-1.0578680038452148,-1.2347300052642822
39,source,52,-1.0625197887420654,-1.2256991863250732
39,source,53,-1.0617260932922363,-1.224041223526001
39,source,54,-1.0612316131591797,-1.226480484008789
39,source,55,-1.067387342453003,-1.2254809141159058
39,source,56,-1.059586763381958,-1.2208846807479858
39,source,57,-1.0547469854354858,-1.2614387273788452
39,source,58,-1.0655748844146729,-1.241692304611206
39,source,59,-1.065801978111267,-1.2408993244171143
39,source,60,-1.067603349685669,-1.2619659900665283
39,source,61,-1.0704777240753174,-1.2368382215499878
39,source,62,-1.0662575960159302,-1.242737889289856
39,source,63,-1.0610332489013672,-1.2538065910339355
39,target,0,-1.1117666959762573,-1.1745855808258057
39,target,1,-1.198046088218689,-1.433037281036377
39,target,2,-1.1216630935668945,-1.4077006578445435
39,target,3,-1.1126445531845093,-1.3546113967895508
39,target,4,-1.068963885307312,-1.3485796451568604
39,target,5,-1.1564128398895264,-1.5384960174560547
39,target,6,-1.0951755046844482,-1.4915660619735718
39,target,7,-1.0935990810394287,-1.3501219749450684
39,target,8,-1.110438346862793,-1.3795390129089355
39,target,9,-1.0648552179336548,-1.271451711654663
39,target,10,-1.030968427658081,-1.3164103031158447
39,target,11,-1.0569998025894165,-1.3568189144134521
39,target,12,-1.072361946105957,-1.3332011699676514
39,target,13,-1.0791771411895752,-1.2311033010482788
39,target,14,-1.0847246646881104,-1.337278962135315
39,target,15,-1.073677659034729,-1.322380781173706
39,target,16,-1.0681053400039673,-1.3445217609405518
39,target,17,-1.070997714996338,-1.4223850965499878
39,target,18,-1.1293048858642578,-1.5439906120300293
39,target,19,-1.0966347455978394,-1.4673287868499756
39,target,20,-1.1301499605178833,-1.52908456325531
39,target,21,-1.072221279144287,-1.4203044176101685
39,target,22,-1.0882256031036377,-1.4105111360549927
39,target,23,-1.08034086227417,-1.3321597576141357
39,target,24,-1.07546067237854,-1.4070351123809814
39,target,25,-1.0846641063690186,-1.4062129259109497
39,target,26,-1.0252134799957275,-1.4212130308151245
39,target,27,-1.0238653421401978,-1.4143890142440796
39,target,28,-1.0374460220336914,-1.4086852073669434
39,target,29,-1.0811293125152588,-1.393193006515503
39,target,30,-1.060486078262329,-1.3736454248428345
39,target,31,-1.100663423538208,-1.5456631183624268
39,target,32,-1.0870234966278076,-1.5097774267196655
39,target,33,-1.0587652921676636,-1.4304615259170532
39,target,34,-1.0785598754882812,-1.3719984292984009
39,target,35,-1.0562868118286133,-1.3697665929794312
39,target,36,-1.0931928157806396,-1.4769335985183716
39,target,37,-1.0573533773422241,-1.3151774406433105
39,target,38,-1.0841846466064453,-1.4122850894927979
39,target,39,-1.0643136501312256,-1.4392669200897217
39,target,40,-1.113714575767517,-1.3403085470199585
39,target,41,-1.0968044996261597,-1.319981336593628
39,target,42,-1.0864477157592773,-1.3146073818206787
39,target,43,-1.0747308731079102,-1.2743767499923706
39,target,44,-1.0644125938415527,-1.2230199575424194
39,target,45,-1.0560729503631592,-1.274226188659668
39,target,46,-1.116250991821289,-1.070415735244751
39,target,47,-1.130652904510498,-1.234339952468872
39,target,48,-1.1381402015686035,-1.1674871444702148
39,target,49,-1.1135878562927246,-1.0053648948669434
39,target,50,-1.1083375215530396,-1.2189884185791016
39,target,51,-1.125317931175232,-1.418312668800354
39,target,52,-1.0941853523254395,-1.309401035308838
39,target,53,-1.1495168209075928,-1.4075754880905151
39,target,54,-1.1244938373565674,-1.3982782363891602
39,target,55,-1.1119213104248047,-1.2975761890411377
39,target,56,-1.0969336032867432,-1.265397071838379
39,target,57,-1.0947167873382568,-1.2858097553253174
39,target,58,-1.1019465923309326,-1.3481683731079102
39,target,59,-1.1088595390319824,-1.2713428735733032
39,target,60,-1.1605650186538696,-1.302988886833191
39,target,61,-1.1247010231018066,-1.2633037567138672
39,target,62,-1.089728832244873,-1.2585389614105225
39,target,63,-1.1097691059112549,-1.1995540857315063
40,source,0,-0.9724276065826416,-1.182167649269104
40,source,1,-0.9752237796783447,-1.2193232774734497
40,source,2,-0.9716492891311646,-1.2242815494537354
40,source,3,-0.9801009893417358,-1.2207434177398682
40,source,4,-0.9925529360771179,-1.210232138633728
40,source,5,-0.9836949706077576,-1.2097070217132568
40,source,6,-0.9855256080627441,-1.2100403308868408
40,source,7,-0.9890624284744263,-1.2397968769073486
40,source,8,-0.9996362328529358,-1.2455120086669922
40,source,9,-1.0069395303726196,-1.222400188446045
40,source,10,-0.9950653314590454,-1.2141990661621094
40,source,11,-0.9921059608459473,-1.1938077211380005
40,source,12,-1.0010162591934204,-1.2497124671936035
40,source,13,-1.0013096332550049,-1.201460361480713
40,source,14,-1.0159653425216675,-1.207235336303711
40,source,15,-1.0068832635879517,-1.1897608041763306
40,source,16,-1.0012587308883667,-1.1946728229522705
40,source,17,-0.9989337921142578,-1.2148470878601074
40,source,18,-1.0021302700042725,-1.2210910320281982
40,source,19,-1.010970115661621,-1.2168169021606445
40,source,20,-1.0095067024230957,-1.204624891281128
40,source,21,-1.0139000415802002,-1.2472307682037354
40,source,22,-1.0284172296524048,-1.2487852573394775
40,source,23,-1.0247721672058105,-1.2541087865829468
40,source,24,-1.0401718616485596,-1.2954808473587036
40,source,25,-1.0279731750488281,-1.3193774223327637
40,source,26,-1.0171924829483032,-1.2759084701538086
40,source,27,-1.0187636613845825,-1.2616571187973022
40,source,28,-1.0145671367645264,-1.2014226913452148
40,source,29,-1.0167653560638428,-1.2434273958206177
40,source,30,-1.0012545585632324,-1.1914870738983154
40,source,31,-1.0051562786102295,-1.1782724857330322
40,source,32,-0.9969587326049805,-1.1819838285446167
40,source,33,-0.9922889471054077,-1.205620527267456
40,source,34,-0.9979982376098633,-1.202772617340088
40,source,35,-1.0161170959472656,-1.2324937582015991
40,source,36,-1.0065690279006958,-1.2436654567718506
40,source,37,-1.0254807472229004,-1.2591549158096313
40,source,38,-1.0089399814605713,-1.2376649379730225
40,source,39,-1.0139213800430298,-1.253587245941162
40,source,40,-1.0023159980773926,-1.2508553266525269
40,source,41,-1.0034263134002686,-1.2454617023468018
40,source,42,-0.9987653493881226,-1.2467550039291382
40,source,43,-0.9995412230491638,-1.238905906677246
40,source,44,-1.0019264221191406,-1.215682864189148
40,source,45,-1.0025310516357422,-1.1992379426956177
40,source,46,-0.9915361404418945,-1.191886305809021
40,source,47,-0.9937235116958618,-1.2012264728546143
40,source,48,-1.0022077560424805,-1.2106112241744995
40,source,49,-1.0101344585418701,-1.2315888404846191
40,source,50,-1.0208261013031006,-1.2354446649551392
40,source,51,-1.005436897277832,-1.2318096160888672
40,source,52,-1.006473183631897,-1.2249679565429688
40,source,53,-1.003434419631958,-1.2380683422088623
40,source,54,-1.0026201009750366,-1.2467880249023438
40,source,55,-0.9993183612823486,-1.233699083328247
40,source,56,-0.9846590757369995,-1.2324250936508179
40,source,57,-0.9911504983901978,-1.266499400138855
40,source,58,-1.003186583518982,-1.2616328001022339
40,source,59,-1.0038114786148071,-1.2571157217025757
40,source,60,-0.9988560676574707,-1.286111831665039
40,source,61,-1.014207124710083,-1.2581112384796143
40,source,62,-1.0137932300567627,-1.2531344890594482
40,source,63,-1.0062490701675415,-1.2659876346588135
40,target,0,-1.046373963356018,-1.1892155408859253
40,target,1,-1.177741289138794,-1.4735027551651
40,target,2,-1.1029025316238403,-1.4352384805679321
40,target,3,-1.087459921836853,-1.363875389099121
40,target,4,-1.0114421844482422,-1.390771508216858
40,target,5,-1.1274020671844482,-1.5983662605285645
40,target,6,-1.0675621032714844,-1.545225739479065
40,target,7,-1.0455479621887207,-1.3750985860824585
40,target,8,-1.077547550201416,-1.4172283411026
40,target,9,-1.0096900463104248,-1.2971911430358887
40,target,10,-0.9705449342727661,-1.3305506706237793
40,target,11,-1.0124006271362305,-1.3753113746643066
40,target,12,-1.020958662033081,-1.3564555644989014
40,target,13,-1.0258443355560303,-1.2610875368118286
40,target,14,-1.0374701023101807,-1.3902397155761719
40,target,15,-1.0264637470245361,-1.3318599462509155
40,target,16,-1.0266871452331543,-1.3644903898239136
40,target,17,-1.0049433708190918,-1.4486634731292725
40,target,18,-1.080613136291504,-1.5820262432098389
40,target,19,-1.0666487216949463,-1.5188469886779785
40,target,20,-1.0928068161010742,-1.5650745630264282
40,target,21,-1.023888111114502,-1.4322999715805054
40,target,22,-1.043421983718872,-1.439980149269104
40,target,23,-1.036489725112915,-1.3684990406036377
40,target,24,-1.0309175252914429,-1.409893274307251
40,target,25,-1.051451563835144,-1.42503023147583
40,target,26,-0.985276460647583,-1.4365253448486328
40,target,27,-0.9921754598617554,-1.4362339973449707
40,target,28,-0.9778583645820618,-1.3904500007629395
40,target,29,-1.0326277017593384,-1.4445743560791016
40,target,30,-1.0040018558502197,-1.346636414527893
40,target,31,-1.065552830696106,-1.6198854446411133
40,target,32,-1.0573400259017944,-1.5487807989120483
40,target,33,-1.025648832321167,-1.4427984952926636
40,target,34,-1.0470902919769287,-1.3973029851913452
40,target,35,-1.0088881254196167,-1.3954201936721802
40,target,36,-1.037886381149292,-1.481961965560913
40,target,37,-1.0072238445281982,-1.3338594436645508
40,target,38,-1.0466086864471436,-1.4660401344299316
40,target,39,-1.006330966949463,-1.4443860054016113
40,target,40,-1.0456304550170898,-1.3917205333709717
40,target,41,-1.04008150100708,-1.341026782989502
40,target,42,-1.0195934772491455,-1.3177201747894287
40,target,43,-1.0265369415283203,-1.2869657278060913
40,target,44,-1.0119752883911133,-1.2334702014923096
40,target,45,-0.9862275123596191,-1.2868627309799194
40,target,46,-1.0474467277526855,-1.0848987102508545
40,target,47,-1.0717544555664062,-1.2710764408111572
40,target,48,-1.07663893699646,-1.1777429580688477
40,target,49,-1.044853925704956,-0.9934951066970825
40,target,50,-1.0409655570983887,-1.205474853515625
40,target,51,-1.0804436206817627,-1.466442584991455
40,target,52,-1.0369184017181396,-1.35891854763031
40,target,53,-1.1147171258926392,-1.465306043624878
40,target,54,-1.0718096494674683,-1.4395707845687866
40,target,55,-1.0538978576660156,-1.3183224201202393
40,target,56,-1.0436452627182007,-1.3174059391021729
40,target,57,-1.0440027713775635,-1.3460074663162231
40,target,58,-1.0431056022644043,-1.4263036251068115
40,target,59,-1.042993187904358,-1.3069993257522583
40,target,60,-1.0896292924880981,-1.3425030708312988
40,target,61,-1.0665068626403809,-1.3005486726760864
40,target,62,-1.031868577003479,-1.2881063222885132
40,target,63,-1.0409818887710571,-1.2390326261520386
41,source,0,-0.9601443409919739,-1.15509831905365
41,source,1,-0.9720742702484131,-1.186173915863037
41,source,2,-0.9746010303497314,-1.1912667751312256
41,source,3,-0.9891054630279541,-1.181628942489624
41,source,4,-0.986516535282135,-1.177668571472168
41,source,5,-0.9789573550224304,-1.1679569482803345
41,source,6,-0.9759106636047363,-1.1501539945602417
41,source,7,-0.9735914468765259,-1.1931915283203125
41,source,8,-0.9961957931518555,-1.2015869617462158
41,source,9,-1.0036001205444336,-1.1710501909255981
41,source,10,-0.9945869445800781,-1.1742085218429565
41,source,11,-0.9880805015563965,-1.1424059867858887
41,source,12,-1.0028483867645264,-1.2481462955474854
41,source,13,-0.9921340346336365,-1.1792972087860107
41,source,14,-0.9946505427360535,-1.187351942062378
41,source,15,-0.9891167283058167,-1.1795132160186768
41,source,16,-0.9935899972915649,-1.1696019172668457
41,source,17,-0.9952901601791382,-1.2024259567260742
41,source,18,-0.9983843564987183,-1.200744390487671
41,source,19,-1.0083863735198975,-1.1886646747589111
41,source,20,-1.0057321786880493,-1.172766089439392
41,source,21,-1.0087484121322632,-1.2049567699432373
41,source,22,-1.031810998916626,-1.2247382402420044
41,source,23,-1.0285418033599854,-1.2155449390411377
41,source,24,-1.0351407527923584,-1.2541298866271973
41,source,25,-1.0059001445770264,-1.304305076599121
41,source,26,-1.0114301443099976,-1.225459098815918
41,source,27,-1.0160534381866455,-1.2216105461120605
41,source,28,-1.0016276836395264,-1.1784064769744873
41,source,29,-1.0132246017456055,-1.2146862745285034
41,source,30,-1.005826711654663,-1.1736280918121338
41,source,31,-1.0063823461532593,-1.1690852642059326
41,source,32,-0.9957678318023682,-1.161615252494812
41,source,33,-0.9960662126541138,-1.1873235702514648
41,source,34,-1.0074503421783447,-1.189159631729126
41,source,35,-1.019372582435608,-1.211000919342041
41,source,36,-1.000618815422058,-1.2042927742004395
41,source,37,-1.0227144956588745,-1.2363721132278442
41,source,38,-1.0030958652496338,-1.2063262462615967
41,source,39,-1.0089643001556396,-1.1990522146224976
41,source,40,-1.0008559226989746,-1.2079238891601562
41,source,41,-0.9999569654464722,-1.2025829553604126
41,source,42,-0.9982524514198303,-1.2086743116378784
41,source,43,-0.9867685437202454,-1.1909723281860352
41,source,44,-0.9883211851119995,-1.1748777627944946
41,source,45,-0.9916990995407104,-1.1408747434616089
41,source,46,-0.9837654829025269,-1.1451103687286377
41,source,47,-0.981604814529419,-1.172070860862732
41,source,48,-0.989393949508667,-1.1702672243118286
41,source,49,-1.002532958984375,-1.177856206893921
41,source,50,-1.0189844369888306,-1.1816636323928833
41,source,51,-1.0018370151519775,-1.168128490447998
41,source,52,-0.9940288066864014,-1.1818755865097046
41,source,53,-1.0028953552246094,-1.1797263622283936
41,source,54,-0.9944392442703247,-1.1914317607879639
41,source,55,-0.9859771728515625,-1.172565221786499
41,source,56,-0.9797362089157104,-1.17349374294281
41,source,57,-0.9782277345657349,-1.2051420211791992
41,source,58,-0.9930976629257202,-1.1893141269683838
41,source,59,-0.9806352257728577,-1.1789045333862305
41,source,60,-0.9850878715515137,-1.2282471656799316
41,source,61,-1.01282799243927,-1.215304970741272
41,source,62,-1.0064787864685059,-1.2125190496444702
41,source,63,-1.0063562393188477,-1.2422326803207397
41,target,0,-1.0757381916046143,-1.1728222370147705
41,target,1,-1.1599698066711426,-1.425716757774353
41,target,2,-1.1177395582199097,-1.4337576627731323
41,target,3,-1.0914958715438843,-1.3157879114151
41,target,4,-1.0211249589920044,-1.3998152017593384
41,target,5,-1.1826932430267334,-1.64697265625
41,target,6,-1.0939223766326904,-1.608155369758606
41,target,7,-1.056705355644226,-1.3718838691711426
41,target,8,-1.1054766178131104,-1.4309674501419067
41,target,9,-1.013725996017456,-1.2796519994735718
41,target,10,-0.9845770001411438,-1.3317461013793945
41,target,11,-1.0426685810089111,-1.372573971748352
41,target,12,-1.0218490362167358,-1.3232368230819702
41,target,13,-1.0692496299743652,-1.2855509519577026
41,target,14,-1.054792881011963,-1.4105371236801147
41,target,15,-1.0596791505813599,-1.4115006923675537
41,target,16,-1.0363101959228516,-1.4337222576141357
41,target,17,-1.0254358053207397,-1.4831421375274658
41,target,18,-1.0990267992019653,-1.5801352262496948
41,target,19,-1.0685524940490723,-1.5148260593414307
41,target,20,-1.1063445806503296,-1.5761628150939941
41,target,21,-1.0615226030349731,-1.4731643199920654
41,target,22,-1.0460729598999023,-1.4470653533935547
41,target,23,-1.052330732345581,-1.3815760612487793
41,target,24,-1.0490639209747314,-1.4381474256515503
41,target,25,-1.0683536529541016,-1.4519317150115967
41,target,26,-0.9920742511749268,-1.4466201066970825
41,target,27,-0.9857174158096313,-1.4630494117736816
41,target,28,-0.9861181974411011,-1.4872678518295288
41,target,29,-1.053890347480774,-1.451467514038086
41,target,30,-1.0074715614318848,-1.4220266342163086
41,target,31,-1.0732512474060059,-1.573421835899353
41,target,32,-1.043968915939331,-1.5233030319213867
41,target,33,-1.016324758529663,-1.3999662399291992
41,target,34,-1.0222147703170776,-1.346718192100525
41,target,35,-0.9963977336883545,-1.3123736381530762
41,target,36,-1.061610460281372,-1.5160764455795288
41,target,37,-0.9940463304519653,-1.289902925491333
41,target,38,-1.042142629623413,-1.430930733680725
41,target,39,-0.9999805688858032,-1.4157323837280273
41,target,40,-1.0627771615982056,-1.3351924419403076
41,target,41,-1.0645248889923096,-1.3347671031951904
41,target,42,-1.029604434967041,-1.3374276161193848
41,target,43,-1.0228432416915894,-1.2688872814178467
41,target,44,-1.0050458908081055,-1.248913288116455
41,target,45,-0.9828993678092957,-1.2840662002563477
41,target,46,-1.0659645795822144,-1.0895371437072754
41,target,47,-1.1119290590286255,-1.2372448444366455
41,target,48,-1.1031934022903442,-1.1660789251327515
41,target,49,-1.0454788208007812,-0.9685099720954895
41,target,50,-1.0790760517120361,-1.217795491218567
41,target,51,-1.1034095287322998,-1.4786237478256226
41,target,52,-1.0577203035354614,-1.3704533576965332
41,target,53,-1.1366662979125977,-1.5024659633636475
41,target,54,-1.1039330959320068,-1.4271106719970703
41,target,55,-1.088550090789795,-1.3488792181015015
41,target,56,-1.068554162979126,-1.3446711301803589
41,target,57,-1.0673513412475586,-1.3300143480300903
41,target,58,-1.0562282800674438,-1.453194260597229
41,target,59,-1.0657061338424683,-1.3212651014328003
41,target,60,-1.125852108001709,-1.3442809581756592
41,target,61,-1.0902291536331177,-1.2903246879577637
41,target,62,-1.060828447341919,-1.2551615238189697
41,target,63,-1.0834887027740479,-1.2208647727966309
42,source,0,-0.9251128435134888,-1.1083824634552002
42,source,1,-0.9275761842727661,-1.1230685710906982
42,source,2,-0.933212399482727,-1.1312193870544434
42,source,3,-0.9467373490333557,-1.1281459331512451
42,source,4,-0.9465281963348389,-1.115608811378479
42,source,5,-0.9420573711395264,-1.1273208856582642
42,source,6,-0.9323455691337585,-1.1142066717147827
42,source,7,-0.9433785676956177,-1.143126130104065
42,source,8,-0.9440395832061768,-1.1544710397720337
42,source,9,-0.9558435082435608,-1.1388009786605835
42,source,10,-0.9474136233329773,-1.1494786739349365
42,source,11,-0.9481773376464844,-1.140025019645691
42,source,12,-0.9544339776039124,-1.1886515617370605
42,source,13,-0.9526651501655579,-1.1296210289001465
42,source,14,-0.9582383632659912,-1.1340787410736084
42,source,15,-0.9488804340362549,-1.1116588115692139
42,source,16,-0.9459215402603149,-1.1102935075759888
42,source,17,-0.9499044418334961,-1.126228928565979
42,source,18,-0.9507920145988464,-1.1108087301254272
42,source,19,-0.9567704200744629,-1.118058443069458
42,source,20,-0.9609118700027466,-1.1172630786895752
42,source,21,-0.9650575518608093,-1.1352546215057373
42,source,22,-0.9837812781333923,-1.1513797044754028
42,source,23,-0.9780118465423584,-1.1594277620315552
42,source,24,-0.993396520614624,-1.2159676551818848
42,source,25,-0.9683382511138916,-1.2517118453979492
42,source,26,-0.9672067165374756,-1.2037839889526367
42,source,27,-0.9669861793518066,-1.1754951477050781
42,source,28,-0.9571303129196167,-1.1241707801818848
42,source,29,-0.9603046178817749,-1.1458635330200195
42,source,30,-0.9481034278869629,-1.105770468711853
42,source,31,-0.9477040767669678,-1.1073706150054932
42,source,32,-0.9441215395927429,-1.1021910905838013
42,source,33,-0.9372621774673462,-1.1317665576934814
42,source,34,-0.9379961490631104,-1.1216259002685547
42,source,35,-0.9604895710945129,-1.1400113105773926
42,source,36,-0.948877215385437,-1.1315943002700806
42,source,37,-0.9625698924064636,-1.1526222229003906
42,source,38,-0.9499317407608032,-1.1296749114990234
42,source,39,-0.9514256715774536,-1.1433916091918945
42,source,40,-0.9467223882675171,-1.1415674686431885
42,source,41,-0.9527449011802673,-1.1279103755950928
42,source,42,-0.9463073015213013,-1.1342662572860718
42,source,43,-0.9362543821334839,-1.1210154294967651
42,source,44,-0.9457232356071472,-1.114410638809204
42,source,45,-0.9494732022285461,-1.0742182731628418
42,source,46,-0.9398877620697021,-1.0751030445098877
42,source,47,-0.9402467608451843,-1.1006258726119995
42,source,48,-0.9455069303512573,-1.102867841720581
42,source,49,-0.9454470872879028,-1.1273868083953857
42,source,50,-0.9624944925308228,-1.1352710723876953
42,source,51,-0.9465818405151367,-1.1202818155288696
42,source,52,-0.9485934972763062,-1.1323847770690918
42,source,53,-0.9601163864135742,-1.134344220161438
42,source,54,-0.9500660300254822,-1.1348190307617188
42,source,55,-0.9481226205825806,-1.1333767175674438
42,source,56,-0.9438266754150391,-1.1088851690292358
42,source,57,-0.9388015270233154,-1.151057481765747
42,source,58,-0.9505506753921509,-1.1360806226730347
42,source,59,-0.9424725770950317,-1.124538779258728
42,source,60,-0.9500649571418762,-1.1565866470336914
42,source,61,-0.9524446725845337,-1.1359010934829712
42,source,62,-0.9524705410003662,-1.1487581729888916
42,source,63,-0.9557234644889832,-1.1812996864318848
42,target,0,-1.0664721727371216,-1.14435875415802
42,target,1,-1.1495752334594727,-1.435166597366333
42,target,2,-1.0753028392791748,-1.363959789276123
42,target,3,-1.0365309715270996,-1.298841953277588
42,target,4,-1.001883625984192,-1.3315082788467407
42,target,5,-1.1353398561477661,-1.5552594661712646
42,target,6,-1.046247124671936,-1.510514259338379
42,target,7,-1.0434781312942505,-1.3757457733154297
42,target,8,-1.045662760734558,-1.395414113998413
42,target,9,-1.0014649629592896,-1.2709977626800537
42,target,10,-0.9847525358200073,-1.3507328033447266
42,target,11,-1.0367276668548584,-1.4034067392349243
42,target,12,-1.0086969137191772,-1.3774497509002686
42,target,13,-1.0140156745910645,-1.2324419021606445
42,target,14,-1.014643669128418,-1.3327990770339966
42,target,15,-1.009935975074768,-1.3218777179718018
42,target,16,-0.9941520690917969,-1.3475497961044312
42,target,17,-1.0191742181777954,-1.452380895614624
42,target,18,-1.0831267833709717,-1.5558600425720215
42,target,19,-1.0400468111038208,-1.4841654300689697
42,target,20,-1.095879077911377,-1.5624701976776123
42,target,21,-0.9974851608276367,-1.4344959259033203
42,target,22,-1.0454816818237305,-1.416306734085083
42,target,23,-1.0173214673995972,-1.3550255298614502
42,target,24,-1.0086711645126343,-1.4196627140045166
42,target,25,-1.023992896080017,-1.424942135810852
42,target,26,-0.9514153003692627,-1.434619426727295
42,target,27,-0.9578479528427124,-1.4575738906860352
42,target,28,-0.9360625147819519,-1.3843241930007935
42,target,29,-1.0135610103607178,-1.370176076889038
42,target,30,-0.9438403844833374,-1.2893255949020386
42,target,31,-1.0222777128219604,-1.469695806503296
42,target,32,-1.0119128227233887,-1.4527816772460938
42,target,33,-0.9889477491378784,-1.3246746063232422
42,target,34,-0.9833770990371704,-1.2817796468734741
42,target,35,-0.9758886098861694,-1.304142713546753
42,target,36,-1.0189456939697266,-1.4581855535507202
42,target,37,-0.9867310523986816,-1.292051911354065
42,target,38,-1.014306664466858,-1.3679938316345215
42,target,39,-0.9856746792793274,-1.3653950691223145
42,target,40,-1.0510812997817993,-1.306848406791687
42,target,41,-1.0536980628967285,-1.3250187635421753
42,target,42,-0.9862986207008362,-1.2441271543502808
42,target,43,-0.9773995876312256,-1.2163515090942383
42,target,44,-0.9751771092414856,-1.154351830482483
42,target,45,-0.9682049751281738,-1.2093267440795898
42,target,46,-1.045838713645935,-1.0184173583984375
42,target,47,-1.074846625328064,-1.1944957971572876
42,target,48,-1.076284646987915,-1.1411962509155273
42,target,49,-1.019821286201477,-0.9400310516357422
42,target,50,-1.0544102191925049,-1.1640050411224365
42,target,51,-1.0772714614868164,-1.4194927215576172
42,target,52,-1.0310649871826172,-1.3087693452835083
42,target,53,-1.092538833618164,-1.4383572340011597
42,target,54,-1.0761919021606445,-1.4083282947540283
42,target,55,-1.062232255935669,-1.3207896947860718
42,target,56,-1.0332025289535522,-1.3147192001342773
42,target,57,-1.0299782752990723,-1.3172807693481445
42,target,58,-1.0333274602890015,-1.4115239381790161
42,target,59,-1.032955288887024,-1.286669135093689
42,target,60,-1.090790033340454,-1.2800891399383545
42,target,61,-1.0510333776474,-1.2256571054458618
42,target,62,-1.0368220806121826,-1.2167001962661743
42,target,63,-1.048391580581665,-1.182984709739685
43,source,0,-0.9177993535995483,-1.1639509201049805
43,source,1,-0.9371929168701172,-1.2140496969223022
43,source,2,-0.9305169582366943,-1.2192580699920654
43,source,3,-0.9411270618438721,-1.2121037244796753
43,source,4,-0.9448267221450806,-1.1912273168563843
43,source,5,-0.9444315433502197,-1.1892688274383545
43,source,6,-0.941956102848053,-1.17474365234375
43,source,7,-0.9475077390670776,-1.1953485012054443
43,source,8,-0.9516274333000183,-1.226190447807312
43,source,9,-0.9615523815155029,-1.2238359451293945
43,source,10,-0.9706848859786987,-1.231636881828308
43,source,11,-0.9647741913795471,-1.1997061967849731
43,source,12,-0.9648901224136353,-1.2377331256866455
43,source,13,-0.9542526006698608,-1.2182867527008057
43,source,14,-0.9568978548049927,-1.2101682424545288
43,source,15,-0.967207670211792,-1.2020890712738037
43,source,16,-0.9603477716445923,-1.2018722295761108
43,source,17,-0.9629620313644409,-1.2152795791625977
43,source,18,-0.9621295928955078,-1.206477403640747
43,source,19,-0.9704521894454956,-1.1969481706619263
43,source,20,-0.9712339639663696,-1.190179467201233
43,source,21,-0.9820725917816162,-1.2245259284973145
43,source,22,-1.0002665519714355,-1.2399498224258423
43,source,23,-1.0012863874435425,-1.237963318824768
43,source,24,-1.00435209274292,-1.2600241899490356
43,source,25,-0.9765677452087402,-1.27076256275177
43,source,26,-0.9764654636383057,-1.248244285583496
43,source,27,-0.9753748178482056,-1.2379677295684814
43,source,28,-0.9650146961212158,-1.2036237716674805
43,source,29,-0.9738807678222656,-1.2244384288787842
43,source,30,-0.9544444680213928,-1.1715072393417358
43,source,31,-0.9555321931838989,-1.1655405759811401
43,source,32,-0.9445744752883911,-1.1647409200668335
43,source,33,-0.9348217844963074,-1.1888201236724854
43,source,34,-0.9469369649887085,-1.1898009777069092
43,source,35,-0.9547446370124817,-1.214492917060852
43,source,36,-0.9518594741821289,-1.225031852722168
43,source,37,-0.9672854542732239,-1.2389379739761353
43,source,38,-0.9519468545913696,-1.2218017578125
43,source,39,-0.9533817172050476,-1.221898078918457
43,source,40,-0.9443050622940063,-1.2136492729187012
43,source,41,-0.9444811940193176,-1.2200384140014648
43,source,42,-0.95023512840271,-1.2211201190948486
43,source,43,-0.9416437149047852,-1.2054755687713623
43,source,44,-0.9378679394721985,-1.1996344327926636
43,source,45,-0.941383957862854,-1.1768956184387207
43,source,46,-0.9323632717132568,-1.176619529724121
43,source,47,-0.9366339445114136,-1.1936771869659424
43,source,48,-0.9426326751708984,-1.1948206424713135
43,source,49,-0.9486731886863708,-1.2106066942214966
43,source,50,-0.9659583568572998,-1.2219094038009644
43,source,51,-0.9538988471031189,-1.1969504356384277
43,source,52,-0.9509214162826538,-1.2128281593322754
43,source,53,-0.9655526876449585,-1.209195852279663
43,source,54,-0.9538013935089111,-1.2114973068237305
43,source,55,-0.9504039883613586,-1.2148828506469727
43,source,56,-0.9392526745796204,-1.2100894451141357
43,source,57,-0.9324644804000854,-1.2256507873535156
43,source,58,-0.9424419403076172,-1.2110309600830078
43,source,59,-0.9342213869094849,-1.216925024986267
43,source,60,-0.9464203119277954,-1.2503759860992432
43,source,61,-0.961383581161499,-1.2211170196533203
43,source,62,-0.9662718772888184,-1.2350085973739624
43,source,63,-0.9650655388832092,-1.2495887279510498
43,target,0,-1.0334858894348145,-1.1735795736312866
43,target,1,-1.1254611015319824,-1.4139232635498047
43,target,2,-1.0572103261947632,-1.3697859048843384
43,target,3,-1.0318118333816528,-1.3328652381896973
43,target,4,-0.9958727359771729,-1.3249962329864502
43,target,5,-1.0927335023880005,-1.5040768384933472
43,target,6,-1.0607326030731201,-1.4869333505630493
43,target,7,-1.0211427211761475,-1.3367207050323486
43,target,8,-1.0429214239120483,-1.387700080871582
43,target,9,-0.9944161176681519,-1.2851920127868652
43,target,10,-0.9768602848052979,-1.3510468006134033
43,target,11,-1.0083067417144775,-1.3672215938568115
43,target,12,-1.0145103931427002,-1.358525037765503
43,target,13,-1.0091460943222046,-1.213614821434021
43,target,14,-1.0201201438903809,-1.3097565174102783
43,target,15,-1.0235613584518433,-1.2965596914291382
43,target,16,-0.9979435205459595,-1.3503013849258423
43,target,17,-0.9973917603492737,-1.410392165184021
43,target,18,-1.0730663537979126,-1.5446562767028809
43,target,19,-1.034214973449707,-1.4226897954940796
43,target,20,-1.073310375213623,-1.5149385929107666
43,target,21,-0.9936158657073975,-1.395908236503601
43,target,22,-1.0106134414672852,-1.3651485443115234
43,target,23,-1.0022832155227661,-1.328813076019287
43,target,24,-0.9967396259307861,-1.3818087577819824
43,target,25,-1.011204481124878,-1.4080069065093994
43,target,26,-0.9643313884735107,-1.4683469533920288
43,target,27,-0.9587787389755249,-1.4289638996124268
43,target,28,-0.9434489011764526,-1.3792915344238281
43,target,29,-1.0016887187957764,-1.3894742727279663
43,target,30,-0.9465383291244507,-1.351431965827942
43,target,31,-1.029545545578003,-1.5307650566101074
43,target,32,-1.0266114473342896,-1.4945921897888184
43,target,33,-0.9794474244117737,-1.4036931991577148
43,target,34,-0.9962857961654663,-1.3522807359695435
43,target,35,-0.9606112837791443,-1.34312105178833
43,target,36,-1.0073038339614868,-1.4505358934402466
43,target,37,-0.9696197509765625,-1.2906551361083984
43,target,38,-1.0230813026428223,-1.4406075477600098
43,target,39,-0.974770188331604,-1.405867099761963
43,target,40,-1.0201635360717773,-1.3049870729446411
43,target,41,-1.0298467874526978,-1.295583963394165
43,target,42,-0.9954515695571899,-1.3242982625961304
43,target,43,-0.9889622330665588,-1.2735555171966553
43,target,44,-0.9862576127052307,-1.2380757331848145
43,target,45,-0.9579811692237854,-1.3016471862792969
43,target,46,-1.0287760496139526,-1.0820157527923584
43,target,47,-1.0722339153289795,-1.2480111122131348
43,target,48,-1.0598167181015015,-1.1908807754516602
43,target,49,-1.0270278453826904,-1.0131292343139648
43,target,50,-1.0234423875808716,-1.2059792280197144
43,target,51,-1.064795732498169,-1.4212011098861694
43,target,52,-1.0178349018096924,-1.3619154691696167
43,target,53,-1.0703849792480469,-1.4242141246795654
43,target,54,-1.054206371307373,-1.4008949995040894
43,target,55,-1.0395045280456543,-1.3023834228515625
43,target,56,-1.0183254480361938,-1.3190361261367798
43,target,57,-1.015458106994629,-1.3238266706466675
43,target,58,-1.0268303155899048,-1.4097439050674438
43,target,59,-1.0229840278625488,-1.310572862625122
43,target,60,-1.0710687637329102,-1.319346308708191
43,target,61,-1.054949402809143,-1.279177188873291
43,target,62,-1.0262343883514404,-1.2676215171813965
43,target,63,-1.0375046730041504,-1.2204782962799072
44,source,0,-0.8736876845359802,-1.1464922428131104
44,source,1,-0.888205349445343,-1.1720304489135742
44,source,2,-0.8986256122589111,-1.1662201881408691
44,source,3,-0.8980233669281006,-1.1605756282806396
44,source,4,-0.9020928144454956,-1.1498050689697266
44,source,5,-0.897946834564209,-1.1591483354568481
44,source,6,-0.8891240358352661,-1.1468948125839233
44,source,7,-0.8914843201637268,-1.1794919967651367
44,source,8,-0.9054940938949585,-1.1988040208816528
44,source,9,-0.9083688259124756,-1.202572226524353
44,source,10,-0.9051607847213745,-1.219181776046753
44,source,11,-0.8990788459777832,-1.196250319480896
44,source,12,-0.8984335660934448,-1.2279093265533447
44,source,13,-0.9008009433746338,-1.2053189277648926
44,source,14,-0.907771110534668,-1.2116906642913818
44,source,15,-0.9082673192024231,-1.1747382879257202
44,source,16,-0.91005939245224,-1.178769826889038
44,source,17,-0.9116860032081604,-1.196695327758789
44,source,18,-0.9173192381858826,-1.1990798711776733
44,source,19,-0.9240490198135376,-1.2126555442810059
44,source,20,-0.9135710597038269,-1.2026926279067993
44,source,21,-0.9282878637313843,-1.222525954246521
44,source,22,-0.9428671002388,-1.2266895771026611
44,source,23,-0.9363305568695068,-1.2186448574066162
44,source,24,-0.9412678480148315,-1.2463748455047607
44,source,25,-0.9172364473342896,-1.2747230529785156
44,source,26,-0.9190729856491089,-1.2288219928741455
44,source,27,-0.9247606992721558,-1.2216722965240479
44,source,28,-0.9144110083580017,-1.1871545314788818
44,source,29,-0.9232562184333801,-1.2212066650390625
44,source,30,-0.909031867980957,-1.1911938190460205
44,source,31,-0.9170522689819336,-1.1710988283157349
44,source,32,-0.9022585153579712,-1.1667453050613403
44,source,33,-0.903938353061676,-1.1895217895507812
44,source,34,-0.9076165556907654,-1.1803607940673828
44,source,35,-0.9195263385772705,-1.2037649154663086
44,source,36,-0.9109725952148438,-1.2018970251083374
44,source,37,-0.9322534799575806,-1.2259410619735718
44,source,38,-0.9114989638328552,-1.209743857383728
44,source,39,-0.9119752645492554,-1.2197240591049194
44,source,40,-0.9061751961708069,-1.201081395149231
44,source,41,-0.9057201743125916,-1.199897050857544
44,source,42,-0.9018694162368774,-1.1975172758102417
44,source,43,-0.9101390242576599,-1.1913989782333374
44,source,44,-0.9050372838973999,-1.1925687789916992
44,source,45,-0.9014683365821838,-1.1660194396972656
44,source,46,-0.8943398594856262,-1.1624072790145874
44,source,47,-0.9046732187271118,-1.1764390468597412
44,source,48,-0.9041857719421387,-1.1730533838272095
44,source,49,-0.9212343692779541,-1.1815745830535889
44,source,50,-0.9284331798553467,-1.1857326030731201
44,source,51,-0.914495587348938,-1.1752738952636719
44,source,52,-0.9173284769058228,-1.2017863988876343
44,source,53,-0.9199066162109375,-1.1824135780334473
44,source,54,-0.9082067012786865,-1.191685438156128
44,source,55,-0.9048981070518494,-1.183669090270996
44,source,56,-0.9001606702804565,-1.1668442487716675
44,source,57,-0.8997093439102173,-1.2170802354812622
44,source,58,-0.9156032800674438,-1.213485598564148
44,source,59,-0.9069920778274536,-1.197751760482788
44,source,60,-0.9032185077667236,-1.222212314605713
44,source,61,-0.9112478494644165,-1.1983270645141602
44,source,62,-0.909956693649292,-1.2073124647140503
44,source,63,-0.9074377417564392,-1.2183643579483032
44,target,0,-0.9802044034004211,-1.1389635801315308
44,target,1,-1.099064588546753,-1.3864678144454956
44,target,2,-0.9994305372238159,-1.3933380842208862
44,target,3,-0.9965735673904419,-1.333672285079956
44,target,4,-0.9271249771118164,-1.322507619857788
44,target,5,-1.0313552618026733,-1.4634373188018799
44,target,6,-0.9876687526702881,-1.4440809488296509
44,target,7,-0.9433298707008362,-1.2911827564239502
44,target,8,-0.9634559154510498,-1.3338391780853271
44,target,9,-0.9310029745101929,-1.199957251548767
44,target,10,-0.9273815155029297,-1.3047876358032227
44,target,11,-0.9371762275695801,-1.290797472000122
44,target,12,-0.9409016370773315,-1.3021878004074097
44,target,13,-0.9334520101547241,-1.16731858253479
44,target,14,-0.9407998323440552,-1.2272074222564697
44,target,15,-0.9378694295883179,-1.2152835130691528
44,target,16,-0.9220799207687378,-1.2941018342971802
44,target,17,-0.9306116700172424,-1.3758766651153564
44,target,18,-1.0057891607284546,-1.4925308227539062
44,target,19,-0.986014723777771,-1.4441478252410889
44,target,20,-1.0187842845916748,-1.4935382604599
44,target,21,-0.9404568672180176,-1.420237421989441
44,target,22,-0.9572330117225647,-1.3398172855377197
44,target,23,-0.9417904615402222,-1.2834392786026
44,target,24,-0.9297713041305542,-1.3480926752090454
44,target,25,-0.9621627330780029,-1.373160719871521
44,target,26,-0.9299342632293701,-1.4016607999801636
44,target,27,-0.9193867444992065,-1.3975294828414917
44,target,28,-0.8980247378349304,-1.3938462734222412
44,target,29,-0.9587944746017456,-1.305065393447876
44,target,30,-0.8773971199989319,-1.2883893251419067
44,target,31,-0.9915692806243896,-1.495058298110962
44,target,32,-0.9707750082015991,-1.442415714263916
44,target,33,-0.9017188549041748,-1.41951584815979
44,target,34,-0.9290238618850708,-1.3770523071289062
44,target,35,-0.8997721672058105,-1.3823981285095215
44,target,36,-0.9230919480323792,-1.422767996788025
44,target,37,-0.8912182450294495,-1.3452303409576416
44,target,38,-0.9422515630722046,-1.4175355434417725
44,target,39,-0.9014737606048584,-1.3979498147964478
44,target,40,-0.9924039840698242,-1.3192317485809326
44,target,41,-0.981472373008728,-1.2710251808166504
44,target,42,-0.9637153148651123,-1.3525049686431885
44,target,43,-0.9506860971450806,-1.2873767614364624
44,target,44,-0.9354231953620911,-1.2303478717803955
44,target,45,-0.9143308401107788,-1.283937931060791
44,target,46,-0.9816731810569763,-1.0376137495040894
44,target,47,-1.0123140811920166,-1.1951813697814941
44,target,48,-1.026964545249939,-1.1434500217437744
44,target,49,-0.9763528108596802,-0.9723225831985474
44,target,50,-0.974338173866272,-1.1626787185668945
44,target,51,-1.0179710388183594,-1.4028035402297974
44,target,52,-0.9769887924194336,-1.2887499332427979
44,target,53,-1.053998351097107,-1.3809725046157837
44,target,54,-0.9942091703414917,-1.3468544483184814
44,target,55,-0.9929244518280029,-1.2453263998031616
44,target,56,-0.9882247447967529,-1.275580644607544
44,target,57,-0.9754815101623535,-1.2770956754684448
44,target,58,-0.9848480224609375,-1.3523362874984741
44,target,59,-0.9929212331771851,-1.2486991882324219
44,target,60,-1.0405495166778564,-1.279209852218628
44,target,61,-1.0112435817718506,-1.2507734298706055
44,target,62,-0.9673567414283752,-1.2996623516082764
44,target,63,-1.0040522813796997,-1.1820472478866577
45,source,0,-0.7821564674377441,-1.0596375465393066
45,source,1,-0.7877147197723389,-1.1000373363494873
45,source,2,-0.7909750938415527,-1.0966706275939941
45,source,3,-0.7944207191467285,-1.1031962633132935
45,source,4,-0.7978448867797852,-1.0885488986968994
45,source,5,-0.8006579279899597,-1.0907049179077148
45,source,6,-0.8004493117332458,-1.069962501525879
45,source,7,-0.8124752640724182,-1.0943232774734497
45,source,8,-0.8187642693519592,-1.1051936149597168
45,source,9,-0.8238998651504517,-1.0910439491271973
45,source,10,-0.8312963247299194,-1.1006314754486084
45,source,11,-0.8215584754943848,-1.0828619003295898
45,source,12,-0.8138723373413086,-1.1282302141189575
45,source,13,-0.8073955178260803,-1.0885801315307617
45,source,14,-0.8067477941513062,-1.1070822477340698
45,source,15,-0.8188906908035278,-1.082385778427124
45,source,16,-0.815234363079071,-1.0919427871704102
45,source,17,-0.8158496022224426,-1.1191880702972412
45,source,18,-0.8122608065605164,-1.104905128479004
45,source,19,-0.8272679448127747,-1.0959668159484863
45,source,20,-0.8261479139328003,-1.0784233808517456
45,source,21,-0.8286319375038147,-1.1047899723052979
45,source,22,-0.8429790139198303,-1.1324210166931152
45,source,23,-0.8415495157241821,-1.1280900239944458
45,source,24,-0.8510267734527588,-1.1503291130065918
45,source,25,-0.8269121050834656,-1.1626477241516113
45,source,26,-0.8223671913146973,-1.1293487548828125
45,source,27,-0.8250983357429504,-1.1173956394195557
45,source,28,-0.8206100463867188,-1.0921871662139893
45,source,29,-0.828543484210968,-1.1074814796447754
45,source,30,-0.8180150985717773,-1.0630265474319458
45,source,31,-0.8252017498016357,-1.0541388988494873
45,source,32,-0.8134685754776001,-1.0528539419174194
45,source,33,-0.8098512291908264,-1.0870506763458252
45,source,34,-0.8237758874893188,-1.0726743936538696
45,source,35,-0.8261193037033081,-1.1037112474441528
45,source,36,-0.8169833421707153,-1.104112148284912
45,source,37,-0.8299218416213989,-1.1152114868164062
45,source,38,-0.8205453753471375,-1.0985628366470337
45,source,39,-0.81392502784729,-1.101386308670044
45,source,40,-0.8087636232376099,-1.0980910062789917
45,source,41,-0.8056496381759644,-1.0943174362182617
45,source,42,-0.8056299686431885,-1.0992377996444702
45,source,43,-0.8026961088180542,-1.0797152519226074
45,source,44,-0.7982166409492493,-1.082045555114746
45,source,45,-0.7997987866401672,-1.0593963861465454
45,source,46,-0.7930916547775269,-1.0655865669250488
45,source,47,-0.8036338090896606,-1.0746650695800781
45,source,48,-0.8110264539718628,-1.0789846181869507
45,source,49,-0.8284744620323181,-1.082852840423584
45,source,50,-0.8401135206222534,-1.0909819602966309
45,source,51,-0.830847978591919,-1.0729961395263672
45,source,52,-0.8310939073562622,-1.0901274681091309
45,source,53,-0.8289499282836914,-1.094916820526123
45,source,54,-0.8217368721961975,-1.0979081392288208
45,source,55,-0.8195288181304932,-1.0843158960342407
45,source,56,-0.808152437210083,-1.0803831815719604
45,source,57,-0.8013104796409607,-1.0979111194610596
45,source,58,-0.8126969337463379,-1.0864317417144775
45,source,59,-0.8065030574798584,-1.0898555517196655
45,source,60,-0.8081083297729492,-1.1229593753814697
45,source,61,-0.8154410123825073,-1.0978381633758545
45,source,62,-0.8147048354148865,-1.1103358268737793
45,source,63,-0.8195071816444397,-1.1287940740585327
45,target,0,-0.8819844126701355,-1.0879676342010498
45,target,1,-1.0353150367736816,-1.3332520723342896
45,target,2,-0.919483482837677,-1.2925701141357422
45,target,3,-0.927402138710022,-1.2418158054351807
45,target,4,-0.8478641510009766,-1.2276792526245117
45,target,5,-0.9948869347572327,-1.3943756818771362
45,target,6,-0.9577113389968872,-1.4024783372879028
45,target,7,-0.8842523694038391,-1.2326359748840332
45,target,8,-0.8902879953384399,-1.2656275033950806
45,target,9,-0.8554659485816956,-1.1660559177398682
45,target,10,-0.8436792492866516,-1.2212557792663574
45,target,11,-0.8597795963287354,-1.2391705513000488
45,target,12,-0.848098635673523,-1.2268688678741455
45,target,13,-0.8629043102264404,-1.161854863166809
45,target,14,-0.8761565089225769,-1.2326557636260986
45,target,15,-0.8651525974273682,-1.2211041450500488
45,target,16,-0.8554056882858276,-1.2486577033996582
45,target,17,-0.8620589375495911,-1.2866020202636719
45,target,18,-0.9496790766716003,-1.3811880350112915
45,target,19,-0.9235859513282776,-1.3892476558685303
45,target,20,-0.9521060585975647,-1.3902851343154907
45,target,21,-0.8745458126068115,-1.3360971212387085
45,target,22,-0.8792878985404968,-1.2421332597732544
45,target,23,-0.8697575330734253,-1.230102777481079
45,target,24,-0.8567996025085449,-1.3011692762374878
45,target,25,-0.8940933346748352,-1.3315300941467285
45,target,26,-0.833640992641449,-1.3012924194335938
45,target,27,-0.8515171408653259,-1.3404203653335571
45,target,28,-0.8250877857208252,-1.3030507564544678
45,target,29,-0.8832621574401855,-1.2574491500854492
45,target,30,-0.8269030451774597,-1.247575044631958
45,target,31,-0.9321766495704651,-1.393589973449707
45,target,32,-0.9087190628051758,-1.3702069520950317
45,target,33,-0.8281986713409424,-1.24562406539917
45,target,34,-0.8568130731582642,-1.2289241552352905
45,target,35,-0.8120079040527344,-1.2160625457763672
45,target,36,-0.8487677574157715,-1.3391516208648682
45,target,37,-0.8237107992172241,-1.1960046291351318
45,target,38,-0.8577271699905396,-1.2790721654891968
45,target,39,-0.8262786865234375,-1.2574511766433716
45,target,40,-0.8850265145301819,-1.1937224864959717
45,target,41,-0.8792535066604614,-1.2034717798233032
45,target,42,-0.8550878763198853,-1.2251222133636475
45,target,43,-0.8691359758377075,-1.1595921516418457
45,target,44,-0.8536703586578369,-1.1473677158355713
45,target,45,-0.8271216154098511,-1.1900148391723633
45,target,46,-0.8883450627326965,-1.0420987606048584
45,target,47,-0.9229234457015991,-1.1345422267913818
45,target,48,-0.9431963562965393,-1.0886343717575073
45,target,49,-0.89769446849823,-0.9575642943382263
45,target,50,-0.870772659778595,-1.1206310987472534
45,target,51,-0.9381930828094482,-1.330442190170288
45,target,52,-0.869904637336731,-1.2128037214279175
45,target,53,-0.9525573253631592,-1.313988447189331
45,target,54,-0.9241277575492859,-1.3033206462860107
45,target,55,-0.9318447113037109,-1.2263027429580688
45,target,56,-0.9016939997673035,-1.1870625019073486
45,target,57,-0.8830775022506714,-1.195411205291748
45,target,58,-0.9050437211990356,-1.2602829933166504
45,target,59,-0.8910132050514221,-1.164695382118225
45,target,60,-0.9347631931304932,-1.186489462852478
45,target,61,-0.912347674369812,-1.1471408605575562
45,target,62,-0.8904023170471191,-1.1396138668060303
45,target,63,-0.8981702327728271,-1.1087229251861572
46,source,0,-0.8196101188659668,-1.0415396690368652
46,source,1,-0.8227355480194092,-1.0672073364257812
46,source,2,-0.8215118050575256,-1.0639574527740479
46,source,3,-0.8277372121810913,-1.0586676597595215
46,source,4,-0.8331066966056824,-1.0597150325775146
46,source,5,-0.8268567323684692,-1.057425618171692
46,source,6,-0.8339972496032715,-1.027275800704956
46,source,7,-0.8377872109413147,-1.0626695156097412
46,source,8,-0.841247022151947,-1.0756490230560303
46,source,9,-0.8448066711425781,-1.0628578662872314
46,source,10,-0.845584511756897,-1.0686659812927246
46,source,11,-0.8404887318611145,-1.0553779602050781
46,source,12,-0.8349424004554749,-1.089278221130371
46,source,13,-0.842451810836792,-1.0474507808685303
46,source,14,-0.8512336611747742,-1.052555799484253
46,source,15,-0.8494951725006104,-1.0293865203857422
46,source,16,-0.8536210656166077,-1.0306285619735718
46,source,17,-0.8530982136726379,-1.051546573638916
46,source,18,-0.8511393070220947,-1.0551292896270752
46,source,19,-0.8641283512115479,-1.0519731044769287
46,source,20,-0.8599810600280762,-1.0487499237060547
46,source,21,-0.8630023002624512,-1.0725312232971191
46,source,22,-0.8670993447303772,-1.0713939666748047
46,source,23,-0.856736958026886,-1.0807210206985474
46,source,24,-0.8648827075958252,-1.1028608083724976
46,source,25,-0.8518775105476379,-1.1446696519851685
46,source,26,-0.8572770357131958,-1.0986509323120117
46,source,27,-0.8644857406616211,-1.0932974815368652
46,source,28,-0.8554321527481079,-1.0539064407348633
46,source,29,-0.8601791262626648,-1.0787497758865356
46,source,30,-0.8473265171051025,-1.0338482856750488
46,source,31,-0.8491360545158386,-1.0358392000198364
46,source,32,-0.843346118927002,-1.0351920127868652
46,source,33,-0.841733455657959,-1.0678647756576538
46,source,34,-0.8513045310974121,-1.0564266443252563
46,source,35,-0.8614201545715332,-1.076261281967163
46,source,36,-0.8519579172134399,-1.0722672939300537
46,source,37,-0.8635411262512207,-1.0867745876312256
46,source,38,-0.8550152778625488,-1.0576393604278564
46,source,39,-0.8538445234298706,-1.0797197818756104
46,source,40,-0.8489281535148621,-1.0808672904968262
46,source,41,-0.842438280582428,-1.0718449354171753
46,source,42,-0.8447484970092773,-1.073473334312439
46,source,43,-0.8367752432823181,-1.0584251880645752
46,source,44,-0.8375210165977478,-1.0517187118530273
46,source,45,-0.841475784778595,-1.0293148756027222
46,source,46,-0.8340139985084534,-1.0242393016815186
46,source,47,-0.8404523730278015,-1.047205924987793
46,source,48,-0.8458515405654907,-1.0511298179626465
46,source,49,-0.8551313877105713,-1.059851884841919
46,source,50,-0.8596989512443542,-1.0577173233032227
46,source,51,-0.849550724029541,-1.0412774085998535
46,source,52,-0.8531797528266907,-1.0541009902954102
46,source,53,-0.8549341559410095,-1.0581543445587158
46,source,54,-0.8454049229621887,-1.059441089630127
46,source,55,-0.8431760668754578,-1.042747974395752
46,source,56,-0.8340116739273071,-1.035361409187317
46,source,57,-0.8318649530410767,-1.057157278060913
46,source,58,-0.8449289798736572,-1.0538005828857422
46,source,59,-0.8380962014198303,-1.0634713172912598
46,source,60,-0.8398680686950684,-1.0884802341461182
46,source,61,-0.8428648710250854,-1.06231689453125
46,source,62,-0.8384163975715637,-1.0801351070404053
46,source,63,-0.8388049602508545,-1.093256950378418
46,target,0,-0.9368353486061096,-1.0582220554351807
46,target,1,-1.0428187847137451,-1.2832428216934204
46,target,2,-0.9383716583251953,-1.2427974939346313
46,target,3,-0.9301342964172363,-1.1603641510009766
46,target,4,-0.8869134187698364,-1.1789127588272095
46,target,5,-1.0035583972930908,-1.4373750686645508
46,target,6,-0.9568567276000977,-1.3855353593826294
46,target,7,-0.9053655862808228,-1.1828012466430664
46,target,8,-0.9200917482376099,-1.2208313941955566
46,target,9,-0.88797926902771,-1.0967812538146973
46,target,10,-0.8849227428436279,-1.211693286895752
46,target,11,-0.8987033367156982,-1.2358453273773193
46,target,12,-0.890488862991333,-1.1909974813461304
46,target,13,-0.9025189876556396,-1.1074761152267456
46,target,14,-0.9028947353363037,-1.1689677238464355
46,target,15,-0.9001882076263428,-1.1552518606185913
46,target,16,-0.8898167610168457,-1.2067961692810059
46,target,17,-0.8765575885772705,-1.2923951148986816
46,target,18,-0.9651756286621094,-1.4132411479949951
46,target,19,-0.9340301156044006,-1.3344465494155884
46,target,20,-0.9780070185661316,-1.3969618082046509
46,target,21,-0.896579384803772,-1.3192381858825684
46,target,22,-0.9151226282119751,-1.2642383575439453
46,target,23,-0.9006472229957581,-1.2104225158691406
46,target,24,-0.8957072496414185,-1.2532391548156738
46,target,25,-0.9058281183242798,-1.2663607597351074
46,target,26,-0.8530328869819641,-1.2584022283554077
46,target,27,-0.8587779998779297,-1.303236484527588
46,target,28,-0.8274002075195312,-1.2813011407852173
46,target,29,-0.8888758420944214,-1.2160568237304688
46,target,30,-0.825068473815918,-1.158118724822998
46,target,31,-0.930957555770874,-1.4114816188812256
46,target,32,-0.9189537167549133,-1.3666460514068604
46,target,33,-0.8714289665222168,-1.1940504312515259
46,target,34,-0.8678385019302368,-1.1714740991592407
46,target,35,-0.8699264526367188,-1.1415467262268066
46,target,36,-0.8898559808731079,-1.317554235458374
46,target,37,-0.859256386756897,-1.1631428003311157
46,target,38,-0.893816351890564,-1.2183387279510498
46,target,39,-0.8765236139297485,-1.263648271560669
46,target,40,-0.9424774646759033,-1.1582129001617432
46,target,41,-0.937319815158844,-1.1925538778305054
46,target,42,-0.8637247085571289,-1.1707179546356201
46,target,43,-0.8733429908752441,-1.1364555358886719
46,target,44,-0.8633377552032471,-1.1028711795806885
46,target,45,-0.845205545425415,-1.1273664236068726
46,target,46,-0.8957663178443909,-0.9706734418869019
46,target,47,-0.9628568887710571,-1.0986547470092773
46,target,48,-0.9787472486495972,-1.0544371604919434
46,target,49,-0.8830591440200806,-0.8960841298103333
46,target,50,-0.9110344052314758,-1.1024304628372192
46,target,51,-0.9570033550262451,-1.2516437768936157
46,target,52,-0.9016909599304199,-1.1764092445373535
46,target,53,-0.968267023563385,-1.2464699745178223
46,target,54,-0.9495486617088318,-1.2484345436096191
46,target,55,-0.9578618407249451,-1.1682655811309814
46,target,56,-0.9325965642929077,-1.1706321239471436
46,target,57,-0.9148976802825928,-1.1793681383132935
46,target,58,-0.9248050451278687,-1.2543442249298096
46,target,59,-0.9266610145568848,-1.1302950382232666
46,target,60,-0.9735048413276672,-1.1532878875732422
46,target,61,-0.9456911087036133,-1.1211555004119873
46,target,62,-0.928155243396759,-1.1424239873886108
46,target,63,-0.9474495649337769,-1.0620766878128052
47,source,0,-0.6960880756378174,-1.027031421661377
47,source,1,-0.6987337470054626,-1.0631697177886963
47,source,2,-0.7033076882362366,-1.0546317100524902
47,source,3,-0.7083290815353394,-1.0487303733825684
47,source,4,-0.7068646550178528,-1.042225956916809
47,source,5,-0.7059513926506042,-1.0434931516647339
47,source,6,-0.7087908387184143,-1.0237269401550293
47,source,7,-0.7023055553436279,-1.0727543830871582
47,source,8,-0.7080710530281067,-1.076735496520996
47,source,9,-0.7162947654724121,-1.0573077201843262
47,source,10,-0.7206330895423889,-1.0650485754013062
47,source,11,-0.7145693302154541,-1.0507440567016602
47,source,12,-0.7186779379844666,-1.1174160242080688
47,source,13,-0.7261298894882202,-1.048731803894043
47,source,14,-0.7409507036209106,-1.0466580390930176
47,source,15,-0.7397627234458923,-1.0403107404708862
47,source,16,-0.7344834804534912,-1.0303683280944824
47,source,17,-0.7314191460609436,-1.0568764209747314
47,source,18,-0.7310338616371155,-1.0566859245300293
47,source,19,-0.7443046569824219,-1.0510153770446777
47,source,20,-0.7466121912002563,-1.0713049173355103
47,source,21,-0.7448214292526245,-1.0825092792510986
47,source,22,-0.7438839077949524,-1.0944888591766357
47,source,23,-0.7359672784805298,-1.100074291229248
47,source,24,-0.7368309497833252,-1.113411784172058
47,source,25,-0.7184776067733765,-1.160564661026001
47,source,26,-0.726702094078064,-1.111363172531128
47,source,27,-0.7343581318855286,-1.1008387804031372
47,source,28,-0.7251248955726624,-1.0652005672454834
47,source,29,-0.7301666736602783,-1.0889546871185303
47,source,30,-0.7216570377349854,-1.051262617111206
47,source,31,-0.7252308130264282,-1.0487934350967407
47,source,32,-0.7258199453353882,-1.0530996322631836
47,source,33,-0.7208344340324402,-1.0725715160369873
47,source,34,-0.7336586713790894,-1.0600911378860474
47,source,35,-0.7341182231903076,-1.0710995197296143
47,source,36,-0.7202528715133667,-1.073404312133789
47,source,37,-0.7397340536117554,-1.084360122680664
47,source,38,-0.7307758331298828,-1.0712387561798096
47,source,39,-0.7172215580940247,-1.0885200500488281
47,source,40,-0.7230504751205444,-1.0842816829681396
47,source,41,-0.7174882888793945,-1.0775954723358154
47,source,42,-0.721530020236969,-1.060983419418335
47,source,43,-0.7176070809364319,-1.0553743839263916
47,source,44,-0.715332567691803,-1.0553767681121826
47,source,45,-0.7145587801933289,-1.0256807804107666
47,source,46,-0.709341287612915,-1.0338945388793945
47,source,47,-0.7199093103408813,-1.0483849048614502
47,source,48,-0.7282509207725525,-1.0490816831588745
47,source,49,-0.7423273324966431,-1.056509256362915
47,source,50,-0.7414724826812744,-1.0547857284545898
47,source,51,-0.7234914302825928,-1.0430850982666016
47,source,52,-0.7307476997375488,-1.0594303607940674
47,source,53,-0.73007732629776,-1.047414779663086
47,source,54,-0.7162041068077087,-1.0491206645965576
47,source,55,-0.7155187726020813,-1.0460691452026367
47,source,56,-0.707847535610199,-1.0281461477279663
47,source,57,-0.7112038731575012,-1.0673136711120605
47,source,58,-0.7224847078323364,-1.0636730194091797
47,source,59,-0.7126138806343079,-1.0663065910339355
47,source,60,-0.7135007381439209,-1.0800600051879883
47,source,61,-0.7266972661018372,-1.065990924835205
47,source,62,-0.7256923913955688,-1.0702240467071533
47,source,63,-0.7294918298721313,-1.1067748069763184
47,target,0,-0.8201149702072144,-1.0547680854797363
47,target,1,-0.9227757453918457,-1.261277675628662
47,target,2,-0.830873966217041,-1.2579150199890137
47,target,3,-0.8153072595596313,-1.190062403678894
47,target,4,-0.767200231552124,-1.2080644369125366
47,target,5,-0.9036836624145508,-1.3714969158172607
47,target,6,-0.8791281580924988,-1.3412015438079834
47,target,7,-0.7788509130477905,-1.2134861946105957
47,target,8,-0.8067218661308289,-1.2491272687911987
47,target,9,-0.752402663230896,-1.1644282341003418
47,target,10,-0.7516437768936157,-1.2386505603790283
47,target,11,-0.7686781883239746,-1.2258596420288086
47,target,12,-0.7699512839317322,-1.2146878242492676
47,target,13,-0.791767954826355,-1.1075702905654907
47,target,14,-0.7795294523239136,-1.1689627170562744
47,target,15,-0.7683792114257812,-1.1659578084945679
47,target,16,-0.7335727214813232,-1.205695390701294
47,target,17,-0.7661277651786804,-1.262707233428955
47,target,18,-0.8547500371932983,-1.3671773672103882
47,target,19,-0.8041256070137024,-1.380720615386963
47,target,20,-0.8553784489631653,-1.382867455482483
47,target,21,-0.7933857440948486,-1.3397599458694458
47,target,22,-0.778094470500946,-1.2239868640899658
47,target,23,-0.7583402395248413,-1.211549997329712
47,target,24,-0.7602406144142151,-1.2480669021606445
47,target,25,-0.7597652673721313,-1.2911852598190308
47,target,26,-0.7074474096298218,-1.3092997074127197
47,target,27,-0.7230685949325562,-1.3017117977142334
47,target,28,-0.6973097324371338,-1.2824301719665527
47,target,29,-0.753731369972229,-1.2228306531906128
47,target,30,-0.7254114747047424,-1.1996639966964722
47,target,31,-0.8190171122550964,-1.3594436645507812
47,target,32,-0.7809874415397644,-1.339956283569336
47,target,33,-0.7596375346183777,-1.222778081893921
47,target,34,-0.7554773092269897,-1.2161426544189453
47,target,35,-0.7427921891212463,-1.1758521795272827
47,target,36,-0.7602304816246033,-1.347502589225769
47,target,37,-0.741322934627533,-1.1910244226455688
47,target,38,-0.7689989805221558,-1.2650208473205566
47,target,39,-0.7480375170707703,-1.273241400718689
47,target,40,-0.8193147778511047,-1.1610450744628906
47,target,41,-0.8010819554328918,-1.1751682758331299
47,target,42,-0.7698101997375488,-1.189882755279541
47,target,43,-0.7771714925765991,-1.1465497016906738
47,target,44,-0.7678024172782898,-1.1129302978515625
47,target,45,-0.7469435930252075,-1.1438153982162476
47,target,46,-0.7880521416664124,-0.9517703056335449
47,target,47,-0.8419935703277588,-1.1105531454086304
47,target,48,-0.8562914729118347,-1.0548195838928223
47,target,49,-0.786335825920105,-0.8723388910293579
47,target,50,-0.7882302403450012,-1.0820860862731934
47,target,51,-0.8275251984596252,-1.270233392715454
47,target,52,-0.776226282119751,-1.1725270748138428
47,target,53,-0.8392135500907898,-1.2396925687789917
47,target,54,-0.8296705484390259,-1.2703896760940552
47,target,55,-0.8259350061416626,-1.1550590991973877
47,target,56,-0.8009180426597595,-1.1565419435501099
47,target,57,-0.7851667404174805,-1.1918160915374756
47,target,58,-0.7963845133781433,-1.2536097764968872
47,target,59,-0.7981669902801514,-1.1490744352340698
47,target,60,-0.8476742506027222,-1.1610668897628784
47,target,61,-0.825405478477478,-1.1253057718276978
47,target,62,-0.805065393447876,-1.15529465675354
47,target,63,-0.8208966851234436,-1.0841660499572754
48,source,0,-0.6654359698295593,-0.9833669662475586
48,source,1,-0.6671603918075562,-1.0211372375488281
48,source,2,-0.677406907081604,-1.0145854949951172
48,source,3,-0.6800076961517334,-1.014596700668335
48,source,4,-0.6902400255203247,-1.0053491592407227
48,source,5,-0.6853020787239075,-1.0117497444152832
48,source,6,-0.6773070693016052,-0.9948190450668335
48,source,7,-0.6752476692199707,-1.0302906036376953
48,source,8,-0.6877601146697998,-1.0588573217391968
48,source,9,-0.6915835738182068,-1.0509870052337646
48,source,10,-0.6954028010368347,-1.0758106708526611
48,source,11,-0.6879276633262634,-1.0318623781204224
48,source,12,-0.6953219175338745,-1.095883846282959
48,source,13,-0.6918512582778931,-1.017359733581543
48,source,14,-0.69516521692276,-1.024229884147644
48,source,15,-0.697962760925293,-1.0087437629699707
48,source,16,-0.6839123368263245,-1.0101070404052734
48,source,17,-0.6785802841186523,-1.0298054218292236
48,source,18,-0.6908512115478516,-1.0312838554382324
48,source,19,-0.7027995586395264,-1.0186465978622437
48,source,20,-0.7103688716888428,-1.0127205848693848
48,source,21,-0.7102184295654297,-1.036987066268921
48,source,22,-0.7270860075950623,-1.0560542345046997
48,source,23,-0.7187297344207764,-1.0638411045074463
48,source,24,-0.7277474999427795,-1.1046802997589111
48,source,25,-0.7147583961486816,-1.1233453750610352
48,source,26,-0.7174286246299744,-1.05679190158844
48,source,27,-0.7321642637252808,-1.0624356269836426
48,source,28,-0.7158178091049194,-1.023998498916626
48,source,29,-0.7173593044281006,-1.0424625873565674
48,source,30,-0.7129523754119873,-1.0018184185028076
48,source,31,-0.7100124359130859,-0.9954988956451416
48,source,32,-0.6975911855697632,-1.0019629001617432
48,source,33,-0.6968814134597778,-1.037553071975708
48,source,34,-0.7060732245445251,-1.0112330913543701
48,source,35,-0.7151563763618469,-1.0374116897583008
48,source,36,-0.7047950029373169,-1.0410810708999634
48,source,37,-0.7136418223381042,-1.0400878190994263
48,source,38,-0.7072306275367737,-1.0300219058990479
48,source,39,-0.7057982683181763,-1.0512194633483887
48,source,40,-0.7022389769554138,-1.0428979396820068
48,source,41,-0.7015559673309326,-1.056286334991455
48,source,42,-0.7057002782821655,-1.0385820865631104
48,source,43,-0.7020193934440613,-1.0252858400344849
48,source,44,-0.6994094848632812,-1.0206352472305298
48,source,45,-0.699810802936554,-0.9871003031730652
48,source,46,-0.7004702091217041,-0.9866241812705994
48,source,47,-0.7046160101890564,-1.0091816186904907
48,source,48,-0.7088463306427002,-1.0148751735687256
48,source,49,-0.7156060934066772,-1.0247611999511719
48,source,50,-0.7203301191329956,-1.0301073789596558
48,source,51,-0.700618326663971,-1.008406639099121
48,source,52,-0.7062451839447021,-1.027555227279663
48,source,53,-0.7044234275817871,-1.021958827972412
48,source,54,-0.6916828751564026,-1.0340595245361328
48,source,55,-0.6984174251556396,-1.0165112018585205
48,source,56,-0.685697078704834,-0.9841181635856628
48,source,57,-0.6863871812820435,-1.0172629356384277
48,source,58,-0.6996501088142395,-1.0324468612670898
48,source,59,-0.6931054592132568,-1.0335009098052979
48,source,60,-0.699731707572937,-1.0860698223114014
48,source,61,-0.7036660313606262,-1.06001877784729
48,source,62,-0.7014090418815613,-1.0929888486862183
48,source,63,-0.7002263069152832,-1.1138137578964233
48,target,0,-0.7821606993675232,-1.0118012428283691
48,target,1,-0.8970251679420471,-1.2780286073684692
48,target,2,-0.7881397604942322,-1.2724992036819458
48,target,3,-0.776386559009552,-1.2155580520629883
48,target,4,-0.7311945557594299,-1.1680055856704712
48,target,5,-0.9182130694389343,-1.4144872426986694
48,target,6,-0.8249045014381409,-1.3964781761169434
48,target,7,-0.7434090375900269,-1.2472196817398071
48,target,8,-0.7837883830070496,-1.2881441116333008
48,target,9,-0.7349875569343567,-1.0936870574951172
48,target,10,-0.7218383550643921,-1.1614465713500977
48,target,11,-0.753007173538208,-1.2161290645599365
48,target,12,-0.731146514415741,-1.1853513717651367
48,target,13,-0.7626025080680847,-1.1033719778060913
48,target,14,-0.7534328699111938,-1.17099928855896
48,target,15,-0.7374329566955566,-1.1511904001235962
48,target,16,-0.7160199880599976,-1.193650245666504
48,target,17,-0.7249690294265747,-1.279503345489502
48,target,18,-0.8252907991409302,-1.4398223161697388
48,target,19,-0.7691683173179626,-1.3512444496154785
48,target,20,-0.8227009177207947,-1.4094535112380981
48,target,21,-0.7371970415115356,-1.386061429977417
48,target,22,-0.7624344229698181,-1.1980910301208496
48,target,23,-0.7297587394714355,-1.1808264255523682
48,target,24,-0.7078338861465454,-1.2418105602264404
48,target,25,-0.7279790639877319,-1.3408818244934082
48,target,26,-0.6731041073799133,-1.2788318395614624
48,target,27,-0.6904707551002502,-1.2880914211273193
48,target,28,-0.6548967361450195,-1.3180071115493774
48,target,29,-0.7355090379714966,-1.2237968444824219
48,target,30,-0.6912857890129089,-1.1827611923217773
48,target,31,-0.7903018593788147,-1.4253467321395874
48,target,32,-0.7667526006698608,-1.357277512550354
48,target,33,-0.7303369045257568,-1.2145379781723022
48,target,34,-0.7129313945770264,-1.2057721614837646
48,target,35,-0.7103171348571777,-1.186872124671936
48,target,36,-0.7287344336509705,-1.3684086799621582
48,target,37,-0.6917360424995422,-1.1517455577850342
48,target,38,-0.7433813810348511,-1.2538397312164307
48,target,39,-0.6972813606262207,-1.2347097396850586
48,target,40,-0.7812941670417786,-1.1650567054748535
48,target,41,-0.777538537979126,-1.167560338973999
48,target,42,-0.7345492839813232,-1.2402472496032715
48,target,43,-0.7350855469703674,-1.1485536098480225
48,target,44,-0.7070276737213135,-1.1160473823547363
48,target,45,-0.7144315242767334,-1.158974289894104
48,target,46,-0.7453310489654541,-0.8664694428443909
48,target,47,-0.8277252912521362,-1.076979398727417
48,target,48,-0.8356515765190125,-1.005103349685669
48,target,49,-0.7620245218276978,-0.7983376383781433
48,target,50,-0.7544716596603394,-1.0609891414642334
48,target,51,-0.7940859198570251,-1.2536590099334717
48,target,52,-0.7517749071121216,-1.1763710975646973
48,target,53,-0.8244474530220032,-1.2734506130218506
48,target,54,-0.796855092048645,-1.2374584674835205
48,target,55,-0.7882723212242126,-1.1190714836120605
48,target,56,-0.775773823261261,-1.13506019115448
48,target,57,-0.762026309967041,-1.1442707777023315
48,target,58,-0.7713861465454102,-1.2272839546203613
48,target,59,-0.7752391695976257,-1.1180264949798584
48,target,60,-0.8425478935241699,-1.162734866142273
48,target,61,-0.8061249256134033,-1.114229679107666
48,target,62,-0.7747944593429565,-1.1220769882202148
48,target,63,-0.7867467999458313,-1.078741192817688
49,source,0,-0.6713340282440186,-0.9701070785522461
49,source,1,-0.6778928637504578,-1.0084466934204102
49,source,2,-0.6854449510574341,-1.0162913799285889
49,source,3,-0.6897684335708618,-1.004099726676941
49,source,4,-0.7045246958732605,-0.9973698854446411
49,source,5,-0.6978286504745483,-0.9995344877243042
49,source,6,-0.6976783871650696,-0.9744747281074524
49,source,7,-0.7052294611930847,-1.0062682628631592
49,source,8,-0.7139001488685608,-1.0196096897125244
49,source,9,-0.7301803827285767,-0.9966444373130798
49,source,10,-0.7351118326187134,-1.0192548036575317
49,source,11,-0.7253754138946533,-0.9823217988014221
49,source,12,-0.729974627494812,-1.074610948562622
49,source,13,-0.7224004864692688,-0.997487485408783
49,source,14,-0.7284229397773743,-1.0122829675674438
49,source,15,-0.7236136198043823,-1.006500482559204
49,source,16,-0.7127724885940552,-1.0039571523666382
49,source,17,-0.719385027885437,-1.027112603187561
49,source,18,-0.7168319225311279,-1.0383907556533813
49,source,19,-0.7333836555480957,-1.0096347332000732
49,source,20,-0.7324460744857788,-1.009636640548706
49,source,21,-0.7342737913131714,-1.02000093460083
49,source,22,-0.7493507266044617,-1.0125927925109863
49,source,23,-0.7499231100082397,-1.0209765434265137
49,source,24,-0.7593323588371277,-1.0555447340011597
49,source,25,-0.7489874362945557,-1.1457133293151855
49,source,26,-0.7494972348213196,-1.045272946357727
49,source,27,-0.7606988549232483,-1.0274356603622437
49,source,28,-0.7418286800384521,-0.9832441210746765
49,source,29,-0.7582132816314697,-1.003746747970581
49,source,30,-0.7405085563659668,-0.9653809070587158
49,source,31,-0.7343677282333374,-0.9602583646774292
49,source,32,-0.7203314304351807,-0.9694901704788208
49,source,33,-0.7223629355430603,-1.0067477226257324
49,source,34,-0.7211325168609619,-0.9752912521362305
49,source,35,-0.7358781099319458,-1.0114094018936157
49,source,36,-0.7275419235229492,-1.0102815628051758
49,source,37,-0.731643557548523,-1.0088013410568237
49,source,38,-0.7262676358222961,-1.0142335891723633
49,source,39,-0.7305612564086914,-1.0314936637878418
49,source,40,-0.7287982702255249,-1.007821798324585
49,source,41,-0.7296957969665527,-1.0199403762817383
49,source,42,-0.7355281710624695,-1.016106367111206
49,source,43,-0.72572261095047,-0.9914312362670898
49,source,44,-0.7232295274734497,-0.977070152759552
49,source,45,-0.7211741209030151,-0.9530413746833801
49,source,46,-0.7253309488296509,-0.9647648930549622
49,source,47,-0.7349225878715515,-0.979065477848053
49,source,48,-0.7249502539634705,-0.9774943590164185
49,source,49,-0.7399975657463074,-0.9841986298561096
49,source,50,-0.7461927533149719,-0.993067741394043
49,source,51,-0.7162277698516846,-0.974873960018158
49,source,52,-0.7217633128166199,-0.9927554130554199
49,source,53,-0.7261256575584412,-0.9914311170578003
49,source,54,-0.7152101397514343,-1.0058680772781372
49,source,55,-0.7186074256896973,-0.9768403172492981
49,source,56,-0.7046462893486023,-0.9577857255935669
49,source,57,-0.7084426879882812,-0.9877009391784668
49,source,58,-0.7178601622581482,-1.0180983543395996
49,source,59,-0.7161871790885925,-1.022573709487915
49,source,60,-0.7227327823638916,-1.0553045272827148
49,source,61,-0.7301357388496399,-1.0286908149719238
49,source,62,-0.7273154854774475,-1.0567879676818848
49,source,63,-0.72746741771698,-1.0668305158615112
49,target,0,-0.8495430946350098,-0.9602352380752563
49,target,1,-0.981897234916687,-1.2484499216079712
49,target,2,-0.8486363887786865,-1.213606357574463
49,target,3,-0.8189852237701416,-1.190308690071106
49,target,4,-0.7738288044929504,-1.1671420335769653
49,target,5,-0.9284394383430481,-1.3687496185302734
49,target,6,-0.846725344657898,-1.3091784715652466
49,target,7,-0.7898428440093994,-1.2049659490585327
49,target,8,-0.8112393021583557,-1.2514926195144653
49,target,9,-0.7563983201980591,-1.0572848320007324
49,target,10,-0.7519107460975647,-1.1672362089157104
49,target,11,-0.7691363096237183,-1.1943292617797852
49,target,12,-0.7603892087936401,-1.1942272186279297
49,target,13,-0.8214936852455139,-1.08469557762146
49,target,14,-0.7980095744132996,-1.153635025024414
49,target,15,-0.7953281402587891,-1.1603069305419922
49,target,16,-0.7598206996917725,-1.2169325351715088
49,target,17,-0.7688337564468384,-1.273813009262085
49,target,18,-0.8435579538345337,-1.3969082832336426
49,target,19,-0.8276976943016052,-1.3478713035583496
49,target,20,-0.8685234785079956,-1.3771557807922363
49,target,21,-0.7733431458473206,-1.3001458644866943
49,target,22,-0.8059785962104797,-1.2015002965927124
49,target,23,-0.795586347579956,-1.184923529624939
49,target,24,-0.7637627124786377,-1.2398858070373535
49,target,25,-0.7906755805015564,-1.3165141344070435
49,target,26,-0.7186579704284668,-1.2862811088562012
49,target,27,-0.7867217063903809,-1.317435622215271
49,target,28,-0.6939010620117188,-1.2965790033340454
49,target,29,-0.7770596742630005,-1.2203269004821777
49,target,30,-0.7015637755393982,-1.1855456829071045
49,target,31,-0.8115228414535522,-1.4295507669448853
49,target,32,-0.7640939950942993,-1.369092345237732
49,target,33,-0.7834413051605225,-1.1423816680908203
49,target,34,-0.7681288719177246,-1.1609318256378174
49,target,35,-0.7485938668251038,-1.1285582780838013
49,target,36,-0.7823969721794128,-1.3200743198394775
49,target,37,-0.7586037516593933,-1.1166956424713135
49,target,38,-0.7909612655639648,-1.2011981010437012
49,target,39,-0.7526658177375793,-1.2492672204971313
49,target,40,-0.8255875110626221,-1.10154128074646
49,target,41,-0.8217213153839111,-1.12771475315094
49,target,42,-0.7547779679298401,-1.1579694747924805
49,target,43,-0.7610428929328918,-1.0784459114074707
49,target,44,-0.7574083805084229,-1.0628666877746582
49,target,45,-0.7193620204925537,-1.1070958375930786
49,target,46,-0.8188797235488892,-0.8409754037857056
49,target,47,-0.8875718116760254,-1.0620980262756348
49,target,48,-0.8893122673034668,-0.9526399970054626
49,target,49,-0.8075696229934692,-0.7740307450294495
49,target,50,-0.8319112062454224,-1.0519254207611084
49,target,51,-0.8547017574310303,-1.2532340288162231
49,target,52,-0.7845415472984314,-1.1769300699234009
49,target,53,-0.8724872469902039,-1.2823688983917236
49,target,54,-0.8554853796958923,-1.2555170059204102
49,target,55,-0.8582878112792969,-1.1100480556488037
49,target,56,-0.8556051254272461,-1.1436522006988525
49,target,57,-0.8046324253082275,-1.1417646408081055
49,target,58,-0.8226361870765686,-1.2407054901123047
49,target,59,-0.8236973285675049,-1.1369502544403076
49,target,60,-0.9035496711730957,-1.1225651502609253
49,target,61,-0.8572643399238586,-1.0698025226593018
49,target,62,-0.8331508636474609,-1.0496361255645752
49,target,63,-0.8613564968109131,-1.0249974727630615
50,source,0,-0.694972038269043,-1.0151612758636475
50,source,1,-0.6955678462982178,-1.0534694194793701
50,source,2,-0.6960537433624268,-1.056549072265625
50,source,3,-0.6967049837112427,-1.029855489730835
50,source,4,-0.7042823433876038,-1.0331135988235474
50,source,5,-0.7074372172355652,-1.043757438659668
50,source,6,-0.7113174200057983,-1.0225107669830322
50,source,7,-0.7125041484832764,-1.0557124614715576
50,source,8,-0.7292159795761108,-1.0638490915298462
50,source,9,-0.7441250681877136,-1.0410672426223755
50,source,10,-0.7420162558555603,-1.0455185174942017
50,source,11,-0.732530415058136,-1.0117003917694092
50,source,12,-0.7461793422698975,-1.0839049816131592
50,source,13,-0.736268937587738,-1.0255272388458252
50,source,14,-0.7316560745239258,-1.0397233963012695
50,source,15,-0.730858564376831,-1.0202412605285645
50,source,16,-0.7240630388259888,-1.023214340209961
50,source,17,-0.7223675847053528,-1.049881935119629
50,source,18,-0.7271851301193237,-1.0506250858306885
50,source,19,-0.7418321371078491,-1.0302561521530151
50,source,20,-0.7429105639457703,-1.0235834121704102
50,source,21,-0.7443370223045349,-1.0479755401611328
50,source,22,-0.7596709132194519,-1.0374889373779297
50,source,23,-0.7667093276977539,-1.0429027080535889
50,source,24,-0.772598147392273,-1.0670411586761475
50,source,25,-0.7448223829269409,-1.1055439710617065
50,source,26,-0.7423165440559387,-1.0647696256637573
50,source,27,-0.7593345642089844,-1.0564537048339844
50,source,28,-0.7403842210769653,-1.0271944999694824
50,source,29,-0.7546519041061401,-1.0406177043914795
50,source,30,-0.7354626655578613,-1.0037740468978882
50,source,31,-0.7397473454475403,-0.9997192621231079
50,source,32,-0.7341387867927551,-0.9944613575935364
50,source,33,-0.7324936985969543,-1.026327133178711
50,source,34,-0.7355905771255493,-1.0168547630310059
50,source,35,-0.7390880584716797,-1.052128553390503
50,source,36,-0.7278169989585876,-1.0666691064834595
50,source,37,-0.7404952645301819,-1.0611364841461182
50,source,38,-0.7229948043823242,-1.0669156312942505
50,source,39,-0.727390706539154,-1.0647311210632324
50,source,40,-0.725760817527771,-1.0508623123168945
50,source,41,-0.7245489358901978,-1.072807788848877
50,source,42,-0.7366719841957092,-1.0469515323638916
50,source,43,-0.7184648513793945,-1.0333127975463867
50,source,44,-0.7165615558624268,-1.0321935415267944
50,source,45,-0.7236763834953308,-0.9976372718811035
50,source,46,-0.7289629578590393,-1.001575231552124
50,source,47,-0.7312986850738525,-1.0116167068481445
50,source,48,-0.731732964515686,-1.0144203901290894
50,source,49,-0.7384142875671387,-1.0205291509628296
50,source,50,-0.7482694387435913,-1.017613172531128
50,source,51,-0.7265299558639526,-1.0091280937194824
50,source,52,-0.7348271012306213,-1.022918462753296
50,source,53,-0.7343791723251343,-1.016611933708191
50,source,54,-0.7222574949264526,-1.0467859506607056
50,source,55,-0.7363235354423523,-1.0194435119628906
50,source,56,-0.7223682999610901,-1.0042905807495117
50,source,57,-0.7212046980857849,-1.0373380184173584
50,source,58,-0.7261270880699158,-1.0531575679779053
50,source,59,-0.7250443696975708,-1.044524073600769
50,source,60,-0.7376443147659302,-1.081862211227417
50,source,61,-0.7422294616699219,-1.0413203239440918
50,source,62,-0.7447077631950378,-1.0539295673370361
50,source,63,-0.7393580675125122,-1.0783584117889404
50,target,0,-0.808840274810791,-0.9868803024291992
50,target,1,-0.95514976978302,-1.2777464389801025
50,target,2,-0.822988748550415,-1.2033056020736694
50,target,3,-0.8271955251693726,-1.225862741470337
50,target,4,-0.7505933046340942,-1.2085760831832886
50,target,5,-0.8726624250411987,-1.3853427171707153
50,target,6,-0.8292772173881531,-1.3393034934997559
50,target,7,-0.7487257719039917,-1.2130186557769775
50,target,8,-0.7757729291915894,-1.2484214305877686
50,target,9,-0.7620609402656555,-1.109826683998108
50,target,10,-0.7600659132003784,-1.2256782054901123
50,target,11,-0.7772483229637146,-1.2298572063446045
50,target,12,-0.77135169506073,-1.2009114027023315
50,target,13,-0.7872311472892761,-1.0985260009765625
50,target,14,-0.7746518850326538,-1.1938673257827759
50,target,15,-0.7622705698013306,-1.1555293798446655
50,target,16,-0.7486709952354431,-1.2168426513671875
50,target,17,-0.7370720505714417,-1.255415439605713
50,target,18,-0.8129978775978088,-1.3607069253921509
50,target,19,-0.7829077839851379,-1.298919439315796
50,target,20,-0.8118130564689636,-1.3369617462158203
50,target,21,-0.7423192858695984,-1.324009656906128
50,target,22,-0.7778571248054504,-1.2100754976272583
50,target,23,-0.7563848495483398,-1.1734849214553833
50,target,24,-0.7198137640953064,-1.2463228702545166
50,target,25,-0.7464703321456909,-1.2915294170379639
50,target,26,-0.7123952507972717,-1.3052034378051758
50,target,27,-0.7272661328315735,-1.2893702983856201
50,target,28,-0.686089038848877,-1.309889554977417
50,target,29,-0.7678182721138,-1.2634875774383545
50,target,30,-0.7451078295707703,-1.275289535522461
50,target,31,-0.7963821291923523,-1.4477180242538452
50,target,32,-0.7827614545822144,-1.4321351051330566
50,target,33,-0.7814083099365234,-1.1733229160308838
50,target,34,-0.7806248664855957,-1.1697660684585571
50,target,35,-0.7652905583381653,-1.1585229635238647
50,target,36,-0.7394989728927612,-1.3351595401763916
50,target,37,-0.7491492033004761,-1.1347140073776245
50,target,38,-0.7966569662094116,-1.2274219989776611
50,target,39,-0.7263340950012207,-1.2388746738433838
50,target,40,-0.7994163036346436,-1.1340689659118652
50,target,41,-0.7791593670845032,-1.1447138786315918
50,target,42,-0.7429172992706299,-1.1630399227142334
50,target,43,-0.7630224823951721,-1.1035783290863037
50,target,44,-0.7354850172996521,-1.071394681930542
50,target,45,-0.7191184163093567,-1.1436389684677124
50,target,46,-0.821738600730896,-0.911238431930542
50,target,47,-0.8680548667907715,-1.1016329526901245
50,target,48,-0.8723222017288208,-1.021284818649292
50,target,49,-0.8254966735839844,-0.8569943904876709
50,target,50,-0.7780324220657349,-1.0528302192687988
50,target,51,-0.8232792019844055,-1.254839301109314
50,target,52,-0.7790394425392151,-1.1874295473098755
50,target,53,-0.8555773496627808,-1.2708685398101807
50,target,54,-0.8150942921638489,-1.2509344816207886
50,target,55,-0.829738974571228,-1.1208081245422363
50,target,56,-0.8439747095108032,-1.1614041328430176
50,target,57,-0.7884206175804138,-1.15583074092865
50,target,58,-0.8182898759841919,-1.2459399700164795
50,target,59,-0.8218429684638977,-1.1624655723571777
50,target,60,-0.8705690503120422,-1.161698341369629
50,target,61,-0.849687933921814,-1.0955027341842651
50,target,62,-0.813133955001831,-1.0778019428253174
50,target,63,-0.8469698429107666,-1.0586397647857666
51,source,0,-0.6021729111671448,-0.9932610392570496
51,source,1,-0.6002798676490784,-1.029892921447754
51,source,2,-0.6098772883415222,-1.0179603099822998
51,source,3,-0.6052221655845642,-0.9950629472732544
51,source,4,-0.610732913017273,-1.00032639503479
51,source,5,-0.6106826663017273,-1.0192757844924927
51,source,6,-0.6130696535110474,-1.0084912776947021
51,source,7,-0.6188353896141052,-1.0376982688903809
51,source,8,-0.6312679648399353,-1.0447405576705933
51,source,9,-0.6456840634346008,-1.011751413345337
51,source,10,-0.6466957926750183,-1.002368688583374
51,source,11,-0.6391440629959106,-0.9899906516075134
51,source,12,-0.6379601955413818,-1.035053014755249
51,source,13,-0.642833948135376,-1.0009013414382935
51,source,14,-0.6407480239868164,-1.0034310817718506
51,source,15,-0.6272929310798645,-0.9874680042266846
51,source,16,-0.6225612163543701,-0.9941553473472595
51,source,17,-0.6255265474319458,-1.0319459438323975
51,source,18,-0.6276842355728149,-1.0151100158691406
51,source,19,-0.6359885334968567,-1.0050736665725708
51,source,20,-0.6333078742027283,-1.0014853477478027
51,source,21,-0.6477619409561157,-1.0232582092285156
51,source,22,-0.649700403213501,-1.0277693271636963
51,source,23,-0.6504088044166565,-1.0282659530639648
51,source,24,-0.6581609845161438,-1.0550010204315186
51,source,25,-0.653811514377594,-1.0893723964691162
51,source,26,-0.6553775072097778,-1.0227360725402832
51,source,27,-0.6737899780273438,-1.0019292831420898
51,source,28,-0.6531893014907837,-0.9759490489959717
51,source,29,-0.6574692726135254,-1.0138239860534668
51,source,30,-0.63613361120224,-0.9496291279792786
51,source,31,-0.6352697014808655,-0.9466865062713623
51,source,32,-0.6312321424484253,-0.9479573369026184
51,source,33,-0.6355749368667603,-0.9833020567893982
51,source,34,-0.6431674361228943,-0.9766842126846313
51,source,35,-0.6425345540046692,-1.0112582445144653
51,source,36,-0.6315149664878845,-1.0187337398529053
51,source,37,-0.6476357579231262,-1.0176548957824707
51,source,38,-0.6383144855499268,-1.020005464553833
51,source,39,-0.6302189826965332,-1.025274395942688
51,source,40,-0.6335225105285645,-1.0187859535217285
51,source,41,-0.6295905113220215,-1.0182465314865112
51,source,42,-0.6315644979476929,-1.0059750080108643
51,source,43,-0.6271423697471619,-0.985485315322876
51,source,44,-0.6242370009422302,-0.9868415594100952
51,source,45,-0.6201494932174683,-0.9563234448432922
51,source,46,-0.6211038827896118,-0.9588514566421509
51,source,47,-0.6327743530273438,-0.9690782427787781
51,source,48,-0.6337650418281555,-0.973237156867981
51,source,49,-0.6388046145439148,-0.9971677660942078
51,source,50,-0.644143283367157,-1.0025607347488403
51,source,51,-0.628823459148407,-0.9959002137184143
51,source,52,-0.6332470774650574,-1.0072532892227173
51,source,53,-0.6363586783409119,-0.9992501735687256
51,source,54,-0.6112218499183655,-1.022578239440918
51,source,55,-0.6270855069160461,-0.9986822009086609
51,source,56,-0.6154962182044983,-0.9897854328155518
51,source,57,-0.6247351169586182,-1.010404348373413
51,source,58,-0.6233645081520081,-1.012658715248108
51,source,59,-0.6301394104957581,-1.0207749605178833
51,source,60,-0.6351649761199951,-1.0487666130065918
51,source,61,-0.6387413740158081,-1.0288739204406738
51,source,62,-0.6356233954429626,-1.0439136028289795
51,source,63,-0.6377409100532532,-1.0678212642669678
51,target,0,-0.7176503539085388,-0.9653662443161011
51,target,1,-0.9037953019142151,-1.2401094436645508
51,target,2,-0.730555534362793,-1.186021089553833
51,target,3,-0.7334355711936951,-1.144409418106079
51,target,4,-0.6769801378250122,-1.1751807928085327
51,target,5,-0.8173291683197021,-1.3443773984909058
51,target,6,-0.7865867614746094,-1.306302785873413
51,target,7,-0.6648257374763489,-1.1928426027297974
51,target,8,-0.7041611671447754,-1.2139246463775635
51,target,9,-0.6466392278671265,-1.0600194931030273
51,target,10,-0.6615992784500122,-1.1611688137054443
51,target,11,-0.6930696368217468,-1.1772170066833496
51,target,12,-0.6662735939025879,-1.1692790985107422
51,target,13,-0.6754686236381531,-1.0456246137619019
51,target,14,-0.6675785183906555,-1.1124505996704102
51,target,15,-0.6722593307495117,-1.0691133737564087
51,target,16,-0.6442893147468567,-1.1408038139343262
51,target,17,-0.6442502737045288,-1.220096468925476
51,target,18,-0.7546619176864624,-1.3414695262908936
51,target,19,-0.7009711861610413,-1.2665674686431885
51,target,20,-0.7653793692588806,-1.346859097480774
51,target,21,-0.6763197183609009,-1.3054231405258179
51,target,22,-0.697607696056366,-1.1899001598358154
51,target,23,-0.6817792654037476,-1.1527838706970215
51,target,24,-0.6609665751457214,-1.2382595539093018
51,target,25,-0.6744983196258545,-1.2514123916625977
51,target,26,-0.6036057472229004,-1.244666337966919
51,target,27,-0.6343593001365662,-1.258880615234375
51,target,28,-0.6195815801620483,-1.2470942735671997
51,target,29,-0.6863663792610168,-1.1951744556427002
51,target,30,-0.6203747391700745,-1.1649411916732788
51,target,31,-0.734686553478241,-1.3501620292663574
51,target,32,-0.7172723412513733,-1.3234347105026245
51,target,33,-0.6776275038719177,-1.1512937545776367
51,target,34,-0.6593652367591858,-1.1450191736221313
51,target,35,-0.6460570096969604,-1.1269440650939941
51,target,36,-0.671572744846344,-1.3190178871154785
51,target,37,-0.627876341342926,-1.1408981084823608
51,target,38,-0.7024052143096924,-1.2111163139343262
51,target,39,-0.6484310626983643,-1.2408422231674194
51,target,40,-0.7190881371498108,-1.097001075744629
51,target,41,-0.7229795455932617,-1.1215102672576904
51,target,42,-0.6528604030609131,-1.1679303646087646
51,target,43,-0.6743593811988831,-1.0838613510131836
51,target,44,-0.6505754590034485,-1.0805234909057617
51,target,45,-0.6331228017807007,-1.101040244102478
51,target,46,-0.6924688816070557,-0.8829658627510071
51,target,47,-0.7807340621948242,-1.0286595821380615
51,target,48,-0.7863041162490845,-0.9599998593330383
51,target,49,-0.712041437625885,-0.8196322917938232
51,target,50,-0.7005687355995178,-1.048290491104126
51,target,51,-0.7497615218162537,-1.1825666427612305
51,target,52,-0.6891287565231323,-1.111245036125183
51,target,53,-0.7823020815849304,-1.1506565809249878
51,target,54,-0.7305951118469238,-1.207977533340454
51,target,55,-0.7412145733833313,-1.0715656280517578
51,target,56,-0.766105592250824,-1.0822336673736572
51,target,57,-0.7015846967697144,-1.0954561233520508
51,target,58,-0.7470107078552246,-1.172881841659546
51,target,59,-0.7372658252716064,-1.0734264850616455
51,target,60,-0.7987216711044312,-1.091192603111267
51,target,61,-0.7625188231468201,-1.0246788263320923
51,target,62,-0.7280205488204956,-1.0455093383789062
51,target,63,-0.7570108771324158,-0.9984903335571289
52,source,0,-0.610400915145874,-1.0557217597961426
52,source,1,-0.6161758899688721,-1.0942946672439575
52,source,2,-0.6132309436798096,-1.0828847885131836
52,source,3,-0.619169294834137,-1.063093662261963
52,source,4,-0.618846595287323,-1.0578508377075195
52,source,5,-0.6146783828735352,-1.0667927265167236
52,source,6,-0.6292359828948975,-1.0529557466506958
52,source,7,-0.634026288986206,-1.075430154800415
52,source,8,-0.6443788409233093,-1.082787275314331
52,source,9,-0.6461576819419861,-1.0520575046539307
52,source,10,-0.6441277861595154,-1.0657144784927368
52,source,11,-0.6316123008728027,-1.0447757244110107
52,source,12,-0.6481758952140808,-1.07712721824646
52,source,13,-0.6374579668045044,-1.0630743503570557
52,source,14,-0.6436004042625427,-1.0632922649383545
52,source,15,-0.6346025466918945,-1.0545032024383545
52,source,16,-0.6353282928466797,-1.0466080904006958
52,source,17,-0.6347474455833435,-1.0703132152557373
52,source,18,-0.6275449991226196,-1.075508952140808
52,source,19,-0.6289383769035339,-1.0663187503814697
52,source,20,-0.6330633759498596,-1.0590671300888062
52,source,21,-0.6414400339126587,-1.0761780738830566
52,source,22,-0.6535272002220154,-1.0895174741744995
52,source,23,-0.647480845451355,-1.0866193771362305
52,source,24,-0.6618483066558838,-1.0909379720687866
52,source,25,-0.6474145650863647,-1.1265296936035156
52,source,26,-0.6510201692581177,-1.0767337083816528
52,source,27,-0.6556126475334167,-1.0725209712982178
52,source,28,-0.6425151228904724,-1.038649082183838
52,source,29,-0.6498030424118042,-1.0539133548736572
52,source,30,-0.6298820972442627,-1.0115714073181152
52,source,31,-0.6336040496826172,-1.0118639469146729
52,source,32,-0.6364043951034546,-1.0122020244598389
52,source,33,-0.6294907331466675,-1.0533909797668457
52,source,34,-0.6295284032821655,-1.0477488040924072
52,source,35,-0.645062267780304,-1.069725751876831
52,source,36,-0.6345643997192383,-1.0834275484085083
52,source,37,-0.6513016819953918,-1.0741913318634033
52,source,38,-0.6505491137504578,-1.07295823097229
52,source,39,-0.6400651931762695,-1.086101770401001
52,source,40,-0.6333082914352417,-1.089808702468872
52,source,41,-0.6368930339813232,-1.09016752243042
52,source,42,-0.6397826671600342,-1.0645041465759277
52,source,43,-0.6344231963157654,-1.0466022491455078
52,source,44,-0.6357334852218628,-1.0480117797851562
52,source,45,-0.6348157525062561,-1.0250766277313232
52,source,46,-0.6346389651298523,-1.0161166191101074
52,source,47,-0.6372618079185486,-1.0383095741271973
52,source,48,-0.6465104818344116,-1.0351026058197021
52,source,49,-0.6449962854385376,-1.054966688156128
52,source,50,-0.6421477198600769,-1.0592443943023682
52,source,51,-0.631051242351532,-1.055368423461914
52,source,52,-0.6387099027633667,-1.0708787441253662
52,source,53,-0.6409682631492615,-1.0689858198165894
52,source,54,-0.6241023540496826,-1.0964196920394897
52,source,55,-0.6306307315826416,-1.0836317539215088
52,source,56,-0.6171470284461975,-1.062382698059082
52,source,57,-0.6319476366043091,-1.0866400003433228
52,source,58,-0.6316698789596558,-1.0835723876953125
52,source,59,-0.6343126893043518,-1.0946903228759766
52,source,60,-0.6453296542167664,-1.1173814535140991
52,source,61,-0.6540699601173401,-1.0952470302581787
52,source,62,-0.6469551920890808,-1.1160253286361694
52,source,63,-0.657645046710968,-1.1142438650131226
52,target,0,-0.684434711933136,-0.9932345151901245
52,target,1,-0.8629706501960754,-1.2114323377609253
52,target,2,-0.7017216086387634,-1.2092700004577637
52,target,3,-0.7002062201499939,-1.1310234069824219
52,target,4,-0.645928680896759,-1.1838293075561523
52,target,5,-0.8325299620628357,-1.3581807613372803
52,target,6,-0.7905135154724121,-1.3251159191131592
52,target,7,-0.6810044050216675,-1.1829767227172852
52,target,8,-0.7131747603416443,-1.2190587520599365
52,target,9,-0.6493843793869019,-1.091097354888916
52,target,10,-0.6624059081077576,-1.161278247833252
52,target,11,-0.6961606740951538,-1.191131830215454
52,target,12,-0.6749292016029358,-1.1618657112121582
52,target,13,-0.6749927997589111,-1.066676139831543
52,target,14,-0.6597623229026794,-1.131908655166626
52,target,15,-0.6570308804512024,-1.1209875345230103
52,target,16,-0.6329934597015381,-1.1607608795166016
52,target,17,-0.6514602899551392,-1.2495238780975342
52,target,18,-0.7669585347175598,-1.3997228145599365
52,target,19,-0.694344162940979,-1.301703691482544
52,target,20,-0.7565124034881592,-1.353535532951355
52,target,21,-0.6714721918106079,-1.3271732330322266
52,target,22,-0.704119861125946,-1.2141848802566528
52,target,23,-0.6686752438545227,-1.1582502126693726
52,target,24,-0.6557698845863342,-1.2286430597305298
52,target,25,-0.6454400420188904,-1.2285221815109253
52,target,26,-0.6169297695159912,-1.213026523590088
52,target,27,-0.6261798739433289,-1.2298871278762817
52,target,28,-0.6206483840942383,-1.2466212511062622
52,target,29,-0.6650121808052063,-1.2165989875793457
52,target,30,-0.636111319065094,-1.2093749046325684
52,target,31,-0.7210935950279236,-1.3824810981750488
52,target,32,-0.6925466060638428,-1.335809350013733
52,target,33,-0.6605302691459656,-1.2256232500076294
52,target,34,-0.6537895798683167,-1.2083148956298828
52,target,35,-0.6470308303833008,-1.158381462097168
52,target,36,-0.657294750213623,-1.3401671648025513
52,target,37,-0.6363362073898315,-1.170985221862793
52,target,38,-0.6773256063461304,-1.230691909790039
52,target,39,-0.6208528280258179,-1.2657259702682495
52,target,40,-0.7042236924171448,-1.131096601486206
52,target,41,-0.6988709568977356,-1.1377968788146973
52,target,42,-0.6592889428138733,-1.1733248233795166
52,target,43,-0.680823028087616,-1.106429934501648
52,target,44,-0.6683590412139893,-1.0852150917053223
52,target,45,-0.6369766592979431,-1.1208785772323608
52,target,46,-0.6924678683280945,-0.9381848573684692
52,target,47,-0.7625600695610046,-1.045691728591919
52,target,48,-0.7674846649169922,-0.9746941924095154
52,target,49,-0.7061883211135864,-0.8798308968544006
52,target,50,-0.6755924224853516,-1.0573654174804688
52,target,51,-0.7152698636054993,-1.213570237159729
52,target,52,-0.6691009402275085,-1.141232967376709
52,target,53,-0.7453625798225403,-1.1677882671356201
52,target,54,-0.7030960321426392,-1.2110319137573242
52,target,55,-0.7248854637145996,-1.0870051383972168
52,target,56,-0.7464910745620728,-1.0816326141357422
52,target,57,-0.6917713284492493,-1.1236271858215332
52,target,58,-0.7357445955276489,-1.1909962892532349
52,target,59,-0.7184246182441711,-1.0876052379608154
52,target,60,-0.7554609775543213,-1.1188760995864868
52,target,61,-0.7467887997627258,-1.0560088157653809
52,target,62,-0.6961337327957153,-1.1160378456115723
52,target,63,-0.7427659630775452,-1.0279393196105957
53,source,0,-0.5599761605262756,-1.0122323036193848
53,source,1,-0.5656960010528564,-1.0623410940170288
53,source,2,-0.5638479590415955,-1.062248706817627
53,source,3,-0.5672216415405273,-1.0350069999694824
53,source,4,-0.5663475394248962,-1.029381275177002
53,source,5,-0.5629895329475403,-1.0352411270141602
53,source,6,-0.5804704427719116,-1.0334599018096924
53,source,7,-0.5953629612922668,-1.058516025543213
53,source,8,-0.597909152507782,-1.0743602514266968
53,source,9,-0.5952219367027283,-1.0482182502746582
53,source,10,-0.5930393934249878,-1.0580294132232666
53,source,11,-0.5786795616149902,-1.0330867767333984
53,source,12,-0.5902035236358643,-1.0860683917999268
53,source,13,-0.5874608159065247,-1.0454561710357666
53,source,14,-0.59794020652771,-1.0581278800964355
53,source,15,-0.5851662158966064,-1.0576722621917725
53,source,16,-0.5823965668678284,-1.040257453918457
53,source,17,-0.5816248655319214,-1.0612907409667969
53,source,18,-0.5773226618766785,-1.0617612600326538
53,source,19,-0.5761275887489319,-1.0569193363189697
53,source,20,-0.5711418986320496,-1.0447955131530762
53,source,21,-0.5814859867095947,-1.0658934116363525
53,source,22,-0.5955798625946045,-1.0679421424865723
53,source,23,-0.5886824131011963,-1.0880413055419922
53,source,24,-0.6210006475448608,-1.098470687866211
53,source,25,-0.5891390442848206,-1.1262543201446533
53,source,26,-0.589513897895813,-1.0607807636260986
53,source,27,-0.6116513609886169,-1.0600029230117798
53,source,28,-0.5871415734291077,-1.0103178024291992
53,source,29,-0.5992063879966736,-1.035366415977478
53,source,30,-0.5739351511001587,-0.9962944984436035
53,source,31,-0.5670137405395508,-0.9871436953544617
53,source,32,-0.5719434022903442,-0.9843758344650269
53,source,33,-0.5693959593772888,-1.0232996940612793
53,source,34,-0.5781382918357849,-1.0202012062072754
53,source,35,-0.5896600484848022,-1.0465692281723022
53,source,36,-0.5746681690216064,-1.061988115310669
53,source,37,-0.5948764085769653,-1.0520894527435303
53,source,38,-0.5876653790473938,-1.0604344606399536
53,source,39,-0.5916301608085632,-1.064866065979004
53,source,40,-0.593468189239502,-1.0561178922653198
53,source,41,-0.5882534384727478,-1.0655088424682617
53,source,42,-0.5834380388259888,-1.0444685220718384
53,source,43,-0.5808467864990234,-1.0396947860717773
53,source,44,-0.5866230130195618,-1.0324890613555908
53,source,45,-0.5900189280509949,-0.9933661222457886
53,source,46,-0.583674967288971,-0.9955907464027405
53,source,47,-0.5951115489006042,-1.0227525234222412
53,source,48,-0.5921327471733093,-1.008579969406128
53,source,49,-0.5939687490463257,-1.0300325155258179
53,source,50,-0.5961413383483887,-1.0330544710159302
53,source,51,-0.5790386199951172,-1.024947166442871
53,source,52,-0.5888097286224365,-1.046647310256958
53,source,53,-0.5863209366798401,-1.041635513305664
53,source,54,-0.5665294528007507,-1.072722315788269
53,source,55,-0.5676100254058838,-1.0582404136657715
53,source,56,-0.5602000951766968,-1.046629786491394
53,source,57,-0.5704542398452759,-1.0742359161376953
53,source,58,-0.5766682028770447,-1.0787432193756104
53,source,59,-0.5788149237632751,-1.0907166004180908
53,source,60,-0.5883598923683167,-1.1151299476623535
53,source,61,-0.5931596755981445,-1.091464638710022
53,source,62,-0.5893418192863464,-1.1059303283691406
53,source,63,-0.5932245254516602,-1.1166188716888428
53,target,0,-0.6526968479156494,-0.9645407199859619
53,target,1,-0.8070518970489502,-1.1687620878219604
53,target,2,-0.6627121567726135,-1.1899282932281494
53,target,3,-0.6669225692749023,-1.145911455154419
53,target,4,-0.6075342893600464,-1.151437759399414
53,target,5,-0.7506201863288879,-1.286414623260498
53,target,6,-0.738099992275238,-1.2725372314453125
53,target,7,-0.6425278186798096,-1.166101098060608
53,target,8,-0.6692087054252625,-1.1946948766708374
53,target,9,-0.5909332633018494,-1.1058311462402344
53,target,10,-0.5995012521743774,-1.1804090738296509
53,target,11,-0.6381070017814636,-1.1820099353790283
53,target,12,-0.609619140625,-1.1720123291015625
53,target,13,-0.6502504944801331,-1.0504754781723022
53,target,14,-0.6398307681083679,-1.1283882856369019
53,target,15,-0.6273730993270874,-1.0850787162780762
53,target,16,-0.6091756224632263,-1.141887903213501
53,target,17,-0.5951418280601501,-1.199955940246582
53,target,18,-0.6838576793670654,-1.3659549951553345
53,target,19,-0.6225752234458923,-1.2403007745742798
53,target,20,-0.6813322305679321,-1.3148939609527588
53,target,21,-0.6050670146942139,-1.2437994480133057
53,target,22,-0.6419685482978821,-1.1630834341049194
53,target,23,-0.6231536865234375,-1.138003945350647
53,target,24,-0.6089963316917419,-1.184006929397583
53,target,25,-0.6093850135803223,-1.2015784978866577
53,target,26,-0.5650603175163269,-1.2103683948516846
53,target,27,-0.599261462688446,-1.2116317749023438
53,target,28,-0.5898413062095642,-1.2245941162109375
53,target,29,-0.617662787437439,-1.1993657350540161
53,target,30,-0.5707915425300598,-1.156444787979126
53,target,31,-0.6439754366874695,-1.309990644454956
53,target,32,-0.6216839551925659,-1.275569200515747
53,target,33,-0.6035599708557129,-1.226462483406067
53,target,34,-0.5836545825004578,-1.2235817909240723
53,target,35,-0.5786230564117432,-1.1872596740722656
53,target,36,-0.6176366806030273,-1.2932164669036865
53,target,37,-0.5831848382949829,-1.1739451885223389
53,target,38,-0.6194241046905518,-1.2206690311431885
53,target,39,-0.5663939118385315,-1.2493348121643066
53,target,40,-0.6555435657501221,-1.1033204793930054
53,target,41,-0.6485119462013245,-1.1054408550262451
53,target,42,-0.6032766699790955,-1.1280732154846191
53,target,43,-0.6137725114822388,-1.085820198059082
53,target,44,-0.5963004231452942,-1.0742226839065552
53,target,45,-0.5816869139671326,-1.101250410079956
53,target,46,-0.6268661022186279,-0.9010249376296997
53,target,47,-0.697487473487854,-1.0447113513946533
53,target,48,-0.7183064222335815,-0.9692405462265015
53,target,49,-0.64578777551651,-0.8270300626754761
53,target,50,-0.6588727235794067,-1.0135053396224976
53,target,51,-0.6556685566902161,-1.1849359273910522
53,target,52,-0.6108996868133545,-1.1292850971221924
53,target,53,-0.685904324054718,-1.1494351625442505
53,target,54,-0.6578530073165894,-1.1815952062606812
53,target,55,-0.6924291849136353,-1.0390324592590332
53,target,56,-0.671683669090271,-1.0608444213867188
53,target,57,-0.6251842975616455,-1.082351565361023
53,target,58,-0.6654819250106812,-1.1494004726409912
53,target,59,-0.6629867553710938,-1.0539203882217407
53,target,60,-0.6949946284294128,-1.093989372253418
53,target,61,-0.6791669726371765,-1.0596978664398193
53,target,62,-0.6463578343391418,-1.0739173889160156
53,target,63,-0.6765778660774231,-0.9936069250106812
54,source,0,-0.4666871428489685,-0.9660035967826843
54,source,1,-0.4699477553367615,-1.0006606578826904
54,source,2,-0.4793121814727783,-0.9929451942443848
54,source,3,-0.4798511564731598,-0.9770886301994324
54,source,4,-0.48414114117622375,-0.9764381051063538
54,source,5,-0.47471606731414795,-0.9726228713989258
54,source,6,-0.4918205738067627,-0.9598503708839417
54,source,7,-0.4876473844051361,-0.9940189719200134
54,source,8,-0.5046713352203369,-1.01382577419281
54,source,9,-0.49368584156036377,-1.0089497566223145
54,source,10,-0.48899123072624207,-1.008597731590271
54,source,11,-0.4686238765716553,-0.9965439438819885
54,source,12,-0.49445590376853943,-1.0454163551330566
54,source,13,-0.4867698550224304,-1.003141164779663
54,source,14,-0.49585556983947754,-1.019337773323059
54,source,15,-0.48977336287498474,-0.9967906475067139
54,source,16,-0.48342883586883545,-0.9938505291938782
54,source,17,-0.48230838775634766,-1.0284373760223389
54,source,18,-0.48478031158447266,-1.0147705078125
54,source,19,-0.49182724952697754,-1.0165858268737793
54,source,20,-0.4814012050628662,-1.0139225721359253
54,source,21,-0.494892418384552,-1.0493860244750977
54,source,22,-0.5050580501556396,-1.0362300872802734
54,source,23,-0.4910954236984253,-1.0492817163467407
54,source,24,-0.5128105878829956,-1.047240972518921
54,source,25,-0.5048031806945801,-1.086411476135254
54,source,26,-0.5125988721847534,-1.032004714012146
54,source,27,-0.5207284092903137,-1.036849856376648
54,source,28,-0.5099756717681885,-0.9998542666435242
54,source,29,-0.5141818523406982,-1.028213620185852
54,source,30,-0.49914777278900146,-0.9779639840126038
54,source,31,-0.5088474154472351,-0.960676372051239
54,source,32,-0.5098580718040466,-0.956671953201294
54,source,33,-0.49560976028442383,-0.9940844178199768
54,source,34,-0.5130433440208435,-0.9976334571838379
54,source,35,-0.518430769443512,-1.0148577690124512
54,source,36,-0.4997633099555969,-1.0169185400009155
54,source,37,-0.5238642692565918,-1.0071101188659668
54,source,38,-0.5201883316040039,-1.0112557411193848
54,source,39,-0.5136585235595703,-1.0105513334274292
54,source,40,-0.5095763802528381,-1.0114213228225708
54,source,41,-0.510324239730835,-1.0109188556671143
54,source,42,-0.5060706734657288,-0.9855135083198547
54,source,43,-0.5021136403083801,-0.9848943948745728
54,source,44,-0.5038274526596069,-0.9847383499145508
54,source,45,-0.5115020871162415,-0.947978675365448
54,source,46,-0.5089728832244873,-0.9601687788963318
54,source,47,-0.5184582471847534,-0.9738243222236633
54,source,48,-0.5183854699134827,-0.9647521376609802
54,source,49,-0.5169269442558289,-0.9657710194587708
54,source,50,-0.5259546637535095,-0.9861530065536499
54,source,51,-0.505059003829956,-0.9740983843803406
54,source,52,-0.5114745497703552,-0.9972901940345764
54,source,53,-0.5079474449157715,-0.9859710335731506
54,source,54,-0.49608978629112244,-0.9923460483551025
54,source,55,-0.4901581406593323,-0.9685668349266052
54,source,56,-0.4888572692871094,-0.9542454481124878
54,source,57,-0.490803062915802,-0.9755746126174927
54,source,58,-0.4862738251686096,-0.9915385246276855
54,source,59,-0.483516663312912,-0.9855483770370483
54,source,60,-0.4938012659549713,-1.0204496383666992
54,source,61,-0.4930950701236725,-1.0069310665130615
54,source,62,-0.4833511412143707,-1.0162837505340576
54,source,63,-0.49028682708740234,-1.0488193035125732
54,target,0,-0.5330434441566467,-0.9800889492034912
54,target,1,-0.6848496198654175,-1.2233235836029053
54,target,2,-0.5961461663246155,-1.2036139965057373
54,target,3,-0.5892502665519714,-1.108048439025879
54,target,4,-0.5158274173736572,-1.1716548204421997
54,target,5,-0.6654073596000671,-1.3237934112548828
54,target,6,-0.6471141576766968,-1.2880802154541016
54,target,7,-0.5585365295410156,-1.1527035236358643
54,target,8,-0.5980868935585022,-1.2135615348815918
54,target,9,-0.48865312337875366,-1.0804550647735596
54,target,10,-0.49597424268722534,-1.2036651372909546
54,target,11,-0.5501245260238647,-1.182861328125
54,target,12,-0.506331741809845,-1.166752815246582
54,target,13,-0.5395200252532959,-1.0329906940460205
54,target,14,-0.5448305606842041,-1.152082085609436
54,target,15,-0.5474176406860352,-1.089721441268921
54,target,16,-0.5415506362915039,-1.1478564739227295
54,target,17,-0.504784107208252,-1.1945548057556152
54,target,18,-0.6118044853210449,-1.3843469619750977
54,target,19,-0.5502229928970337,-1.306502342224121
54,target,20,-0.6072531938552856,-1.3563796281814575
54,target,21,-0.5236796736717224,-1.2653051614761353
54,target,22,-0.5626407861709595,-1.198891520500183
54,target,23,-0.5446906089782715,-1.1517044305801392
54,target,24,-0.5260024666786194,-1.211902141571045
54,target,25,-0.5238098502159119,-1.2054557800292969
54,target,26,-0.4824221134185791,-1.2357368469238281
54,target,27,-0.4985710382461548,-1.2398649454116821
54,target,28,-0.4870005249977112,-1.1667089462280273
54,target,29,-0.5224053859710693,-1.20029878616333
54,target,30,-0.49633142352104187,-1.1244384050369263
54,target,31,-0.5988669991493225,-1.3562053442001343
54,target,32,-0.5495807528495789,-1.3082013130187988
54,target,33,-0.552361011505127,-1.1778044700622559
54,target,34,-0.5163470506668091,-1.1584203243255615
54,target,35,-0.5292530655860901,-1.1195228099822998
54,target,36,-0.540442943572998,-1.2915328741073608
54,target,37,-0.5184906721115112,-1.1072003841400146
54,target,38,-0.5655539631843567,-1.2045440673828125
54,target,39,-0.4846898913383484,-1.220560073852539
54,target,40,-0.571756899356842,-1.1453969478607178
54,target,41,-0.5586296319961548,-1.1471425294876099
54,target,42,-0.5280654430389404,-1.129189372062683
54,target,43,-0.5440723299980164,-1.0338679552078247
54,target,44,-0.5119729042053223,-1.0119400024414062
54,target,45,-0.49800217151641846,-1.0739166736602783
54,target,46,-0.5109782814979553,-0.907508909702301
54,target,47,-0.604681134223938,-1.0516750812530518
54,target,48,-0.6359633803367615,-0.9796576499938965
54,target,49,-0.5843445658683777,-0.819334864616394
54,target,50,-0.5487034916877747,-1.0140289068222046
54,target,51,-0.5601288676261902,-1.2099590301513672
54,target,52,-0.5268073678016663,-1.112994909286499
54,target,53,-0.5977551341056824,-1.1809933185577393
54,target,54,-0.5556368827819824,-1.1903570890426636
54,target,55,-0.5928894281387329,-1.0890583992004395
54,target,56,-0.5905865430831909,-1.0932185649871826
54,target,57,-0.5442996025085449,-1.1039934158325195
54,target,58,-0.5815037488937378,-1.199366569519043
54,target,59,-0.576092541217804,-1.089857816696167
54,target,60,-0.5965917110443115,-1.1287708282470703
54,target,61,-0.596461296081543,-1.0628719329833984
54,target,62,-0.5623674392700195,-1.0798214673995972
54,target,63,-0.5835890769958496,-1.022750735282898
55,source,0,-0.39378121495246887,-0.985760509967804
55,source,1,-0.4030609428882599,-1.0257930755615234
55,source,2,-0.4028010964393616,-1.0211830139160156
55,source,3,-0.41678979992866516,-1.008422613143921
55,source,4,-0.4176126718521118,-1.00021231174469
55,source,5,-0.4183391034603119,-0.9974043965339661
55,source,6,-0.42057204246520996,-1.0047863721847534
55,source,7,-0.4166645407676697,-1.0269405841827393
55,source,8,-0.4348790645599365,-1.0403743982315063
55,source,9,-0.4372696876525879,-1.0253081321716309
55,source,10,-0.4357849955558777,-1.0149141550064087
55,source,11,-0.4271897077560425,-0.9918926954269409
55,source,12,-0.4245234429836273,-1.0297610759735107
55,source,13,-0.43317967653274536,-1.0331392288208008
55,source,14,-0.4513840973377228,-1.0528697967529297
55,source,15,-0.43942415714263916,-1.0364913940429688
55,source,16,-0.4264014959335327,-1.0315419435501099
55,source,17,-0.4280548691749573,-1.0606167316436768
55,source,18,-0.4293477535247803,-1.0495460033416748
55,source,19,-0.4376295208930969,-1.0506844520568848
55,source,20,-0.4265120029449463,-1.0403392314910889
55,source,21,-0.4448537826538086,-1.0683766603469849
55,source,22,-0.4631623923778534,-1.0534991025924683
55,source,23,-0.44392430782318115,-1.0610607862472534
55,source,24,-0.4556562602519989,-1.0542192459106445
55,source,25,-0.43288907408714294,-1.0738298892974854
55,source,26,-0.43788260221481323,-1.0288174152374268
55,source,27,-0.4554137587547302,-1.0426615476608276
55,source,28,-0.4393804669380188,-1.0035470724105835
55,source,29,-0.4475839138031006,-1.0423858165740967
55,source,30,-0.4317387342453003,-1.0033161640167236
55,source,31,-0.44375020265579224,-0.9993077516555786
55,source,32,-0.44962531328201294,-0.986322820186615
55,source,33,-0.4326013922691345,-1.0299463272094727
55,source,34,-0.44971996545791626,-1.024888038635254
55,source,35,-0.4494965076446533,-1.048319697380066
55,source,36,-0.42979082465171814,-1.0458605289459229
55,source,37,-0.4531918168067932,-1.0448429584503174
55,source,38,-0.4421830177307129,-1.0349833965301514
55,source,39,-0.4496152997016907,-1.0388469696044922
55,source,40,-0.43705663084983826,-1.0348398685455322
55,source,41,-0.4285656809806824,-1.032928705215454
55,source,42,-0.4366375505924225,-1.0193957090377808
55,source,43,-0.433027058839798,-1.0201913118362427
55,source,44,-0.43618378043174744,-1.0120599269866943
55,source,45,-0.4400586187839508,-0.9793658256530762
55,source,46,-0.4326234757900238,-0.9788224101066589
55,source,47,-0.44496989250183105,-0.9982441663742065
55,source,48,-0.45501506328582764,-0.9995682835578918
55,source,49,-0.4505050778388977,-1.0101176500320435
55,source,50,-0.45669496059417725,-1.026061773300171
55,source,51,-0.43480804562568665,-1.0050482749938965
55,source,52,-0.44722259044647217,-1.0374587774276733
55,source,53,-0.4477323293685913,-1.0165425539016724
55,source,54,-0.4267539381980896,-1.0366699695587158
55,source,55,-0.4117555320262909,-1.0161041021347046
55,source,56,-0.4120835065841675,-0.9866336584091187
55,source,57,-0.4142472445964813,-1.0222593545913696
55,source,58,-0.40599489212036133,-1.0202298164367676
55,source,59,-0.41002440452575684,-1.016676425933838
55,source,60,-0.42145809531211853,-1.0351853370666504
55,source,61,-0.4316871762275696,-1.02309250831604
55,source,62,-0.42698320746421814,-1.0458725690841675
55,source,63,-0.42238470911979675,-1.081918478012085
55,target,0,-0.4846259355545044,-1.0254099369049072
55,target,1,-0.652672529220581,-1.210636019706726
55,target,2,-0.5431298017501831,-1.2226393222808838
55,target,3,-0.53672194480896,-1.1260755062103271
55,target,4,-0.44911283254623413,-1.19416344165802
55,target,5,-0.6005103588104248,-1.3929859399795532
55,target,6,-0.5963703989982605,-1.2794561386108398
55,target,7,-0.4788930416107178,-1.1947331428527832
55,target,8,-0.5221951007843018,-1.2336430549621582
55,target,9,-0.4252684712409973,-1.128699541091919
55,target,10,-0.45047807693481445,-1.2304356098175049
55,target,11,-0.5104044079780579,-1.2344965934753418
55,target,12,-0.4701572060585022,-1.1800287961959839
55,target,13,-0.47431033849716187,-1.0697259902954102
55,target,14,-0.4808192253112793,-1.1823428869247437
55,target,15,-0.48768121004104614,-1.1251484155654907
55,target,16,-0.46061497926712036,-1.1708227396011353
55,target,17,-0.44136375188827515,-1.2471458911895752
55,target,18,-0.5304715037345886,-1.3937466144561768
55,target,19,-0.4774111211299896,-1.2922390699386597
55,target,20,-0.5287255644798279,-1.3646284341812134
55,target,21,-0.4545406997203827,-1.2570958137512207
55,target,22,-0.4761146306991577,-1.2411267757415771
55,target,23,-0.4709230661392212,-1.1922279596328735
55,target,24,-0.45061397552490234,-1.2494897842407227
55,target,25,-0.4376164674758911,-1.2299522161483765
55,target,26,-0.4077259302139282,-1.237465739250183
55,target,27,-0.41754767298698425,-1.2676018476486206
55,target,28,-0.4311444163322449,-1.2383109331130981
55,target,29,-0.45376700162887573,-1.274429440498352
55,target,30,-0.4277358651161194,-1.1666227579116821
55,target,31,-0.54947829246521,-1.380921483039856
55,target,32,-0.47362178564071655,-1.3509676456451416
55,target,33,-0.4949260950088501,-1.194268822669983
55,target,34,-0.4601517915725708,-1.1815831661224365
55,target,35,-0.4447922110557556,-1.1737151145935059
55,target,36,-0.4520795941352844,-1.3116047382354736
55,target,37,-0.44328081607818604,-1.1512119770050049
55,target,38,-0.4943801164627075,-1.2130320072174072
55,target,39,-0.41915032267570496,-1.246882438659668
55,target,40,-0.4917685389518738,-1.1724255084991455
55,target,41,-0.4832308292388916,-1.1799960136413574
55,target,42,-0.4712073802947998,-1.171592354774475
55,target,43,-0.5040222406387329,-1.0951305627822876
55,target,44,-0.4634667634963989,-1.0636523962020874
55,target,45,-0.4479728043079376,-1.0949718952178955
55,target,46,-0.44084224104881287,-0.9411305785179138
55,target,47,-0.522026777267456,-1.0479378700256348
55,target,48,-0.5756789445877075,-0.9950610399246216
55,target,49,-0.5372258424758911,-0.8325283527374268
55,target,50,-0.4729068875312805,-1.0524051189422607
55,target,51,-0.5072259902954102,-1.2047631740570068
55,target,52,-0.4507294297218323,-1.146047830581665
55,target,53,-0.5373003482818604,-1.1944684982299805
55,target,54,-0.5004256367683411,-1.2141839265823364
55,target,55,-0.5333833694458008,-1.1033999919891357
55,target,56,-0.5169767141342163,-1.1346092224121094
55,target,57,-0.4716503620147705,-1.1592469215393066
55,target,58,-0.5008235573768616,-1.2505955696105957
55,target,59,-0.5068332552909851,-1.129443883895874
55,target,60,-0.5379737019538879,-1.1525955200195312
55,target,61,-0.5404755473136902,-1.089343786239624
55,target,62,-0.4982122778892517,-1.0847697257995605
55,target,63,-0.5216343998908997,-1.0507731437683105
56,source,0,-0.3307197391986847,-0.8753901124000549
56,source,1,-0.3514097034931183,-0.9005271196365356
56,source,2,-0.3372947871685028,-0.9025417566299438
56,source,3,-0.34560152888298035,-0.9110337495803833
56,source,4,-0.34111377596855164,-0.8822342753410339
56,source,5,-0.3500317335128784,-0.8817107677459717
56,source,6,-0.3606187105178833,-0.8711650967597961
56,source,7,-0.3554207384586334,-0.896625280380249
56,source,8,-0.36837005615234375,-0.8986144065856934
56,source,9,-0.3873870372772217,-0.8800515532493591
56,source,10,-0.388435423374176,-0.8649388551712036
56,source,11,-0.36169689893722534,-0.855215847492218
56,source,12,-0.3762909173965454,-0.9035883545875549
56,source,13,-0.35474124550819397,-0.9174036979675293
56,source,14,-0.379020094871521,-0.9254822731018066
56,source,15,-0.36767658591270447,-0.9116540551185608
56,source,16,-0.3524085581302643,-0.9091227054595947
56,source,17,-0.3587278425693512,-0.9243037104606628
56,source,18,-0.3469621241092682,-0.9149019718170166
56,source,19,-0.3503534495830536,-0.9079810380935669
56,source,20,-0.34236475825309753,-0.9064728021621704
56,source,21,-0.36179929971694946,-0.9245027899742126
56,source,22,-0.38733428716659546,-0.9196840524673462
56,source,23,-0.37023645639419556,-0.915885865688324
56,source,24,-0.3920465409755707,-0.9324649572372437
56,source,25,-0.38273143768310547,-0.9443623423576355
56,source,26,-0.3739335834980011,-0.9083186984062195
56,source,27,-0.38521626591682434,-0.9098166823387146
56,source,28,-0.360201895236969,-0.8730003833770752
56,source,29,-0.3546175956726074,-0.9015877842903137
56,source,30,-0.33572614192962646,-0.8603472709655762
56,source,31,-0.34426429867744446,-0.848686695098877
56,source,32,-0.34882891178131104,-0.8516257405281067
56,source,33,-0.3381027579307556,-0.8737706542015076
56,source,34,-0.35705065727233887,-0.8803007006645203
56,source,35,-0.3575240671634674,-0.9015531539916992
56,source,36,-0.3416147828102112,-0.907356858253479
56,source,37,-0.36299827694892883,-0.9060680866241455
56,source,38,-0.36132171750068665,-0.9043441414833069
56,source,39,-0.3743273615837097,-0.9010001420974731
56,source,40,-0.3704976439476013,-0.9145677089691162
56,source,41,-0.3542174994945526,-0.9125892519950867
56,source,42,-0.357965350151062,-0.8893244862556458
56,source,43,-0.35347238183021545,-0.8863771557807922
56,source,44,-0.3609519898891449,-0.8775885701179504
56,source,45,-0.3588714599609375,-0.8570172786712646
56,source,46,-0.35119813680648804,-0.8570749759674072
56,source,47,-0.3585275709629059,-0.8809362053871155
56,source,48,-0.37376925349235535,-0.8730300664901733
56,source,49,-0.3760334551334381,-0.8825405836105347
56,source,50,-0.3877771198749542,-0.908544659614563
56,source,51,-0.37416672706604004,-0.8818299770355225
56,source,52,-0.3877222239971161,-0.8997439742088318
56,source,53,-0.38134193420410156,-0.883465588092804
56,source,54,-0.3622710406780243,-0.9044517278671265
56,source,55,-0.3467632234096527,-0.8831602334976196
56,source,56,-0.34207868576049805,-0.8753209710121155
56,source,57,-0.3423866331577301,-0.8843456506729126
56,source,58,-0.3452870845794678,-0.9056380391120911
56,source,59,-0.34776508808135986,-0.8945844173431396
56,source,60,-0.36457785964012146,-0.9121740460395813
56,source,61,-0.3710257112979889,-0.8944104909896851
56,source,62,-0.36073175072669983,-0.9130085706710815
56,source,63,-0.3498077392578125,-0.935469925403595
56,target,0,-0.39304783940315247,-0.9037553071975708
56,target,1,-0.5425451397895813,-1.1076518297195435
56,target,2,-0.4388488829135895,-1.0771338939666748
56,target,3,-0.45447874069213867,-1.0032907724380493
56,target,4,-0.34945037961006165,-1.055427074432373
56,target,5,-0.4900592863559723,-1.2073705196380615
56,target,6,-0.5116207599639893,-1.1406502723693848
56,target,7,-0.39730775356292725,-1.0230320692062378
56,target,8,-0.4469528794288635,-1.084054946899414
56,target,9,-0.3528333902359009,-0.9702221155166626
56,target,10,-0.3567378520965576,-1.0811104774475098
56,target,11,-0.41341647505760193,-1.0626749992370605
56,target,12,-0.38840004801750183,-1.0322155952453613
56,target,13,-0.3745412230491638,-0.9534053802490234
56,target,14,-0.3881232738494873,-1.056727409362793
56,target,15,-0.399852454662323,-0.9876457452774048
56,target,16,-0.38240861892700195,-1.0362648963928223
56,target,17,-0.36310866475105286,-1.103761911392212
56,target,18,-0.4748653769493103,-1.2294336557388306
56,target,19,-0.43031275272369385,-1.1692382097244263
56,target,20,-0.4470324218273163,-1.2062509059906006
56,target,21,-0.38854339718818665,-1.133876919746399
56,target,22,-0.3866460621356964,-1.0770432949066162
56,target,23,-0.39691513776779175,-1.0482451915740967
56,target,24,-0.3664555251598358,-1.103949785232544
56,target,25,-0.3559463620185852,-1.111236810684204
56,target,26,-0.3213859796524048,-1.1433712244033813
56,target,27,-0.3064670264720917,-1.1934623718261719
56,target,28,-0.331059992313385,-1.0894758701324463
56,target,29,-0.36805880069732666,-1.1144399642944336
56,target,30,-0.32921287417411804,-0.9945477247238159
56,target,31,-0.4598850607872009,-1.2280399799346924
56,target,32,-0.4124743640422821,-1.191129207611084
56,target,33,-0.42578834295272827,-1.0702983140945435
56,target,34,-0.3747750520706177,-1.0565379858016968
56,target,35,-0.3507433235645294,-1.046328067779541
56,target,36,-0.3969377875328064,-1.1867886781692505
56,target,37,-0.3409632444381714,-1.0206661224365234
56,target,38,-0.41082969307899475,-1.072625994682312
56,target,39,-0.3370494544506073,-1.090775728225708
56,target,40,-0.42181533575057983,-1.0077471733093262
56,target,41,-0.37940698862075806,-1.0585744380950928
56,target,42,-0.4043123126029968,-1.0258162021636963
56,target,43,-0.4206588864326477,-0.9586489796638489
56,target,44,-0.3721832036972046,-0.9302886128425598
56,target,45,-0.37335535883903503,-0.9723842144012451
56,target,46,-0.34478896856307983,-0.8057720065116882
56,target,47,-0.44721412658691406,-0.9511869549751282
56,target,48,-0.4661456346511841,-0.8740139007568359
56,target,49,-0.41484126448631287,-0.6991976499557495
56,target,50,-0.38991498947143555,-0.9142603278160095
56,target,51,-0.44791752099990845,-1.0957231521606445
56,target,52,-0.36944785714149475,-1.0101127624511719
56,target,53,-0.46957314014434814,-1.0889692306518555
56,target,54,-0.4075469374656677,-1.078708529472351
56,target,55,-0.43567124009132385,-0.9944620728492737
56,target,56,-0.43951618671417236,-1.0408148765563965
56,target,57,-0.3965860605239868,-1.0293469429016113
56,target,58,-0.42442768812179565,-1.1418077945709229
56,target,59,-0.4251396059989929,-1.0148013830184937
56,target,60,-0.45272207260131836,-1.0209578275680542
56,target,61,-0.4590785801410675,-0.9486299157142639
56,target,62,-0.41348493099212646,-0.9676378965377808
56,target,63,-0.44441789388656616,-0.9256125092506409
57,source,0,-0.2865704894065857,-0.8679395914077759
57,source,1,-0.3096146583557129,-0.8883981704711914
57,source,2,-0.29483118653297424,-0.8869329690933228
57,source,3,-0.3012303113937378,-0.8851775527000427
57,source,4,-0.30407124757766724,-0.8532475829124451
57,source,5,-0.3152025043964386,-0.8619509935379028
57,source,6,-0.3143027126789093,-0.8594226837158203
57,source,7,-0.3058880567550659,-0.8810958862304688
57,source,8,-0.3347305357456207,-0.8724878430366516
57,source,9,-0.345296710729599,-0.8539578318595886
57,source,10,-0.33760398626327515,-0.8554582595825195
57,source,11,-0.32812654972076416,-0.8530778288841248
57,source,12,-0.325118750333786,-0.8963861465454102
57,source,13,-0.3314211964607239,-0.9136156439781189
57,source,14,-0.3425004482269287,-0.9209901690483093
57,source,15,-0.3136679232120514,-0.9029659628868103
57,source,16,-0.3064176142215729,-0.9038295745849609
57,source,17,-0.3027404844760895,-0.9152842164039612
57,source,18,-0.2983498275279999,-0.9106804132461548
57,source,19,-0.31079888343811035,-0.8890122771263123
57,source,20,-0.3146725296974182,-0.8937556743621826
57,source,21,-0.32789695262908936,-0.9053198099136353
57,source,22,-0.350410133600235,-0.8860706090927124
57,source,23,-0.3239850401878357,-0.891257643699646
57,source,24,-0.3443690240383148,-0.9178506731987
57,source,25,-0.3189990520477295,-0.9291884899139404
57,source,26,-0.3217742145061493,-0.9017381072044373
57,source,27,-0.3346783518791199,-0.8958080410957336
57,source,28,-0.3118096590042114,-0.8553991317749023
57,source,29,-0.31136104464530945,-0.8803223371505737
57,source,30,-0.281708300113678,-0.8367425203323364
57,source,31,-0.29251211881637573,-0.8260470032691956
57,source,32,-0.3007243573665619,-0.8345232009887695
57,source,33,-0.2823953926563263,-0.867649257183075
57,source,34,-0.30664393305778503,-0.8797528743743896
57,source,35,-0.30777183175086975,-0.8979830741882324
57,source,36,-0.289479523897171,-0.8972581028938293
57,source,37,-0.31137096881866455,-0.8928781747817993
57,source,38,-0.3105171322822571,-0.8901726007461548
57,source,39,-0.3184005320072174,-0.8986819386482239
57,source,40,-0.31195583939552307,-0.9254764914512634
57,source,41,-0.30641406774520874,-0.9141944050788879
57,source,42,-0.3069653809070587,-0.89813631772995
57,source,43,-0.30687206983566284,-0.8839263319969177
57,source,44,-0.318063348531723,-0.8776599764823914
57,source,45,-0.3203980028629303,-0.8577056527137756
57,source,46,-0.2997780740261078,-0.8505959510803223
57,source,47,-0.3115953803062439,-0.8849793076515198
57,source,48,-0.319694459438324,-0.8730420470237732
57,source,49,-0.3182395100593567,-0.8685694932937622
57,source,50,-0.34126734733581543,-0.8941506743431091
57,source,51,-0.32280245423316956,-0.8776541948318481
57,source,52,-0.3368678390979767,-0.8917441368103027
57,source,53,-0.3319527804851532,-0.8737110495567322
57,source,54,-0.30896493792533875,-0.8940413594245911
57,source,55,-0.2838626801967621,-0.8685312867164612
57,source,56,-0.29540857672691345,-0.8571159839630127
57,source,57,-0.28303900361061096,-0.8792759776115417
57,source,58,-0.2828924357891083,-0.9022926092147827
57,source,59,-0.2955484092235565,-0.8885563611984253
57,source,60,-0.30675816535949707,-0.9072611927986145
57,source,61,-0.3114536702632904,-0.8865320682525635
57,source,62,-0.3023250699043274,-0.9076135754585266
57,source,63,-0.3003365993499756,-0.9300253987312317
57,target,0,-0.3559906482696533,-0.9067956805229187
57,target,1,-0.49152570962905884,-1.1273796558380127
57,target,2,-0.39211156964302063,-1.0900517702102661
57,target,3,-0.3878155052661896,-1.0020147562026978
57,target,4,-0.3150721788406372,-1.0558123588562012
57,target,5,-0.4575729966163635,-1.2621378898620605
57,target,6,-0.4643464684486389,-1.1857032775878906
57,target,7,-0.3422677218914032,-1.0322463512420654
57,target,8,-0.40042954683303833,-1.0933763980865479
57,target,9,-0.29864799976348877,-0.9750583171844482
57,target,10,-0.3099251389503479,-1.0754480361938477
57,target,11,-0.35943788290023804,-1.0628031492233276
57,target,12,-0.31878963112831116,-1.0153815746307373
57,target,13,-0.34311577677726746,-0.9532425999641418
57,target,14,-0.3594999313354492,-1.0641096830368042
57,target,15,-0.3546700179576874,-0.987392246723175
57,target,16,-0.3387685716152191,-1.0383307933807373
57,target,17,-0.30681517720222473,-1.1147346496582031
57,target,18,-0.42440056800842285,-1.2672383785247803
57,target,19,-0.35983961820602417,-1.1756665706634521
57,target,20,-0.4015112519264221,-1.2349556684494019
57,target,21,-0.3364599645137787,-1.1309144496917725
57,target,22,-0.3444940149784088,-1.0857348442077637
57,target,23,-0.36139214038848877,-1.072808027267456
57,target,24,-0.30767399072647095,-1.1227514743804932
57,target,25,-0.30434393882751465,-1.1142899990081787
57,target,26,-0.2723536789417267,-1.1197303533554077
57,target,27,-0.2734379172325134,-1.1325156688690186
57,target,28,-0.2799568176269531,-1.0348577499389648
57,target,29,-0.34132120013237,-1.1354782581329346
57,target,30,-0.31532353162765503,-1.031393051147461
57,target,31,-0.40335848927497864,-1.2434126138687134
57,target,32,-0.36192840337753296,-1.2403876781463623
57,target,33,-0.3747662901878357,-1.104207158088684
57,target,34,-0.336690217256546,-1.0392202138900757
57,target,35,-0.3161807656288147,-1.0527806282043457
57,target,36,-0.34179940819740295,-1.1855388879776
57,target,37,-0.30387672781944275,-1.0096246004104614
57,target,38,-0.3594500720500946,-1.0637980699539185
57,target,39,-0.29613402485847473,-1.120607614517212
57,target,40,-0.373763769865036,-1.0144035816192627
57,target,41,-0.33183714747428894,-1.0656741857528687
57,target,42,-0.35761967301368713,-0.9915124177932739
57,target,43,-0.363019734621048,-0.9558722376823425
57,target,44,-0.3084418475627899,-0.9297598600387573
57,target,45,-0.2929505705833435,-0.9622899889945984
57,target,46,-0.3120512068271637,-0.7890772819519043
57,target,47,-0.38617977499961853,-0.9581276178359985
57,target,48,-0.42429497838020325,-0.8905221819877625
57,target,49,-0.3784937560558319,-0.6881720423698425
57,target,50,-0.3604183793067932,-0.9248095750808716
57,target,51,-0.373292475938797,-1.0868946313858032
57,target,52,-0.3187505900859833,-1.0344598293304443
57,target,53,-0.38523781299591064,-1.0884696245193481
57,target,54,-0.35629329085350037,-1.1043829917907715
57,target,55,-0.377467542886734,-0.9970375299453735
57,target,56,-0.3806464672088623,-1.049173355102539
57,target,57,-0.35163378715515137,-1.0359574556350708
57,target,58,-0.3683582544326782,-1.1591260433197021
57,target,59,-0.36645007133483887,-1.0293930768966675
57,target,60,-0.39573344588279724,-1.0458438396453857
57,target,61,-0.40127843618392944,-0.9632881879806519
57,target,62,-0.3690876066684723,-0.981988251209259
57,target,63,-0.3960745632648468,-0.921902060508728
58,source,0,-0.2374415397644043,-0.8221522569656372
58,source,1,-0.25011950731277466,-0.8466017842292786
58,source,2,-0.24550437927246094,-0.8408946394920349
58,source,3,-0.2602120637893677,-0.8300807476043701
58,source,4,-0.2615538239479065,-0.7981961369514465
58,source,5,-0.2642924189567566,-0.8197891712188721
58,source,6,-0.2639332711696625,-0.8041201829910278
58,source,7,-0.24987533688545227,-0.832582950592041
58,source,8,-0.27568572759628296,-0.8354453444480896
58,source,9,-0.289210706949234,-0.8255061507225037
58,source,10,-0.27296435832977295,-0.8054422736167908
58,source,11,-0.2758600413799286,-0.8042511343955994
58,source,12,-0.2439473569393158,-0.8702080249786377
58,source,13,-0.23320287466049194,-0.8585216999053955
58,source,14,-0.25176718831062317,-0.8671314120292664
58,source,15,-0.22867891192436218,-0.8483151197433472
58,source,16,-0.2228623628616333,-0.8499706983566284
58,source,17,-0.2313155233860016,-0.8570640087127686
58,source,18,-0.2241806983947754,-0.8560938835144043
58,source,19,-0.23290890455245972,-0.8421350121498108
58,source,20,-0.245196133852005,-0.8452206254005432
58,source,21,-0.25373223423957825,-0.8551337718963623
58,source,22,-0.2740177512168884,-0.8567510843276978
58,source,23,-0.2673887610435486,-0.8569043874740601
58,source,24,-0.28631269931793213,-0.8653742671012878
58,source,25,-0.25840362906455994,-0.8842294812202454
58,source,26,-0.263884961605072,-0.849240779876709
58,source,27,-0.26883572340011597,-0.8393451571464539
58,source,28,-0.24152344465255737,-0.8064241409301758
58,source,29,-0.24072444438934326,-0.8226950168609619
58,source,30,-0.21356475353240967,-0.7936453223228455
58,source,31,-0.22291511297225952,-0.7878982424736023
58,source,32,-0.20740604400634766,-0.7841446399688721
58,source,33,-0.20245572924613953,-0.8101208209991455
58,source,34,-0.2203439176082611,-0.8247953057289124
58,source,35,-0.22180166840553284,-0.8369946479797363
58,source,36,-0.199288010597229,-0.8350855112075806
58,source,37,-0.22219517827033997,-0.836778998374939
58,source,38,-0.2278512716293335,-0.8351637721061707
58,source,39,-0.22518113255500793,-0.8470209836959839
58,source,40,-0.2314426600933075,-0.8556433916091919
58,source,41,-0.222387433052063,-0.853894054889679
58,source,42,-0.22253578901290894,-0.8390625715255737
58,source,43,-0.22455888986587524,-0.8294926881790161
58,source,44,-0.2298269271850586,-0.8325945138931274
58,source,45,-0.25374358892440796,-0.8075354695320129
58,source,46,-0.22178444266319275,-0.7982154488563538
58,source,47,-0.24144113063812256,-0.8193577527999878
58,source,48,-0.2606554329395294,-0.8153488636016846
58,source,49,-0.25723791122436523,-0.8206433057785034
58,source,50,-0.2649211883544922,-0.8314533233642578
58,source,51,-0.252903014421463,-0.8224765062332153
58,source,52,-0.2972949743270874,-0.8387891054153442
58,source,53,-0.2846895456314087,-0.8199678063392639
58,source,54,-0.25142690539360046,-0.839667797088623
58,source,55,-0.22352474927902222,-0.8210652470588684
58,source,56,-0.22871044278144836,-0.8127097487449646
58,source,57,-0.2104484736919403,-0.8141433000564575
58,source,58,-0.2079795002937317,-0.8258476257324219
58,source,59,-0.227833092212677,-0.8123301863670349
58,source,60,-0.24742186069488525,-0.8422767519950867
58,source,61,-0.2523590326309204,-0.8241221308708191
58,source,62,-0.25488558411598206,-0.8635146021842957
58,source,63,-0.24994224309921265,-0.9048108458518982
58,target,0,-0.3029579818248749,-0.8397072553634644
58,target,1,-0.44288235902786255,-1.0464481115341187
58,target,2,-0.3358123004436493,-1.0233944654464722
58,target,3,-0.3142577111721039,-0.9383898973464966
58,target,4,-0.28549495339393616,-0.9800786375999451
58,target,5,-0.44290488958358765,-1.17255699634552
58,target,6,-0.4589202105998993,-1.1094976663589478
58,target,7,-0.331612765789032,-1.0167791843414307
58,target,8,-0.35996875166893005,-1.0584080219268799
58,target,9,-0.27377578616142273,-0.9477790594100952
58,target,10,-0.29565519094467163,-1.0315489768981934
58,target,11,-0.3290846347808838,-1.025108814239502
58,target,12,-0.28811925649642944,-0.986665666103363
58,target,13,-0.31360793113708496,-0.9173483848571777
58,target,14,-0.32584887742996216,-0.9875356554985046
58,target,15,-0.32482677698135376,-0.9170625805854797
58,target,16,-0.2967260479927063,-0.9796188473701477
58,target,17,-0.312023788690567,-1.0716626644134521
58,target,18,-0.45229795575141907,-1.2114144563674927
58,target,19,-0.3261013925075531,-1.1339329481124878
58,target,20,-0.3986356854438782,-1.1805860996246338
58,target,21,-0.31315404176712036,-1.0856901407241821
58,target,22,-0.3449278473854065,-1.0484380722045898
58,target,23,-0.3368740379810333,-1.0295192003250122
58,target,24,-0.27919238805770874,-1.072121262550354
58,target,25,-0.268757700920105,-1.0290093421936035
58,target,26,-0.22386202216148376,-1.0665743350982666
58,target,27,-0.21752017736434937,-1.052666425704956
58,target,28,-0.22261592745780945,-0.9931038618087769
58,target,29,-0.3103013038635254,-1.0516371726989746
58,target,30,-0.26613762974739075,-0.9468201398849487
58,target,31,-0.3862934410572052,-1.1728785037994385
58,target,32,-0.336652934551239,-1.1551579236984253
58,target,33,-0.294626921415329,-0.9845256209373474
58,target,34,-0.27722588181495667,-0.9598419070243835
58,target,35,-0.28091317415237427,-0.9451737403869629
58,target,36,-0.3139682412147522,-1.1021654605865479
58,target,37,-0.24686750769615173,-0.951439619064331
58,target,38,-0.2812500298023224,-0.9987421035766602
58,target,39,-0.23807400465011597,-1.0130095481872559
58,target,40,-0.3528945744037628,-0.9850789308547974
58,target,41,-0.3257102966308594,-1.0113193988800049
58,target,42,-0.3016909658908844,-0.9444178342819214
58,target,43,-0.33348986506462097,-0.9001492261886597
58,target,44,-0.2591129243373871,-0.8696147203445435
58,target,45,-0.24291867017745972,-0.9014137983322144
58,target,46,-0.23959335684776306,-0.7453649044036865
58,target,47,-0.3535919189453125,-0.9176199436187744
58,target,48,-0.37270888686180115,-0.8458828926086426
58,target,49,-0.30400580167770386,-0.665620744228363
58,target,50,-0.30199867486953735,-0.8881820440292358
58,target,51,-0.32724830508232117,-1.0372390747070312
58,target,52,-0.2629258334636688,-1.00700044631958
58,target,53,-0.3771282732486725,-1.0622559785842896
58,target,54,-0.33288541436195374,-1.0307505130767822
58,target,55,-0.353304922580719,-0.937073826789856
58,target,56,-0.35369792580604553,-1.0398856401443481
58,target,57,-0.32933855056762695,-0.9881159067153931
58,target,58,-0.35120075941085815,-1.0999226570129395
58,target,59,-0.32443714141845703,-0.9796018600463867
58,target,60,-0.3737160861492157,-0.9748252630233765
58,target,61,-0.37884721159935,-0.9228935241699219
58,target,62,-0.3101198375225067,-0.9019188284873962
58,target,63,-0.3731563985347748,-0.9075287580490112
59,source,0,-0.19833654165267944,-0.8022186756134033
59,source,1,-0.20221665501594543,-0.8196855783462524
59,source,2,-0.19829457998275757,-0.8191949129104614
59,source,3,-0.19944128394126892,-0.80485999584198
59,source,4,-0.20621904730796814,-0.7837099432945251
59,source,5,-0.2050928771495819,-0.7959439754486084
59,source,6,-0.19596832990646362,-0.7847110629081726
59,source,7,-0.17771118879318237,-0.7951489090919495
59,source,8,-0.21242499351501465,-0.8040182590484619
59,source,9,-0.2024334967136383,-0.788105845451355
59,source,10,-0.19265609979629517,-0.7685620784759521
59,source,11,-0.20713207125663757,-0.7701374292373657
59,source,12,-0.16607540845870972,-0.8679720163345337
59,source,13,-0.17105430364608765,-0.8263840675354004
59,source,14,-0.1836109161376953,-0.8376967906951904
59,source,15,-0.17477628588676453,-0.8097581267356873
59,source,16,-0.17538130283355713,-0.8142607808113098
59,source,17,-0.17793148756027222,-0.8274818658828735
59,source,18,-0.166559100151062,-0.8096297383308411
59,source,19,-0.17693987488746643,-0.8033195734024048
59,source,20,-0.1904747486114502,-0.8019276261329651
59,source,21,-0.1849537193775177,-0.8155843019485474
59,source,22,-0.22087204456329346,-0.8210053443908691
59,source,23,-0.19876685738563538,-0.8252081274986267
59,source,24,-0.20164501667022705,-0.83821040391922
59,source,25,-0.16889914870262146,-0.8718511462211609
59,source,26,-0.1929599642753601,-0.8345184922218323
59,source,27,-0.19648370146751404,-0.8274762034416199
59,source,28,-0.17945078015327454,-0.7892104983329773
59,source,29,-0.18080395460128784,-0.8066514730453491
59,source,30,-0.15700998902320862,-0.7676778435707092
59,source,31,-0.17064234614372253,-0.762834906578064
59,source,32,-0.14948755502700806,-0.7618837356567383
59,source,33,-0.14585256576538086,-0.7871547341346741
59,source,34,-0.18126073479652405,-0.7976257801055908
59,source,35,-0.17291036248207092,-0.8137772083282471
59,source,36,-0.1515895426273346,-0.8075714707374573
59,source,37,-0.1762668490409851,-0.8122336864471436
59,source,38,-0.17340433597564697,-0.808497428894043
59,source,39,-0.1593245267868042,-0.8155556917190552
59,source,40,-0.18468058109283447,-0.8224080204963684
59,source,41,-0.16728562116622925,-0.8198708295822144
59,source,42,-0.1770850121974945,-0.8128896951675415
59,source,43,-0.16445094347000122,-0.7873629927635193
59,source,44,-0.16677424311637878,-0.8013051748275757
59,source,45,-0.1993199586868286,-0.7709080576896667
59,source,46,-0.16736957430839539,-0.7708265781402588
59,source,47,-0.1730434000492096,-0.7820902466773987
59,source,48,-0.2261957824230194,-0.7859213948249817
59,source,49,-0.21075209975242615,-0.7837987542152405
59,source,50,-0.21797436475753784,-0.7944591641426086
59,source,51,-0.2105199694633484,-0.7787984609603882
59,source,52,-0.23424631357192993,-0.7999485731124878
59,source,53,-0.2227536141872406,-0.7869097590446472
59,source,54,-0.18106815218925476,-0.805476188659668
59,source,55,-0.16399645805358887,-0.7891656756401062
59,source,56,-0.1707417070865631,-0.7801264524459839
59,source,57,-0.160142183303833,-0.7903103232383728
59,source,58,-0.1489587426185608,-0.7984461784362793
59,source,59,-0.15852034091949463,-0.7877175807952881
59,source,60,-0.16323092579841614,-0.8104220032691956
59,source,61,-0.18192285299301147,-0.801209568977356
59,source,62,-0.19113099575042725,-0.8335627913475037
59,source,63,-0.17250514030456543,-0.865915834903717
59,target,0,-0.23520907759666443,-0.8314843773841858
59,target,1,-0.36029574275016785,-1.0868957042694092
59,target,2,-0.2696806788444519,-1.0229582786560059
59,target,3,-0.24665403366088867,-0.9238390326499939
59,target,4,-0.2523072361946106,-0.9939677715301514
59,target,5,-0.36885347962379456,-1.2087494134902954
59,target,6,-0.402251273393631,-1.1248518228530884
59,target,7,-0.2445136308670044,-0.9837263226509094
59,target,8,-0.25199341773986816,-1.0212180614471436
59,target,9,-0.22049036622047424,-0.9099801778793335
59,target,10,-0.250018447637558,-1.0114831924438477
59,target,11,-0.2982700765132904,-1.0057414770126343
59,target,12,-0.24771106243133545,-0.9511038064956665
59,target,13,-0.2807942032814026,-0.9392993450164795
59,target,14,-0.28138840198516846,-1.0100908279418945
59,target,15,-0.2601878046989441,-0.9478098750114441
59,target,16,-0.25825825333595276,-0.9975850582122803
59,target,17,-0.2609701454639435,-1.051689624786377
59,target,18,-0.35607606172561646,-1.1735787391662598
59,target,19,-0.22726038098335266,-1.0975687503814697
59,target,20,-0.3168019652366638,-1.170225977897644
59,target,21,-0.2598208785057068,-1.0719871520996094
59,target,22,-0.25576671957969666,-1.01628577709198
59,target,23,-0.2574957013130188,-0.983147919178009
59,target,24,-0.20839837193489075,-1.0295500755310059
59,target,25,-0.20567587018013,-1.0324862003326416
59,target,26,-0.16431307792663574,-1.0741740465164185
59,target,27,-0.16638046503067017,-1.0964982509613037
59,target,28,-0.18582695722579956,-0.9862823486328125
59,target,29,-0.24351632595062256,-1.0537705421447754
59,target,30,-0.2644799053668976,-0.9563485383987427
59,target,31,-0.31420961022377014,-1.1551016569137573
59,target,32,-0.28391632437705994,-1.1461412906646729
59,target,33,-0.24946743249893188,-0.9473164677619934
59,target,34,-0.20764076709747314,-0.945663332939148
59,target,35,-0.3070506155490875,-0.8970378041267395
59,target,36,-0.2420521080493927,-1.063488245010376
59,target,37,-0.2125413715839386,-0.9054863452911377
59,target,38,-0.2203505039215088,-0.9808351397514343
59,target,39,-0.20412403345108032,-0.9826425313949585
59,target,40,-0.28118574619293213,-0.9345402121543884
59,target,41,-0.26796838641166687,-0.9655385613441467
59,target,42,-0.20098355412483215,-0.9139784574508667
59,target,43,-0.26383155584335327,-0.8507570028305054
59,target,44,-0.21292340755462646,-0.8215516805648804
59,target,45,-0.19014564156532288,-0.8707303404808044
59,target,46,-0.21041616797447205,-0.7748097777366638
59,target,47,-0.27079352736473083,-0.8896541595458984
59,target,48,-0.30963730812072754,-0.8244588375091553
59,target,49,-0.24489665031433105,-0.6686325669288635
59,target,50,-0.24027997255325317,-0.9029534459114075
59,target,51,-0.24427524209022522,-1.0278536081314087
59,target,52,-0.19719278812408447,-0.9721518158912659
59,target,53,-0.30993518233299255,-1.04677152633667
59,target,54,-0.2383328080177307,-1.0180169343948364
59,target,55,-0.2727634310722351,-0.9236778020858765
59,target,56,-0.2846603989601135,-1.008737325668335
59,target,57,-0.2593991756439209,-0.9665511250495911
59,target,58,-0.2850935161113739,-1.0706291198730469
59,target,59,-0.2548063099384308,-0.9361482858657837
59,target,60,-0.2905232608318329,-0.9469233751296997
59,target,61,-0.2978825271129608,-0.8882017731666565
59,target,62,-0.23947739601135254,-0.8918802738189697
59,target,63,-0.30792534351348877,-0.8633623123168945
60,source,0,-0.16159555315971375,-0.7749191522598267
60,source,1,-0.16801223158836365,-0.7876008749008179
60,source,2,-0.16750720143318176,-0.7864795923233032
60,source,3,-0.17823553085327148,-0.7733554244041443
60,source,4,-0.16700264811515808,-0.7509310841560364
60,source,5,-0.16505283117294312,-0.7612033486366272
60,source,6,-0.16450819373130798,-0.7468765377998352
60,source,7,-0.14496463537216187,-0.7619087100028992
60,source,8,-0.17454853653907776,-0.7636678218841553
60,source,9,-0.1765604019165039,-0.7480906844139099
60,source,10,-0.17223504185676575,-0.7375322580337524
60,source,11,-0.1648094356060028,-0.7417715787887573
60,source,12,-0.14715158939361572,-0.7948494553565979
60,source,13,-0.15939953923225403,-0.7797666788101196
60,source,14,-0.17616713047027588,-0.7924712300300598
60,source,15,-0.1613941490650177,-0.7690799236297607
60,source,16,-0.1481885313987732,-0.7674456834793091
60,source,17,-0.15335994958877563,-0.7818365693092346
60,source,18,-0.1464664340019226,-0.766739010810852
60,source,19,-0.15799444913864136,-0.7645529508590698
60,source,20,-0.15041843056678772,-0.7629089951515198
60,source,21,-0.15524747967720032,-0.7805859446525574
60,source,22,-0.18853861093521118,-0.7745523452758789
60,source,23,-0.18678930401802063,-0.7785530686378479
60,source,24,-0.1789185106754303,-0.7963171005249023
60,source,25,-0.1767646074295044,-0.8196723461151123
60,source,26,-0.17471522092819214,-0.7788292765617371
60,source,27,-0.1662590205669403,-0.7868754863739014
60,source,28,-0.16190674901008606,-0.7580416202545166
60,source,29,-0.16813385486602783,-0.7667840123176575
60,source,30,-0.1425163745880127,-0.7477242350578308
60,source,31,-0.1566777229309082,-0.7345387935638428
60,source,32,-0.1397709846496582,-0.7316083312034607
60,source,33,-0.14276868104934692,-0.7552547454833984
60,source,34,-0.16201531887054443,-0.765006422996521
60,source,35,-0.15043899416923523,-0.7781378626823425
60,source,36,-0.14908576011657715,-0.7782237529754639
60,source,37,-0.16712802648544312,-0.7761598825454712
60,source,38,-0.16674602031707764,-0.7762144804000854
60,source,39,-0.14868417382240295,-0.7860620021820068
60,source,40,-0.16688212752342224,-0.7972840666770935
60,source,41,-0.1457039713859558,-0.7992634177207947
60,source,42,-0.15780013799667358,-0.7897887229919434
60,source,43,-0.1429196000099182,-0.7762488126754761
60,source,44,-0.1488979458808899,-0.7692956328392029
60,source,45,-0.165603369474411,-0.7488372325897217
60,source,46,-0.158282071352005,-0.7437247037887573
60,source,47,-0.16024675965309143,-0.7529389262199402
60,source,48,-0.1840226948261261,-0.7566155791282654
60,source,49,-0.19964388012886047,-0.7662854790687561
60,source,50,-0.2089495062828064,-0.7672836184501648
60,source,51,-0.18878600001335144,-0.7557926177978516
60,source,52,-0.2065642774105072,-0.7707869410514832
60,source,53,-0.19320598244667053,-0.7640769481658936
60,source,54,-0.16843396425247192,-0.7889360785484314
60,source,55,-0.16264626383781433,-0.7657509446144104
60,source,56,-0.16713345050811768,-0.7589776515960693
60,source,57,-0.15836656093597412,-0.78150874376297
60,source,58,-0.1468680202960968,-0.786130428314209
60,source,59,-0.15086060762405396,-0.790709912776947
60,source,60,-0.14980921149253845,-0.8101253509521484
60,source,61,-0.1631116271018982,-0.792841374874115
60,source,62,-0.16820856928825378,-0.8000577688217163
60,source,63,-0.1593342423439026,-0.8212812542915344
60,target,0,-0.181468665599823,-0.7863773703575134
60,target,1,-0.28298699855804443,-0.9619798064231873
60,target,2,-0.2324192225933075,-0.9277327060699463
60,target,3,-0.23390358686447144,-0.8455621004104614
60,target,4,-0.19559437036514282,-0.894074559211731
60,target,5,-0.24815714359283447,-1.0916575193405151
60,target,6,-0.28554463386535645,-1.0221912860870361
60,target,7,-0.19354358315467834,-0.8549728989601135
60,target,8,-0.21332299709320068,-0.9019560813903809
60,target,9,-0.17819929122924805,-0.8206540942192078
60,target,10,-0.1745263636112213,-0.8981676697731018
60,target,11,-0.22975414991378784,-0.9182301163673401
60,target,12,-0.1844545304775238,-0.8811671137809753
60,target,13,-0.17583110928535461,-0.8198530673980713
60,target,14,-0.20401275157928467,-0.8778170943260193
60,target,15,-0.19554540514945984,-0.8372138738632202
60,target,16,-0.19758746027946472,-0.8669567704200745
60,target,17,-0.19935250282287598,-0.956530749797821
60,target,18,-0.26829972863197327,-1.063731074333191
60,target,19,-0.19982796907424927,-0.9875707626342773
60,target,20,-0.24172085523605347,-1.0454564094543457
60,target,21,-0.20817452669143677,-1.0026977062225342
60,target,22,-0.21515923738479614,-0.9216507077217102
60,target,23,-0.2010883390903473,-0.8813788294792175
60,target,24,-0.18446549773216248,-0.941434383392334
60,target,25,-0.19540941715240479,-0.9550881385803223
60,target,26,-0.15414902567863464,-0.9591787457466125
60,target,27,-0.11734980344772339,-0.9786479473114014
60,target,28,-0.14665907621383667,-0.9340983033180237
60,target,29,-0.1826697587966919,-0.9387289881706238
60,target,30,-0.1775568127632141,-0.8983885645866394
60,target,31,-0.2185383439064026,-1.0669386386871338
60,target,32,-0.22259247303009033,-1.0465216636657715
60,target,33,-0.19832608103752136,-0.8979570269584656
60,target,34,-0.17193520069122314,-0.8801915645599365
60,target,35,-0.20174312591552734,-0.8489797115325928
60,target,36,-0.19279950857162476,-0.9752746224403381
60,target,37,-0.16543623805046082,-0.8584598302841187
60,target,38,-0.18498489260673523,-0.8894203305244446
60,target,39,-0.15530723333358765,-0.937796413898468
60,target,40,-0.22511020302772522,-0.864514172077179
60,target,41,-0.21739405393600464,-0.9045026898384094
60,target,42,-0.18001356720924377,-0.819411039352417
60,target,43,-0.20658478140830994,-0.7968101501464844
60,target,44,-0.1723245084285736,-0.7787238955497742
60,target,45,-0.1664825677871704,-0.8436057567596436
60,target,46,-0.1579287350177765,-0.7112635970115662
60,target,47,-0.2024398148059845,-0.8185131549835205
60,target,48,-0.22850105166435242,-0.7477055191993713
60,target,49,-0.19545170664787292,-0.603161096572876
60,target,50,-0.1810743808746338,-0.816779613494873
60,target,51,-0.19762417674064636,-0.9150703549385071
60,target,52,-0.1685522198677063,-0.864912748336792
60,target,53,-0.22837209701538086,-0.9219177961349487
60,target,54,-0.1940518319606781,-0.9240760207176208
60,target,55,-0.1932876706123352,-0.8266099691390991
60,target,56,-0.20823487639427185,-0.8954638838768005
60,target,57,-0.19594082236289978,-0.8622642159461975
60,target,58,-0.20070865750312805,-0.9502521753311157
60,target,59,-0.20536360144615173,-0.847130537033081
60,target,60,-0.24321165680885315,-0.8682748079299927
60,target,61,-0.24341532588005066,-0.8097938299179077
60,target,62,-0.20178714394569397,-0.8223516345024109
60,target,63,-0.22802701592445374,-0.7879491448402405
61,source,0,-0.5179191827774048,-0.8452730774879456
61,source,1,-0.5836057662963867,-0.912686824798584
61,source,2,-0.6071733832359314,-0.9109357595443726
61,source,3,-0.586405336856842,-0.8723101615905762
61,source,4,-0.6115225553512573,-0.8671898245811462
61,source,5,-0.5817888379096985,-0.8616655468940735
61,source,6,-0.5808734893798828,-0.8570542335510254
61,source,7,-0.5738772749900818,-0.9064196944236755
61,source,8,-0.6027704477310181,-0.9168451428413391
61,source,9,-0.6145912408828735,-0.9148668646812439
61,source,10,-0.6117455363273621,-0.9006434679031372
61,source,11,-0.6250213384628296,-0.9143332242965698
61,source,12,-0.6383111476898193,-0.9938718676567078
61,source,13,-0.6093152761459351,-0.9257792234420776
61,source,14,-0.6289985179901123,-0.9438503384590149
61,source,15,-0.5915252566337585,-0.8973076343536377
61,source,16,-0.586172342300415,-0.8982356786727905
61,source,17,-0.6036085486412048,-0.9261714220046997
61,source,18,-0.5940046906471252,-0.9155824184417725
61,source,19,-0.6144772171974182,-0.9130094051361084
61,source,20,-0.5951377153396606,-0.8868032097816467
61,source,21,-0.5702848434448242,-0.9204187393188477
61,source,22,-0.6169688701629639,-0.9165672659873962
61,source,23,-0.6288820505142212,-0.9157161116600037
61,source,24,-0.6121828556060791,-0.9357984066009521
61,source,25,-0.6503137946128845,-1.0250332355499268
61,source,26,-0.5915194749832153,-0.9583460092544556
61,source,27,-0.5616698265075684,-0.9532378911972046
61,source,28,-0.5980066657066345,-0.905642032623291
61,source,29,-0.6157286167144775,-0.9511708617210388
61,source,30,-0.6162266731262207,-0.8953767418861389
61,source,31,-0.6070907115936279,-0.8709219098091125
61,source,32,-0.6040613055229187,-0.8644610047340393
61,source,33,-0.6228392124176025,-0.929864227771759
61,source,34,-0.6219953298568726,-0.9279959797859192
61,source,35,-0.6329771876335144,-0.960236132144928
61,source,36,-0.6050537824630737,-0.9477131366729736
61,source,37,-0.6325193643569946,-0.9656943678855896
61,source,38,-0.619681179523468,-0.9305951595306396
61,source,39,-0.621965765953064,-0.938705325126648
61,source,40,-0.6032858490943909,-0.9411681294441223
61,source,41,-0.5858533978462219,-0.9368354678153992
61,source,42,-0.5917637348175049,-0.9217420220375061
61,source,43,-0.5666967630386353,-0.8967352509498596
61,source,44,-0.5699681639671326,-0.8995113968849182
61,source,45,-0.5711557865142822,-0.8641648888587952
61,source,46,-0.5702980756759644,-0.8642218708992004
61,source,47,-0.5836860537528992,-0.9006573557853699
61,source,48,-0.5789323449134827,-0.8678421378135681
61,source,49,-0.594120442867279,-0.8790872097015381
61,source,50,-0.6257804036140442,-0.9117533564567566
61,source,51,-0.6037784814834595,-0.8829197883605957
61,source,52,-0.6277187466621399,-0.937766969203949
61,source,53,-0.6168866753578186,-0.9116252064704895
61,source,54,-0.5933847427368164,-0.941362738609314
61,source,55,-0.6115236878395081,-0.9150592088699341
61,source,56,-0.576712965965271,-0.8819559812545776
61,source,57,-0.5667633414268494,-0.9338293671607971
61,source,58,-0.560681939125061,-0.9249269962310791
61,source,59,-0.5394904017448425,-0.8943938612937927
61,source,60,-0.5738205909729004,-0.952907919883728
61,source,61,-0.5526222586631775,-0.9211865663528442
61,source,62,-0.5752512812614441,-0.9494357109069824
61,source,63,-0.5738970041275024,-0.9839604496955872
61,target,0,-0.687173068523407,-0.9334458112716675
61,target,1,-0.7933107614517212,-1.2483738660812378
61,target,2,-0.7523942589759827,-1.1807210445404053
61,target,3,-0.7247458696365356,-1.0121339559555054
61,target,4,-0.6228336095809937,-1.0983185768127441
61,target,5,-0.77525794506073,-1.337797999382019
61,target,6,-0.7067230939865112,-1.3306164741516113
61,target,7,-0.6937595009803772,-1.1659631729125977
61,target,8,-0.7365805506706238,-1.2089749574661255
61,target,9,-0.6637920141220093,-1.0322563648223877
61,target,10,-0.6400522589683533,-1.1306016445159912
61,target,11,-0.75123530626297,-1.186246395111084
61,target,12,-0.6670932173728943,-1.1194794178009033
61,target,13,-0.6831071972846985,-1.0041389465332031
61,target,14,-0.715267539024353,-1.121820330619812
61,target,15,-0.7103286981582642,-1.0522994995117188
61,target,16,-0.7236449718475342,-1.1572902202606201
61,target,17,-0.6837483048439026,-1.2605825662612915
61,target,18,-0.7159938812255859,-1.332896113395691
61,target,19,-0.6670487523078918,-1.344055414199829
61,target,20,-0.7266442179679871,-1.38882577419281
61,target,21,-0.694288432598114,-1.295982837677002
61,target,22,-0.70468670129776,-1.1773929595947266
61,target,23,-0.6896052956581116,-1.1593084335327148
61,target,24,-0.6875064373016357,-1.2269752025604248
61,target,25,-0.7188051342964172,-1.2485847473144531
61,target,26,-0.6314206719398499,-1.2414741516113281
61,target,27,-0.5562166571617126,-1.241014003753662
61,target,28,-0.669822633266449,-1.1860392093658447
61,target,29,-0.6749172210693359,-1.169839859008789
61,target,30,-0.6154270768165588,-1.0961812734603882
61,target,31,-0.6995452046394348,-1.3194953203201294
61,target,32,-0.7277185916900635,-1.341491937637329
61,target,33,-0.5232818126678467,-1.0598746538162231
61,target,34,-0.6642809510231018,-1.030958890914917
61,target,35,-0.6107206344604492,-1.0362937450408936
61,target,36,-0.6754679083824158,-1.2612597942352295
61,target,37,-0.5723897814750671,-0.9886248111724854
61,target,38,-0.6437150835990906,-1.1485486030578613
61,target,39,-0.6347466111183167,-1.1502822637557983
61,target,40,-0.652550220489502,-1.0847886800765991
61,target,41,-0.7092189788818359,-1.1199185848236084
61,target,42,-0.667758584022522,-1.1126055717468262
61,target,43,-0.6453406810760498,-0.9921069741249084
61,target,44,-0.6178980469703674,-0.9938322901725769
61,target,45,-0.6300065517425537,-1.0632293224334717
61,target,46,-0.6531018614768982,-0.8644662499427795
61,target,47,-0.6711510419845581,-0.9864259362220764
61,target,48,-0.7054844498634338,-0.9169013500213623
61,target,49,-0.6769118905067444,-0.7190026640892029
61,target,50,-0.7143161296844482,-0.9960585236549377
61,target,51,-0.7200643420219421,-1.154284954071045
61,target,52,-0.6680084466934204,-1.0929391384124756
61,target,53,-0.7098873257637024,-1.171029806137085
61,target,54,-0.7144699096679688,-1.1564515829086304
61,target,55,-0.6625117063522339,-1.0486729145050049
61,target,56,-0.6810218691825867,-1.126704216003418
61,target,57,-0.6877818703651428,-1.1014797687530518
61,target,58,-0.6700404286384583,-1.220362901687622
61,target,59,-0.6861650347709656,-1.0677621364593506
61,target,60,-0.7134397029876709,-1.0837798118591309
61,target,61,-0.6546417474746704,-0.967680037021637
61,target,62,-0.5917191505432129,-0.9419524669647217
61,target,63,-0.6244739294052124,-0.9325789213180542
62,source,0,-0.17651322484016418,-0.7059133648872375
62,source,1,-0.14255797863006592,-0.7421542406082153
62,source,2,-0.12827026844024658,-0.7282613515853882
62,source,3,-0.1285027265548706,-0.7064948081970215
62,source,4,-0.1537741720676422,-0.7070558667182922
62,source,5,-0.1516244113445282,-0.7321919202804565
62,source,6,-0.16940945386886597,-0.7347143888473511
62,source,7,-0.038979411125183105,-0.7231903076171875
62,source,8,-0.08361905813217163,-0.7386544346809387
62,source,9,0.06376326084136963,-0.6698880791664124
62,source,10,0.021583974361419678,-0.6749258041381836
62,source,11,-0.0032489895820617676,-0.6697844862937927
62,source,12,-0.18644893169403076,-0.8460057377815247
62,source,13,-0.15980264544487,-0.7666584253311157
62,source,14,-0.1949758529663086,-0.7892136573791504
62,source,15,-0.17930904030799866,-0.7404976487159729
62,source,16,-0.20316344499588013,-0.7696475982666016
62,source,17,-0.2144705057144165,-0.7978877425193787
62,source,18,-0.20684224367141724,-0.7832987904548645
62,source,19,-0.21519100666046143,-0.7700568437576294
62,source,20,-0.19887951016426086,-0.7628787159919739
62,source,21,-0.17391782999038696,-0.796746551990509
62,source,22,-0.1958346664905548,-0.7889957427978516
62,source,23,-0.22235020995140076,-0.8030229210853577
62,source,24,-0.23067110776901245,-0.8190387487411499
62,source,25,-0.2738456428050995,-0.9216974377632141
62,source,26,-0.2750208079814911,-0.8506397008895874
62,source,27,-0.2237013876438141,-0.8219521641731262
62,source,28,-0.24223068356513977,-0.7819350957870483
62,source,29,-0.2587376534938812,-0.8119181990623474
62,source,30,-0.22512304782867432,-0.7565312385559082
62,source,31,-0.17943990230560303,-0.7237492799758911
62,source,32,-0.1910446286201477,-0.7185420989990234
62,source,33,-0.218594491481781,-0.7709783911705017
62,source,34,-0.17818063497543335,-0.7536956071853638
62,source,35,-0.20796111226081848,-0.78985995054245
62,source,36,-0.19194114208221436,-0.7569689750671387
62,source,37,-0.16547060012817383,-0.745435893535614
62,source,38,-0.16635942459106445,-0.7239978313446045
62,source,39,-0.2198970913887024,-0.7769444584846497
62,source,40,-0.19557848572731018,-0.7789602279663086
62,source,41,-0.21267911791801453,-0.7911187410354614
62,source,42,-0.19287186861038208,-0.7830770015716553
62,source,43,-0.18252477049827576,-0.7389656901359558
62,source,44,-0.2049022912979126,-0.7674916982650757
62,source,45,-0.17938503623008728,-0.7025497555732727
62,source,46,-0.17014876008033752,-0.6823770403862
62,source,47,-0.20465689897537231,-0.7358219623565674
62,source,48,-0.16951924562454224,-0.6863223314285278
62,source,49,-0.17976555228233337,-0.7080214619636536
62,source,50,-0.01052999496459961,-0.6600857377052307
62,source,51,-0.13857245445251465,-0.6985715627670288
62,source,52,-0.0662691593170166,-0.7048899531364441
62,source,53,-0.03943014144897461,-0.6783314943313599
62,source,54,-0.16303405165672302,-0.7609384655952454
62,source,55,-0.16762518882751465,-0.7553335428237915
62,source,56,-0.14550983905792236,-0.72592693567276
62,source,57,-0.23066458106040955,-0.7852336168289185
62,source,58,-0.22780081629753113,-0.7970137596130371
62,source,59,-0.1900080144405365,-0.7645910978317261
62,source,60,-0.17567473649978638,-0.7780797481536865
62,source,61,-0.12984740734100342,-0.7139478325843811
62,source,62,-0.12320774793624878,-0.7431594133377075
62,source,63,-0.1742858588695526,-0.8058151602745056
62,target,0,-0.5251450538635254,-0.8165079951286316
62,target,1,-0.7289866209030151,-1.194573163986206
62,target,2,-0.44864171743392944,-1.0354856252670288
62,target,3,-0.4388555884361267,-0.9217774271965027
62,target,4,-0.41062337160110474,-1.0490018129348755
62,target,5,-0.657164454460144,-1.29669189453125
62,target,6,-0.6218526363372803,-1.3043993711471558
62,target,7,-0.47303521633148193,-1.087152361869812
62,target,8,-0.3826291561126709,-1.0737143754959106
62,target,9,-0.45562535524368286,-0.9136760234832764
62,target,10,-0.47091713547706604,-1.0263991355895996
62,target,11,-0.5061705112457275,-1.0729193687438965
62,target,12,-0.3871862292289734,-0.9789227247238159
62,target,13,-0.4834331274032593,-0.8746402263641357
62,target,14,-0.49291864037513733,-1.0588610172271729
62,target,15,-0.5035965442657471,-0.977350115776062
62,target,16,-0.3795454800128937,-1.0548988580703735
62,target,17,-0.5178323984146118,-1.2124477624893188
62,target,18,-0.5731683969497681,-1.2991993427276611
62,target,19,-0.5713837742805481,-1.2740931510925293
62,target,20,-0.6421405076980591,-1.3324930667877197
62,target,21,-0.4312255382537842,-1.20121169090271
62,target,22,-0.4803052544593811,-1.1204288005828857
62,target,23,-0.40228933095932007,-1.0652878284454346
62,target,24,-0.3812093734741211,-1.1557568311691284
62,target,25,-0.5121273994445801,-1.1699950695037842
62,target,26,-0.40351971983909607,-1.1907355785369873
62,target,27,-0.37764596939086914,-1.2156171798706055
62,target,28,-0.17933565378189087,-0.9965055584907532
62,target,29,-0.5153204202651978,-1.1552897691726685
62,target,30,-0.20879384875297546,-0.9973847270011902
62,target,31,-0.4760189652442932,-1.3353924751281738
62,target,32,-0.49975013732910156,-1.2991409301757812
62,target,33,-0.41496741771698,-1.0341418981552124
62,target,34,-0.2354729175567627,-0.9531040191650391
62,target,35,-0.4270804226398468,-0.9231283664703369
62,target,36,-0.4302569031715393,-1.2079371213912964
62,target,37,-0.33290722966194153,-0.9391500949859619
62,target,38,-0.3186870217323303,-1.0284497737884521
62,target,39,-0.39534205198287964,-1.0993719100952148
62,target,40,-0.5409246683120728,-0.9754063487052917
62,target,41,-0.543602705001831,-1.0350942611694336
62,target,42,-0.34827375411987305,-0.9326836466789246
62,target,43,-0.2888014614582062,-0.8477038741111755
62,target,44,-0.18647482991218567,-0.7990012764930725
62,target,45,-0.3254939317703247,-0.9208880662918091
62,target,46,-0.4583180844783783,-0.7391149997711182
62,target,47,-0.5163142085075378,-0.9038826823234558
62,target,48,-0.5361080765724182,-0.7976254224777222
62,target,49,-0.3407078683376312,-0.5331851243972778
62,target,50,-0.4974382221698761,-0.8938928246498108
62,target,51,-0.5291362404823303,-1.1103384494781494
62,target,52,-0.4759070575237274,-1.0657649040222168
62,target,53,-0.5785467028617859,-1.1015708446502686
62,target,54,-0.5629175901412964,-1.095151424407959
62,target,55,-0.518004298210144,-0.9668045043945312
62,target,56,-0.5367224812507629,-1.0516895055770874
62,target,57,-0.5092453956604004,-1.033218502998352
62,target,58,-0.4527227580547333,-1.1361676454544067
62,target,59,-0.5248143672943115,-0.9843232035636902
62,target,60,-0.5424718260765076,-0.9730202555656433
62,target,61,-0.5217178463935852,-0.8800820708274841
62,target,62,-0.42682167887687683,-0.8364782929420471
62,target,63,-0.47256672382354736,-0.8334628343582153
63,source,0,-0.22553175687789917,-0.7584333419799805
63,source,1,-0.23139336705207825,-0.7733125686645508
63,source,2,-0.23085519671440125,-0.7721986174583435
63,source,3,-0.23634541034698486,-0.7697003483772278
63,source,4,-0.24198615550994873,-0.7496963739395142
63,source,5,-0.24236640334129333,-0.7585241794586182
63,source,6,-0.24467110633850098,-0.7419620156288147
63,source,7,-0.2224912941455841,-0.7628492116928101
63,source,8,-0.25019317865371704,-0.7714778184890747
63,source,9,-0.26478585600852966,-0.7658596038818359
63,source,10,-0.2674259841442108,-0.7484575510025024
63,source,11,-0.2673261761665344,-0.7448621988296509
63,source,12,-0.23456135392189026,-0.8141202926635742
63,source,13,-0.22522392868995667,-0.7807586193084717
63,source,14,-0.22690588235855103,-0.7864607572555542
63,source,15,-0.21731728315353394,-0.7745881080627441
63,source,16,-0.21995973587036133,-0.7819525599479675
63,source,17,-0.2275482416152954,-0.7872875332832336
63,source,18,-0.22622409462928772,-0.7781825065612793
63,source,19,-0.23337200284004211,-0.7754966616630554
63,source,20,-0.23080438375473022,-0.7790380716323853
63,source,21,-0.2412165105342865,-0.8027746677398682
63,source,22,-0.26141995191574097,-0.7735312581062317
63,source,23,-0.262793630361557,-0.7907763719558716
63,source,24,-0.27875226736068726,-0.8029444813728333
63,source,25,-0.27954941987991333,-0.8620404601097107
63,source,26,-0.26342806220054626,-0.8190478682518005
63,source,27,-0.24308186769485474,-0.8134418725967407
63,source,28,-0.2514699101448059,-0.7774606943130493
63,source,29,-0.2568647265434265,-0.7997745871543884
63,source,30,-0.22740113735198975,-0.7673909068107605
63,source,31,-0.2271820604801178,-0.746391236782074
63,source,32,-0.2336013913154602,-0.7378907799720764
63,source,33,-0.22640854120254517,-0.7543096542358398
63,source,34,-0.2264835238456726,-0.7610341310501099
63,source,35,-0.2298145592212677,-0.7803844809532166
63,source,36,-0.21201202273368835,-0.7775380611419678
63,source,37,-0.22616350650787354,-0.7773253917694092
63,source,38,-0.21314731240272522,-0.7683312296867371
63,source,39,-0.22312387824058533,-0.7894554138183594
63,source,40,-0.22258228063583374,-0.7800282835960388
63,source,41,-0.22192791104316711,-0.8049473166465759
63,source,42,-0.2284429669380188,-0.7938762307167053
63,source,43,-0.2246016263961792,-0.7592840790748596
63,source,44,-0.22877800464630127,-0.7710659503936768
63,source,45,-0.23029884696006775,-0.7478705048561096
63,source,46,-0.2264748513698578,-0.7305871248245239
63,source,47,-0.2311069369316101,-0.7562176585197449
63,source,48,-0.2352406084537506,-0.7389104962348938
63,source,49,-0.24720314145088196,-0.7626922130584717
63,source,50,-0.251982718706131,-0.7610434293746948
63,source,51,-0.24983376264572144,-0.7456098198890686
63,source,52,-0.2889039218425751,-0.7808672785758972
63,source,53,-0.2704436182975769,-0.7626262307167053
63,source,54,-0.23132556676864624,-0.793287992477417
63,source,55,-0.21967574954032898,-0.7661231160163879
63,source,56,-0.21740126609802246,-0.7484981417655945
63,source,57,-0.21667137742042542,-0.7982655167579651
63,source,58,-0.21743866801261902,-0.8049344420433044
63,source,59,-0.22850725054740906,-0.7932168245315552
63,source,60,-0.2271541953086853,-0.8007657527923584
63,source,61,-0.24615058302879333,-0.7710745930671692
63,source,62,-0.26326990127563477,-0.7881512641906738
63,source,63,-0.2615068852901459,-0.8168928027153015
63,target,0,-0.31993505358695984,-0.7868629693984985
63,target,1,-0.45686906576156616,-1.0355381965637207
63,target,2,-0.3200305104255676,-0.9566289782524109
63,target,3,-0.35406574606895447,-0.8898442983627319
63,target,4,-0.3009953796863556,-0.9428361058235168
63,target,5,-0.44304683804512024,-1.1563892364501953
63,target,6,-0.4105498194694519,-1.0823259353637695
63,target,7,-0.30037569999694824,-0.9142139554023743
63,target,8,-0.32607948780059814,-0.9576358199119568
63,target,9,-0.30399274826049805,-0.835994303226471
63,target,10,-0.3286713659763336,-0.9560895562171936
63,target,11,-0.34319886565208435,-0.930148184299469
63,target,12,-0.31612566113471985,-0.9027201533317566
63,target,13,-0.30749520659446716,-0.8399415016174316
63,target,14,-0.33401772379875183,-0.9483780264854431
63,target,15,-0.29951292276382446,-0.8585058450698853
63,target,16,-0.28698208928108215,-0.938410758972168
63,target,17,-0.29736465215682983,-0.9977720975875854
63,target,18,-0.4178429841995239,-1.1426914930343628
63,target,19,-0.3292366564273834,-1.0455437898635864
63,target,20,-0.41758987307548523,-1.1211267709732056
63,target,21,-0.2929627299308777,-1.0457613468170166
63,target,22,-0.3867300748825073,-0.9773748517036438
63,target,23,-0.36731767654418945,-0.9562809467315674
63,target,24,-0.2778603136539459,-1.0051218271255493
63,target,25,-0.30140402913093567,-1.017669916152954
63,target,26,-0.2742738723754883,-0.9993187785148621
63,target,27,-0.24404460191726685,-1.0342185497283936
63,target,28,-0.20653674006462097,-0.9786807894706726
63,target,29,-0.30873870849609375,-0.9908345341682434
63,target,30,-0.28081104159355164,-0.9338018894195557
63,target,31,-0.40023308992385864,-1.1812684535980225
63,target,32,-0.3637559115886688,-1.1160306930541992
63,target,33,-0.2773783802986145,-0.9188394546508789
63,target,34,-0.26447054743766785,-0.872314989566803
63,target,35,-0.2842857539653778,-0.8469803929328918
63,target,36,-0.26486191153526306,-1.030898928642273
63,target,37,-0.24626189470291138,-0.8516119122505188
63,target,38,-0.27673351764678955,-0.9332208037376404
63,target,39,-0.23477336764335632,-0.9678978323936462
63,target,40,-0.33596521615982056,-0.8833625912666321
63,target,41,-0.3548024296760559,-0.9010401368141174
63,target,42,-0.2729249894618988,-0.8613346815109253
63,target,43,-0.3164147734642029,-0.8388485312461853
63,target,44,-0.26804256439208984,-0.8018336892127991
63,target,45,-0.25923046469688416,-0.8727337121963501
63,target,46,-0.28119921684265137,-0.7330182194709778
63,target,47,-0.34554341435432434,-0.8269848227500916
63,target,48,-0.3939235508441925,-0.7684174180030823
63,target,49,-0.34436002373695374,-0.6122095584869385
63,target,50,-0.32027557492256165,-0.8056918382644653
63,target,51,-0.3250241279602051,-0.9868215918540955
63,target,52,-0.3103642463684082,-0.9512286186218262
63,target,53,-0.38509225845336914,-0.9846004843711853
63,target,54,-0.34255149960517883,-0.9913108348846436
63,target,55,-0.33881527185440063,-0.8671125173568726
63,target,56,-0.3842291831970215,-0.9323230981826782
63,target,57,-0.34602460265159607,-0.923669159412384
63,target,58,-0.356682151556015,-1.033764123916626
63,target,59,-0.3590547740459442,-0.90578693151474
63,target,60,-0.36943238973617554,-0.8899836540222168
63,target,61,-0.3518986701965332,-0.8106331825256348
63,target,62,-0.29985854029655457,-0.8249523043632507
63,target,63,-0.38017332553863525,-0.8108513355255127
64,source,0,-0.1138654351234436,-0.7542495727539062
64,source,1,-0.11791235208511353,-0.7637988328933716
64,source,2,-0.10846585035324097,-0.7613677978515625
64,source,3,-0.117759108543396,-0.7528789043426514
64,source,4,-0.10881346464157104,-0.7327553629875183
64,source,5,-0.11583966016769409,-0.7401218414306641
64,source,6,-0.11933630704879761,-0.7474992275238037
64,source,7,-0.09139561653137207,-0.7496311664581299
64,source,8,-0.11640888452529907,-0.7570490837097168
64,source,9,-0.12456011772155762,-0.7496662735939026
64,source,10,-0.12002217769622803,-0.7441917061805725
64,source,11,-0.11919665336608887,-0.7432947158813477
64,source,12,-0.10234391689300537,-0.7868410348892212
64,source,13,-0.09690356254577637,-0.7686424851417542
64,source,14,-0.10747206211090088,-0.7757867574691772
64,source,15,-0.10408419370651245,-0.7640290856361389
64,source,16,-0.0963057279586792,-0.7621023654937744
64,source,17,-0.0956571102142334,-0.768653392791748
64,source,18,-0.09548556804656982,-0.7613796591758728
64,source,19,-0.1062999963760376,-0.7588330507278442
64,source,20,-0.10439455509185791,-0.7636293172836304
64,source,21,-0.12051147222518921,-0.7754777073860168
64,source,22,-0.14762482047080994,-0.7665737867355347
64,source,23,-0.15441304445266724,-0.7706290483474731
64,source,24,-0.1463901400566101,-0.7863548994064331
64,source,25,-0.13989216089248657,-0.8336171507835388
64,source,26,-0.13201218843460083,-0.788587749004364
64,source,27,-0.11435526609420776,-0.7916166186332703
64,source,28,-0.1092996597290039,-0.7662959098815918
64,source,29,-0.12188714742660522,-0.7798829078674316
64,source,30,-0.10293787717819214,-0.7524579763412476
64,source,31,-0.10046523809432983,-0.744719386100769
64,source,32,-0.09580808877944946,-0.7329853773117065
64,source,33,-0.09920871257781982,-0.7478052973747253
64,source,34,-0.10945487022399902,-0.7583664059638977
64,source,35,-0.10933905839920044,-0.7724041938781738
64,source,36,-0.09888410568237305,-0.7638108134269714
64,source,37,-0.10725545883178711,-0.7677264213562012
64,source,38,-0.10012871026992798,-0.7642571330070496
64,source,39,-0.0995911955833435,-0.7747169733047485
64,source,40,-0.11017286777496338,-0.7766311764717102
64,source,41,-0.1049811840057373,-0.7897047996520996
64,source,42,-0.10728472471237183,-0.7768666744232178
64,source,43,-0.10101008415222168,-0.754513680934906
64,source,44,-0.10484915971755981,-0.7563214898109436
64,source,45,-0.10252755880355835,-0.7434132099151611
64,source,46,-0.10630136728286743,-0.7329744100570679
64,source,47,-0.09903019666671753,-0.7465860247612
64,source,48,-0.12088799476623535,-0.7491446733474731
64,source,49,-0.1270464062690735,-0.7632551193237305
64,source,50,-0.124225914478302,-0.7593796849250793
64,source,51,-0.11371070146560669,-0.7425100803375244
64,source,52,-0.1472824513912201,-0.7713190317153931
64,source,53,-0.13681131601333618,-0.760037899017334
64,source,54,-0.11764776706695557,-0.7771847248077393
64,source,55,-0.10065501928329468,-0.7611395716667175
64,source,56,-0.10530829429626465,-0.7554407119750977
64,source,57,-0.1100473403930664,-0.7851585149765015
64,source,58,-0.10203385353088379,-0.7861412167549133
64,source,59,-0.11145401000976562,-0.7795285582542419
64,source,60,-0.10830771923065186,-0.7963007092475891
64,source,61,-0.11731088161468506,-0.7658698558807373
64,source,62,-0.12337881326675415,-0.7794329524040222
64,source,63,-0.1185804009437561,-0.7903720736503601
64,target,0,-0.1636112928390503,-0.7547601461410522
64,target,1,-0.281298965215683,-0.945163369178772
64,target,2,-0.18232104182243347,-0.8834569454193115
64,target,3,-0.20358476042747498,-0.8415700197219849
64,target,4,-0.16169708967208862,-0.8726881742477417
64,target,5,-0.2894901931285858,-1.0183370113372803
64,target,6,-0.3028619885444641,-1.0024523735046387
64,target,7,-0.16204354166984558,-0.8471828103065491
64,target,8,-0.18448874354362488,-0.8804931044578552
64,target,9,-0.1755586564540863,-0.8096715807914734
64,target,10,-0.17218244075775146,-0.8805235624313354
64,target,11,-0.19590675830841064,-0.8700640797615051
64,target,12,-0.1855824887752533,-0.8631243705749512
64,target,13,-0.15851283073425293,-0.7847005724906921
64,target,14,-0.17818701267242432,-0.8689934611320496
64,target,15,-0.15322065353393555,-0.7974072098731995
64,target,16,-0.16111645102500916,-0.8637589812278748
64,target,17,-0.1763029396533966,-0.9092390537261963
64,target,18,-0.2540155351161957,-1.010492205619812
64,target,19,-0.18908146023750305,-0.9495083093643188
64,target,20,-0.2737087607383728,-1.0133541822433472
64,target,21,-0.18346408009529114,-0.9526517391204834
64,target,22,-0.21986374258995056,-0.9077534079551697
64,target,23,-0.18000611662864685,-0.8797699809074402
64,target,24,-0.1373547911643982,-0.9129052758216858
64,target,25,-0.15729573369026184,-0.9183775186538696
64,target,26,-0.15032154321670532,-0.9157079458236694
64,target,27,-0.12535721063613892,-0.9342535138130188
64,target,28,-0.11098849773406982,-0.8758291602134705
64,target,29,-0.1570919156074524,-0.9019315242767334
64,target,30,-0.14411449432373047,-0.8510268330574036
64,target,31,-0.25252318382263184,-1.0353623628616333
64,target,32,-0.23521924018859863,-1.0136690139770508
64,target,33,-0.18144235014915466,-0.8747754693031311
64,target,34,-0.1616479754447937,-0.8598553538322449
64,target,35,-0.16967570781707764,-0.8311807513237
64,target,36,-0.14396798610687256,-0.9322473406791687
64,target,37,-0.14040809869766235,-0.8104984164237976
64,target,38,-0.1673412322998047,-0.8780883550643921
64,target,39,-0.1412622332572937,-0.8931019306182861
64,target,40,-0.18934175372123718,-0.8327431678771973
64,target,41,-0.18518850207328796,-0.8458684682846069
64,target,42,-0.13251161575317383,-0.8341434001922607
64,target,43,-0.16411802172660828,-0.8096818923950195
64,target,44,-0.1292729377746582,-0.7847874164581299
64,target,45,-0.13233715295791626,-0.8264243006706238
64,target,46,-0.12431389093399048,-0.714076817035675
64,target,47,-0.20269125699996948,-0.7934535145759583
64,target,48,-0.2198835015296936,-0.7369139790534973
64,target,49,-0.18297550082206726,-0.6306776404380798
64,target,50,-0.1541135013103485,-0.7757231593132019
64,target,51,-0.18830165266990662,-0.9024204611778259
64,target,52,-0.17095965147018433,-0.8615665435791016
64,target,53,-0.23532214760780334,-0.9019131064414978
64,target,54,-0.19043686985969543,-0.9040520787239075
64,target,55,-0.19004297256469727,-0.8118082880973816
64,target,56,-0.22354665398597717,-0.8697073459625244
64,target,57,-0.1976155936717987,-0.8532462120056152
64,target,58,-0.21258357167243958,-0.9545311331748962
64,target,59,-0.21988624334335327,-0.8481393456459045
64,target,60,-0.23523136973381042,-0.8480988144874573
64,target,61,-0.22415533661842346,-0.7924007177352905
64,target,62,-0.18112221360206604,-0.8020956516265869
64,target,63,-0.23235028982162476,-0.7774714827537537
65,source,0,-0.10298037528991699,-0.7427690029144287
65,source,1,-0.10879772901535034,-0.7591006755828857
65,source,2,-0.1028221845626831,-0.7546501159667969
65,source,3,-0.11195451021194458,-0.7474284768104553
65,source,4,-0.1066548228263855,-0.7343078851699829
65,source,5,-0.10673099756240845,-0.7359631061553955
65,source,6,-0.10525763034820557,-0.7398014664649963
65,source,7,-0.08870899677276611,-0.7480468153953552
65,source,8,-0.10747236013412476,-0.7459476590156555
65,source,9,-0.11852723360061646,-0.7388365864753723
65,source,10,-0.12060922384262085,-0.7370388507843018
65,source,11,-0.119132399559021,-0.7286680936813354
65,source,12,-0.10820633172988892,-0.7815232276916504
65,source,13,-0.10125678777694702,-0.7625173330307007
65,source,14,-0.1073681116104126,-0.7668616771697998
65,source,15,-0.10409361124038696,-0.7467976808547974
65,source,16,-0.0958518385887146,-0.7519946694374084
65,source,17,-0.10048288106918335,-0.7625510096549988
65,source,18,-0.10796165466308594,-0.7547768354415894
65,source,19,-0.11319613456726074,-0.7548584342002869
65,source,20,-0.11799788475036621,-0.7564263939857483
65,source,21,-0.12896978855133057,-0.7790071368217468
65,source,22,-0.15044066309928894,-0.7688004374504089
65,source,23,-0.15065425634384155,-0.7771161794662476
65,source,24,-0.14247405529022217,-0.7784652709960938
65,source,25,-0.13907521963119507,-0.8155899047851562
65,source,26,-0.13408488035202026,-0.7797114253044128
65,source,27,-0.12597310543060303,-0.7772504091262817
65,source,28,-0.11886537075042725,-0.7568954229354858
65,source,29,-0.12881380319595337,-0.7724727392196655
65,source,30,-0.11405384540557861,-0.7453076243400574
65,source,31,-0.1056358814239502,-0.7311137914657593
65,source,32,-0.10738152265548706,-0.719250500202179
65,source,33,-0.09804564714431763,-0.7509440779685974
65,source,34,-0.11127042770385742,-0.756938636302948
65,source,35,-0.11527818441390991,-0.7692669034004211
65,source,36,-0.10510414838790894,-0.7694133520126343
65,source,37,-0.11238086223602295,-0.7692496180534363
65,source,38,-0.1055864691734314,-0.7619674205780029
65,source,39,-0.10142093896865845,-0.780234158039093
65,source,40,-0.10728412866592407,-0.7766581773757935
65,source,41,-0.10123777389526367,-0.7859043478965759
65,source,42,-0.10740149021148682,-0.7766191959381104
65,source,43,-0.0972321629524231,-0.7590507864952087
65,source,44,-0.10092449188232422,-0.7628964781761169
65,source,45,-0.10170716047286987,-0.7468589544296265
65,source,46,-0.10294121503829956,-0.7456760406494141
65,source,47,-0.10087031126022339,-0.7624248266220093
65,source,48,-0.11794501543045044,-0.7537679672241211
65,source,49,-0.13134324550628662,-0.7607842683792114
65,source,50,-0.1329745054244995,-0.7585444450378418
65,source,51,-0.12531858682632446,-0.7447143197059631
65,source,52,-0.13547110557556152,-0.7664939761161804
65,source,53,-0.12864696979522705,-0.7528114318847656
65,source,54,-0.1090582013130188,-0.7708092927932739
65,source,55,-0.10341334342956543,-0.7505311965942383
65,source,56,-0.10276275873184204,-0.7561084032058716
65,source,57,-0.10555624961853027,-0.787234365940094
65,source,58,-0.10153824090957642,-0.7897539734840393
65,source,59,-0.10856485366821289,-0.7825019359588623
65,source,60,-0.11207717657089233,-0.7871246337890625
65,source,61,-0.12330663204193115,-0.7616814374923706
65,source,62,-0.1320754885673523,-0.7701947093009949
65,source,63,-0.1248522400856018,-0.7801551222801208
65,target,0,-0.1636461615562439,-0.7551443576812744
65,target,1,-0.23616591095924377,-0.9455710053443909
65,target,2,-0.18368807435035706,-0.9041445851325989
65,target,3,-0.1840265989303589,-0.8205462098121643
65,target,4,-0.1561679244041443,-0.8613051772117615
65,target,5,-0.2509808838367462,-0.9921477437019348
65,target,6,-0.23453882336616516,-0.9976056218147278
65,target,7,-0.15316897630691528,-0.8492916822433472
65,target,8,-0.17308536171913147,-0.8835544586181641
65,target,9,-0.16892898082733154,-0.8147416114807129
65,target,10,-0.1549544334411621,-0.8742167949676514
65,target,11,-0.16851752996444702,-0.8874848484992981
65,target,12,-0.17465949058532715,-0.8600180745124817
65,target,13,-0.14932399988174438,-0.7851808071136475
65,target,14,-0.1671905219554901,-0.8752140998840332
65,target,15,-0.14688411355018616,-0.8049408793449402
65,target,16,-0.15411463379859924,-0.8795247673988342
65,target,17,-0.16628724336624146,-0.896833598613739
65,target,18,-0.21232858300209045,-0.9881510734558105
65,target,19,-0.16753771901130676,-0.9619290828704834
65,target,20,-0.24975329637527466,-1.003175973892212
65,target,21,-0.16826623678207397,-0.9626570343971252
65,target,22,-0.19529211521148682,-0.8820136785507202
65,target,23,-0.1644333004951477,-0.8771917223930359
65,target,24,-0.13751524686813354,-0.9139735102653503
65,target,25,-0.1391114592552185,-0.9245144128799438
65,target,26,-0.13813835382461548,-0.9011920690536499
65,target,27,-0.0982937216758728,-0.9138361215591431
65,target,28,-0.10646885633468628,-0.8961493372917175
65,target,29,-0.16322395205497742,-0.9169568419456482
65,target,30,-0.13019323348999023,-0.8731310367584229
65,target,31,-0.18547198176383972,-1.0001235008239746
65,target,32,-0.1978684365749359,-1.006773591041565
65,target,33,-0.1811283528804779,-0.8603938817977905
65,target,34,-0.16338923573493958,-0.843614935874939
65,target,35,-0.17072075605392456,-0.8302116394042969
65,target,36,-0.15292486548423767,-0.9304911494255066
65,target,37,-0.14369845390319824,-0.8076828122138977
65,target,38,-0.16779282689094543,-0.87031090259552
65,target,39,-0.13454675674438477,-0.8857822418212891
65,target,40,-0.19539564847946167,-0.8411542177200317
65,target,41,-0.18920007348060608,-0.8531855940818787
65,target,42,-0.15413478016853333,-0.810330867767334
65,target,43,-0.1486448049545288,-0.7760488986968994
65,target,44,-0.1440964937210083,-0.7789734601974487
65,target,45,-0.1349252462387085,-0.8105785846710205
65,target,46,-0.13046717643737793,-0.6956855654716492
65,target,47,-0.1851445734500885,-0.7756043076515198
65,target,48,-0.19121310114860535,-0.7458972334861755
65,target,49,-0.1314089298248291,-0.6029082536697388
65,target,50,-0.15799841284751892,-0.7723844647407532
65,target,51,-0.19437777996063232,-0.9023883938789368
65,target,52,-0.17565494775772095,-0.8543540835380554
65,target,53,-0.22104820609092712,-0.8947730660438538
65,target,54,-0.19509166479110718,-0.9066998362541199
65,target,55,-0.1807135045528412,-0.8244258761405945
65,target,56,-0.18446743488311768,-0.86513352394104
65,target,57,-0.17874929308891296,-0.8539241552352905
65,target,58,-0.17302584648132324,-0.9433326125144958
65,target,59,-0.19334626197814941,-0.8341136574745178
65,target,60,-0.21800348162651062,-0.8495376706123352
65,target,61,-0.1918008029460907,-0.8021543025970459
65,target,62,-0.16798779368400574,-0.7866226434707642
65,target,63,-0.20258715748786926,-0.7725653052330017
66,source,0,-0.142880380153656,-0.7219567894935608
66,source,1,-0.14790570735931396,-0.7338711619377136
66,source,2,-0.14002001285552979,-0.7369598150253296
66,source,3,-0.15049543976783752,-0.7254108786582947
66,source,4,-0.14594340324401855,-0.7164735794067383
66,source,5,-0.14467424154281616,-0.7197414636611938
66,source,6,-0.14386683702468872,-0.7148969173431396
66,source,7,-0.13086020946502686,-0.7239285707473755
66,source,8,-0.14443457126617432,-0.7267858386039734
66,source,9,-0.1493758261203766,-0.7094051241874695
66,source,10,-0.15228280425071716,-0.7088094353675842
66,source,11,-0.14715299010276794,-0.7077597379684448
66,source,12,-0.14657244086265564,-0.7608338594436646
66,source,13,-0.14027714729309082,-0.7363789677619934
66,source,14,-0.1520686149597168,-0.7462426424026489
66,source,15,-0.14574956893920898,-0.7223018407821655
66,source,16,-0.138136625289917,-0.7394466400146484
66,source,17,-0.1407964825630188,-0.7410363554954529
66,source,18,-0.14638474583625793,-0.7383065819740295
66,source,19,-0.1522338092327118,-0.7275251150131226
66,source,20,-0.15200769901275635,-0.7276390790939331
66,source,21,-0.15970668196678162,-0.7475591897964478
66,source,22,-0.17658063769340515,-0.7367211580276489
66,source,23,-0.1763046383857727,-0.7365357279777527
66,source,24,-0.1725446581840515,-0.7438489198684692
66,source,25,-0.16152718663215637,-0.7917327284812927
66,source,26,-0.15683183073997498,-0.759353756904602
66,source,27,-0.15712088346481323,-0.7567718625068665
66,source,28,-0.14930710196495056,-0.7349032759666443
66,source,29,-0.16057372093200684,-0.7464100122451782
66,source,30,-0.14941436052322388,-0.7241218686103821
66,source,31,-0.14844921231269836,-0.7122076749801636
66,source,32,-0.14766141772270203,-0.6954614520072937
66,source,33,-0.13936328887939453,-0.7188476324081421
66,source,34,-0.1459861397743225,-0.7293693423271179
66,source,35,-0.15340057015419006,-0.7412119507789612
66,source,36,-0.14292055368423462,-0.7463223934173584
66,source,37,-0.14732739329338074,-0.7485217452049255
66,source,38,-0.14840278029441833,-0.7349036931991577
66,source,39,-0.14091938734054565,-0.7456831932067871
66,source,40,-0.14874377846717834,-0.7488255500793457
66,source,41,-0.14383941888809204,-0.756380021572113
66,source,42,-0.146187424659729,-0.7407487630844116
66,source,43,-0.13893306255340576,-0.7294450402259827
66,source,44,-0.1413833498954773,-0.7307652831077576
66,source,45,-0.14094889163970947,-0.7153944373130798
66,source,46,-0.1412162184715271,-0.7120072245597839
66,source,47,-0.13868939876556396,-0.7283861041069031
66,source,48,-0.15962812304496765,-0.7184544205665588
66,source,49,-0.1713818609714508,-0.7292131185531616
66,source,50,-0.16676083207130432,-0.7299745678901672
66,source,51,-0.15168198943138123,-0.7212789058685303
66,source,52,-0.16702595353126526,-0.7390428185462952
66,source,53,-0.1630845069885254,-0.720952033996582
66,source,54,-0.14280462265014648,-0.7369280457496643
66,source,55,-0.13896024227142334,-0.7293394207954407
66,source,56,-0.14168578386306763,-0.7308491468429565
66,source,57,-0.14608478546142578,-0.753689169883728
66,source,58,-0.14535462856292725,-0.7596427202224731
66,source,59,-0.1459597945213318,-0.7500261664390564
66,source,60,-0.14997857809066772,-0.7576805353164673
66,source,61,-0.1581629514694214,-0.7376623749732971
66,source,62,-0.16742515563964844,-0.7447609901428223
66,source,63,-0.15909290313720703,-0.7500737309455872
66,target,0,-0.18008112907409668,-0.7131974697113037
66,target,1,-0.25190314650535583,-0.9121376872062683
66,target,2,-0.21494504809379578,-0.8634698987007141
66,target,3,-0.204306960105896,-0.781516432762146
66,target,4,-0.17576152086257935,-0.8254648447036743
66,target,5,-0.28287240862846375,-0.9683777093887329
66,target,6,-0.2502714693546295,-0.9498446583747864
66,target,7,-0.18510335683822632,-0.8132198452949524
66,target,8,-0.20344087481498718,-0.842956006526947
66,target,9,-0.17977452278137207,-0.769023060798645
66,target,10,-0.16594156622886658,-0.8254516124725342
66,target,11,-0.1965082585811615,-0.8332853317260742
66,target,12,-0.19124245643615723,-0.7906731963157654
66,target,13,-0.169907808303833,-0.7496878504753113
66,target,14,-0.18659672141075134,-0.8277828693389893
66,target,15,-0.17194858193397522,-0.7712268233299255
66,target,16,-0.17420363426208496,-0.8194661736488342
66,target,17,-0.19646039605140686,-0.8717202544212341
66,target,18,-0.2377203106880188,-0.9504134058952332
66,target,19,-0.18946564197540283,-0.902215838432312
66,target,20,-0.2623363733291626,-0.9576824307441711
66,target,21,-0.19822755455970764,-0.9012056589126587
66,target,22,-0.20552483201026917,-0.8459000587463379
66,target,23,-0.18233665823936462,-0.8295103311538696
66,target,24,-0.17534762620925903,-0.8812068104743958
66,target,25,-0.17069682478904724,-0.8660368323326111
66,target,26,-0.15687522292137146,-0.8475018739700317
66,target,27,-0.1177024245262146,-0.8688182830810547
66,target,28,-0.13575947284698486,-0.8307216167449951
66,target,29,-0.18690553307533264,-0.866123616695404
66,target,30,-0.14943838119506836,-0.8078416585922241
66,target,31,-0.2010544240474701,-0.9637331962585449
66,target,32,-0.2088964879512787,-0.9445100426673889
66,target,33,-0.1995888650417328,-0.8336000442504883
66,target,34,-0.1810084581375122,-0.8002809286117554
66,target,35,-0.2048693597316742,-0.7864857912063599
66,target,36,-0.18180188536643982,-0.9044102430343628
66,target,37,-0.17580556869506836,-0.7693365216255188
66,target,38,-0.19713225960731506,-0.8415207862854004
66,target,39,-0.1616978645324707,-0.8394342064857483
66,target,40,-0.21391251683235168,-0.8243445754051208
66,target,41,-0.204026997089386,-0.8347017765045166
66,target,42,-0.18601050972938538,-0.7839621901512146
66,target,43,-0.1810949146747589,-0.7489621639251709
66,target,44,-0.17313337326049805,-0.73499995470047
66,target,45,-0.1737043559551239,-0.7748317718505859
66,target,46,-0.1590750515460968,-0.6671143770217896
66,target,47,-0.19860437512397766,-0.7369475364685059
66,target,48,-0.2085353434085846,-0.6941576600074768
66,target,49,-0.17350411415100098,-0.5707582235336304
66,target,50,-0.17753851413726807,-0.7471357583999634
66,target,51,-0.2022416889667511,-0.8457959294319153
66,target,52,-0.1823199987411499,-0.8058665990829468
66,target,53,-0.22645971179008484,-0.8385205268859863
66,target,54,-0.20020145177841187,-0.8513266444206238
66,target,55,-0.19326293468475342,-0.7635707855224609
66,target,56,-0.1947656273841858,-0.8019290566444397
66,target,57,-0.18872952461242676,-0.7967068552970886
66,target,58,-0.18525934219360352,-0.8786023855209351
66,target,59,-0.19856339693069458,-0.7873000502586365
66,target,60,-0.2166425883769989,-0.7908316850662231
66,target,61,-0.20472317934036255,-0.7642156481742859
66,target,62,-0.1846114993095398,-0.7417231798171997
66,target,63,-0.20799601078033447,-0.7195014953613281
67,source,0,-0.1532207429409027,-0.6640832424163818
67,source,1,-0.16037333011627197,-0.6779203414916992
67,source,2,-0.16146394610404968,-0.6752423048019409
67,source,3,-0.17067885398864746,-0.6708898544311523
67,source,4,-0.16975510120391846,-0.6498712301254272
67,source,5,-0.16711720824241638,-0.6645058989524841
67,source,6,-0.16648614406585693,-0.6646875143051147
67,source,7,-0.15936219692230225,-0.6712165474891663
67,source,8,-0.16909262537956238,-0.6762091517448425
67,source,9,-0.1718102991580963,-0.6646469831466675
67,source,10,-0.1743009388446808,-0.6639206409454346
67,source,11,-0.17217987775802612,-0.6532507538795471
67,source,12,-0.1655615270137787,-0.6896828413009644
67,source,13,-0.16005033254623413,-0.6755090951919556
67,source,14,-0.16954955458641052,-0.6846603751182556
67,source,15,-0.16239789128303528,-0.6632688045501709
67,source,16,-0.16282853484153748,-0.6754899024963379
67,source,17,-0.1644149124622345,-0.6775459051132202
67,source,18,-0.1686270833015442,-0.6741881370544434
67,source,19,-0.17133378982543945,-0.6763171553611755
67,source,20,-0.17486554384231567,-0.6769164800643921
67,source,21,-0.18118366599082947,-0.6935826539993286
67,source,22,-0.1933768391609192,-0.6939271092414856
67,source,23,-0.1982288658618927,-0.6984800696372986
67,source,24,-0.19356736540794373,-0.6928375363349915
67,source,25,-0.18011364340782166,-0.7208390235900879
67,source,26,-0.18295490741729736,-0.6902726888656616
67,source,27,-0.18288090825080872,-0.6856844425201416
67,source,28,-0.17481347918510437,-0.6600698232650757
67,source,29,-0.1826823353767395,-0.6738559007644653
67,source,30,-0.17317348718643188,-0.6613761782646179
67,source,31,-0.16254812479019165,-0.6477700471878052
67,source,32,-0.15925177931785583,-0.6342303156852722
67,source,33,-0.16258138418197632,-0.6602925062179565
67,source,34,-0.16023272275924683,-0.6672033071517944
67,source,35,-0.1656840741634369,-0.6725687980651855
67,source,36,-0.16085559129714966,-0.6747563481330872
67,source,37,-0.1657516360282898,-0.6798223257064819
67,source,38,-0.16989481449127197,-0.6765269637107849
67,source,39,-0.1647511124610901,-0.6786278486251831
67,source,40,-0.16517087817192078,-0.6764624118804932
67,source,41,-0.16339245438575745,-0.6828864812850952
67,source,42,-0.16154876351356506,-0.6720461249351501
67,source,43,-0.15999776124954224,-0.6583829522132874
67,source,44,-0.16445857286453247,-0.6644633412361145
67,source,45,-0.16483721137046814,-0.6501654386520386
67,source,46,-0.16434091329574585,-0.6498907804489136
67,source,47,-0.16006392240524292,-0.6563481092453003
67,source,48,-0.17436739802360535,-0.6556957960128784
67,source,49,-0.18319171667099,-0.6592044830322266
67,source,50,-0.18365538120269775,-0.663219153881073
67,source,51,-0.1804688274860382,-0.6521860957145691
67,source,52,-0.18029353022575378,-0.6732409596443176
67,source,53,-0.17997711896896362,-0.6514400243759155
67,source,54,-0.16797393560409546,-0.672723650932312
67,source,55,-0.16039583086967468,-0.6590433120727539
67,source,56,-0.1628013253211975,-0.6708002686500549
67,source,57,-0.16706934571266174,-0.6833459734916687
67,source,58,-0.1672762930393219,-0.6871132850646973
67,source,59,-0.17011091113090515,-0.6853321194648743
67,source,60,-0.1715448498725891,-0.6971692442893982
67,source,61,-0.1781158447265625,-0.6887346506118774
67,source,62,-0.18505263328552246,-0.6986021995544434
67,source,63,-0.1717739701271057,-0.7060871124267578
67,target,0,-0.21356216073036194,-0.6627983450889587
67,target,1,-0.2594805955886841,-0.8491793274879456
67,target,2,-0.21690231561660767,-0.8096925616264343
67,target,3,-0.21547392010688782,-0.7237884998321533
67,target,4,-0.20158681273460388,-0.7606502771377563
67,target,5,-0.2786371409893036,-0.9152399897575378
67,target,6,-0.25085121393203735,-0.8809909820556641
67,target,7,-0.1990950107574463,-0.7751341462135315
67,target,8,-0.22107121348381042,-0.8060871362686157
67,target,9,-0.19780609011650085,-0.7265984416007996
67,target,10,-0.19067341089248657,-0.7638410329818726
67,target,11,-0.21020567417144775,-0.75315922498703
67,target,12,-0.21056368947029114,-0.7366520166397095
67,target,13,-0.1828887164592743,-0.6899274587631226
67,target,14,-0.19973590970039368,-0.7669850587844849
67,target,15,-0.18397772312164307,-0.7067595720291138
67,target,16,-0.18561223149299622,-0.7698904275894165
67,target,17,-0.20625409483909607,-0.8233611583709717
67,target,18,-0.24591663479804993,-0.8964139223098755
67,target,19,-0.2088627815246582,-0.8573031425476074
67,target,20,-0.27005380392074585,-0.9039828777313232
67,target,21,-0.20642223954200745,-0.8477717638015747
67,target,22,-0.22497901320457458,-0.7980565428733826
67,target,23,-0.20300495624542236,-0.777094304561615
67,target,24,-0.1906416416168213,-0.8387981653213501
67,target,25,-0.18475744128227234,-0.8109009265899658
67,target,26,-0.177302747964859,-0.8082457184791565
67,target,27,-0.12775474786758423,-0.8168225884437561
67,target,28,-0.15225297212600708,-0.7963587641716003
67,target,29,-0.20372071862220764,-0.8034030199050903
67,target,30,-0.17438435554504395,-0.7527084350585938
67,target,31,-0.20516547560691833,-0.9185764193534851
67,target,32,-0.21941033005714417,-0.9089634418487549
67,target,33,-0.2211724817752838,-0.7879840731620789
67,target,34,-0.2042180895805359,-0.7765752673149109
67,target,35,-0.21738660335540771,-0.738300085067749
67,target,36,-0.2009119987487793,-0.853424608707428
67,target,37,-0.18785586953163147,-0.7374365925788879
67,target,38,-0.21261629462242126,-0.778717041015625
67,target,39,-0.1912764012813568,-0.8002919554710388
67,target,40,-0.2292078137397766,-0.7505280375480652
67,target,41,-0.23281893134117126,-0.777158260345459
67,target,42,-0.1935831606388092,-0.7397612929344177
67,target,43,-0.18862465023994446,-0.7025295495986938
67,target,44,-0.18078312277793884,-0.7067939639091492
67,target,45,-0.18472641706466675,-0.7192246317863464
67,target,46,-0.18291562795639038,-0.6338739395141602
67,target,47,-0.22322756052017212,-0.6969204545021057
67,target,48,-0.223093181848526,-0.6565989851951599
67,target,49,-0.17769604921340942,-0.5406464338302612
67,target,50,-0.20602640509605408,-0.6806384921073914
67,target,51,-0.21953335404396057,-0.7971335649490356
67,target,52,-0.20467901229858398,-0.7607659697532654
67,target,53,-0.24549326300621033,-0.782669723033905
67,target,54,-0.21598941087722778,-0.8077470064163208
67,target,55,-0.2008204460144043,-0.7154071927070618
67,target,56,-0.20394861698150635,-0.7443045973777771
67,target,57,-0.2163565754890442,-0.7472276091575623
67,target,58,-0.20125845074653625,-0.8240519165992737
67,target,59,-0.21890676021575928,-0.7257680296897888
67,target,60,-0.23752710223197937,-0.7474468350410461
67,target,61,-0.22305774688720703,-0.7129460573196411
67,target,62,-0.20639055967330933,-0.7006154656410217
67,target,63,-0.2237807810306549,-0.6718246340751648
68,source,0,-0.205032616853714,-0.6692338585853577
68,source,1,-0.21067959070205688,-0.6810697317123413
68,source,2,-0.21525520086288452,-0.6849818825721741
68,source,3,-0.22551122307777405,-0.6736299395561218
68,source,4,-0.22251299023628235,-0.6601957678794861
68,source,5,-0.22497737407684326,-0.6747180223464966
68,source,6,-0.22082826495170593,-0.6696133613586426
68,source,7,-0.20963338017463684,-0.6806988716125488
68,source,8,-0.22457033395767212,-0.6901982426643372
68,source,9,-0.22671827673912048,-0.676270604133606
68,source,10,-0.22210490703582764,-0.6797423958778381
68,source,11,-0.22063851356506348,-0.6692587733268738
68,source,12,-0.2157687544822693,-0.7103759050369263
68,source,13,-0.2140720784664154,-0.6846144199371338
68,source,14,-0.22128713130950928,-0.6928378939628601
68,source,15,-0.2147097885608673,-0.6690788269042969
68,source,16,-0.21014851331710815,-0.6806874871253967
68,source,17,-0.21253228187561035,-0.6874157786369324
68,source,18,-0.21699097752571106,-0.682176947593689
68,source,19,-0.21674224734306335,-0.6817328929901123
68,source,20,-0.21937024593353271,-0.6816180944442749
68,source,21,-0.22687339782714844,-0.697797417640686
68,source,22,-0.24075335264205933,-0.7028836011886597
68,source,23,-0.2432752251625061,-0.7025939226150513
68,source,24,-0.24000981450080872,-0.7050715088844299
68,source,25,-0.230267733335495,-0.7344251275062561
68,source,26,-0.2286359965801239,-0.7038444876670837
68,source,27,-0.22949597239494324,-0.7073280215263367
68,source,28,-0.2194490134716034,-0.6793482303619385
68,source,29,-0.22831889986991882,-0.6957660913467407
68,source,30,-0.22167521715164185,-0.6802732944488525
68,source,31,-0.2107236087322235,-0.6709485650062561
68,source,32,-0.20874899625778198,-0.6577057242393494
68,source,33,-0.21296948194503784,-0.6824323534965515
68,source,34,-0.21206972002983093,-0.6880897283554077
68,source,35,-0.21676889061927795,-0.6933236122131348
68,source,36,-0.21142777800559998,-0.6951248645782471
68,source,37,-0.21870246529579163,-0.6988010406494141
68,source,38,-0.22311004996299744,-0.691957414150238
68,source,39,-0.22072643041610718,-0.6941601037979126
68,source,40,-0.21870186924934387,-0.6966334581375122
68,source,41,-0.2156406044960022,-0.7049362063407898
68,source,42,-0.21262073516845703,-0.6891953945159912
68,source,43,-0.20673030614852905,-0.6746295094490051
68,source,44,-0.21404236555099487,-0.6832056045532227
68,source,45,-0.21295785903930664,-0.6668415665626526
68,source,46,-0.21601176261901855,-0.6670864224433899
68,source,47,-0.21190738677978516,-0.673697292804718
68,source,48,-0.22642964124679565,-0.6809661984443665
68,source,49,-0.237612783908844,-0.6923378109931946
68,source,50,-0.23793992400169373,-0.6902615427970886
68,source,51,-0.22892901301383972,-0.6786499619483948
68,source,52,-0.22814223170280457,-0.6999487280845642
68,source,53,-0.23155751824378967,-0.6788311004638672
68,source,54,-0.2223534882068634,-0.6974496245384216
68,source,55,-0.2151777744293213,-0.6827303171157837
68,source,56,-0.2132887840270996,-0.6827425360679626
68,source,57,-0.21935385465621948,-0.6967393755912781
68,source,58,-0.2199062705039978,-0.7040926814079285
68,source,59,-0.2180020809173584,-0.7090953588485718
68,source,60,-0.22043144702911377,-0.7194478511810303
68,source,61,-0.22549837827682495,-0.7096155881881714
68,source,62,-0.22717633843421936,-0.7124227285385132
68,source,63,-0.21808794140815735,-0.7219956517219543
68,target,0,-0.2594152092933655,-0.6709592938423157
68,target,1,-0.31254857778549194,-0.8498861789703369
68,target,2,-0.2684132158756256,-0.8067553043365479
68,target,3,-0.27195632457733154,-0.7450358271598816
68,target,4,-0.24751707911491394,-0.7520180940628052
68,target,5,-0.33105209469795227,-0.9078549146652222
68,target,6,-0.2963421642780304,-0.8872999548912048
68,target,7,-0.25338712334632874,-0.7701829075813293
68,target,8,-0.2735438644886017,-0.8087100982666016
68,target,9,-0.2506289780139923,-0.717093288898468
68,target,10,-0.23614585399627686,-0.7684048414230347
68,target,11,-0.26239433884620667,-0.7823466062545776
68,target,12,-0.26466453075408936,-0.7430334687232971
68,target,13,-0.2268328070640564,-0.675940752029419
68,target,14,-0.24476724863052368,-0.7742932438850403
68,target,15,-0.2365218997001648,-0.7219796180725098
68,target,16,-0.24441927671432495,-0.7761256098747253
68,target,17,-0.2604808807373047,-0.8252037763595581
68,target,18,-0.2939456105232239,-0.8996660709381104
68,target,19,-0.25481024384498596,-0.8629741072654724
68,target,20,-0.30347180366516113,-0.9056800603866577
68,target,21,-0.2555524408817291,-0.8405666947364807
68,target,22,-0.27190762758255005,-0.7976839542388916
68,target,23,-0.24645891785621643,-0.7794893980026245
68,target,24,-0.24162158370018005,-0.819253146648407
68,target,25,-0.2442333698272705,-0.8168816566467285
68,target,26,-0.22055169939994812,-0.8276798129081726
68,target,27,-0.1754419505596161,-0.8073608875274658
68,target,28,-0.2068902552127838,-0.8011043071746826
68,target,29,-0.2550406754016876,-0.8086223006248474
68,target,30,-0.2082137167453766,-0.7566668391227722
68,target,31,-0.2607327401638031,-0.9038222432136536
68,target,32,-0.2794709801673889,-0.891187846660614
68,target,33,-0.2685929238796234,-0.7634574770927429
68,target,34,-0.24988022446632385,-0.7607961297035217
68,target,35,-0.2598753869533539,-0.7262305021286011
68,target,36,-0.24920940399169922,-0.8401011824607849
68,target,37,-0.2399393618106842,-0.732388436794281
68,target,38,-0.25699806213378906,-0.7777920365333557
68,target,39,-0.2389220893383026,-0.793146550655365
68,target,40,-0.26847192645072937,-0.7558699250221252
68,target,41,-0.2715795040130615,-0.768784761428833
68,target,42,-0.24125435948371887,-0.7530580759048462
68,target,43,-0.23426732420921326,-0.7227345705032349
68,target,44,-0.22875362634658813,-0.7208698987960815
68,target,45,-0.23076391220092773,-0.7424517869949341
68,target,46,-0.22626689076423645,-0.63531494140625
68,target,47,-0.2736343443393707,-0.6895888447761536
68,target,48,-0.272368460893631,-0.6752855777740479
68,target,49,-0.2260572910308838,-0.5698602199554443
68,target,50,-0.25037717819213867,-0.6797459721565247
68,target,51,-0.2647499740123749,-0.7860340476036072
68,target,52,-0.24886402487754822,-0.7505965828895569
68,target,53,-0.2843973934650421,-0.7832485437393188
68,target,54,-0.26218152046203613,-0.8038041591644287
68,target,55,-0.24748390913009644,-0.7093911170959473
68,target,56,-0.24899029731750488,-0.7568198442459106
68,target,57,-0.2528192698955536,-0.7558117508888245
68,target,58,-0.2499840259552002,-0.8312515020370483
68,target,59,-0.26475420594215393,-0.7480199337005615
68,target,60,-0.2828957438468933,-0.7560884952545166
68,target,61,-0.2707440257072449,-0.720564067363739
68,target,62,-0.2547908425331116,-0.6892183423042297
68,target,63,-0.26896700263023376,-0.6846117973327637
69,source,0,-0.19653651118278503,-0.6761506199836731
69,source,1,-0.19902092218399048,-0.6860134601593018
69,source,2,-0.20527788996696472,-0.6894322633743286
69,source,3,-0.21376240253448486,-0.6795108318328857
69,source,4,-0.21291548013687134,-0.6662865877151489
69,source,5,-0.21408462524414062,-0.6783955693244934
69,source,6,-0.21476465463638306,-0.6717385053634644
69,source,7,-0.2088991403579712,-0.6855407953262329
69,source,8,-0.22387224435806274,-0.6916423439979553
69,source,9,-0.22346049547195435,-0.6816111207008362
69,source,10,-0.21853455901145935,-0.6744199991226196
69,source,11,-0.21576428413391113,-0.6704759001731873
69,source,12,-0.2181340754032135,-0.7028475403785706
69,source,13,-0.20542004704475403,-0.6920412182807922
69,source,14,-0.21411356329917908,-0.7042475938796997
69,source,15,-0.21073633432388306,-0.6854069828987122
69,source,16,-0.20878493785858154,-0.69681316614151
69,source,17,-0.21077385544776917,-0.7044500708580017
69,source,18,-0.21162578463554382,-0.6954091787338257
69,source,19,-0.20851978659629822,-0.6934686899185181
69,source,20,-0.21013551950454712,-0.694868803024292
69,source,21,-0.21890750527381897,-0.7089570760726929
69,source,22,-0.23196637630462646,-0.7066406011581421
69,source,23,-0.234500914812088,-0.7046487927436829
69,source,24,-0.23796138167381287,-0.7031158804893494
69,source,25,-0.2300383448600769,-0.7357729077339172
69,source,26,-0.22936049103736877,-0.7054988145828247
69,source,27,-0.2329348921775818,-0.7130756378173828
69,source,28,-0.2176644206047058,-0.6930505037307739
69,source,29,-0.22631293535232544,-0.6996018886566162
69,source,30,-0.21637019515037537,-0.6861499547958374
69,source,31,-0.20109719038009644,-0.672824501991272
69,source,32,-0.1995827853679657,-0.6613703370094299
69,source,33,-0.2094336748123169,-0.6866955161094666
69,source,34,-0.20613932609558105,-0.6964543461799622
69,source,35,-0.21203652024269104,-0.7012364864349365
69,source,36,-0.20516347885131836,-0.7074313163757324
69,source,37,-0.21090295910835266,-0.7088823914527893
69,source,38,-0.2143424153327942,-0.7019035220146179
69,source,39,-0.2139139175415039,-0.7037177085876465
69,source,40,-0.21574121713638306,-0.7041243314743042
69,source,41,-0.20693790912628174,-0.7115967869758606
69,source,42,-0.20518067479133606,-0.6982899904251099
69,source,43,-0.20378977060317993,-0.6778343915939331
69,source,44,-0.20864835381507874,-0.691515326499939
69,source,45,-0.2086300551891327,-0.6769471764564514
69,source,46,-0.20540252327919006,-0.6729991436004639
69,source,47,-0.20472201704978943,-0.6801175475120544
69,source,48,-0.2152951955795288,-0.6856296062469482
69,source,49,-0.22717535495758057,-0.6876086592674255
69,source,50,-0.2271493673324585,-0.6963368058204651
69,source,51,-0.22170433402061462,-0.6773015856742859
69,source,52,-0.2175135314464569,-0.7048963308334351
69,source,53,-0.22040539979934692,-0.6850102543830872
69,source,54,-0.21256718039512634,-0.6993870735168457
69,source,55,-0.20626619458198547,-0.6906012892723083
69,source,56,-0.20927029848098755,-0.6881719827651978
69,source,57,-0.20995870232582092,-0.700441300868988
69,source,58,-0.21068701148033142,-0.7096176743507385
69,source,59,-0.2108062505722046,-0.7081300020217896
69,source,60,-0.2144058644771576,-0.7232265472412109
69,source,61,-0.22043094038963318,-0.7081174850463867
69,source,62,-0.22458618879318237,-0.7178167104721069
69,source,63,-0.22023794054985046,-0.7289491891860962
69,target,0,-0.25922584533691406,-0.6806337833404541
69,target,1,-0.3145563006401062,-0.8641185760498047
69,target,2,-0.26503902673721313,-0.8190566897392273
69,target,3,-0.25649452209472656,-0.755042552947998
69,target,4,-0.24496561288833618,-0.7880898118019104
69,target,5,-0.33487018942832947,-0.9447705745697021
69,target,6,-0.2867903411388397,-0.9278478026390076
69,target,7,-0.24679404497146606,-0.7860150337219238
69,target,8,-0.2637656331062317,-0.8157880902290344
69,target,9,-0.23708266019821167,-0.7306933403015137
69,target,10,-0.2214500606060028,-0.7682148814201355
69,target,11,-0.2569975256919861,-0.7929165363311768
69,target,12,-0.2454853653907776,-0.7550038695335388
69,target,13,-0.2308913767337799,-0.6732166409492493
69,target,14,-0.24384140968322754,-0.79963219165802
69,target,15,-0.23931735754013062,-0.7396271228790283
69,target,16,-0.24295416474342346,-0.7960362434387207
69,target,17,-0.25417086482048035,-0.8470324873924255
69,target,18,-0.29050323367118835,-0.944844663143158
69,target,19,-0.24538061022758484,-0.8816481828689575
69,target,20,-0.30138346552848816,-0.9425411820411682
69,target,21,-0.2525745630264282,-0.868741512298584
69,target,22,-0.2650662660598755,-0.8201090693473816
69,target,23,-0.24131718277931213,-0.7942315340042114
69,target,24,-0.24007931351661682,-0.8440026044845581
69,target,25,-0.24137601256370544,-0.8399228453636169
69,target,26,-0.21206095814704895,-0.8565340638160706
69,target,27,-0.17955002188682556,-0.8470364809036255
69,target,28,-0.19972312450408936,-0.8101441264152527
69,target,29,-0.2480500042438507,-0.8402048945426941
69,target,30,-0.20326468348503113,-0.791986882686615
69,target,31,-0.2560090720653534,-0.9481246471405029
69,target,32,-0.278790146112442,-0.9300909638404846
69,target,33,-0.25446003675460815,-0.7862793803215027
69,target,34,-0.2378862500190735,-0.7951595783233643
69,target,35,-0.2433149814605713,-0.7346678376197815
69,target,36,-0.2456659972667694,-0.8614338040351868
69,target,37,-0.23155999183654785,-0.7468156814575195
69,target,38,-0.25271305441856384,-0.7975294589996338
69,target,39,-0.22369015216827393,-0.8215691447257996
69,target,40,-0.2658706307411194,-0.7686329483985901
69,target,41,-0.26718971133232117,-0.7835404276847839
69,target,42,-0.234491765499115,-0.7713778018951416
69,target,43,-0.22568339109420776,-0.7267974615097046
69,target,44,-0.22093454003334045,-0.7335847020149231
69,target,45,-0.22114524245262146,-0.746962308883667
69,target,46,-0.21477487683296204,-0.6350783705711365
69,target,47,-0.26695477962493896,-0.6938658952713013
69,target,48,-0.26340800523757935,-0.6802480816841125
69,target,49,-0.21286392211914062,-0.5631256103515625
69,target,50,-0.25198274850845337,-0.7051334977149963
69,target,51,-0.2550593316555023,-0.8175672888755798
69,target,52,-0.2419765293598175,-0.7763575911521912
69,target,53,-0.2702266275882721,-0.8038898706436157
69,target,54,-0.2662561237812042,-0.8252097368240356
69,target,55,-0.2396937608718872,-0.7381473779678345
69,target,56,-0.22539997100830078,-0.7867556810379028
69,target,57,-0.2414037585258484,-0.7667744159698486
69,target,58,-0.22544622421264648,-0.8565395474433899
69,target,59,-0.2470238208770752,-0.7676042914390564
69,target,60,-0.2729445993900299,-0.7638393044471741
69,target,61,-0.2637588381767273,-0.7304109930992126
69,target,62,-0.23635777831077576,-0.7026649117469788
69,target,63,-0.24692252278327942,-0.6918429136276245
70,source,0,-0.35886457562446594,-0.6858147978782654
70,source,1,-0.3659040331840515,-0.6920813322067261
70,source,2,-0.3694617748260498,-0.698209822177887
70,source,3,-0.37757688760757446,-0.6832769513130188
70,source,4,-0.3835196793079376,-0.6725329160690308
70,source,5,-0.3681168556213379,-0.6865060925483704
70,source,6,-0.3720027208328247,-0.6801369190216064
70,source,7,-0.36677879095077515,-0.7011277675628662
70,source,8,-0.38840824365615845,-0.7157360911369324
70,source,9,-0.387204110622406,-0.697788417339325
70,source,10,-0.3862823247909546,-0.6928533315658569
70,source,11,-0.38492992520332336,-0.6870701313018799
70,source,12,-0.3767533004283905,-0.7419053912162781
70,source,13,-0.3813115060329437,-0.719475269317627
70,source,14,-0.38887524604797363,-0.7322776913642883
70,source,15,-0.39003458619117737,-0.7084794044494629
70,source,16,-0.39393359422683716,-0.7222703695297241
70,source,17,-0.4087427258491516,-0.7237057685852051
70,source,18,-0.40310513973236084,-0.7121636271476746
70,source,19,-0.4001978039741516,-0.7039020657539368
70,source,20,-0.39697617292404175,-0.720065176486969
70,source,21,-0.40905997157096863,-0.7273810505867004
70,source,22,-0.4225400984287262,-0.7410316467285156
70,source,23,-0.4228460192680359,-0.7438488602638245
70,source,24,-0.42712217569351196,-0.7484862804412842
70,source,25,-0.3954200744628906,-0.7923353910446167
70,source,26,-0.405255526304245,-0.7424907684326172
70,source,27,-0.4119776487350464,-0.7415897250175476
70,source,28,-0.4013100266456604,-0.7148597836494446
70,source,29,-0.39645299315452576,-0.7161847949028015
70,source,30,-0.38944751024246216,-0.6891906261444092
70,source,31,-0.3771973252296448,-0.6788027286529541
70,source,32,-0.37744441628456116,-0.6648361086845398
70,source,33,-0.37916505336761475,-0.696575403213501
70,source,34,-0.3720972537994385,-0.7028995156288147
70,source,35,-0.3805718719959259,-0.6946145296096802
70,source,36,-0.37790900468826294,-0.706290066242218
70,source,37,-0.37857717275619507,-0.7059016227722168
70,source,38,-0.3769798278808594,-0.696536660194397
70,source,39,-0.37483879923820496,-0.7016489505767822
70,source,40,-0.3683711290359497,-0.7073686122894287
70,source,41,-0.3697030544281006,-0.7182155251502991
70,source,42,-0.36317601799964905,-0.702721357345581
70,source,43,-0.3615705966949463,-0.6753114461898804
70,source,44,-0.3728121221065521,-0.6876028180122375
70,source,45,-0.3727520704269409,-0.6714613437652588
70,source,46,-0.3770255148410797,-0.6726595163345337
70,source,47,-0.3797292411327362,-0.6905152797698975
70,source,48,-0.37346795201301575,-0.6838714480400085
70,source,49,-0.39460489153862,-0.6859009265899658
70,source,50,-0.38484519720077515,-0.7036198377609253
70,source,51,-0.3827107846736908,-0.680810272693634
70,source,52,-0.3671323359012604,-0.6965022087097168
70,source,53,-0.37784168124198914,-0.6722689270973206
70,source,54,-0.3635927736759186,-0.6938771605491638
70,source,55,-0.36496734619140625,-0.6950221061706543
70,source,56,-0.37199926376342773,-0.695295512676239
70,source,57,-0.38182532787323,-0.704552948474884
70,source,58,-0.37887081503868103,-0.7127401828765869
70,source,59,-0.37411731481552124,-0.7085579037666321
70,source,60,-0.3837130665779114,-0.7317936420440674
70,source,61,-0.3929564654827118,-0.7187910079956055
70,source,62,-0.39967525005340576,-0.7425953149795532
70,source,63,-0.39706724882125854,-0.7655830979347229
70,target,0,-0.4565427303314209,-0.6989392638206482
70,target,1,-0.5959563851356506,-0.9143110513687134
70,target,2,-0.4814385771751404,-0.854143500328064
70,target,3,-0.4465455412864685,-0.7870433926582336
70,target,4,-0.4163864850997925,-0.814252495765686
70,target,5,-0.5340323448181152,-0.9742019772529602
70,target,6,-0.46082109212875366,-0.955211341381073
70,target,7,-0.4563913643360138,-0.8620025515556335
70,target,8,-0.47016334533691406,-0.9113445281982422
70,target,9,-0.42279431223869324,-0.7696304321289062
70,target,10,-0.41282743215560913,-0.8177995085716248
70,target,11,-0.45945921540260315,-0.84850013256073
70,target,12,-0.4366614818572998,-0.8430660367012024
70,target,13,-0.4504335820674896,-0.7460830211639404
70,target,14,-0.44471946358680725,-0.8635103106498718
70,target,15,-0.4293144941329956,-0.7745077610015869
70,target,16,-0.4384191036224365,-0.8697124719619751
70,target,17,-0.45612990856170654,-0.8947968482971191
70,target,18,-0.4471929669380188,-0.9663331508636475
70,target,19,-0.4601559340953827,-0.9515829086303711
70,target,20,-0.5179504752159119,-0.9721073508262634
70,target,21,-0.4513400197029114,-0.9148975014686584
70,target,22,-0.4718858301639557,-0.8664838075637817
70,target,23,-0.43723630905151367,-0.8226082921028137
70,target,24,-0.4654783606529236,-0.9038887619972229
70,target,25,-0.4573485851287842,-0.8684759140014648
70,target,26,-0.41774946451187134,-0.9120951294898987
70,target,27,-0.4296115040779114,-0.8976691365242004
70,target,28,-0.3907981514930725,-0.8308364152908325
70,target,29,-0.4231444299221039,-0.8849486708641052
70,target,30,-0.37833327054977417,-0.82131427526474
70,target,31,-0.4097217321395874,-1.0154973268508911
70,target,32,-0.4343472123146057,-0.9686247110366821
70,target,33,-0.3992795944213867,-0.7896789908409119
70,target,34,-0.41402092576026917,-0.8186665177345276
70,target,35,-0.41987836360931396,-0.7460665106773376
70,target,36,-0.4222935438156128,-0.9075921177864075
70,target,37,-0.4155353307723999,-0.7553044557571411
70,target,38,-0.43330466747283936,-0.8480826616287231
70,target,39,-0.3982465863227844,-0.8191832900047302
70,target,40,-0.4717063307762146,-0.7724817395210266
70,target,41,-0.4851800203323364,-0.828316867351532
70,target,42,-0.4046170115470886,-0.7929310202598572
70,target,43,-0.41300487518310547,-0.741949200630188
70,target,44,-0.4023464322090149,-0.7554936408996582
70,target,45,-0.41719144582748413,-0.7876968383789062
70,target,46,-0.431127667427063,-0.6346947550773621
70,target,47,-0.47717559337615967,-0.7345751523971558
70,target,48,-0.4594257175922394,-0.7083682417869568
70,target,49,-0.45746058225631714,-0.5937862396240234
70,target,50,-0.4863148629665375,-0.7543039321899414
70,target,51,-0.45891234278678894,-0.8592603206634521
70,target,52,-0.4236144423484802,-0.8296147584915161
70,target,53,-0.47296884655952454,-0.8548537492752075
70,target,54,-0.4616924226284027,-0.8587424755096436
70,target,55,-0.44099509716033936,-0.7944727540016174
70,target,56,-0.42568108439445496,-0.8412113785743713
70,target,57,-0.4170737862586975,-0.8168548345565796
70,target,58,-0.39863747358322144,-0.9110850691795349
70,target,59,-0.42343366146087646,-0.8083460330963135
70,target,60,-0.4460875391960144,-0.7944132089614868
70,target,61,-0.4228895902633667,-0.7561469078063965
70,target,62,-0.3968227505683899,-0.7089496850967407
70,target,63,-0.4296491742134094,-0.7124783992767334
71,source,0,-0.14113539457321167,-0.6433929204940796
71,source,1,-0.13328242301940918,-0.6362736821174622
71,source,2,-0.142181396484375,-0.643838107585907
71,source,3,-0.1582077443599701,-0.6325235962867737
71,source,4,-0.16403919458389282,-0.623046875
71,source,5,-0.15529859066009521,-0.6437516212463379
71,source,6,-0.1674371063709259,-0.6574891805648804
71,source,7,-0.14771202206611633,-0.6573672890663147
71,source,8,-0.17855876684188843,-0.6595649719238281
71,source,9,-0.16744527220726013,-0.6408657431602478
71,source,10,-0.15600168704986572,-0.6426396369934082
71,source,11,-0.16052654385566711,-0.6365382671356201
71,source,12,-0.13600075244903564,-0.6787089705467224
71,source,13,-0.13396501541137695,-0.642876923084259
71,source,14,-0.15302011370658875,-0.6591094732284546
71,source,15,-0.16187980771064758,-0.6401530504226685
71,source,16,-0.15956473350524902,-0.651491105556488
71,source,17,-0.1771489679813385,-0.6511350274085999
71,source,18,-0.16900202631950378,-0.6378224492073059
71,source,19,-0.15061652660369873,-0.622552216053009
71,source,20,-0.1708916425704956,-0.634879469871521
71,source,21,-0.18595680594444275,-0.6444936394691467
71,source,22,-0.2040993869304657,-0.6639476418495178
71,source,23,-0.20646759867668152,-0.6647801995277405
71,source,24,-0.20659857988357544,-0.6775275468826294
71,source,25,-0.18093544244766235,-0.7255143523216248
71,source,26,-0.17495319247245789,-0.6808326840400696
71,source,27,-0.18193456530570984,-0.6808138489723206
71,source,28,-0.16135740280151367,-0.6514793634414673
71,source,29,-0.16931065917015076,-0.6433640718460083
71,source,30,-0.15413567423820496,-0.6100093722343445
71,source,31,-0.14744892716407776,-0.6136199831962585
71,source,32,-0.15714266896247864,-0.5975966453552246
71,source,33,-0.15182164311408997,-0.630804181098938
71,source,34,-0.15037348866462708,-0.6308335661888123
71,source,35,-0.16605859994888306,-0.6489812731742859
71,source,36,-0.16359692811965942,-0.6594678163528442
71,source,37,-0.16209280490875244,-0.6550887227058411
71,source,38,-0.16079631447792053,-0.6555884480476379
71,source,39,-0.15276363492012024,-0.6671616435050964
71,source,40,-0.151856929063797,-0.6658762097358704
71,source,41,-0.1383165717124939,-0.6712002158164978
71,source,42,-0.1353769302368164,-0.6540558934211731
71,source,43,-0.13601595163345337,-0.6225759387016296
71,source,44,-0.15030398964881897,-0.6397119164466858
71,source,45,-0.15924981236457825,-0.6221290230751038
71,source,46,-0.17021876573562622,-0.6189818382263184
71,source,47,-0.16125157475471497,-0.6399795413017273
71,source,48,-0.16465657949447632,-0.6387799978256226
71,source,49,-0.1782970428466797,-0.6511179804801941
71,source,50,-0.1759244203567505,-0.658267080783844
71,source,51,-0.17492562532424927,-0.6351184248924255
71,source,52,-0.15643030405044556,-0.657398521900177
71,source,53,-0.1625329852104187,-0.6331250667572021
71,source,54,-0.14175188541412354,-0.6600580215454102
71,source,55,-0.13140612840652466,-0.6455051898956299
71,source,56,-0.14424186944961548,-0.6447943449020386
71,source,57,-0.1507372260093689,-0.6533788442611694
71,source,58,-0.16016042232513428,-0.667899489402771
71,source,59,-0.14497530460357666,-0.6521105766296387
71,source,60,-0.13610625267028809,-0.6700541973114014
71,source,61,-0.14462196826934814,-0.658827543258667
71,source,62,-0.1542651355266571,-0.6699695587158203
71,source,63,-0.160161554813385,-0.6986408233642578
71,target,0,-0.25457829236984253,-0.6718417406082153
71,target,1,-0.41495177149772644,-0.8937140107154846
71,target,2,-0.2438201606273651,-0.7905542850494385
71,target,3,-0.2178843915462494,-0.7380570769309998
71,target,4,-0.16964560747146606,-0.7658398747444153
71,target,5,-0.35771751403808594,-0.93295818567276
71,target,6,-0.27364110946655273,-0.9132387042045593
71,target,7,-0.2148076891899109,-0.794060230255127
71,target,8,-0.22349202632904053,-0.8230757713317871
71,target,9,-0.18095847964286804,-0.7386472225189209
71,target,10,-0.21112284064292908,-0.7925360798835754
71,target,11,-0.25116151571273804,-0.8229532837867737
71,target,12,-0.22708985209465027,-0.8051048517227173
71,target,13,-0.21028077602386475,-0.6859162449836731
71,target,14,-0.19296583533287048,-0.7789766788482666
71,target,15,-0.14150238037109375,-0.6946586966514587
71,target,16,-0.20149964094161987,-0.7989174723625183
71,target,17,-0.24962487816810608,-0.8622285723686218
71,target,18,-0.2853931188583374,-0.9889248609542847
71,target,19,-0.21597906947135925,-0.8918564319610596
71,target,20,-0.33573076128959656,-0.9728567004203796
71,target,21,-0.21045124530792236,-0.8749514222145081
71,target,22,-0.2634185552597046,-0.8540889024734497
71,target,23,-0.20713189244270325,-0.7820054888725281
71,target,24,-0.2423064410686493,-0.8523961305618286
71,target,25,-0.21476194262504578,-0.8395214676856995
71,target,26,-0.19452163577079773,-0.8454219102859497
71,target,27,-0.18783888220787048,-0.8314768075942993
71,target,28,-0.1432017683982849,-0.7555122375488281
71,target,29,-0.19706350564956665,-0.8411648869514465
71,target,30,-0.1314774751663208,-0.7617838978767395
71,target,31,-0.22633680701255798,-0.9796015620231628
71,target,32,-0.22431844472885132,-0.9348214864730835
71,target,33,-0.15247014164924622,-0.761618971824646
71,target,34,-0.16168087720870972,-0.7758588790893555
71,target,35,-0.17083272337913513,-0.7032476663589478
71,target,36,-0.1690426468849182,-0.8527598977088928
71,target,37,-0.18061700463294983,-0.6974894404411316
71,target,38,-0.190731942653656,-0.7968463897705078
71,target,39,-0.1731947362422943,-0.7750184535980225
71,target,40,-0.25452616810798645,-0.7580658793449402
71,target,41,-0.27548089623451233,-0.7899901270866394
71,target,42,-0.16387152671813965,-0.7283663749694824
71,target,43,-0.18595871329307556,-0.68877112865448
71,target,44,-0.20734870433807373,-0.6677842140197754
71,target,45,-0.19464805722236633,-0.722395122051239
71,target,46,-0.2516001760959625,-0.5821411609649658
71,target,47,-0.2947619557380676,-0.7018104195594788
71,target,48,-0.2973227798938751,-0.6662589311599731
71,target,49,-0.2915072739124298,-0.548620343208313
71,target,50,-0.26690930128097534,-0.7055216431617737
71,target,51,-0.20475253462791443,-0.8041567206382751
71,target,52,-0.2083423137664795,-0.7897422313690186
71,target,53,-0.24660247564315796,-0.829049289226532
71,target,54,-0.25267040729522705,-0.8165837526321411
71,target,55,-0.26226043701171875,-0.7444413900375366
71,target,56,-0.2520550489425659,-0.7952946424484253
71,target,57,-0.1993255615234375,-0.7686550617218018
71,target,58,-0.20807680487632751,-0.8703160285949707
71,target,59,-0.22022897005081177,-0.7561609745025635
71,target,60,-0.2456144392490387,-0.7478562593460083
71,target,61,-0.20957282185554504,-0.7145777940750122
71,target,62,-0.17453846335411072,-0.6596019268035889
71,target,63,-0.2500137984752655,-0.6707882285118103
72,source,0,-0.21699285507202148,-0.6501379013061523
72,source,1,-0.21748077869415283,-0.6601083874702454
72,source,2,-0.21967756748199463,-0.6596254110336304
72,source,3,-0.23227661848068237,-0.6542186141014099
72,source,4,-0.23415058851242065,-0.642520546913147
72,source,5,-0.231248140335083,-0.6502231359481812
72,source,6,-0.24542590975761414,-0.6628170609474182
72,source,7,-0.2276971936225891,-0.6576308608055115
72,source,8,-0.245412677526474,-0.6619539260864258
72,source,9,-0.24331489205360413,-0.6478376388549805
72,source,10,-0.23711749911308289,-0.6467337608337402
72,source,11,-0.2278018295764923,-0.6466445326805115
72,source,12,-0.21316677331924438,-0.6707670092582703
72,source,13,-0.2169749140739441,-0.6592782139778137
72,source,14,-0.22702983021736145,-0.6667723059654236
72,source,15,-0.239100843667984,-0.6509295701980591
72,source,16,-0.23237931728363037,-0.6541481018066406
72,source,17,-0.23166429996490479,-0.6517943143844604
72,source,18,-0.23447126150131226,-0.6474488973617554
72,source,19,-0.23170936107635498,-0.6432905197143555
72,source,20,-0.2332305610179901,-0.6541808843612671
72,source,21,-0.24357429146766663,-0.6518733501434326
72,source,22,-0.26273050904273987,-0.6539847254753113
72,source,23,-0.2567816376686096,-0.665669322013855
72,source,24,-0.2670349180698395,-0.6813021302223206
72,source,25,-0.23546594381332397,-0.7045196890830994
72,source,26,-0.2270849645137787,-0.6555272340774536
72,source,27,-0.23866426944732666,-0.6572898030281067
72,source,28,-0.22822967171669006,-0.6437901854515076
72,source,29,-0.23638543486595154,-0.6475879549980164
72,source,30,-0.22825241088867188,-0.6277139186859131
72,source,31,-0.2224961519241333,-0.6303902864456177
72,source,32,-0.2216271460056305,-0.6163498163223267
72,source,33,-0.21857652068138123,-0.6430938839912415
72,source,34,-0.217881977558136,-0.6460614800453186
72,source,35,-0.23153766989707947,-0.6610549688339233
72,source,36,-0.22399088740348816,-0.6685988903045654
72,source,37,-0.22664129734039307,-0.6677214503288269
72,source,38,-0.23390141129493713,-0.6724209189414978
72,source,39,-0.23584282398223877,-0.6739134788513184
72,source,40,-0.22684839367866516,-0.6659514307975769
72,source,41,-0.2235073447227478,-0.6686351895332336
72,source,42,-0.22521963715553284,-0.6592468023300171
72,source,43,-0.22152915596961975,-0.6321194171905518
72,source,44,-0.22205862402915955,-0.6458571553230286
72,source,45,-0.22842293977737427,-0.633460521697998
72,source,46,-0.23268184065818787,-0.6321700215339661
72,source,47,-0.23299381136894226,-0.6480762362480164
72,source,48,-0.23587337136268616,-0.6498807668685913
72,source,49,-0.24074876308441162,-0.6642153859138489
72,source,50,-0.23833352327346802,-0.6678705811500549
72,source,51,-0.23535871505737305,-0.6492363214492798
72,source,52,-0.23290854692459106,-0.6656537055969238
72,source,53,-0.2413421869277954,-0.6484776139259338
72,source,54,-0.22600248456001282,-0.6664890646934509
72,source,55,-0.2131715714931488,-0.6617364883422852
72,source,56,-0.22180569171905518,-0.6586349010467529
72,source,57,-0.22756770253181458,-0.6767614483833313
72,source,58,-0.23294681310653687,-0.6865364909172058
72,source,59,-0.22457170486450195,-0.6686169505119324
72,source,60,-0.22361943125724792,-0.6737971901893616
72,source,61,-0.22077947854995728,-0.6645195484161377
72,source,62,-0.22850844264030457,-0.672020435333252
72,source,63,-0.2242998480796814,-0.688934862613678
72,target,0,-0.29717448353767395,-0.6630295515060425
72,target,1,-0.4001283049583435,-0.85905522108078
72,target,2,-0.29593509435653687,-0.7779002785682678
72,target,3,-0.2963320016860962,-0.723600447177887
72,target,4,-0.2643156945705414,-0.7544081211090088
72,target,5,-0.3827064633369446,-0.9282210469245911
72,target,6,-0.345801442861557,-0.907497227191925
72,target,7,-0.26048415899276733,-0.7862170934677124
72,target,8,-0.2738213539123535,-0.8250797390937805
72,target,9,-0.2646387815475464,-0.7163490056991577
72,target,10,-0.26370009779930115,-0.7698490023612976
72,target,11,-0.2931423485279083,-0.7889088988304138
72,target,12,-0.2958564758300781,-0.7687561511993408
72,target,13,-0.28407567739486694,-0.7012584805488586
72,target,14,-0.27487680315971375,-0.7830743789672852
72,target,15,-0.2454100251197815,-0.7259714603424072
72,target,16,-0.2623459994792938,-0.7816718816757202
72,target,17,-0.2686105966567993,-0.8175408840179443
72,target,18,-0.34470850229263306,-0.8941847681999207
72,target,19,-0.2543427050113678,-0.8527392148971558
72,target,20,-0.3386123478412628,-0.9271664619445801
72,target,21,-0.27181684970855713,-0.8614816665649414
72,target,22,-0.2898847460746765,-0.8120508790016174
72,target,23,-0.2597542107105255,-0.7737957835197449
72,target,24,-0.27152934670448303,-0.8309221863746643
72,target,25,-0.258136123418808,-0.8071032166481018
72,target,26,-0.21947595477104187,-0.7972829937934875
72,target,27,-0.2034001648426056,-0.8093189597129822
72,target,28,-0.20857685804367065,-0.7715699076652527
72,target,29,-0.2673884630203247,-0.8068224787712097
72,target,30,-0.23628976941108704,-0.7716330885887146
72,target,31,-0.30193474888801575,-0.9326524138450623
72,target,32,-0.3054327964782715,-0.868346095085144
72,target,33,-0.280498206615448,-0.7691152095794678
72,target,34,-0.26948806643486023,-0.7580475807189941
72,target,35,-0.2613659203052521,-0.70647794008255
72,target,36,-0.2653026580810547,-0.8327839374542236
72,target,37,-0.2603391706943512,-0.6902540922164917
72,target,38,-0.2882342040538788,-0.7703598737716675
72,target,39,-0.27585482597351074,-0.7648760080337524
72,target,40,-0.2802625298500061,-0.7245426177978516
72,target,41,-0.268536776304245,-0.7564490437507629
72,target,42,-0.23714777827262878,-0.730843186378479
72,target,43,-0.2478426992893219,-0.6861425042152405
72,target,44,-0.24615538120269775,-0.6604596972465515
72,target,45,-0.2392507791519165,-0.703607439994812
72,target,46,-0.28642091155052185,-0.5854264497756958
72,target,47,-0.35151752829551697,-0.7092380523681641
72,target,48,-0.32908204197883606,-0.6517136693000793
72,target,49,-0.3127666413784027,-0.5207953453063965
72,target,50,-0.26837173104286194,-0.6801522374153137
72,target,51,-0.3010502755641937,-0.7909465432167053
72,target,52,-0.2703503966331482,-0.7641695737838745
72,target,53,-0.34054046869277954,-0.799069881439209
72,target,54,-0.30574333667755127,-0.7958800792694092
72,target,55,-0.3093012869358063,-0.7375491261482239
72,target,56,-0.30078405141830444,-0.774628221988678
72,target,57,-0.28608614206314087,-0.7496103048324585
72,target,58,-0.26632747054100037,-0.8314996957778931
72,target,59,-0.3073789179325104,-0.7298374772071838
72,target,60,-0.3231208026409149,-0.7336286902427673
72,target,61,-0.30747008323669434,-0.7090350985527039
72,target,62,-0.2805207371711731,-0.6732255816459656
72,target,63,-0.3337167501449585,-0.666339635848999
73,source,0,-0.263242244720459,-0.7165948152542114
73,source,1,-0.2702394723892212,-0.7214208245277405
73,source,2,-0.27341702580451965,-0.7222484350204468
73,source,3,-0.28072118759155273,-0.7110249996185303
73,source,4,-0.2823108732700348,-0.6998416185379028
73,source,5,-0.2823638916015625,-0.7079547047615051
73,source,6,-0.2917529344558716,-0.7142737507820129
73,source,7,-0.2754262387752533,-0.7108896970748901
73,source,8,-0.29355281591415405,-0.7111207842826843
73,source,9,-0.28299516439437866,-0.7039644122123718
73,source,10,-0.279575377702713,-0.7012538313865662
73,source,11,-0.27420327067375183,-0.703929603099823
73,source,12,-0.26248887181282043,-0.725943386554718
73,source,13,-0.2713138461112976,-0.7246651649475098
73,source,14,-0.28062382340431213,-0.7264152765274048
73,source,15,-0.29235318303108215,-0.7112798094749451
73,source,16,-0.28153887391090393,-0.71615070104599
73,source,17,-0.2880342900753021,-0.7162986397743225
73,source,18,-0.2874505817890167,-0.7185819149017334
73,source,19,-0.28488296270370483,-0.7109270095825195
73,source,20,-0.284258097410202,-0.7210434079170227
73,source,21,-0.2955813705921173,-0.7214840650558472
73,source,22,-0.3137817084789276,-0.716080367565155
73,source,23,-0.3081056773662567,-0.7216868996620178
73,source,24,-0.3165226876735687,-0.7345238924026489
73,source,25,-0.2837037146091461,-0.7545070648193359
73,source,26,-0.28055718541145325,-0.716097891330719
73,source,27,-0.28947240114212036,-0.7190479636192322
73,source,28,-0.27842265367507935,-0.7141939997673035
73,source,29,-0.2895042896270752,-0.7131559252738953
73,source,30,-0.2816585898399353,-0.7002228498458862
73,source,31,-0.27152910828590393,-0.6997131109237671
73,source,32,-0.27470633387565613,-0.689551591873169
73,source,33,-0.27533379197120667,-0.7056055068969727
73,source,34,-0.2701916992664337,-0.7126632332801819
73,source,35,-0.2800016701221466,-0.7134267687797546
73,source,36,-0.27604132890701294,-0.7154214382171631
73,source,37,-0.27980470657348633,-0.7173990607261658
73,source,38,-0.28780704736709595,-0.7214008569717407
73,source,39,-0.2921580672264099,-0.7216477394104004
73,source,40,-0.2798154950141907,-0.7186120748519897
73,source,41,-0.28017717599868774,-0.7215431332588196
73,source,42,-0.2774095833301544,-0.7101991176605225
73,source,43,-0.27767443656921387,-0.6919469833374023
73,source,44,-0.2759534418582916,-0.7047060132026672
73,source,45,-0.2837923467159271,-0.694506824016571
73,source,46,-0.2853834331035614,-0.6939302682876587
73,source,47,-0.2812957465648651,-0.7020632028579712
73,source,48,-0.28470462560653687,-0.7030189037322998
73,source,49,-0.29211321473121643,-0.7150614857673645
73,source,50,-0.28727588057518005,-0.7155076265335083
73,source,51,-0.28908681869506836,-0.7100530862808228
73,source,52,-0.2806429862976074,-0.7196078300476074
73,source,53,-0.2944601774215698,-0.7073878645896912
73,source,54,-0.27170392870903015,-0.7162392139434814
73,source,55,-0.2671933174133301,-0.7080976963043213
73,source,56,-0.275966078042984,-0.7126304507255554
73,source,57,-0.2751655876636505,-0.726750373840332
73,source,58,-0.2829255163669586,-0.7351381778717041
73,source,59,-0.27304160594940186,-0.7280636429786682
73,source,60,-0.27638164162635803,-0.731282114982605
73,source,61,-0.27275747060775757,-0.7229310274124146
73,source,62,-0.2823496460914612,-0.7298765182495117
73,source,63,-0.2801051735877991,-0.7496458292007446
73,target,0,-0.357618510723114,-0.7312292456626892
73,target,1,-0.42001768946647644,-0.892451286315918
73,target,2,-0.32571783661842346,-0.8102390170097351
73,target,3,-0.33567336201667786,-0.7816832065582275
73,target,4,-0.3031632900238037,-0.8054221272468567
73,target,5,-0.4468008875846863,-0.9664652347564697
73,target,6,-0.3992987275123596,-0.937298595905304
73,target,7,-0.31049400568008423,-0.8227351307868958
73,target,8,-0.3128920793533325,-0.834176242351532
73,target,9,-0.31452956795692444,-0.7789626121520996
73,target,10,-0.29876643419265747,-0.8372108340263367
73,target,11,-0.33661770820617676,-0.8344566822052002
73,target,12,-0.33556824922561646,-0.8081643581390381
73,target,13,-0.315971702337265,-0.7617661356925964
73,target,14,-0.31651991605758667,-0.8227654695510864
73,target,15,-0.30057552456855774,-0.7897936701774597
73,target,16,-0.298188179731369,-0.8129265904426575
73,target,17,-0.31525370478630066,-0.8623521327972412
73,target,18,-0.41471850872039795,-0.9472711682319641
73,target,19,-0.3236533999443054,-0.8929735422134399
73,target,20,-0.39830100536346436,-0.9679545760154724
73,target,21,-0.3180559277534485,-0.88028883934021
73,target,22,-0.3444647789001465,-0.8626235127449036
73,target,23,-0.3080922067165375,-0.8221484422683716
73,target,24,-0.3281201422214508,-0.8703888058662415
73,target,25,-0.29379117488861084,-0.8483134508132935
73,target,26,-0.2521246075630188,-0.840511679649353
73,target,27,-0.24436816573143005,-0.8527642488479614
73,target,28,-0.2356339693069458,-0.8072394132614136
73,target,29,-0.3267644941806793,-0.8497469425201416
73,target,30,-0.28216609358787537,-0.8136440515518188
73,target,31,-0.3599265515804291,-0.9471818804740906
73,target,32,-0.37373828887939453,-0.9078770875930786
73,target,33,-0.33143582940101624,-0.812925398349762
73,target,34,-0.31865718960762024,-0.7912625074386597
73,target,35,-0.3105434477329254,-0.7568898797035217
73,target,36,-0.31628909707069397,-0.8654438853263855
73,target,37,-0.3044240474700928,-0.7479504942893982
73,target,38,-0.34128811955451965,-0.8035230040550232
73,target,39,-0.3358486592769623,-0.8296816945075989
73,target,40,-0.3380725681781769,-0.7942490577697754
73,target,41,-0.322907954454422,-0.8094875812530518
73,target,42,-0.28705906867980957,-0.7751481533050537
73,target,43,-0.2926076650619507,-0.7358663082122803
73,target,44,-0.294249951839447,-0.7385205626487732
73,target,45,-0.2705022394657135,-0.7607771754264832
73,target,46,-0.325547456741333,-0.6925079226493835
73,target,47,-0.3881364166736603,-0.7540244460105896
73,target,48,-0.38345620036125183,-0.7230204939842224
73,target,49,-0.361024409532547,-0.6346885561943054
73,target,50,-0.3277968764305115,-0.7403112053871155
73,target,51,-0.3556327819824219,-0.8192794919013977
73,target,52,-0.31427764892578125,-0.8008565306663513
73,target,53,-0.3923839330673218,-0.8209097385406494
73,target,54,-0.3548871576786041,-0.8355434536933899
73,target,55,-0.3594428598880768,-0.7924785614013672
73,target,56,-0.3467686176300049,-0.8088765740394592
73,target,57,-0.33694005012512207,-0.7887924909591675
73,target,58,-0.32736390829086304,-0.8649663329124451
73,target,59,-0.3677659034729004,-0.7812454700469971
73,target,60,-0.3778909146785736,-0.778114914894104
73,target,61,-0.3659326732158661,-0.7650784254074097
73,target,62,-0.336356520652771,-0.7415562272071838
73,target,63,-0.3776167333126068,-0.7239997386932373
74,source,0,-0.23885193467140198,-0.6688604950904846
74,source,1,-0.23380401730537415,-0.6803157329559326
74,source,2,-0.2377716302871704,-0.6822139620780945
74,source,3,-0.2455909252166748,-0.6623568534851074
74,source,4,-0.25291943550109863,-0.6459547281265259
74,source,5,-0.2490932047367096,-0.664818525314331
74,source,6,-0.2522487938404083,-0.6713248491287231
74,source,7,-0.2371537983417511,-0.6641991138458252
74,source,8,-0.2585371136665344,-0.6662343144416809
74,source,9,-0.24386286735534668,-0.6485006809234619
74,source,10,-0.23647066950798035,-0.6591528654098511
74,source,11,-0.2340320646762848,-0.6596609354019165
74,source,12,-0.21225985884666443,-0.6850630640983582
74,source,13,-0.22813323140144348,-0.6848162412643433
74,source,14,-0.24439957737922668,-0.6845203638076782
74,source,15,-0.2508026957511902,-0.6597812175750732
74,source,16,-0.2417399287223816,-0.667625367641449
74,source,17,-0.25105175375938416,-0.668777585029602
74,source,18,-0.2486822009086609,-0.6679204702377319
74,source,19,-0.23885121941566467,-0.6533852219581604
74,source,20,-0.24219900369644165,-0.6584370732307434
74,source,21,-0.261400431394577,-0.6710562109947205
74,source,22,-0.280183881521225,-0.6692325472831726
74,source,23,-0.27740970253944397,-0.6833096146583557
74,source,24,-0.2663828432559967,-0.6888582110404968
74,source,25,-0.23908016085624695,-0.7239683866500854
74,source,26,-0.24284231662750244,-0.6823946237564087
74,source,27,-0.24803203344345093,-0.6733062863349915
74,source,28,-0.23921063542366028,-0.6690297722816467
74,source,29,-0.24369996786117554,-0.6633903384208679
74,source,30,-0.24379569292068481,-0.6312268972396851
74,source,31,-0.23599228262901306,-0.6349309682846069
74,source,32,-0.2368849217891693,-0.6272599697113037
74,source,33,-0.2380254566669464,-0.643862783908844
74,source,34,-0.23575684428215027,-0.6514811515808105
74,source,35,-0.24673640727996826,-0.6652763485908508
74,source,36,-0.24142694473266602,-0.6714636087417603
74,source,37,-0.24305284023284912,-0.6758097410202026
74,source,38,-0.24607086181640625,-0.6711230874061584
74,source,39,-0.2541962265968323,-0.6815751791000366
74,source,40,-0.2429773211479187,-0.674856960773468
74,source,41,-0.24337542057037354,-0.6752334237098694
74,source,42,-0.24709677696228027,-0.6686258912086487
74,source,43,-0.24842298030853271,-0.6506765484809875
74,source,44,-0.24856358766555786,-0.6607795357704163
74,source,45,-0.2527233064174652,-0.6488074064254761
74,source,46,-0.25135013461112976,-0.6502139568328857
74,source,47,-0.25252190232276917,-0.6567306518554688
74,source,48,-0.25510501861572266,-0.6537260413169861
74,source,49,-0.2551386058330536,-0.6698954701423645
74,source,50,-0.2495180070400238,-0.6747280955314636
74,source,51,-0.24946948885917664,-0.6596320867538452
74,source,52,-0.23859348893165588,-0.6705078482627869
74,source,53,-0.24846267700195312,-0.6603924036026001
74,source,54,-0.22479432821273804,-0.6723403334617615
74,source,55,-0.21854886412620544,-0.6673442721366882
74,source,56,-0.24210798740386963,-0.6693358421325684
74,source,57,-0.24639317393302917,-0.6823979020118713
74,source,58,-0.2518666684627533,-0.6919305920600891
74,source,59,-0.247124582529068,-0.6859242916107178
74,source,60,-0.24159783124923706,-0.6976289749145508
74,source,61,-0.23193415999412537,-0.6753396987915039
74,source,62,-0.24369728565216064,-0.6828938722610474
74,source,63,-0.22653058171272278,-0.7081137299537659
74,target,0,-0.3090049624443054,-0.6936253309249878
74,target,1,-0.3768540620803833,-0.8642923831939697
74,target,2,-0.2733123004436493,-0.7840639352798462
74,target,3,-0.2872207760810852,-0.7450401782989502
74,target,4,-0.24840179085731506,-0.7862333059310913
74,target,5,-0.40238717198371887,-0.9599076509475708
74,target,6,-0.34193453192710876,-0.9239099621772766
74,target,7,-0.2459213137626648,-0.7979307174682617
74,target,8,-0.24868854880332947,-0.8193832635879517
74,target,9,-0.2771070897579193,-0.7424219846725464
74,target,10,-0.2659951150417328,-0.8097048997879028
74,target,11,-0.29854077100753784,-0.8266099691390991
74,target,12,-0.29550737142562866,-0.790029764175415
74,target,13,-0.25099295377731323,-0.7213948369026184
74,target,14,-0.25488385558128357,-0.7847802639007568
74,target,15,-0.23857471346855164,-0.7529763579368591
74,target,16,-0.23159652948379517,-0.7872864603996277
74,target,17,-0.26787424087524414,-0.8448091149330139
74,target,18,-0.37103310227394104,-0.9376401901245117
74,target,19,-0.2741648852825165,-0.8592251539230347
74,target,20,-0.3753536641597748,-0.9578862190246582
74,target,21,-0.2561020851135254,-0.8750080466270447
74,target,22,-0.30020883679389954,-0.8360203504562378
74,target,23,-0.2587938606739044,-0.8015645742416382
74,target,24,-0.2687045931816101,-0.8484675884246826
74,target,25,-0.2464727759361267,-0.8363438248634338
74,target,26,-0.230324387550354,-0.8047359585762024
74,target,27,-0.20685821771621704,-0.8203229904174805
74,target,28,-0.1854761838912964,-0.781181275844574
74,target,29,-0.27877163887023926,-0.8355351090431213
74,target,30,-0.23156407475471497,-0.7852982878684998
74,target,31,-0.3156539797782898,-0.9583472609519958
74,target,32,-0.31376463174819946,-0.908046305179596
74,target,33,-0.2766580879688263,-0.796110212802887
74,target,34,-0.26355645060539246,-0.7653611302375793
74,target,35,-0.26424723863601685,-0.7323283553123474
74,target,36,-0.2505814731121063,-0.8632774949073792
74,target,37,-0.24234190583229065,-0.7096479535102844
74,target,38,-0.2757608890533447,-0.7874972820281982
74,target,39,-0.25980404019355774,-0.8015090823173523
74,target,40,-0.29738765954971313,-0.777344822883606
74,target,41,-0.2749345600605011,-0.7957294583320618
74,target,42,-0.2274675965309143,-0.7371669411659241
74,target,43,-0.25136154890060425,-0.7058893442153931
74,target,44,-0.24997031688690186,-0.6757850050926208
74,target,45,-0.23160874843597412,-0.7202928066253662
74,target,46,-0.321542888879776,-0.6329643130302429
74,target,47,-0.35045337677001953,-0.7121903896331787
74,target,48,-0.34260955452919006,-0.6943933963775635
74,target,49,-0.3357926309108734,-0.5709002017974854
74,target,50,-0.28193819522857666,-0.7076224684715271
74,target,51,-0.3034370541572571,-0.7996726632118225
74,target,52,-0.2719140350818634,-0.7630661129951477
74,target,53,-0.3423736095428467,-0.7875441908836365
74,target,54,-0.2930307686328888,-0.8097440600395203
74,target,55,-0.30466023087501526,-0.7545048594474792
74,target,56,-0.3245866000652313,-0.786892294883728
74,target,57,-0.2952909469604492,-0.7708354592323303
74,target,58,-0.29647934436798096,-0.8501521944999695
74,target,59,-0.3320734202861786,-0.757202684879303
74,target,60,-0.3175143897533417,-0.7555584907531738
74,target,61,-0.3252573311328888,-0.731256902217865
74,target,62,-0.2946838140487671,-0.7202813029289246
74,target,63,-0.32392245531082153,-0.6871001720428467
75,source,0,-0.36172106862068176,-0.7503132820129395
75,source,1,-0.3629907965660095,-0.7588874101638794
75,source,2,-0.3664856553077698,-0.7610223889350891
75,source,3,-0.369804322719574,-0.7512069344520569
75,source,4,-0.3738880455493927,-0.7379434704780579
75,source,5,-0.36945146322250366,-0.7525696754455566
75,source,6,-0.36633411049842834,-0.7453380823135376
75,source,7,-0.3631695508956909,-0.7507651448249817
75,source,8,-0.3765232264995575,-0.7555290460586548
75,source,9,-0.3742730915546417,-0.7374672889709473
75,source,10,-0.3649236559867859,-0.7423641085624695
75,source,11,-0.35566800832748413,-0.7453653216362
75,source,12,-0.34698811173439026,-0.7731459140777588
75,source,13,-0.35100167989730835,-0.7646564245223999
75,source,14,-0.36015787720680237,-0.7654730081558228
75,source,15,-0.37078285217285156,-0.7511789798736572
75,source,16,-0.36659976840019226,-0.744269609451294
75,source,17,-0.36827343702316284,-0.7496567964553833
75,source,18,-0.36994099617004395,-0.7452050447463989
75,source,19,-0.37137338519096375,-0.7417364716529846
75,source,20,-0.367825448513031,-0.7404534816741943
75,source,21,-0.38242554664611816,-0.7469208836555481
75,source,22,-0.39597564935684204,-0.7512445449829102
75,source,23,-0.40117424726486206,-0.765124499797821
75,source,24,-0.39349302649497986,-0.7687932252883911
75,source,25,-0.3633855879306793,-0.7976542711257935
75,source,26,-0.3673936724662781,-0.7684224843978882
75,source,27,-0.3736393451690674,-0.759360671043396
75,source,28,-0.36239945888519287,-0.7458153367042542
75,source,29,-0.3689502477645874,-0.7413256764411926
75,source,30,-0.3681078851222992,-0.7236267328262329
75,source,31,-0.36035263538360596,-0.7264918684959412
75,source,32,-0.36301547288894653,-0.7235644459724426
75,source,33,-0.3626665472984314,-0.7321843504905701
75,source,34,-0.3591356575489044,-0.744975209236145
75,source,35,-0.3664436638355255,-0.746703028678894
75,source,36,-0.36278682947158813,-0.7531899213790894
75,source,37,-0.3618960380554199,-0.754399299621582
75,source,38,-0.36840131878852844,-0.7525737881660461
75,source,39,-0.37084537744522095,-0.758576512336731
75,source,40,-0.3647419810295105,-0.754371702671051
75,source,41,-0.36808907985687256,-0.7596069574356079
75,source,42,-0.36772337555885315,-0.7492862939834595
75,source,43,-0.3586962819099426,-0.7380481958389282
75,source,44,-0.36955526471138,-0.7411741018295288
75,source,45,-0.37094947695732117,-0.7336863279342651
75,source,46,-0.3690374195575714,-0.7331647872924805
75,source,47,-0.36881023645401,-0.742904543876648
75,source,48,-0.3736702799797058,-0.7394118905067444
75,source,49,-0.3691178262233734,-0.7534811496734619
75,source,50,-0.36620429158210754,-0.7572646737098694
75,source,51,-0.3642958700656891,-0.7405837178230286
75,source,52,-0.36109188199043274,-0.7584763765335083
75,source,53,-0.367649108171463,-0.7435131669044495
75,source,54,-0.3523555099964142,-0.7508545517921448
75,source,55,-0.3511315882205963,-0.751095712184906
75,source,56,-0.3590913712978363,-0.7547923922538757
75,source,57,-0.3625554144382477,-0.7628128528594971
75,source,58,-0.36484479904174805,-0.7794780135154724
75,source,59,-0.36144590377807617,-0.772483766078949
75,source,60,-0.36314353346824646,-0.781989574432373
75,source,61,-0.36088690161705017,-0.763500452041626
75,source,62,-0.36790597438812256,-0.7598655223846436
75,source,63,-0.3635002672672272,-0.7792181968688965
75,target,0,-0.4181499183177948,-0.7560402750968933
75,target,1,-0.4460698366165161,-0.9205257892608643
75,target,2,-0.4067578613758087,-0.8571365475654602
75,target,3,-0.4125715494155884,-0.8178231120109558
75,target,4,-0.38308271765708923,-0.8448156118392944
75,target,5,-0.44965314865112305,-0.9688881039619446
75,target,6,-0.4286477565765381,-0.9703026413917542
75,target,7,-0.36776116490364075,-0.8526200652122498
75,target,8,-0.38354507088661194,-0.8715373873710632
75,target,9,-0.3820425570011139,-0.7958629131317139
75,target,10,-0.3773636221885681,-0.8404431343078613
75,target,11,-0.3929937481880188,-0.8545984029769897
75,target,12,-0.39309385418891907,-0.8140468597412109
75,target,13,-0.38004371523857117,-0.7872549295425415
75,target,14,-0.38776788115501404,-0.8435924053192139
75,target,15,-0.37629345059394836,-0.8195521235466003
75,target,16,-0.38821476697921753,-0.846024215221405
75,target,17,-0.38345298171043396,-0.8815169334411621
75,target,18,-0.43215808272361755,-0.9756180644035339
75,target,19,-0.38314563035964966,-0.9104690551757812
75,target,20,-0.43580836057662964,-0.9957825541496277
75,target,21,-0.37278929352760315,-0.915160596370697
75,target,22,-0.39447981119155884,-0.8636455535888672
75,target,23,-0.3816438615322113,-0.8482173681259155
75,target,24,-0.3772742748260498,-0.893825113773346
75,target,25,-0.37916815280914307,-0.8934931755065918
75,target,26,-0.3653290569782257,-0.8652702569961548
75,target,27,-0.33599331974983215,-0.8855583667755127
75,target,28,-0.3402036428451538,-0.8691812753677368
75,target,29,-0.3856379985809326,-0.8855891227722168
75,target,30,-0.35714247822761536,-0.8772871494293213
75,target,31,-0.4036681056022644,-0.9882446527481079
75,target,32,-0.40878769755363464,-0.9341052174568176
75,target,33,-0.413937509059906,-0.8439492583274841
75,target,34,-0.3950267732143402,-0.8303957581520081
75,target,35,-0.39939355850219727,-0.7905327677726746
75,target,36,-0.38109225034713745,-0.9082481861114502
75,target,37,-0.38802802562713623,-0.7839136123657227
75,target,38,-0.40160825848579407,-0.8356189727783203
75,target,39,-0.3846276104450226,-0.8521170616149902
75,target,40,-0.40465474128723145,-0.8244438767433167
75,target,41,-0.38552284240722656,-0.8361247777938843
75,target,42,-0.3724454343318939,-0.8001419901847839
75,target,43,-0.378378301858902,-0.7677202224731445
75,target,44,-0.38670775294303894,-0.741691529750824
75,target,45,-0.36968833208084106,-0.7823870778083801
75,target,46,-0.39473772048950195,-0.6883294582366943
75,target,47,-0.44323188066482544,-0.7702788710594177
75,target,48,-0.4284669756889343,-0.7477437853813171
75,target,49,-0.39507800340652466,-0.6324882507324219
75,target,50,-0.3873696029186249,-0.7805646657943726
75,target,51,-0.4162747263908386,-0.8464062809944153
75,target,52,-0.3951706290245056,-0.8137219548225403
75,target,53,-0.4328845143318176,-0.8411280512809753
75,target,54,-0.40622225403785706,-0.8588715195655823
75,target,55,-0.3904856741428375,-0.8052713871002197
75,target,56,-0.4022611975669861,-0.8247919082641602
75,target,57,-0.40127524733543396,-0.8122451305389404
75,target,58,-0.3932987153530121,-0.8921954035758972
75,target,59,-0.42859119176864624,-0.8069233298301697
75,target,60,-0.42354846000671387,-0.803432047367096
75,target,61,-0.42653173208236694,-0.7831798195838928
75,target,62,-0.4135764241218567,-0.7784563302993774
75,target,63,-0.42501264810562134,-0.7487627267837524
76,source,0,-0.3052216172218323,-0.728101372718811
76,source,1,-0.3092721402645111,-0.7302927374839783
76,source,2,-0.3145449757575989,-0.7334418296813965
76,source,3,-0.3206636309623718,-0.7255058288574219
76,source,4,-0.3215121030807495,-0.7106455564498901
76,source,5,-0.31256303191185,-0.7200576663017273
76,source,6,-0.3090132176876068,-0.7163991332054138
76,source,7,-0.30661889910697937,-0.7231118679046631
76,source,8,-0.3161764144897461,-0.7259172201156616
76,source,9,-0.3145133852958679,-0.7144420146942139
76,source,10,-0.30978819727897644,-0.7182461619377136
76,source,11,-0.30636370182037354,-0.7205580472946167
76,source,12,-0.30203351378440857,-0.7303016781806946
76,source,13,-0.3086247444152832,-0.7290624976158142
76,source,14,-0.31729111075401306,-0.7359327077865601
76,source,15,-0.32240030169487,-0.7228274941444397
76,source,16,-0.31919631361961365,-0.720038890838623
76,source,17,-0.3190861940383911,-0.7170328497886658
76,source,18,-0.32265210151672363,-0.7127528190612793
76,source,19,-0.32201483845710754,-0.7114843130111694
76,source,20,-0.31351137161254883,-0.7191022038459778
76,source,21,-0.3262777328491211,-0.7258618474006653
76,source,22,-0.33717477321624756,-0.7204440832138062
76,source,23,-0.3420785665512085,-0.7294098734855652
76,source,24,-0.3438512682914734,-0.7388790249824524
76,source,25,-0.31486746668815613,-0.7590175271034241
76,source,26,-0.3172609508037567,-0.7349651455879211
76,source,27,-0.32283470034599304,-0.7315190434455872
76,source,28,-0.3114134669303894,-0.7251935005187988
76,source,29,-0.32144829630851746,-0.7229522466659546
76,source,30,-0.31678062677383423,-0.7037295699119568
76,source,31,-0.30729904770851135,-0.7083074450492859
76,source,32,-0.3014463484287262,-0.7008869647979736
76,source,33,-0.31046000123023987,-0.7086851596832275
76,source,34,-0.3063105046749115,-0.7164596319198608
76,source,35,-0.3117353916168213,-0.7224801778793335
76,source,36,-0.31243351101875305,-0.7266868948936462
76,source,37,-0.3107525706291199,-0.735612154006958
76,source,38,-0.3178083002567291,-0.7373230457305908
76,source,39,-0.3224049210548401,-0.7363202571868896
76,source,40,-0.3195585310459137,-0.7366918325424194
76,source,41,-0.3230452239513397,-0.7415622472763062
76,source,42,-0.3214801549911499,-0.7290860414505005
76,source,43,-0.31195560097694397,-0.7156103849411011
76,source,44,-0.32166409492492676,-0.7268362641334534
76,source,45,-0.3224860429763794,-0.7148221731185913
76,source,46,-0.31878042221069336,-0.7143353819847107
76,source,47,-0.3165038526058197,-0.7212774753570557
76,source,48,-0.3223572373390198,-0.7198569178581238
76,source,49,-0.31829550862312317,-0.7282885313034058
76,source,50,-0.31809112429618835,-0.7353286743164062
76,source,51,-0.31609445810317993,-0.7217557430267334
76,source,52,-0.31557077169418335,-0.738478422164917
76,source,53,-0.31546550989151,-0.7264225482940674
76,source,54,-0.3082149624824524,-0.7336868047714233
76,source,55,-0.3031821846961975,-0.7289750576019287
76,source,56,-0.3085380494594574,-0.7302972674369812
76,source,57,-0.30716949701309204,-0.741232693195343
76,source,58,-0.3141559362411499,-0.7512423396110535
76,source,59,-0.314726322889328,-0.7427753210067749
76,source,60,-0.3204706907272339,-0.7514709234237671
76,source,61,-0.31808650493621826,-0.7351253032684326
76,source,62,-0.31954649090766907,-0.7315924167633057
76,source,63,-0.31732651591300964,-0.7451598048210144
76,target,0,-0.37387576699256897,-0.7454246282577515
76,target,1,-0.39652299880981445,-0.9031820297241211
76,target,2,-0.3598520755767822,-0.8354045748710632
76,target,3,-0.3683781623840332,-0.7984176874160767
76,target,4,-0.34092816710472107,-0.8297218680381775
76,target,5,-0.39876294136047363,-0.8963466882705688
76,target,6,-0.36456313729286194,-0.9151987433433533
76,target,7,-0.3326081335544586,-0.8039329648017883
76,target,8,-0.3435589075088501,-0.8110090494155884
76,target,9,-0.33351829648017883,-0.7816759943962097
76,target,10,-0.3255464434623718,-0.8162516951560974
76,target,11,-0.35387229919433594,-0.8252078294754028
76,target,12,-0.3346498906612396,-0.7955518960952759
76,target,13,-0.3470805287361145,-0.7475577592849731
76,target,14,-0.35547953844070435,-0.8132469654083252
76,target,15,-0.33807140588760376,-0.8011215329170227
76,target,16,-0.3518412411212921,-0.8189763426780701
76,target,17,-0.33639878034591675,-0.8504576086997986
76,target,18,-0.3751312494277954,-0.9302996397018433
76,target,19,-0.3442705571651459,-0.8729082345962524
76,target,20,-0.3816708028316498,-0.9377297759056091
76,target,21,-0.32783621549606323,-0.8625728487968445
76,target,22,-0.33770954608917236,-0.825031042098999
76,target,23,-0.3447869122028351,-0.8246831297874451
76,target,24,-0.3446992337703705,-0.8554093837738037
76,target,25,-0.34376922249794006,-0.8744707107543945
76,target,26,-0.3219866454601288,-0.8498337268829346
76,target,27,-0.27839523553848267,-0.8675294518470764
76,target,28,-0.29763469099998474,-0.8447251319885254
76,target,29,-0.3497926592826843,-0.8549028635025024
76,target,30,-0.31467166543006897,-0.8452761173248291
76,target,31,-0.35737088322639465,-0.9489520788192749
76,target,32,-0.3674331605434418,-0.9086204767227173
76,target,33,-0.3583792448043823,-0.8377484679222107
76,target,34,-0.34481874108314514,-0.8064303398132324
76,target,35,-0.3489932715892792,-0.766123354434967
76,target,36,-0.3412224054336548,-0.8807855248451233
76,target,37,-0.3409227132797241,-0.7698858976364136
76,target,38,-0.3521188199520111,-0.8173455595970154
76,target,39,-0.3315049111843109,-0.836087167263031
76,target,40,-0.36294791102409363,-0.8020418882369995
76,target,41,-0.35763683915138245,-0.803270161151886
76,target,42,-0.32997265458106995,-0.7751795649528503
76,target,43,-0.3295055329799652,-0.7578678727149963
76,target,44,-0.33391904830932617,-0.7395653128623962
76,target,45,-0.32325121760368347,-0.751300573348999
76,target,46,-0.34043145179748535,-0.6972517371177673
76,target,47,-0.39005035161972046,-0.7604213356971741
76,target,48,-0.3821234107017517,-0.7365618944168091
76,target,49,-0.32625171542167664,-0.6318982243537903
76,target,50,-0.34082648158073425,-0.7586053609848022
76,target,51,-0.38314497470855713,-0.839107096195221
76,target,52,-0.35468098521232605,-0.8011645674705505
76,target,53,-0.39161524176597595,-0.8260782957077026
76,target,54,-0.3762979805469513,-0.8486037254333496
76,target,55,-0.34382304549217224,-0.7860589623451233
76,target,56,-0.3547709882259369,-0.8040826320648193
76,target,57,-0.36185142397880554,-0.8034139275550842
76,target,58,-0.3429310619831085,-0.8726903796195984
76,target,59,-0.3758128881454468,-0.7906149625778198
76,target,60,-0.3826036751270294,-0.7987818717956543
76,target,61,-0.3767092525959015,-0.7804951667785645
76,target,62,-0.36487099528312683,-0.7769721746444702
76,target,63,-0.379861056804657,-0.7541820406913757
77,source,0,-0.33503860235214233,-0.7507666349411011
77,source,1,-0.332739919424057,-0.757690966129303
77,source,2,-0.3422633707523346,-0.7612308859825134
77,source,3,-0.35515233874320984,-0.7506372332572937
77,source,4,-0.3537144958972931,-0.7355855703353882
77,source,5,-0.3452202379703522,-0.7468640208244324
77,source,6,-0.35249319672584534,-0.740608811378479
77,source,7,-0.34300562739372253,-0.7391908764839172
77,source,8,-0.3522723615169525,-0.7471580505371094
77,source,9,-0.34651294350624084,-0.7361975908279419
77,source,10,-0.3401220738887787,-0.7402673959732056
77,source,11,-0.3364706039428711,-0.7466213703155518
77,source,12,-0.3288670480251312,-0.7556366324424744
77,source,13,-0.34199801087379456,-0.7630518078804016
77,source,14,-0.3459163308143616,-0.7754221558570862
77,source,15,-0.35773420333862305,-0.7611347436904907
77,source,16,-0.34928005933761597,-0.7613667845726013
77,source,17,-0.3495296537876129,-0.7573157548904419
77,source,18,-0.3488502502441406,-0.7508930563926697
77,source,19,-0.34787747263908386,-0.7474875450134277
77,source,20,-0.3417493402957916,-0.7529552578926086
77,source,21,-0.3520100712776184,-0.7557098865509033
77,source,22,-0.3668130338191986,-0.7427099943161011
77,source,23,-0.3752039074897766,-0.7555297017097473
77,source,24,-0.3788343071937561,-0.763599157333374
77,source,25,-0.3451414406299591,-0.7811316847801208
77,source,26,-0.3415153920650482,-0.7586507797241211
77,source,27,-0.3409431278705597,-0.7517832517623901
77,source,28,-0.32900679111480713,-0.744945764541626
77,source,29,-0.3376433253288269,-0.7473052144050598
77,source,30,-0.33870458602905273,-0.7235443592071533
77,source,31,-0.32570764422416687,-0.7288028597831726
77,source,32,-0.32333606481552124,-0.7231245040893555
77,source,33,-0.33457645773887634,-0.730307936668396
77,source,34,-0.3398093581199646,-0.7416655421257019
77,source,35,-0.3371518850326538,-0.7438889741897583
77,source,36,-0.34198081493377686,-0.7475659847259521
77,source,37,-0.3384610712528229,-0.7569956183433533
77,source,38,-0.3420540690422058,-0.7560662627220154
77,source,39,-0.35119563341140747,-0.7556136250495911
77,source,40,-0.3447009027004242,-0.7612998485565186
77,source,41,-0.3450945019721985,-0.7594240307807922
77,source,42,-0.3422158658504486,-0.75383061170578
77,source,43,-0.34249937534332275,-0.7440369725227356
77,source,44,-0.34602561593055725,-0.7523540258407593
77,source,45,-0.3498837351799011,-0.7417447566986084
77,source,46,-0.341031938791275,-0.7345394492149353
77,source,47,-0.34295985102653503,-0.7459002733230591
77,source,48,-0.35181573033332825,-0.7374148368835449
77,source,49,-0.35138264298439026,-0.7496289014816284
77,source,50,-0.34528422355651855,-0.7577113509178162
77,source,51,-0.34054210782051086,-0.7421331405639648
77,source,52,-0.34805914759635925,-0.7581061124801636
77,source,53,-0.3494809567928314,-0.74226313829422
77,source,54,-0.3327772915363312,-0.7463992834091187
77,source,55,-0.3312269151210785,-0.7471529841423035
77,source,56,-0.34055095911026,-0.7471284866333008
77,source,57,-0.3318411707878113,-0.7664464116096497
77,source,58,-0.3382052779197693,-0.7742833495140076
77,source,59,-0.33672621846199036,-0.7682498693466187
77,source,60,-0.34057632088661194,-0.775979220867157
77,source,61,-0.34408265352249146,-0.759641706943512
77,source,62,-0.35195890069007874,-0.7595663666725159
77,source,63,-0.34443220496177673,-0.7788950204849243
77,target,0,-0.4227197468280792,-0.7493385672569275
77,target,1,-0.42867976427078247,-0.9255436658859253
77,target,2,-0.4043474793434143,-0.874666690826416
77,target,3,-0.40277522802352905,-0.8215943574905396
77,target,4,-0.386760413646698,-0.8447259068489075
77,target,5,-0.4926508665084839,-0.9467127919197083
77,target,6,-0.4314870238304138,-0.9742169380187988
77,target,7,-0.36395737528800964,-0.8364388942718506
77,target,8,-0.39037662744522095,-0.859763503074646
77,target,9,-0.37682977318763733,-0.7730957865715027
77,target,10,-0.34695327281951904,-0.8086212873458862
77,target,11,-0.3905583620071411,-0.8292505741119385
77,target,12,-0.3560532331466675,-0.7990620732307434
77,target,13,-0.40735822916030884,-0.7751975655555725
77,target,14,-0.40349680185317993,-0.840019941329956
77,target,15,-0.3957327604293823,-0.8229126334190369
77,target,16,-0.3937893807888031,-0.8483421206474304
77,target,17,-0.3667527139186859,-0.8761358261108398
77,target,18,-0.4460350275039673,-0.9660433530807495
77,target,19,-0.4093639850616455,-0.9243215918540955
77,target,20,-0.4432425796985626,-0.968751072883606
77,target,21,-0.3630751073360443,-0.9076451659202576
77,target,22,-0.3942933976650238,-0.8413959741592407
77,target,23,-0.3890094757080078,-0.8593223690986633
77,target,24,-0.394933819770813,-0.8945412635803223
77,target,25,-0.3854566514492035,-0.9054923057556152
77,target,26,-0.34790587425231934,-0.8596783876419067
77,target,27,-0.31392502784729004,-0.8879164457321167
77,target,28,-0.3244858384132385,-0.8784738183021545
77,target,29,-0.3932388424873352,-0.866966962814331
77,target,30,-0.3465314209461212,-0.8506821990013123
77,target,31,-0.3940560221672058,-0.9975659847259521
77,target,32,-0.403737872838974,-0.9410358667373657
77,target,33,-0.39731597900390625,-0.8626688718795776
77,target,34,-0.3917009234428406,-0.8248091340065002
77,target,35,-0.39169949293136597,-0.7703753709793091
77,target,36,-0.3810115456581116,-0.926079273223877
77,target,37,-0.3805420994758606,-0.7865386009216309
77,target,38,-0.39405813813209534,-0.8332922458648682
77,target,39,-0.38231945037841797,-0.8516550064086914
77,target,40,-0.40655389428138733,-0.801551878452301
77,target,41,-0.40741580724716187,-0.8283883929252625
77,target,42,-0.3654753565788269,-0.8180004954338074
77,target,43,-0.35506248474121094,-0.7859847545623779
77,target,44,-0.3690681457519531,-0.7914687991142273
77,target,45,-0.3521367609500885,-0.7794191837310791
77,target,46,-0.36482828855514526,-0.6930699944496155
77,target,47,-0.42907923460006714,-0.7617514133453369
77,target,48,-0.4393402934074402,-0.7455112338066101
77,target,49,-0.35391131043434143,-0.6064356565475464
77,target,50,-0.3834366500377655,-0.7847350835800171
77,target,51,-0.4321209490299225,-0.8695157170295715
77,target,52,-0.3848150968551636,-0.8252326250076294
77,target,53,-0.4391787648200989,-0.8718448281288147
77,target,54,-0.4243161678314209,-0.8821415901184082
77,target,55,-0.39409494400024414,-0.7988886833190918
77,target,56,-0.38639387488365173,-0.8289720416069031
77,target,57,-0.39953160285949707,-0.8320331573486328
77,target,58,-0.36873534321784973,-0.8984211087226868
77,target,59,-0.407177597284317,-0.8098787665367126
77,target,60,-0.4309454560279846,-0.826192319393158
77,target,61,-0.41258466243743896,-0.7988710999488831
77,target,62,-0.4067237377166748,-0.8025692701339722
77,target,63,-0.4143858551979065,-0.77183997631073
78,source,0,-0.3270875811576843,-0.7385951280593872
78,source,1,-0.33981284499168396,-0.7524392604827881
78,source,2,-0.3395295739173889,-0.7536218762397766
78,source,3,-0.3490711748600006,-0.7435981631278992
78,source,4,-0.3502894937992096,-0.7297521233558655
78,source,5,-0.33935269713401794,-0.7327162027359009
78,source,6,-0.34625178575515747,-0.7372614741325378
78,source,7,-0.3351497948169708,-0.7328833937644958
78,source,8,-0.33928588032722473,-0.7415778040885925
78,source,9,-0.3379373550415039,-0.7321329712867737
78,source,10,-0.33261558413505554,-0.7296643853187561
78,source,11,-0.33005282282829285,-0.7287152409553528
78,source,12,-0.323087602853775,-0.7568644285202026
78,source,13,-0.33614614605903625,-0.7526655793190002
78,source,14,-0.33550310134887695,-0.7549391388893127
78,source,15,-0.3390672504901886,-0.741036057472229
78,source,16,-0.34135743975639343,-0.7483183741569519
78,source,17,-0.35156065225601196,-0.7490602135658264
78,source,18,-0.3537127673625946,-0.7461026310920715
78,source,19,-0.3448945879936218,-0.7399508953094482
78,source,20,-0.3447636067867279,-0.7385478019714355
78,source,21,-0.3471105098724365,-0.7372170686721802
78,source,22,-0.349246084690094,-0.7337719202041626
78,source,23,-0.3579730987548828,-0.7527974247932434
78,source,24,-0.3637421429157257,-0.7540422677993774
78,source,25,-0.3380374014377594,-0.7750547528266907
78,source,26,-0.3327862620353699,-0.7512892484664917
78,source,27,-0.3398944139480591,-0.7461568713188171
78,source,28,-0.3404121398925781,-0.7448394894599915
78,source,29,-0.3329583704471588,-0.743175745010376
78,source,30,-0.3334556221961975,-0.726905882358551
78,source,31,-0.31867697834968567,-0.724526584148407
78,source,32,-0.3236211836338043,-0.7133110165596008
78,source,33,-0.337959885597229,-0.7249519228935242
78,source,34,-0.3386492431163788,-0.7323227524757385
78,source,35,-0.3338594436645508,-0.7323341369628906
78,source,36,-0.34044477343559265,-0.7374317646026611
78,source,37,-0.33380237221717834,-0.7422040700912476
78,source,38,-0.3386709988117218,-0.7426432967185974
78,source,39,-0.33735767006874084,-0.7384472489356995
78,source,40,-0.3266472816467285,-0.7386634349822998
78,source,41,-0.32751742005348206,-0.7406467795372009
78,source,42,-0.3317248523235321,-0.7372898459434509
78,source,43,-0.3344200551509857,-0.7271966934204102
78,source,44,-0.3369547426700592,-0.7301488518714905
78,source,45,-0.3383200466632843,-0.7169198393821716
78,source,46,-0.335418164730072,-0.7246971130371094
78,source,47,-0.3302357494831085,-0.7290664911270142
78,source,48,-0.34464454650878906,-0.7292339205741882
78,source,49,-0.34166041016578674,-0.738774299621582
78,source,50,-0.33372262120246887,-0.7434810400009155
78,source,51,-0.33660057187080383,-0.7344671487808228
78,source,52,-0.34151726961135864,-0.7455412149429321
78,source,53,-0.3421998620033264,-0.7332329750061035
78,source,54,-0.3340839147567749,-0.7295893430709839
78,source,55,-0.331620454788208,-0.7329807877540588
78,source,56,-0.3361194431781769,-0.7332237362861633
78,source,57,-0.32425957918167114,-0.7440215945243835
78,source,58,-0.3302196264266968,-0.7462748885154724
78,source,59,-0.3301999568939209,-0.7478602528572083
78,source,60,-0.33396849036216736,-0.754355251789093
78,source,61,-0.3367037773132324,-0.7538164258003235
78,source,62,-0.3500952422618866,-0.7516531348228455
78,source,63,-0.3358297646045685,-0.7703473567962646
78,target,0,-0.41711464524269104,-0.762222409248352
78,target,1,-0.42329829931259155,-0.9021363258361816
78,target,2,-0.38249823451042175,-0.8581266403198242
78,target,3,-0.3933436870574951,-0.8007829189300537
78,target,4,-0.37199440598487854,-0.832510232925415
78,target,5,-0.42975372076034546,-0.9461486339569092
78,target,6,-0.40215229988098145,-0.9752911329269409
78,target,7,-0.3613151013851166,-0.8401472568511963
78,target,8,-0.3673248291015625,-0.8587779998779297
78,target,9,-0.3651443421840668,-0.7923081517219543
78,target,10,-0.3427470326423645,-0.8236130475997925
78,target,11,-0.3690447211265564,-0.8342891335487366
78,target,12,-0.36583542823791504,-0.811792254447937
78,target,13,-0.39686107635498047,-0.7938562035560608
78,target,14,-0.38650545477867126,-0.8449410796165466
78,target,15,-0.38617560267448425,-0.8246908187866211
78,target,16,-0.3602655231952667,-0.8431081175804138
78,target,17,-0.3633495271205902,-0.8727677464485168
78,target,18,-0.40365487337112427,-0.9469302892684937
78,target,19,-0.3819860517978668,-0.9098125696182251
78,target,20,-0.4055486023426056,-0.9440290927886963
78,target,21,-0.3412620723247528,-0.9031729102134705
78,target,22,-0.3725182116031647,-0.8478003740310669
78,target,23,-0.3872571289539337,-0.8524158000946045
78,target,24,-0.37777867913246155,-0.8879961967468262
78,target,25,-0.36797264218330383,-0.8874738812446594
78,target,26,-0.33716362714767456,-0.8458768129348755
78,target,27,-0.3178183436393738,-0.8796464204788208
78,target,28,-0.3002965748310089,-0.8593286275863647
78,target,29,-0.37306955456733704,-0.8661746382713318
78,target,30,-0.3347913920879364,-0.8641993403434753
78,target,31,-0.36914438009262085,-0.9887605309486389
78,target,32,-0.3868235945701599,-0.9451068639755249
78,target,33,-0.37997323274612427,-0.8459916710853577
78,target,34,-0.3680250346660614,-0.8165563941001892
78,target,35,-0.3663378059864044,-0.7786892652511597
78,target,36,-0.37851080298423767,-0.911483108997345
78,target,37,-0.3604334592819214,-0.7932862043380737
78,target,38,-0.3726757764816284,-0.8201430439949036
78,target,39,-0.36761197447776794,-0.843364417552948
78,target,40,-0.3979092240333557,-0.7957873344421387
78,target,41,-0.4005507826805115,-0.8253508806228638
78,target,42,-0.3520757555961609,-0.798285722732544
78,target,43,-0.33983975648880005,-0.7772709131240845
78,target,44,-0.35462823510169983,-0.7812745571136475
78,target,45,-0.3443390130996704,-0.7737562656402588
78,target,46,-0.3830310106277466,-0.7082298398017883
78,target,47,-0.4217953085899353,-0.7615903615951538
78,target,48,-0.41993027925491333,-0.7446593642234802
78,target,49,-0.34760361909866333,-0.6285899877548218
78,target,50,-0.384920209646225,-0.787244439125061
78,target,51,-0.3993365168571472,-0.8426275849342346
78,target,52,-0.3830610513687134,-0.8237104415893555
78,target,53,-0.43354088068008423,-0.8593268394470215
78,target,54,-0.41085851192474365,-0.8693888187408447
78,target,55,-0.38506850600242615,-0.8111034035682678
78,target,56,-0.3887369632720947,-0.8150474429130554
78,target,57,-0.39519086480140686,-0.8247089982032776
78,target,58,-0.38003066182136536,-0.8825303316116333
78,target,59,-0.4058680534362793,-0.8068599700927734
78,target,60,-0.4146054983139038,-0.8166486620903015
78,target,61,-0.4121860861778259,-0.7983835339546204
78,target,62,-0.391280859708786,-0.7803648710250854
78,target,63,-0.4266044497489929,-0.7785306572914124
79,source,0,-0.40159785747528076,-0.7878093719482422
79,source,1,-0.406828373670578,-0.7948570847511292
79,source,2,-0.40776944160461426,-0.7954012155532837
79,source,3,-0.4065592885017395,-0.7885634899139404
79,source,4,-0.41067662835121155,-0.7748223543167114
79,source,5,-0.4112182855606079,-0.7754833102226257
79,source,6,-0.4184369742870331,-0.77288419008255
79,source,7,-0.41488057374954224,-0.7771613597869873
79,source,8,-0.4101429879665375,-0.7868655920028687
79,source,9,-0.4133839011192322,-0.7737554907798767
79,source,10,-0.41267284750938416,-0.77289879322052
79,source,11,-0.4179062247276306,-0.7753562331199646
79,source,12,-0.4066658616065979,-0.7913219332695007
79,source,13,-0.4076278805732727,-0.7846501469612122
79,source,14,-0.40873444080352783,-0.7850555777549744
79,source,15,-0.4099724590778351,-0.7796066999435425
79,source,16,-0.4087638258934021,-0.7882058620452881
79,source,17,-0.40662693977355957,-0.7865993976593018
79,source,18,-0.418948233127594,-0.7764219045639038
79,source,19,-0.4160579442977905,-0.7747564911842346
79,source,20,-0.415629506111145,-0.7821035981178284
79,source,21,-0.42336398363113403,-0.7781386375427246
79,source,22,-0.42114508152008057,-0.7816269993782043
79,source,23,-0.4276959300041199,-0.7963931560516357
79,source,24,-0.4299124479293823,-0.8023121953010559
79,source,25,-0.4128011167049408,-0.804746150970459
79,source,26,-0.41262876987457275,-0.7903857231140137
79,source,27,-0.4156634211540222,-0.776709794998169
79,source,28,-0.3995794653892517,-0.7744026184082031
79,source,29,-0.39957165718078613,-0.7812161445617676
79,source,30,-0.39704591035842896,-0.7711830139160156
79,source,31,-0.3888676166534424,-0.769351601600647
79,source,32,-0.3930842876434326,-0.761207103729248
79,source,33,-0.3948565721511841,-0.7701470851898193
79,source,34,-0.38787755370140076,-0.7777062058448792
79,source,35,-0.3959413468837738,-0.7814215421676636
79,source,36,-0.40103408694267273,-0.7817654609680176
79,source,37,-0.40325218439102173,-0.7847287058830261
79,source,38,-0.4117998480796814,-0.7865341901779175
79,source,39,-0.4142768681049347,-0.7809377312660217
79,source,40,-0.409170925617218,-0.7805925607681274
79,source,41,-0.4127601385116577,-0.7801640033721924
79,source,42,-0.4103696346282959,-0.7720116376876831
79,source,43,-0.4057106375694275,-0.7637629508972168
79,source,44,-0.40694284439086914,-0.7708432674407959
79,source,45,-0.4045411944389343,-0.7616604566574097
79,source,46,-0.4007464647293091,-0.7681567668914795
79,source,47,-0.4029570519924164,-0.7730554938316345
79,source,48,-0.4131906032562256,-0.7782086730003357
79,source,49,-0.4177238345146179,-0.7815583944320679
79,source,50,-0.419209361076355,-0.7895636558532715
79,source,51,-0.41167545318603516,-0.7810677289962769
79,source,52,-0.42200690507888794,-0.789447546005249
79,source,53,-0.41547325253486633,-0.7758512496948242
79,source,54,-0.41401177644729614,-0.7755647897720337
79,source,55,-0.40224528312683105,-0.777912974357605
79,source,56,-0.40751904249191284,-0.7776529788970947
79,source,57,-0.4104710817337036,-0.7929509878158569
79,source,58,-0.4098844528198242,-0.7929157614707947
79,source,59,-0.4082057476043701,-0.7893021106719971
79,source,60,-0.4138298034667969,-0.7958777546882629
79,source,61,-0.4169122576713562,-0.7920268177986145
79,source,62,-0.4161500930786133,-0.7933528423309326
79,source,63,-0.4086439609527588,-0.8037177324295044
79,target,0,-0.46634018421173096,-0.8274325728416443
79,target,1,-0.4817400872707367,-0.9321911334991455
79,target,2,-0.4527597427368164,-0.8935840129852295
79,target,3,-0.46318936347961426,-0.8583357930183411
79,target,4,-0.43757304549217224,-0.8797301054000854
79,target,5,-0.4773957431316376,-0.9977499842643738
79,target,6,-0.4317563772201538,-0.9889817237854004
79,target,7,-0.437175452709198,-0.8737537264823914
79,target,8,-0.45144638419151306,-0.8866993188858032
79,target,9,-0.4310563802719116,-0.8474457859992981
79,target,10,-0.4166771471500397,-0.879830539226532
79,target,11,-0.4505079388618469,-0.8933444619178772
79,target,12,-0.4198177456855774,-0.8675066232681274
79,target,13,-0.44661861658096313,-0.8346222639083862
79,target,14,-0.4396153688430786,-0.8792634010314941
79,target,15,-0.4443117380142212,-0.8599115610122681
79,target,16,-0.44420790672302246,-0.8875724077224731
79,target,17,-0.4355827569961548,-0.9132458567619324
79,target,18,-0.4566321074962616,-0.9788931012153625
79,target,19,-0.4441615641117096,-0.941065788269043
79,target,20,-0.4558713138103485,-0.9994060397148132
79,target,21,-0.429751455783844,-0.9416072964668274
79,target,22,-0.4461950361728668,-0.9118449091911316
79,target,23,-0.4490371346473694,-0.8928006887435913
79,target,24,-0.43998992443084717,-0.9201487302780151
79,target,25,-0.440909206867218,-0.9217588901519775
79,target,26,-0.4216437339782715,-0.8917791843414307
79,target,27,-0.3929785192012787,-0.9099725484848022
79,target,28,-0.3903852701187134,-0.8985010385513306
79,target,29,-0.4400385618209839,-0.9247199892997742
79,target,30,-0.3969569802284241,-0.8898892998695374
79,target,31,-0.4344446659088135,-1.0101138353347778
79,target,32,-0.44887080788612366,-0.9632413983345032
79,target,33,-0.43777239322662354,-0.8821547627449036
79,target,34,-0.43878576159477234,-0.8654786348342896
79,target,35,-0.43700259923934937,-0.8501788973808289
79,target,36,-0.43583524227142334,-0.923263669013977
79,target,37,-0.4311060309410095,-0.8445407152175903
79,target,38,-0.4528616964817047,-0.8748241066932678
79,target,39,-0.4261963963508606,-0.8764558434486389
79,target,40,-0.4723348617553711,-0.8702473640441895
79,target,41,-0.463306725025177,-0.8813724517822266
79,target,42,-0.4367668926715851,-0.8257489800453186
79,target,43,-0.4278550148010254,-0.8025017976760864
79,target,44,-0.4320295751094818,-0.8120312690734863
79,target,45,-0.42302513122558594,-0.8180855512619019
79,target,46,-0.41551509499549866,-0.7707046866416931
79,target,47,-0.4718729257583618,-0.8274235725402832
79,target,48,-0.4845157861709595,-0.8112592697143555
79,target,49,-0.421703040599823,-0.7121894955635071
79,target,50,-0.4407082200050354,-0.8254983425140381
79,target,51,-0.469226598739624,-0.9079086184501648
79,target,52,-0.4471745491027832,-0.8673428893089294
79,target,53,-0.48708367347717285,-0.8966760635375977
79,target,54,-0.46749716997146606,-0.9126843214035034
79,target,55,-0.4519767165184021,-0.8766165375709534
79,target,56,-0.45117324590682983,-0.8608770966529846
79,target,57,-0.44255679845809937,-0.8671230673789978
79,target,58,-0.43614429235458374,-0.9316220879554749
79,target,59,-0.4608919024467468,-0.8547006249427795
79,target,60,-0.46733424067497253,-0.8604303598403931
79,target,61,-0.45090538263320923,-0.8374419808387756
79,target,62,-0.4404011368751526,-0.8311545252799988
79,target,63,-0.45330607891082764,-0.8278135061264038
80,source,0,-0.356624037027359,-0.7861719131469727
80,source,1,-0.37131062150001526,-0.7964894771575928
80,source,2,-0.37001195549964905,-0.7957758903503418
80,source,3,-0.3741486072540283,-0.78143709897995
80,source,4,-0.38087013363838196,-0.7705532908439636
80,source,5,-0.36066317558288574,-0.7755820751190186
80,source,6,-0.3579080104827881,-0.7751860618591309
80,source,7,-0.35720211267471313,-0.7700979709625244
80,source,8,-0.35340413451194763,-0.7699320912361145
80,source,9,-0.35712558031082153,-0.749950110912323
80,source,10,-0.36343908309936523,-0.761156439781189
80,source,11,-0.36743900179862976,-0.7704089879989624
80,source,12,-0.36333489418029785,-0.7845502495765686
80,source,13,-0.38057902455329895,-0.7959669232368469
80,source,14,-0.38096195459365845,-0.8011682033538818
80,source,15,-0.3770141899585724,-0.7853743433952332
80,source,16,-0.3837036192417145,-0.8030264377593994
80,source,17,-0.38540077209472656,-0.7903059124946594
80,source,18,-0.3861777186393738,-0.7882770895957947
80,source,19,-0.37572160363197327,-0.7699141502380371
80,source,20,-0.3723233938217163,-0.7824147939682007
80,source,21,-0.380941778421402,-0.7849279046058655
80,source,22,-0.3767601251602173,-0.7771656513214111
80,source,23,-0.37931421399116516,-0.7915458083152771
80,source,24,-0.3732362687587738,-0.780755341053009
80,source,25,-0.3781796395778656,-0.7966861724853516
80,source,26,-0.3754478991031647,-0.7752470970153809
80,source,27,-0.3764166533946991,-0.7592947483062744
80,source,28,-0.3665640950202942,-0.7514342069625854
80,source,29,-0.3736579418182373,-0.7616962790489197
80,source,30,-0.3727417290210724,-0.7496570348739624
80,source,31,-0.35981613397598267,-0.7468847036361694
80,source,32,-0.3569272458553314,-0.7364952564239502
80,source,33,-0.3637024164199829,-0.7423097491264343
80,source,34,-0.3624953329563141,-0.7550577521324158
80,source,35,-0.3653274178504944,-0.7679216265678406
80,source,36,-0.37501442432403564,-0.7822072505950928
80,source,37,-0.3781481683254242,-0.7835779190063477
80,source,38,-0.37936073541641235,-0.7817977070808411
80,source,39,-0.3684253394603729,-0.7708578705787659
80,source,40,-0.368349552154541,-0.7749526500701904
80,source,41,-0.3683118224143982,-0.7697727084159851
80,source,42,-0.36624816060066223,-0.7692532539367676
80,source,43,-0.36025843024253845,-0.7581526637077332
80,source,44,-0.3614429235458374,-0.7549388408660889
80,source,45,-0.35490137338638306,-0.743641197681427
80,source,46,-0.35868680477142334,-0.7456730604171753
80,source,47,-0.37184298038482666,-0.7720919251441956
80,source,48,-0.37384241819381714,-0.7676423192024231
80,source,49,-0.3707423508167267,-0.7722834944725037
80,source,50,-0.3761941194534302,-0.7859912514686584
80,source,51,-0.36877331137657166,-0.7728822231292725
80,source,52,-0.3749331533908844,-0.7723411321640015
80,source,53,-0.3623587191104889,-0.7541642785072327
80,source,54,-0.36167171597480774,-0.7607839703559875
80,source,55,-0.36452314257621765,-0.7599768042564392
80,source,56,-0.36905035376548767,-0.7729711532592773
80,source,57,-0.3750339150428772,-0.797441840171814
80,source,58,-0.3712669312953949,-0.7922605276107788
80,source,59,-0.36642953753471375,-0.7843796610832214
80,source,60,-0.3749392032623291,-0.7927713990211487
80,source,61,-0.3770282566547394,-0.781373143196106
80,source,62,-0.37585440278053284,-0.7804087400436401
80,source,63,-0.37112438678741455,-0.8067697286605835
80,target,0,-0.4421301782131195,-0.8547974228858948
80,target,1,-0.46122100949287415,-0.9976076483726501
80,target,2,-0.4315563440322876,-0.9489167928695679
80,target,3,-0.43109047412872314,-0.8674728870391846
80,target,4,-0.43892166018486023,-0.947163462638855
80,target,5,-0.5282180309295654,-1.1344006061553955
80,target,6,-0.4917943477630615,-1.1575521230697632
80,target,7,-0.42218637466430664,-0.9406472444534302
80,target,8,-0.42151927947998047,-0.9316944479942322
80,target,9,-0.43289631605148315,-0.9014726281166077
80,target,10,-0.42509329319000244,-0.962485134601593
80,target,11,-0.446550190448761,-0.9761126637458801
80,target,12,-0.4351981282234192,-0.9329640865325928
80,target,13,-0.43837833404541016,-0.9020096659660339
80,target,14,-0.4505094289779663,-0.9831873774528503
80,target,15,-0.46149271726608276,-0.9686954617500305
80,target,16,-0.43348976969718933,-0.9462961554527283
80,target,17,-0.45219355821609497,-0.9951196908950806
80,target,18,-0.5366330146789551,-1.1298351287841797
80,target,19,-0.46707260608673096,-1.0706534385681152
80,target,20,-0.5215274095535278,-1.151832938194275
80,target,21,-0.4484911561012268,-1.0385247468948364
80,target,22,-0.4500768184661865,-1.0096138715744019
80,target,23,-0.448235422372818,-0.9897952079772949
80,target,24,-0.44816824793815613,-1.0171751976013184
80,target,25,-0.4367590844631195,-0.9997137784957886
80,target,26,-0.40282970666885376,-0.9297078847885132
80,target,27,-0.39868342876434326,-1.0096219778060913
80,target,28,-0.38186487555503845,-0.9905336499214172
80,target,29,-0.47437793016433716,-1.0113791227340698
80,target,30,-0.40038785338401794,-0.9697490334510803
80,target,31,-0.49101608991622925,-1.1923161745071411
80,target,32,-0.48965612053871155,-1.1118084192276
80,target,33,-0.4389050006866455,-0.9466677904129028
80,target,34,-0.43561580777168274,-0.919937789440155
80,target,35,-0.4334961175918579,-0.8878095149993896
80,target,36,-0.4500308930873871,-1.0109193325042725
80,target,37,-0.4075767993927002,-0.869784951210022
80,target,38,-0.43976300954818726,-0.9223297834396362
80,target,39,-0.442194402217865,-0.9296188950538635
80,target,40,-0.4629107117652893,-0.9204561114311218
80,target,41,-0.4476887881755829,-0.9377578496932983
80,target,42,-0.4186098575592041,-0.8565507531166077
80,target,43,-0.38611453771591187,-0.8050076365470886
80,target,44,-0.40519189834594727,-0.8277469277381897
80,target,45,-0.400247186422348,-0.8108553290367126
80,target,46,-0.38401493430137634,-0.7314825654029846
80,target,47,-0.44112008810043335,-0.8469271659851074
80,target,48,-0.4464755058288574,-0.815331757068634
80,target,49,-0.32332852482795715,-0.6214962005615234
80,target,50,-0.4211827516555786,-0.8022216558456421
80,target,51,-0.46305835247039795,-0.9827659130096436
80,target,52,-0.4343474507331848,-0.9147849082946777
80,target,53,-0.4786832332611084,-0.9952277541160583
80,target,54,-0.47221052646636963,-0.9987406730651855
80,target,55,-0.44906318187713623,-0.9494467377662659
80,target,56,-0.4229620695114136,-0.9370765089988708
80,target,57,-0.4339193105697632,-0.9505515098571777
80,target,58,-0.45783179998397827,-1.0572178363800049
80,target,59,-0.4366646409034729,-0.8951308727264404
80,target,60,-0.4521493911743164,-0.9256665706634521
80,target,61,-0.4296101927757263,-0.86488276720047
80,target,62,-0.4386870265007019,-0.878174901008606
80,target,63,-0.4367852807044983,-0.8740410804748535
81,source,0,-0.34487348794937134,-0.7623279094696045
81,source,1,-0.3577583134174347,-0.77484130859375
81,source,2,-0.36127617955207825,-0.7615471482276917
81,source,3,-0.36465561389923096,-0.7658791542053223
81,source,4,-0.3611082136631012,-0.7318407297134399
81,source,5,-0.35609889030456543,-0.753140926361084
81,source,6,-0.3780423104763031,-0.7483013272285461
81,source,7,-0.36835962533950806,-0.7407053709030151
81,source,8,-0.35631901025772095,-0.7545684576034546
81,source,9,-0.3623981177806854,-0.7332156300544739
81,source,10,-0.37443840503692627,-0.7378326058387756
81,source,11,-0.3638725280761719,-0.7386564612388611
81,source,12,-0.3427702486515045,-0.7591760754585266
81,source,13,-0.3603217601776123,-0.7608718872070312
81,source,14,-0.35559484362602234,-0.77299565076828
81,source,15,-0.37044334411621094,-0.7773231267929077
81,source,16,-0.38508546352386475,-0.7908235788345337
81,source,17,-0.3883129954338074,-0.7774416208267212
81,source,18,-0.3914899230003357,-0.7744663953781128
81,source,19,-0.38250982761383057,-0.7484506964683533
81,source,20,-0.3907511830329895,-0.7593713402748108
81,source,21,-0.3754638433456421,-0.7485032081604004
81,source,22,-0.37105637788772583,-0.7461985349655151
81,source,23,-0.37447360157966614,-0.7426440119743347
81,source,24,-0.37389811873435974,-0.7648931741714478
81,source,25,-0.38575759530067444,-0.7807140350341797
81,source,26,-0.36987221240997314,-0.7515692710876465
81,source,27,-0.3863619267940521,-0.7342564463615417
81,source,28,-0.37563735246658325,-0.7164004445075989
81,source,29,-0.39152786135673523,-0.7377429604530334
81,source,30,-0.3589939773082733,-0.725430428981781
81,source,31,-0.3371679484844208,-0.7157376408576965
81,source,32,-0.3252834379673004,-0.7179242372512817
81,source,33,-0.344849556684494,-0.7171077728271484
81,source,34,-0.34268152713775635,-0.7351041436195374
81,source,35,-0.363503634929657,-0.7490295171737671
81,source,36,-0.3873322606086731,-0.7661499977111816
81,source,37,-0.38611260056495667,-0.776809573173523
81,source,38,-0.38750943541526794,-0.7727599740028381
81,source,39,-0.3752175271511078,-0.7598424553871155
81,source,40,-0.3693525195121765,-0.7568038702011108
81,source,41,-0.35941940546035767,-0.7496051788330078
81,source,42,-0.38287490606307983,-0.759915828704834
81,source,43,-0.3603224456310272,-0.734343945980072
81,source,44,-0.36419031023979187,-0.7396008372306824
81,source,45,-0.34681808948516846,-0.7321233153343201
81,source,46,-0.344663143157959,-0.7249117493629456
81,source,47,-0.3601062595844269,-0.7579069137573242
81,source,48,-0.36746904253959656,-0.7523637413978577
81,source,49,-0.38619405031204224,-0.7546783089637756
81,source,50,-0.3896610736846924,-0.757572591304779
81,source,51,-0.39033764600753784,-0.7572317719459534
81,source,52,-0.36658743023872375,-0.7342107892036438
81,source,53,-0.3605518639087677,-0.7120067477226257
81,source,54,-0.37993189692497253,-0.7384560704231262
81,source,55,-0.3875584304332733,-0.7411193251609802
81,source,56,-0.37516236305236816,-0.7522621750831604
81,source,57,-0.3955162763595581,-0.7846781611442566
81,source,58,-0.37655287981033325,-0.774588942527771
81,source,59,-0.372067928314209,-0.760505735874176
81,source,60,-0.39291083812713623,-0.7704228758811951
81,source,61,-0.37564677000045776,-0.7500678896903992
81,source,62,-0.38228869438171387,-0.7466890811920166
81,source,63,-0.3624158501625061,-0.7827453017234802
81,target,0,-0.4576956033706665,-0.8141030669212341
81,target,1,-0.47239261865615845,-0.993614137172699
81,target,2,-0.4675719738006592,-0.948395311832428
81,target,3,-0.4704999327659607,-0.8343720436096191
81,target,4,-0.46257656812667847,-0.9060679078102112
81,target,5,-0.5042780041694641,-0.9824668765068054
81,target,6,-0.4898069500923157,-1.074105978012085
81,target,7,-0.4153834581375122,-0.8840868473052979
81,target,8,-0.39903247356414795,-0.8992473483085632
81,target,9,-0.43285903334617615,-0.83272385597229
81,target,10,-0.4438716173171997,-0.909500002861023
81,target,11,-0.46259382367134094,-0.9139441251754761
81,target,12,-0.4632115662097931,-0.8871249556541443
81,target,13,-0.4229513108730316,-0.8634369969367981
81,target,14,-0.4716191589832306,-0.9188794493675232
81,target,15,-0.458604633808136,-0.9035195112228394
81,target,16,-0.45007872581481934,-0.8748083710670471
81,target,17,-0.4812750816345215,-0.9820041060447693
81,target,18,-0.5815248489379883,-1.0752294063568115
81,target,19,-0.5310653448104858,-1.040028691291809
81,target,20,-0.5711647272109985,-1.0776342153549194
81,target,21,-0.4439876079559326,-1.0027252435684204
81,target,22,-0.47807472944259644,-0.9721713066101074
81,target,23,-0.48534563183784485,-0.942820131778717
81,target,24,-0.44535085558891296,-1.01271653175354
81,target,25,-0.44405752420425415,-0.93476402759552
81,target,26,-0.4139540493488312,-0.8965801000595093
81,target,27,-0.39705702662467957,-0.9826779365539551
81,target,28,-0.3665691018104553,-0.9438552260398865
81,target,29,-0.5123485922813416,-0.9441064596176147
81,target,30,-0.4075576663017273,-0.9060173034667969
81,target,31,-0.5150658488273621,-1.1010280847549438
81,target,32,-0.5446645617485046,-1.0162492990493774
81,target,33,-0.4979226589202881,-0.974351704120636
81,target,34,-0.4635496437549591,-0.9149554967880249
81,target,35,-0.4423263967037201,-0.8504906296730042
81,target,36,-0.48525142669677734,-1.0372726917266846
81,target,37,-0.42344072461128235,-0.868003249168396
81,target,38,-0.47379642724990845,-0.899174153804779
81,target,39,-0.45442771911621094,-0.9361240267753601
81,target,40,-0.4779224395751953,-0.8801536560058594
81,target,41,-0.44641730189323425,-0.9051442742347717
81,target,42,-0.45908382534980774,-0.8483924269676208
81,target,43,-0.4020896553993225,-0.79557865858078
81,target,44,-0.43137213587760925,-0.8050404191017151
81,target,45,-0.43040263652801514,-0.8008803129196167
81,target,46,-0.41124048829078674,-0.7813219428062439
81,target,47,-0.4768763482570648,-0.8048824071884155
81,target,48,-0.44968879222869873,-0.751221239566803
81,target,49,-0.2960675060749054,-0.667193591594696
81,target,50,-0.36145099997520447,-0.7795730233192444
81,target,51,-0.5027958154678345,-0.915276825428009
81,target,52,-0.4825694262981415,-0.8882489800453186
81,target,53,-0.5458624362945557,-0.9415633678436279
81,target,54,-0.558922529220581,-0.9775762557983398
81,target,55,-0.4846741855144501,-0.8884643912315369
81,target,56,-0.4556223154067993,-0.8772838711738586
81,target,57,-0.47610151767730713,-0.9044874906539917
81,target,58,-0.5140171051025391,-0.9705937504768372
81,target,59,-0.4727555513381958,-0.8268058896064758
81,target,60,-0.5192773342132568,-0.903739869594574
81,target,61,-0.4534379243850708,-0.8353517055511475
81,target,62,-0.4665069580078125,-0.8678106665611267
81,target,63,-0.4683741331100464,-0.8200793266296387
82,source,0,-0.36909085512161255,-0.7248697280883789
82,source,1,-0.3750596046447754,-0.7320623993873596
82,source,2,-0.3741726577281952,-0.7213205099105835
82,source,3,-0.3773486316204071,-0.7200813889503479
82,source,4,-0.376177579164505,-0.7050321698188782
82,source,5,-0.3739425837993622,-0.7080484628677368
82,source,6,-0.376868337392807,-0.7012812495231628
82,source,7,-0.37446415424346924,-0.7070779800415039
82,source,8,-0.3716590404510498,-0.7161178588867188
82,source,9,-0.37125879526138306,-0.7015306949615479
82,source,10,-0.3736152946949005,-0.7061554789543152
82,source,11,-0.3745315670967102,-0.7177215218544006
82,source,12,-0.37155482172966003,-0.7332140207290649
82,source,13,-0.3731596767902374,-0.7203107476234436
82,source,14,-0.3774898946285248,-0.7253385782241821
82,source,15,-0.37916383147239685,-0.7240776419639587
82,source,16,-0.37993478775024414,-0.7275724411010742
82,source,17,-0.3849219083786011,-0.7323613166809082
82,source,18,-0.38807857036590576,-0.7281746864318848
82,source,19,-0.382811963558197,-0.7196964025497437
82,source,20,-0.38308367133140564,-0.726706326007843
82,source,21,-0.38860028982162476,-0.7157497406005859
82,source,22,-0.3935824930667877,-0.7104658484458923
82,source,23,-0.3911034166812897,-0.7124121189117432
82,source,24,-0.39070916175842285,-0.7316581010818481
82,source,25,-0.38887935876846313,-0.7435344457626343
82,source,26,-0.394844651222229,-0.7291267514228821
82,source,27,-0.39486631751060486,-0.7156562805175781
82,source,28,-0.3871847093105316,-0.7069514393806458
82,source,29,-0.3864023983478546,-0.7106739282608032
82,source,30,-0.3882385790348053,-0.699917197227478
82,source,31,-0.37894612550735474,-0.6974247694015503
82,source,32,-0.37964683771133423,-0.7012866139411926
82,source,33,-0.37497401237487793,-0.6969503164291382
82,source,34,-0.3725467920303345,-0.7060195803642273
82,source,35,-0.37867170572280884,-0.7114421725273132
82,source,36,-0.38145485520362854,-0.7163249254226685
82,source,37,-0.37993156909942627,-0.7254021167755127
82,source,38,-0.38425832986831665,-0.730029821395874
82,source,39,-0.3816531002521515,-0.7150992751121521
82,source,40,-0.368348091840744,-0.7058310508728027
82,source,41,-0.37069523334503174,-0.7104125618934631
82,source,42,-0.3762667179107666,-0.7072799801826477
82,source,43,-0.36847394704818726,-0.6958702206611633
82,source,44,-0.3727295994758606,-0.7000095844268799
82,source,45,-0.37057140469551086,-0.6984220147132874
82,source,46,-0.37134498357772827,-0.6977328062057495
82,source,47,-0.37790822982788086,-0.7169114351272583
82,source,48,-0.3800877630710602,-0.713071882724762
82,source,49,-0.38551339507102966,-0.721951961517334
82,source,50,-0.3800439238548279,-0.7174569368362427
82,source,51,-0.38211098313331604,-0.7252779006958008
82,source,52,-0.37591665983200073,-0.7115323543548584
82,source,53,-0.37793830037117004,-0.6955012083053589
82,source,54,-0.3766496181488037,-0.701348066329956
82,source,55,-0.37770208716392517,-0.7159517407417297
82,source,56,-0.3801605701446533,-0.7194927334785461
82,source,57,-0.381631463766098,-0.740868091583252
82,source,58,-0.3767507076263428,-0.7318931818008423
82,source,59,-0.37047696113586426,-0.7218601107597351
82,source,60,-0.3777155578136444,-0.7290250062942505
82,source,61,-0.3752761781215668,-0.7196498513221741
82,source,62,-0.37868863344192505,-0.716640830039978
82,source,63,-0.3678433299064636,-0.7436823844909668
82,target,0,-0.43992963433265686,-0.7758625745773315
82,target,1,-0.4399544596672058,-0.8954519629478455
82,target,2,-0.4241384267807007,-0.8310363292694092
82,target,3,-0.43465182185173035,-0.7869300842285156
82,target,4,-0.4242379665374756,-0.8158869743347168
82,target,5,-0.44307494163513184,-0.9300050139427185
82,target,6,-0.41603946685791016,-0.9323378205299377
82,target,7,-0.4034026861190796,-0.797706127166748
82,target,8,-0.40934956073760986,-0.8070821762084961
82,target,9,-0.4201677441596985,-0.7988271117210388
82,target,10,-0.39659279584884644,-0.8351878523826599
82,target,11,-0.42174941301345825,-0.8403534293174744
82,target,12,-0.40936726331710815,-0.8199764490127563
82,target,13,-0.4001610279083252,-0.7657626867294312
82,target,14,-0.42361265420913696,-0.8204619288444519
82,target,15,-0.4192747473716736,-0.8078384399414062
82,target,16,-0.41107475757598877,-0.806431233882904
82,target,17,-0.4211887717247009,-0.8806343078613281
82,target,18,-0.45967990159988403,-0.9726357460021973
82,target,19,-0.44003504514694214,-0.9159290790557861
82,target,20,-0.4685584008693695,-0.9819022417068481
82,target,21,-0.40783289074897766,-0.8601598143577576
82,target,22,-0.42942869663238525,-0.8963502645492554
82,target,23,-0.428239643573761,-0.8516546487808228
82,target,24,-0.41953325271606445,-0.8602067828178406
82,target,25,-0.41805291175842285,-0.8418996334075928
82,target,26,-0.40546464920043945,-0.8287200331687927
82,target,27,-0.3827536404132843,-0.8629269003868103
82,target,28,-0.3764817416667938,-0.8269773125648499
82,target,29,-0.446894109249115,-0.8624140024185181
82,target,30,-0.3931492567062378,-0.8131203055381775
82,target,31,-0.43460965156555176,-0.96943598985672
82,target,32,-0.4430578052997589,-0.9074903726577759
82,target,33,-0.4296461343765259,-0.8330062031745911
82,target,34,-0.43134239315986633,-0.8170632719993591
82,target,35,-0.42825019359588623,-0.785638689994812
82,target,36,-0.43442654609680176,-0.8724499940872192
82,target,37,-0.411617636680603,-0.7857169508934021
82,target,38,-0.4289470314979553,-0.8026474118232727
82,target,39,-0.41310006380081177,-0.8282786011695862
82,target,40,-0.4432249665260315,-0.8229407072067261
82,target,41,-0.4256194233894348,-0.8442761301994324
82,target,42,-0.4060882329940796,-0.7716134190559387
82,target,43,-0.39068713784217834,-0.7499589920043945
82,target,44,-0.3930433988571167,-0.7575623989105225
82,target,45,-0.3873511552810669,-0.7629762291908264
82,target,46,-0.40799736976623535,-0.7270543575286865
82,target,47,-0.45871520042419434,-0.7821854948997498
82,target,48,-0.4511576294898987,-0.7502534985542297
82,target,49,-0.4014165997505188,-0.6516238451004028
82,target,50,-0.4042484760284424,-0.7431179285049438
82,target,51,-0.4535374641418457,-0.8356814384460449
82,target,52,-0.4267575144767761,-0.8092045187950134
82,target,53,-0.4582279324531555,-0.84980708360672
82,target,54,-0.4622748792171478,-0.8781096935272217
82,target,55,-0.4425511360168457,-0.8289724588394165
82,target,56,-0.44026774168014526,-0.8281324505805969
82,target,57,-0.4345732033252716,-0.8305306434631348
82,target,58,-0.4389273226261139,-0.8944637775421143
82,target,59,-0.4453177750110626,-0.7975353598594666
82,target,60,-0.45638298988342285,-0.8222150802612305
82,target,61,-0.44070911407470703,-0.7875401973724365
82,target,62,-0.42686522006988525,-0.7962872385978699
82,target,63,-0.4403676688671112,-0.7787622809410095
83,source,0,-0.4810967743396759,-0.8328930735588074
83,source,1,-0.4828292429447174,-0.8308787941932678
83,source,2,-0.4839703440666199,-0.8300716280937195
83,source,3,-0.4844438433647156,-0.8271093368530273
83,source,4,-0.48423007130622864,-0.8233628273010254
83,source,5,-0.4826318621635437,-0.8270890116691589
83,source,6,-0.48446011543273926,-0.8274926543235779
83,source,7,-0.48226165771484375,-0.8294210433959961
83,source,8,-0.48085907101631165,-0.8309064507484436
83,source,9,-0.4821564555168152,-0.8296540975570679
83,source,10,-0.481691837310791,-0.8320077657699585
83,source,11,-0.48277831077575684,-0.8339521884918213
83,source,12,-0.4838351607322693,-0.8421103954315186
83,source,13,-0.48409801721572876,-0.8322852849960327
83,source,14,-0.4841518998146057,-0.8317146301269531
83,source,15,-0.4850925803184509,-0.8278846144676208
83,source,16,-0.48501843214035034,-0.8305599093437195
83,source,17,-0.4859312176704407,-0.8322345614433289
83,source,18,-0.4868355393409729,-0.830032467842102
83,source,19,-0.48583555221557617,-0.8280277848243713
83,source,20,-0.4852558374404907,-0.8323391079902649
83,source,21,-0.4859856367111206,-0.8315537571907043
83,source,22,-0.48484498262405396,-0.8331021070480347
83,source,23,-0.48718249797821045,-0.8370220065116882
83,source,24,-0.48523619771003723,-0.8443838357925415
83,source,25,-0.48479294776916504,-0.8478242754936218
83,source,26,-0.4856284558773041,-0.8366255164146423
83,source,27,-0.4872772693634033,-0.8324426412582397
83,source,28,-0.48362085223197937,-0.8284814953804016
83,source,29,-0.48461318016052246,-0.8296559453010559
83,source,30,-0.48446932435035706,-0.8224732279777527
83,source,31,-0.4804432988166809,-0.8187588453292847
83,source,32,-0.4814448356628418,-0.8183795809745789
83,source,33,-0.48192310333251953,-0.8190357089042664
83,source,34,-0.48040056228637695,-0.8171535134315491
83,source,35,-0.4830818772315979,-0.8204114437103271
83,source,36,-0.48307496309280396,-0.8245847821235657
83,source,37,-0.4840177297592163,-0.8258962035179138
83,source,38,-0.48358070850372314,-0.8260766863822937
83,source,39,-0.4852229952812195,-0.8231952786445618
83,source,40,-0.4831182658672333,-0.8228341341018677
83,source,41,-0.48277729749679565,-0.8214681148529053
83,source,42,-0.48223429918289185,-0.8214256763458252
83,source,43,-0.48004940152168274,-0.8145925998687744
83,source,44,-0.4816851317882538,-0.8205149173736572
83,source,45,-0.48095041513442993,-0.816308319568634
83,source,46,-0.4810446500778198,-0.8183391094207764
83,source,47,-0.48160964250564575,-0.8232370018959045
83,source,48,-0.48289212584495544,-0.8231005668640137
83,source,49,-0.4827650189399719,-0.8232734799385071
83,source,50,-0.47984549403190613,-0.8252244591712952
83,source,51,-0.48101162910461426,-0.8253048062324524
83,source,52,-0.4814615249633789,-0.8254991173744202
83,source,53,-0.48135918378829956,-0.8183653950691223
83,source,54,-0.4828128218650818,-0.821425199508667
83,source,55,-0.482391893863678,-0.8243425488471985
83,source,56,-0.4823659360408783,-0.8219105005264282
83,source,57,-0.48158010840415955,-0.8264692425727844
83,source,58,-0.4820805788040161,-0.8298146724700928
83,source,59,-0.4804251194000244,-0.8291642069816589
83,source,60,-0.48208504915237427,-0.8341864943504333
83,source,61,-0.4812566637992859,-0.832391619682312
83,source,62,-0.4819978177547455,-0.8316596150398254
83,source,63,-0.47924745082855225,-0.840139627456665
83,target,0,-0.5058656930923462,-0.8642171621322632
83,target,1,-0.4990711212158203,-0.8967016935348511
83,target,2,-0.49372023344039917,-0.8801217079162598
83,target,3,-0.49577558040618896,-0.8670767545700073
83,target,4,-0.492387056350708,-0.8808822631835938
83,target,5,-0.5061272382736206,-0.9391657710075378
83,target,6,-0.49061641097068787,-0.9250915050506592
83,target,7,-0.4905414581298828,-0.8685520887374878
83,target,8,-0.492411345243454,-0.8742599487304688
83,target,9,-0.49642235040664673,-0.8667874932289124
83,target,10,-0.49237626791000366,-0.8805569410324097
83,target,11,-0.5019263625144958,-0.8987376689910889
83,target,12,-0.4942566156387329,-0.8754613399505615
83,target,13,-0.49727046489715576,-0.8648141026496887
83,target,14,-0.49964794516563416,-0.8890895247459412
83,target,15,-0.500058114528656,-0.8789215087890625
83,target,16,-0.4960440993309021,-0.880703866481781
83,target,17,-0.49431586265563965,-0.8993521332740784
83,target,18,-0.5045496821403503,-0.9368675351142883
83,target,19,-0.49458324909210205,-0.8961473703384399
83,target,20,-0.5024845004081726,-0.9345571398735046
83,target,21,-0.485404372215271,-0.8961462378501892
83,target,22,-0.49385368824005127,-0.9070655703544617
83,target,23,-0.4982173442840576,-0.8820352554321289
83,target,24,-0.49034249782562256,-0.8929017782211304
83,target,25,-0.49205052852630615,-0.8862928152084351
83,target,26,-0.48788148164749146,-0.876069962978363
83,target,27,-0.47905653715133667,-0.8869116902351379
83,target,28,-0.477769136428833,-0.8815444111824036
83,target,29,-0.5004705190658569,-0.8978301882743835
83,target,30,-0.4805486798286438,-0.873999834060669
83,target,31,-0.4972102642059326,-0.9256189465522766
83,target,32,-0.5008674263954163,-0.9084966778755188
83,target,33,-0.5009418725967407,-0.8844161629676819
83,target,34,-0.49678629636764526,-0.8736488819122314
83,target,35,-0.4966588616371155,-0.8708280324935913
83,target,36,-0.49718859791755676,-0.899874746799469
83,target,37,-0.4900673031806946,-0.86744225025177
83,target,38,-0.49618852138519287,-0.8765203952789307
83,target,39,-0.4938982129096985,-0.8792884349822998
83,target,40,-0.5013318061828613,-0.8832474946975708
83,target,41,-0.5015014410018921,-0.8868085145950317
83,target,42,-0.4896049201488495,-0.8545138835906982
83,target,43,-0.4848361611366272,-0.8343736529350281
83,target,44,-0.48532384634017944,-0.8484711647033691
83,target,45,-0.4854126572608948,-0.8490485548973083
83,target,46,-0.49084341526031494,-0.8212682604789734
83,target,47,-0.505776047706604,-0.8555617332458496
83,target,48,-0.505339503288269,-0.8450656533241272
83,target,49,-0.4885581135749817,-0.8037675023078918
83,target,50,-0.49639278650283813,-0.8572220802307129
83,target,51,-0.5029571652412415,-0.8921301960945129
83,target,52,-0.4977363348007202,-0.8740389347076416
83,target,53,-0.5045104026794434,-0.8849532008171082
83,target,54,-0.50883948802948,-0.9102836847305298
83,target,55,-0.5059893131256104,-0.8840858936309814
83,target,56,-0.5020388960838318,-0.868384599685669
83,target,57,-0.4982413947582245,-0.8745189905166626
83,target,58,-0.5024475455284119,-0.9031784534454346
83,target,59,-0.502008318901062,-0.864508330821991
83,target,60,-0.5023767352104187,-0.8718740344047546
83,target,61,-0.49930787086486816,-0.8593624830245972
83,target,62,-0.49505990743637085,-0.8656691312789917
83,target,63,-0.5014172196388245,-0.8578931093215942
84,source,0,-0.49127107858657837,-0.8370522260665894
84,source,1,-0.4923614263534546,-0.836022138595581
84,source,2,-0.4918886423110962,-0.8351280093193054
84,source,3,-0.4915320873260498,-0.8335812091827393
84,source,4,-0.4915344715118408,-0.8314897418022156
84,source,5,-0.49130457639694214,-0.8339231610298157
84,source,6,-0.4925394058227539,-0.8341861367225647
84,source,7,-0.4917616546154022,-0.8341274857521057
84,source,8,-0.4909321069717407,-0.8352474570274353
84,source,9,-0.4910985231399536,-0.8328322172164917
84,source,10,-0.4911127984523773,-0.8343827128410339
84,source,11,-0.4915229082107544,-0.8362945914268494
84,source,12,-0.4919194281101227,-0.8404279351234436
84,source,13,-0.491189181804657,-0.8358798623085022
84,source,14,-0.4914560317993164,-0.8356382846832275
84,source,15,-0.4922540783882141,-0.8337216377258301
84,source,16,-0.4920862913131714,-0.8353142738342285
84,source,17,-0.4927414655685425,-0.8364710211753845
84,source,18,-0.4929425120353699,-0.8353679776191711
84,source,19,-0.4924260675907135,-0.8346886038780212
84,source,20,-0.49206802248954773,-0.836101233959198
84,source,21,-0.49286025762557983,-0.8358955383300781
84,source,22,-0.4919866919517517,-0.8355364203453064
84,source,23,-0.49305984377861023,-0.8364270329475403
84,source,24,-0.4924009442329407,-0.8395403623580933
84,source,25,-0.4922866225242615,-0.8427636623382568
84,source,26,-0.4930728077888489,-0.8383903503417969
84,source,27,-0.492989718914032,-0.8358678221702576
84,source,28,-0.4912940263748169,-0.8349158763885498
84,source,29,-0.4913879930973053,-0.8345518112182617
84,source,30,-0.49143481254577637,-0.8326512575149536
84,source,31,-0.48995018005371094,-0.8307453989982605
84,source,32,-0.49048078060150146,-0.8313830494880676
84,source,33,-0.49028754234313965,-0.8318215608596802
84,source,34,-0.4904780387878418,-0.8306166529655457
84,source,35,-0.4912617802619934,-0.8323633074760437
84,source,36,-0.49187421798706055,-0.8350297808647156
84,source,37,-0.49169686436653137,-0.8351816534996033
84,source,38,-0.49181848764419556,-0.835446834564209
84,source,39,-0.49213463068008423,-0.8339880704879761
84,source,40,-0.4912731647491455,-0.83353590965271
84,source,41,-0.4909980893135071,-0.8338528871536255
84,source,42,-0.49077779054641724,-0.8338179588317871
84,source,43,-0.4899523854255676,-0.8289682865142822
84,source,44,-0.4907148480415344,-0.8325508832931519
84,source,45,-0.4903394877910614,-0.8303433656692505
84,source,46,-0.49021920561790466,-0.8312492966651917
84,source,47,-0.49078330397605896,-0.8344099521636963
84,source,48,-0.49152660369873047,-0.8341429829597473
84,source,49,-0.4916057884693146,-0.8338274359703064
84,source,50,-0.4904126524925232,-0.8343327641487122
84,source,51,-0.49109333753585815,-0.834132194519043
84,source,52,-0.49150487780570984,-0.8350515365600586
84,source,53,-0.4911670386791229,-0.8315398693084717
84,source,54,-0.49151548743247986,-0.8333420157432556
84,source,55,-0.49143165349960327,-0.8338993787765503
84,source,56,-0.491615355014801,-0.8332546949386597
84,source,57,-0.4913944900035858,-0.8347653150558472
84,source,58,-0.4918476939201355,-0.8368654251098633
84,source,59,-0.4913037419319153,-0.8363436460494995
84,source,60,-0.49183136224746704,-0.8383777141571045
84,source,61,-0.49099817872047424,-0.8375434279441833
84,source,62,-0.4913631081581116,-0.8365868926048279
84,source,63,-0.490100234746933,-0.8411403298377991
84,target,0,-0.5015320777893066,-0.8519519567489624
84,target,1,-0.500015139579773,-0.861575722694397
84,target,2,-0.49619585275650024,-0.8560993671417236
84,target,3,-0.49820682406425476,-0.8517180681228638
84,target,4,-0.49806147813796997,-0.8582888841629028
84,target,5,-0.499510794878006,-0.8786797523498535
84,target,6,-0.4950261414051056,-0.87247633934021
84,target,7,-0.4961740970611572,-0.8513638973236084
84,target,8,-0.49544161558151245,-0.8535810708999634
84,target,9,-0.49933016300201416,-0.8499780893325806
84,target,10,-0.49849504232406616,-0.8577936291694641
84,target,11,-0.49919992685317993,-0.8636735677719116
84,target,12,-0.500266432762146,-0.8550193905830383
84,target,13,-0.4980272352695465,-0.8531000018119812
84,target,14,-0.5001592636108398,-0.8599362969398499
84,target,15,-0.5001659393310547,-0.8577972650527954
84,target,16,-0.49738216400146484,-0.8566329479217529
84,target,17,-0.49886655807495117,-0.864258885383606
84,target,18,-0.5034789443016052,-0.8778290748596191
84,target,19,-0.49854767322540283,-0.860696017742157
84,target,20,-0.5014028549194336,-0.8792922496795654
84,target,21,-0.492840051651001,-0.8644980788230896
84,target,22,-0.49850618839263916,-0.8656297922134399
84,target,23,-0.5016515254974365,-0.8574230670928955
84,target,24,-0.49537530541419983,-0.8607364892959595
84,target,25,-0.4965748190879822,-0.8596412539482117
84,target,26,-0.4955933094024658,-0.8549559116363525
84,target,27,-0.49312347173690796,-0.8606417179107666
84,target,28,-0.49007171392440796,-0.8578131794929504
84,target,29,-0.5005286931991577,-0.8636025786399841
84,target,30,-0.49138033390045166,-0.8564040660858154
84,target,31,-0.49870139360427856,-0.8723392486572266
84,target,32,-0.5007094740867615,-0.866338312625885
84,target,33,-0.5000905394554138,-0.8580974340438843
84,target,34,-0.4997401535511017,-0.8542739152908325
84,target,35,-0.4980856478214264,-0.8538393974304199
84,target,36,-0.49886414408683777,-0.8640965223312378
84,target,37,-0.49536365270614624,-0.8534049391746521
84,target,38,-0.4988309144973755,-0.8561566472053528
84,target,39,-0.4981587827205658,-0.8561886548995972
84,target,40,-0.5004832744598389,-0.8575878143310547
84,target,41,-0.5001555681228638,-0.8592005968093872
84,target,42,-0.49581068754196167,-0.8469318151473999
84,target,43,-0.4935946464538574,-0.8381145596504211
84,target,44,-0.4950226843357086,-0.8454464077949524
84,target,45,-0.4933546781539917,-0.8444600105285645
84,target,46,-0.4953833818435669,-0.830786406993866
84,target,47,-0.5038330554962158,-0.8473447561264038
84,target,48,-0.5025090575218201,-0.8431219458580017
84,target,49,-0.4944634437561035,-0.820375382900238
84,target,50,-0.4960234761238098,-0.8478354215621948
84,target,51,-0.5024011731147766,-0.8619447946548462
84,target,52,-0.5000410079956055,-0.8557323813438416
84,target,53,-0.503791332244873,-0.8591077327728271
84,target,54,-0.5053170323371887,-0.8696745038032532
84,target,55,-0.5060453414916992,-0.8599701523780823
84,target,56,-0.5042491555213928,-0.8536500930786133
84,target,57,-0.5013492107391357,-0.8552059531211853
84,target,58,-0.5046810507774353,-0.8670444488525391
84,target,59,-0.5020116567611694,-0.852304995059967
84,target,60,-0.5019367933273315,-0.8554861545562744
84,target,61,-0.5010682940483093,-0.8499100208282471
84,target,62,-0.49922171235084534,-0.8522516489028931
84,target,63,-0.5029411315917969,-0.8510242104530334
85,source,0,-0.3239425718784332,-0.7940710186958313
85,source,1,-0.3243944048881531,-0.7916662693023682
85,source,2,-0.3247852921485901,-0.7915133237838745
85,source,3,-0.32479122281074524,-0.7900874614715576
85,source,4,-0.3243485689163208,-0.7856477499008179
85,source,5,-0.3246176838874817,-0.7893955111503601
85,source,6,-0.327012300491333,-0.7891450524330139
85,source,7,-0.3243551552295685,-0.7892552614212036
85,source,8,-0.3228940963745117,-0.7894716858863831
85,source,9,-0.32284507155418396,-0.786587655544281
85,source,10,-0.3239092528820038,-0.7887069582939148
85,source,11,-0.3243936598300934,-0.7908017635345459
85,source,12,-0.32241111993789673,-0.7935399413108826
85,source,13,-0.3230275511741638,-0.7901829481124878
85,source,14,-0.3239254653453827,-0.7901595234870911
85,source,15,-0.3257400095462799,-0.7883309721946716
85,source,16,-0.3260100185871124,-0.7898889183998108
85,source,17,-0.32534462213516235,-0.7909281253814697
85,source,18,-0.3255891799926758,-0.7893396019935608
85,source,19,-0.32596632838249207,-0.788450300693512
85,source,20,-0.32613205909729004,-0.7905012369155884
85,source,21,-0.325281023979187,-0.7899705171585083
85,source,22,-0.324037104845047,-0.7898203730583191
85,source,23,-0.3248668611049652,-0.7903302907943726
85,source,24,-0.32413697242736816,-0.7932424545288086
85,source,25,-0.32245951890945435,-0.796960175037384
85,source,26,-0.32414644956588745,-0.7899513840675354
85,source,27,-0.32456740736961365,-0.7881618738174438
85,source,28,-0.3210819959640503,-0.7880589365959167
85,source,29,-0.3218303918838501,-0.7871020436286926
85,source,30,-0.32236823439598083,-0.7851374745368958
85,source,31,-0.32175832986831665,-0.7830973267555237
85,source,32,-0.3223609924316406,-0.7839382290840149
85,source,33,-0.3211420774459839,-0.7848386764526367
85,source,34,-0.3213892877101898,-0.7847315669059753
85,source,35,-0.32152998447418213,-0.7869454622268677
85,source,36,-0.3224855065345764,-0.7904959321022034
85,source,37,-0.3228350877761841,-0.790240466594696
85,source,38,-0.3234858512878418,-0.7904868721961975
85,source,39,-0.323676198720932,-0.7897544503211975
85,source,40,-0.32303136587142944,-0.7890781760215759
85,source,41,-0.323013037443161,-0.7887645959854126
85,source,42,-0.32329946756362915,-0.7886436581611633
85,source,43,-0.32204222679138184,-0.7829792499542236
85,source,44,-0.3228816092014313,-0.7869925498962402
85,source,45,-0.32252606749534607,-0.7850000858306885
85,source,46,-0.3214122951030731,-0.7860842943191528
85,source,47,-0.32220351696014404,-0.7903742790222168
85,source,48,-0.3227764368057251,-0.7885261178016663
85,source,49,-0.32261595129966736,-0.7878219485282898
85,source,50,-0.32055985927581787,-0.7885855436325073
85,source,51,-0.3212886154651642,-0.7879926562309265
85,source,52,-0.32187527418136597,-0.7886198163032532
85,source,53,-0.3216440677642822,-0.7862180471420288
85,source,54,-0.3218826949596405,-0.7881054282188416
85,source,55,-0.322426974773407,-0.7892665863037109
85,source,56,-0.32317879796028137,-0.7889856696128845
85,source,57,-0.32240012288093567,-0.7899938821792603
85,source,58,-0.3225769102573395,-0.7921275496482849
85,source,59,-0.3221284747123718,-0.7911180257797241
85,source,60,-0.32172301411628723,-0.7931752800941467
85,source,61,-0.32123488187789917,-0.792016327381134
85,source,62,-0.322247177362442,-0.7922573685646057
85,source,63,-0.3206576108932495,-0.7963320016860962
85,target,0,-0.3324318826198578,-0.809846818447113
85,target,1,-0.32923853397369385,-0.8188236951828003
85,target,2,-0.32456550002098083,-0.8119423985481262
85,target,3,-0.3259395360946655,-0.8067898750305176
85,target,4,-0.32793286442756653,-0.8186138272285461
85,target,5,-0.32869961857795715,-0.8452638387680054
85,target,6,-0.32588711380958557,-0.8377638459205627
85,target,7,-0.3273337483406067,-0.8090160489082336
85,target,8,-0.32486432790756226,-0.8111382722854614
85,target,9,-0.32873478531837463,-0.8067656755447388
85,target,10,-0.32819700241088867,-0.8182215690612793
85,target,11,-0.3276292085647583,-0.8244174122810364
85,target,12,-0.3306749165058136,-0.815761923789978
85,target,13,-0.3296789228916168,-0.8147710561752319
85,target,14,-0.33178308606147766,-0.8207579255104065
85,target,15,-0.33334049582481384,-0.8158631324768066
85,target,16,-0.32882100343704224,-0.8136623501777649
85,target,17,-0.33089128136634827,-0.8273127675056458
85,target,18,-0.3360448479652405,-0.8520478010177612
85,target,19,-0.3316609561443329,-0.8218879103660583
85,target,20,-0.33167681097984314,-0.8500130772590637
85,target,21,-0.32087281346321106,-0.8270139694213867
85,target,22,-0.32771217823028564,-0.8312944769859314
85,target,23,-0.33281832933425903,-0.8191006779670715
85,target,24,-0.3238051235675812,-0.8192529678344727
85,target,25,-0.32518988847732544,-0.8171535730361938
85,target,26,-0.32496213912963867,-0.8113445043563843
85,target,27,-0.3220065236091614,-0.8166869282722473
85,target,28,-0.3178773522377014,-0.8149254322052002
85,target,29,-0.33168327808380127,-0.8248372077941895
85,target,30,-0.32204023003578186,-0.8139863610267639
85,target,31,-0.3282196521759033,-0.8384308218955994
85,target,32,-0.33065494894981384,-0.8296822905540466
85,target,33,-0.32983019948005676,-0.8159555196762085
85,target,34,-0.3288343846797943,-0.8108551502227783
85,target,35,-0.32724854350090027,-0.8125516176223755
85,target,36,-0.32755669951438904,-0.8222476243972778
85,target,37,-0.325255423784256,-0.8096334934234619
85,target,38,-0.3303280770778656,-0.8144996166229248
85,target,39,-0.3277900218963623,-0.8127896189689636
85,target,40,-0.3303505778312683,-0.8186418414115906
85,target,41,-0.33024388551712036,-0.8177135586738586
85,target,42,-0.326955646276474,-0.803554356098175
85,target,43,-0.32469719648361206,-0.7941671013832092
85,target,44,-0.32613369822502136,-0.8001726865768433
85,target,45,-0.32379788160324097,-0.7991005778312683
85,target,46,-0.33084890246391296,-0.7852202653884888
85,target,47,-0.3325539231300354,-0.8023784160614014
85,target,48,-0.33324751257896423,-0.7967629432678223
85,target,49,-0.3289420008659363,-0.7718778252601624
85,target,50,-0.32404789328575134,-0.8034600019454956
85,target,51,-0.33143216371536255,-0.8209003806114197
85,target,52,-0.3296627104282379,-0.8143562078475952
85,target,53,-0.333729088306427,-0.8174847960472107
85,target,54,-0.3349322974681854,-0.8331272006034851
85,target,55,-0.3388654589653015,-0.8223226070404053
85,target,56,-0.33392569422721863,-0.8127323389053345
85,target,57,-0.33250680565834045,-0.8127990365028381
85,target,58,-0.33559122681617737,-0.8289451003074646
85,target,59,-0.3312556743621826,-0.8097432255744934
85,target,60,-0.32950493693351746,-0.8119389414787292
85,target,61,-0.32928234338760376,-0.8059699535369873
85,target,62,-0.329693466424942,-0.8073863387107849
85,target,63,-0.33241015672683716,-0.8079060912132263
86,source,0,-0.40034258365631104,-0.7708132266998291
86,source,1,-0.4040544629096985,-0.7655825614929199
86,source,2,-0.40259218215942383,-0.7649075984954834
86,source,3,-0.4055258631706238,-0.7635439038276672
86,source,4,-0.40420448780059814,-0.7563413977622986
86,source,5,-0.4049147367477417,-0.7631280422210693
86,source,6,-0.40704047679901123,-0.7650055885314941
86,source,7,-0.4035142958164215,-0.7638368010520935
86,source,8,-0.40220052003860474,-0.7636586427688599
86,source,9,-0.4037192463874817,-0.7565107345581055
86,source,10,-0.4020967483520508,-0.7630029320716858
86,source,11,-0.39973950386047363,-0.7650796175003052
86,source,12,-0.39744701981544495,-0.7653775215148926
86,source,13,-0.4012324810028076,-0.7593597769737244
86,source,14,-0.40088319778442383,-0.7602681517601013
86,source,15,-0.4040352404117584,-0.758367121219635
86,source,16,-0.4036276936531067,-0.7601461410522461
86,source,17,-0.40505868196487427,-0.7626504302024841
86,source,18,-0.40382495522499084,-0.7585796117782593
86,source,19,-0.4041818678379059,-0.7545830011367798
86,source,20,-0.40422579646110535,-0.7578989267349243
86,source,21,-0.40259167551994324,-0.7525355815887451
86,source,22,-0.4013565182685852,-0.7577503323554993
86,source,23,-0.40349048376083374,-0.7598730325698853
86,source,24,-0.40210938453674316,-0.7658897042274475
86,source,25,-0.40005606412887573,-0.7652727365493774
86,source,26,-0.4041062593460083,-0.7555056810379028
86,source,27,-0.40513473749160767,-0.7503364086151123
86,source,28,-0.4020236134529114,-0.7561102509498596
86,source,29,-0.40244466066360474,-0.7534292340278625
86,source,30,-0.4027254283428192,-0.7471347451210022
86,source,31,-0.39882126450538635,-0.7439212799072266
86,source,32,-0.4006078839302063,-0.7477992177009583
86,source,33,-0.4016735553741455,-0.7536669373512268
86,source,34,-0.4028676450252533,-0.7555674910545349
86,source,35,-0.4046860635280609,-0.7608933448791504
86,source,36,-0.40366244316101074,-0.763418972492218
86,source,37,-0.40398669242858887,-0.7622349858283997
86,source,38,-0.403849333524704,-0.7603715658187866
86,source,39,-0.40463513135910034,-0.7612553238868713
86,source,40,-0.4048135280609131,-0.7590354681015015
86,source,41,-0.40315455198287964,-0.759461522102356
86,source,42,-0.40407150983810425,-0.7600979804992676
86,source,43,-0.40107035636901855,-0.748368501663208
86,source,44,-0.401921808719635,-0.7563126087188721
86,source,45,-0.40154218673706055,-0.7576000094413757
86,source,46,-0.40078091621398926,-0.754408597946167
86,source,47,-0.4019012153148651,-0.7646237015724182
86,source,48,-0.404592901468277,-0.7605801224708557
86,source,49,-0.4048091471195221,-0.7566825747489929
86,source,50,-0.4028064012527466,-0.7579971551895142
86,source,51,-0.40250691771507263,-0.7572083473205566
86,source,52,-0.4028518795967102,-0.7594164609909058
86,source,53,-0.4038459062576294,-0.7564442157745361
86,source,54,-0.4034281373023987,-0.7604907155036926
86,source,55,-0.40212470293045044,-0.7609288096427917
86,source,56,-0.40363308787345886,-0.7596600651741028
86,source,57,-0.403417706489563,-0.7636861801147461
86,source,58,-0.40395087003707886,-0.765179455280304
86,source,59,-0.40138858556747437,-0.7647108435630798
86,source,60,-0.40193086862564087,-0.7650539875030518
86,source,61,-0.4002424478530884,-0.7638209462165833
86,source,62,-0.3993030786514282,-0.7609418034553528
86,source,63,-0.3936917185783386,-0.7672533392906189
86,target,0,-0.4248032867908478,-0.7947646975517273
86,target,1,-0.41559988260269165,-0.8042576313018799
86,target,2,-0.4080182611942291,-0.7993692755699158
86,target,3,-0.4105710983276367,-0.7833449840545654
86,target,4,-0.4121991991996765,-0.8142590522766113
86,target,5,-0.40266382694244385,-0.8512501120567322
86,target,6,-0.40406638383865356,-0.8432934880256653
86,target,7,-0.40752020478248596,-0.7973703742027283
86,target,8,-0.4058224856853485,-0.7986058592796326
86,target,9,-0.41380685567855835,-0.7874737977981567
86,target,10,-0.4084739089012146,-0.8021959066390991
86,target,11,-0.40790653228759766,-0.8208586573600769
86,target,12,-0.4098672866821289,-0.8040422797203064
86,target,13,-0.4096580743789673,-0.8052694797515869
86,target,14,-0.41413265466690063,-0.8125565052032471
86,target,15,-0.4117296040058136,-0.8033380508422852
86,target,16,-0.4091373085975647,-0.7971771955490112
86,target,17,-0.4089410901069641,-0.8259228467941284
86,target,18,-0.41764724254608154,-0.8786150217056274
86,target,19,-0.41249680519104004,-0.8200070858001709
86,target,20,-0.4100187420845032,-0.8727666139602661
86,target,21,-0.40413397550582886,-0.8199891448020935
86,target,22,-0.4093049168586731,-0.8391752243041992
86,target,23,-0.41016799211502075,-0.8140848875045776
86,target,24,-0.410272479057312,-0.8221667408943176
86,target,25,-0.4079684019088745,-0.8097460865974426
86,target,26,-0.4060817360877991,-0.7954387664794922
86,target,27,-0.3994928002357483,-0.812305748462677
86,target,28,-0.3975493311882019,-0.8042245507240295
86,target,29,-0.41748058795928955,-0.8218786120414734
86,target,30,-0.4071815311908722,-0.8188856840133667
86,target,31,-0.4097414016723633,-0.8396705389022827
86,target,32,-0.4131523668766022,-0.821256160736084
86,target,33,-0.4202166497707367,-0.8083308935165405
86,target,34,-0.41500991582870483,-0.7954075932502747
86,target,35,-0.4140428900718689,-0.7980486750602722
86,target,36,-0.4132891595363617,-0.810819149017334
86,target,37,-0.40874233841896057,-0.7928287386894226
86,target,38,-0.4152999520301819,-0.8077470660209656
86,target,39,-0.41579359769821167,-0.8064770102500916
86,target,40,-0.4168010354042053,-0.811952531337738
86,target,41,-0.4129381775856018,-0.8072192072868347
86,target,42,-0.40905532240867615,-0.7827441692352295
86,target,43,-0.40489938855171204,-0.764335036277771
86,target,44,-0.40423810482025146,-0.7768351435661316
86,target,45,-0.40135136246681213,-0.7717218995094299
86,target,46,-0.40511876344680786,-0.7495313882827759
86,target,47,-0.4195806384086609,-0.78142249584198
86,target,48,-0.4209926128387451,-0.7796920537948608
86,target,49,-0.39662617444992065,-0.7332184910774231
86,target,50,-0.411013126373291,-0.7921041250228882
86,target,51,-0.4182606339454651,-0.8227627277374268
86,target,52,-0.4141165316104889,-0.8067103028297424
86,target,53,-0.4219200313091278,-0.8072009682655334
86,target,54,-0.42310914397239685,-0.8368741869926453
86,target,55,-0.4216891825199127,-0.822706401348114
86,target,56,-0.41486385464668274,-0.7959902286529541
86,target,57,-0.4163411259651184,-0.8015283942222595
86,target,58,-0.41756725311279297,-0.8277385830879211
86,target,59,-0.41476911306381226,-0.7922104597091675
86,target,60,-0.418026864528656,-0.8023184537887573
86,target,61,-0.4192422330379486,-0.7938889265060425
86,target,62,-0.41649630665779114,-0.7994554042816162
86,target,63,-0.4169781506061554,-0.7907376289367676
87,source,0,-0.49422645568847656,-0.888837456703186
87,source,1,-0.49732208251953125,-0.8863160610198975
87,source,2,-0.4953579008579254,-0.8841192722320557
87,source,3,-0.4966716170310974,-0.8839499950408936
87,source,4,-0.49667030572891235,-0.8806154131889343
87,source,5,-0.49662816524505615,-0.8822625279426575
87,source,6,-0.49666130542755127,-0.8819454312324524
87,source,7,-0.4927579164505005,-0.879142165184021
87,source,8,-0.4938942790031433,-0.8801245093345642
87,source,9,-0.49593159556388855,-0.8772919774055481
87,source,10,-0.4959554672241211,-0.8816658854484558
87,source,11,-0.495057612657547,-0.8846041560173035
87,source,12,-0.49303269386291504,-0.8865364193916321
87,source,13,-0.4956820011138916,-0.8833789229393005
87,source,14,-0.4953213632106781,-0.8829734325408936
87,source,15,-0.49524596333503723,-0.8799306154251099
87,source,16,-0.494030237197876,-0.8790906667709351
87,source,17,-0.4952473044395447,-0.8806284666061401
87,source,18,-0.4973927140235901,-0.87879878282547
87,source,19,-0.4957442879676819,-0.8736153841018677
87,source,20,-0.4948529899120331,-0.8735365271568298
87,source,21,-0.4956943392753601,-0.8750427961349487
87,source,22,-0.49538472294807434,-0.8771343231201172
87,source,23,-0.49751168489456177,-0.8818473219871521
87,source,24,-0.49694082140922546,-0.8854113221168518
87,source,25,-0.4941191077232361,-0.8850773572921753
87,source,26,-0.49553412199020386,-0.8780583739280701
87,source,27,-0.49357670545578003,-0.8727421164512634
87,source,28,-0.49419498443603516,-0.8757184743881226
87,source,29,-0.49373674392700195,-0.8745359182357788
87,source,30,-0.4921761155128479,-0.8698342442512512
87,source,31,-0.492066353559494,-0.8691237568855286
87,source,32,-0.4929790496826172,-0.8723425269126892
87,source,33,-0.49272024631500244,-0.876103937625885
87,source,34,-0.49135836958885193,-0.8737744688987732
87,source,35,-0.49324870109558105,-0.8793333172798157
87,source,36,-0.4941186010837555,-0.8822534084320068
87,source,37,-0.4942248463630676,-0.8820980787277222
87,source,38,-0.4944450855255127,-0.8832188248634338
87,source,39,-0.4960063099861145,-0.8845113515853882
87,source,40,-0.49645161628723145,-0.8838464617729187
87,source,41,-0.49558132886886597,-0.882594108581543
87,source,42,-0.496892511844635,-0.8843251466751099
87,source,43,-0.4950506091117859,-0.8773228526115417
87,source,44,-0.4949396252632141,-0.8813372254371643
87,source,45,-0.4960927963256836,-0.8809108138084412
87,source,46,-0.49531492590904236,-0.8800000548362732
87,source,47,-0.49617505073547363,-0.8876209259033203
87,source,48,-0.4962286353111267,-0.8831945657730103
87,source,49,-0.49616914987564087,-0.8804224729537964
87,source,50,-0.4938907325267792,-0.8812122941017151
87,source,51,-0.49383318424224854,-0.8788915276527405
87,source,52,-0.4941427707672119,-0.8814486265182495
87,source,53,-0.4953874945640564,-0.8806217312812805
87,source,54,-0.4944823980331421,-0.8825583457946777
87,source,55,-0.4942817687988281,-0.8828344941139221
87,source,56,-0.49334603548049927,-0.8806673884391785
87,source,57,-0.49602484703063965,-0.8851013779640198
87,source,58,-0.4958100914955139,-0.8855886459350586
87,source,59,-0.4963427484035492,-0.8864586353302002
87,source,60,-0.4948567748069763,-0.8850606083869934
87,source,61,-0.49481040239334106,-0.884881854057312
87,source,62,-0.4932686984539032,-0.8831718564033508
87,source,63,-0.4916840195655823,-0.8856641054153442
87,target,0,-0.5009859800338745,-0.8955675363540649
87,target,1,-0.5007154941558838,-0.9123324751853943
87,target,2,-0.5009455680847168,-0.9109127521514893
87,target,3,-0.50264573097229,-0.9000475406646729
87,target,4,-0.4955180287361145,-0.9152737259864807
87,target,5,-0.48673999309539795,-0.9342306852340698
87,target,6,-0.4899000823497772,-0.9447137117385864
87,target,7,-0.49388420581817627,-0.9037919640541077
87,target,8,-0.49227461218833923,-0.9039565324783325
87,target,9,-0.500737190246582,-0.8888193368911743
87,target,10,-0.49536409974098206,-0.8987094759941101
87,target,11,-0.49843618273735046,-0.9175516963005066
87,target,12,-0.4989561438560486,-0.9009755253791809
87,target,13,-0.49509620666503906,-0.910660982131958
87,target,14,-0.4963912069797516,-0.9118209481239319
87,target,15,-0.5018831491470337,-0.9120689630508423
87,target,16,-0.4975946247577667,-0.9058098793029785
87,target,17,-0.492260217666626,-0.9239968061447144
87,target,18,-0.4936404526233673,-0.9491031169891357
87,target,19,-0.4963727593421936,-0.9195166826248169
87,target,20,-0.48584264516830444,-0.9531369805335999
87,target,21,-0.48956501483917236,-0.9161341190338135
87,target,22,-0.49151811003685,-0.9287351965904236
87,target,23,-0.4982907474040985,-0.9187021851539612
87,target,24,-0.49552714824676514,-0.9196020364761353
87,target,25,-0.49934840202331543,-0.9190818071365356
87,target,26,-0.49405092000961304,-0.9023901224136353
87,target,27,-0.4926314651966095,-0.9207735657691956
87,target,28,-0.4929177165031433,-0.9138786792755127
87,target,29,-0.5028271675109863,-0.917719841003418
87,target,30,-0.4978063404560089,-0.9164513349533081
87,target,31,-0.4951966106891632,-0.9238895177841187
87,target,32,-0.5001583695411682,-0.9158657193183899
87,target,33,-0.5084368586540222,-0.9141772985458374
87,target,34,-0.5034466981887817,-0.9049835205078125
87,target,35,-0.5056368708610535,-0.9012916088104248
87,target,36,-0.5022323727607727,-0.9186857342720032
87,target,37,-0.5021293759346008,-0.9048240184783936
87,target,38,-0.5048592686653137,-0.9101866483688354
87,target,39,-0.5001112222671509,-0.9109051823616028
87,target,40,-0.5024246573448181,-0.9151899218559265
87,target,41,-0.49641212821006775,-0.9090855717658997
87,target,42,-0.496929407119751,-0.8902226090431213
87,target,43,-0.4912964701652527,-0.8766533732414246
87,target,44,-0.4930209517478943,-0.8859632611274719
87,target,45,-0.49158775806427,-0.8840120434761047
87,target,46,-0.49337953329086304,-0.8717354536056519
87,target,47,-0.5031177401542664,-0.8862138986587524
87,target,48,-0.5033439993858337,-0.8900176882743835
87,target,49,-0.4841349124908447,-0.8536893129348755
87,target,50,-0.49873843789100647,-0.8972594738006592
87,target,51,-0.5017780065536499,-0.9200977087020874
87,target,52,-0.49870455265045166,-0.9081186056137085
87,target,53,-0.498699426651001,-0.9050345420837402
87,target,54,-0.5042613744735718,-0.9276294708251953
87,target,55,-0.49451732635498047,-0.91370689868927
87,target,56,-0.49501892924308777,-0.8987627625465393
87,target,57,-0.49762195348739624,-0.8980880975723267
87,target,58,-0.4959946870803833,-0.9165762662887573
87,target,59,-0.5018578767776489,-0.8978016972541809
87,target,60,-0.5019581913948059,-0.9036068320274353
87,target,61,-0.5016464591026306,-0.898694634437561
87,target,62,-0.5039380788803101,-0.905525267124176
87,target,63,-0.49912533164024353,-0.8926658630371094
88,source,0,-0.38352498412132263,-0.8106510639190674
88,source,1,-0.386284738779068,-0.810046374797821
88,source,2,-0.3843109905719757,-0.8076541423797607
88,source,3,-0.3848586678504944,-0.808743953704834
88,source,4,-0.38400062918663025,-0.8050231337547302
88,source,5,-0.38501232862472534,-0.807253897190094
88,source,6,-0.38516706228256226,-0.8069875836372375
88,source,7,-0.3823520243167877,-0.804786741733551
88,source,8,-0.38426369428634644,-0.8062053918838501
88,source,9,-0.38447171449661255,-0.8041903972625732
88,source,10,-0.3840041160583496,-0.8073453307151794
88,source,11,-0.3840719759464264,-0.808021605014801
88,source,12,-0.3833514451980591,-0.8124359846115112
88,source,13,-0.3838607966899872,-0.8097324967384338
88,source,14,-0.3841683864593506,-0.8096948266029358
88,source,15,-0.38414883613586426,-0.8082146644592285
88,source,16,-0.3838304281234741,-0.8082101941108704
88,source,17,-0.3844883143901825,-0.807452917098999
88,source,18,-0.38480547070503235,-0.805145800113678
88,source,19,-0.3842293918132782,-0.8012744188308716
88,source,20,-0.38220107555389404,-0.8005857467651367
88,source,21,-0.3836160898208618,-0.801450252532959
88,source,22,-0.3830781579017639,-0.8027361035346985
88,source,23,-0.38688352704048157,-0.8074314594268799
88,source,24,-0.3879079222679138,-0.8115236759185791
88,source,25,-0.3841139078140259,-0.8128713369369507
88,source,26,-0.3852930963039398,-0.8093287944793701
88,source,27,-0.3835015594959259,-0.8051692843437195
88,source,28,-0.38218021392822266,-0.8043066263198853
88,source,29,-0.3819538652896881,-0.8052583336830139
88,source,30,-0.381828248500824,-0.8018996715545654
88,source,31,-0.37942779064178467,-0.7982745170593262
88,source,32,-0.3805011808872223,-0.8018264174461365
88,source,33,-0.3806914985179901,-0.8057923316955566
88,source,34,-0.3785266578197479,-0.8027648329734802
88,source,35,-0.38055410981178284,-0.8068626523017883
88,source,36,-0.38278451561927795,-0.8099320530891418
88,source,37,-0.3819163143634796,-0.8088555932044983
88,source,38,-0.3824339807033539,-0.8099286556243896
88,source,39,-0.38484516739845276,-0.8106322288513184
88,source,40,-0.3838815987110138,-0.8083106279373169
88,source,41,-0.3830438256263733,-0.8076938986778259
88,source,42,-0.3832014203071594,-0.8083340525627136
88,source,43,-0.3815748691558838,-0.8034914135932922
88,source,44,-0.3835083246231079,-0.808110237121582
88,source,45,-0.3837679922580719,-0.8064349293708801
88,source,46,-0.38297510147094727,-0.8064906001091003
88,source,47,-0.3857426345348358,-0.812447726726532
88,source,48,-0.3844808340072632,-0.8091341257095337
88,source,49,-0.3837140202522278,-0.8077460527420044
88,source,50,-0.38183555006980896,-0.8074071407318115
88,source,51,-0.38125815987586975,-0.8050556182861328
88,source,52,-0.3812043368816376,-0.8068230748176575
88,source,53,-0.38205668330192566,-0.8056069612503052
88,source,54,-0.38350415229797363,-0.8100348711013794
88,source,55,-0.3834021985530853,-0.8107015490531921
88,source,56,-0.38195908069610596,-0.80783611536026
88,source,57,-0.38405176997184753,-0.8113834857940674
88,source,58,-0.38523852825164795,-0.810187578201294
88,source,59,-0.3826785385608673,-0.8104090094566345
88,source,60,-0.3817364573478699,-0.8092341423034668
88,source,61,-0.38185447454452515,-0.8100837469100952
88,source,62,-0.3806052505970001,-0.8083878755569458
88,source,63,-0.3799767792224884,-0.8096423149108887
88,target,0,-0.3890059292316437,-0.8195699453353882
88,target,1,-0.3929400146007538,-0.8351450562477112
88,target,2,-0.39072611927986145,-0.828387439250946
88,target,3,-0.39328470826148987,-0.8216943740844727
88,target,4,-0.3903503715991974,-0.8311449289321899
88,target,5,-0.3902686536312103,-0.8479391932487488
88,target,6,-0.38413068652153015,-0.8480027914047241
88,target,7,-0.39009010791778564,-0.8243252038955688
88,target,8,-0.3914582431316376,-0.8310707807540894
88,target,9,-0.39409515261650085,-0.8087766766548157
88,target,10,-0.39124464988708496,-0.8168521523475647
88,target,11,-0.3939909040927887,-0.8322625160217285
88,target,12,-0.3962780237197876,-0.8210983276367188
88,target,13,-0.38884347677230835,-0.8273854851722717
88,target,14,-0.39323344826698303,-0.8278603553771973
88,target,15,-0.3962465524673462,-0.8301482200622559
88,target,16,-0.39521366357803345,-0.8268418908119202
88,target,17,-0.3921852111816406,-0.8413459062576294
88,target,18,-0.39592036604881287,-0.858536422252655
88,target,19,-0.39411142468452454,-0.8401150703430176
88,target,20,-0.39320242404937744,-0.8639008402824402
88,target,21,-0.38743236660957336,-0.8351280689239502
88,target,22,-0.3925696313381195,-0.8449515700340271
88,target,23,-0.39405325055122375,-0.8336105346679688
88,target,24,-0.39343127608299255,-0.8414968252182007
88,target,25,-0.39050373435020447,-0.8380368947982788
88,target,26,-0.38848739862442017,-0.8228180408477783
88,target,27,-0.38649752736091614,-0.8394831418991089
88,target,28,-0.3884037435054779,-0.8343420624732971
88,target,29,-0.3979494571685791,-0.835900068283081
88,target,30,-0.39080482721328735,-0.8333398699760437
88,target,31,-0.3927440643310547,-0.8394557237625122
88,target,32,-0.3961859941482544,-0.8347248435020447
88,target,33,-0.39976873993873596,-0.8347059488296509
88,target,34,-0.39505523443222046,-0.8281072378158569
88,target,35,-0.3987196385860443,-0.8250808119773865
88,target,36,-0.39696767926216125,-0.8385744094848633
88,target,37,-0.39534851908683777,-0.8291626572608948
88,target,38,-0.3949738144874573,-0.8311209082603455
88,target,39,-0.39077499508857727,-0.8316513895988464
88,target,40,-0.39941149950027466,-0.8349555730819702
88,target,41,-0.3958800733089447,-0.8328427076339722
88,target,42,-0.3880983293056488,-0.8132215738296509
88,target,43,-0.38394981622695923,-0.8049754500389099
88,target,44,-0.3863351047039032,-0.8114653825759888
88,target,45,-0.38586339354515076,-0.8122025728225708
88,target,46,-0.38344499468803406,-0.8082219958305359
88,target,47,-0.3970178961753845,-0.813452959060669
88,target,48,-0.39421510696411133,-0.815794050693512
88,target,49,-0.3719432055950165,-0.7925426363945007
88,target,50,-0.3921906650066376,-0.8274720907211304
88,target,51,-0.39808911085128784,-0.8374665379524231
88,target,52,-0.39324021339416504,-0.8285148739814758
88,target,53,-0.394854873418808,-0.8279341459274292
88,target,54,-0.4001566469669342,-0.8415958881378174
88,target,55,-0.39634960889816284,-0.8336760401725769
88,target,56,-0.3935460150241852,-0.8227139115333557
88,target,57,-0.39342695474624634,-0.819093644618988
88,target,58,-0.3961496949195862,-0.8312300443649292
88,target,59,-0.39741796255111694,-0.8219910860061646
88,target,60,-0.3938222825527191,-0.8272246718406677
88,target,61,-0.3925095796585083,-0.8232346177101135
88,target,62,-0.3944677412509918,-0.8312917351722717
88,target,63,-0.3934907019138336,-0.8171905279159546
89,source,0,-0.3457225263118744,-0.8428048491477966
89,source,1,-0.3465043008327484,-0.84104984998703
89,source,2,-0.3446037769317627,-0.8387665748596191
89,source,3,-0.3453517556190491,-0.8392664194107056
89,source,4,-0.34520331025123596,-0.8371285796165466
89,source,5,-0.3447244167327881,-0.8382472395896912
89,source,6,-0.3436886966228485,-0.8368711471557617
89,source,7,-0.3415791988372803,-0.8356066942214966
89,source,8,-0.34446677565574646,-0.8372604846954346
89,source,9,-0.3444395959377289,-0.8349003195762634
89,source,10,-0.3457218408584595,-0.8390948176383972
89,source,11,-0.34432294964790344,-0.8401052355766296
89,source,12,-0.3437209725379944,-0.8435778617858887
89,source,13,-0.34346163272857666,-0.8416069746017456
89,source,14,-0.34507954120635986,-0.8414230346679688
89,source,15,-0.34533852338790894,-0.8393538594245911
89,source,16,-0.34255450963974,-0.8374198079109192
89,source,17,-0.3426961600780487,-0.837881863117218
89,source,18,-0.3460870087146759,-0.8367701768875122
89,source,19,-0.3442283272743225,-0.8329946994781494
89,source,20,-0.3416258990764618,-0.8322336077690125
89,source,21,-0.3427000343799591,-0.8317588567733765
89,source,22,-0.3414945900440216,-0.8339961767196655
89,source,23,-0.34443899989128113,-0.837577760219574
89,source,24,-0.34705841541290283,-0.8407905697822571
89,source,25,-0.3433791697025299,-0.8421087861061096
89,source,26,-0.3454885482788086,-0.8385812640190125
89,source,27,-0.34511566162109375,-0.837417483329773
89,source,28,-0.34259095788002014,-0.8358807563781738
89,source,29,-0.3438795208930969,-0.8374160528182983
89,source,30,-0.34134262800216675,-0.8304399251937866
89,source,31,-0.3399288058280945,-0.828044593334198
89,source,32,-0.3413778841495514,-0.8299093842506409
89,source,33,-0.3393401503562927,-0.8332949876785278
89,source,34,-0.33756452798843384,-0.8319104909896851
89,source,35,-0.3405049741268158,-0.8359581232070923
89,source,36,-0.3429873585700989,-0.8391278982162476
89,source,37,-0.34226974844932556,-0.838779091835022
89,source,38,-0.3440435528755188,-0.8403822779655457
89,source,39,-0.34496134519577026,-0.8398734927177429
89,source,40,-0.34263283014297485,-0.8381627202033997
89,source,41,-0.34263816475868225,-0.8383668065071106
89,source,42,-0.34423044323921204,-0.8394942879676819
89,source,43,-0.34192362427711487,-0.834495484828949
89,source,44,-0.34251752495765686,-0.8375001549720764
89,source,45,-0.3433898389339447,-0.8366343975067139
89,source,46,-0.34310951828956604,-0.837689220905304
89,source,47,-0.3459533751010895,-0.8441980481147766
89,source,48,-0.34413474798202515,-0.841020405292511
89,source,49,-0.34414994716644287,-0.8396399021148682
89,source,50,-0.3444128632545471,-0.8403167724609375
89,source,51,-0.34451642632484436,-0.8384345173835754
89,source,52,-0.34337949752807617,-0.8373296856880188
89,source,53,-0.34479260444641113,-0.8380298614501953
89,source,54,-0.34499698877334595,-0.8397345542907715
89,source,55,-0.3443138003349304,-0.8399181365966797
89,source,56,-0.34173500537872314,-0.8366250395774841
89,source,57,-0.34445223212242126,-0.8413705825805664
89,source,58,-0.3451004922389984,-0.84196937084198
89,source,59,-0.34187808632850647,-0.8403347730636597
89,source,60,-0.34171363711357117,-0.8397523164749146
89,source,61,-0.34153875708580017,-0.8409361839294434
89,source,62,-0.34125879406929016,-0.8403343558311462
89,source,63,-0.34081873297691345,-0.8429095149040222
89,target,0,-0.3510381281375885,-0.8568646311759949
89,target,1,-0.35183048248291016,-0.8673660159111023
89,target,2,-0.3506990969181061,-0.8600258827209473
89,target,3,-0.35515105724334717,-0.854027271270752
89,target,4,-0.3508654832839966,-0.8654590249061584
89,target,5,-0.3486109673976898,-0.8834035992622375
89,target,6,-0.3356267809867859,-0.8780162930488586
89,target,7,-0.35123246908187866,-0.860546886920929
89,target,8,-0.34822094440460205,-0.8644639849662781
89,target,9,-0.3547765016555786,-0.8473537564277649
89,target,10,-0.35109490156173706,-0.8488385081291199
89,target,11,-0.3553449213504791,-0.8683550357818604
89,target,12,-0.3574770390987396,-0.8569728136062622
89,target,13,-0.3553805351257324,-0.8659020662307739
89,target,14,-0.3574507534503937,-0.8630226254463196
89,target,15,-0.357705295085907,-0.8645893335342407
89,target,16,-0.3560003638267517,-0.8599503636360168
89,target,17,-0.3485216498374939,-0.8686332702636719
89,target,18,-0.35044288635253906,-0.8916504979133606
89,target,19,-0.3497934341430664,-0.8713529706001282
89,target,20,-0.3485705554485321,-0.8948710560798645
89,target,21,-0.34418508410453796,-0.8668406009674072
89,target,22,-0.3546089828014374,-0.8767731785774231
89,target,23,-0.351932555437088,-0.8628252148628235
89,target,24,-0.3514198660850525,-0.8703100085258484
89,target,25,-0.3494706451892853,-0.8675476312637329
89,target,26,-0.34740856289863586,-0.8539193868637085
89,target,27,-0.3463533818721771,-0.8668398261070251
89,target,28,-0.3458365201950073,-0.860925555229187
89,target,29,-0.35852786898612976,-0.8693082332611084
89,target,30,-0.3511587679386139,-0.8643153309822083
89,target,31,-0.34686702489852905,-0.8753764629364014
89,target,32,-0.3516950011253357,-0.8688682317733765
89,target,33,-0.35385364294052124,-0.8614669442176819
89,target,34,-0.3545799255371094,-0.8589828610420227
89,target,35,-0.36128348112106323,-0.8579161167144775
89,target,36,-0.35079580545425415,-0.8660628199577332
89,target,37,-0.35567954182624817,-0.856752872467041
89,target,38,-0.3563806116580963,-0.8620802760124207
89,target,39,-0.3493667542934418,-0.8646736741065979
89,target,40,-0.3590596914291382,-0.8700454831123352
89,target,41,-0.3580080270767212,-0.8684864640235901
89,target,42,-0.3496299386024475,-0.8480694890022278
89,target,43,-0.3439491391181946,-0.8405184745788574
89,target,44,-0.34601983428001404,-0.8471927046775818
89,target,45,-0.3470022976398468,-0.846537709236145
89,target,46,-0.34568706154823303,-0.846474289894104
89,target,47,-0.3566162586212158,-0.8477077484130859
89,target,48,-0.3607524633407593,-0.8517666459083557
89,target,49,-0.33986830711364746,-0.8316677808761597
89,target,50,-0.36151254177093506,-0.8651992678642273
89,target,51,-0.35858914256095886,-0.8687635064125061
89,target,52,-0.35431525111198425,-0.862301766872406
89,target,53,-0.35760560631752014,-0.8622471690177917
89,target,54,-0.36372414231300354,-0.8768405914306641
89,target,55,-0.3618679344654083,-0.8685871958732605
89,target,56,-0.3540710210800171,-0.8581627607345581
89,target,57,-0.35220658779144287,-0.8529849648475647
89,target,58,-0.359951913356781,-0.8693261742591858
89,target,59,-0.3595196008682251,-0.8560377359390259
89,target,60,-0.3550833761692047,-0.8623451590538025
89,target,61,-0.3557274043560028,-0.8581981658935547
89,target,62,-0.35404637455940247,-0.8625964522361755
89,target,63,-0.35580652952194214,-0.8502297401428223
90,source,0,-0.28896838426589966,-0.7820624113082886
90,source,1,-0.28999802470207214,-0.7812890410423279
90,source,2,-0.28852027654647827,-0.7791330814361572
90,source,3,-0.28839901089668274,-0.7781342267990112
90,source,4,-0.28874316811561584,-0.7740796804428101
90,source,5,-0.28796085715293884,-0.7764714360237122
90,source,6,-0.287273645401001,-0.7773333191871643
90,source,7,-0.2860078811645508,-0.7760522961616516
90,source,8,-0.29098305106163025,-0.7789784669876099
90,source,9,-0.28874167799949646,-0.7755955457687378
90,source,10,-0.29234570264816284,-0.7827526330947876
90,source,11,-0.29123052954673767,-0.7846692204475403
90,source,12,-0.2890872061252594,-0.78963303565979
90,source,13,-0.2871370315551758,-0.7827453017234802
90,source,14,-0.2911505401134491,-0.7833961844444275
90,source,15,-0.2915267050266266,-0.7801775932312012
90,source,16,-0.286962628364563,-0.7769407033920288
90,source,17,-0.2892909646034241,-0.781221866607666
90,source,18,-0.2911321818828583,-0.7769767045974731
90,source,19,-0.28939661383628845,-0.7733170986175537
90,source,20,-0.2879035472869873,-0.7728296518325806
90,source,21,-0.2883302867412567,-0.7733168601989746
90,source,22,-0.28838369250297546,-0.777604877948761
90,source,23,-0.29340800642967224,-0.7824245691299438
90,source,24,-0.2959953844547272,-0.7884068489074707
90,source,25,-0.2903970777988434,-0.789246678352356
90,source,26,-0.29265478253364563,-0.7842695116996765
90,source,27,-0.29124802350997925,-0.782329261302948
90,source,28,-0.28881072998046875,-0.7800068259239197
90,source,29,-0.29266414046287537,-0.7818045616149902
90,source,30,-0.28741908073425293,-0.7732144594192505
90,source,31,-0.28422659635543823,-0.7694778442382812
90,source,32,-0.28364527225494385,-0.7701936960220337
90,source,33,-0.2843414545059204,-0.7755410075187683
90,source,34,-0.2848898768424988,-0.7738951444625854
90,source,35,-0.2875879108905792,-0.7766338586807251
90,source,36,-0.2893332839012146,-0.7808164954185486
90,source,37,-0.28878116607666016,-0.7814910411834717
90,source,38,-0.2918590009212494,-0.7853366136550903
90,source,39,-0.2925877571105957,-0.7838656306266785
90,source,40,-0.28929823637008667,-0.781075119972229
90,source,41,-0.29052647948265076,-0.7808257937431335
90,source,42,-0.2919793426990509,-0.7815982103347778
90,source,43,-0.29024192690849304,-0.7758440971374512
90,source,44,-0.2904309630393982,-0.7788712382316589
90,source,45,-0.2901618778705597,-0.7768439054489136
90,source,46,-0.29012376070022583,-0.7778911590576172
90,source,47,-0.29059091210365295,-0.7844034433364868
90,source,48,-0.2896690368652344,-0.7816197872161865
90,source,49,-0.291061133146286,-0.7804271578788757
90,source,50,-0.2901477515697479,-0.7836638689041138
90,source,51,-0.2889786660671234,-0.7801010012626648
90,source,52,-0.2897060811519623,-0.7807361483573914
90,source,53,-0.2908365726470947,-0.7814720273017883
90,source,54,-0.2918212115764618,-0.7844002842903137
90,source,55,-0.29218238592147827,-0.7853676080703735
90,source,56,-0.2874365448951721,-0.7798422574996948
90,source,57,-0.2920118570327759,-0.7861430048942566
90,source,58,-0.2912645637989044,-0.7845865488052368
90,source,59,-0.28749215602874756,-0.784743070602417
90,source,60,-0.28850531578063965,-0.7848359942436218
90,source,61,-0.2863385081291199,-0.7849612236022949
90,source,62,-0.28524869680404663,-0.7841178178787231
90,source,63,-0.2865296006202698,-0.7883524298667908
90,target,0,-0.2986868619918823,-0.7959952354431152
90,target,1,-0.3017042279243469,-0.818025529384613
90,target,2,-0.2931636571884155,-0.8045336604118347
90,target,3,-0.3016988933086395,-0.7965736985206604
90,target,4,-0.30226507782936096,-0.8148032426834106
90,target,5,-0.2971770763397217,-0.837559700012207
90,target,6,-0.2816155254840851,-0.841066837310791
90,target,7,-0.3029681444168091,-0.8059960007667542
90,target,8,-0.29919320344924927,-0.8155709505081177
90,target,9,-0.2987098693847656,-0.7876561284065247
90,target,10,-0.2983302175998688,-0.7948482036590576
90,target,11,-0.30632200837135315,-0.8152908682823181
90,target,12,-0.3047761023044586,-0.8022214770317078
90,target,13,-0.30415230989456177,-0.8084665536880493
90,target,14,-0.30198296904563904,-0.8070732951164246
90,target,15,-0.3020527958869934,-0.8077187538146973
90,target,16,-0.30331018567085266,-0.8045742511749268
90,target,17,-0.3003620207309723,-0.8229588270187378
90,target,18,-0.3012256920337677,-0.8538751006126404
90,target,19,-0.3005494773387909,-0.8238855004310608
90,target,20,-0.3049033284187317,-0.8616560697555542
90,target,21,-0.29087120294570923,-0.8228859901428223
90,target,22,-0.3035963177680969,-0.8303362727165222
90,target,23,-0.30412688851356506,-0.812676727771759
90,target,24,-0.3003298044204712,-0.8251736760139465
90,target,25,-0.2980457842350006,-0.8180474042892456
90,target,26,-0.2966000735759735,-0.8015848994255066
90,target,27,-0.29562386870384216,-0.8194624781608582
90,target,28,-0.29006263613700867,-0.8089525103569031
90,target,29,-0.3113384246826172,-0.8193572759628296
90,target,30,-0.29985228180885315,-0.8127158284187317
90,target,31,-0.2974216043949127,-0.8300065398216248
90,target,32,-0.3029390573501587,-0.8223112225532532
90,target,33,-0.2994959056377411,-0.8103970289230347
90,target,34,-0.3036910891532898,-0.8070987462997437
90,target,35,-0.29949432611465454,-0.8004711270332336
90,target,36,-0.295530766248703,-0.8185002207756042
90,target,37,-0.3014642894268036,-0.8014309406280518
90,target,38,-0.3051275908946991,-0.8107019662857056
90,target,39,-0.30542275309562683,-0.8155194520950317
90,target,40,-0.30848827958106995,-0.8160290718078613
90,target,41,-0.3066501319408417,-0.8146228790283203
90,target,42,-0.30137109756469727,-0.7914091348648071
90,target,43,-0.2935919761657715,-0.7803267240524292
90,target,44,-0.2926028370857239,-0.7872227430343628
90,target,45,-0.2950364649295807,-0.788391649723053
90,target,46,-0.28714796900749207,-0.7807679176330566
90,target,47,-0.30703863501548767,-0.7874872088432312
90,target,48,-0.3075467348098755,-0.7917789816856384
90,target,49,-0.28392529487609863,-0.7682549953460693
90,target,50,-0.30697157979011536,-0.8038021922111511
90,target,51,-0.3085831105709076,-0.8155121803283691
90,target,52,-0.30525240302085876,-0.8080328106880188
90,target,53,-0.31055688858032227,-0.804093599319458
90,target,54,-0.31850185990333557,-0.8282811641693115
90,target,55,-0.3200169801712036,-0.817449152469635
90,target,56,-0.30305612087249756,-0.7987637519836426
90,target,57,-0.3056643009185791,-0.7975775599479675
90,target,58,-0.3145545721054077,-0.8170456886291504
90,target,59,-0.3110430836677551,-0.7989304065704346
90,target,60,-0.30669012665748596,-0.8059393763542175
90,target,61,-0.3069206476211548,-0.8000995516777039
90,target,62,-0.3009709119796753,-0.8038957715034485
90,target,63,-0.3054080307483673,-0.7873717546463013
91,source,0,-0.09305059909820557,-0.7133708000183105
91,source,1,-0.09326934814453125,-0.7126134037971497
91,source,2,-0.09396058320999146,-0.7135834693908691
91,source,3,-0.09662973880767822,-0.7128934860229492
91,source,4,-0.10415130853652954,-0.7041626572608948
91,source,5,-0.09957015514373779,-0.7044881582260132
91,source,6,-0.09991258382797241,-0.7118821144104004
91,source,7,-0.08580410480499268,-0.7039570808410645
91,source,8,-0.09207028150558472,-0.7080389261245728
91,source,9,-0.08383077383041382,-0.6976432204246521
91,source,10,-0.08609449863433838,-0.7099858522415161
91,source,11,-0.0825302004814148,-0.708293616771698
91,source,12,-0.06675148010253906,-0.7173322439193726
91,source,13,-0.0850476622581482,-0.7147171497344971
91,source,14,-0.08077597618103027,-0.708175539970398
91,source,15,-0.08608973026275635,-0.7071606516838074
91,source,16,-0.07911306619644165,-0.6976468563079834
91,source,17,-0.08167654275894165,-0.7011333107948303
91,source,18,-0.09345483779907227,-0.6965820789337158
91,source,19,-0.09638893604278564,-0.6904569268226624
91,source,20,-0.09421628713607788,-0.6992974877357483
91,source,21,-0.0859571099281311,-0.6960066556930542
91,source,22,-0.08538901805877686,-0.7018929719924927
91,source,23,-0.09731978178024292,-0.7106355428695679
91,source,24,-0.08981800079345703,-0.7184687256813049
91,source,25,-0.07599568367004395,-0.7187637686729431
91,source,26,-0.09760171175003052,-0.7155097723007202
91,source,27,-0.09369122982025146,-0.711704432964325
91,source,28,-0.08820837736129761,-0.7018094062805176
91,source,29,-0.08945977687835693,-0.7063162922859192
91,source,30,-0.08916383981704712,-0.693426251411438
91,source,31,-0.09333181381225586,-0.6913792490959167
91,source,32,-0.08716398477554321,-0.6922536492347717
91,source,33,-0.08142232894897461,-0.7010930776596069
91,source,34,-0.07881379127502441,-0.6980583667755127
91,source,35,-0.08060598373413086,-0.7041388750076294
91,source,36,-0.08668899536132812,-0.7111297845840454
91,source,37,-0.08377546072006226,-0.7081900835037231
91,source,38,-0.09514075517654419,-0.7176440358161926
91,source,39,-0.09479469060897827,-0.7107333540916443
91,source,40,-0.09432399272918701,-0.7061991691589355
91,source,41,-0.09030115604400635,-0.7060979604721069
91,source,42,-0.09396255016326904,-0.7061677575111389
91,source,43,-0.08947193622589111,-0.6946945190429688
91,source,44,-0.08607625961303711,-0.6998670697212219
91,source,45,-0.08879250288009644,-0.7015425562858582
91,source,46,-0.08972364664077759,-0.7022237181663513
91,source,47,-0.08677500486373901,-0.7118159532546997
91,source,48,-0.09714388847351074,-0.7117661833763123
91,source,49,-0.0948415994644165,-0.7079336047172546
91,source,50,-0.09773540496826172,-0.7136290669441223
91,source,51,-0.09318077564239502,-0.7079687714576721
91,source,52,-0.0951378345489502,-0.7059065103530884
91,source,53,-0.09693378210067749,-0.7114713191986084
91,source,54,-0.09541785717010498,-0.7165027260780334
91,source,55,-0.08999776840209961,-0.7111329436302185
91,source,56,-0.08487552404403687,-0.7013596892356873
91,source,57,-0.08500134944915771,-0.7111803889274597
91,source,58,-0.08356666564941406,-0.7097049355506897
91,source,59,-0.08070206642150879,-0.7117721438407898
91,source,60,-0.07644057273864746,-0.7120102047920227
91,source,61,-0.07560127973556519,-0.7138582468032837
91,source,62,-0.07419657707214355,-0.7174646258354187
91,source,63,-0.06795328855514526,-0.7255521416664124
91,target,0,-0.1187085509300232,-0.7001277208328247
91,target,1,-0.09938555955886841,-0.7468307614326477
91,target,2,-0.08757907152175903,-0.7477840185165405
91,target,3,-0.10533279180526733,-0.733394980430603
91,target,4,-0.09696334600448608,-0.7232047319412231
91,target,5,-0.06728655099868774,-0.7728902697563171
91,target,6,-0.007485866546630859,-0.774925708770752
91,target,7,-0.09777563810348511,-0.7261021733283997
91,target,8,-0.0926477313041687,-0.7573402523994446
91,target,9,-0.10354799032211304,-0.6930146217346191
91,target,10,-0.09331786632537842,-0.6900826096534729
91,target,11,-0.09553718566894531,-0.7303556203842163
91,target,12,-0.0949895977973938,-0.7052390575408936
91,target,13,-0.10149741172790527,-0.7221783995628357
91,target,14,-0.10576409101486206,-0.723034143447876
91,target,15,-0.10463035106658936,-0.7277572154998779
91,target,16,-0.10115623474121094,-0.7226290702819824
91,target,17,-0.09130173921585083,-0.7603713274002075
91,target,18,-0.06092041730880737,-0.7715505361557007
91,target,19,-0.10191100835800171,-0.744009792804718
91,target,20,-0.06953281164169312,-0.789647102355957
91,target,21,-0.08674508333206177,-0.7636736035346985
91,target,22,-0.08197623491287231,-0.727217435836792
91,target,23,-0.0945543646812439,-0.7145513296127319
91,target,24,-0.09381431341171265,-0.7676276564598083
91,target,25,-0.08391648530960083,-0.7425532341003418
91,target,26,-0.0878288745880127,-0.7241160869598389
91,target,27,-0.08728599548339844,-0.7598668336868286
91,target,28,-0.06760036945343018,-0.7513121962547302
91,target,29,-0.11518239974975586,-0.7439112663269043
91,target,30,-0.07462549209594727,-0.7431232333183289
91,target,31,-0.08469241857528687,-0.7776200175285339
91,target,32,-0.08137273788452148,-0.7438883185386658
91,target,33,-0.0837438702583313,-0.7447357773780823
91,target,34,-0.08417868614196777,-0.7298831939697266
91,target,35,-0.09383916854858398,-0.7183378338813782
91,target,36,-0.07938069105148315,-0.7608393430709839
91,target,37,-0.08735740184783936,-0.7207560539245605
91,target,38,-0.08614885807037354,-0.7300792932510376
91,target,39,-0.07483208179473877,-0.7351832389831543
91,target,40,-0.12265646457672119,-0.7296330332756042
91,target,41,-0.10829973220825195,-0.7122275829315186
91,target,42,-0.10118609666824341,-0.7146453261375427
91,target,43,-0.09324377775192261,-0.6858872175216675
91,target,44,-0.08704817295074463,-0.708872377872467
91,target,45,-0.07993066310882568,-0.7048085927963257
91,target,46,-0.0911521315574646,-0.6956296563148499
91,target,47,-0.12121886014938354,-0.6889081597328186
91,target,48,-0.11955684423446655,-0.6910425424575806
91,target,49,-0.08171433210372925,-0.6854158043861389
91,target,50,-0.09008103609085083,-0.7215017676353455
91,target,51,-0.1118232011795044,-0.7266520261764526
91,target,52,-0.10687357187271118,-0.7159038186073303
91,target,53,-0.11709856986999512,-0.725531280040741
91,target,54,-0.11538517475128174,-0.7405030727386475
91,target,55,-0.12430590391159058,-0.7223064303398132
91,target,56,-0.11788511276245117,-0.7089447975158691
91,target,57,-0.11926358938217163,-0.7165790796279907
91,target,58,-0.12306851148605347,-0.7185867428779602
91,target,59,-0.12013548612594604,-0.7043113708496094
91,target,60,-0.11406397819519043,-0.7215332388877869
91,target,61,-0.11390811204910278,-0.7176550626754761
91,target,62,-0.08735555410385132,-0.7208170294761658
91,target,63,-0.1145561933517456,-0.6909286975860596
92,source,0,-0.15733039379119873,-0.7120214700698853
92,source,1,-0.16291075944900513,-0.7095487117767334
92,source,2,-0.16418427228927612,-0.7121757864952087
92,source,3,-0.16970762610435486,-0.7113010883331299
92,source,4,-0.17108047008514404,-0.7013949155807495
92,source,5,-0.16035062074661255,-0.6939530372619629
92,source,6,-0.16327545046806335,-0.6983572840690613
92,source,7,-0.1541576087474823,-0.6936147809028625
92,source,8,-0.16024914383888245,-0.6978738903999329
92,source,9,-0.15883862972259521,-0.6849899888038635
92,source,10,-0.1584492027759552,-0.7050174474716187
92,source,11,-0.15019512176513672,-0.704383134841919
92,source,12,-0.13832569122314453,-0.7144286632537842
92,source,13,-0.1609078347682953,-0.7111907005310059
92,source,14,-0.15216460824012756,-0.7032920122146606
92,source,15,-0.15507572889328003,-0.6972015500068665
92,source,16,-0.1519547998905182,-0.6887889504432678
92,source,17,-0.1557914912700653,-0.6978245377540588
92,source,18,-0.16681087017059326,-0.6931617856025696
92,source,19,-0.16214978694915771,-0.6827808022499084
92,source,20,-0.16338405013084412,-0.6959031820297241
92,source,21,-0.15858447551727295,-0.6917778253555298
92,source,22,-0.1529420018196106,-0.6963266730308533
92,source,23,-0.1656469702720642,-0.705173909664154
92,source,24,-0.16029661893844604,-0.7138592004776001
92,source,25,-0.1513875424861908,-0.7214123010635376
92,source,26,-0.15661948919296265,-0.707924485206604
92,source,27,-0.1582815945148468,-0.7065001726150513
92,source,28,-0.15330830216407776,-0.7024317979812622
92,source,29,-0.15483984351158142,-0.7035450339317322
92,source,30,-0.1427474021911621,-0.687664270401001
92,source,31,-0.1446734070777893,-0.6752020120620728
92,source,32,-0.14307564496994019,-0.6807758808135986
92,source,33,-0.150373637676239,-0.6972253918647766
92,source,34,-0.1491619348526001,-0.6868825554847717
92,source,35,-0.15671104192733765,-0.6924843788146973
92,source,36,-0.1618039608001709,-0.7024611830711365
92,source,37,-0.15742361545562744,-0.7028186321258545
92,source,38,-0.16316062211990356,-0.7125231623649597
92,source,39,-0.1620970070362091,-0.701457679271698
92,source,40,-0.16387680172920227,-0.6983130574226379
92,source,41,-0.1547214388847351,-0.694369912147522
92,source,42,-0.15727561712265015,-0.6930364966392517
92,source,43,-0.15417274832725525,-0.6809118390083313
92,source,44,-0.15003979206085205,-0.6898049116134644
92,source,45,-0.15419429540634155,-0.6886608004570007
92,source,46,-0.1559222936630249,-0.6885696649551392
92,source,47,-0.15345552563667297,-0.7010222673416138
92,source,48,-0.1573948860168457,-0.696489691734314
92,source,49,-0.15807464718818665,-0.6975011825561523
92,source,50,-0.1587781012058258,-0.7089980244636536
92,source,51,-0.15775108337402344,-0.7011834979057312
92,source,52,-0.1598968207836151,-0.7006499171257019
92,source,53,-0.158258855342865,-0.7031226754188538
92,source,54,-0.15503084659576416,-0.7118963003158569
92,source,55,-0.15239790081977844,-0.7123537063598633
92,source,56,-0.15070238709449768,-0.6955330967903137
92,source,57,-0.15087872743606567,-0.7086767554283142
92,source,58,-0.15443217754364014,-0.7082511186599731
92,source,59,-0.1515287160873413,-0.7124955654144287
92,source,60,-0.1457253098487854,-0.7113878726959229
92,source,61,-0.14404398202896118,-0.7145254015922546
92,source,62,-0.14179646968841553,-0.7116853594779968
92,source,63,-0.13938045501708984,-0.7236899137496948
92,target,0,-0.1795274019241333,-0.7064046263694763
92,target,1,-0.1672632396221161,-0.7584725618362427
92,target,2,-0.16548413038253784,-0.7595975995063782
92,target,3,-0.17509257793426514,-0.7321111559867859
92,target,4,-0.17773565649986267,-0.7262058258056641
92,target,5,-0.19625046849250793,-0.8169910311698914
92,target,6,-0.11533921957015991,-0.827506422996521
92,target,7,-0.19240635633468628,-0.7389475107192993
92,target,8,-0.18607279658317566,-0.7719790935516357
92,target,9,-0.1919861137866974,-0.7098501920700073
92,target,10,-0.169043630361557,-0.71470046043396
92,target,11,-0.17407846450805664,-0.762336015701294
92,target,12,-0.1937270164489746,-0.7389838695526123
92,target,13,-0.18758705258369446,-0.7331928014755249
92,target,14,-0.19326841831207275,-0.7462559342384338
92,target,15,-0.18313002586364746,-0.7487015128135681
92,target,16,-0.1755458116531372,-0.739018976688385
92,target,17,-0.18089908361434937,-0.7920209765434265
92,target,18,-0.18101590871810913,-0.8240675330162048
92,target,19,-0.19276413321495056,-0.7618014216423035
92,target,20,-0.19161221385002136,-0.8239705562591553
92,target,21,-0.17601141333580017,-0.7815441489219666
92,target,22,-0.1823694109916687,-0.7686032056808472
92,target,23,-0.19463887810707092,-0.7414143085479736
92,target,24,-0.17820826172828674,-0.7849377989768982
92,target,25,-0.15963712334632874,-0.7628622651100159
92,target,26,-0.17701372504234314,-0.7329619526863098
92,target,27,-0.16686111688613892,-0.7799709439277649
92,target,28,-0.14090168476104736,-0.766581654548645
92,target,29,-0.19160610437393188,-0.7620115280151367
92,target,30,-0.14937880635261536,-0.7747406959533691
92,target,31,-0.17259284853935242,-0.8139352202415466
92,target,32,-0.1724790334701538,-0.7805250287055969
92,target,33,-0.15929099917411804,-0.7667611241340637
92,target,34,-0.1572638750076294,-0.7455533146858215
92,target,35,-0.1770687699317932,-0.7313510775566101
92,target,36,-0.16666004061698914,-0.7841532230377197
92,target,37,-0.15659594535827637,-0.728843092918396
92,target,38,-0.16733336448669434,-0.7464301586151123
92,target,39,-0.15114367008209229,-0.753541886806488
92,target,40,-0.19815996289253235,-0.7446909546852112
92,target,41,-0.18727999925613403,-0.7392971515655518
92,target,42,-0.1806907057762146,-0.711055338382721
92,target,43,-0.1709572970867157,-0.6998370885848999
92,target,44,-0.17831280827522278,-0.7124647498130798
92,target,45,-0.16993746161460876,-0.7141517400741577
92,target,46,-0.16709905862808228,-0.7034658789634705
92,target,47,-0.19911903142929077,-0.6894739866256714
92,target,48,-0.18866342306137085,-0.6903559565544128
92,target,49,-0.14941072463989258,-0.6778579354286194
92,target,50,-0.17490443587303162,-0.7266899347305298
92,target,51,-0.20585975050926208,-0.7555326223373413
92,target,52,-0.17577630281448364,-0.7242593169212341
92,target,53,-0.20855236053466797,-0.7380015850067139
92,target,54,-0.20236200094223022,-0.7699309587478638
92,target,55,-0.21397465467453003,-0.7466073632240295
92,target,56,-0.21377131342887878,-0.7270721197128296
92,target,57,-0.2028144896030426,-0.7278696298599243
92,target,58,-0.21679344773292542,-0.7512044310569763
92,target,59,-0.20457029342651367,-0.7177194952964783
92,target,60,-0.1912376880645752,-0.7296479344367981
92,target,61,-0.19353580474853516,-0.7249549627304077
92,target,62,-0.16999417543411255,-0.7251811027526855
92,target,63,-0.194083571434021,-0.6910871863365173
93,source,0,-0.1396835446357727,-0.7562234401702881
93,source,1,-0.1464245319366455,-0.7560990452766418
93,source,2,-0.14587634801864624,-0.7566890716552734
93,source,3,-0.14998599886894226,-0.7534433603286743
93,source,4,-0.15060961246490479,-0.7421000003814697
93,source,5,-0.14857959747314453,-0.7422590255737305
93,source,6,-0.1495196521282196,-0.7439901828765869
93,source,7,-0.14862143993377686,-0.7462593913078308
93,source,8,-0.1495307981967926,-0.7493765354156494
93,source,9,-0.1470891535282135,-0.7393544316291809
93,source,10,-0.14451587200164795,-0.754034698009491
93,source,11,-0.13930296897888184,-0.756238579750061
93,source,12,-0.125812828540802,-0.7639482617378235
93,source,13,-0.14268481731414795,-0.7557776570320129
93,source,14,-0.13865059614181519,-0.7532374858856201
93,source,15,-0.13763147592544556,-0.7447035908699036
93,source,16,-0.13755661249160767,-0.7417507171630859
93,source,17,-0.14192241430282593,-0.7509859204292297
93,source,18,-0.15019750595092773,-0.7441023588180542
93,source,19,-0.1501709222793579,-0.7375996112823486
93,source,20,-0.15025746822357178,-0.7442761063575745
93,source,21,-0.15029165148735046,-0.7455817461013794
93,source,22,-0.1473025381565094,-0.7518177628517151
93,source,23,-0.15882259607315063,-0.7571764588356018
93,source,24,-0.15438750386238098,-0.7681304812431335
93,source,25,-0.1450117826461792,-0.7756315469741821
93,source,26,-0.14620375633239746,-0.7617922425270081
93,source,27,-0.14875435829162598,-0.7601832151412964
93,source,28,-0.14241349697113037,-0.7543820142745972
93,source,29,-0.14411264657974243,-0.7542290091514587
93,source,30,-0.13820689916610718,-0.7435740232467651
93,source,31,-0.1317915916442871,-0.7262835502624512
93,source,32,-0.1321721076965332,-0.7349056005477905
93,source,33,-0.1337936520576477,-0.7486861944198608
93,source,34,-0.13493460416793823,-0.7420280575752258
93,source,35,-0.14175516366958618,-0.7461616396903992
93,source,36,-0.1425366997718811,-0.7531379461288452
93,source,37,-0.14124464988708496,-0.7570260167121887
93,source,38,-0.1467776596546173,-0.7603622078895569
93,source,39,-0.14405536651611328,-0.7498826384544373
93,source,40,-0.14409500360488892,-0.74704909324646
93,source,41,-0.13683664798736572,-0.7445415258407593
93,source,42,-0.14138323068618774,-0.7429130673408508
93,source,43,-0.13677644729614258,-0.7300938963890076
93,source,44,-0.134962797164917,-0.7429366707801819
93,source,45,-0.1338893175125122,-0.7353432178497314
93,source,46,-0.13680040836334229,-0.7370233535766602
93,source,47,-0.1383523941040039,-0.7504206895828247
93,source,48,-0.14206218719482422,-0.7444469928741455
93,source,49,-0.1469981074333191,-0.7495920062065125
93,source,50,-0.14623114466667175,-0.7594913244247437
93,source,51,-0.14253383874893188,-0.7516276836395264
93,source,52,-0.14315366744995117,-0.750337541103363
93,source,53,-0.14377737045288086,-0.7487064003944397
93,source,54,-0.14532053470611572,-0.759557843208313
93,source,55,-0.1451561450958252,-0.7610964775085449
93,source,56,-0.14208179712295532,-0.7484923005104065
93,source,57,-0.1449657678604126,-0.762341320514679
93,source,58,-0.14642193913459778,-0.7614689469337463
93,source,59,-0.14236962795257568,-0.7651880383491516
93,source,60,-0.13883495330810547,-0.7667951583862305
93,source,61,-0.13496524095535278,-0.7678284645080566
93,source,62,-0.1295972466468811,-0.763038694858551
93,source,63,-0.12608057260513306,-0.7753312587738037
93,target,0,-0.1855492889881134,-0.7662590146064758
93,target,1,-0.17050421237945557,-0.8055046200752258
93,target,2,-0.16200289130210876,-0.8046215772628784
93,target,3,-0.1781543791294098,-0.7812966108322144
93,target,4,-0.16744399070739746,-0.7776972055435181
93,target,5,-0.172078937292099,-0.8474276661872864
93,target,6,-0.13374173641204834,-0.8691001534461975
93,target,7,-0.17650514841079712,-0.7903143167495728
93,target,8,-0.16776052117347717,-0.8144350647926331
93,target,9,-0.18061816692352295,-0.7649486064910889
93,target,10,-0.15014201402664185,-0.7666294574737549
93,target,11,-0.15906289219856262,-0.8037616610527039
93,target,12,-0.17227932810783386,-0.7843069434165955
93,target,13,-0.16214415431022644,-0.7739349007606506
93,target,14,-0.16855153441429138,-0.78050297498703
93,target,15,-0.16227784752845764,-0.7844513654708862
93,target,16,-0.16660475730895996,-0.7873760461807251
93,target,17,-0.17809003591537476,-0.8375697731971741
93,target,18,-0.17818215489387512,-0.86171954870224
93,target,19,-0.18665197491645813,-0.8176805973052979
93,target,20,-0.18342292308807373,-0.8635081648826599
93,target,21,-0.17600849270820618,-0.8296045064926147
93,target,22,-0.16711145639419556,-0.8169407844543457
93,target,23,-0.18150505423545837,-0.7959667444229126
93,target,24,-0.1655716896057129,-0.8333373665809631
93,target,25,-0.15886744856834412,-0.8105829358100891
93,target,26,-0.17038723826408386,-0.7809666991233826
93,target,27,-0.15772312879562378,-0.8251232504844666
93,target,28,-0.13409125804901123,-0.8074113726615906
93,target,29,-0.18713361024856567,-0.811269998550415
93,target,30,-0.1498667597770691,-0.8241098523139954
93,target,31,-0.15650174021720886,-0.8503220081329346
93,target,32,-0.16215640306472778,-0.8294199109077454
93,target,33,-0.16489297151565552,-0.8248702883720398
93,target,34,-0.16049450635910034,-0.8069726824760437
93,target,35,-0.16500595211982727,-0.7898734211921692
93,target,36,-0.16988933086395264,-0.8339632153511047
93,target,37,-0.15510252118110657,-0.7905586957931519
93,target,38,-0.16686156392097473,-0.8014597296714783
93,target,39,-0.1574859917163849,-0.8141443729400635
93,target,40,-0.19325649738311768,-0.8017917275428772
93,target,41,-0.1643838882446289,-0.7786755561828613
93,target,42,-0.17330583930015564,-0.7736252546310425
93,target,43,-0.16155320405960083,-0.7569941878318787
93,target,44,-0.16678258776664734,-0.7762942314147949
93,target,45,-0.1617143452167511,-0.7692905068397522
93,target,46,-0.15313118696212769,-0.7403891086578369
93,target,47,-0.1932356357574463,-0.7416417002677917
93,target,48,-0.1819646954536438,-0.7389457821846008
93,target,49,-0.12343329191207886,-0.6990317106246948
93,target,50,-0.15847766399383545,-0.7686583399772644
93,target,51,-0.19119304418563843,-0.7955672740936279
93,target,52,-0.16885024309158325,-0.774751603603363
93,target,53,-0.19665831327438354,-0.7899636626243591
93,target,54,-0.18663662672042847,-0.811159610748291
93,target,55,-0.18892788887023926,-0.7809200882911682
93,target,56,-0.19846811890602112,-0.7785345315933228
93,target,57,-0.18793818354606628,-0.7776004672050476
93,target,58,-0.1957487165927887,-0.7921322584152222
93,target,59,-0.1929316222667694,-0.7717086672782898
93,target,60,-0.18772241473197937,-0.786832332611084
93,target,61,-0.1851377785205841,-0.7784342765808105
93,target,62,-0.17169246077537537,-0.7864798307418823
93,target,63,-0.18465805053710938,-0.7500256896018982
94,source,0,-0.13537704944610596,-0.7316716909408569
94,source,1,-0.13996964693069458,-0.7318041324615479
94,source,2,-0.1393832564353943,-0.731933057308197
94,source,3,-0.1446126103401184,-0.7272536754608154
94,source,4,-0.1480737030506134,-0.7177935242652893
94,source,5,-0.1449182629585266,-0.7169075608253479
94,source,6,-0.14196550846099854,-0.7189506888389587
94,source,7,-0.14304405450820923,-0.7222411036491394
94,source,8,-0.144997239112854,-0.7238047122955322
94,source,9,-0.14561837911605835,-0.7169564962387085
94,source,10,-0.1399102807044983,-0.7308865189552307
94,source,11,-0.13327986001968384,-0.7353955507278442
94,source,12,-0.12492811679840088,-0.7385293245315552
94,source,13,-0.13938552141189575,-0.7330611348152161
94,source,14,-0.13732576370239258,-0.7299237847328186
94,source,15,-0.13792049884796143,-0.7258109450340271
94,source,16,-0.13605010509490967,-0.7198596596717834
94,source,17,-0.13909780979156494,-0.7280064821243286
94,source,18,-0.14654189348220825,-0.7209717035293579
94,source,19,-0.14836600422859192,-0.7177264094352722
94,source,20,-0.14610987901687622,-0.7220695614814758
94,source,21,-0.1460469365119934,-0.7220337390899658
94,source,22,-0.14475017786026,-0.7281893491744995
94,source,23,-0.15614601969718933,-0.732052743434906
94,source,24,-0.14921468496322632,-0.7427685260772705
94,source,25,-0.14238524436950684,-0.7462118268013
94,source,26,-0.14321941137313843,-0.7386718988418579
94,source,27,-0.14410531520843506,-0.738030731678009
94,source,28,-0.137864351272583,-0.7295176982879639
94,source,29,-0.14060616493225098,-0.7319967746734619
94,source,30,-0.13435882329940796,-0.7199348211288452
94,source,31,-0.13162821531295776,-0.6997727751731873
94,source,32,-0.13184624910354614,-0.7118557095527649
94,source,33,-0.130865216255188,-0.7212368249893188
94,source,34,-0.13389456272125244,-0.716676652431488
94,source,35,-0.14083236455917358,-0.7191349267959595
94,source,36,-0.13720309734344482,-0.7260565757751465
94,source,37,-0.13714444637298584,-0.7301048040390015
94,source,38,-0.1419452428817749,-0.7320502400398254
94,source,39,-0.14195257425308228,-0.7258469462394714
94,source,40,-0.14174407720565796,-0.7239887714385986
94,source,41,-0.1350334882736206,-0.7232937216758728
94,source,42,-0.13911443948745728,-0.7226492166519165
94,source,43,-0.13621598482131958,-0.708053469657898
94,source,44,-0.134441077709198,-0.7203591465950012
94,source,45,-0.13421493768692017,-0.7140976786613464
94,source,46,-0.13504409790039062,-0.7153832912445068
94,source,47,-0.1380714774131775,-0.7307088375091553
94,source,48,-0.14061957597732544,-0.7231834530830383
94,source,49,-0.14489692449569702,-0.7260357737541199
94,source,50,-0.14392530918121338,-0.7339558005332947
94,source,51,-0.14118367433547974,-0.7281685471534729
94,source,52,-0.14183253049850464,-0.725511908531189
94,source,53,-0.14112573862075806,-0.7258252501487732
94,source,54,-0.14005917310714722,-0.7369670271873474
94,source,55,-0.1385056972503662,-0.7359904050827026
94,source,56,-0.13735204935073853,-0.7235831022262573
94,source,57,-0.1387680172920227,-0.7349052429199219
94,source,58,-0.1425262689590454,-0.7338809967041016
94,source,59,-0.1359950304031372,-0.7374288439750671
94,source,60,-0.13253217935562134,-0.7377241253852844
94,source,61,-0.13251763582229614,-0.7376792430877686
94,source,62,-0.1276717185974121,-0.7340583205223083
94,source,63,-0.12711620330810547,-0.7459976673126221
94,target,0,-0.18099471926689148,-0.7429534792900085
94,target,1,-0.16575586795806885,-0.7737477421760559
94,target,2,-0.15698564052581787,-0.7730183601379395
94,target,3,-0.1645558774471283,-0.7526014447212219
94,target,4,-0.16713938117027283,-0.7571157217025757
94,target,5,-0.1776750385761261,-0.8200978636741638
94,target,6,-0.13144516944885254,-0.8281833529472351
94,target,7,-0.17919406294822693,-0.7640533447265625
94,target,8,-0.1703222692012787,-0.780526876449585
94,target,9,-0.17571166157722473,-0.7456666827201843
94,target,10,-0.15127989649772644,-0.7488584518432617
94,target,11,-0.15991348028182983,-0.7809922099113464
94,target,12,-0.16903987526893616,-0.7631089091300964
94,target,13,-0.16323307156562805,-0.7432124614715576
94,target,14,-0.1697162389755249,-0.7556381821632385
94,target,15,-0.16780054569244385,-0.7591317296028137
94,target,16,-0.16871339082717896,-0.7688208818435669
94,target,17,-0.1765771210193634,-0.8043001294136047
94,target,18,-0.17524710297584534,-0.8300837278366089
94,target,19,-0.182387113571167,-0.7777179479598999
94,target,20,-0.18282628059387207,-0.830552339553833
94,target,21,-0.17467063665390015,-0.7850044369697571
94,target,22,-0.16740724444389343,-0.7957198619842529
94,target,23,-0.18055331707000732,-0.7693503499031067
94,target,24,-0.167449951171875,-0.7954114079475403
94,target,25,-0.15289834141731262,-0.7780627608299255
94,target,26,-0.16029894351959229,-0.7540382742881775
94,target,27,-0.15355387330055237,-0.7892205119132996
94,target,28,-0.1285414695739746,-0.7768339514732361
94,target,29,-0.18808478116989136,-0.7914461493492126
94,target,30,-0.13811343908309937,-0.7925183773040771
94,target,31,-0.15578803420066833,-0.8241239190101624
94,target,32,-0.1616680920124054,-0.7997046709060669
94,target,33,-0.15870463848114014,-0.7935558557510376
94,target,34,-0.1564663052558899,-0.7782827019691467
94,target,35,-0.15780305862426758,-0.7659856081008911
94,target,36,-0.1697390079498291,-0.7953956723213196
94,target,37,-0.15008804202079773,-0.7638019919395447
94,target,38,-0.15536797046661377,-0.7749513387680054
94,target,39,-0.15463042259216309,-0.7881075143814087
94,target,40,-0.18549814820289612,-0.7767068147659302
94,target,41,-0.16192612051963806,-0.7538151741027832
94,target,42,-0.16438111662864685,-0.7406177520751953
94,target,43,-0.15226039290428162,-0.7321335673332214
94,target,44,-0.15589115023612976,-0.7395721077919006
94,target,45,-0.15132293105125427,-0.7363753318786621
94,target,46,-0.1479002833366394,-0.723735511302948
94,target,47,-0.18241813778877258,-0.7258996367454529
94,target,48,-0.16868212819099426,-0.7183151841163635
94,target,49,-0.12769454717636108,-0.6857838034629822
94,target,50,-0.1499546766281128,-0.7423914670944214
94,target,51,-0.17738348245620728,-0.7648996114730835
94,target,52,-0.16352680325508118,-0.7550845146179199
94,target,53,-0.1814107596874237,-0.765514075756073
94,target,54,-0.17961785197257996,-0.7819998264312744
94,target,55,-0.18451541662216187,-0.7531402707099915
94,target,56,-0.19081789255142212,-0.7553190588951111
94,target,57,-0.1825905740261078,-0.7553920149803162
94,target,58,-0.19092312455177307,-0.77309650182724
94,target,59,-0.17873641848564148,-0.7516242265701294
94,target,60,-0.17535322904586792,-0.7667277455329895
94,target,61,-0.17694556713104248,-0.7582290172576904
94,target,62,-0.15880230069160461,-0.758435070514679
94,target,63,-0.17534667253494263,-0.7278186678886414
95,source,0,-0.11587315797805786,-0.7192103862762451
95,source,1,-0.12037932872772217,-0.7187485694885254
95,source,2,-0.1216704249382019,-0.7201061248779297
95,source,3,-0.12542688846588135,-0.715980589389801
95,source,4,-0.13043302297592163,-0.7069774270057678
95,source,5,-0.12641775608062744,-0.7068945169448853
95,source,6,-0.12377476692199707,-0.7084855437278748
95,source,7,-0.12431365251541138,-0.7115048170089722
95,source,8,-0.12671810388565063,-0.7118736505508423
95,source,9,-0.12458819150924683,-0.7059873342514038
95,source,10,-0.12110984325408936,-0.7206636667251587
95,source,11,-0.11451029777526855,-0.7294409275054932
95,source,12,-0.10973215103149414,-0.7306605577468872
95,source,13,-0.11911165714263916,-0.7221457362174988
95,source,14,-0.11886513233184814,-0.7176699638366699
95,source,15,-0.12055104970932007,-0.7128913998603821
95,source,16,-0.12062680721282959,-0.7106431126594543
95,source,17,-0.12074840068817139,-0.7167211771011353
95,source,18,-0.12579256296157837,-0.7095475792884827
95,source,19,-0.12821531295776367,-0.7043971419334412
95,source,20,-0.1293734312057495,-0.7082692980766296
95,source,21,-0.12527745962142944,-0.7077277898788452
95,source,22,-0.12361413240432739,-0.7158188223838806
95,source,23,-0.1367151141166687,-0.7197718024253845
95,source,24,-0.13053816556930542,-0.7316123843193054
95,source,25,-0.12468564510345459,-0.73497474193573
95,source,26,-0.1277593970298767,-0.7249396443367004
95,source,27,-0.1266455054283142,-0.7261658906936646
95,source,28,-0.12018376588821411,-0.7131675481796265
95,source,29,-0.12294638156890869,-0.7176564931869507
95,source,30,-0.11626672744750977,-0.6997433304786682
95,source,31,-0.11492562294006348,-0.6817562580108643
95,source,32,-0.11871778964996338,-0.6965650320053101
95,source,33,-0.11308073997497559,-0.7056027054786682
95,source,34,-0.11489236354827881,-0.7007453441619873
95,source,35,-0.12127447128295898,-0.7033180594444275
95,source,36,-0.11727917194366455,-0.7114046216011047
95,source,37,-0.11962467432022095,-0.715543806552887
95,source,38,-0.1249585747718811,-0.7180328965187073
95,source,39,-0.1238715648651123,-0.7121502757072449
95,source,40,-0.12356346845626831,-0.7084358334541321
95,source,41,-0.11754190921783447,-0.7113655805587769
95,source,42,-0.12282949686050415,-0.7102532386779785
95,source,43,-0.12003380060195923,-0.6947576403617859
95,source,44,-0.11887592077255249,-0.7061457633972168
95,source,45,-0.11528784036636353,-0.6993081569671631
95,source,46,-0.11452347040176392,-0.7002582550048828
95,source,47,-0.12020069360733032,-0.7170259952545166
95,source,48,-0.12410449981689453,-0.7115073204040527
95,source,49,-0.1274988055229187,-0.7133623957633972
95,source,50,-0.13026762008666992,-0.7194444537162781
95,source,51,-0.12623965740203857,-0.7154648900032043
95,source,52,-0.12510555982589722,-0.712272584438324
95,source,53,-0.12517738342285156,-0.7122102379798889
95,source,54,-0.12254053354263306,-0.7264059782028198
95,source,55,-0.11972624063491821,-0.7204284071922302
95,source,56,-0.12047463655471802,-0.707830548286438
95,source,57,-0.12088590860366821,-0.7163875699043274
95,source,58,-0.1260116696357727,-0.7179984450340271
95,source,59,-0.12014132738113403,-0.7190356850624084
95,source,60,-0.12036919593811035,-0.7252402901649475
95,source,61,-0.11930817365646362,-0.7250449657440186
95,source,62,-0.11745649576187134,-0.7239081263542175
95,source,63,-0.11197465658187866,-0.7360470294952393
95,target,0,-0.15552771091461182,-0.7350032329559326
95,target,1,-0.14496880769729614,-0.7644091248512268
95,target,2,-0.13659751415252686,-0.7654987573623657
95,target,3,-0.14326578378677368,-0.7478873133659363
95,target,4,-0.14687931537628174,-0.7502894997596741
95,target,5,-0.15242642164230347,-0.8262632489204407
95,target,6,-0.10386747121810913,-0.8224669098854065
95,target,7,-0.15735411643981934,-0.757629930973053
95,target,8,-0.15000590682029724,-0.773837685585022
95,target,9,-0.14915502071380615,-0.7397192120552063
95,target,10,-0.13209259510040283,-0.7454153895378113
95,target,11,-0.14269417524337769,-0.7819761633872986
95,target,12,-0.14541691541671753,-0.7593249082565308
95,target,13,-0.14826178550720215,-0.7427619099617004
95,target,14,-0.15428456664085388,-0.7544182538986206
95,target,15,-0.1506136953830719,-0.7537280321121216
95,target,16,-0.15691447257995605,-0.7698585391044617
95,target,17,-0.1563909351825714,-0.7961365580558777
95,target,18,-0.15132108330726624,-0.825991690158844
95,target,19,-0.1628032922744751,-0.7723574042320251
95,target,20,-0.16401520371437073,-0.8343347311019897
95,target,21,-0.14930877089500427,-0.7722423672676086
95,target,22,-0.14936846494674683,-0.790989875793457
95,target,23,-0.1598127782344818,-0.7643775939941406
95,target,24,-0.1482161581516266,-0.785857081413269
95,target,25,-0.13846713304519653,-0.774206817150116
95,target,26,-0.1391768455505371,-0.7549172639846802
95,target,27,-0.13816094398498535,-0.7866128087043762
95,target,28,-0.11072337627410889,-0.7723259329795837
95,target,29,-0.16577506065368652,-0.7885589003562927
95,target,30,-0.11878937482833862,-0.7916594743728638
95,target,31,-0.14681479334831238,-0.8264294862747192
95,target,32,-0.14664816856384277,-0.7960216403007507
95,target,33,-0.13846677541732788,-0.783374547958374
95,target,34,-0.14052563905715942,-0.7692850828170776
95,target,35,-0.13364017009735107,-0.7516645789146423
95,target,36,-0.14889773726463318,-0.7817413210868835
95,target,37,-0.12644684314727783,-0.7499684691429138
95,target,38,-0.13308805227279663,-0.7639684677124023
95,target,39,-0.13481980562210083,-0.7799095511436462
95,target,40,-0.16342705488204956,-0.772833526134491
95,target,41,-0.14390164613723755,-0.7499865293502808
95,target,42,-0.14075368642807007,-0.7232375741004944
95,target,43,-0.12892097234725952,-0.7153666615486145
95,target,44,-0.12948334217071533,-0.7206929326057434
95,target,45,-0.12419283390045166,-0.7211007475852966
95,target,46,-0.12280833721160889,-0.7108548879623413
95,target,47,-0.15613213181495667,-0.7167330980300903
95,target,48,-0.1411033272743225,-0.7067356109619141
95,target,49,-0.10834366083145142,-0.6759248375892639
95,target,50,-0.12654966115951538,-0.7295847535133362
95,target,51,-0.15901419520378113,-0.7555649280548096
95,target,52,-0.14450377225875854,-0.7474250793457031
95,target,53,-0.15475481748580933,-0.7606645226478577
95,target,54,-0.1603255271911621,-0.7802839875221252
95,target,55,-0.16536858677864075,-0.7481433153152466
95,target,56,-0.16159158945083618,-0.7485541701316833
95,target,57,-0.1631368100643158,-0.7488203644752502
95,target,58,-0.17277994751930237,-0.7719560265541077
95,target,59,-0.15465179085731506,-0.7430369257926941
95,target,60,-0.15307235717773438,-0.7591946125030518
95,target,61,-0.15041157603263855,-0.7485703825950623
95,target,62,-0.1368100643157959,-0.7466987371444702
95,target,63,-0.14947375655174255,-0.7187888026237488
96,source,0,-0.07297557592391968,-0.6968263387680054
96,source,1,-0.07842767238616943,-0.6941409111022949
96,source,2,-0.07805740833282471,-0.695023775100708
96,source,3,-0.08059430122375488,-0.6905505061149597
96,source,4,-0.08820384740829468,-0.6839127540588379
96,source,5,-0.08672523498535156,-0.6848471164703369
96,source,6,-0.08131420612335205,-0.6836403012275696
96,source,7,-0.07990759611129761,-0.6854856610298157
96,source,8,-0.08431899547576904,-0.6849283576011658
96,source,9,-0.08128362894058228,-0.6807307004928589
96,source,10,-0.07938987016677856,-0.6938821077346802
96,source,11,-0.07211828231811523,-0.7060357928276062
96,source,12,-0.06713032722473145,-0.707210898399353
96,source,13,-0.07744264602661133,-0.6996958255767822
96,source,14,-0.07694536447525024,-0.6912181377410889
96,source,15,-0.08460146188735962,-0.6932146549224854
96,source,16,-0.08641928434371948,-0.69329833984375
96,source,17,-0.0828980803489685,-0.6985083222389221
96,source,18,-0.08603072166442871,-0.6884943842887878
96,source,19,-0.08831620216369629,-0.6827965974807739
96,source,20,-0.09181523323059082,-0.6891596913337708
96,source,21,-0.08442556858062744,-0.6866716146469116
96,source,22,-0.08215248584747314,-0.6940813660621643
96,source,23,-0.09821617603302002,-0.6972260475158691
96,source,24,-0.09021705389022827,-0.7080209255218506
96,source,25,-0.08052128553390503,-0.7079667448997498
96,source,26,-0.08467328548431396,-0.6987888216972351
96,source,27,-0.08325284719467163,-0.7002999782562256
96,source,28,-0.08042681217193604,-0.6885371804237366
96,source,29,-0.08310627937316895,-0.694004237651825
96,source,30,-0.07575923204421997,-0.6752661466598511
96,source,31,-0.076374351978302,-0.6583964228630066
96,source,32,-0.08176672458648682,-0.6761612892150879
96,source,33,-0.0737345814704895,-0.681602954864502
96,source,34,-0.07615476846694946,-0.6746079921722412
96,source,35,-0.08220696449279785,-0.6778519749641418
96,source,36,-0.0770263671875,-0.685215413570404
96,source,37,-0.07652217149734497,-0.6876248717308044
96,source,38,-0.0818023681640625,-0.6896644830703735
96,source,39,-0.08317714929580688,-0.6873297095298767
96,source,40,-0.08519810438156128,-0.6860183477401733
96,source,41,-0.07783699035644531,-0.6891772150993347
96,source,42,-0.08330690860748291,-0.6864689588546753
96,source,43,-0.08357483148574829,-0.6745122671127319
96,source,44,-0.08199316263198853,-0.683184802532196
96,source,45,-0.0739661455154419,-0.6743442416191101
96,source,46,-0.0733070969581604,-0.6747195720672607
96,source,47,-0.07824015617370605,-0.6929836869239807
96,source,48,-0.08508211374282837,-0.6881945729255676
96,source,49,-0.08621376752853394,-0.6881272792816162
96,source,50,-0.09009641408920288,-0.6945459842681885
96,source,51,-0.08607393503189087,-0.6899109482765198
96,source,52,-0.0836946964263916,-0.6859839558601379
96,source,53,-0.0849577784538269,-0.687666654586792
96,source,54,-0.07905054092407227,-0.7006248235702515
96,source,55,-0.07795292139053345,-0.6948242783546448
96,source,56,-0.08166754245758057,-0.6843998432159424
96,source,57,-0.07936012744903564,-0.692338228225708
96,source,58,-0.08439689874649048,-0.6916669011116028
96,source,59,-0.07877093553543091,-0.6933578848838806
96,source,60,-0.08133876323699951,-0.6975855827331543
96,source,61,-0.07890105247497559,-0.6964287161827087
96,source,62,-0.07961618900299072,-0.7001884579658508
96,source,63,-0.06898260116577148,-0.710656464099884
96,target,0,-0.1046680212020874,-0.7154953479766846
96,target,1,-0.1053425669670105,-0.7495526075363159
96,target,2,-0.09215998649597168,-0.7411125898361206
96,target,3,-0.09922957420349121,-0.7293881773948669
96,target,4,-0.10151994228363037,-0.7310771346092224
96,target,5,-0.10635542869567871,-0.8274016380310059
96,target,6,-0.06293344497680664,-0.8147611618041992
96,target,7,-0.11443686485290527,-0.7452020645141602
96,target,8,-0.10943979024887085,-0.7604544162750244
96,target,9,-0.09915882349014282,-0.719645082950592
96,target,10,-0.09367305040359497,-0.7414553761482239
96,target,11,-0.10249704122543335,-0.7735165953636169
96,target,12,-0.10831576585769653,-0.7529246211051941
96,target,13,-0.10911297798156738,-0.7307755351066589
96,target,14,-0.11339390277862549,-0.7428278923034668
96,target,15,-0.11024320125579834,-0.7395263314247131
96,target,16,-0.11732393503189087,-0.7561163306236267
96,target,17,-0.1156662106513977,-0.7766866087913513
96,target,18,-0.1125534176826477,-0.8200560212135315
96,target,19,-0.12169420719146729,-0.7673874497413635
96,target,20,-0.12587594985961914,-0.8419410586357117
96,target,21,-0.10252606868743896,-0.7543485760688782
96,target,22,-0.10646641254425049,-0.7847729325294495
96,target,23,-0.12841957807540894,-0.7561324238777161
96,target,24,-0.10526180267333984,-0.7680931091308594
96,target,25,-0.09849816560745239,-0.7546248435974121
96,target,26,-0.09269917011260986,-0.7425792813301086
96,target,27,-0.09398901462554932,-0.7678165435791016
96,target,28,-0.07219952344894409,-0.7546031475067139
96,target,29,-0.12059509754180908,-0.7681909799575806
96,target,30,-0.06899517774581909,-0.7591808438301086
96,target,31,-0.11003530025482178,-0.8187757134437561
96,target,32,-0.11055362224578857,-0.7831515669822693
96,target,33,-0.09695661067962646,-0.750795304775238
96,target,34,-0.09557181596755981,-0.738936722278595
96,target,35,-0.08430421352386475,-0.7268303632736206
96,target,36,-0.1043848991394043,-0.7524718642234802
96,target,37,-0.07551079988479614,-0.7225732803344727
96,target,38,-0.08398932218551636,-0.7344911098480225
96,target,39,-0.08926767110824585,-0.7470966577529907
96,target,40,-0.11454916000366211,-0.7582242488861084
96,target,41,-0.10093581676483154,-0.7468122243881226
96,target,42,-0.09814578294754028,-0.7028063535690308
96,target,43,-0.08358222246170044,-0.7007173299789429
96,target,44,-0.08223187923431396,-0.701780378818512
96,target,45,-0.08251786231994629,-0.7074383497238159
96,target,46,-0.08219373226165771,-0.6854425072669983
96,target,47,-0.10338354110717773,-0.701299786567688
96,target,48,-0.08790183067321777,-0.685376763343811
96,target,49,-0.0690460205078125,-0.6586565971374512
96,target,50,-0.07782596349716187,-0.7028266787528992
96,target,51,-0.11430567502975464,-0.7436258792877197
96,target,52,-0.10006260871887207,-0.7305245995521545
96,target,53,-0.10983020067214966,-0.7552744150161743
96,target,54,-0.11260885000228882,-0.7630183100700378
96,target,55,-0.1240282654762268,-0.7373645901679993
96,target,56,-0.12141525745391846,-0.7399832606315613
96,target,57,-0.12169063091278076,-0.7377428412437439
96,target,58,-0.13568538427352905,-0.7681028842926025
96,target,59,-0.10743165016174316,-0.7283456325531006
96,target,60,-0.10481894016265869,-0.7402009963989258
96,target,61,-0.09972065687179565,-0.7281897068023682
96,target,62,-0.0926055908203125,-0.7259442210197449
96,target,63,-0.10613036155700684,-0.7059007883071899
97,source,0,0.021496176719665527,-0.6764535903930664
97,source,1,0.01944786310195923,-0.6731312870979309
97,source,2,0.01541370153427124,-0.6773513555526733
97,source,3,0.015733540058135986,-0.6710753440856934
97,source,4,0.01077580451965332,-0.6622990965843201
97,source,5,0.006661057472229004,-0.6665830612182617
97,source,6,0.01309514045715332,-0.6669731140136719
97,source,7,0.017959773540496826,-0.6680893898010254
97,source,8,0.01545935869216919,-0.6676115393638611
97,source,9,0.01885390281677246,-0.6649895310401917
97,source,10,0.015745460987091064,-0.6801078915596008
97,source,11,0.024413347244262695,-0.6915478110313416
97,source,12,0.028750598430633545,-0.69374680519104
97,source,13,0.021751463413238525,-0.6806852221488953
97,source,14,0.022027134895324707,-0.6733441948890686
97,source,15,0.012976348400115967,-0.6771842241287231
97,source,16,0.008914709091186523,-0.6804347038269043
97,source,17,0.01569652557373047,-0.6803096532821655
97,source,18,0.0126495361328125,-0.6704711318016052
97,source,19,0.01326209306716919,-0.662609338760376
97,source,20,0.0076296329498291016,-0.6732988953590393
97,source,21,0.017486572265625,-0.66914963722229
97,source,22,0.018465042114257812,-0.6781951189041138
97,source,23,0.0012597441673278809,-0.6807674169540405
97,source,24,0.009176254272460938,-0.691395103931427
97,source,25,0.01906055212020874,-0.6913397312164307
97,source,26,0.0178987979888916,-0.678347110748291
97,source,27,0.017574071884155273,-0.6823334693908691
97,source,28,0.01786172389984131,-0.6734679341316223
97,source,29,0.012549996376037598,-0.6785103678703308
97,source,30,0.0204695463180542,-0.6586189270019531
97,source,31,0.023463785648345947,-0.6410791873931885
97,source,32,0.017789602279663086,-0.6567608714103699
97,source,33,0.025047779083251953,-0.6633481383323669
97,source,34,0.023499667644500732,-0.654272198677063
97,source,35,0.016696631908416748,-0.6592113375663757
97,source,36,0.02109628915786743,-0.6674184799194336
97,source,37,0.023279845714569092,-0.6680402755737305
97,source,38,0.015630662441253662,-0.6714000701904297
97,source,39,0.018113553524017334,-0.6641650199890137
97,source,40,0.013850927352905273,-0.6642119288444519
97,source,41,0.019598841667175293,-0.667724072933197
97,source,42,0.009778618812561035,-0.6668694615364075
97,source,43,0.010572254657745361,-0.6578410863876343
97,source,44,0.01646202802658081,-0.6629348993301392
97,source,45,0.02443772554397583,-0.6540257334709167
97,source,46,0.02279263734817505,-0.6561493873596191
97,source,47,0.023203015327453613,-0.6730672121047974
97,source,48,0.015132486820220947,-0.6675658822059631
97,source,49,0.01374751329421997,-0.6679682731628418
97,source,50,0.01043635606765747,-0.6724066734313965
97,source,51,0.013886213302612305,-0.6694623231887817
97,source,52,0.013498783111572266,-0.6676576733589172
97,source,53,0.01105719804763794,-0.6685190796852112
97,source,54,0.018964827060699463,-0.6815905570983887
97,source,55,0.019953370094299316,-0.6747265458106995
97,source,56,0.017189383506774902,-0.6637530326843262
97,source,57,0.01774996519088745,-0.6735718846321106
97,source,58,0.014230728149414062,-0.6720095276832581
97,source,59,0.018441498279571533,-0.6767743229866028
97,source,60,0.015650451183319092,-0.679635226726532
97,source,61,0.019399583339691162,-0.6770977973937988
97,source,62,0.015661895275115967,-0.6852282881736755
97,source,63,0.027044177055358887,-0.6964333653450012
97,target,0,0.0002734661102294922,-0.6865758895874023
97,target,1,-0.011647343635559082,-0.7291476726531982
97,target,2,0.005932509899139404,-0.7194701433181763
97,target,3,0.0018575787544250488,-0.7139877080917358
97,target,4,-8.052587509155273e-05,-0.7029679417610168
97,target,5,-0.009174168109893799,-0.8038658499717712
97,target,6,0.035009026527404785,-0.7978518605232239
97,target,7,-0.015464365482330322,-0.721782922744751
97,target,8,-0.014445722103118896,-0.7395040392875671
97,target,9,0.0025635361671447754,-0.695343554019928
97,target,10,0.008351743221282959,-0.7180774807929993
97,target,11,-0.008009672164916992,-0.7544596791267395
97,target,12,-0.010307133197784424,-0.7383248805999756
97,target,13,-0.014100611209869385,-0.7055005431175232
97,target,14,-0.026704847812652588,-0.7206895351409912
97,target,15,-0.010962963104248047,-0.7071095108985901
97,target,16,-0.024732589721679688,-0.7323760390281677
97,target,17,-0.017374932765960693,-0.7511119246482849
97,target,18,-0.01908576488494873,-0.7979305982589722
97,target,19,-0.026131927967071533,-0.7456283569335938
97,target,20,-0.028226375579833984,-0.8241154551506042
97,target,21,-0.004052937030792236,-0.7290644645690918
97,target,22,-0.0046021342277526855,-0.75802081823349
97,target,23,-0.028999805450439453,-0.726698100566864
97,target,24,-0.0033360719680786133,-0.7457183003425598
97,target,25,-0.0032188892364501953,-0.736728310585022
97,target,26,0.0008212924003601074,-0.7289397120475769
97,target,27,0.002125263214111328,-0.7441942691802979
97,target,28,0.02458268404006958,-0.738580048084259
97,target,29,-0.023852407932281494,-0.7422559261322021
97,target,30,0.027558326721191406,-0.7354890704154968
97,target,31,-0.02603048086166382,-0.7995574474334717
97,target,32,-0.021310746669769287,-0.7622196078300476
97,target,33,-0.002049684524536133,-0.729152262210846
97,target,34,0.0025818943977355957,-0.7167536020278931
97,target,35,0.022022902965545654,-0.698993444442749
97,target,36,-0.005880415439605713,-0.7262086272239685
97,target,37,0.02863246202468872,-0.697284996509552
97,target,38,0.018500149250030518,-0.7086290121078491
97,target,39,0.00807565450668335,-0.726726770401001
97,target,40,-0.015322864055633545,-0.7350276708602905
97,target,41,-0.007474243640899658,-0.7280353903770447
97,target,42,0.0029011964797973633,-0.6895521283149719
97,target,43,0.016579866409301758,-0.6834712624549866
97,target,44,0.01978832483291626,-0.6821073889732361
97,target,45,0.01645493507385254,-0.690446138381958
97,target,46,0.020625710487365723,-0.6532537937164307
97,target,47,0.002097487449645996,-0.6812850832939148
97,target,48,0.01341623067855835,-0.6617358326911926
97,target,49,0.028911113739013672,-0.6360706686973572
97,target,50,0.01984328031539917,-0.6792855858802795
97,target,51,-0.015921473503112793,-0.7251197099685669
97,target,52,0.0051833391189575195,-0.7038741707801819
97,target,53,-0.006071805953979492,-0.732046902179718
97,target,54,-0.013310611248016357,-0.7387775778770447
97,target,55,-0.028643786907196045,-0.7128547430038452
97,target,56,-0.009379446506500244,-0.7127707004547119
97,target,57,-0.019851267337799072,-0.7151265144348145
97,target,58,-0.044287800788879395,-0.7509100437164307
97,target,59,-0.0019731521606445312,-0.7075896263122559
97,target,60,0.00011789798736572266,-0.7148634195327759
97,target,61,0.003458857536315918,-0.7060326933860779
97,target,62,0.010437846183776855,-0.7072200179100037
97,target,63,-0.0031667351722717285,-0.6885547041893005
98,source,0,0.03444468975067139,-0.6826105117797852
98,source,1,0.03666090965270996,-0.6751235723495483
98,source,2,0.031342148780822754,-0.680397629737854
98,source,3,0.02779632806777954,-0.6755365133285522
98,source,4,0.02537083625793457,-0.6662246584892273
98,source,5,0.021523892879486084,-0.6711400747299194
98,source,6,0.030146896839141846,-0.6695022583007812
98,source,7,0.03584873676300049,-0.6707316040992737
98,source,8,0.034735679626464844,-0.6694133877754211
98,source,9,0.03938943147659302,-0.6662951707839966
98,source,10,0.0335574746131897,-0.6797707676887512
98,source,11,0.04218488931655884,-0.6918870806694031
98,source,12,0.04376858472824097,-0.6940698027610779
98,source,13,0.037921786308288574,-0.6816080808639526
98,source,14,0.0363883376121521,-0.6730549931526184
98,source,15,0.02630758285522461,-0.6775976419448853
98,source,16,0.022545576095581055,-0.68438321352005
98,source,17,0.03287702798843384,-0.6812542676925659
98,source,18,0.028349339962005615,-0.6727065443992615
98,source,19,0.0351405143737793,-0.6610668897628784
98,source,20,0.025664567947387695,-0.6760246753692627
98,source,21,0.039071857929229736,-0.6696316003799438
98,source,22,0.037396907806396484,-0.6794820427894592
98,source,23,0.023860454559326172,-0.6814532279968262
98,source,24,0.029530704021453857,-0.689576268196106
98,source,25,0.039749741554260254,-0.6874613761901855
98,source,26,0.04043078422546387,-0.6743870377540588
98,source,27,0.04084658622741699,-0.6764540076255798
98,source,28,0.04070305824279785,-0.6676443815231323
98,source,29,0.03334134817123413,-0.6741736531257629
98,source,30,0.041393160820007324,-0.6548519134521484
98,source,31,0.041106343269348145,-0.6413218379020691
98,source,32,0.03611987829208374,-0.6561508178710938
98,source,33,0.04231905937194824,-0.6630874872207642
98,source,34,0.04247629642486572,-0.6538851261138916
98,source,35,0.031667888164520264,-0.6588872671127319
98,source,36,0.037630558013916016,-0.6665573120117188
98,source,37,0.04000812768936157,-0.6677857041358948
98,source,38,0.032827556133270264,-0.6692326068878174
98,source,39,0.036376774311065674,-0.661596953868866
98,source,40,0.030818641185760498,-0.6621129512786865
98,source,41,0.03271329402923584,-0.6671115159988403
98,source,42,0.025258660316467285,-0.6657458543777466
98,source,43,0.02461850643157959,-0.6598921418190002
98,source,44,0.03139996528625488,-0.6644995212554932
98,source,45,0.039353787899017334,-0.6527227759361267
98,source,46,0.03892827033996582,-0.6564171314239502
98,source,47,0.039745986461639404,-0.6724557876586914
98,source,48,0.03400373458862305,-0.6663216352462769
98,source,49,0.03195035457611084,-0.6652804017066956
98,source,50,0.029597938060760498,-0.671697735786438
98,source,51,0.0333024263381958,-0.668161153793335
98,source,52,0.030284762382507324,-0.6670625805854797
98,source,53,0.029335319995880127,-0.6684713959693909
98,source,54,0.03432399034500122,-0.6819501519203186
98,source,55,0.03621029853820801,-0.6742182970046997
98,source,56,0.03314697742462158,-0.6666743755340576
98,source,57,0.034182608127593994,-0.6749663949012756
98,source,58,0.03122347593307495,-0.6745585799217224
98,source,59,0.035371243953704834,-0.6781868934631348
98,source,60,0.03066539764404297,-0.6816681027412415
98,source,61,0.037158310413360596,-0.6766921877861023
98,source,62,0.03251314163208008,-0.6867513656616211
98,source,63,0.0412142276763916,-0.6969510316848755
98,target,0,0.02440875768661499,-0.6897887587547302
98,target,1,0.01163405179977417,-0.7315595149993896
98,target,2,0.029410481452941895,-0.7149251103401184
98,target,3,0.022778093814849854,-0.7178440093994141
98,target,4,0.028959929943084717,-0.7015727758407593
98,target,5,0.004447221755981445,-0.8058887124061584
98,target,6,0.040055692195892334,-0.792317271232605
98,target,7,0.00855720043182373,-0.7201057076454163
98,target,8,0.007275819778442383,-0.7356594204902649
98,target,9,0.024733006954193115,-0.7043796181678772
98,target,10,0.03406769037246704,-0.7192728519439697
98,target,11,0.009133577346801758,-0.7497380971908569
98,target,12,0.008251070976257324,-0.7431563138961792
98,target,13,0.0039035677909851074,-0.712099015712738
98,target,14,-0.010740399360656738,-0.7283917665481567
98,target,15,0.015776097774505615,-0.7033748030662537
98,target,16,0.0023813247680664062,-0.7276785373687744
98,target,17,0.008504033088684082,-0.7478592395782471
98,target,18,0.0070542097091674805,-0.7919657230377197
98,target,19,-0.007306098937988281,-0.7504624128341675
98,target,20,-0.004546403884887695,-0.8224841952323914
98,target,21,0.01770162582397461,-0.72609943151474
98,target,22,0.019962668418884277,-0.7578305602073669
98,target,23,-0.010844588279724121,-0.7332206964492798
98,target,24,0.021231651306152344,-0.7418938875198364
98,target,25,0.014792203903198242,-0.7398700714111328
98,target,26,0.020975470542907715,-0.7331313490867615
98,target,27,0.021453499794006348,-0.7407812476158142
98,target,28,0.038378894329071045,-0.7385850548744202
98,target,29,0.007302701473236084,-0.7385091185569763
98,target,30,0.04254955053329468,-0.7287216782569885
98,target,31,-0.009205043315887451,-0.7882355451583862
98,target,32,-0.0018950104713439941,-0.7573934197425842
98,target,33,0.02094709873199463,-0.7265640497207642
98,target,34,0.025673270225524902,-0.7150895595550537
98,target,35,0.04273635149002075,-0.699761152267456
98,target,36,0.021519899368286133,-0.7214208245277405
98,target,37,0.04953891038894653,-0.6946811079978943
98,target,38,0.04472994804382324,-0.7093039751052856
98,target,39,0.032186031341552734,-0.7288323640823364
98,target,40,0.0084114670753479,-0.7375989556312561
98,target,41,0.007934927940368652,-0.7339488863945007
98,target,42,0.02934587001800537,-0.687217652797699
98,target,43,0.040021419525146484,-0.67905592918396
98,target,44,0.04401957988739014,-0.680424690246582
98,target,45,0.03760790824890137,-0.6914467215538025
98,target,46,0.03775632381439209,-0.6578153967857361
98,target,47,0.02237105369567871,-0.6925621628761292
98,target,48,0.034864604473114014,-0.6696529984474182
98,target,49,0.04586505889892578,-0.6472898721694946
98,target,50,0.03792464733123779,-0.6849982738494873
98,target,51,0.009135663509368896,-0.7303110957145691
98,target,52,0.027089715003967285,-0.7064744234085083
98,target,53,0.01915043592453003,-0.7339014410972595
98,target,54,0.012068688869476318,-0.740585446357727
98,target,55,0.0024026036262512207,-0.7147405743598938
98,target,56,0.01638615131378174,-0.7204746007919312
98,target,57,0.005784273147583008,-0.7162241339683533
98,target,58,-0.018777430057525635,-0.756432831287384
98,target,59,0.01867431402206421,-0.7164749503135681
98,target,60,0.024866878986358643,-0.7167848944664001
98,target,61,0.026472628116607666,-0.7101694345474243
98,target,62,0.031327784061431885,-0.711353063583374
98,target,63,0.01619964838027954,-0.7013667821884155
99,source,0,0.03289157152175903,-0.6959435343742371
99,source,1,0.04256486892700195,-0.6770315170288086
99,source,2,0.028909504413604736,-0.6853136420249939
99,source,3,0.03089141845703125,-0.6762661337852478
99,source,4,0.03267306089401245,-0.66204434633255
99,source,5,0.021314561367034912,-0.6727646589279175
99,source,6,0.03190678358078003,-0.6704966425895691
99,source,7,0.035904765129089355,-0.6707124710083008
99,source,8,0.03590714931488037,-0.6694816946983337
99,source,9,0.044869959354400635,-0.6612786650657654
99,source,10,0.03749281167984009,-0.678031325340271
99,source,11,0.040291428565979004,-0.6982805132865906
99,source,12,0.04652082920074463,-0.6926630139350891
99,source,13,0.043508827686309814,-0.6799783706665039
99,source,14,0.04273563623428345,-0.6693234443664551
99,source,15,0.03494083881378174,-0.6768837571144104
99,source,16,0.024005651473999023,-0.6892449855804443
99,source,17,0.0364154577255249,-0.6815076470375061
99,source,18,0.024848759174346924,-0.6754471063613892
99,source,19,0.03819018602371216,-0.6549113988876343
99,source,20,0.02599155902862549,-0.675682783126831
99,source,21,0.04005652666091919,-0.6680685877799988
99,source,22,0.03915518522262573,-0.6789101958274841
99,source,23,0.02575099468231201,-0.6824998259544373
99,source,24,0.03449881076812744,-0.6867647171020508
99,source,25,0.04368311166763306,-0.6854715943336487
99,source,26,0.04481619596481323,-0.6715959310531616
99,source,27,0.046189844608306885,-0.6715002655982971
99,source,28,0.04508352279663086,-0.6606252193450928
99,source,29,0.035086989402770996,-0.6692740321159363
99,source,30,0.04158371686935425,-0.6484922766685486
99,source,31,0.05226314067840576,-0.6310806274414062
99,source,32,0.04678553342819214,-0.6488680243492126
99,source,33,0.04479527473449707,-0.6590679883956909
99,source,34,0.04365426301956177,-0.6480422616004944
99,source,35,0.03706192970275879,-0.6539162993431091
99,source,36,0.0453677773475647,-0.6592589020729065
99,source,37,0.04492396116256714,-0.6626574397087097
99,source,38,0.035125017166137695,-0.6646217107772827
99,source,39,0.04547560214996338,-0.6518319845199585
99,source,40,0.038623929023742676,-0.6541162729263306
99,source,41,0.03902244567871094,-0.659504234790802
99,source,42,0.03275096416473389,-0.6580013632774353
99,source,43,0.0323338508605957,-0.6529142260551453
99,source,44,0.038176894187927246,-0.6580142378807068
99,source,45,0.04571741819381714,-0.6421933770179749
99,source,46,0.040607750415802,-0.6507689356803894
99,source,47,0.04065161943435669,-0.6688244342803955
99,source,48,0.03296780586242676,-0.664756715297699
99,source,49,0.03459995985031128,-0.6616237163543701
99,source,50,0.030949711799621582,-0.6695005893707275
99,source,51,0.03399217128753662,-0.6657286286354065
99,source,52,0.03034377098083496,-0.6654038429260254
99,source,53,0.030189692974090576,-0.6648921370506287
99,source,54,0.031368911266326904,-0.6837025880813599
99,source,55,0.03321486711502075,-0.6749063730239868
99,source,56,0.034709632396698,-0.6630288362503052
99,source,57,0.03190875053405762,-0.6741304993629456
99,source,58,0.02898651361465454,-0.6749516129493713
99,source,59,0.035511553287506104,-0.6755406260490417
99,source,60,0.029275715351104736,-0.6809250116348267
99,source,61,0.039585769176483154,-0.6716047525405884
99,source,62,0.0353885293006897,-0.6864039301872253
99,source,63,0.042579054832458496,-0.700965404510498
99,target,0,0.022229254245758057,-0.6973654627799988
99,target,1,0.015196561813354492,-0.7413879632949829
99,target,2,0.028096675872802734,-0.7163751721382141
99,target,3,0.009985804557800293,-0.7316054701805115
99,target,4,0.033647775650024414,-0.710686445236206
99,target,5,0.02205181121826172,-0.8143302202224731
99,target,6,0.04855453968048096,-0.8079202175140381
99,target,7,0.013175487518310547,-0.7251864671707153
99,target,8,0.018392741680145264,-0.7389183640480042
99,target,9,0.01381152868270874,-0.7313535809516907
99,target,10,0.03443986177444458,-0.7359601855278015
99,target,11,0.012527644634246826,-0.7566381096839905
99,target,12,0.004593074321746826,-0.7609564661979675
99,target,13,0.016743600368499756,-0.7225682735443115
99,target,14,-0.0035053491592407227,-0.7455124855041504
99,target,15,0.02408987283706665,-0.7152188420295715
99,target,16,0.006496787071228027,-0.7338536977767944
99,target,17,0.008845090866088867,-0.756766140460968
99,target,18,-0.00045490264892578125,-0.8173280954360962
99,target,19,0.0021895170211791992,-0.762458086013794
99,target,20,0.004223763942718506,-0.8390403389930725
99,target,21,0.00920170545578003,-0.7425438761711121
99,target,22,0.02502542734146118,-0.7703005075454712
99,target,23,0.005365490913391113,-0.7381768226623535
99,target,24,0.02215886116027832,-0.7505807280540466
99,target,25,0.010004699230194092,-0.7543789744377136
99,target,26,0.008406400680541992,-0.7505645155906677
99,target,27,0.027719557285308838,-0.7483451962471008
99,target,28,0.03649932146072388,-0.7525879144668579
99,target,29,0.00422513484954834,-0.7514634132385254
99,target,30,0.03703349828720093,-0.7407265305519104
99,target,31,-0.0071076154708862305,-0.8073086738586426
99,target,32,-0.003388822078704834,-0.780183732509613
99,target,33,0.015820682048797607,-0.7367207407951355
99,target,34,0.020367443561553955,-0.7251254320144653
99,target,35,0.042436838150024414,-0.7091429233551025
99,target,36,0.020850658416748047,-0.7283581495285034
99,target,37,0.05548578500747681,-0.6979942321777344
99,target,38,0.039162635803222656,-0.7197983264923096
99,target,39,0.03018176555633545,-0.7393591403961182
99,target,40,0.0024347305297851562,-0.7517685890197754
99,target,41,0.014937043190002441,-0.7433841824531555
99,target,42,0.03144949674606323,-0.6875913143157959
99,target,43,0.04337358474731445,-0.6783930659294128
99,target,44,0.04718238115310669,-0.6760650277137756
99,target,45,0.04343461990356445,-0.6914149522781372
99,target,46,0.028883695602416992,-0.6743872165679932
99,target,47,0.013213694095611572,-0.7117078900337219
99,target,48,0.02868020534515381,-0.6866127848625183
99,target,49,0.04480928182601929,-0.655593991279602
99,target,50,0.03680598735809326,-0.6948021650314331
99,target,51,0.0017250776290893555,-0.7519634366035461
99,target,52,0.02161848545074463,-0.7203290462493896
99,target,53,0.013173103332519531,-0.759503185749054
99,target,54,-0.004802405834197998,-0.7620290517807007
99,target,55,0.00018990039825439453,-0.728505551815033
99,target,56,0.020770490169525146,-0.7411466240882874
99,target,57,0.0011354684829711914,-0.7319011092185974
99,target,58,-0.023285210132598877,-0.780500590801239
99,target,59,0.007940530776977539,-0.7366313934326172
99,target,60,0.014238893985748291,-0.7343207001686096
99,target,61,0.016937732696533203,-0.7290067672729492
99,target,62,0.025478005409240723,-0.7243064641952515
99,target,63,0.012184560298919678,-0.7231829762458801
100,source,0,0.02124631404876709,-0.7208346128463745
100,source,1,0.029961049556732178,-0.6998618245124817
100,source,2,0.01728588342666626,-0.7069054245948792
100,source,3,0.020562708377838135,-0.6968405246734619
100,source,4,0.01975327730178833,-0.6840704083442688
100,source,5,0.00903397798538208,-0.69525545835495
100,source,6,0.016845345497131348,-0.6955099701881409
100,source,7,0.02353888750076294,-0.6928598880767822
100,source,8,0.020876288414001465,-0.6908330917358398
100,source,9,0.031494855880737305,-0.6807352304458618
100,source,10,0.026635587215423584,-0.6958588361740112
100,source,11,0.02872556447982788,-0.718471109867096
100,source,12,0.03590017557144165,-0.7131421566009521
100,source,13,0.0341300368309021,-0.699481725692749
100,source,14,0.03483700752258301,-0.6858315467834473
100,source,15,0.02703148126602173,-0.6943963766098022
100,source,16,0.01595860719680786,-0.7112749218940735
100,source,17,0.027318120002746582,-0.700949490070343
100,source,18,0.014789223670959473,-0.6936119198799133
100,source,19,0.02681058645248413,-0.6705207824707031
100,source,20,0.013949751853942871,-0.6938804388046265
100,source,21,0.02984488010406494,-0.6851245164871216
100,source,22,0.026890337467193604,-0.6972975730895996
100,source,23,0.01217639446258545,-0.7016416192054749
100,source,24,0.022778987884521484,-0.7041823863983154
100,source,25,0.030735373497009277,-0.7040056586265564
100,source,26,0.031229913234710693,-0.6911507844924927
100,source,27,0.03377407789230347,-0.689131498336792
100,source,28,0.034009456634521484,-0.6780245900154114
100,source,29,0.022440671920776367,-0.6872190237045288
100,source,30,0.03161931037902832,-0.6653401851654053
100,source,31,0.0438312292098999,-0.6492235064506531
100,source,32,0.03744959831237793,-0.6697280406951904
100,source,33,0.03197818994522095,-0.678218424320221
100,source,34,0.029810190200805664,-0.6682021021842957
100,source,35,0.024056673049926758,-0.6723272800445557
100,source,36,0.032479703426361084,-0.6801931858062744
100,source,37,0.033481597900390625,-0.682019054889679
100,source,38,0.022209763526916504,-0.6862859129905701
100,source,39,0.029263317584991455,-0.6743820309638977
100,source,40,0.024467170238494873,-0.6752046346664429
100,source,41,0.026040852069854736,-0.6808438897132874
100,source,42,0.020594239234924316,-0.6793288588523865
100,source,43,0.0232161283493042,-0.6724870800971985
100,source,44,0.02651524543762207,-0.6766769886016846
100,source,45,0.03398633003234863,-0.6611666679382324
100,source,46,0.029123306274414062,-0.6702259182929993
100,source,47,0.027842283248901367,-0.68939608335495
100,source,48,0.017631053924560547,-0.6870959997177124
100,source,49,0.020342230796813965,-0.6837829351425171
100,source,50,0.01824277639389038,-0.6925646066665649
100,source,51,0.018705129623413086,-0.6890488266944885
100,source,52,0.016865789890289307,-0.6873202919960022
100,source,53,0.01920604705810547,-0.6846944689750671
100,source,54,0.020828545093536377,-0.703597366809845
100,source,55,0.021987974643707275,-0.6950061321258545
100,source,56,0.021770119667053223,-0.6855171918869019
100,source,57,0.016701698303222656,-0.6964402198791504
100,source,58,0.012041032314300537,-0.698875367641449
100,source,59,0.023893415927886963,-0.6967553496360779
100,source,60,0.015814244747161865,-0.703495979309082
100,source,61,0.028045475482940674,-0.6919675469398499
100,source,62,0.023019492626190186,-0.7091919183731079
100,source,63,0.030218303203582764,-0.7220573425292969
100,target,0,0.0032899975776672363,-0.7225691676139832
100,target,1,-0.004318118095397949,-0.7677510976791382
100,target,2,0.012316644191741943,-0.7348248958587646
100,target,3,-0.007343471050262451,-0.7526761889457703
100,target,4,0.021755456924438477,-0.7332063317298889
100,target,5,0.01735144853591919,-0.8385874629020691
100,target,6,0.04306715726852417,-0.8199206590652466
100,target,7,-0.00023758411407470703,-0.7481405138969421
100,target,8,0.007378101348876953,-0.7627497911453247
100,target,9,-0.00429302453994751,-0.7686629295349121
100,target,10,0.02081221342086792,-0.7655090093612671
100,target,11,0.0013865232467651367,-0.7797922492027283
100,target,12,-0.00974118709564209,-0.7887088656425476
100,target,13,0.003909945487976074,-0.7521758675575256
100,target,14,-0.015700578689575195,-0.7760887742042542
100,target,15,0.004510819911956787,-0.7452535629272461
100,target,16,-0.00842815637588501,-0.7590195536613464
100,target,17,-0.006675004959106445,-0.7805540561676025
100,target,18,-0.019209980964660645,-0.8469528555870056
100,target,19,-0.010755419731140137,-0.7873514890670776
100,target,20,-0.012185990810394287,-0.8621772527694702
100,target,21,-0.00789797306060791,-0.7690809965133667
100,target,22,0.009093225002288818,-0.800018310546875
100,target,23,-0.014601588249206543,-0.7669724822044373
100,target,24,0.004909813404083252,-0.7745453119277954
100,target,25,-0.005244433879852295,-0.7784804105758667
100,target,26,-0.007191717624664307,-0.7754015326499939
100,target,27,0.01754474639892578,-0.7685098648071289
100,target,28,0.02010822296142578,-0.7765164375305176
100,target,29,-0.009612500667572021,-0.7753487229347229
100,target,30,0.02224069833755493,-0.7633036375045776
100,target,31,-0.024122297763824463,-0.8325266242027283
100,target,32,-0.01948106288909912,-0.8087180256843567
100,target,33,0.0007502436637878418,-0.7542494535446167
100,target,34,0.006837129592895508,-0.7425475120544434
100,target,35,0.023629426956176758,-0.736771285533905
100,target,36,0.0025224685668945312,-0.7526818513870239
100,target,37,0.04221701622009277,-0.7198666334152222
100,target,38,0.022448599338531494,-0.739134669303894
100,target,39,0.01592385768890381,-0.7589012980461121
100,target,40,-0.01634281873703003,-0.7796698212623596
100,target,41,0.0002073049545288086,-0.7693581581115723
100,target,42,0.017379164695739746,-0.7069069147109985
100,target,43,0.03276115655899048,-0.6973830461502075
100,target,44,0.032687366008758545,-0.6944610476493835
100,target,45,0.028244316577911377,-0.7169477939605713
100,target,46,-0.0006990432739257812,-0.7040592432022095
100,target,47,-0.003875136375427246,-0.7395069599151611
100,target,48,0.011327087879180908,-0.7153303623199463
100,target,49,0.030610263347625732,-0.6754928231239319
100,target,50,0.021348774433135986,-0.724525511264801
100,target,51,-0.022222697734832764,-0.7837733626365662
100,target,52,0.00027507543563842773,-0.7493953704833984
100,target,53,-0.010690271854400635,-0.7929099202156067
100,target,54,-0.030708730220794678,-0.7960014343261719
100,target,55,-0.01994943618774414,-0.7550018429756165
100,target,56,-0.004529058933258057,-0.7709465622901917
100,target,57,-0.020543575286865234,-0.7601296305656433
100,target,58,-0.041325151920318604,-0.808987557888031
100,target,59,-0.01260077953338623,-0.7657302021980286
100,target,60,-0.010170340538024902,-0.7653008103370667
100,target,61,-0.0038874149322509766,-0.7552589774131775
100,target,62,0.0065421462059021,-0.746377170085907
100,target,63,-0.012314915657043457,-0.7525283694267273
