epoch,domain,sample_index,pc1,pc2,pc3
0,source,0,-0.9295340180397034,-0.4165225625038147,-0.012915253639221191
0,source,1,-0.7561638951301575,-0.16387704014778137,-0.05415409803390503
0,source,2,-0.8898124694824219,-0.11248359084129333,-0.30325448513031006
0,source,3,-0.7658902406692505,-0.12739133834838867,-0.2596813440322876
0,source,4,-0.6809052228927612,-0.3771779537200928,0.3785533905029297
0,source,5,-0.8612496256828308,-0.5145947337150574,0.0729406476020813
0,source,6,-1.0459866523742676,-0.5273842215538025,0.10396456718444824
0,source,7,-0.9643527865409851,-0.5405194759368896,0.09155529737472534
0,source,8,-0.9034857749938965,-0.5132268071174622,0.2098596692085266
0,source,9,-1.0116467475891113,-0.4638597369194031,0.10326284170150757
0,source,10,-0.6887447237968445,-0.0949258804321289,-0.08875900506973267
0,source,11,-0.9399016499519348,-0.2175295054912567,-0.23684167861938477
0,source,12,-0.9251366853713989,-0.08908754587173462,-0.37198352813720703
0,source,13,-0.8036960959434509,0.05409051477909088,-0.4590986967086792
0,source,14,-0.7623645663261414,-0.14964500069618225,-0.2776573896408081
0,source,15,-0.7194691300392151,-0.21591022610664368,0.021197021007537842
0,source,16,-0.8764619827270508,-0.3336586356163025,-0.12158375978469849
0,source,17,-0.8516363501548767,-0.09230133891105652,-0.20356011390686035
0,source,18,-0.8945382237434387,-0.18221628665924072,-0.24604463577270508
0,source,19,-0.8020223379135132,-0.11457559466362,-0.1790236234664917
0,source,20,-0.7115012407302856,0.03103652596473694,-0.4683196544647217
0,source,21,-0.45264899730682373,0.05214163661003113,-0.29233884811401367
0,source,22,-0.6553487181663513,-0.15031477808952332,-0.42194461822509766
0,source,23,-0.7966537475585938,-0.16372928023338318,-0.3175969123840332
0,source,24,-0.8164963722229004,-0.19098415970802307,-0.1292872428894043
0,source,25,-0.8326066136360168,-0.3834494352340698,0.1698576807975769
0,source,26,-0.6582761406898499,-0.15863248705863953,-0.23199820518493652
0,source,27,-0.6062444448471069,0.022816941142082214,-0.2938941717147827
0,source,28,-0.626904308795929,-0.2144922912120819,-0.05141955614089966
0,source,29,-0.7558590173721313,-0.11245381832122803,-0.2453153133392334
0,source,30,-0.952688455581665,-0.15588000416755676,-0.2482461929321289
0,source,31,-1.005421757698059,-0.1926792562007904,-0.15760403871536255
0,source,32,-0.8272901773452759,-0.3700087070465088,0.1563408374786377
0,source,33,-0.9659212827682495,-0.5949788689613342,0.33978918194770813
0,source,34,-0.9836968779563904,-0.4285587668418884,0.06114000082015991
0,source,35,-0.9898977875709534,-0.38200777769088745,0.20120304822921753
0,source,36,-0.6478052735328674,-0.08914744853973389,-0.24197542667388916
0,source,37,-0.6658405661582947,-0.2530272603034973,-0.10890930891036987
0,source,38,-0.8140544891357422,-0.2868111729621887,0.030478954315185547
0,source,39,-0.8372706174850464,-0.20553550124168396,-0.09366774559020996
0,source,40,-0.7738606333732605,-0.20968195796012878,-0.021130919456481934
0,source,41,-0.8602501749992371,-0.09607985615730286,-0.23615193367004395
0,source,42,-0.8675622940063477,-0.11149561405181885,-0.23501765727996826
0,source,43,-0.8427742719650269,-0.0585540235042572,-0.15945112705230713
0,source,44,-0.6334080100059509,0.28553590178489685,-0.5812087059020996
0,source,45,-0.8253676891326904,-0.02846813201904297,-0.3869229555130005
0,source,46,-0.7993113994598389,-0.1838805079460144,-0.24800467491149902
0,source,47,-0.8908302783966064,-0.18479332327842712,-0.18172645568847656
0,source,48,-0.8262449502944946,-0.12557196617126465,-0.30508720874786377
0,source,49,-0.6601023077964783,-0.22573944926261902,-0.060382068157196045
0,source,50,-0.27654415369033813,-0.10123535990715027,0.993559718132019
0,source,51,-0.45952308177948,0.16175290942192078,0.8451700210571289
0,source,52,-0.4302137494087219,0.09741920232772827,0.816498875617981
0,source,53,-0.08325784653425217,0.23538155853748322,0.4139338433742523
0,source,54,-0.20999060571193695,-0.027378827333450317,0.770954430103302
0,source,55,-0.2606372833251953,-0.14256322383880615,0.8464689254760742
0,source,56,-0.41840386390686035,-0.15371528267860413,0.9417082071304321
0,source,57,-0.3731955885887146,-0.09871655702590942,0.8198884129524231
0,source,58,-0.4689210057258606,-0.20640799403190613,0.982058048248291
0,source,59,-0.4303020238876343,-0.13386183977127075,0.8161072731018066
0,source,60,-0.3221474289894104,0.29253867268562317,0.4322957992553711
0,source,61,-0.3704252243041992,0.2563515901565552,0.4347155690193176
0,source,62,-0.33236390352249146,0.40113168954849243,0.4454663395881653
0,source,63,-0.373310387134552,0.36220839619636536,0.3683004677295685
0,target,0,1.0841765403747559,-0.426582396030426,-0.37316954135894775
0,target,1,0.8839366436004639,-0.12987491488456726,0.23844653367996216
0,target,2,0.4636116027832031,0.7408430576324463,-0.14268672466278076
0,target,3,0.8640924096107483,0.07398301362991333,-0.07986903190612793
0,target,4,0.5187696814537048,0.8284742832183838,-0.1079971194267273
0,target,5,0.7156964540481567,0.8387119770050049,0.447051465511322
0,target,6,0.21568511426448822,0.9033313989639282,0.04430687427520752
0,target,7,0.3019587993621826,0.6370880007743835,-0.29348278045654297
0,target,8,0.05163775384426117,0.6541593074798584,-0.37924349308013916
0,target,9,0.9575381875038147,-0.10269305109977722,-0.08518153429031372
0,target,10,0.892838180065155,-0.15466943383216858,-0.21831107139587402
0,target,11,0.6348146200180054,0.23714587092399597,0.25203758478164673
0,target,12,0.7981613874435425,0.1818298101425171,-0.3771730661392212
0,target,13,1.1359367370605469,0.44207143783569336,0.1211513876914978
0,target,14,0.8887103199958801,0.45513004064559937,0.32155632972717285
0,target,15,0.7749308943748474,0.8432977795600891,0.14299148321151733
0,target,16,0.5227369070053101,0.805131733417511,0.2619510889053345
0,target,17,0.4210931658744812,0.5329618453979492,-0.1590578556060791
0,target,18,0.3428218960762024,0.4596708416938782,0.019415438175201416
0,target,19,0.5991766452789307,0.07811464369297028,-0.3779488801956177
0,target,20,0.7878929972648621,0.5338071584701538,-0.12472474575042725
0,target,21,-0.334303081035614,0.7439078092575073,-0.5101257562637329
0,target,22,1.2011432647705078,0.05855493247509003,-0.17935824394226074
0,target,23,1.0605862140655518,-0.098358154296875,-0.2616842985153198
0,target,24,0.11248455941677094,0.4665600061416626,-0.050779104232788086
0,target,25,0.5171259045600891,0.25741469860076904,0.307620644569397
0,target,26,0.693703293800354,0.1823137104511261,0.03893548250198364
0,target,27,0.740960955619812,0.3658829927444458,-0.02731335163116455
0,target,28,0.010641388595104218,0.7416079640388489,0.051979899406433105
0,target,29,0.8482620716094971,0.21911299228668213,0.4861792027950287
0,target,30,0.2542920708656311,0.5784038305282593,0.6160385608673096
0,target,31,0.5021226406097412,0.5920573472976685,0.5509756803512573
0,target,32,0.4706403613090515,0.37912389636039734,0.7698253393173218
0,target,33,0.0029386095702648163,1.0083073377609253,-0.14884090423583984
0,target,34,0.2905690670013428,0.8104697465896606,-0.274639368057251
0,target,35,-0.041036803275346756,0.7911924123764038,0.16917866468429565
0,target,36,0.033337824046611786,1.0358362197875977,-0.10374903678894043
0,target,37,-0.09349243342876434,0.9023335576057434,-0.18204998970031738
0,target,38,0.3059297800064087,0.8131821155548096,-0.18271827697753906
0,target,39,-0.04533218964934349,0.9666873216629028,-0.10822468996047974
0,target,40,0.7455743551254272,-0.00044015049934387207,-0.49045801162719727
0,target,41,0.8420591354370117,-0.1477956771850586,-0.6192840337753296
0,target,42,-0.10802340507507324,0.0018036067485809326,-0.6794981956481934
0,target,43,-0.015243299305438995,-0.14014577865600586,-0.791466474533081
0,target,44,-0.25673580169677734,0.14565810561180115,-0.766072154045105
0,target,45,-0.17305898666381836,0.05829891562461853,-0.7769985198974609
0,target,46,0.38610953092575073,-0.6753602027893066,0.971316397190094
0,target,47,1.932090401649475,-1.1280100345611572,-0.27708137035369873
0,target,48,2.079501152038574,-1.1095974445343018,-0.253049373626709
0,target,49,0.5368341207504272,-0.6167970895767212,0.797848105430603
0,target,50,0.6273582577705383,-0.4576684832572937,0.5363085269927979
0,target,51,1.170382022857666,0.06207039952278137,-0.05987793207168579
0,target,52,1.0784966945648193,-0.3244432210922241,0.03598451614379883
0,target,53,1.3747100830078125,-0.39834707975387573,0.10241717100143433
0,target,54,1.3634945154190063,0.0882403552532196,-0.1385706663131714
0,target,55,1.555043339729309,-0.33512550592422485,-0.027900516986846924
0,target,56,1.8593225479125977,-0.9317144751548767,-0.1636955738067627
0,target,57,1.4479538202285767,-0.6267316937446594,0.06981348991394043
0,target,58,1.4233824014663696,-0.5502684712409973,0.10457926988601685
0,target,59,1.6032302379608154,-0.712662935256958,-0.07617485523223877
0,target,60,1.551138997077942,-0.668550431728363,-0.22628164291381836
0,target,61,1.5731942653656006,-0.656302809715271,-0.2491755485534668
0,target,62,0.9635079503059387,-0.08756110072135925,-0.19048380851745605
0,target,63,1.517256736755371,-0.6197589635848999,-0.2586174011230469
1,source,0,-0.44668352603912354,-0.20427978038787842,0.772415816783905
1,source,1,-0.5091004967689514,-0.24337506294250488,0.8163481950759888
1,source,2,-0.5554749965667725,-0.22627121210098267,0.6905417442321777
1,source,3,-0.5740861892700195,-0.262004554271698,0.6883628368377686
1,source,4,-0.47282642126083374,-0.21266978979110718,0.7259384989738464
1,source,5,-0.5644948482513428,-0.28783851861953735,0.8327087759971619
1,source,6,-0.5564005970954895,-0.2900853157043457,0.7994344830513
1,source,7,-0.5317541360855103,-0.2925756573677063,0.7980959415435791
1,source,8,-0.5543259978294373,-0.29803621768951416,0.8296976089477539
1,source,9,-0.5878649950027466,-0.2948986291885376,0.804163932800293
1,source,10,-0.50291508436203,-0.1995100975036621,0.6774249076843262
1,source,11,-0.6255357265472412,-0.2706531882286072,0.7606703042984009
1,source,12,-0.5359911918640137,-0.2274448573589325,0.6983462572097778
1,source,13,-0.5737504363059998,-0.22369137406349182,0.6830193996429443
1,source,14,-0.3866485357284546,-0.21477288007736206,0.6498286724090576
1,source,15,-0.45810461044311523,-0.19510522484779358,0.7361644506454468
1,source,16,-0.5185388922691345,-0.2648831605911255,0.7260043621063232
1,source,17,-0.5021701455116272,-0.21972250938415527,0.697344958782196
1,source,18,-0.527370810508728,-0.258552610874176,0.7606012225151062
1,source,19,-0.5305002927780151,-0.24384239315986633,0.7376983165740967
1,source,20,-0.5618376731872559,-0.25302183628082275,0.6566029191017151
1,source,21,-0.4742100238800049,-0.1603940725326538,0.6338016986846924
1,source,22,-0.46469295024871826,-0.24563336372375488,0.6102006435394287
1,source,23,-0.44945693016052246,-0.2219845950603485,0.6836322546005249
1,source,24,-0.47666865587234497,-0.21970057487487793,0.7434374690055847
1,source,25,-0.4449222683906555,-0.2269001603126526,0.7907150983810425
1,source,26,-0.41539478302001953,-0.20043864846229553,0.678421139717102
1,source,27,-0.4365774393081665,-0.18919390439987183,0.6785485148429871
1,source,28,-0.47508788108825684,-0.23814645409584045,0.6977825164794922
1,source,29,-0.5477653741836548,-0.1931248903274536,0.7592999935150146
1,source,30,-0.608852744102478,-0.2505143880844116,0.7638814449310303
1,source,31,-0.6208692789077759,-0.22457784414291382,0.7522362470626831
1,source,32,-0.5364857316017151,-0.20781701803207397,0.6967729330062866
1,source,33,-0.5335533022880554,-0.26978451013565063,0.8163357377052307
1,source,34,-0.606315016746521,-0.3118671774864197,0.8550213575363159
1,source,35,-0.5684086680412292,-0.26355230808258057,0.8577209115028381
1,source,36,-0.4488847255706787,-0.16806983947753906,0.6805294156074524
1,source,37,-0.4994348883628845,-0.19792532920837402,0.739998459815979
1,source,38,-0.4449523091316223,-0.21251630783081055,0.7668581008911133
1,source,39,-0.5051375031471252,-0.26475077867507935,0.7135103940963745
1,source,40,-0.341926634311676,-0.06071004271507263,0.6118464469909668
1,source,41,-0.47562479972839355,-0.2358047068119049,0.6775545477867126
1,source,42,-0.4154665470123291,-0.18785366415977478,0.6307426691055298
1,source,43,-0.4344787001609802,-0.18554404377937317,0.6340291500091553
1,source,44,-0.5155605673789978,-0.1707260012626648,0.5879299640655518
1,source,45,-0.49022847414016724,-0.22090691328048706,0.6388194561004639
1,source,46,-0.466680109500885,-0.2028619945049286,0.6982450485229492
1,source,47,-0.5757115483283997,-0.2226022183895111,0.7175782918930054
1,source,48,-0.6171546578407288,-0.2681352496147156,0.7024538516998291
1,source,49,-0.4639391303062439,-0.11499917507171631,0.7011348009109497
1,source,50,-0.5567072629928589,-0.1709614396095276,1.123786211013794
1,source,51,-0.674899697303772,-0.12714263796806335,1.109732985496521
1,source,52,-0.7184320688247681,-0.1634153425693512,1.1566078662872314
1,source,53,-0.6928306221961975,-0.2691749930381775,1.0584630966186523
1,source,54,-0.6138187646865845,-0.21389439702033997,1.0342074632644653
1,source,55,-0.8380533456802368,-0.2734050750732422,1.233830451965332
1,source,56,-0.8014418482780457,-0.2184303104877472,1.2302377223968506
1,source,57,-0.7957035899162292,-0.23523694276809692,1.2143653631210327
1,source,58,-0.6852209568023682,-0.223831444978714,1.1861634254455566
1,source,59,-0.7824501395225525,-0.22347131371498108,1.254385232925415
1,source,60,-0.6093829274177551,-0.12260648608207703,0.9710643291473389
1,source,61,-0.7679237723350525,-0.2009562849998474,1.1696703433990479
1,source,62,-0.740004301071167,-0.1339794099330902,1.0863449573516846
1,source,63,-0.6363807916641235,-0.10852363705635071,0.8890764713287354
1,target,0,-0.11509323120117188,-0.13585031032562256,0.6503970623016357
1,target,1,-0.3073594570159912,-0.13723257184028625,1.0664646625518799
1,target,2,-0.5532556176185608,-0.1720777451992035,0.9533535242080688
1,target,3,-0.3709262013435364,-0.21959224343299866,0.9277892112731934
1,target,4,-0.486081063747406,0.015462920069694519,0.9241096377372742
1,target,5,-0.20644670724868774,0.12309035658836365,0.9029074311256409
1,target,6,-0.6408690810203552,-0.059404075145721436,0.9790521860122681
1,target,7,-0.707019567489624,-0.0717783272266388,1.0596673488616943
1,target,8,-0.7818601131439209,-0.18183952569961548,1.045401692390442
1,target,9,-0.40460121631622314,0.051462918519973755,0.91861891746521
1,target,10,-0.39671146869659424,0.021841704845428467,0.8589228391647339
1,target,11,-0.5273032188415527,0.06704600155353546,1.025854468345642
1,target,12,-0.5746287107467651,-0.04807117581367493,0.9087271690368652
1,target,13,-0.18506161868572235,-0.051703423261642456,0.8090853691101074
1,target,14,-0.17854803800582886,0.03528253734111786,0.9145470261573792
1,target,15,-0.37931209802627563,0.009091109037399292,0.8667562007904053
1,target,16,-0.32984548807144165,-0.002918809652328491,0.9152971506118774
1,target,17,-0.5285256505012512,0.016105473041534424,0.9052462577819824
1,target,18,-0.49532192945480347,-0.06327754259109497,0.9643288254737854
1,target,19,-0.3918837904930115,-0.1511460840702057,0.707159698009491
1,target,20,-0.37180382013320923,0.0001703798770904541,0.9283588528633118
1,target,21,-0.8542452454566956,-0.13509058952331543,0.9443906545639038
1,target,22,-0.11029540002346039,-0.10728412866592407,0.6439816355705261
1,target,23,-0.34290337562561035,-0.12278461456298828,0.7968305349349976
1,target,24,-0.592367947101593,-0.10100087523460388,1.0322140455245972
1,target,25,-0.2866746783256531,-0.0935748815536499,0.9870283007621765
1,target,26,-0.2874099016189575,-0.179523766040802,0.8198665976524353
1,target,27,-0.1504732370376587,-0.02234610915184021,0.7250404357910156
1,target,28,-0.48260217905044556,-0.012733012437820435,0.9600473642349243
1,target,29,-0.23740287125110626,-0.022215187549591064,1.0919116735458374
1,target,30,-0.44928544759750366,-0.06873804330825806,0.9566170573234558
1,target,31,-0.5186769366264343,0.04785507917404175,1.1544541120529175
1,target,32,-0.5113952159881592,-0.009445667266845703,1.1184563636779785
1,target,33,-0.6452388167381287,-0.04933446645736694,0.9243438243865967
1,target,34,-0.6070764660835266,-0.1136452853679657,0.9130538702011108
1,target,35,-0.5834330320358276,-0.10241219401359558,0.9832542538642883
1,target,36,-0.7938333749771118,0.00067138671875,1.0445235967636108
1,target,37,-0.6730300784111023,-0.059521257877349854,0.8731675148010254
1,target,38,-0.6240349411964417,-0.03880879282951355,0.8912487626075745
1,target,39,-0.6598102450370789,-0.03832828998565674,0.951870858669281
1,target,40,-0.4200562834739685,-0.18314874172210693,0.835292398929596
1,target,41,-0.3842545747756958,-0.18114826083183289,0.7888420224189758
1,target,42,-0.7182338237762451,-0.3483811020851135,0.9184090495109558
1,target,43,-0.6203231811523438,-0.3785400986671448,0.8657817840576172
1,target,44,-0.6400426030158997,-0.2591358423233032,0.8101727962493896
1,target,45,-0.6941424608230591,-0.3548828363418579,0.8424679636955261
1,target,46,0.20131711661815643,-0.5765752792358398,0.9106470942497253
1,target,47,0.21031852066516876,-0.4978201985359192,0.681876003742218
1,target,48,0.2447102814912796,-0.3954538106918335,0.7152882218360901
1,target,49,0.19097857177257538,-0.5174705386161804,0.8281614184379578
1,target,50,-0.0414217934012413,-0.2686966061592102,0.9194868803024292
1,target,51,-0.09668970108032227,-0.19534680247306824,0.9023117423057556
1,target,52,-0.13493728637695312,-0.19950518012046814,0.9357057809829712
1,target,53,-0.09693276137113571,-0.2619166374206543,0.9859318137168884
1,target,54,-0.04606036841869354,-0.10733067989349365,0.8184425830841064
1,target,55,0.14658242464065552,-0.18563690781593323,0.7418681979179382
1,target,56,0.1723427176475525,-0.36472654342651367,0.7792816162109375
1,target,57,-0.00930720940232277,-0.30693668127059937,0.927484393119812
1,target,58,0.013305068016052246,-0.2791275978088379,0.8494734168052673
1,target,59,0.08680030703544617,-0.3416097164154053,0.8523754477500916
1,target,60,-0.04784579202532768,-0.32343417406082153,0.884456217288971
1,target,61,0.03428589552640915,-0.28688305616378784,0.855390191078186
1,target,62,-0.23938913643360138,-0.2543523907661438,0.9014641046524048
1,target,63,-0.020856227725744247,-0.33617621660232544,0.8552378416061401
2,source,0,-0.48189598321914673,-0.3428698182106018,0.8633260726928711
2,source,1,-0.39834755659103394,-0.3575626611709595,0.8734685778617859
2,source,2,-0.5202698111534119,-0.28438907861709595,0.8205949068069458
2,source,3,-0.5444785952568054,-0.3558574914932251,0.851855456829071
2,source,4,-0.48659390211105347,-0.40627938508987427,0.8846111297607422
2,source,5,-0.5289216041564941,-0.4194048047065735,0.851673424243927
2,source,6,-0.5369959473609924,-0.4043736457824707,0.83913254737854
2,source,7,-0.5023331642150879,-0.388630747795105,0.8263029456138611
2,source,8,-0.49490833282470703,-0.41827255487442017,0.833058774471283
2,source,9,-0.5144673585891724,-0.3494766354560852,0.8248474597930908
2,source,10,-0.5131343007087708,-0.3398902416229248,0.8989728689193726
2,source,11,-0.5625985264778137,-0.3233504891395569,0.8482977747917175
2,source,12,-0.5410462021827698,-0.3402157425880432,0.783295750617981
2,source,13,-0.5401865839958191,-0.3992276191711426,0.7615304589271545
2,source,14,-0.38256633281707764,-0.37513017654418945,0.7432394623756409
2,source,15,-0.43975794315338135,-0.33864349126815796,0.9572046995162964
2,source,16,-0.5014625191688538,-0.336239218711853,0.8047561645507812
2,source,17,-0.48193854093551636,-0.3385329246520996,0.808390736579895
2,source,18,-0.4782536029815674,-0.3347495198249817,0.8313895463943481
2,source,19,-0.47565507888793945,-0.3662068843841553,0.8989311456680298
2,source,20,-0.5677122473716736,-0.348006010055542,0.8319560289382935
2,source,21,-0.4771829843521118,-0.36582618951797485,0.8513085246086121
2,source,22,-0.46991395950317383,-0.3499755859375,0.7879005074501038
2,source,23,-0.434639036655426,-0.36134886741638184,0.8456342220306396
2,source,24,-0.4147745370864868,-0.3831825852394104,0.862514317035675
2,source,25,-0.3919494152069092,-0.38345980644226074,0.9691879749298096
2,source,26,-0.42192351818084717,-0.38045674562454224,0.8729997277259827
2,source,27,-0.4239323139190674,-0.32644033432006836,0.8294433951377869
2,source,28,-0.4799305200576782,-0.30497390031814575,0.9317549467086792
2,source,29,-0.5573992133140564,-0.3083897829055786,0.8890776038169861
2,source,30,-0.5543838739395142,-0.34160125255584717,0.8440889716148376
2,source,31,-0.5598399043083191,-0.3116447329521179,0.8505116701126099
2,source,32,-0.5539336800575256,-0.3788872957229614,0.8622907996177673
2,source,33,-0.496431827545166,-0.3773731589317322,0.8509455919265747
2,source,34,-0.5366968512535095,-0.38829100131988525,0.8986603021621704
2,source,35,-0.4768521189689636,-0.3181210160255432,0.9390342235565186
2,source,36,-0.44398337602615356,-0.339687705039978,0.8074142932891846
2,source,37,-0.42891621589660645,-0.3649650812149048,0.9040443897247314
2,source,38,-0.3878195881843567,-0.37967151403427124,0.8937286734580994
2,source,39,-0.4542170763015747,-0.3763390779495239,0.8852603435516357
2,source,40,-0.5023237466812134,-0.3524572253227234,0.8736670017242432
2,source,41,-0.5489197969436646,-0.3778020739555359,0.7701845765113831
2,source,42,-0.521378219127655,-0.37300634384155273,0.7727823853492737
2,source,43,-0.5023602247238159,-0.35105353593826294,0.8061110377311707
2,source,44,-0.5348376035690308,-0.33471065759658813,0.8246593475341797
2,source,45,-0.5073511600494385,-0.3352547287940979,0.8496767282485962
2,source,46,-0.44151365756988525,-0.38608700037002563,0.7783597707748413
2,source,47,-0.5453596711158752,-0.30300354957580566,0.8833824396133423
2,source,48,-0.5651243925094604,-0.3722074627876282,0.8197445869445801
2,source,49,-0.446230947971344,-0.36227095127105713,0.9052726030349731
2,source,50,-0.5167925357818604,-0.44006794691085815,1.01173734664917
2,source,51,-0.48693913221359253,-0.38616877794265747,0.990380048751831
2,source,52,-0.5908858776092529,-0.38759446144104004,1.0403238534927368
2,source,53,-0.5926623344421387,-0.38621431589126587,0.9980589747428894
2,source,54,-0.5440028309822083,-0.48897355794906616,1.0601197481155396
2,source,55,-0.5353201031684875,-0.504599392414093,1.0305064916610718
2,source,56,-0.541788637638092,-0.4541286826133728,1.0506576299667358
2,source,57,-0.5414947867393494,-0.40486645698547363,1.0447618961334229
2,source,58,-0.4728480577468872,-0.4298135042190552,1.0668116807937622
2,source,59,-0.5758118629455566,-0.4342246651649475,1.0611929893493652
2,source,60,-0.5668559670448303,-0.3334747552871704,1.0162944793701172
2,source,61,-0.613175094127655,-0.3765680193901062,0.9929338693618774
2,source,62,-0.599345862865448,-0.3541828989982605,0.993109941482544
2,source,63,-0.5206891894340515,-0.40157943964004517,0.8678568005561829
2,target,0,-0.1756163090467453,-0.5327648520469666,0.7567905187606812
2,target,1,-0.48514342308044434,-0.5013066530227661,1.1139346361160278
2,target,2,-0.5623559951782227,-0.3213348388671875,0.896883487701416
2,target,3,-0.4157438278198242,-0.5228819251060486,0.9056522846221924
2,target,4,-0.4672529101371765,-0.21922042965888977,0.9117781519889832
2,target,5,-0.4262610673904419,-0.15786466002464294,1.1376371383666992
2,target,6,-0.6410227417945862,-0.15433043241500854,1.091322898864746
2,target,7,-0.5141239166259766,-0.15477049350738525,0.9630857706069946
2,target,8,-0.6022934913635254,-0.12288790941238403,0.9568448066711426
2,target,9,-0.35866671800613403,-0.29584646224975586,0.8709312677383423
2,target,10,-0.3523295521736145,-0.3165416717529297,0.8581187725067139
2,target,11,-0.43877166509628296,-0.26745671033859253,1.0368775129318237
2,target,12,-0.42050009965896606,-0.3293701410293579,0.8120324015617371
2,target,13,-0.30805379152297974,-0.33170849084854126,0.9050965309143066
2,target,14,-0.3339952230453491,-0.33862507343292236,1.0057777166366577
2,target,15,-0.4025525450706482,-0.24762684106826782,0.9209790229797363
2,target,16,-0.4311588406562805,-0.2357541024684906,0.9884378910064697
2,target,17,-0.44948530197143555,-0.233706533908844,0.9461714029312134
2,target,18,-0.5339294672012329,-0.21815651655197144,1.0777921676635742
2,target,19,-0.46406733989715576,-0.3641977310180664,0.9801051616668701
2,target,20,-0.5132108926773071,-0.21719282865524292,1.082292079925537
2,target,21,-0.6292734742164612,-0.1604166030883789,0.9899439811706543
2,target,22,-0.3303412199020386,-0.29018282890319824,0.9685728549957275
2,target,23,-0.35919249057769775,-0.3722009062767029,0.9109489321708679
2,target,24,-0.5373657941818237,-0.2048673927783966,0.9976551532745361
2,target,25,-0.47885727882385254,-0.38278728723526,1.067663550376892
2,target,26,-0.40255439281463623,-0.49204641580581665,0.9388210773468018
2,target,27,-0.28924864530563354,-0.38495367765426636,0.7876428365707397
2,target,28,-0.5122111439704895,-0.307767391204834,0.8401105403900146
2,target,29,-0.2934213876724243,-0.4021570682525635,0.986617922782898
2,target,30,-0.48839282989501953,-0.32197749614715576,0.956057608127594
2,target,31,-0.4946957230567932,-0.24579012393951416,1.1171162128448486
2,target,32,-0.5211525559425354,-0.3047800064086914,1.1385810375213623
2,target,33,-0.6507053375244141,-0.24785947799682617,0.8404927849769592
2,target,34,-0.5462563633918762,-0.2844449281692505,0.8239386081695557
2,target,35,-0.6700290441513062,-0.21682217717170715,0.9520653486251831
2,target,36,-0.6489257216453552,-0.13755086064338684,1.0111229419708252
2,target,37,-0.5940012335777283,-0.2639704942703247,0.8233778476715088
2,target,38,-0.5364287495613098,-0.29987633228302,0.8721016049385071
2,target,39,-0.639160692691803,-0.23343932628631592,0.9283084869384766
2,target,40,-0.4515552520751953,-0.3327556848526001,0.9251085519790649
2,target,41,-0.3626917004585266,-0.33880841732025146,0.8603639602661133
2,target,42,-0.5919332504272461,-0.39540499448776245,0.8687583208084106
2,target,43,-0.5260375142097473,-0.4772006869316101,0.8297309875488281
2,target,44,-0.6501575708389282,-0.43685925006866455,0.9048550128936768
2,target,45,-0.6075289249420166,-0.4139443039894104,0.895334005355835
2,target,46,0.11954382061958313,-0.9282669425010681,0.8887553215026855
2,target,47,-0.045295849442481995,-0.7810401320457458,0.7757687568664551
2,target,48,0.034380361437797546,-0.7457976341247559,0.8376530408859253
2,target,49,0.13464975357055664,-0.8947530388832092,0.9025894999504089
2,target,50,-0.3301898241043091,-0.5578339695930481,1.1993839740753174
2,target,51,-0.32627391815185547,-0.5354260802268982,0.9946831464767456
2,target,52,-0.21120353043079376,-0.5935131907463074,0.8590258359909058
2,target,53,-0.2407064139842987,-0.5702596306800842,0.9360373020172119
2,target,54,-0.29244089126586914,-0.41648244857788086,1.0183335542678833
2,target,55,-0.1787174642086029,-0.5315245389938354,0.9187262058258057
2,target,56,-0.11347910761833191,-0.6618419289588928,0.8786962628364563
2,target,57,-0.12609094381332397,-0.5990145802497864,0.8940556049346924
2,target,58,-0.1739698201417923,-0.5528976321220398,0.9178062081336975
2,target,59,-0.1183374673128128,-0.6412886381149292,0.8478101491928101
2,target,60,-0.1795019805431366,-0.6451635360717773,0.8269215822219849
2,target,61,-0.16268441081047058,-0.6698258519172668,0.8576951026916504
2,target,62,-0.3103129267692566,-0.5688602924346924,0.7975113391876221
2,target,63,-0.18706783652305603,-0.647515594959259,0.8638845086097717
3,source,0,-0.4345974922180176,-0.4299060106277466,0.6784664392471313
3,source,1,-0.4226328730583191,-0.44560492038726807,0.7161535620689392
3,source,2,-0.47018754482269287,-0.4300384521484375,0.6381383538246155
3,source,3,-0.4860249161720276,-0.46852463483810425,0.6300324201583862
3,source,4,-0.4161001443862915,-0.39291632175445557,0.6817455291748047
3,source,5,-0.5553110837936401,-0.4373667240142822,0.6715108156204224
3,source,6,-0.5608417987823486,-0.4454713463783264,0.6555677652359009
3,source,7,-0.5255007147789001,-0.4436083436012268,0.660126268863678
3,source,8,-0.5243716239929199,-0.46086829900741577,0.6690827012062073
3,source,9,-0.5545238256454468,-0.4622613191604614,0.655864953994751
3,source,10,-0.44415080547332764,-0.4236202836036682,0.6684100031852722
3,source,11,-0.5673146843910217,-0.48875945806503296,0.6294648051261902
3,source,12,-0.5681272149085999,-0.4483206272125244,0.5761945247650146
3,source,13,-0.47877973318099976,-0.5217812061309814,0.5469573736190796
3,source,14,-0.32185858488082886,-0.47531527280807495,0.6015973687171936
3,source,15,-0.41736429929733276,-0.44112300872802734,0.761126697063446
3,source,16,-0.4296794533729553,-0.48983561992645264,0.6196125745773315
3,source,17,-0.3937167525291443,-0.4673944115638733,0.6001136898994446
3,source,18,-0.41715937852859497,-0.4591371417045593,0.6154692769050598
3,source,19,-0.41754424571990967,-0.44908690452575684,0.6610170602798462
3,source,20,-0.43593907356262207,-0.48175597190856934,0.5726306438446045
3,source,21,-0.2916293144226074,-0.42042553424835205,0.6312260627746582
3,source,22,-0.3515598177909851,-0.5060596466064453,0.5797197818756104
3,source,23,-0.3308432698249817,-0.502360463142395,0.662905216217041
3,source,24,-0.37015968561172485,-0.4911494255065918,0.6601031422615051
3,source,25,-0.38746392726898193,-0.44907790422439575,0.7699021100997925
3,source,26,-0.3063271641731262,-0.46464651823043823,0.6300333738327026
3,source,27,-0.40233391523361206,-0.44677072763442993,0.6138463616371155
3,source,28,-0.42040324211120605,-0.36136049032211304,0.7078853845596313
3,source,29,-0.5491560697555542,-0.4333818554878235,0.7027405500411987
3,source,30,-0.5435444116592407,-0.49162864685058594,0.6437045931816101
3,source,31,-0.5806325078010559,-0.44422852993011475,0.6436218023300171
3,source,32,-0.5593470335006714,-0.442058265209198,0.6632667183876038
3,source,33,-0.5385956168174744,-0.46634191274642944,0.673028290271759
3,source,34,-0.5672142505645752,-0.49137401580810547,0.7200146913528442
3,source,35,-0.4710458517074585,-0.4196097254753113,0.7130047678947449
3,source,36,-0.38324522972106934,-0.4564984440803528,0.6248751878738403
3,source,37,-0.4004327654838562,-0.4086325168609619,0.7257290482521057
3,source,38,-0.3669697046279907,-0.46773868799209595,0.7089269757270813
3,source,39,-0.4084092974662781,-0.48016446828842163,0.6963937282562256
3,source,40,-0.538805365562439,-0.38056516647338867,0.7467459440231323
3,source,41,-0.5367791056632996,-0.4301595091819763,0.6476923227310181
3,source,42,-0.46867579221725464,-0.4451136589050293,0.6136936545372009
3,source,43,-0.5025331974029541,-0.41026824712753296,0.6568337082862854
3,source,44,-0.3472951054573059,-0.44650858640670776,0.5614566802978516
3,source,45,-0.3731294274330139,-0.4793146252632141,0.5650671720504761
3,source,46,-0.4446408152580261,-0.47812122106552124,0.6250773668289185
3,source,47,-0.5428803563117981,-0.42813169956207275,0.6899709701538086
3,source,48,-0.5203554034233093,-0.4918804168701172,0.6037037372589111
3,source,49,-0.4441670775413513,-0.3900182843208313,0.703867495059967
3,source,50,-0.4492114186286926,-0.3989204168319702,0.8602005839347839
3,source,51,-0.464324414730072,-0.3764050006866455,0.83338862657547
3,source,52,-0.5213589072227478,-0.3885727524757385,0.9004966616630554
3,source,53,-0.5393521785736084,-0.3793780207633972,0.8437063694000244
3,source,54,-0.44235944747924805,-0.3505624532699585,0.854324221611023
3,source,55,-0.5765112638473511,-0.4092145562171936,0.8576762080192566
3,source,56,-0.5866434574127197,-0.42126011848449707,0.8397403955459595
3,source,57,-0.5945128798484802,-0.40828990936279297,0.8420088887214661
3,source,58,-0.46127456426620483,-0.4033238887786865,0.8553287386894226
3,source,59,-0.5422070622444153,-0.3962736129760742,0.8717621564865112
3,source,60,-0.4085000157356262,-0.32387787103652954,0.8049785494804382
3,source,61,-0.5408263206481934,-0.40018779039382935,0.8385950922966003
3,source,62,-0.5624388456344604,-0.36309999227523804,0.7627979516983032
3,source,63,-0.46946287155151367,-0.39589089155197144,0.7226575016975403
3,target,0,0.016310326755046844,-0.4948844909667969,0.6547793745994568
3,target,1,-0.28341037034988403,-0.38871151208877563,0.8774383068084717
3,target,2,-0.3968985080718994,-0.3231576085090637,0.7001034617424011
3,target,3,-0.1449604332447052,-0.47782307863235474,0.7208502292633057
3,target,4,-0.352664589881897,-0.21749094128608704,0.7705432772636414
3,target,5,-0.35711902379989624,-0.12226787209510803,0.9379039406776428
3,target,6,-0.4729836583137512,-0.17917248606681824,0.9121473431587219
3,target,7,-0.31845301389694214,-0.1732916533946991,0.7552346587181091
3,target,8,-0.46801477670669556,-0.17823678255081177,0.7463567852973938
3,target,9,-0.08693007379770279,-0.2705696225166321,0.822394609451294
3,target,10,-0.08371195197105408,-0.22606313228607178,0.7828643321990967
3,target,11,-0.2119496762752533,-0.17332124710083008,0.8918495774269104
3,target,12,-0.18424588441848755,-0.25792258977890015,0.7558385729789734
3,target,13,-0.1264328509569168,-0.3124880790710449,0.7814287543296814
3,target,14,-0.11718176305294037,-0.28423792123794556,0.8487492799758911
3,target,15,-0.2503596246242523,-0.25135618448257446,0.8266900777816772
3,target,16,-0.24885675311088562,-0.21244561672210693,0.8523838520050049
3,target,17,-0.3207061290740967,-0.19675269722938538,0.8036115765571594
3,target,18,-0.41058993339538574,-0.20233172178268433,0.8717103004455566
3,target,19,-0.2922133207321167,-0.3460865616798401,0.766198992729187
3,target,20,-0.3706672787666321,-0.16457635164260864,0.8480834364891052
3,target,21,-0.5413176417350769,-0.18849745392799377,0.8193575739860535
3,target,22,-0.1534927934408188,-0.26246440410614014,0.7690538167953491
3,target,23,-0.16521619260311127,-0.3288251757621765,0.7495671510696411
3,target,24,-0.3822752833366394,-0.20262309908866882,0.7920230031013489
3,target,25,-0.19965387880802155,-0.37233877182006836,0.8445383310317993
3,target,26,-0.09872864186763763,-0.42075657844543457,0.8074988722801208
3,target,27,-0.05998282879590988,-0.3056744337081909,0.6814658045768738
3,target,28,-0.23064227402210236,-0.3252914547920227,0.6733176112174988
3,target,29,-0.18007922172546387,-0.3336709141731262,0.8852558732032776
3,target,30,-0.35093754529953003,-0.2999131679534912,0.734076976776123
3,target,31,-0.40458881855010986,-0.25414955615997314,0.8194782137870789
3,target,32,-0.39720791578292847,-0.2775852680206299,0.9061833620071411
3,target,33,-0.4794427156448364,-0.22906500101089478,0.6482812762260437
3,target,34,-0.33193445205688477,-0.34828245639801025,0.6447979211807251
3,target,35,-0.4807339310646057,-0.22689351439476013,0.7457591891288757
3,target,36,-0.48048222064971924,-0.175356924533844,0.7585023641586304
3,target,37,-0.35481399297714233,-0.28838592767715454,0.6453065872192383
3,target,38,-0.32427674531936646,-0.2842559218406677,0.6823064088821411
3,target,39,-0.44497859477996826,-0.22138476371765137,0.7001422643661499
3,target,40,-0.2140951305627823,-0.3251115083694458,0.7605687975883484
3,target,41,-0.16641610860824585,-0.3278961777687073,0.7037444114685059
3,target,42,-0.4579598307609558,-0.5023622512817383,0.573695957660675
3,target,43,-0.34010446071624756,-0.5604244470596313,0.5482936501502991
3,target,44,-0.4601738452911377,-0.5280572175979614,0.5544916391372681
3,target,45,-0.451438844203949,-0.478224515914917,0.6079199910163879
3,target,46,0.30619341135025024,-1.0098345279693604,0.6953524947166443
3,target,47,0.24301333725452423,-0.8140501379966736,0.5648863315582275
3,target,48,0.19562400877475739,-0.7099549174308777,0.647543728351593
3,target,49,0.2581107020378113,-0.9316403269767761,0.6797361373901367
3,target,50,-0.09009838104248047,-0.5924710035324097,0.8290269374847412
3,target,51,-0.022781461477279663,-0.5117210149765015,0.6837472915649414
3,target,52,0.0039009563624858856,-0.581438422203064,0.693871021270752
3,target,53,-0.05565286800265312,-0.5203132033348083,0.7538363933563232
3,target,54,-0.039106015115976334,-0.38782304525375366,0.7248337268829346
3,target,55,0.060777269303798676,-0.4933124780654907,0.6952625513076782
3,target,56,0.13040167093276978,-0.6536722779273987,0.6959207057952881
3,target,57,0.02868172526359558,-0.5704596042633057,0.7983120679855347
3,target,58,0.029414914548397064,-0.49576252698898315,0.7443786263465881
3,target,59,0.11831235885620117,-0.6249118447303772,0.7171427011489868
3,target,60,0.027965925633907318,-0.6197353005409241,0.6538447737693787
3,target,61,0.137029230594635,-0.6772881150245667,0.6303943395614624
3,target,62,-0.052770525217056274,-0.5537684559822083,0.5718366503715515
3,target,63,0.029341772198677063,-0.6231896281242371,0.673113226890564
4,source,0,-0.3628566861152649,-0.41410940885543823,0.6474945545196533
4,source,1,-0.35962384939193726,-0.38775742053985596,0.7112054824829102
4,source,2,-0.38586974143981934,-0.4110220670700073,0.6301388144493103
4,source,3,-0.3743491768836975,-0.4563818573951721,0.6310087442398071
4,source,4,-0.38979601860046387,-0.4534015655517578,0.6615617871284485
4,source,5,-0.4307950735092163,-0.4900593161582947,0.7046902775764465
4,source,6,-0.4145374894142151,-0.47147226333618164,0.6779968738555908
4,source,7,-0.40292900800704956,-0.47511154413223267,0.654840886592865
4,source,8,-0.40196019411087036,-0.47268611192703247,0.6624311804771423
4,source,9,-0.4099278450012207,-0.4657980799674988,0.6303209066390991
4,source,10,-0.3729780912399292,-0.3903346657752991,0.6182029247283936
4,source,11,-0.38716447353363037,-0.4258153438568115,0.6258299350738525
4,source,12,-0.44672292470932007,-0.36356180906295776,0.6023001074790955
4,source,13,-0.38146549463272095,-0.4020695090293884,0.5713390111923218
4,source,14,-0.3339868187904358,-0.3962860107421875,0.6192425489425659
4,source,15,-0.36237210035324097,-0.3845149278640747,0.7036450505256653
4,source,16,-0.32001858949661255,-0.4272191524505615,0.5836495757102966
4,source,17,-0.28799980878829956,-0.3970804810523987,0.5650515556335449
4,source,18,-0.325570285320282,-0.3997122645378113,0.6062764525413513
4,source,19,-0.3807709217071533,-0.36313021183013916,0.6737672686576843
4,source,20,-0.3330640196800232,-0.4183228611946106,0.5342527627944946
4,source,21,-0.328365683555603,-0.4132015109062195,0.6240806579589844
4,source,22,-0.34538424015045166,-0.4038203954696655,0.6068873405456543
4,source,23,-0.30473148822784424,-0.4280261993408203,0.6464129686355591
4,source,24,-0.3316383361816406,-0.40509355068206787,0.6750319004058838
4,source,25,-0.34947848320007324,-0.40524524450302124,0.7491779327392578
4,source,26,-0.32177233695983887,-0.4162694215774536,0.6394084095954895
4,source,27,-0.3601028323173523,-0.38515764474868774,0.6481083035469055
4,source,28,-0.42202430963516235,-0.37104547023773193,0.6235445141792297
4,source,29,-0.44639235734939575,-0.36023199558258057,0.6783950328826904
4,source,30,-0.4161825180053711,-0.42660194635391235,0.6454257965087891
4,source,31,-0.4130159020423889,-0.3797690272331238,0.6345239877700806
4,source,32,-0.41981375217437744,-0.41478896141052246,0.5849555730819702
4,source,33,-0.41154056787490845,-0.4826112985610962,0.6578962206840515
4,source,34,-0.4817197918891907,-0.4501541256904602,0.7400498390197754
4,source,35,-0.4241763949394226,-0.4032883048057556,0.7497887015342712
4,source,36,-0.3353671431541443,-0.4118826985359192,0.6099708080291748
4,source,37,-0.35077404975891113,-0.4157695174217224,0.6891099214553833
4,source,38,-0.3590508699417114,-0.42941558361053467,0.710553765296936
4,source,39,-0.3795732855796814,-0.4027435779571533,0.6963759660720825
4,source,40,-0.4539295434951782,-0.370968222618103,0.7015533447265625
4,source,41,-0.4588688611984253,-0.4295588731765747,0.622495710849762
4,source,42,-0.44110578298568726,-0.43745869398117065,0.6260765790939331
4,source,43,-0.4366871118545532,-0.3993690013885498,0.6418480277061462
4,source,44,-0.3123963475227356,-0.41634494066238403,0.5562227964401245
4,source,45,-0.30633050203323364,-0.40998905897140503,0.5741168856620789
4,source,46,-0.3393457531929016,-0.4219239354133606,0.6216294765472412
4,source,47,-0.4068366289138794,-0.41802698373794556,0.6511525511741638
4,source,48,-0.3807027339935303,-0.4600175619125366,0.6234399676322937
4,source,49,-0.3968656659126282,-0.39533406496047974,0.6883564591407776
4,source,50,-0.29331013560295105,-0.4774475693702698,0.7105780243873596
4,source,51,-0.3671634793281555,-0.4181997776031494,0.7053049206733704
4,source,52,-0.4140928387641907,-0.4694734811782837,0.6934463977813721
4,source,53,-0.4199790358543396,-0.47500139474868774,0.6743784546852112
4,source,54,-0.41641783714294434,-0.45537281036376953,0.7181798815727234
4,source,55,-0.4482644200325012,-0.47991514205932617,0.7364420890808105
4,source,56,-0.4207690358161926,-0.4681099057197571,0.7330018877983093
4,source,57,-0.4344213604927063,-0.466957151889801,0.7428510785102844
4,source,58,-0.40480631589889526,-0.47173935174942017,0.7497938871383667
4,source,59,-0.46729111671447754,-0.46556246280670166,0.7606251239776611
4,source,60,-0.4061349034309387,-0.4013146162033081,0.6393429040908813
4,source,61,-0.449282169342041,-0.45736998319625854,0.6308577060699463
4,source,62,-0.4433755874633789,-0.38820338249206543,0.6341814994812012
4,source,63,-0.3467521071434021,-0.4268718957901001,0.5507736206054688
4,target,0,0.025494523346424103,-0.62336266040802,0.5062930583953857
4,target,1,-0.3122994899749756,-0.4899725317955017,0.8008240461349487
4,target,2,-0.3686829209327698,-0.45749610662460327,0.6536210775375366
4,target,3,-0.1805441975593567,-0.5397536158561707,0.6613703966140747
4,target,4,-0.2801739573478699,-0.36604809761047363,0.6264047622680664
4,target,5,-0.37399786710739136,-0.21882405877113342,0.7662737965583801
4,target,6,-0.45252126455307007,-0.26462382078170776,0.7035542726516724
4,target,7,-0.4683018922805786,-0.2265901267528534,0.6344946622848511
4,target,8,-0.46531522274017334,-0.30287331342697144,0.6109907031059265
4,target,9,-0.2021321803331375,-0.40425896644592285,0.5786345601081848
4,target,10,-0.11801762878894806,-0.4498063325881958,0.5214672088623047
4,target,11,-0.3177753686904907,-0.32882076501846313,0.7206150889396667
4,target,12,-0.22772572934627533,-0.47486454248428345,0.5154496431350708
4,target,13,-0.17554478347301483,-0.3616710901260376,0.6854358911514282
4,target,14,-0.15673348307609558,-0.3577866554260254,0.723076343536377
4,target,15,-0.20649991929531097,-0.3245541453361511,0.6705949306488037
4,target,16,-0.15502670407295227,-0.39375340938568115,0.6839405298233032
4,target,17,-0.4282890558242798,-0.28047454357147217,0.658190131187439
4,target,18,-0.44271278381347656,-0.2718895673751831,0.7057397365570068
4,target,19,-0.314056932926178,-0.4105990529060364,0.6202779412269592
4,target,20,-0.4168814420700073,-0.25664401054382324,0.7133207321166992
4,target,21,-0.525707483291626,-0.25630712509155273,0.6561681628227234
4,target,22,-0.25540703535079956,-0.3390762209892273,0.57624351978302
4,target,23,-0.28451311588287354,-0.39286601543426514,0.589081883430481
4,target,24,-0.4116790294647217,-0.34717488288879395,0.6958545446395874
4,target,25,-0.26059776544570923,-0.44978034496307373,0.7401628494262695
4,target,26,-0.13573138415813446,-0.5440585613250732,0.62623530626297
4,target,27,-0.18257267773151398,-0.4171881079673767,0.5782647728919983
4,target,28,-0.18388162553310394,-0.4246276021003723,0.5732747316360474
4,target,29,-0.19210325181484222,-0.4499484896659851,0.7509255409240723
4,target,30,-0.316498339176178,-0.3566353917121887,0.6738630533218384
4,target,31,-0.3449326157569885,-0.329512357711792,0.7133576273918152
4,target,32,-0.33763086795806885,-0.3707902431488037,0.7222053408622742
4,target,33,-0.3781803250312805,-0.4473941922187805,0.5912511348724365
4,target,34,-0.2337781935930252,-0.4868948459625244,0.5442603230476379
4,target,35,-0.4199802279472351,-0.43674957752227783,0.60787034034729
4,target,36,-0.4272909164428711,-0.3307022452354431,0.6373672485351562
4,target,37,-0.2566044330596924,-0.46942460536956787,0.49634096026420593
4,target,38,-0.27330368757247925,-0.47857773303985596,0.5669686794281006
4,target,39,-0.3755117654800415,-0.4099504351615906,0.5788493156433105
4,target,40,-0.2097683548927307,-0.5488629937171936,0.5158007144927979
4,target,41,-0.23414185643196106,-0.5071120858192444,0.5243431329727173
4,target,42,-0.3391532301902771,-0.4866787791252136,0.49172651767730713
4,target,43,-0.2509806454181671,-0.5386171936988831,0.48524636030197144
4,target,44,-0.3378645181655884,-0.4776100516319275,0.5245980024337769
4,target,45,-0.35683584213256836,-0.48783206939697266,0.5357680916786194
4,target,46,0.12411843240261078,-0.8050277829170227,0.77833092212677
4,target,47,0.15847624838352203,-0.7711561322212219,0.5609168410301208
4,target,48,0.08011487126350403,-0.6838968992233276,0.6497188806533813
4,target,49,0.08784693479537964,-0.747915506362915,0.7429556846618652
4,target,50,-0.14085997641086578,-0.5852029919624329,0.8405964970588684
4,target,51,-0.1812542825937271,-0.555406928062439,0.7151056528091431
4,target,52,-0.10556913912296295,-0.5907448530197144,0.6714469194412231
4,target,53,-0.15277114510536194,-0.5760547518730164,0.7431941628456116
4,target,54,-0.15843012928962708,-0.4614725112915039,0.7003090381622314
4,target,55,-0.12080784887075424,-0.5117784142494202,0.6996628046035767
4,target,56,-0.01412031427025795,-0.6353760957717896,0.6664592027664185
4,target,57,-0.05560067668557167,-0.6170826554298401,0.6838526725769043
4,target,58,-0.0862165093421936,-0.5613442659378052,0.6884310841560364
4,target,59,-0.01665666699409485,-0.6490870714187622,0.6755955219268799
4,target,60,-0.10335782170295715,-0.629986584186554,0.6577877402305603
4,target,61,-0.03393533453345299,-0.6565746068954468,0.6498950123786926
4,target,62,-0.08666450530290604,-0.6582173705101013,0.5609809160232544
4,target,63,-0.034968361258506775,-0.6458151340484619,0.6157618165016174
5,source,0,-0.4219430088996887,-0.34263795614242554,0.7390682697296143
5,source,1,-0.4231336712837219,-0.3406967520713806,0.7678304314613342
5,source,2,-0.4331006407737732,-0.33234333992004395,0.7001919746398926
5,source,3,-0.44237762689590454,-0.36982017755508423,0.7023819088935852
5,source,4,-0.3886266350746155,-0.3743419051170349,0.696608304977417
5,source,5,-0.4707258939743042,-0.4037937521934509,0.72821044921875
5,source,6,-0.46565449237823486,-0.38708245754241943,0.7099820971488953
5,source,7,-0.457489550113678,-0.3989643454551697,0.704025149345398
5,source,8,-0.4454190135002136,-0.3979647159576416,0.7193934321403503
5,source,9,-0.4497937560081482,-0.38714534044265747,0.6968430876731873
5,source,10,-0.45408308506011963,-0.32192665338516235,0.75474613904953
5,source,11,-0.48066824674606323,-0.34083473682403564,0.716688334941864
5,source,12,-0.5003888607025146,-0.3398568034172058,0.6959748268127441
5,source,13,-0.43459630012512207,-0.37013471126556396,0.6692995429039001
5,source,14,-0.3821824789047241,-0.3435201048851013,0.684782087802887
5,source,15,-0.4275749921798706,-0.32311779260635376,0.8202625513076782
5,source,16,-0.41986083984375,-0.36014503240585327,0.7212364673614502
5,source,17,-0.40089941024780273,-0.3263227939605713,0.7067000865936279
5,source,18,-0.4063125252723694,-0.328973650932312,0.7233808040618896
5,source,19,-0.4225956201553345,-0.31564903259277344,0.7378889322280884
5,source,20,-0.38297945261001587,-0.3521995544433594,0.6484812498092651
5,source,21,-0.32673829793930054,-0.3278164863586426,0.6853917241096497
5,source,22,-0.3397350311279297,-0.3695826530456543,0.6448882818222046
5,source,23,-0.33133620023727417,-0.361113965511322,0.6991330981254578
5,source,24,-0.37621206045150757,-0.3390706777572632,0.745705783367157
5,source,25,-0.38895922899246216,-0.34760981798171997,0.7879165410995483
5,source,26,-0.36667466163635254,-0.3415486812591553,0.7206690311431885
5,source,27,-0.41208934783935547,-0.32327908277511597,0.7056466937065125
5,source,28,-0.39491623640060425,-0.32081860303878784,0.7319942712783813
5,source,29,-0.5015761852264404,-0.30851835012435913,0.7747179865837097
5,source,30,-0.47586363554000854,-0.3554760813713074,0.7268223762512207
5,source,31,-0.472133994102478,-0.3429875373840332,0.7066835761070251
5,source,32,-0.45882242918014526,-0.3732633590698242,0.6966120600700378
5,source,33,-0.46497011184692383,-0.40079522132873535,0.7400853633880615
5,source,34,-0.4960453510284424,-0.3747715353965759,0.7801583409309387
5,source,35,-0.4450211524963379,-0.32954108715057373,0.7873121500015259
5,source,36,-0.42879217863082886,-0.3426164388656616,0.722945511341095
5,source,37,-0.4069194793701172,-0.33486348390579224,0.7817797660827637
5,source,38,-0.4104926586151123,-0.352963924407959,0.7792752385139465
5,source,39,-0.38093018531799316,-0.34467625617980957,0.7353803515434265
5,source,40,-0.5133373141288757,-0.31583112478256226,0.7744876742362976
5,source,41,-0.4871307611465454,-0.3597530126571655,0.6994574069976807
5,source,42,-0.4576423764228821,-0.3609154224395752,0.6988566517829895
5,source,43,-0.5030714869499207,-0.33080625534057617,0.7397042512893677
5,source,44,-0.3378058075904846,-0.3334541916847229,0.6424434185028076
5,source,45,-0.38143885135650635,-0.33136993646621704,0.6975165605545044
5,source,46,-0.39094078540802,-0.36091262102127075,0.692011833190918
5,source,47,-0.46726489067077637,-0.336503803730011,0.7436264753341675
5,source,48,-0.4783858060836792,-0.3629000782966614,0.6980899572372437
5,source,49,-0.45764225721359253,-0.3464406132698059,0.7679991722106934
5,source,50,-0.44720834493637085,-0.3687422275543213,0.8790390491485596
5,source,51,-0.4453461170196533,-0.352949857711792,0.852287769317627
5,source,52,-0.46083152294158936,-0.35563337802886963,0.8382536768913269
5,source,53,-0.4874333143234253,-0.3747257590293884,0.8259111046791077
5,source,54,-0.4328550696372986,-0.36361294984817505,0.8500531911849976
5,source,55,-0.507191002368927,-0.382595956325531,0.8507422804832458
5,source,56,-0.4959155321121216,-0.38516753911972046,0.866733193397522
5,source,57,-0.46466147899627686,-0.3931625485420227,0.8410563468933105
5,source,58,-0.46294713020324707,-0.395916223526001,0.897407054901123
5,source,59,-0.4871373176574707,-0.3837202191352844,0.854632556438446
5,source,60,-0.42251402139663696,-0.3672926425933838,0.7831642031669617
5,source,61,-0.5097983479499817,-0.3748898506164551,0.8318555355072021
5,source,62,-0.4971427917480469,-0.33810776472091675,0.8131402134895325
5,source,63,-0.42001789808273315,-0.3688719868659973,0.7324625253677368
5,target,0,-0.155672088265419,-0.529750406742096,0.7461786270141602
5,target,1,-0.43036526441574097,-0.47933387756347656,0.8966456055641174
5,target,2,-0.46653079986572266,-0.42133355140686035,0.7769777774810791
5,target,3,-0.3121122717857361,-0.48516273498535156,0.7554576396942139
5,target,4,-0.40025049448013306,-0.3229936361312866,0.8163965344429016
5,target,5,-0.4286831021308899,-0.2813047766685486,0.8883375525474548
5,target,6,-0.5212656855583191,-0.2795828580856323,0.8573946952819824
5,target,7,-0.44465315341949463,-0.27133017778396606,0.8630836009979248
5,target,8,-0.48021119832992554,-0.25787633657455444,0.8353524208068848
5,target,9,-0.28065794706344604,-0.42480748891830444,0.7544859051704407
5,target,10,-0.23641495406627655,-0.3933680057525635,0.7454986572265625
5,target,11,-0.4013778567314148,-0.3626006841659546,0.8492742776870728
5,target,12,-0.304080069065094,-0.3995615839958191,0.7025904059410095
5,target,13,-0.25769615173339844,-0.36942875385284424,0.814146876335144
5,target,14,-0.31192535161972046,-0.34225016832351685,0.8553105592727661
5,target,15,-0.34609556198120117,-0.3536509871482849,0.7754260897636414
5,target,16,-0.34455323219299316,-0.32868391275405884,0.7963009476661682
5,target,17,-0.4500617980957031,-0.3468102812767029,0.8105993270874023
5,target,18,-0.5049337148666382,-0.36018919944763184,0.8622687458992004
5,target,19,-0.4090802073478699,-0.41672569513320923,0.8360254168510437
5,target,20,-0.4626733660697937,-0.3717185854911804,0.8822214007377625
5,target,21,-0.5758791565895081,-0.2848944664001465,0.8814848065376282
5,target,22,-0.32894349098205566,-0.3722568154335022,0.7708793878555298
5,target,23,-0.33933115005493164,-0.40602922439575195,0.7728553414344788
5,target,24,-0.46524471044540405,-0.2939244508743286,0.8918842077255249
5,target,25,-0.38732850551605225,-0.4104425311088562,0.8519460558891296
5,target,26,-0.2678312063217163,-0.4614180326461792,0.7654343247413635
5,target,27,-0.308208167552948,-0.4368221163749695,0.742760181427002
5,target,28,-0.387237548828125,-0.35707730054855347,0.7921214699745178
5,target,29,-0.33641546964645386,-0.4198891520500183,0.8435806632041931
5,target,30,-0.40701931715011597,-0.3511670231819153,0.7663614153862
5,target,31,-0.45381951332092285,-0.364520788192749,0.8453332781791687
5,target,32,-0.47673970460891724,-0.3618401885032654,0.8733980655670166
5,target,33,-0.49370115995407104,-0.39923524856567383,0.7372100353240967
5,target,34,-0.3947630524635315,-0.3987509608268738,0.7011333107948303
5,target,35,-0.5084812641143799,-0.34021151065826416,0.7959387898445129
5,target,36,-0.5079239010810852,-0.3183037042617798,0.8564525842666626
5,target,37,-0.3778620958328247,-0.3874604105949402,0.7293654084205627
5,target,38,-0.41128647327423096,-0.37402886152267456,0.7591894268989563
5,target,39,-0.47974932193756104,-0.35727667808532715,0.7726967334747314
5,target,40,-0.3514811396598816,-0.41073572635650635,0.7621930837631226
5,target,41,-0.30304449796676636,-0.41200441122055054,0.7176401615142822
5,target,42,-0.4102787375450134,-0.3737882971763611,0.6683779358863831
5,target,43,-0.30337628722190857,-0.43719011545181274,0.6095855236053467
5,target,44,-0.3733277916908264,-0.3890814185142517,0.6592646241188049
5,target,45,-0.3704341650009155,-0.38249385356903076,0.6410313248634338
5,target,46,-0.11016716808080673,-0.7488260865211487,1.0059781074523926
5,target,47,-0.0036260001361370087,-0.6884308457374573,0.7110426425933838
5,target,48,-0.015445403754711151,-0.643054723739624,0.7625001668930054
5,target,49,-0.05770806223154068,-0.7426044344902039,0.9373000860214233
5,target,50,-0.3079562187194824,-0.5019447803497314,1.0032743215560913
5,target,51,-0.28728625178337097,-0.4870767593383789,0.809703528881073
5,target,52,-0.2235785275697708,-0.5121111869812012,0.7819892764091492
5,target,53,-0.2824896275997162,-0.5092324614524841,0.818882942199707
5,target,54,-0.2519160509109497,-0.477982759475708,0.7995663285255432
5,target,55,-0.13738968968391418,-0.525842547416687,0.7636428475379944
5,target,56,-0.0804966613650322,-0.601798951625824,0.7198395729064941
5,target,57,-0.19103437662124634,-0.5265417695045471,0.7848097085952759
5,target,58,-0.20983925461769104,-0.5190606117248535,0.7715528607368469
5,target,59,-0.15029165148735046,-0.5572826862335205,0.758338451385498
5,target,60,-0.2287837266921997,-0.5582061409950256,0.7671542167663574
5,target,61,-0.18386314809322357,-0.5582570433616638,0.7894980907440186
5,target,62,-0.28202366828918457,-0.5126219391822815,0.7324877381324768
5,target,63,-0.14510536193847656,-0.5841394662857056,0.739078164100647
6,source,0,-0.3503398299217224,-0.4082096219062805,0.7741799354553223
6,source,1,-0.3411442041397095,-0.38987165689468384,0.7788140773773193
6,source,2,-0.37309014797210693,-0.42350131273269653,0.765891969203949
6,source,3,-0.3839576244354248,-0.4612836241722107,0.8373823761940002
6,source,4,-0.38476043939590454,-0.4205045700073242,0.7954728603363037
6,source,5,-0.39713019132614136,-0.46567845344543457,0.8206359148025513
6,source,6,-0.39429551362991333,-0.44684702157974243,0.7786679863929749
6,source,7,-0.3826121687889099,-0.4401106834411621,0.7804614901542664
6,source,8,-0.3905670642852783,-0.4381229877471924,0.8069849610328674
6,source,9,-0.3878600597381592,-0.4510221481323242,0.7886526584625244
6,source,10,-0.3757302761077881,-0.398104727268219,0.8060925602912903
6,source,11,-0.3673015832901001,-0.4430457353591919,0.7792105674743652
6,source,12,-0.3984227776527405,-0.42406541109085083,0.786780834197998
6,source,13,-0.34927719831466675,-0.45081228017807007,0.759192943572998
6,source,14,-0.2942463159561157,-0.41598498821258545,0.7018991708755493
6,source,15,-0.34027528762817383,-0.3862433433532715,0.8248271942138672
6,source,16,-0.3351781368255615,-0.43790119886398315,0.768330991268158
6,source,17,-0.3284849524497986,-0.4122524857521057,0.7462679743766785
6,source,18,-0.3231024146080017,-0.41160494089126587,0.7398918867111206
6,source,19,-0.3875929117202759,-0.37234926223754883,0.7864176034927368
6,source,20,-0.354419469833374,-0.4300880432128906,0.7339404225349426
6,source,21,-0.3132355213165283,-0.37376970052719116,0.7369104623794556
6,source,22,-0.2952631115913391,-0.45292359590530396,0.6987333297729492
6,source,23,-0.2737230062484741,-0.4457460045814514,0.7175647616386414
6,source,24,-0.30625811219215393,-0.4215993285179138,0.742932140827179
6,source,25,-0.29871827363967896,-0.42067432403564453,0.7691901922225952
6,source,26,-0.3307851552963257,-0.4219292998313904,0.765099048614502
6,source,27,-0.3054714798927307,-0.37571215629577637,0.7477399110794067
6,source,28,-0.33249276876449585,-0.3877045512199402,0.7274715304374695
6,source,29,-0.3940477967262268,-0.3915342688560486,0.7851766347885132
6,source,30,-0.39049696922302246,-0.4471780061721802,0.79240483045578
6,source,31,-0.4087967276573181,-0.4108131527900696,0.7944573760032654
6,source,32,-0.40044981241226196,-0.4176868200302124,0.7738952040672302
6,source,33,-0.3798863887786865,-0.452445387840271,0.7887105345726013
6,source,34,-0.3947334885597229,-0.4625728130340576,0.8083674311637878
6,source,35,-0.37826377153396606,-0.38957512378692627,0.7952075600624084
6,source,36,-0.3245665431022644,-0.3888894319534302,0.7712134122848511
6,source,37,-0.35413479804992676,-0.4003761410713196,0.8115360140800476
6,source,38,-0.3086163401603699,-0.4192028045654297,0.7665218114852905
6,source,39,-0.30100083351135254,-0.42679113149642944,0.7413711547851562
6,source,40,-0.39675819873809814,-0.37160593271255493,0.8126086592674255
6,source,41,-0.3742600083351135,-0.4389367699623108,0.7739841938018799
6,source,42,-0.34103530645370483,-0.42905914783477783,0.7660102248191833
6,source,43,-0.39375048875808716,-0.4088010787963867,0.8002372980117798
6,source,44,-0.30932748317718506,-0.4155413508415222,0.7023497223854065
6,source,45,-0.338955283164978,-0.42313748598098755,0.772391140460968
6,source,46,-0.3338407278060913,-0.41566336154937744,0.7740201354026794
6,source,47,-0.4075700640678406,-0.413410484790802,0.8104124665260315
6,source,48,-0.386599063873291,-0.46461403369903564,0.8168784976005554
6,source,49,-0.4011002779006958,-0.41751617193222046,0.816448986530304
6,source,50,-0.3580213189125061,-0.4160867929458618,0.8863977193832397
6,source,51,-0.36887311935424805,-0.3904683589935303,0.8536400198936462
6,source,52,-0.4151509404182434,-0.38062840700149536,0.8673263788223267
6,source,53,-0.4230045676231384,-0.4181744456291199,0.8690993785858154
6,source,54,-0.39558905363082886,-0.38448160886764526,0.8858475089073181
6,source,55,-0.4125680923461914,-0.439938485622406,0.9032629132270813
6,source,56,-0.428718626499176,-0.4391145706176758,0.9055303931236267
6,source,57,-0.41570621728897095,-0.4245765209197998,0.8871747851371765
6,source,58,-0.3845837712287903,-0.40948623418807983,0.8964161276817322
6,source,59,-0.43942511081695557,-0.42962396144866943,0.9099835157394409
6,source,60,-0.3961499333381653,-0.3674122095108032,0.8006033897399902
6,source,61,-0.45195966958999634,-0.42078495025634766,0.8435668349266052
6,source,62,-0.4486345648765564,-0.3916282057762146,0.8347172737121582
6,source,63,-0.39992398023605347,-0.3941497802734375,0.805357038974762
6,target,0,-0.058492112904787064,-0.5002827048301697,0.6646616458892822
6,target,1,-0.3517717123031616,-0.44003432989120483,0.8443777561187744
6,target,2,-0.4018768072128296,-0.40194272994995117,0.7881767749786377
6,target,3,-0.2410830557346344,-0.46611273288726807,0.749847948551178
6,target,4,-0.3375396132469177,-0.3475530743598938,0.7493367195129395
6,target,5,-0.3765426278114319,-0.26703429222106934,0.8199359178543091
6,target,6,-0.4379182457923889,-0.31357353925704956,0.8229053616523743
6,target,7,-0.37676185369491577,-0.3277741074562073,0.7885102033615112
6,target,8,-0.4166759252548218,-0.3239574432373047,0.7841425538063049
6,target,9,-0.21599729359149933,-0.4174705147743225,0.6976140141487122
6,target,10,-0.19505107402801514,-0.40204399824142456,0.6737537384033203
6,target,11,-0.3169648051261902,-0.3421165347099304,0.7591137290000916
6,target,12,-0.23738528788089752,-0.4232984781265259,0.6416612267494202
6,target,13,-0.17368975281715393,-0.37177687883377075,0.760044276714325
6,target,14,-0.2278684377670288,-0.34683758020401,0.8253285884857178
6,target,15,-0.2613115906715393,-0.373623788356781,0.7726737856864929
6,target,16,-0.2859051823616028,-0.35672658681869507,0.8141730427742004
6,target,17,-0.37056976556777954,-0.3182293176651001,0.81092369556427
6,target,18,-0.3827363848686218,-0.3146013617515564,0.7829604148864746
6,target,19,-0.32155895233154297,-0.4199918508529663,0.7092042565345764
6,target,20,-0.385378897190094,-0.34557634592056274,0.7889881730079651
6,target,21,-0.4912703037261963,-0.32428568601608276,0.7709412574768066
6,target,22,-0.24458955228328705,-0.3467082977294922,0.7174376845359802
6,target,23,-0.2460542917251587,-0.3945193886756897,0.722829282283783
6,target,24,-0.3814694285392761,-0.3102761507034302,0.8330673575401306
6,target,25,-0.3031200170516968,-0.39677947759628296,0.7917912602424622
6,target,26,-0.15658330917358398,-0.4651680588722229,0.7196351885795593
6,target,27,-0.21161553263664246,-0.3971729874610901,0.6815885901451111
6,target,28,-0.34948068857192993,-0.33697110414505005,0.8083559274673462
6,target,29,-0.23004786670207977,-0.39338821172714233,0.8263242244720459
6,target,30,-0.38765376806259155,-0.32993149757385254,0.8240144848823547
6,target,31,-0.3580312728881836,-0.33310794830322266,0.7780123353004456
6,target,32,-0.3600718379020691,-0.3262767195701599,0.8174042105674744
6,target,33,-0.4572131037712097,-0.3716549277305603,0.7596664428710938
6,target,34,-0.33519166707992554,-0.4187280535697937,0.7005735039710999
6,target,35,-0.4865577220916748,-0.348271906375885,0.7889314293861389
6,target,36,-0.47868937253952026,-0.34674161672592163,0.8586234450340271
6,target,37,-0.37709754705429077,-0.38050639629364014,0.7365503311157227
6,target,38,-0.355177104473114,-0.3920145630836487,0.7239584922790527
6,target,39,-0.43165016174316406,-0.3650384545326233,0.7924758195877075
6,target,40,-0.29121917486190796,-0.4219602346420288,0.7366243004798889
6,target,41,-0.21382278203964233,-0.40637868642807007,0.6457911729812622
6,target,42,-0.33737289905548096,-0.4455743432044983,0.6575058102607727
6,target,43,-0.25287261605262756,-0.5033760666847229,0.6310408711433411
6,target,44,-0.3240858316421509,-0.45567888021469116,0.6876347064971924
6,target,45,-0.2939724326133728,-0.4731824994087219,0.6402500867843628
6,target,46,0.0224907323718071,-0.6948872208595276,0.8722540140151978
6,target,47,0.08926263451576233,-0.6286188960075378,0.631149411201477
6,target,48,0.09389953315258026,-0.593809187412262,0.6599275469779968
6,target,49,0.06666315346956253,-0.6669918894767761,0.8110154867172241
6,target,50,-0.2176598757505417,-0.42211389541625977,0.8886798620223999
6,target,51,-0.1475842446088791,-0.5173940062522888,0.7275432348251343
6,target,52,-0.12785014510154724,-0.49140483140945435,0.7486855983734131
6,target,53,-0.16065746545791626,-0.5092776417732239,0.7479159832000732
6,target,54,-0.19203069806098938,-0.47452032566070557,0.7505658268928528
6,target,55,-0.08826679736375809,-0.5236465930938721,0.7097905278205872
6,target,56,0.0110178142786026,-0.5614545345306396,0.6569943428039551
6,target,57,-0.10995519161224365,-0.48758465051651,0.7528870105743408
6,target,58,-0.09192056953907013,-0.4906693696975708,0.7031733989715576
6,target,59,-0.016186729073524475,-0.5463351607322693,0.6781725883483887
6,target,60,-0.10699984431266785,-0.5347779393196106,0.7005624175071716
6,target,61,-0.0164773128926754,-0.5465450882911682,0.7084841728210449
6,target,62,-0.19933199882507324,-0.47387999296188354,0.7248684167861938
6,target,63,-0.07029319554567337,-0.5355503559112549,0.6761031746864319
7,source,0,-0.3386905789375305,-0.47372299432754517,0.973737895488739
7,source,1,-0.3189067840576172,-0.49744492769241333,0.9750672578811646
7,source,2,-0.337715744972229,-0.49747174978256226,0.9449547529220581
7,source,3,-0.3266962766647339,-0.5302340388298035,0.959303617477417
7,source,4,-0.34644460678100586,-0.500180721282959,0.9513003826141357
7,source,5,-0.3587265610694885,-0.542203962802887,0.9781592488288879
7,source,6,-0.3737640976905823,-0.525938868522644,0.9765464663505554
7,source,7,-0.36710262298583984,-0.5266005396842957,0.9834213256835938
7,source,8,-0.35540950298309326,-0.5305123925209045,0.970176100730896
7,source,9,-0.35512423515319824,-0.5228805541992188,0.9432114362716675
7,source,10,-0.3188894987106323,-0.486583948135376,0.9524432420730591
7,source,11,-0.3340662121772766,-0.5167402029037476,0.9267295002937317
7,source,12,-0.3837621808052063,-0.4955368638038635,0.9617371559143066
7,source,13,-0.334057092666626,-0.542011022567749,0.9228869676589966
7,source,14,-0.2733543813228607,-0.4918420910835266,0.9136574268341064
7,source,15,-0.3212500810623169,-0.4857875108718872,1.0037405490875244
7,source,16,-0.30835962295532227,-0.5195058584213257,0.9455603957176208
7,source,17,-0.3022749423980713,-0.4827113747596741,0.9390603303909302
7,source,18,-0.30931127071380615,-0.47404366731643677,0.9564809799194336
7,source,19,-0.33041709661483765,-0.4831086993217468,0.9756219387054443
7,source,20,-0.2622954249382019,-0.5353294014930725,0.8785409927368164
7,source,21,-0.2517535090446472,-0.48127657175064087,0.9169116020202637
7,source,22,-0.22845692932605743,-0.5138025283813477,0.8749383687973022
7,source,23,-0.23449939489364624,-0.49313676357269287,0.9075515866279602
7,source,24,-0.2831254005432129,-0.4896147847175598,0.9421034455299377
7,source,25,-0.3071209192276001,-0.46721839904785156,0.9848763942718506
7,source,26,-0.2802295684814453,-0.5114281177520752,0.9533084630966187
7,source,27,-0.3317539095878601,-0.45112454891204834,0.9838365316390991
7,source,28,-0.3008553981781006,-0.42226046323776245,0.9503188729286194
7,source,29,-0.3602924346923828,-0.4998362064361572,0.9545155763626099
7,source,30,-0.33748453855514526,-0.5110166668891907,0.935645580291748
7,source,31,-0.31787389516830444,-0.5034884810447693,0.9272642135620117
7,source,32,-0.35200005769729614,-0.5097280740737915,0.9319708347320557
7,source,33,-0.35091954469680786,-0.5196739435195923,0.9600019454956055
7,source,34,-0.3648030757904053,-0.48536092042922974,0.9671630859375
7,source,35,-0.3478970527648926,-0.4429202675819397,0.9844000339508057
7,source,36,-0.3127104640007019,-0.48977893590927124,0.9624747037887573
7,source,37,-0.29650598764419556,-0.4737769365310669,0.9749966859817505
7,source,38,-0.30803197622299194,-0.48265397548675537,0.9796382188796997
7,source,39,-0.28796613216400146,-0.48755359649658203,0.9391382932662964
7,source,40,-0.384280800819397,-0.4937722682952881,0.9944285154342651
7,source,41,-0.3506852984428406,-0.5202247500419617,0.9498453140258789
7,source,42,-0.35601985454559326,-0.522851824760437,0.9660142660140991
7,source,43,-0.3805881142616272,-0.5167291164398193,0.991943359375
7,source,44,-0.2478298842906952,-0.514311671257019,0.8803195953369141
7,source,45,-0.2887422442436218,-0.508878767490387,0.9211284518241882
7,source,46,-0.3253554701805115,-0.49688631296157837,0.9443628787994385
7,source,47,-0.34855496883392334,-0.4827069640159607,0.9585354924201965
7,source,48,-0.32414865493774414,-0.548171877861023,0.9243737459182739
7,source,49,-0.36141204833984375,-0.49121397733688354,0.9842826724052429
7,source,50,-0.30750560760498047,-0.5091719031333923,1.0299416780471802
7,source,51,-0.32960397005081177,-0.516351044178009,1.0067167282104492
7,source,52,-0.3774290084838867,-0.4876170754432678,1.011514663696289
7,source,53,-0.3488309383392334,-0.4937205910682678,0.9813172221183777
7,source,54,-0.3273690342903137,-0.47569769620895386,0.9882931113243103
7,source,55,-0.35113710165023804,-0.5059015154838562,1.0008642673492432
7,source,56,-0.3515610098838806,-0.5309197902679443,0.99908047914505
7,source,57,-0.3473244905471802,-0.5197467803955078,0.9951831698417664
7,source,58,-0.33722710609436035,-0.4878215193748474,1.0103986263275146
7,source,59,-0.367612361907959,-0.49544066190719604,0.9984302520751953
7,source,60,-0.34570831060409546,-0.4599633812904358,0.9728927612304688
7,source,61,-0.38197243213653564,-0.5133917331695557,0.9630200266838074
7,source,62,-0.3982219099998474,-0.4836409091949463,0.9946502447128296
7,source,63,-0.33552563190460205,-0.51742023229599,0.9655199646949768
7,target,0,-0.12102673202753067,-0.5804138779640198,0.9353172183036804
7,target,1,-0.36165791749954224,-0.5370168089866638,1.0583999156951904
7,target,2,-0.36263078451156616,-0.5684136152267456,0.9981223344802856
7,target,3,-0.26563262939453125,-0.5928800702095032,0.973349392414093
7,target,4,-0.29347026348114014,-0.4430258870124817,0.9864325523376465
7,target,5,-0.35088372230529785,-0.30480027198791504,1.0539982318878174
7,target,6,-0.393640398979187,-0.3742775321006775,1.020228385925293
7,target,7,-0.3330206274986267,-0.33842456340789795,0.9885444641113281
7,target,8,-0.3196367621421814,-0.38119471073150635,0.9384491443634033
7,target,9,-0.2234102487564087,-0.4192770719528198,0.9906352758407593
7,target,10,-0.18346303701400757,-0.3995245099067688,0.9631503820419312
7,target,11,-0.3010220527648926,-0.3247559070587158,1.0345832109451294
7,target,12,-0.2038746178150177,-0.40944933891296387,0.9141638875007629
7,target,13,-0.20377032458782196,-0.41426563262939453,1.0402858257293701
7,target,14,-0.23329702019691467,-0.4077000021934509,1.050328254699707
7,target,15,-0.2400810569524765,-0.4568912982940674,1.0049782991409302
7,target,16,-0.23315325379371643,-0.4756590723991394,1.0003652572631836
7,target,17,-0.3412993550300598,-0.36357635259628296,1.016252875328064
7,target,18,-0.3730350732803345,-0.3679344654083252,1.014567255973816
7,target,19,-0.3173471689224243,-0.4821779727935791,0.968358039855957
7,target,20,-0.35536253452301025,-0.3593781590461731,1.0399789810180664
7,target,21,-0.40977299213409424,-0.40462422370910645,1.0045655965805054
7,target,22,-0.26979029178619385,-0.36709505319595337,0.982458233833313
7,target,23,-0.2603127062320709,-0.4063616991043091,0.9683202505111694
7,target,24,-0.32439088821411133,-0.3896845579147339,1.0091205835342407
7,target,25,-0.2941909432411194,-0.4906195402145386,1.0199390649795532
7,target,26,-0.2149459719657898,-0.5347642302513123,0.9589934945106506
7,target,27,-0.24625776708126068,-0.4772857427597046,0.9723491072654724
7,target,28,-0.14438557624816895,-0.5759928822517395,0.9023696780204773
7,target,29,-0.29550397396087646,-0.4385809302330017,1.0402904748916626
7,target,30,-0.36578190326690674,-0.5132847428321838,1.0326015949249268
7,target,31,-0.3824552893638611,-0.3953748941421509,1.0077770948410034
7,target,32,-0.35960209369659424,-0.4168051481246948,1.0214892625808716
7,target,33,-0.37444281578063965,-0.5409982204437256,0.9836515784263611
7,target,34,-0.29101821780204773,-0.5560324192047119,0.9156175851821899
7,target,35,-0.345777690410614,-0.46212565898895264,0.9762320518493652
7,target,36,-0.37166184186935425,-0.4681069254875183,1.0135036706924438
7,target,37,-0.24816389381885529,-0.5645187497138977,0.9401417970657349
7,target,38,-0.27725905179977417,-0.5325501561164856,0.9215510487556458
7,target,39,-0.3406081795692444,-0.5173282027244568,0.9663441181182861
7,target,40,-0.22122955322265625,-0.44652533531188965,0.9454881548881531
7,target,41,-0.20491434633731842,-0.428469717502594,0.9276739954948425
7,target,42,-0.300246000289917,-0.5561076998710632,0.8933999538421631
7,target,43,-0.21339435875415802,-0.5666018724441528,0.8531548976898193
7,target,44,-0.27355390787124634,-0.5488479733467102,0.9009079933166504
7,target,45,-0.2587600350379944,-0.5280814170837402,0.8816617727279663
7,target,46,-0.0794878900051117,-0.726656973361969,1.0407006740570068
7,target,47,-0.038270898163318634,-0.6653701066970825,0.9016492366790771
7,target,48,-0.03106556087732315,-0.6123146414756775,0.9423550963401794
7,target,49,-0.06735607981681824,-0.6763326525688171,1.0290465354919434
7,target,50,-0.25392135977745056,-0.5050595998764038,1.1245485544204712
7,target,51,-0.21549054980278015,-0.5294288992881775,1.0105031728744507
7,target,52,-0.1927989274263382,-0.5465160608291626,0.9707422256469727
7,target,53,-0.20666877925395966,-0.5435816049575806,0.9897875189781189
7,target,54,-0.21070097386837006,-0.4707489609718323,1.0333017110824585
7,target,55,-0.1136590987443924,-0.49930649995803833,0.9857856035232544
7,target,56,-0.09489256143569946,-0.5700576901435852,0.9382129907608032
7,target,57,-0.16398724913597107,-0.5558739900588989,0.9902262687683105
7,target,58,-0.1781788468360901,-0.504120945930481,0.9833332300186157
7,target,59,-0.11005735397338867,-0.5778966546058655,0.9419255256652832
7,target,60,-0.1866586059331894,-0.5865854620933533,0.9835604429244995
7,target,61,-0.16295766830444336,-0.5817921757698059,0.9978590607643127
7,target,62,-0.20465950667858124,-0.6264377236366272,0.9706556797027588
7,target,63,-0.14412640035152435,-0.6055271029472351,0.9502444863319397
8,source,0,-0.2718316912651062,-0.46130305528640747,0.8721697926521301
8,source,1,-0.27988433837890625,-0.4668923616409302,0.8828397989273071
8,source,2,-0.2626552879810333,-0.4886370301246643,0.833177387714386
8,source,3,-0.27864184975624084,-0.4826849699020386,0.8424753546714783
8,source,4,-0.2770507335662842,-0.4747891426086426,0.8431763648986816
8,source,5,-0.2883960008621216,-0.5207184553146362,0.8607488870620728
8,source,6,-0.2986496090888977,-0.5150776505470276,0.8773916959762573
8,source,7,-0.2866933345794678,-0.5049447417259216,0.8640332818031311
8,source,8,-0.28850749135017395,-0.48962342739105225,0.8654270768165588
8,source,9,-0.30465173721313477,-0.4963323473930359,0.8652672171592712
8,source,10,-0.27550891041755676,-0.44763892889022827,0.8394390344619751
8,source,11,-0.277188241481781,-0.4995013475418091,0.8377302289009094
8,source,12,-0.30107641220092773,-0.46621763706207275,0.8577554821968079
8,source,13,-0.27028971910476685,-0.48470717668533325,0.8258474469184875
8,source,14,-0.22713565826416016,-0.49150919914245605,0.8256762623786926
8,source,15,-0.26370859146118164,-0.45105135440826416,0.8861905932426453
8,source,16,-0.27117472887039185,-0.47808581590652466,0.8475373387336731
8,source,17,-0.25818365812301636,-0.47133558988571167,0.8415209650993347
8,source,18,-0.2589913010597229,-0.483778178691864,0.8479629755020142
8,source,19,-0.2738322615623474,-0.4603925347328186,0.8543580770492554
8,source,20,-0.2746424078941345,-0.47699421644210815,0.8183542490005493
8,source,21,-0.2506641149520874,-0.4568021297454834,0.8274832367897034
8,source,22,-0.27220022678375244,-0.46891874074935913,0.8472661375999451
8,source,23,-0.24632814526557922,-0.48368680477142334,0.843454122543335
8,source,24,-0.2525545358657837,-0.4691008925437927,0.8581526875495911
8,source,25,-0.2544277012348175,-0.45827484130859375,0.8909459710121155
8,source,26,-0.23535192012786865,-0.4712585210800171,0.8529500961303711
8,source,27,-0.2730346918106079,-0.43943119049072266,0.8553887605667114
8,source,28,-0.2666056156158447,-0.414401113986969,0.8711024522781372
8,source,29,-0.2939561903476715,-0.4452884793281555,0.8516913652420044
8,source,30,-0.29262614250183105,-0.4816352128982544,0.85115647315979
8,source,31,-0.2859562635421753,-0.4666382074356079,0.8373124003410339
8,source,32,-0.2939373552799225,-0.483517587184906,0.8388499617576599
8,source,33,-0.2991121709346771,-0.48993074893951416,0.8683951497077942
8,source,34,-0.3038759231567383,-0.4920329451560974,0.8767640590667725
8,source,35,-0.28420937061309814,-0.432186484336853,0.8855183720588684
8,source,36,-0.2513681948184967,-0.45091867446899414,0.8390676379203796
8,source,37,-0.2648538053035736,-0.4640364646911621,0.8697257041931152
8,source,38,-0.25558218359947205,-0.4748464822769165,0.8791160583496094
8,source,39,-0.27645978331565857,-0.4603867530822754,0.8734754323959351
8,source,40,-0.320701539516449,-0.43326234817504883,0.8931563496589661
8,source,41,-0.3212308883666992,-0.47884732484817505,0.8711422681808472
8,source,42,-0.3018058240413666,-0.49016010761260986,0.8732529282569885
8,source,43,-0.31482553482055664,-0.4709528684616089,0.8727425932884216
8,source,44,-0.2566518485546112,-0.4575374722480774,0.8047720789909363
8,source,45,-0.2355601042509079,-0.48236334323883057,0.8262291550636292
8,source,46,-0.28802162408828735,-0.45932507514953613,0.8625776171684265
8,source,47,-0.30088865756988525,-0.4598080515861511,0.8747228980064392
8,source,48,-0.27330124378204346,-0.4933769106864929,0.8238639831542969
8,source,49,-0.2838236093521118,-0.4718722105026245,0.8587087392807007
8,source,50,-0.29078400135040283,-0.4620068073272705,0.9077134728431702
8,source,51,-0.3198625445365906,-0.44090044498443604,0.8943997025489807
8,source,52,-0.37866073846817017,-0.442804217338562,0.9031315445899963
8,source,53,-0.34447211027145386,-0.46585869789123535,0.868679940700531
8,source,54,-0.3192324638366699,-0.43854159116744995,0.894959568977356
8,source,55,-0.3411523103713989,-0.47395312786102295,0.8902828097343445
8,source,56,-0.36937350034713745,-0.4630303978919983,0.9021101593971252
8,source,57,-0.3548082113265991,-0.4634670615196228,0.8972396850585938
8,source,58,-0.3402750492095947,-0.4477715492248535,0.9135400652885437
8,source,59,-0.37550991773605347,-0.45423412322998047,0.9119101166725159
8,source,60,-0.36823707818984985,-0.4147733449935913,0.8830604553222656
8,source,61,-0.38891375064849854,-0.46083974838256836,0.872359573841095
8,source,62,-0.37397658824920654,-0.42491376399993896,0.8889656662940979
8,source,63,-0.33019012212753296,-0.449677050113678,0.8630472421646118
8,target,0,-0.1623181402683258,-0.4969606399536133,0.8320173025131226
8,target,1,-0.3063913583755493,-0.4559680223464966,0.8984778523445129
8,target,2,-0.3529801368713379,-0.432803750038147,0.8510389924049377
8,target,3,-0.2626073956489563,-0.47045063972473145,0.8408455848693848
8,target,4,-0.33143872022628784,-0.3777735233306885,0.8751721382141113
8,target,5,-0.2983126640319824,-0.28363245725631714,0.9338082075119019
8,target,6,-0.36412352323532104,-0.3294338583946228,0.9102663993835449
8,target,7,-0.33949053287506104,-0.338268518447876,0.9143344163894653
8,target,8,-0.35007238388061523,-0.3547831177711487,0.8830179572105408
8,target,9,-0.2650415897369385,-0.37767595052719116,0.8774106502532959
8,target,10,-0.24827630817890167,-0.36490577459335327,0.8588178753852844
8,target,11,-0.32522302865982056,-0.3233327269554138,0.9210174679756165
8,target,12,-0.28831946849823,-0.3744666576385498,0.8391465544700623
8,target,13,-0.17691533267498016,-0.3905828595161438,0.8592780828475952
8,target,14,-0.22037646174430847,-0.3821166157722473,0.8847092390060425
8,target,15,-0.2341325730085373,-0.3980647325515747,0.8509551882743835
8,target,16,-0.24715784192085266,-0.40304678678512573,0.868934690952301
8,target,17,-0.3542191982269287,-0.34888744354248047,0.9130480289459229
8,target,18,-0.34852755069732666,-0.3362860679626465,0.9152166247367859
8,target,19,-0.28822579979896545,-0.4106801152229309,0.8987794518470764
8,target,20,-0.30755889415740967,-0.34624671936035156,0.9378233551979065
8,target,21,-0.3864564895629883,-0.34576594829559326,0.9196029901504517
8,target,22,-0.271219938993454,-0.34587520360946655,0.8989658355712891
8,target,23,-0.24955713748931885,-0.39303308725357056,0.8612460494041443
8,target,24,-0.3254689574241638,-0.3887295126914978,0.9130299687385559
8,target,25,-0.2641351819038391,-0.4209117889404297,0.8751109838485718
8,target,26,-0.2624906897544861,-0.4255788326263428,0.8739680051803589
8,target,27,-0.26087403297424316,-0.4235069751739502,0.8291605114936829
8,target,28,-0.3282932639122009,-0.4020591974258423,0.8725038170814514
8,target,29,-0.2559059262275696,-0.40840470790863037,0.8960603475570679
8,target,30,-0.3111686110496521,-0.4038713574409485,0.8785268068313599
8,target,31,-0.3087223768234253,-0.3419795632362366,0.8919534683227539
8,target,32,-0.3408295512199402,-0.3539801836013794,0.9251912832260132
8,target,33,-0.4210273027420044,-0.41207730770111084,0.8673965334892273
8,target,34,-0.31953710317611694,-0.4321356415748596,0.8277601599693298
8,target,35,-0.421750545501709,-0.3867301940917969,0.8988670110702515
8,target,36,-0.3987607955932617,-0.3867190480232239,0.8898183703422546
8,target,37,-0.33385229110717773,-0.4240594506263733,0.8345786333084106
8,target,38,-0.3492685556411743,-0.40491944551467896,0.86774080991745
8,target,39,-0.4017936587333679,-0.4158673882484436,0.8734744191169739
8,target,40,-0.28489670157432556,-0.4108548164367676,0.884246826171875
8,target,41,-0.25256335735321045,-0.41110652685165405,0.8570716977119446
8,target,42,-0.3099476099014282,-0.45463114976882935,0.825131893157959
8,target,43,-0.2620014548301697,-0.4777483344078064,0.8006894588470459
8,target,44,-0.2837361991405487,-0.46335768699645996,0.8222401738166809
8,target,45,-0.31383681297302246,-0.451874315738678,0.8202964067459106
8,target,46,0.0020596198737621307,-0.70651775598526,0.8638796806335449
8,target,47,-0.06391628086566925,-0.5724347233772278,0.799191951751709
8,target,48,-0.026434650644659996,-0.5421790480613708,0.804812490940094
8,target,49,0.010094180703163147,-0.6710444688796997,0.8594602346420288
8,target,50,-0.16446948051452637,-0.4728202819824219,0.9338881373405457
8,target,51,-0.21922534704208374,-0.4791560173034668,0.8900975584983826
8,target,52,-0.2366446852684021,-0.4667953848838806,0.8836326003074646
8,target,53,-0.19816918671131134,-0.48494768142700195,0.8636445999145508
8,target,54,-0.19111362099647522,-0.436989963054657,0.8839051127433777
8,target,55,-0.09694284200668335,-0.46540266275405884,0.846824049949646
8,target,56,-0.08349195867776871,-0.49773842096328735,0.8018100261688232
8,target,57,-0.16618624329566956,-0.4658225178718567,0.854627251625061
8,target,58,-0.16362279653549194,-0.45047706365585327,0.8443279266357422
8,target,59,-0.16289550065994263,-0.47117650508880615,0.8502673506736755
8,target,60,-0.20512935519218445,-0.4966464638710022,0.8560184240341187
8,target,61,-0.15351226925849915,-0.5078094601631165,0.8478538393974304
8,target,62,-0.24767927825450897,-0.47986549139022827,0.8411970138549805
8,target,63,-0.16200807690620422,-0.5113380551338196,0.8290919661521912
9,source,0,-0.2212522327899933,-0.5274128317832947,0.8335389494895935
9,source,1,-0.21496334671974182,-0.5333617329597473,0.8496751189231873
9,source,2,-0.26352888345718384,-0.5242173075675964,0.8314160704612732
9,source,3,-0.2500491142272949,-0.5394338369369507,0.8198601007461548
9,source,4,-0.2223024070262909,-0.5343990921974182,0.8281991481781006
9,source,5,-0.23921602964401245,-0.5569882988929749,0.8301730155944824
9,source,6,-0.24839231371879578,-0.5343257784843445,0.8410564064979553
9,source,7,-0.24619907140731812,-0.529568076133728,0.8349303007125854
9,source,8,-0.21623025834560394,-0.5417550206184387,0.8179027438163757
9,source,9,-0.23206369578838348,-0.5292775630950928,0.8108406662940979
9,source,10,-0.2193705439567566,-0.5195766687393188,0.8238205909729004
9,source,11,-0.2589139938354492,-0.5264243483543396,0.818782389163971
9,source,12,-0.25677400827407837,-0.5230768918991089,0.8160248398780823
9,source,13,-0.23562029004096985,-0.5398252606391907,0.8063579797744751
9,source,14,-0.1923077255487442,-0.5435312986373901,0.8098247051239014
9,source,15,-0.2310313582420349,-0.5228428244590759,0.8659718632698059
9,source,16,-0.1954769641160965,-0.563115656375885,0.8191843628883362
9,source,17,-0.2073027342557907,-0.5356494188308716,0.8241685628890991
9,source,18,-0.21261471509933472,-0.5424842238426208,0.8224683403968811
9,source,19,-0.23366865515708923,-0.5234982371330261,0.8461909294128418
9,source,20,-0.24025194346904755,-0.5504056215286255,0.8009487390518188
9,source,21,-0.19555123150348663,-0.5557118058204651,0.8156254291534424
9,source,22,-0.21596096456050873,-0.560321033000946,0.8044605255126953
9,source,23,-0.19801078736782074,-0.5540426969528198,0.821601152420044
9,source,24,-0.204698383808136,-0.5556851029396057,0.8197411298751831
9,source,25,-0.18165792524814606,-0.563825786113739,0.8416849970817566
9,source,26,-0.2011609971523285,-0.5574134588241577,0.8202651143074036
9,source,27,-0.20316822826862335,-0.5142863988876343,0.822759211063385
9,source,28,-0.20748135447502136,-0.5251731872558594,0.816341757774353
9,source,29,-0.2462616264820099,-0.5212374329566956,0.8401491641998291
9,source,30,-0.24192893505096436,-0.541649580001831,0.8094881176948547
9,source,31,-0.2561255097389221,-0.5261788964271545,0.8158824443817139
9,source,32,-0.24697336554527283,-0.5404210686683655,0.8121774792671204
9,source,33,-0.23629717528820038,-0.5426532030105591,0.8285138010978699
9,source,34,-0.25892192125320435,-0.5440630912780762,0.8333336114883423
9,source,35,-0.24407456815242767,-0.5183117389678955,0.8438737392425537
9,source,36,-0.2010636180639267,-0.5212944746017456,0.8124904632568359
9,source,37,-0.23914024233818054,-0.53388512134552,0.8577021360397339
9,source,38,-0.2037602663040161,-0.5461360812187195,0.8429411053657532
9,source,39,-0.21822388470172882,-0.5419081449508667,0.8291287422180176
9,source,40,-0.22686155140399933,-0.504467785358429,0.8394075632095337
9,source,41,-0.2388163059949875,-0.525624692440033,0.8003863096237183
9,source,42,-0.22068680822849274,-0.5302760004997253,0.8059103488922119
9,source,43,-0.23156221210956573,-0.5231819152832031,0.824672520160675
9,source,44,-0.22456151247024536,-0.5414111614227295,0.7987791299819946
9,source,45,-0.21319401264190674,-0.5413981676101685,0.8133169412612915
9,source,46,-0.2116653025150299,-0.5388513803482056,0.8237258791923523
9,source,47,-0.256158709526062,-0.5149714350700378,0.8388437628746033
9,source,48,-0.26281383633613586,-0.5387344360351562,0.8078296184539795
9,source,49,-0.22991147637367249,-0.5260586738586426,0.8444544672966003
9,source,50,-0.2626422941684723,-0.5191197395324707,0.8722382187843323
9,source,51,-0.25038737058639526,-0.519200325012207,0.8641639947891235
9,source,52,-0.2890598177909851,-0.5121622085571289,0.8722536563873291
9,source,53,-0.28283947706222534,-0.5203325748443604,0.8453478217124939
9,source,54,-0.24887241423130035,-0.5287247896194458,0.8669402003288269
9,source,55,-0.2846487760543823,-0.5390248894691467,0.867567777633667
9,source,56,-0.30054500699043274,-0.5192462801933289,0.87564617395401
9,source,57,-0.28508538007736206,-0.5238961577415466,0.868078887462616
9,source,58,-0.2556260824203491,-0.5296512842178345,0.8785970211029053
9,source,59,-0.2788374423980713,-0.519990086555481,0.8705921769142151
9,source,60,-0.25666239857673645,-0.514555811882019,0.848556637763977
9,source,61,-0.31761717796325684,-0.5143729448318481,0.8495099544525146
9,source,62,-0.2830308675765991,-0.5087407827377319,0.8389574885368347
9,source,63,-0.2609212398529053,-0.5199344158172607,0.8274747133255005
9,target,0,-0.1162101998925209,-0.5896174907684326,0.8222031593322754
9,target,1,-0.2890235185623169,-0.5280527472496033,0.8728482723236084
9,target,2,-0.28609800338745117,-0.5155429840087891,0.8155925273895264
9,target,3,-0.23771321773529053,-0.5502375364303589,0.8217159509658813
9,target,4,-0.24135269224643707,-0.46814829111099243,0.8333941698074341
9,target,5,-0.2970045208930969,-0.39748334884643555,0.9095593690872192
9,target,6,-0.3089420199394226,-0.43844175338745117,0.8883856534957886
9,target,7,-0.2684297263622284,-0.4543571472167969,0.9040377736091614
9,target,8,-0.2896469235420227,-0.4661165475845337,0.8835184574127197
9,target,9,-0.1974307745695114,-0.4847028851509094,0.8561939597129822
9,target,10,-0.17798778414726257,-0.505806028842926,0.8461014032363892
9,target,11,-0.23937031626701355,-0.4486299753189087,0.8713306188583374
9,target,12,-0.23195257782936096,-0.48317259550094604,0.8456025719642639
9,target,13,-0.1534549593925476,-0.4981191158294678,0.8280869126319885
9,target,14,-0.16440372169017792,-0.4803282618522644,0.8426965475082397
9,target,15,-0.17089805006980896,-0.48336029052734375,0.8082825541496277
9,target,16,-0.17042942345142365,-0.47706788778305054,0.8172710537910461
9,target,17,-0.25750797986984253,-0.472692608833313,0.8348531723022461
9,target,18,-0.34968018531799316,-0.4206744432449341,0.8898322582244873
9,target,19,-0.257549524307251,-0.4897414445877075,0.8868456482887268
9,target,20,-0.3297860026359558,-0.4268950819969177,0.8920028805732727
9,target,21,-0.37611931562423706,-0.42875272035598755,0.8998291492462158
9,target,22,-0.2277601957321167,-0.46620839834213257,0.8563330769538879
9,target,23,-0.16166138648986816,-0.5037994384765625,0.8101756572723389
9,target,24,-0.30668842792510986,-0.45928001403808594,0.899966835975647
9,target,25,-0.218215212225914,-0.5125507712364197,0.8174488544464111
9,target,26,-0.17859093844890594,-0.530039370059967,0.8193245530128479
9,target,27,-0.17673835158348083,-0.5098556876182556,0.7880655527114868
9,target,28,-0.2239702194929123,-0.50737464427948,0.7992268204689026
9,target,29,-0.22143131494522095,-0.5102874040603638,0.8538966774940491
9,target,30,-0.20285815000534058,-0.5215211510658264,0.8186187744140625
9,target,31,-0.27549463510513306,-0.44157516956329346,0.84597247838974
9,target,32,-0.2684365510940552,-0.4482662081718445,0.8480538129806519
9,target,33,-0.26702356338500977,-0.5041806697845459,0.7966886758804321
9,target,34,-0.18719415366649628,-0.525629460811615,0.7675439715385437
9,target,35,-0.31135255098342896,-0.4607168436050415,0.8262888789176941
9,target,36,-0.28598055243492126,-0.47535252571105957,0.87490314245224
9,target,37,-0.23575204610824585,-0.5137397646903992,0.8073909282684326
9,target,38,-0.21796104311943054,-0.5119302868843079,0.8318536281585693
9,target,39,-0.2500288784503937,-0.5119369626045227,0.8228484988212585
9,target,40,-0.23896197974681854,-0.5179917216300964,0.8701896071434021
9,target,41,-0.21695832908153534,-0.5025280117988586,0.8710200786590576
9,target,42,-0.26080021262168884,-0.5219697952270508,0.8154931664466858
9,target,43,-0.23452365398406982,-0.5413748621940613,0.8044794201850891
9,target,44,-0.26666295528411865,-0.5185720920562744,0.8211609125137329
9,target,45,-0.27983808517456055,-0.5267491340637207,0.8235059380531311
9,target,46,-0.02004481852054596,-0.7970152497291565,0.8797358274459839
9,target,47,-0.0863434225320816,-0.676037609577179,0.8305361866950989
9,target,48,-0.05036410316824913,-0.6503192782402039,0.8214250802993774
9,target,49,-0.017219003289937973,-0.7577486634254456,0.8660333752632141
9,target,50,-0.13616295158863068,-0.6103724241256714,0.9128100275993347
9,target,51,-0.25664588809013367,-0.5392735600471497,0.8759973049163818
9,target,52,-0.1845443695783615,-0.5639411211013794,0.8263788819313049
9,target,53,-0.2049817144870758,-0.5614474415779114,0.8464933037757874
9,target,54,-0.20145538449287415,-0.5301104187965393,0.8541755676269531
9,target,55,-0.16144905984401703,-0.5480059385299683,0.8518689870834351
9,target,56,-0.12384684383869171,-0.5933652520179749,0.8281571269035339
9,target,57,-0.132338747382164,-0.5814680457115173,0.8280918598175049
9,target,58,-0.18210670351982117,-0.5541408061981201,0.8343666195869446
9,target,59,-0.1404375582933426,-0.5877659320831299,0.8229097127914429
9,target,60,-0.20761170983314514,-0.5902941226959229,0.8470141887664795
9,target,61,-0.19137245416641235,-0.5937284231185913,0.8453588485717773
9,target,62,-0.19281335175037384,-0.59754478931427,0.8125192523002625
9,target,63,-0.16021865606307983,-0.5958777666091919,0.8258135914802551
10,source,0,-0.3013363182544708,-0.48803746700286865,0.8843134641647339
10,source,1,-0.2878403663635254,-0.4930265545845032,0.886600136756897
10,source,2,-0.31231945753097534,-0.4833521246910095,0.8698784708976746
10,source,3,-0.30343613028526306,-0.4958192706108093,0.8650820255279541
10,source,4,-0.29888829588890076,-0.48327815532684326,0.8706676363945007
10,source,5,-0.31577640771865845,-0.5160844326019287,0.884541928768158
10,source,6,-0.3139159083366394,-0.5158601403236389,0.8777254223823547
10,source,7,-0.309964120388031,-0.5144838094711304,0.8819189667701721
10,source,8,-0.3200199604034424,-0.5140098333358765,0.8873280882835388
10,source,9,-0.3153538107872009,-0.5091341733932495,0.8764829039573669
10,source,10,-0.3060469627380371,-0.45862144231796265,0.8721969127655029
10,source,11,-0.32456517219543457,-0.490889310836792,0.8763754367828369
10,source,12,-0.32752805948257446,-0.4962422847747803,0.880820095539093
10,source,13,-0.29830536246299744,-0.49317675828933716,0.8537729382514954
10,source,14,-0.2648034989833832,-0.4798576235771179,0.8480840921401978
10,source,15,-0.30046436190605164,-0.48227590322494507,0.8982469439506531
10,source,16,-0.28396689891815186,-0.4872046709060669,0.8645991683006287
10,source,17,-0.2915232181549072,-0.487806499004364,0.8721392750740051
10,source,18,-0.28243201971054077,-0.48064619302749634,0.8686479330062866
10,source,19,-0.31869369745254517,-0.48227179050445557,0.8990317583084106
10,source,20,-0.3117263913154602,-0.4963534474372864,0.8569345474243164
10,source,21,-0.2729222774505615,-0.4744908809661865,0.8426928520202637
10,source,22,-0.2789634168148041,-0.49499213695526123,0.8415135741233826
10,source,23,-0.27207404375076294,-0.47357243299484253,0.8591399788856506
10,source,24,-0.2829083800315857,-0.4977800250053406,0.8663990497589111
10,source,25,-0.29714512825012207,-0.4826509356498718,0.903786301612854
10,source,26,-0.2932671308517456,-0.48999446630477905,0.8715246319770813
10,source,27,-0.2846263647079468,-0.4858788251876831,0.8754296898841858
10,source,28,-0.27968868613243103,-0.44632357358932495,0.858851969242096
10,source,29,-0.3316831588745117,-0.47878968715667725,0.9041606783866882
10,source,30,-0.32769691944122314,-0.49184149503707886,0.8770173788070679
10,source,31,-0.3305932879447937,-0.48291653394699097,0.8828182220458984
10,source,32,-0.3148094415664673,-0.501945972442627,0.8656118512153625
10,source,33,-0.3104749321937561,-0.5092359781265259,0.8772158026695251
10,source,34,-0.3289223313331604,-0.48972219228744507,0.8783676624298096
10,source,35,-0.316225528717041,-0.46355968713760376,0.8923912644386292
10,source,36,-0.2856428027153015,-0.4768575429916382,0.872805118560791
10,source,37,-0.3146430253982544,-0.4738039970397949,0.9024361968040466
10,source,38,-0.29060792922973633,-0.48976582288742065,0.8916250467300415
10,source,39,-0.29354679584503174,-0.48704105615615845,0.8697606325149536
10,source,40,-0.3340179920196533,-0.4954500198364258,0.8976261615753174
10,source,41,-0.3199746012687683,-0.5061168074607849,0.8738805651664734
10,source,42,-0.3001406490802765,-0.5064677596092224,0.8672375679016113
10,source,43,-0.3193688988685608,-0.4964953660964966,0.8926385641098022
10,source,44,-0.2840957045555115,-0.4668191075325012,0.8354540467262268
10,source,45,-0.3026186525821686,-0.49491238594055176,0.8761565089225769
10,source,46,-0.297027051448822,-0.495899498462677,0.8792491555213928
10,source,47,-0.32465434074401855,-0.4753805994987488,0.883763313293457
10,source,48,-0.31640684604644775,-0.5055229663848877,0.8617130517959595
10,source,49,-0.3178141713142395,-0.48370248079299927,0.9003363847732544
10,source,50,-0.3024786114692688,-0.48918503522872925,0.927172839641571
10,source,51,-0.287073016166687,-0.4875969886779785,0.8996629118919373
10,source,52,-0.3375030755996704,-0.458504855632782,0.9066910743713379
10,source,53,-0.3338167071342468,-0.48029643297195435,0.8794285655021667
10,source,54,-0.30174970626831055,-0.4539039134979248,0.8953003883361816
10,source,55,-0.32642048597335815,-0.4986136555671692,0.899746835231781
10,source,56,-0.33121347427368164,-0.4957084655761719,0.9057759642601013
10,source,57,-0.3192155957221985,-0.4908742308616638,0.8944460153579712
10,source,58,-0.31395912170410156,-0.48769593238830566,0.9159796237945557
10,source,59,-0.3266668915748596,-0.4849625825881958,0.9000012278556824
10,source,60,-0.31924062967300415,-0.4507465958595276,0.8802252411842346
10,source,61,-0.3510955572128296,-0.46153104305267334,0.8849449753761292
10,source,62,-0.3364247679710388,-0.466450035572052,0.9010821580886841
10,source,63,-0.31232643127441406,-0.4745017886161804,0.8786092400550842
10,target,0,-0.1873219907283783,-0.50674968957901,0.8742347359657288
10,target,1,-0.2991293966770172,-0.476392924785614,0.9106218814849854
10,target,2,-0.3246299624443054,-0.49294549226760864,0.8887091875076294
10,target,3,-0.2829962968826294,-0.5382871031761169,0.9121341109275818
10,target,4,-0.31180983781814575,-0.4420316815376282,0.8874104619026184
10,target,5,-0.2978488802909851,-0.346179723739624,0.8887859582901001
10,target,6,-0.34883999824523926,-0.39738941192626953,0.9012541770935059
10,target,7,-0.3267679214477539,-0.4095216393470764,0.8925349116325378
10,target,8,-0.32683348655700684,-0.43046754598617554,0.8696607947349548
10,target,9,-0.2611772418022156,-0.41548311710357666,0.8614680171012878
10,target,10,-0.25317296385765076,-0.40614622831344604,0.843005359172821
10,target,11,-0.2982349395751953,-0.3809261918067932,0.8746218681335449
10,target,12,-0.2919917702674866,-0.40741705894470215,0.8403734564781189
10,target,13,-0.20460569858551025,-0.4373399615287781,0.8799355626106262
10,target,14,-0.24564294517040253,-0.41662585735321045,0.8968088030815125
10,target,15,-0.27102673053741455,-0.44143205881118774,0.877419114112854
10,target,16,-0.2761894762516022,-0.470695436000824,0.8906983137130737
10,target,17,-0.3252298831939697,-0.40891116857528687,0.8790513277053833
10,target,18,-0.3542071580886841,-0.4054580330848694,0.8974130153656006
10,target,19,-0.30348798632621765,-0.461513876914978,0.8874362707138062
10,target,20,-0.3473171591758728,-0.4009687900543213,0.9053933024406433
10,target,21,-0.4055027365684509,-0.4203702211380005,0.9036999940872192
10,target,22,-0.2686728239059448,-0.39171934127807617,0.8531243801116943
10,target,23,-0.2490580528974533,-0.43437910079956055,0.8569832444190979
10,target,24,-0.3453701138496399,-0.41145217418670654,0.9037805199623108
10,target,25,-0.27254778146743774,-0.4772462844848633,0.9102556109428406
10,target,26,-0.2776864171028137,-0.5051165819168091,0.9221171140670776
10,target,27,-0.2554696202278137,-0.46228229999542236,0.8739094734191895
10,target,28,-0.3252184987068176,-0.48453694581985474,0.9077277183532715
10,target,29,-0.26325756311416626,-0.4713459610939026,0.9039929509162903
10,target,30,-0.27171215415000916,-0.47822272777557373,0.8913522958755493
10,target,31,-0.3086835741996765,-0.4194616675376892,0.872877299785614
10,target,32,-0.3066909909248352,-0.42710059881210327,0.8890596032142639
10,target,33,-0.35897791385650635,-0.46155500411987305,0.8751460313796997
10,target,34,-0.2968219220638275,-0.47137898206710815,0.8598811030387878
10,target,35,-0.3597293496131897,-0.43377387523651123,0.8716228008270264
10,target,36,-0.35458308458328247,-0.4286569356918335,0.8854320049285889
10,target,37,-0.2996792197227478,-0.4565790295600891,0.8482620120048523
10,target,38,-0.3073250651359558,-0.4521760940551758,0.8765095472335815
10,target,39,-0.3439983129501343,-0.44938236474990845,0.8770807981491089
10,target,40,-0.29273295402526855,-0.4388524293899536,0.8740978240966797
10,target,41,-0.26694726943969727,-0.4290441870689392,0.8559231758117676
10,target,42,-0.30929237604141235,-0.49113672971725464,0.8463897705078125
10,target,43,-0.2814595699310303,-0.4982519745826721,0.8549965620040894
10,target,44,-0.29757964611053467,-0.48177534341812134,0.8624565005302429
10,target,45,-0.3185760974884033,-0.4825698733329773,0.8579460382461548
10,target,46,-0.14461320638656616,-0.6240644454956055,0.9789732694625854
10,target,47,-0.14023397862911224,-0.5822403430938721,0.8777619004249573
10,target,48,-0.12956279516220093,-0.5510830283164978,0.9014103412628174
10,target,49,-0.1430738866329193,-0.6070763468742371,0.984939455986023
10,target,50,-0.22264061868190765,-0.5069030523300171,0.9626685380935669
10,target,51,-0.25289562344551086,-0.4994220733642578,0.9208648204803467
10,target,52,-0.20961034297943115,-0.52388596534729,0.89393150806427
10,target,53,-0.23480473458766937,-0.508754312992096,0.899665117263794
10,target,54,-0.23006391525268555,-0.46862924098968506,0.8952638506889343
10,target,55,-0.17967379093170166,-0.48408597707748413,0.8966445326805115
10,target,56,-0.13325905799865723,-0.525959849357605,0.8598920106887817
10,target,57,-0.17667454481124878,-0.5180467367172241,0.8869154453277588
10,target,58,-0.18330420553684235,-0.47529512643814087,0.8604251742362976
10,target,59,-0.16856713593006134,-0.5294533967971802,0.8766928315162659
10,target,60,-0.22619427740573883,-0.5255938172340393,0.9026018381118774
10,target,61,-0.20734433829784393,-0.5359843373298645,0.9152237176895142
10,target,62,-0.2694934010505676,-0.5348052382469177,0.9005751013755798
10,target,63,-0.20208266377449036,-0.5483555197715759,0.8818042874336243
11,source,0,-0.3064107298851013,-0.5551016330718994,0.8691592216491699
11,source,1,-0.29794949293136597,-0.5578898191452026,0.8809331059455872
11,source,2,-0.2890690863132477,-0.5592415928840637,0.8556007146835327
11,source,3,-0.2860206961631775,-0.5711383819580078,0.8505284190177917
11,source,4,-0.3087940216064453,-0.5670160055160522,0.8793862462043762
11,source,5,-0.31771522760391235,-0.5902916193008423,0.858677327632904
11,source,6,-0.3118281364440918,-0.5967835783958435,0.8531407117843628
11,source,7,-0.3102072477340698,-0.5918933153152466,0.8636372089385986
11,source,8,-0.3084741234779358,-0.591301441192627,0.8565390110015869
11,source,9,-0.31012803316116333,-0.583375871181488,0.8551310896873474
11,source,10,-0.2841949760913849,-0.5447536110877991,0.8638747930526733
11,source,11,-0.3008705973625183,-0.5793760418891907,0.8517350554466248
11,source,12,-0.303291916847229,-0.5729711651802063,0.8448516130447388
11,source,13,-0.2750842571258545,-0.583326518535614,0.823250412940979
11,source,14,-0.25406742095947266,-0.5664376020431519,0.8379434943199158
11,source,15,-0.3027759790420532,-0.5414038300514221,0.8945985436439514
11,source,16,-0.26979973912239075,-0.5699423551559448,0.8463308811187744
11,source,17,-0.27576446533203125,-0.5557328462600708,0.8511253595352173
11,source,18,-0.2812623381614685,-0.5551722049713135,0.8616681098937988
11,source,19,-0.3025583326816559,-0.5527907013893127,0.8786176443099976
11,source,20,-0.27627623081207275,-0.5746864080429077,0.8311351537704468
11,source,21,-0.2748386859893799,-0.5599775910377502,0.8624420762062073
11,source,22,-0.27640870213508606,-0.5800329446792603,0.842319667339325
11,source,23,-0.2672268748283386,-0.5575690865516663,0.8564430475234985
11,source,24,-0.28763777017593384,-0.5724543333053589,0.860820472240448
11,source,25,-0.2977289855480194,-0.5460094213485718,0.8999888896942139
11,source,26,-0.28249621391296387,-0.5667715668678284,0.8676077127456665
11,source,27,-0.2801735997200012,-0.5426427125930786,0.8562530875205994
11,source,28,-0.3057900071144104,-0.5270582437515259,0.8789518475532532
11,source,29,-0.3020361363887787,-0.5503993630409241,0.878629207611084
11,source,30,-0.30239057540893555,-0.5758338570594788,0.8499849438667297
11,source,31,-0.3097846508026123,-0.5625105500221252,0.8510319590568542
11,source,32,-0.31026124954223633,-0.5719150304794312,0.8522744178771973
11,source,33,-0.3057536482810974,-0.5894948840141296,0.8673621416091919
11,source,34,-0.3395869731903076,-0.5684017539024353,0.8735325336456299
11,source,35,-0.32487255334854126,-0.5403578877449036,0.8952252268791199
11,source,36,-0.2910645008087158,-0.554922342300415,0.8508460521697998
11,source,37,-0.310771107673645,-0.5474921464920044,0.8960918188095093
11,source,38,-0.29233333468437195,-0.5547546744346619,0.8736990094184875
11,source,39,-0.29141542315483093,-0.5599252581596375,0.8673116564750671
11,source,40,-0.3134680986404419,-0.5564443469047546,0.8779027462005615
11,source,41,-0.2933797240257263,-0.5799395442008972,0.8365703821182251
11,source,42,-0.2903234362602234,-0.5769429206848145,0.8388994932174683
11,source,43,-0.2957514524459839,-0.5649989247322083,0.8573760390281677
11,source,44,-0.26265257596969604,-0.5597766637802124,0.833452045917511
11,source,45,-0.2809031903743744,-0.5727718472480774,0.854921817779541
11,source,46,-0.27905333042144775,-0.5659689903259277,0.8528345823287964
11,source,47,-0.32433992624282837,-0.5550701022148132,0.8709722757339478
11,source,48,-0.2928096652030945,-0.5837210416793823,0.8393002152442932
11,source,49,-0.3080509305000305,-0.5580925345420837,0.887259840965271
11,source,50,-0.32599973678588867,-0.5348290205001831,0.9196310639381409
11,source,51,-0.3219388723373413,-0.5371659994125366,0.903112530708313
11,source,52,-0.3391590714454651,-0.5256301760673523,0.9052733778953552
11,source,53,-0.33337342739105225,-0.5672703981399536,0.883277416229248
11,source,54,-0.3320786952972412,-0.5308709144592285,0.9109936356544495
11,source,55,-0.3440253734588623,-0.5622685551643372,0.9020309448242188
11,source,56,-0.3618393540382385,-0.5586820840835571,0.9058443307876587
11,source,57,-0.36370426416397095,-0.5502267479896545,0.9069395065307617
11,source,58,-0.3493611812591553,-0.5410835146903992,0.9118720293045044
11,source,59,-0.3474966287612915,-0.5496119856834412,0.8981431722640991
11,source,60,-0.31138908863067627,-0.5221928358078003,0.8717437982559204
11,source,61,-0.35166603326797485,-0.5616198778152466,0.8798842430114746
11,source,62,-0.3472065329551697,-0.5294508934020996,0.8889697194099426
11,source,63,-0.3219137191772461,-0.543896496295929,0.8661230206489563
11,target,0,-0.21751751005649567,-0.5658583641052246,0.8748597502708435
11,target,1,-0.34651869535446167,-0.5276569128036499,0.9195521473884583
11,target,2,-0.3424144387245178,-0.5561444759368896,0.8587902188301086
11,target,3,-0.2803316116333008,-0.565768301486969,0.8856526017189026
11,target,4,-0.3091670870780945,-0.4722612500190735,0.8770139217376709
11,target,5,-0.3643639087677002,-0.42394769191741943,0.9276304244995117
11,target,6,-0.4180563688278198,-0.455687940120697,0.9119814038276672
11,target,7,-0.37027275562286377,-0.4591953158378601,0.8997170925140381
11,target,8,-0.36036473512649536,-0.4809665083885193,0.8869101405143738
11,target,9,-0.29866868257522583,-0.4692438840866089,0.8652633428573608
11,target,10,-0.27087533473968506,-0.46209222078323364,0.8555296063423157
11,target,11,-0.3681912422180176,-0.4304850101470947,0.9220076203346252
11,target,12,-0.3116964101791382,-0.46703797578811646,0.8342867493629456
11,target,13,-0.2815667390823364,-0.47805941104888916,0.9296558499336243
11,target,14,-0.3046759366989136,-0.46504098176956177,0.9270524382591248
11,target,15,-0.30817997455596924,-0.48072558641433716,0.899428129196167
11,target,16,-0.3019503951072693,-0.4858741760253906,0.8925898671150208
11,target,17,-0.3337947130203247,-0.46531760692596436,0.8681723475456238
11,target,18,-0.3784258961677551,-0.45293885469436646,0.9004915952682495
11,target,19,-0.32452696561813354,-0.5089935660362244,0.8874033093452454
11,target,20,-0.3844691514968872,-0.4518126845359802,0.9288329482078552
11,target,21,-0.4033416509628296,-0.47829627990722656,0.9056353569030762
11,target,22,-0.3073462247848511,-0.4575173854827881,0.8743926286697388
11,target,23,-0.2879233956336975,-0.48422855138778687,0.8629871606826782
11,target,24,-0.3766533136367798,-0.48162466287612915,0.9292911887168884
11,target,25,-0.3359352946281433,-0.5089120864868164,0.9257900714874268
11,target,26,-0.324101984500885,-0.5279345512390137,0.9269244074821472
11,target,27,-0.3171101212501526,-0.49772393703460693,0.892606258392334
11,target,28,-0.374856173992157,-0.511237382888794,0.907216489315033
11,target,29,-0.2820737361907959,-0.5015650987625122,0.9010241627693176
11,target,30,-0.278879851102829,-0.49972814321517944,0.8720591068267822
11,target,31,-0.35369640588760376,-0.45766162872314453,0.8844634294509888
11,target,32,-0.34383082389831543,-0.4551839828491211,0.8870245814323425
11,target,33,-0.3556249737739563,-0.5371385812759399,0.8440980315208435
11,target,34,-0.2639656662940979,-0.5516670942306519,0.8170117139816284
11,target,35,-0.33414602279663086,-0.5124740600585938,0.8581077456474304
11,target,36,-0.3769211173057556,-0.4916388988494873,0.8573389053344727
11,target,37,-0.2923476994037628,-0.5247865319252014,0.8110476732254028
11,target,38,-0.30693918466567993,-0.5141032338142395,0.8525403738021851
11,target,39,-0.3279535174369812,-0.5318487286567688,0.8308758735656738
11,target,40,-0.32273274660110474,-0.515692949295044,0.8989773988723755
11,target,41,-0.28841760754585266,-0.5058971643447876,0.8693045973777771
11,target,42,-0.2948530316352844,-0.5691004395484924,0.8226743936538696
11,target,43,-0.2560341954231262,-0.5829194784164429,0.8165997266769409
11,target,44,-0.28988292813301086,-0.5617804527282715,0.8407202959060669
11,target,45,-0.28945809602737427,-0.5724674463272095,0.8276569247245789
11,target,46,-0.20133382081985474,-0.6427477598190308,0.9609748125076294
11,target,47,-0.1672237068414688,-0.6038644313812256,0.868589460849762
11,target,48,-0.17811667919158936,-0.5974027514457703,0.8999118208885193
11,target,49,-0.19251692295074463,-0.6159008145332336,0.9831438064575195
11,target,50,-0.2887030839920044,-0.54847252368927,0.9891416430473328
11,target,51,-0.27637892961502075,-0.5483377575874329,0.9222546219825745
11,target,52,-0.2582775354385376,-0.5492119193077087,0.9090590476989746
11,target,53,-0.26927757263183594,-0.5550134181976318,0.9161798357963562
11,target,54,-0.27972790598869324,-0.5262390375137329,0.9220898747444153
11,target,55,-0.22878995537757874,-0.5392354726791382,0.9216541051864624
11,target,56,-0.18520349264144897,-0.5591162443161011,0.8815402388572693
11,target,57,-0.2312082201242447,-0.5448970198631287,0.9060490727424622
11,target,58,-0.23570293188095093,-0.5241331458091736,0.8874385356903076
11,target,59,-0.2514927387237549,-0.5518750548362732,0.9170398116111755
11,target,60,-0.27266037464141846,-0.5608354210853577,0.9076746106147766
11,target,61,-0.23848295211791992,-0.5703178644180298,0.9141848087310791
11,target,62,-0.25211846828460693,-0.5723407864570618,0.867847204208374
11,target,63,-0.2386542707681656,-0.5855118632316589,0.874896764755249
12,source,0,-0.3181057572364807,-0.5688098669052124,0.9238448739051819
12,source,1,-0.30944281816482544,-0.5842370986938477,0.9198218584060669
12,source,2,-0.31657034158706665,-0.5733540058135986,0.8960694074630737
12,source,3,-0.32003694772720337,-0.5805048942565918,0.9025049209594727
12,source,4,-0.33195018768310547,-0.5625918507575989,0.9178711175918579
12,source,5,-0.3361353278160095,-0.5846109986305237,0.9138069748878479
12,source,6,-0.3254603147506714,-0.5787836313247681,0.9101467132568359
12,source,7,-0.31924867630004883,-0.5789784789085388,0.9088050723075867
12,source,8,-0.3336297273635864,-0.5770319700241089,0.9132406711578369
12,source,9,-0.33656108379364014,-0.57559734582901,0.9133740663528442
12,source,10,-0.3268086910247803,-0.5580880641937256,0.919826865196228
12,source,11,-0.3216080069541931,-0.5802003145217896,0.9059001207351685
12,source,12,-0.3256756067276001,-0.5681053400039673,0.9058829545974731
12,source,13,-0.3069941997528076,-0.5812783241271973,0.881578803062439
12,source,14,-0.28774645924568176,-0.5773159861564636,0.8750421404838562
12,source,15,-0.3186822533607483,-0.5639656186103821,0.9270719289779663
12,source,16,-0.2973121702671051,-0.5885753631591797,0.8986145257949829
12,source,17,-0.29395586252212524,-0.5779116153717041,0.8947347402572632
12,source,18,-0.2924777865409851,-0.5812514424324036,0.9004600048065186
12,source,19,-0.3183150887489319,-0.5701318383216858,0.9179098606109619
12,source,20,-0.301328182220459,-0.5918759703636169,0.8752226233482361
12,source,21,-0.2901058793067932,-0.5909542441368103,0.8757803440093994
12,source,22,-0.2845442295074463,-0.5945101380348206,0.8644452095031738
12,source,23,-0.2957257926464081,-0.5881919860839844,0.8905442357063293
12,source,24,-0.31017833948135376,-0.5841484665870667,0.902707040309906
12,source,25,-0.3190479874610901,-0.5633963346481323,0.9318335652351379
12,source,26,-0.3055473566055298,-0.5837976336479187,0.8944794535636902
12,source,27,-0.30659908056259155,-0.5450069308280945,0.9071205854415894
12,source,28,-0.308694064617157,-0.54165118932724,0.9076476693153381
12,source,29,-0.33879297971725464,-0.5529108643531799,0.9246641993522644
12,source,30,-0.32890868186950684,-0.5759692788124084,0.9120345115661621
12,source,31,-0.33174508810043335,-0.5582263469696045,0.898604154586792
12,source,32,-0.3343283534049988,-0.571115255355835,0.9006415009498596
12,source,33,-0.328626811504364,-0.5813546180725098,0.9063094258308411
12,source,34,-0.3504175543785095,-0.5838161706924438,0.9208192229270935
12,source,35,-0.3368071913719177,-0.5474334359169006,0.9299248456954956
12,source,36,-0.31025296449661255,-0.5620933771133423,0.8992756605148315
12,source,37,-0.3213382959365845,-0.5735653638839722,0.9179378747940063
12,source,38,-0.29828810691833496,-0.5828101634979248,0.9130585789680481
12,source,39,-0.3089436888694763,-0.5775986909866333,0.8958104848861694
12,source,40,-0.32793164253234863,-0.5632979869842529,0.9259246587753296
12,source,41,-0.32020819187164307,-0.5802838802337646,0.8921075463294983
12,source,42,-0.31105685234069824,-0.5824065804481506,0.9041774868965149
12,source,43,-0.3238998055458069,-0.5735520720481873,0.9177154898643494
12,source,44,-0.28407514095306396,-0.5928065776824951,0.8602088689804077
12,source,45,-0.29909706115722656,-0.5791763663291931,0.9044435024261475
12,source,46,-0.3040856122970581,-0.5781968832015991,0.9052186608314514
12,source,47,-0.33480989933013916,-0.5630878806114197,0.9174447059631348
12,source,48,-0.3232513666152954,-0.587857723236084,0.8894844055175781
12,source,49,-0.33204418420791626,-0.5573410391807556,0.9298334717750549
12,source,50,-0.31432509422302246,-0.5739554762840271,0.9570645689964294
12,source,51,-0.3067740797996521,-0.5857033729553223,0.9207359552383423
12,source,52,-0.32739561796188354,-0.5697434544563293,0.9268646240234375
12,source,53,-0.3268741965293884,-0.5808231830596924,0.9049355983734131
12,source,54,-0.32030051946640015,-0.5569755434989929,0.9278616309165955
12,source,55,-0.3315333127975464,-0.5809271931648254,0.9201937913894653
12,source,56,-0.32287222146987915,-0.5883983373641968,0.9191122651100159
12,source,57,-0.3168317675590515,-0.5808968544006348,0.9184163212776184
12,source,58,-0.32494163513183594,-0.5766400694847107,0.9329003691673279
12,source,59,-0.336406409740448,-0.5806415677070618,0.9285796284675598
12,source,60,-0.3195500373840332,-0.5738826990127563,0.9097916483879089
12,source,61,-0.3454986810684204,-0.5881432294845581,0.9195510745048523
12,source,62,-0.3319441080093384,-0.5667052268981934,0.9166256785392761
12,source,63,-0.31630778312683105,-0.5764725804328918,0.8989564776420593
12,target,0,-0.230058953166008,-0.6139287948608398,0.9206164479255676
12,target,1,-0.33572161197662354,-0.576316237449646,0.9739863872528076
12,target,2,-0.3411874771118164,-0.5705053210258484,0.9308153390884399
12,target,3,-0.2963629961013794,-0.5956922769546509,0.9297230839729309
12,target,4,-0.3207181692123413,-0.518502414226532,0.9203817248344421
12,target,5,-0.33694082498550415,-0.41747623682022095,0.9423556923866272
12,target,6,-0.36363476514816284,-0.4741947650909424,0.927689790725708
12,target,7,-0.3151560425758362,-0.4985572099685669,0.8911951780319214
12,target,8,-0.3244866728782654,-0.4962318539619446,0.8796828985214233
12,target,9,-0.294008731842041,-0.5307868123054504,0.9195905327796936
12,target,10,-0.2853829264640808,-0.5236502289772034,0.8937996625900269
12,target,11,-0.32766348123550415,-0.47428232431411743,0.918132483959198
12,target,12,-0.3231690526008606,-0.5228915214538574,0.8747050762176514
12,target,13,-0.24224922060966492,-0.5473218560218811,0.9584887623786926
12,target,14,-0.27530574798583984,-0.53362637758255,0.9567683339118958
12,target,15,-0.2808750867843628,-0.5552822947502136,0.9345354437828064
12,target,16,-0.29060691595077515,-0.5511912703514099,0.9351650476455688
12,target,17,-0.3268274664878845,-0.5060820579528809,0.9175752401351929
12,target,18,-0.370916485786438,-0.49464625120162964,0.9384914636611938
12,target,19,-0.3048354983329773,-0.577667236328125,0.9067502021789551
12,target,20,-0.344437837600708,-0.49682098627090454,0.9426611065864563
12,target,21,-0.3833351731300354,-0.4961770176887512,0.9097239971160889
12,target,22,-0.3001065254211426,-0.48869001865386963,0.8971234560012817
12,target,23,-0.27058130502700806,-0.5447685718536377,0.8969114422798157
12,target,24,-0.3460600972175598,-0.502415120601654,0.9280538558959961
12,target,25,-0.3244062066078186,-0.5618774890899658,0.9633923172950745
12,target,26,-0.3208200931549072,-0.5767709612846375,0.9586513042449951
12,target,27,-0.2991122603416443,-0.5624704360961914,0.9315879344940186
12,target,28,-0.3589697480201721,-0.5473232865333557,0.9576452970504761
12,target,29,-0.28784510493278503,-0.5439615845680237,0.9555320143699646
12,target,30,-0.3096542954444885,-0.5682104229927063,0.9388569593429565
12,target,31,-0.3234310746192932,-0.5200406312942505,0.9142894744873047
12,target,32,-0.3292044997215271,-0.542076051235199,0.9289668798446655
12,target,33,-0.3394278883934021,-0.5760686993598938,0.9286884665489197
12,target,34,-0.2996583580970764,-0.5775159597396851,0.887176513671875
12,target,35,-0.35441941022872925,-0.556058406829834,0.9351004362106323
12,target,36,-0.3414399027824402,-0.545603334903717,0.9313707947731018
12,target,37,-0.3024650812149048,-0.5662652254104614,0.9040256142616272
12,target,38,-0.3170451521873474,-0.558747410774231,0.9214045405387878
12,target,39,-0.34204602241516113,-0.5668469071388245,0.9253033399581909
12,target,40,-0.312044620513916,-0.5571491718292236,0.9318941235542297
12,target,41,-0.2698805034160614,-0.5517588257789612,0.8729029893875122
12,target,42,-0.31743067502975464,-0.5656676888465881,0.8702298402786255
12,target,43,-0.30823397636413574,-0.5885159969329834,0.85859614610672
12,target,44,-0.3150883913040161,-0.5835787653923035,0.8882964849472046
12,target,45,-0.32272905111312866,-0.5806311964988708,0.8553993701934814
12,target,46,-0.23406638205051422,-0.6911287903785706,1.0372471809387207
12,target,47,-0.19646747410297394,-0.6583036184310913,0.9262340068817139
12,target,48,-0.19911202788352966,-0.642565131187439,0.9463320374488831
12,target,49,-0.22797463834285736,-0.6492705941200256,1.046614408493042
12,target,50,-0.28865867853164673,-0.5884739756584167,1.0278507471084595
12,target,51,-0.29516053199768066,-0.578326940536499,0.9702854156494141
12,target,52,-0.26683691143989563,-0.5965704321861267,0.9421653747558594
12,target,53,-0.2802944779396057,-0.5998963713645935,0.9588210582733154
12,target,54,-0.26284241676330566,-0.5751380324363708,0.9588715434074402
12,target,55,-0.2235105186700821,-0.5941174626350403,0.9509118795394897
12,target,56,-0.20988504588603973,-0.6236819624900818,0.9269078373908997
12,target,57,-0.24764981865882874,-0.5995181202888489,0.9512873291969299
12,target,58,-0.2538294196128845,-0.5856438875198364,0.9307671189308167
12,target,59,-0.250728577375412,-0.6030470132827759,0.9475690722465515
12,target,60,-0.28463196754455566,-0.6061261892318726,0.9573519229888916
12,target,61,-0.2634715437889099,-0.6111387014389038,0.9614293575286865
12,target,62,-0.2852360010147095,-0.6124231815338135,0.929508626461029
12,target,63,-0.2560843825340271,-0.6270543932914734,0.9385682344436646
13,source,0,-0.30830830335617065,-0.5466783046722412,0.9092695116996765
13,source,1,-0.31555819511413574,-0.543368399143219,0.9188744425773621
13,source,2,-0.3017485737800598,-0.549088716506958,0.8932203054428101
13,source,3,-0.3075389862060547,-0.5578645467758179,0.8908329010009766
13,source,4,-0.30362603068351746,-0.5544913411140442,0.9006900191307068
13,source,5,-0.31627410650253296,-0.5705211162567139,0.890298068523407
13,source,6,-0.3171156048774719,-0.5620588064193726,0.8908752799034119
13,source,7,-0.3179994821548462,-0.5606753826141357,0.8932733535766602
13,source,8,-0.3159591555595398,-0.5628014802932739,0.8920634984970093
13,source,9,-0.3226814270019531,-0.5574861168861389,0.8933931589126587
13,source,10,-0.28826504945755005,-0.5452189445495605,0.8924034237861633
13,source,11,-0.30813300609588623,-0.5550217628479004,0.8934354186058044
13,source,12,-0.3217340111732483,-0.5349469780921936,0.8975757360458374
13,source,13,-0.2962293028831482,-0.5580039620399475,0.8749678134918213
13,source,14,-0.2861301898956299,-0.5342112183570862,0.8881729245185852
13,source,15,-0.3175234794616699,-0.5326308012008667,0.9235015511512756
13,source,16,-0.2960087060928345,-0.5563405752182007,0.8880226612091064
13,source,17,-0.30097776651382446,-0.5443872809410095,0.8950779438018799
13,source,18,-0.3004376292228699,-0.5478147864341736,0.89665687084198
13,source,19,-0.32099664211273193,-0.5364885926246643,0.9156494736671448
13,source,20,-0.2962944209575653,-0.5672966837882996,0.8780155777931213
13,source,21,-0.2845720648765564,-0.5478472709655762,0.8853528499603271
13,source,22,-0.2973685562610626,-0.5477485060691833,0.8808357119560242
13,source,23,-0.2943356931209564,-0.5439093112945557,0.8992646932601929
13,source,24,-0.3020605146884918,-0.544377326965332,0.8958264589309692
13,source,25,-0.31426650285720825,-0.5315463542938232,0.9355952143669128
13,source,26,-0.29886049032211304,-0.5423198342323303,0.8955479860305786
13,source,27,-0.2998027205467224,-0.5173770785331726,0.9097167253494263
13,source,28,-0.29075735807418823,-0.511365532875061,0.9140147566795349
13,source,29,-0.3197145462036133,-0.5406721830368042,0.9076097011566162
13,source,30,-0.31350570917129517,-0.5527185797691345,0.8906270265579224
13,source,31,-0.3082379102706909,-0.5439429879188538,0.8890928626060486
13,source,32,-0.3015191853046417,-0.5572498440742493,0.8883672952651978
13,source,33,-0.3191378116607666,-0.5630696415901184,0.8964232206344604
13,source,34,-0.32467907667160034,-0.5501226186752319,0.897914707660675
13,source,35,-0.3107748031616211,-0.5198649764060974,0.9140936136245728
13,source,36,-0.3065141439437866,-0.5276572108268738,0.8997396230697632
13,source,37,-0.31522154808044434,-0.539494514465332,0.9202839136123657
13,source,38,-0.30768442153930664,-0.5390436053276062,0.9155076146125793
13,source,39,-0.3086092472076416,-0.5464624762535095,0.90080726146698
13,source,40,-0.31870293617248535,-0.5476430654525757,0.9103416800498962
13,source,41,-0.317710816860199,-0.5552011132240295,0.8903349041938782
13,source,42,-0.308396577835083,-0.5528115630149841,0.8916564583778381
13,source,43,-0.3227958083152771,-0.54155033826828,0.9018988609313965
13,source,44,-0.27870383858680725,-0.5494546294212341,0.8756609559059143
13,source,45,-0.29102250933647156,-0.5525454878807068,0.8923566341400146
13,source,46,-0.31509995460510254,-0.5460617542266846,0.9098167419433594
13,source,47,-0.31651532649993896,-0.5429224371910095,0.9060832858085632
13,source,48,-0.2969163656234741,-0.5722556114196777,0.8737210631370544
13,source,49,-0.31124603748321533,-0.5373826026916504,0.9144082069396973
13,source,50,-0.3175233006477356,-0.5572788715362549,0.9305860996246338
13,source,51,-0.323427677154541,-0.5443990230560303,0.9185617566108704
13,source,52,-0.3389415144920349,-0.5467014908790588,0.9189967513084412
13,source,53,-0.3341817855834961,-0.562542736530304,0.9028214812278748
13,source,54,-0.3216615915298462,-0.5506234169006348,0.9219902753829956
13,source,55,-0.3402698040008545,-0.5624017119407654,0.9248614311218262
13,source,56,-0.34285402297973633,-0.5625894665718079,0.9192962646484375
13,source,57,-0.34139323234558105,-0.5616205334663391,0.9227019548416138
13,source,58,-0.3357408046722412,-0.5536112785339355,0.9337399005889893
13,source,59,-0.34351038932800293,-0.5567243695259094,0.9230233430862427
13,source,60,-0.3300251364707947,-0.5340744853019714,0.912836492061615
13,source,61,-0.35107046365737915,-0.5477043986320496,0.9098121523857117
13,source,62,-0.33817005157470703,-0.5314971804618835,0.9103978872299194
13,source,63,-0.320293664932251,-0.5468579530715942,0.8921547532081604
13,target,0,-0.25442951917648315,-0.5651892423629761,0.9058954119682312
13,target,1,-0.3302144408226013,-0.5571390986442566,0.9376629590988159
13,target,2,-0.33487510681152344,-0.551276683807373,0.8990105986595154
13,target,3,-0.30277353525161743,-0.5708830952644348,0.9020435214042664
13,target,4,-0.3138119578361511,-0.4879128932952881,0.9038858413696289
13,target,5,-0.3353167176246643,-0.40974313020706177,0.9509415030479431
13,target,6,-0.3663744330406189,-0.4690471887588501,0.9514606595039368
13,target,7,-0.325802743434906,-0.45871978998184204,0.9389162659645081
13,target,8,-0.3271181583404541,-0.47971856594085693,0.9222497940063477
13,target,9,-0.3204517960548401,-0.48323315382003784,0.9360743165016174
13,target,10,-0.3011804521083832,-0.47548145055770874,0.9214096069335938
13,target,11,-0.32926785945892334,-0.4412343502044678,0.9452197551727295
13,target,12,-0.32376617193222046,-0.4746767282485962,0.9087278842926025
13,target,13,-0.2669917643070221,-0.5161188244819641,0.9384033679962158
13,target,14,-0.29169589281082153,-0.5056446194648743,0.939644992351532
13,target,15,-0.2852399945259094,-0.5125592350959778,0.9117405414581299
13,target,16,-0.305573970079422,-0.5181403756141663,0.9188026785850525
13,target,17,-0.33360475301742554,-0.4755554795265198,0.9268918633460999
13,target,18,-0.35761499404907227,-0.4746612310409546,0.9330783486366272
13,target,19,-0.31789320707321167,-0.5350214242935181,0.9116825461387634
13,target,20,-0.3386642336845398,-0.4815599322319031,0.9476063251495361
13,target,21,-0.36788350343704224,-0.4724399447441101,0.9358082413673401
13,target,22,-0.3080047369003296,-0.46984922885894775,0.9217652678489685
13,target,23,-0.2931261956691742,-0.5050727128982544,0.9119119048118591
13,target,24,-0.33617645502090454,-0.5022357106208801,0.9446925520896912
13,target,25,-0.32997965812683105,-0.5378482341766357,0.934554934501648
13,target,26,-0.33453428745269775,-0.5416774749755859,0.934554934501648
13,target,27,-0.3110346794128418,-0.5340049862861633,0.9007658958435059
13,target,28,-0.37213194370269775,-0.5471134185791016,0.9369264841079712
13,target,29,-0.30566486716270447,-0.5368648171424866,0.935014009475708
13,target,30,-0.2985430955886841,-0.5392782688140869,0.9007214307785034
13,target,31,-0.328300416469574,-0.4961910843849182,0.9087743759155273
13,target,32,-0.32899224758148193,-0.5014801621437073,0.9119896292686462
13,target,33,-0.35987067222595215,-0.5338485836982727,0.908084511756897
13,target,34,-0.324851393699646,-0.5353928804397583,0.8835828900337219
13,target,35,-0.3524811267852783,-0.5137995481491089,0.9161985516548157
13,target,36,-0.35986727476119995,-0.5071011185646057,0.9354528784751892
13,target,37,-0.320492148399353,-0.5245872735977173,0.894594669342041
13,target,38,-0.327755868434906,-0.5129750370979309,0.906213104724884
13,target,39,-0.34633010625839233,-0.5239620208740234,0.9070756435394287
13,target,40,-0.3311780095100403,-0.5182313323020935,0.9306080341339111
13,target,41,-0.2953662574291229,-0.5032553672790527,0.910918653011322
13,target,42,-0.3107765316963196,-0.5568949580192566,0.8681376576423645
13,target,43,-0.29299983382225037,-0.5641915202140808,0.8602787852287292
13,target,44,-0.2899164855480194,-0.5668299794197083,0.8628422617912292
13,target,45,-0.31448620557785034,-0.5536170601844788,0.866334855556488
13,target,46,-0.23819690942764282,-0.6266099810600281,0.9807018041610718
13,target,47,-0.2307429164648056,-0.6025689840316772,0.8981155753135681
13,target,48,-0.24053388833999634,-0.5860845446586609,0.931113600730896
13,target,49,-0.21324551105499268,-0.6256759166717529,0.9839293956756592
13,target,50,-0.2865731418132782,-0.5601357221603394,0.9797514081001282
13,target,51,-0.30700284242630005,-0.5515130162239075,0.9323726892471313
13,target,52,-0.296671986579895,-0.5570513010025024,0.9223608374595642
13,target,53,-0.29282742738723755,-0.5688090324401855,0.9256025552749634
13,target,54,-0.30018511414527893,-0.5367711782455444,0.9462761282920837
13,target,55,-0.2514396905899048,-0.5581111907958984,0.9270432591438293
13,target,56,-0.24325498938560486,-0.5723947882652283,0.9046697616577148
13,target,57,-0.26675933599472046,-0.5689451098442078,0.9182239174842834
13,target,58,-0.27374017238616943,-0.5539902448654175,0.8999684453010559
13,target,59,-0.2794632911682129,-0.5693099498748779,0.9248112440109253
13,target,60,-0.30078375339508057,-0.5738474130630493,0.9180964231491089
13,target,61,-0.27508363127708435,-0.5743466019630432,0.9194826483726501
13,target,62,-0.3074307441711426,-0.5729805827140808,0.9047330617904663
13,target,63,-0.2855009138584137,-0.5886988639831543,0.9067269563674927
14,source,0,-0.31790727376937866,-0.5498431921005249,0.9122411608695984
14,source,1,-0.30745136737823486,-0.5565967559814453,0.9142943024635315
14,source,2,-0.31899452209472656,-0.5693910717964172,0.9008253812789917
14,source,3,-0.32137662172317505,-0.578605592250824,0.8992230296134949
14,source,4,-0.3281576633453369,-0.5627546906471252,0.9194917678833008
14,source,5,-0.33346569538116455,-0.5720335245132446,0.9086204171180725
14,source,6,-0.3235388994216919,-0.568702757358551,0.9047119617462158
14,source,7,-0.31694310903549194,-0.5741302967071533,0.9025779962539673
14,source,8,-0.32722729444503784,-0.5671554803848267,0.9051754474639893
14,source,9,-0.32719331979751587,-0.5639463663101196,0.9068058729171753
14,source,10,-0.3182670474052429,-0.5521186590194702,0.9112324714660645
14,source,11,-0.32214802503585815,-0.5700157880783081,0.8977184295654297
14,source,12,-0.32041335105895996,-0.5451611280441284,0.8981250524520874
14,source,13,-0.3062649071216583,-0.5592551231384277,0.8865107893943787
14,source,14,-0.2896900773048401,-0.5557517409324646,0.8871175646781921
14,source,15,-0.32433634996414185,-0.5450291037559509,0.9347399473190308
14,source,16,-0.3065316081047058,-0.5686847567558289,0.9018542170524597
14,source,17,-0.30136826634407043,-0.5540069937705994,0.9014168977737427
14,source,18,-0.30678170919418335,-0.5576175451278687,0.908120334148407
14,source,19,-0.3237727880477905,-0.5537784695625305,0.9183367490768433
14,source,20,-0.313862681388855,-0.5669792890548706,0.8932356238365173
14,source,21,-0.29728949069976807,-0.5505199432373047,0.9062451124191284
14,source,22,-0.30169355869293213,-0.56096351146698,0.8895285725593567
14,source,23,-0.3087679147720337,-0.5519619584083557,0.9015892744064331
14,source,24,-0.3065665364265442,-0.5671734809875488,0.9046996235847473
14,source,25,-0.31592226028442383,-0.5416966080665588,0.9386543035507202
14,source,26,-0.32335561513900757,-0.5397896766662598,0.9085461497306824
14,source,27,-0.29453063011169434,-0.5202758312225342,0.9054803252220154
14,source,28,-0.31119197607040405,-0.5173279047012329,0.910221517086029
14,source,29,-0.32970476150512695,-0.5574886202812195,0.9149597883224487
14,source,30,-0.32412028312683105,-0.5723614692687988,0.89557945728302
14,source,31,-0.3298529386520386,-0.5632826685905457,0.900710940361023
14,source,32,-0.322539746761322,-0.5588560700416565,0.9040803909301758
14,source,33,-0.3292715549468994,-0.5660730004310608,0.9158921837806702
14,source,34,-0.34700101613998413,-0.574718177318573,0.9113110303878784
14,source,35,-0.32296299934387207,-0.53548663854599,0.9144651293754578
14,source,36,-0.3016296625137329,-0.5336914658546448,0.9039994478225708
14,source,37,-0.3295419216156006,-0.5504955649375916,0.9298498630523682
14,source,38,-0.31301379203796387,-0.5542148947715759,0.9159442186355591
14,source,39,-0.3134278655052185,-0.5582361221313477,0.9075068235397339
14,source,40,-0.31259089708328247,-0.5399318337440491,0.9133840799331665
14,source,41,-0.30674833059310913,-0.5619133114814758,0.8858880996704102
14,source,42,-0.29716756939888,-0.555145263671875,0.8896798491477966
14,source,43,-0.3147650361061096,-0.5520778894424438,0.901239275932312
14,source,44,-0.3069135546684265,-0.5620610117912292,0.8933923840522766
14,source,45,-0.30860018730163574,-0.5637202262878418,0.9059386849403381
14,source,46,-0.29665637016296387,-0.557071328163147,0.8971694707870483
14,source,47,-0.3228822946548462,-0.5588581562042236,0.909409761428833
14,source,48,-0.3271823525428772,-0.5822129249572754,0.8960106372833252
14,source,49,-0.32030701637268066,-0.5577468276023865,0.9128385186195374
14,source,50,-0.3329876661300659,-0.5431216955184937,0.9527855515480042
14,source,51,-0.32662904262542725,-0.5483896732330322,0.9401172399520874
14,source,52,-0.339505672454834,-0.5455469489097595,0.9322609901428223
14,source,53,-0.33882802724838257,-0.5622270107269287,0.9232311248779297
14,source,54,-0.3302777409553528,-0.5371243357658386,0.9466392397880554
14,source,55,-0.3398357033729553,-0.5525482296943665,0.9427238702774048
14,source,56,-0.34147900342941284,-0.5680159330368042,0.9407734870910645
14,source,57,-0.33403557538986206,-0.5637113451957703,0.9337257146835327
14,source,58,-0.3476102352142334,-0.54231196641922,0.9569445848464966
14,source,59,-0.3509296178817749,-0.5525100231170654,0.9454021453857422
14,source,60,-0.33497458696365356,-0.5242543816566467,0.9350566864013672
14,source,61,-0.3586495518684387,-0.5578662157058716,0.9367014169692993
14,source,62,-0.33706915378570557,-0.5224058032035828,0.9283906817436218
14,source,63,-0.3284393548965454,-0.5216407179832458,0.9119484424591064
14,target,0,-0.26269564032554626,-0.5628764033317566,0.9186906218528748
14,target,1,-0.3367253541946411,-0.5405942797660828,0.9420442581176758
14,target,2,-0.3288000822067261,-0.5516272783279419,0.9097408056259155
14,target,3,-0.2884054183959961,-0.569366455078125,0.9066202640533447
14,target,4,-0.32175034284591675,-0.49165838956832886,0.9161784052848816
14,target,5,-0.3323107957839966,-0.4058661460876465,0.9192948341369629
14,target,6,-0.3475593328475952,-0.48929572105407715,0.9435333013534546
14,target,7,-0.32226336002349854,-0.44089818000793457,0.9178518056869507
14,target,8,-0.32659631967544556,-0.47525638341903687,0.9134462475776672
14,target,9,-0.3085770010948181,-0.47572624683380127,0.9116582274436951
14,target,10,-0.2926705479621887,-0.46706247329711914,0.8990226984024048
14,target,11,-0.3330017328262329,-0.41708409786224365,0.9298993945121765
14,target,12,-0.31638139486312866,-0.4909880757331848,0.8899155855178833
14,target,13,-0.2518683075904846,-0.4851375222206116,0.9300876259803772
14,target,14,-0.2701233923435211,-0.4791601896286011,0.9158697128295898
14,target,15,-0.2766384482383728,-0.5090335607528687,0.904056966304779
14,target,16,-0.28531527519226074,-0.5173235535621643,0.908521831035614
14,target,17,-0.3310750722885132,-0.4744427800178528,0.9077062010765076
14,target,18,-0.3395150899887085,-0.4727383255958557,0.9100340604782104
14,target,19,-0.29532405734062195,-0.5335782766342163,0.8927837610244751
14,target,20,-0.32690221071243286,-0.4713985323905945,0.928270697593689
14,target,21,-0.3594260811805725,-0.47329390048980713,0.9423953890800476
14,target,22,-0.29297682642936707,-0.4499635696411133,0.8914006352424622
14,target,23,-0.2726533114910126,-0.4877299666404724,0.8883016109466553
14,target,24,-0.333629310131073,-0.48621976375579834,0.9489058256149292
14,target,25,-0.3185631036758423,-0.5221869349479675,0.9257169961929321
14,target,26,-0.31499409675598145,-0.5267282724380493,0.9146493673324585
14,target,27,-0.2995014190673828,-0.4995357394218445,0.8810401558876038
14,target,28,-0.3502994775772095,-0.5190469026565552,0.9345278143882751
14,target,29,-0.2876089811325073,-0.5124000906944275,0.9248907566070557
14,target,30,-0.3049817979335785,-0.5227977633476257,0.9200712442398071
14,target,31,-0.31709688901901245,-0.4797137975692749,0.9129482507705688
14,target,32,-0.32248544692993164,-0.4965042471885681,0.925296425819397
14,target,33,-0.35688841342926025,-0.544511616230011,0.9267341494560242
14,target,34,-0.31803232431411743,-0.5377991795539856,0.8957247734069824
14,target,35,-0.3499210476875305,-0.5211073756217957,0.9230138659477234
14,target,36,-0.34678298234939575,-0.5252788066864014,0.9410033822059631
14,target,37,-0.32499295473098755,-0.519687831401825,0.9152317047119141
14,target,38,-0.33757394552230835,-0.5211567878723145,0.9356082677841187
14,target,39,-0.3424336910247803,-0.5377335548400879,0.9228750467300415
14,target,40,-0.321635901927948,-0.5392460823059082,0.9381412863731384
14,target,41,-0.29792749881744385,-0.49618828296661377,0.9060108661651611
14,target,42,-0.3293314576148987,-0.560696542263031,0.884364902973175
14,target,43,-0.3249155282974243,-0.5730029344558716,0.8799169659614563
14,target,44,-0.32076406478881836,-0.5689547657966614,0.8789165019989014
14,target,45,-0.3489851951599121,-0.5668085217475891,0.9004625678062439
14,target,46,-0.28651779890060425,-0.6354715824127197,1.022662878036499
14,target,47,-0.20911607146263123,-0.6158369183540344,0.904388964176178
14,target,48,-0.21767647564411163,-0.5966795086860657,0.9397481679916382
14,target,49,-0.2576003670692444,-0.6255218386650085,1.0292515754699707
14,target,50,-0.2993887662887573,-0.5556266903877258,1.0091674327850342
14,target,51,-0.2859344482421875,-0.5605988502502441,0.9243751764297485
14,target,52,-0.27887746691703796,-0.548882782459259,0.926076352596283
14,target,53,-0.27328550815582275,-0.5569416880607605,0.923748254776001
14,target,54,-0.25939738750457764,-0.5407876968383789,0.9209240078926086
14,target,55,-0.21408207714557648,-0.5476592779159546,0.9061749577522278
14,target,56,-0.2069413810968399,-0.5627815127372742,0.9031856656074524
14,target,57,-0.24283647537231445,-0.545102596282959,0.922180712223053
14,target,58,-0.23771072924137115,-0.5399583578109741,0.8963161110877991
14,target,59,-0.23717047274112701,-0.5524601936340332,0.9186064004898071
14,target,60,-0.25532054901123047,-0.5798150300979614,0.9175416231155396
14,target,61,-0.25845831632614136,-0.5719577074050903,0.9338940978050232
14,target,62,-0.278129518032074,-0.575852632522583,0.9149298667907715
14,target,63,-0.24553267657756805,-0.5769287943840027,0.9128261804580688
15,source,0,-0.31580430269241333,-0.561428427696228,0.9289000034332275
15,source,1,-0.3196670413017273,-0.5539302825927734,0.940774142742157
15,source,2,-0.3157734274864197,-0.5596601366996765,0.9130800366401672
15,source,3,-0.3126562833786011,-0.5825343728065491,0.9052383899688721
15,source,4,-0.3179880380630493,-0.562096118927002,0.9325819611549377
15,source,5,-0.32132989168167114,-0.5853393077850342,0.9248477220535278
15,source,6,-0.31927037239074707,-0.5898829698562622,0.9277482032775879
15,source,7,-0.3099764585494995,-0.5819573402404785,0.9195801615715027
15,source,8,-0.31771135330200195,-0.5813486576080322,0.9193516373634338
15,source,9,-0.3215370774269104,-0.5805831551551819,0.9229623675346375
15,source,10,-0.32041072845458984,-0.5461108684539795,0.9435809254646301
15,source,11,-0.3168942332267761,-0.5748276710510254,0.9142488241195679
15,source,12,-0.3180025815963745,-0.5646371245384216,0.924835741519928
15,source,13,-0.30753421783447266,-0.577846348285675,0.8999767303466797
15,source,14,-0.30595552921295166,-0.5566219091415405,0.9020736217498779
15,source,15,-0.32871001958847046,-0.5410599112510681,0.9521917700767517
15,source,16,-0.3057776689529419,-0.5798363089561462,0.9153286814689636
15,source,17,-0.30652475357055664,-0.5547926425933838,0.9144157767295837
15,source,18,-0.3016963303089142,-0.566659152507782,0.9150761365890503
15,source,19,-0.32339030504226685,-0.5499728322029114,0.9297971129417419
15,source,20,-0.3077661991119385,-0.5789496898651123,0.8910324573516846
15,source,21,-0.31528180837631226,-0.5490759611129761,0.9171611666679382
15,source,22,-0.30278176069259644,-0.5588997602462769,0.8864003419876099
15,source,23,-0.31039220094680786,-0.5501298308372498,0.916631281375885
15,source,24,-0.31947576999664307,-0.560081422328949,0.9220481514930725
15,source,25,-0.3287700414657593,-0.5403567552566528,0.9567316770553589
15,source,26,-0.3205808401107788,-0.5525590777397156,0.9272521138191223
15,source,27,-0.3135532736778259,-0.527276873588562,0.9333655834197998
15,source,28,-0.3165614604949951,-0.5237087607383728,0.9506982564926147
15,source,29,-0.32776063680648804,-0.5521088242530823,0.936044454574585
15,source,30,-0.32218921184539795,-0.5788080096244812,0.9153818488121033
15,source,31,-0.3160843253135681,-0.5589179992675781,0.9161214828491211
15,source,32,-0.321707546710968,-0.5822358727455139,0.923922598361969
15,source,33,-0.31741756200790405,-0.5828457474708557,0.9238836169242859
15,source,34,-0.3345586657524109,-0.562912106513977,0.9299017786979675
15,source,35,-0.32932883501052856,-0.5351772904396057,0.9444318413734436
15,source,36,-0.3108566999435425,-0.5411205887794495,0.9290025234222412
15,source,37,-0.33254116773605347,-0.5401577949523926,0.9464977383613586
15,source,38,-0.3204599618911743,-0.5564604997634888,0.9383063316345215
15,source,39,-0.32523179054260254,-0.5514112114906311,0.9220085740089417
15,source,40,-0.32474493980407715,-0.5610233545303345,0.953360915184021
15,source,41,-0.3181699514389038,-0.5771268010139465,0.9157611131668091
15,source,42,-0.3137473464012146,-0.5735816359519958,0.9177720546722412
15,source,43,-0.31828176975250244,-0.5629960894584656,0.9311748743057251
15,source,44,-0.3069160580635071,-0.5493428111076355,0.8891883492469788
15,source,45,-0.30442434549331665,-0.5794010162353516,0.9072141647338867
15,source,46,-0.3108314871788025,-0.5605330467224121,0.917607307434082
15,source,47,-0.32982879877090454,-0.5527907609939575,0.9366234540939331
15,source,48,-0.3115271329879761,-0.587683916091919,0.8997653722763062
15,source,49,-0.33094847202301025,-0.5562624335289001,0.9522630572319031
15,source,50,-0.3060505986213684,-0.5615798830986023,0.935110330581665
15,source,51,-0.30876821279525757,-0.5412104725837708,0.9374120831489563
15,source,52,-0.3214600682258606,-0.5444750785827637,0.9283114075660706
15,source,53,-0.31606608629226685,-0.5755086541175842,0.9100695252418518
15,source,54,-0.32507067918777466,-0.5371033549308777,0.9431532621383667
15,source,55,-0.3236655592918396,-0.5696309208869934,0.9301058650016785
15,source,56,-0.31735700368881226,-0.5776187777519226,0.9231356382369995
15,source,57,-0.31305354833602905,-0.5710106492042542,0.9204208850860596
15,source,58,-0.3161163330078125,-0.5629386305809021,0.9351179003715515
15,source,59,-0.32411813735961914,-0.5772427916526794,0.9243783950805664
15,source,60,-0.32977914810180664,-0.5332282781600952,0.939363420009613
15,source,61,-0.32660073041915894,-0.5629759430885315,0.9087237119674683
15,source,62,-0.32495760917663574,-0.5375694632530212,0.9323495626449585
15,source,63,-0.32171255350112915,-0.5575830936431885,0.910292387008667
15,target,0,-0.2504901885986328,-0.5818088054656982,0.905085563659668
15,target,1,-0.3149814009666443,-0.5699249505996704,0.9393627643585205
15,target,2,-0.31054747104644775,-0.5861926674842834,0.9112706780433655
15,target,3,-0.2827906608581543,-0.5858650207519531,0.9018541574478149
15,target,4,-0.3099629282951355,-0.5391553640365601,0.9258486032485962
15,target,5,-0.33026331663131714,-0.4666426181793213,0.9810690879821777
15,target,6,-0.33693355321884155,-0.5037441253662109,0.9763574600219727
15,target,7,-0.3116898536682129,-0.4995783567428589,0.9549533128738403
15,target,8,-0.3205491900444031,-0.5097748041152954,0.9471442699432373
15,target,9,-0.30562734603881836,-0.501805305480957,0.9344007968902588
15,target,10,-0.3010677695274353,-0.5078263282775879,0.9243630766868591
15,target,11,-0.33061301708221436,-0.4774789810180664,0.9526029825210571
15,target,12,-0.3161046504974365,-0.500217080116272,0.9171431064605713
15,target,13,-0.2812401056289673,-0.5473225116729736,0.9405772686004639
15,target,14,-0.29625365138053894,-0.5393037796020508,0.9420430064201355
15,target,15,-0.2979257106781006,-0.5455965995788574,0.9269006252288818
15,target,16,-0.3020925521850586,-0.5435352325439453,0.9249303340911865
15,target,17,-0.31952083110809326,-0.5214933156967163,0.9270552396774292
15,target,18,-0.34305065870285034,-0.5030308961868286,0.9485320448875427
15,target,19,-0.30953049659729004,-0.5427035093307495,0.917530357837677
15,target,20,-0.3314374089241028,-0.5122836828231812,0.9606136083602905
15,target,21,-0.3404253125190735,-0.5138310790061951,0.9639453887939453
15,target,22,-0.31196022033691406,-0.49430495500564575,0.9216830134391785
15,target,23,-0.2920435070991516,-0.5309578776359558,0.9122022986412048
15,target,24,-0.32086437940597534,-0.519115686416626,0.9474902749061584
15,target,25,-0.3127966523170471,-0.5507448315620422,0.9329049587249756
15,target,26,-0.3053574562072754,-0.5323529243469238,0.9243191480636597
15,target,27,-0.30517587065696716,-0.5498422980308533,0.9092642068862915
15,target,28,-0.34080225229263306,-0.5652515888214111,0.9268732070922852
15,target,29,-0.301883727312088,-0.5511940717697144,0.9293947815895081
15,target,30,-0.29421287775039673,-0.5839064121246338,0.9084261655807495
15,target,31,-0.31827467679977417,-0.5235878229141235,0.9124682545661926
15,target,32,-0.3286988139152527,-0.5154213309288025,0.9274448752403259
15,target,33,-0.31014490127563477,-0.5616897940635681,0.9008543491363525
15,target,34,-0.3012462854385376,-0.5532019138336182,0.8997418284416199
15,target,35,-0.32567691802978516,-0.5448238253593445,0.8999678492546082
15,target,36,-0.3146088123321533,-0.5488770008087158,0.9388514757156372
15,target,37,-0.3003951907157898,-0.539500892162323,0.893446147441864
15,target,38,-0.3170470595359802,-0.539247453212738,0.9235353469848633
15,target,39,-0.3159782886505127,-0.5550061464309692,0.9185364246368408
15,target,40,-0.2970810532569885,-0.5357235074043274,0.917987048625946
15,target,41,-0.2841874957084656,-0.5076221823692322,0.9017298221588135
15,target,42,-0.3060835897922516,-0.5566423535346985,0.8904394507408142
15,target,43,-0.29384613037109375,-0.5632147789001465,0.8654903769493103
15,target,44,-0.30212146043777466,-0.567243754863739,0.8834847807884216
15,target,45,-0.31354355812072754,-0.552413821220398,0.8782270550727844
15,target,46,-0.26788529753685,-0.6218836307525635,0.9709731936454773
15,target,47,-0.22613710165023804,-0.6072466373443604,0.8951600193977356
15,target,48,-0.22375591099262238,-0.6107233166694641,0.9089386463165283
15,target,49,-0.248347207903862,-0.6034830212593079,0.9699971675872803
15,target,50,-0.296066015958786,-0.565690279006958,0.9825853109359741
15,target,51,-0.2980117201805115,-0.5647919178009033,0.9365606307983398
15,target,52,-0.28097230195999146,-0.5580970048904419,0.916595458984375
15,target,53,-0.2945295572280884,-0.5718342661857605,0.9347432851791382
15,target,54,-0.28554534912109375,-0.5652673840522766,0.9350428581237793
15,target,55,-0.2629496157169342,-0.5735419988632202,0.9289907217025757
15,target,56,-0.24680618941783905,-0.5820121169090271,0.9027585983276367
15,target,57,-0.2642692029476166,-0.5667228698730469,0.9184757471084595
15,target,58,-0.27710527181625366,-0.5613623857498169,0.912972092628479
15,target,59,-0.2683795094490051,-0.5789799690246582,0.9112698435783386
15,target,60,-0.278511106967926,-0.583853006362915,0.9140529036521912
15,target,61,-0.2780749797821045,-0.5834617614746094,0.9166037440299988
15,target,62,-0.2845280170440674,-0.5972981452941895,0.8978223204612732
15,target,63,-0.26556602120399475,-0.6012768745422363,0.897416889667511
16,source,0,-0.29562461376190186,-0.5619540810585022,0.9199416041374207
16,source,1,-0.29943862557411194,-0.5660101175308228,0.9260885715484619
16,source,2,-0.29494965076446533,-0.570172131061554,0.9098879098892212
16,source,3,-0.29792654514312744,-0.5761695504188538,0.9023140072822571
16,source,4,-0.29958808422088623,-0.5806870460510254,0.9182137250900269
16,source,5,-0.30139249563217163,-0.5779843330383301,0.9109106659889221
16,source,6,-0.29818880558013916,-0.5789347290992737,0.9116405248641968
16,source,7,-0.2983175218105316,-0.5765926837921143,0.9075697064399719
16,source,8,-0.3001353144645691,-0.5784085392951965,0.9094207286834717
16,source,9,-0.3031795620918274,-0.5718041658401489,0.9081833958625793
16,source,10,-0.2979142367839813,-0.5656173825263977,0.9243288636207581
16,source,11,-0.30567583441734314,-0.5696318745613098,0.9117468595504761
16,source,12,-0.3066328167915344,-0.5585054159164429,0.917519748210907
16,source,13,-0.2920917868614197,-0.56796795129776,0.8993245363235474
16,source,14,-0.28439009189605713,-0.5625298023223877,0.9060646891593933
16,source,15,-0.29925093054771423,-0.5571785569190979,0.9355908632278442
16,source,16,-0.29001033306121826,-0.5708768367767334,0.9115610718727112
16,source,17,-0.2928082346916199,-0.5578213930130005,0.9161911606788635
16,source,18,-0.291384220123291,-0.5642852187156677,0.9198024272918701
16,source,19,-0.3031439483165741,-0.5623064041137695,0.9300529956817627
16,source,20,-0.2972283959388733,-0.5792273879051208,0.907584547996521
16,source,21,-0.28775233030319214,-0.5687623023986816,0.9181767106056213
16,source,22,-0.2889980673789978,-0.5574957132339478,0.9071928858757019
16,source,23,-0.2852780222892761,-0.5633978843688965,0.913397490978241
16,source,24,-0.2940601706504822,-0.5632660388946533,0.9155992269515991
16,source,25,-0.29723745584487915,-0.5611242651939392,0.9400818347930908
16,source,26,-0.2943352460861206,-0.5593615174293518,0.919898509979248
16,source,27,-0.29382550716400146,-0.5455323457717896,0.9245672821998596
16,source,28,-0.28475284576416016,-0.5397630929946899,0.9285252094268799
16,source,29,-0.30713552236557007,-0.5588585734367371,0.9247602224349976
16,source,30,-0.3042936325073242,-0.5696768164634705,0.9069242477416992
16,source,31,-0.29566124081611633,-0.5623211860656738,0.9043429493904114
16,source,32,-0.29835808277130127,-0.5773364901542664,0.9097452759742737
16,source,33,-0.3020281493663788,-0.5795204043388367,0.9086458086967468
16,source,34,-0.30717045068740845,-0.5640687346458435,0.9118579626083374
16,source,35,-0.2992021441459656,-0.5424811244010925,0.9250209331512451
16,source,36,-0.28837671875953674,-0.5599691271781921,0.917980968952179
16,source,37,-0.30887728929519653,-0.5471426248550415,0.9313443899154663
16,source,38,-0.2979457974433899,-0.5613131523132324,0.931306004524231
16,source,39,-0.2976934313774109,-0.5617592334747314,0.9168630242347717
16,source,40,-0.30364325642585754,-0.5701820254325867,0.9255015850067139
16,source,41,-0.30055323243141174,-0.5748416185379028,0.911428689956665
16,source,42,-0.2963863015174866,-0.5749496221542358,0.9117660522460938
16,source,43,-0.3032189607620239,-0.5713047981262207,0.9214422106742859
16,source,44,-0.2983565628528595,-0.5599896311759949,0.9119675755500793
16,source,45,-0.2941604554653168,-0.5765376091003418,0.9172289371490479
16,source,46,-0.30128902196884155,-0.5632541179656982,0.9184626340866089
16,source,47,-0.30561792850494385,-0.5607878565788269,0.9184739589691162
16,source,48,-0.2977862060070038,-0.5818101763725281,0.8978436589241028
16,source,49,-0.30227425694465637,-0.5640189051628113,0.9254958629608154
16,source,50,-0.3138085603713989,-0.5532869696617126,0.9422210454940796
16,source,51,-0.31374919414520264,-0.5470750331878662,0.9331452250480652
16,source,52,-0.3227495551109314,-0.544830858707428,0.9366340637207031
16,source,53,-0.32427048683166504,-0.5607185363769531,0.9194563627243042
16,source,54,-0.31445062160491943,-0.5382144451141357,0.9355874061584473
16,source,55,-0.32557475566864014,-0.5511449575424194,0.9301003217697144
16,source,56,-0.3245770335197449,-0.5503909587860107,0.9299104809761047
16,source,57,-0.32812434434890747,-0.5463244318962097,0.9257077574729919
16,source,58,-0.3217970132827759,-0.5476738214492798,0.9358891844749451
16,source,59,-0.33006733655929565,-0.5509105920791626,0.9332093000411987
16,source,60,-0.32293879985809326,-0.5281339883804321,0.9337740540504456
16,source,61,-0.3423183560371399,-0.5489706993103027,0.9284532070159912
16,source,62,-0.32636570930480957,-0.5312408804893494,0.9338527917861938
16,source,63,-0.3207324743270874,-0.5360640287399292,0.9186779260635376
16,target,0,-0.24712635576725006,-0.5831458568572998,0.9192382097244263
16,target,1,-0.3103218674659729,-0.5602744817733765,0.9309084415435791
16,target,2,-0.325325071811676,-0.5576539039611816,0.9195821285247803
16,target,3,-0.29715192317962646,-0.567740261554718,0.9140928387641907
16,target,4,-0.3124414086341858,-0.5069001913070679,0.9287935495376587
16,target,5,-0.3157690167427063,-0.4750220775604248,0.9571487903594971
16,target,6,-0.3386227488517761,-0.4925506114959717,0.9410892128944397
16,target,7,-0.30551910400390625,-0.48454707860946655,0.9308745265007019
16,target,8,-0.3115289807319641,-0.5057826042175293,0.9189325571060181
16,target,9,-0.29981061816215515,-0.5112062692642212,0.9321056604385376
16,target,10,-0.274271696805954,-0.5111472010612488,0.9239544868469238
16,target,11,-0.3188127279281616,-0.4742770195007324,0.9405763745307922
16,target,12,-0.29877984523773193,-0.5026245713233948,0.9044491052627563
16,target,13,-0.2728658616542816,-0.5441290140151978,0.9439020752906799
16,target,14,-0.28245028853416443,-0.5266655087471008,0.9437367916107178
16,target,15,-0.2792293429374695,-0.5369765758514404,0.9318742752075195
16,target,16,-0.29292213916778564,-0.5387996435165405,0.9357670545578003
16,target,17,-0.3209872841835022,-0.4932936429977417,0.9271430373191833
16,target,18,-0.334994912147522,-0.49687260389328003,0.9366830587387085
16,target,19,-0.3013571500778198,-0.5390529632568359,0.9137275815010071
16,target,20,-0.31746482849121094,-0.49510061740875244,0.9393234252929688
16,target,21,-0.33395278453826904,-0.49294817447662354,0.9319645166397095
16,target,22,-0.29556596279144287,-0.4990585446357727,0.9235089421272278
16,target,23,-0.284277081489563,-0.519177258014679,0.9090961813926697
16,target,24,-0.3130418658256531,-0.5115811228752136,0.9289013147354126
16,target,25,-0.30979251861572266,-0.5443086624145508,0.9281681180000305
16,target,26,-0.3098054528236389,-0.537712574005127,0.9255610108375549
16,target,27,-0.2971475422382355,-0.5396723747253418,0.9089199304580688
16,target,28,-0.3322647213935852,-0.5539966225624084,0.9307079911231995
16,target,29,-0.2971349358558655,-0.5291778445243835,0.927391529083252
16,target,30,-0.3104735016822815,-0.5246621370315552,0.9313772916793823
16,target,31,-0.31515204906463623,-0.4900436997413635,0.9153392314910889
16,target,32,-0.3247476816177368,-0.5027139782905579,0.9156496524810791
16,target,33,-0.3415992259979248,-0.5414729118347168,0.9348500967025757
16,target,34,-0.3091410994529724,-0.5372146368026733,0.9109684228897095
16,target,35,-0.34114110469818115,-0.5372762680053711,0.9451412558555603
16,target,36,-0.3289397358894348,-0.5217433571815491,0.9385323524475098
16,target,37,-0.3078700304031372,-0.5289347767829895,0.9165646433830261
16,target,38,-0.31225502490997314,-0.5307203531265259,0.9309885501861572
16,target,39,-0.33723658323287964,-0.5387935042381287,0.9293681979179382
16,target,40,-0.2955780029296875,-0.545140266418457,0.9274157285690308
16,target,41,-0.2774483561515808,-0.5162230730056763,0.9117695689201355
16,target,42,-0.29508447647094727,-0.5641886591911316,0.8932094573974609
16,target,43,-0.27375733852386475,-0.5547988414764404,0.8926143646240234
16,target,44,-0.2935582995414734,-0.5644307136535645,0.8982763290405273
16,target,45,-0.30112048983573914,-0.5465261936187744,0.8955967426300049
16,target,46,-0.26973628997802734,-0.6509267091751099,0.9953575730323792
16,target,47,-0.23966200649738312,-0.6048712134361267,0.9208120107650757
16,target,48,-0.22540387511253357,-0.6015519499778748,0.9232485890388489
16,target,49,-0.2548990547657013,-0.6321052312850952,0.9935873746871948
16,target,50,-0.29290586709976196,-0.570465087890625,0.981041669845581
16,target,51,-0.28776371479034424,-0.5592522621154785,0.9239296317100525
16,target,52,-0.28950586915016174,-0.5555428266525269,0.9270089864730835
16,target,53,-0.2739396095275879,-0.5687856078147888,0.9152935743331909
16,target,54,-0.27771997451782227,-0.5521347522735596,0.9291253089904785
16,target,55,-0.2495506852865219,-0.5569248199462891,0.919395387172699
16,target,56,-0.2352980375289917,-0.5724488496780396,0.9070587158203125
16,target,57,-0.2566280663013458,-0.5686662197113037,0.9139083623886108
16,target,58,-0.2647486925125122,-0.5543196797370911,0.9098777770996094
16,target,59,-0.26825398206710815,-0.5626751184463501,0.9241302609443665
16,target,60,-0.27600792050361633,-0.5801910758018494,0.9176338315010071
16,target,61,-0.2743152976036072,-0.57421875,0.9251326322555542
16,target,62,-0.30380797386169434,-0.5729804039001465,0.9215958118438721
16,target,63,-0.26522085070610046,-0.5842074155807495,0.9091933965682983
17,source,0,-0.3096669316291809,-0.5630921125411987,0.9389715194702148
17,source,1,-0.31176531314849854,-0.561822772026062,0.9446055889129639
17,source,2,-0.3135741949081421,-0.5716648697853088,0.9228622913360596
17,source,3,-0.3076164722442627,-0.5735991597175598,0.9150519371032715
17,source,4,-0.32378697395324707,-0.5734508037567139,0.9389182329177856
17,source,5,-0.32475680112838745,-0.5753446817398071,0.9334791898727417
17,source,6,-0.3201855421066284,-0.5714944005012512,0.9353575706481934
17,source,7,-0.31320685148239136,-0.5753527283668518,0.9282152652740479
17,source,8,-0.3196370601654053,-0.5693200826644897,0.93500816822052
17,source,9,-0.3200092315673828,-0.5696713328361511,0.9306824207305908
17,source,10,-0.3080286383628845,-0.559650182723999,0.9357950687408447
17,source,11,-0.3092752695083618,-0.5709250569343567,0.9186214208602905
17,source,12,-0.3049173355102539,-0.5578853487968445,0.9220255017280579
17,source,13,-0.3014039397239685,-0.5693621635437012,0.9073793292045593
17,source,14,-0.2952454090118408,-0.5654789209365845,0.9129884839057922
17,source,15,-0.3172300457954407,-0.5541587471961975,0.9469218850135803
17,source,16,-0.3038995862007141,-0.567306399345398,0.9240735769271851
17,source,17,-0.3042390048503876,-0.5636502504348755,0.9206488728523254
17,source,18,-0.30366382002830505,-0.5621237754821777,0.925757110118866
17,source,19,-0.3161168694496155,-0.5574654340744019,0.9380965828895569
17,source,20,-0.2983434200286865,-0.5716191530227661,0.9057031869888306
17,source,21,-0.30544161796569824,-0.5559239387512207,0.926256537437439
17,source,22,-0.2989335358142853,-0.5640736818313599,0.9107862114906311
17,source,23,-0.30514276027679443,-0.5583011507987976,0.9261850118637085
17,source,24,-0.31013405323028564,-0.5658166408538818,0.9282419085502625
17,source,25,-0.31086599826812744,-0.5542883276939392,0.9506546854972839
17,source,26,-0.3120800852775574,-0.561058759689331,0.9349671602249146
17,source,27,-0.29983842372894287,-0.5423493981361389,0.9328457713127136
17,source,28,-0.3017030358314514,-0.5339293479919434,0.9457964897155762
17,source,29,-0.31373536586761475,-0.5640798211097717,0.9327999353408813
17,source,30,-0.30623799562454224,-0.571925699710846,0.9152437448501587
17,source,31,-0.30875450372695923,-0.5604071021080017,0.9200349450111389
17,source,32,-0.31471675634384155,-0.566240131855011,0.9217543601989746
17,source,33,-0.3199250102043152,-0.5731152296066284,0.9300022125244141
17,source,34,-0.3255642056465149,-0.5716943740844727,0.9363126158714294
17,source,35,-0.3093222975730896,-0.5448569059371948,0.9438918828964233
17,source,36,-0.30226200819015503,-0.5536789894104004,0.931655764579773
17,source,37,-0.3245882987976074,-0.555261492729187,0.9447712302207947
17,source,38,-0.30756717920303345,-0.5615600347518921,0.9370632171630859
17,source,39,-0.30553102493286133,-0.5656521320343018,0.9255043864250183
17,source,40,-0.31846845149993896,-0.5564608573913574,0.9481155872344971
17,source,41,-0.31220316886901855,-0.5670702457427979,0.9194114208221436
17,source,42,-0.30313509702682495,-0.5672978758811951,0.9203460216522217
17,source,43,-0.3118760585784912,-0.5599954128265381,0.928756833076477
17,source,44,-0.2942453622817993,-0.5657030344009399,0.9027048945426941
17,source,45,-0.2957915663719177,-0.5706377625465393,0.9203767776489258
17,source,46,-0.3006772994995117,-0.5713757872581482,0.925369918346405
17,source,47,-0.3198680281639099,-0.5614997744560242,0.9327133297920227
17,source,48,-0.3106365203857422,-0.5783679485321045,0.9098434448242188
17,source,49,-0.32162702083587646,-0.553318440914154,0.9435410499572754
17,source,50,-0.3143512010574341,-0.5662904381752014,0.9440333247184753
17,source,51,-0.3209620714187622,-0.5587256550788879,0.9470793008804321
17,source,52,-0.3379784822463989,-0.5564480423927307,0.946530282497406
17,source,53,-0.3307790756225586,-0.5668404698371887,0.9313098192214966
17,source,54,-0.33545053005218506,-0.5672404766082764,0.9495146870613098
17,source,55,-0.3422781825065613,-0.5703754425048828,0.949460506439209
17,source,56,-0.3314608335494995,-0.5757826566696167,0.939744770526886
17,source,57,-0.33424216508865356,-0.5718065500259399,0.9433858394622803
17,source,58,-0.33338040113449097,-0.5635362863540649,0.9494417905807495
17,source,59,-0.3344288468360901,-0.5660942792892456,0.9395329356193542
17,source,60,-0.32589930295944214,-0.5566858649253845,0.9348174333572388
17,source,61,-0.33786702156066895,-0.5644354820251465,0.9189810156822205
17,source,62,-0.32064002752304077,-0.5493631362915039,0.924102783203125
17,source,63,-0.31877797842025757,-0.5547447204589844,0.9216600060462952
17,target,0,-0.26245826482772827,-0.5735160708427429,0.9260736703872681
17,target,1,-0.3130357265472412,-0.5595642328262329,0.9440930485725403
17,target,2,-0.31113994121551514,-0.5679872632026672,0.9197401404380798
17,target,3,-0.2858774662017822,-0.5790365934371948,0.9205321073532104
17,target,4,-0.30950242280960083,-0.5438234210014343,0.9192349910736084
17,target,5,-0.3295890688896179,-0.4907118082046509,0.9399527907371521
17,target,6,-0.3532593846321106,-0.5011597275733948,0.9475187063217163
17,target,7,-0.3156513571739197,-0.5020270943641663,0.9217909574508667
17,target,8,-0.32931143045425415,-0.5111069083213806,0.9293749928474426
17,target,9,-0.3019922971725464,-0.523014485836029,0.9216273427009583
17,target,10,-0.2854234278202057,-0.5081783533096313,0.9108057022094727
17,target,11,-0.32462865114212036,-0.4974234104156494,0.936233639717102
17,target,12,-0.31948012113571167,-0.5016122460365295,0.9078809022903442
17,target,13,-0.2531965970993042,-0.5501824021339417,0.9235418438911438
17,target,14,-0.27469950914382935,-0.5423842668533325,0.9195555448532104
17,target,15,-0.2656733989715576,-0.5610183477401733,0.9037339687347412
17,target,16,-0.2731110453605652,-0.5724546313285828,0.9047882556915283
17,target,17,-0.3075942397117615,-0.5119628310203552,0.9157808423042297
17,target,18,-0.3365752100944519,-0.5059981346130371,0.9322879314422607
17,target,19,-0.30971938371658325,-0.5357050895690918,0.9231614470481873
17,target,20,-0.33008289337158203,-0.5068559646606445,0.9407585263252258
17,target,21,-0.3571074604988098,-0.499347448348999,0.9483611583709717
17,target,22,-0.3005778193473816,-0.5091974139213562,0.9166481494903564
17,target,23,-0.28616654872894287,-0.5262703895568848,0.9060099124908447
17,target,24,-0.3297034502029419,-0.5196353197097778,0.9417126774787903
17,target,25,-0.30458253622055054,-0.5591009855270386,0.9340128302574158
17,target,26,-0.31118977069854736,-0.5553911328315735,0.9459461569786072
17,target,27,-0.2815452516078949,-0.5578722953796387,0.9158269166946411
17,target,28,-0.30654627084732056,-0.5820937752723694,0.9144243597984314
17,target,29,-0.29696395993232727,-0.5465605854988098,0.9330494403839111
17,target,30,-0.2975216507911682,-0.5627801418304443,0.9148274064064026
17,target,31,-0.3092132806777954,-0.5238065719604492,0.9087347388267517
17,target,32,-0.3059501051902771,-0.5371585488319397,0.9105418920516968
17,target,33,-0.33317703008651733,-0.553511917591095,0.9263761043548584
17,target,34,-0.31449657678604126,-0.5560773015022278,0.9162246584892273
17,target,35,-0.3312165141105652,-0.5481905937194824,0.9074040651321411
17,target,36,-0.3343399167060852,-0.5423999428749084,0.9293845891952515
17,target,37,-0.31216299533843994,-0.5452433824539185,0.9027029275894165
17,target,38,-0.32877063751220703,-0.5404214262962341,0.9325113296508789
17,target,39,-0.3298066258430481,-0.5501750111579895,0.931430995464325
17,target,40,-0.33085936307907104,-0.5361570715904236,0.9349901676177979
17,target,41,-0.3021084666252136,-0.5236518383026123,0.9110207557678223
17,target,42,-0.3057524561882019,-0.5560306310653687,0.9012961983680725
17,target,43,-0.2976464629173279,-0.5541512966156006,0.8988269567489624
17,target,44,-0.29621708393096924,-0.5549150705337524,0.898905873298645
17,target,45,-0.31016039848327637,-0.5548797249794006,0.9016381502151489
17,target,46,-0.24830783903598785,-0.6389022469520569,0.9598519206047058
17,target,47,-0.24284832179546356,-0.5984253883361816,0.9296194911003113
17,target,48,-0.2404017150402069,-0.5865997672080994,0.948122501373291
17,target,49,-0.23780368268489838,-0.6240771412849426,0.9656890630722046
17,target,50,-0.2881559729576111,-0.5786087512969971,0.9781619310379028
17,target,51,-0.29255983233451843,-0.5649513602256775,0.9466865658760071
17,target,52,-0.28873416781425476,-0.5592322945594788,0.9396907091140747
17,target,53,-0.28242751955986023,-0.5681900382041931,0.9373853802680969
17,target,54,-0.2684788107872009,-0.5578523874282837,0.934689462184906
17,target,55,-0.25003206729888916,-0.5572850704193115,0.9275684356689453
17,target,56,-0.24844419956207275,-0.5684886574745178,0.9300336837768555
17,target,57,-0.26990777254104614,-0.5646997690200806,0.9386379718780518
17,target,58,-0.27357396483421326,-0.5578361749649048,0.9241803288459778
17,target,59,-0.27661997079849243,-0.560566246509552,0.937275767326355
17,target,60,-0.28281348943710327,-0.5759257674217224,0.9348458647727966
17,target,61,-0.2766345143318176,-0.5709109306335449,0.9473186731338501
17,target,62,-0.2853008210659027,-0.587368905544281,0.9233291745185852
17,target,63,-0.27307334542274475,-0.5848744511604309,0.9258631467819214
18,source,0,-0.3222506046295166,-0.6030430197715759,0.9496799111366272
18,source,1,-0.32102203369140625,-0.6131907105445862,0.9568030834197998
18,source,2,-0.3320677876472473,-0.5975309014320374,0.9392710328102112
18,source,3,-0.33257174491882324,-0.6074865460395813,0.9342027902603149
18,source,4,-0.3227229714393616,-0.6071836948394775,0.9396547675132751
18,source,5,-0.33559650182724,-0.6099238395690918,0.9419841170310974
18,source,6,-0.3335096836090088,-0.6110364198684692,0.9463518261909485
18,source,7,-0.3259870409965515,-0.6100962162017822,0.9432759881019592
18,source,8,-0.3293670415878296,-0.6114804148674011,0.942823052406311
18,source,9,-0.32853758335113525,-0.6134058833122253,0.9434964656829834
18,source,10,-0.32011663913726807,-0.5995917320251465,0.945404052734375
18,source,11,-0.3353992700576782,-0.6047486066818237,0.9444422721862793
18,source,12,-0.3271436095237732,-0.5955924391746521,0.9422757029533386
18,source,13,-0.3233051300048828,-0.6051510572433472,0.9292070865631104
18,source,14,-0.31626319885253906,-0.6047753095626831,0.9338217377662659
18,source,15,-0.33166104555130005,-0.604560375213623,0.9722440838813782
18,source,16,-0.3255983591079712,-0.6104943752288818,0.9429377913475037
18,source,17,-0.3238829970359802,-0.6022868752479553,0.9402933120727539
18,source,18,-0.3194453716278076,-0.6044155359268188,0.9444725513458252
18,source,19,-0.327412486076355,-0.6071100831031799,0.9510947465896606
18,source,20,-0.3271932601928711,-0.6065804362297058,0.9283424615859985
18,source,21,-0.31728971004486084,-0.6021526455879211,0.9434837102890015
18,source,22,-0.3204417824745178,-0.6008424758911133,0.9316080808639526
18,source,23,-0.3238025903701782,-0.6058963537216187,0.9494588971138
18,source,24,-0.3238260746002197,-0.608145534992218,0.9445587396621704
18,source,25,-0.32472264766693115,-0.6087692379951477,0.9713056087493896
18,source,26,-0.32038694620132446,-0.6051138639450073,0.9425411820411682
18,source,27,-0.30586153268814087,-0.5880205035209656,0.937127947807312
18,source,28,-0.31197619438171387,-0.5747707486152649,0.9484672546386719
18,source,29,-0.3344331979751587,-0.6030222177505493,0.9530385732650757
18,source,30,-0.3363226652145386,-0.6088013052940369,0.9449267983436584
18,source,31,-0.3305250406265259,-0.5942594408988953,0.943105936050415
18,source,32,-0.32722389698028564,-0.5985615849494934,0.9346120357513428
18,source,33,-0.3355063199996948,-0.6012062430381775,0.9474512338638306
18,source,34,-0.34289491176605225,-0.6001190543174744,0.9570887684822083
18,source,35,-0.3260636329650879,-0.5907567143440247,0.9613808393478394
18,source,36,-0.31117916107177734,-0.596299409866333,0.9416864514350891
18,source,37,-0.3311176300048828,-0.5986267924308777,0.9592927694320679
18,source,38,-0.31910622119903564,-0.6120175719261169,0.950446605682373
18,source,39,-0.324188768863678,-0.61065274477005,0.947965145111084
18,source,40,-0.3259577751159668,-0.6201204657554626,0.953837513923645
18,source,41,-0.32319027185440063,-0.6109715104103088,0.9330832362174988
18,source,42,-0.3179231286048889,-0.6122824549674988,0.9339033961296082
18,source,43,-0.32429659366607666,-0.6119563579559326,0.9441127777099609
18,source,44,-0.3236123323440552,-0.5999287962913513,0.9285743832588196
18,source,45,-0.3217037320137024,-0.6092879176139832,0.9362483024597168
18,source,46,-0.31915611028671265,-0.6082583069801331,0.9376112222671509
18,source,47,-0.3386266827583313,-0.6056455969810486,0.9541224241256714
18,source,48,-0.3310391902923584,-0.6086598634719849,0.9255621433258057
18,source,49,-0.32441115379333496,-0.6063578128814697,0.9485486149787903
18,source,50,-0.31803202629089355,-0.5873146653175354,0.968822181224823
18,source,51,-0.3258892297744751,-0.5921481251716614,0.9695876836776733
18,source,52,-0.33527708053588867,-0.5833224058151245,0.9644062519073486
18,source,53,-0.33730578422546387,-0.6049302816390991,0.950936496257782
18,source,54,-0.3251277804374695,-0.5938159227371216,0.9620001912117004
18,source,55,-0.3443980813026428,-0.5973247289657593,0.9697243571281433
18,source,56,-0.34144431352615356,-0.5966934561729431,0.9706000089645386
18,source,57,-0.33979153633117676,-0.5952093601226807,0.9683780074119568
18,source,58,-0.33371591567993164,-0.5959511399269104,0.9793848395347595
18,source,59,-0.3404483199119568,-0.5973883271217346,0.9671236276626587
18,source,60,-0.322115957736969,-0.5891095995903015,0.9471275806427002
18,source,61,-0.3430493474006653,-0.5924567580223083,0.9505405426025391
18,source,62,-0.32702285051345825,-0.5807873010635376,0.9564301371574402
18,source,63,-0.31871217489242554,-0.5833604335784912,0.9384760856628418
18,target,0,-0.25192320346832275,-0.6078240871429443,0.9177494049072266
18,target,1,-0.31003785133361816,-0.5778046250343323,0.9385561943054199
18,target,2,-0.3145131468772888,-0.6042118072509766,0.9268355965614319
18,target,3,-0.29230326414108276,-0.6136069893836975,0.92411869764328
18,target,4,-0.31609147787094116,-0.5653732419013977,0.9378201365470886
18,target,5,-0.34062284231185913,-0.46953052282333374,0.984951376914978
18,target,6,-0.37229686975479126,-0.5192133784294128,0.9773386716842651
18,target,7,-0.32560884952545166,-0.5022346377372742,0.9541154503822327
18,target,8,-0.3373887538909912,-0.5243259072303772,0.9541874527931213
18,target,9,-0.2937367260456085,-0.5403317809104919,0.9430034756660461
18,target,10,-0.277511864900589,-0.5464906096458435,0.9295265674591064
18,target,11,-0.3223946690559387,-0.5031546950340271,0.9531455039978027
18,target,12,-0.30567100644111633,-0.5345939993858337,0.9247118830680847
18,target,13,-0.27017033100128174,-0.5601922869682312,0.9558849334716797
18,target,14,-0.28939613699913025,-0.5560641884803772,0.9579523205757141
18,target,15,-0.28620100021362305,-0.5756089687347412,0.9341531991958618
18,target,16,-0.2998051047325134,-0.5807979702949524,0.9466224312782288
18,target,17,-0.3199716806411743,-0.5285917520523071,0.9377089142799377
18,target,18,-0.3574601411819458,-0.5273714065551758,0.9619637131690979
18,target,19,-0.32592344284057617,-0.5684948563575745,0.9346287250518799
18,target,20,-0.3534840941429138,-0.5198108553886414,0.9714447855949402
18,target,21,-0.368274450302124,-0.515805721282959,0.9754540920257568
18,target,22,-0.3107426166534424,-0.5213185548782349,0.9378250241279602
18,target,23,-0.28622084856033325,-0.5499385595321655,0.918639600276947
18,target,24,-0.3389103412628174,-0.5333767533302307,0.9669706225395203
18,target,25,-0.31118088960647583,-0.5758230090141296,0.9447852373123169
18,target,26,-0.30024099349975586,-0.5675225853919983,0.9397643208503723
18,target,27,-0.2817753255367279,-0.5713971853256226,0.9147734642028809
18,target,28,-0.3238943815231323,-0.6119003295898438,0.9460096955299377
18,target,29,-0.29320862889289856,-0.5640145540237427,0.9400233626365662
18,target,30,-0.2984998822212219,-0.5928805470466614,0.9239853620529175
18,target,31,-0.3162084221839905,-0.5499219298362732,0.9215913414955139
18,target,32,-0.3211585283279419,-0.5572561025619507,0.9351065754890442
18,target,33,-0.32550662755966187,-0.5822693705558777,0.9355289340019226
18,target,34,-0.308798611164093,-0.5966005325317383,0.9239343404769897
18,target,35,-0.32756590843200684,-0.5654039978981018,0.9305013418197632
18,target,36,-0.3410874605178833,-0.5639814138412476,0.9512959718704224
18,target,37,-0.3046020269393921,-0.5785737037658691,0.9173278212547302
18,target,38,-0.30757415294647217,-0.5676177740097046,0.9326068162918091
18,target,39,-0.32870709896087646,-0.5822614431381226,0.9319469928741455
18,target,40,-0.3240789771080017,-0.5647844076156616,0.9500303864479065
18,target,41,-0.302385151386261,-0.5370516777038574,0.9308424592018127
18,target,42,-0.32767701148986816,-0.5879780054092407,0.9191877841949463
18,target,43,-0.3299388885498047,-0.5964465737342834,0.9195884466171265
18,target,44,-0.3279918432235718,-0.6005073189735413,0.9237381219863892
18,target,45,-0.33949464559555054,-0.5891007781028748,0.9187114238739014
18,target,46,-0.2857949137687683,-0.6694691181182861,0.9946454763412476
18,target,47,-0.23693452775478363,-0.6233468651771545,0.9136933088302612
18,target,48,-0.21589572727680206,-0.6155679225921631,0.9092094302177429
18,target,49,-0.27070683240890503,-0.6649535298347473,0.9851586222648621
18,target,50,-0.30404573678970337,-0.6035376191139221,1.0003008842468262
18,target,51,-0.29248949885368347,-0.5793378949165344,0.9431765675544739
18,target,52,-0.27947360277175903,-0.5882763266563416,0.9383687973022461
18,target,53,-0.28363075852394104,-0.5853016972541809,0.9317620396614075
18,target,54,-0.27075403928756714,-0.5727478265762329,0.932474672794342
18,target,55,-0.24253511428833008,-0.5805866718292236,0.9134325385093689
18,target,56,-0.2338145524263382,-0.5924450159072876,0.8970863223075867
18,target,57,-0.26301664113998413,-0.5987921953201294,0.9226241707801819
18,target,58,-0.26219236850738525,-0.572443425655365,0.9095788598060608
18,target,59,-0.2569648027420044,-0.5911260843276978,0.9173351526260376
18,target,60,-0.2814900279045105,-0.6000485420227051,0.9227582812309265
18,target,61,-0.273216187953949,-0.5998382568359375,0.9306812882423401
18,target,62,-0.2935429811477661,-0.6141823530197144,0.9229870438575745
18,target,63,-0.2679813504219055,-0.6127470135688782,0.909218430519104
19,source,0,-0.2895325720310211,-0.5673461556434631,0.9326481819152832
19,source,1,-0.2836407423019409,-0.579384982585907,0.9279786944389343
19,source,2,-0.2918780446052551,-0.578981339931488,0.9201715588569641
19,source,3,-0.2959723174571991,-0.5865591764450073,0.9187271595001221
19,source,4,-0.29171183705329895,-0.5876680016517639,0.9287883639335632
19,source,5,-0.29476219415664673,-0.5871049761772156,0.9254206418991089
19,source,6,-0.293209046125412,-0.5873899459838867,0.9279102087020874
19,source,7,-0.2880803048610687,-0.5875840783119202,0.9279575347900391
19,source,8,-0.2971242666244507,-0.5796098709106445,0.9275304079055786
19,source,9,-0.2951814532279968,-0.5791990160942078,0.919776976108551
19,source,10,-0.2888638377189636,-0.5655936598777771,0.9309945702552795
19,source,11,-0.30078738927841187,-0.5766333341598511,0.9279206395149231
19,source,12,-0.29480528831481934,-0.5592454671859741,0.9276764392852783
19,source,13,-0.2962251603603363,-0.5780839323997498,0.9126702547073364
19,source,14,-0.2782370448112488,-0.5782663822174072,0.9204971194267273
19,source,15,-0.2981964945793152,-0.5667274594306946,0.9451770782470703
19,source,16,-0.2870633602142334,-0.5889407396316528,0.9211596846580505
19,source,17,-0.28712138533592224,-0.5805723667144775,0.9228209853172302
19,source,18,-0.2831816077232361,-0.5773276090621948,0.9248860478401184
19,source,19,-0.29929524660110474,-0.5711141228675842,0.9370173811912537
19,source,20,-0.29589229822158813,-0.5834201574325562,0.9152911901473999
19,source,21,-0.28410184383392334,-0.5730351805686951,0.9197359085083008
19,source,22,-0.28049278259277344,-0.5857590436935425,0.9124637246131897
19,source,23,-0.2847810387611389,-0.5763450264930725,0.9243195652961731
19,source,24,-0.28948915004730225,-0.5764802694320679,0.9256468415260315
19,source,25,-0.2881895899772644,-0.5663214921951294,0.9375295042991638
19,source,26,-0.28898611664772034,-0.5692704916000366,0.9262492060661316
19,source,27,-0.28102684020996094,-0.5500434637069702,0.9249467253684998
19,source,28,-0.28026020526885986,-0.5296537280082703,0.9279203414916992
19,source,29,-0.3051241636276245,-0.5673919916152954,0.9385877847671509
19,source,30,-0.30223026871681213,-0.5818951725959778,0.921414852142334
19,source,31,-0.2974449098110199,-0.5646516680717468,0.924232006072998
19,source,32,-0.3019089698791504,-0.5766919851303101,0.9261387586593628
19,source,33,-0.30075520277023315,-0.5852211713790894,0.9304784536361694
19,source,34,-0.30683767795562744,-0.5728538036346436,0.9296548962593079
19,source,35,-0.2824254631996155,-0.5559187531471252,0.9308290481567383
19,source,36,-0.2850256562232971,-0.5608007907867432,0.919788658618927
19,source,37,-0.3032541275024414,-0.5677292346954346,0.9404006004333496
19,source,38,-0.2874314785003662,-0.5788710713386536,0.9326292872428894
19,source,39,-0.28976356983184814,-0.5805166959762573,0.9252173900604248
19,source,40,-0.2963470220565796,-0.5766399502754211,0.9425864815711975
19,source,41,-0.29721349477767944,-0.5827775597572327,0.9218432903289795
19,source,42,-0.2917500138282776,-0.5796791911125183,0.9220767021179199
19,source,43,-0.2955417037010193,-0.5749337077140808,0.9280210137367249
19,source,44,-0.29492926597595215,-0.5801239013671875,0.9179486036300659
19,source,45,-0.28769057989120483,-0.5806810259819031,0.9246667623519897
19,source,46,-0.2874159514904022,-0.578574001789093,0.9221878051757812
19,source,47,-0.30521664023399353,-0.5642374157905579,0.9320042729377747
19,source,48,-0.29913026094436646,-0.5850968360900879,0.9145737886428833
19,source,49,-0.29644036293029785,-0.5714240670204163,0.9351673126220703
19,source,50,-0.31001436710357666,-0.5734761953353882,0.9451919198036194
19,source,51,-0.29892396926879883,-0.569495677947998,0.926871657371521
19,source,52,-0.31432127952575684,-0.5719202160835266,0.9436453580856323
19,source,53,-0.3154183626174927,-0.5953161716461182,0.9394448399543762
19,source,54,-0.305295467376709,-0.585861325263977,0.9395574927330017
19,source,55,-0.3185640573501587,-0.5911643505096436,0.9396851658821106
19,source,56,-0.3104351758956909,-0.5906583070755005,0.9339169263839722
19,source,57,-0.31136566400527954,-0.5908979177474976,0.9320265054702759
19,source,58,-0.30636149644851685,-0.5809776186943054,0.9414911270141602
19,source,59,-0.30914610624313354,-0.5881685018539429,0.9317635297775269
19,source,60,-0.3010445237159729,-0.5733650326728821,0.935714840888977
19,source,61,-0.31905972957611084,-0.5818665623664856,0.9302899241447449
19,source,62,-0.3100605607032776,-0.5711197257041931,0.9303656816482544
19,source,63,-0.31181269884109497,-0.5726697444915771,0.9275972247123718
19,target,0,-0.2590335011482239,-0.59822016954422,0.9389605522155762
19,target,1,-0.31241267919540405,-0.5662274360656738,0.9413240551948547
19,target,2,-0.30636292695999146,-0.5824198722839355,0.9278505444526672
19,target,3,-0.29882609844207764,-0.5936295390129089,0.9388668537139893
19,target,4,-0.29590433835983276,-0.5579819679260254,0.9359836578369141
19,target,5,-0.32395195960998535,-0.46935051679611206,0.9551324844360352
19,target,6,-0.34618324041366577,-0.4958117604255676,0.9574791193008423
19,target,7,-0.3019413352012634,-0.48133987188339233,0.938210129737854
19,target,8,-0.3104296922683716,-0.5017378926277161,0.9330235123634338
19,target,9,-0.28940296173095703,-0.5274024605751038,0.9392080307006836
19,target,10,-0.28817304968833923,-0.519908607006073,0.942649781703949
19,target,11,-0.31436771154403687,-0.49246275424957275,0.9483692049980164
19,target,12,-0.3014403283596039,-0.5130655765533447,0.9257794618606567
19,target,13,-0.2624782919883728,-0.5429141521453857,0.9469425678253174
19,target,14,-0.2862613797187805,-0.5429330468177795,0.94761723279953
19,target,15,-0.2854763865470886,-0.5673555135726929,0.9423779845237732
19,target,16,-0.28591644763946533,-0.5668895840644836,0.943211555480957
19,target,17,-0.3126292824745178,-0.5071914792060852,0.9353302717208862
19,target,18,-0.3438902497291565,-0.5036401748657227,0.9603330492973328
19,target,19,-0.31693077087402344,-0.5377281904220581,0.934753954410553
19,target,20,-0.3348269462585449,-0.49376314878463745,0.964577317237854
19,target,21,-0.3449143171310425,-0.4879401922225952,0.9598715305328369
19,target,22,-0.3024948239326477,-0.5001915693283081,0.934066653251648
19,target,23,-0.28047817945480347,-0.5316172242164612,0.9205382466316223
19,target,24,-0.3219006657600403,-0.5104798078536987,0.9488890767097473
19,target,25,-0.3097103238105774,-0.5607488751411438,0.9409497976303101
19,target,26,-0.3048442006111145,-0.5640415549278259,0.9530182480812073
19,target,27,-0.291883647441864,-0.5530055165290833,0.9217620491981506
19,target,28,-0.31393158435821533,-0.5915399789810181,0.9494524002075195
19,target,29,-0.30147266387939453,-0.554454505443573,0.9468480348587036
19,target,30,-0.2890157401561737,-0.5753127932548523,0.9235620498657227
19,target,31,-0.32090628147125244,-0.5255164504051208,0.934969425201416
19,target,32,-0.3231525421142578,-0.5448583364486694,0.9386069178581238
19,target,33,-0.3203272819519043,-0.5771887302398682,0.9427279829978943
19,target,34,-0.29173746705055237,-0.5861497521400452,0.924022376537323
19,target,35,-0.32591748237609863,-0.5739359855651855,0.9542846083641052
19,target,36,-0.3222833275794983,-0.5472182631492615,0.9400071501731873
19,target,37,-0.30734729766845703,-0.5715430378913879,0.9360734224319458
19,target,38,-0.3041112422943115,-0.5608260631561279,0.938428521156311
19,target,39,-0.31808120012283325,-0.578226625919342,0.9415562748908997
19,target,40,-0.3140287399291992,-0.5457591414451599,0.9557141661643982
19,target,41,-0.2868075966835022,-0.533877432346344,0.9320682287216187
19,target,42,-0.29513126611709595,-0.5655867457389832,0.9064762592315674
19,target,43,-0.2908872365951538,-0.5802615880966187,0.9041658043861389
19,target,44,-0.29603439569473267,-0.5784953832626343,0.9147158861160278
19,target,45,-0.3064565062522888,-0.572129487991333,0.9160987734794617
19,target,46,-0.24293693900108337,-0.6645641922950745,0.9615211486816406
19,target,47,-0.23137758672237396,-0.6297751665115356,0.9214186668395996
19,target,48,-0.23415769636631012,-0.6117168664932251,0.9366387724876404
19,target,49,-0.23989342153072357,-0.65057373046875,0.9667036533355713
19,target,50,-0.27000585198402405,-0.5890039205551147,0.9642592668533325
19,target,51,-0.2963925004005432,-0.5797978043556213,0.9540266990661621
19,target,52,-0.2810260057449341,-0.5897120237350464,0.9362239241600037
19,target,53,-0.28824618458747864,-0.5824750065803528,0.9409762024879456
19,target,54,-0.28997957706451416,-0.5653222799301147,0.9588479995727539
19,target,55,-0.2607875466346741,-0.5712361931800842,0.935888946056366
19,target,56,-0.2576003968715668,-0.5895599722862244,0.9333892464637756
19,target,57,-0.2690059244632721,-0.5864031314849854,0.9352691173553467
19,target,58,-0.27368026971817017,-0.5685665011405945,0.9273654222488403
19,target,59,-0.2723761200904846,-0.5895276069641113,0.936166524887085
19,target,60,-0.27665477991104126,-0.5980769395828247,0.9308781027793884
19,target,61,-0.2734444737434387,-0.6009573936462402,0.9422487020492554
19,target,62,-0.2870813012123108,-0.605853796005249,0.9295974969863892
19,target,63,-0.26660096645355225,-0.6075118184089661,0.9251572489738464
20,source,0,-0.3099099397659302,-0.5644060969352722,0.9512600898742676
20,source,1,-0.3046862483024597,-0.569849967956543,0.9464482665061951
20,source,2,-0.3113260865211487,-0.5647154450416565,0.9392600059509277
20,source,3,-0.31117087602615356,-0.5765465497970581,0.9383266568183899
20,source,4,-0.3119310736656189,-0.572685956954956,0.9511654376983643
20,source,5,-0.31264251470565796,-0.5791959762573242,0.9478169679641724
20,source,6,-0.31045639514923096,-0.5798816680908203,0.9474825859069824
20,source,7,-0.30347687005996704,-0.5786420702934265,0.943106472492218
20,source,8,-0.3084198236465454,-0.5804006457328796,0.94597989320755
20,source,9,-0.311981737613678,-0.5788186192512512,0.9451587200164795
20,source,10,-0.303429514169693,-0.552614152431488,0.9491743445396423
20,source,11,-0.3132812976837158,-0.5715151429176331,0.9430110454559326
20,source,12,-0.3078179359436035,-0.5581168532371521,0.9418848752975464
20,source,13,-0.30832207202911377,-0.5661340355873108,0.9321920871734619
20,source,14,-0.2935033142566681,-0.5696980953216553,0.9318902492523193
20,source,15,-0.3049962520599365,-0.5590564012527466,0.9600574374198914
20,source,16,-0.29688745737075806,-0.5725696682929993,0.9444940686225891
20,source,17,-0.30128276348114014,-0.5560129284858704,0.9397437572479248
20,source,18,-0.30165064334869385,-0.5621771812438965,0.9437617063522339
20,source,19,-0.3076578378677368,-0.5657161474227905,0.9503231048583984
20,source,20,-0.30395233631134033,-0.5722973942756653,0.9311618804931641
20,source,21,-0.29924553632736206,-0.5493374466896057,0.9369237422943115
20,source,22,-0.2986908555030823,-0.5640462040901184,0.9345898628234863
20,source,23,-0.29660969972610474,-0.567311704158783,0.9422932267189026
20,source,24,-0.3007148206233978,-0.5685420632362366,0.9455835819244385
20,source,25,-0.29989928007125854,-0.564119815826416,0.9540159702301025
20,source,26,-0.30316197872161865,-0.5608929991722107,0.9432412981987
20,source,27,-0.2993810772895813,-0.5459644794464111,0.9431514143943787
20,source,28,-0.3004155457019806,-0.5323783755302429,0.9533048868179321
20,source,29,-0.31198203563690186,-0.5655028223991394,0.9489044547080994
20,source,30,-0.315376877784729,-0.5727056264877319,0.9397149085998535
20,source,31,-0.3123607635498047,-0.5642588138580322,0.9424537420272827
20,source,32,-0.31086599826812744,-0.565011203289032,0.9435039758682251
20,source,33,-0.3070557117462158,-0.5802626609802246,0.9447987675666809
20,source,34,-0.32006406784057617,-0.5776029825210571,0.9485816955566406
20,source,35,-0.30727440118789673,-0.552482008934021,0.9546343088150024
20,source,36,-0.2978890836238861,-0.5571606755256653,0.9414749145507812
20,source,37,-0.31051892042160034,-0.5673124194145203,0.9542730450630188
20,source,38,-0.30106720328330994,-0.5723028779029846,0.9505135416984558
20,source,39,-0.3038761615753174,-0.5703662037849426,0.9456433057785034
20,source,40,-0.30298158526420593,-0.5742424130439758,0.9563912153244019
20,source,41,-0.3073576092720032,-0.5728080868721008,0.9380937814712524
20,source,42,-0.3006499409675598,-0.5782749652862549,0.9378042817115784
20,source,43,-0.30672311782836914,-0.5709948539733887,0.945886492729187
20,source,44,-0.3022342920303345,-0.5564039349555969,0.9322801232337952
20,source,45,-0.303946316242218,-0.5628620982170105,0.9384993314743042
20,source,46,-0.3005128502845764,-0.5692397952079773,0.9344911575317383
20,source,47,-0.3140915632247925,-0.5688945055007935,0.9490311145782471
20,source,48,-0.3082178235054016,-0.5789636373519897,0.9297824501991272
20,source,49,-0.30900096893310547,-0.5661418437957764,0.9524837732315063
20,source,50,-0.3205951452255249,-0.5669379234313965,0.956727921962738
20,source,51,-0.3178378939628601,-0.5692492127418518,0.9373370409011841
20,source,52,-0.3328281044960022,-0.555947482585907,0.9481979012489319
20,source,53,-0.324665904045105,-0.5690280199050903,0.9341342449188232
20,source,54,-0.32577425241470337,-0.5552868843078613,0.9386312961578369
20,source,55,-0.3272530436515808,-0.5717488527297974,0.9441701769828796
20,source,56,-0.32346659898757935,-0.5776413083076477,0.9396966695785522
20,source,57,-0.3170061707496643,-0.574959933757782,0.9334232807159424
20,source,58,-0.32012730836868286,-0.5727102160453796,0.9466063380241394
20,source,59,-0.32639753818511963,-0.5716575980186462,0.9421114325523376
20,source,60,-0.32434511184692383,-0.5462911128997803,0.9392841458320618
20,source,61,-0.338986873626709,-0.5662723779678345,0.9393103122711182
20,source,62,-0.3248688578605652,-0.5572332143783569,0.9403491020202637
20,source,63,-0.323108971118927,-0.5601813197135925,0.9307644367218018
20,target,0,-0.2664163112640381,-0.5820307731628418,0.9320715069770813
20,target,1,-0.3108668923377991,-0.5747254490852356,0.9526196122169495
20,target,2,-0.3015868067741394,-0.5818599462509155,0.9268283843994141
20,target,3,-0.2825561761856079,-0.5980865359306335,0.9277604818344116
20,target,4,-0.30777817964553833,-0.5487148761749268,0.9466531276702881
20,target,5,-0.32951444387435913,-0.5014124512672424,0.9615375995635986
20,target,6,-0.34085512161254883,-0.5284028053283691,0.9567311406135559
20,target,7,-0.31219810247421265,-0.5242177844047546,0.9440009593963623
20,target,8,-0.3144957423210144,-0.5391679406166077,0.9378235936164856
20,target,9,-0.298703134059906,-0.5288492441177368,0.9379207491874695
20,target,10,-0.28684481978416443,-0.5106492638587952,0.936055600643158
20,target,11,-0.3166009187698364,-0.5111976861953735,0.9576185345649719
20,target,12,-0.308813214302063,-0.5173311233520508,0.932794451713562
20,target,13,-0.2744089365005493,-0.5500615239143372,0.9492579698562622
20,target,14,-0.29217371344566345,-0.5400275588035583,0.9506680369377136
20,target,15,-0.2853524684906006,-0.5623431205749512,0.9413473010063171
20,target,16,-0.28929153084754944,-0.5692068338394165,0.9393194913864136
20,target,17,-0.3223203420639038,-0.528156578540802,0.9436717629432678
20,target,18,-0.3487998843193054,-0.5258532762527466,0.9571897387504578
20,target,19,-0.3157186508178711,-0.541033923625946,0.9210766553878784
20,target,20,-0.3461107611656189,-0.5214683413505554,0.9681571125984192
20,target,21,-0.3431418538093567,-0.5239382386207581,0.9609777331352234
20,target,22,-0.3208732008934021,-0.5046805143356323,0.9381742477416992
20,target,23,-0.29073646664619446,-0.5377493500709534,0.9209877848625183
20,target,24,-0.32606589794158936,-0.5333327054977417,0.9515421986579895
20,target,25,-0.2999621629714966,-0.5657876133918762,0.9430842399597168
20,target,26,-0.3079066872596741,-0.555740475654602,0.9389514923095703
20,target,27,-0.2982042729854584,-0.5534893870353699,0.9205725193023682
20,target,28,-0.3242676854133606,-0.5689163208007812,0.9465770721435547
20,target,29,-0.3016703724861145,-0.5543991923332214,0.9538121819496155
20,target,30,-0.29490116238594055,-0.5680081844329834,0.9444491267204285
20,target,31,-0.31580567359924316,-0.5360207557678223,0.9376846551895142
20,target,32,-0.3145313262939453,-0.5408902168273926,0.9398511648178101
20,target,33,-0.3281254172325134,-0.55213463306427,0.9422317147254944
20,target,34,-0.3011930286884308,-0.5735839009284973,0.927689254283905
20,target,35,-0.3383774757385254,-0.5327134728431702,0.9504567384719849
20,target,36,-0.32716917991638184,-0.5614678859710693,0.9433122277259827
20,target,37,-0.3189840316772461,-0.5428816676139832,0.9335389733314514
20,target,38,-0.3175782561302185,-0.543191134929657,0.9386798143386841
20,target,39,-0.3237508535385132,-0.5660021901130676,0.9330970048904419
20,target,40,-0.32701706886291504,-0.5472168922424316,0.9529152512550354
20,target,41,-0.3055018186569214,-0.5210645794868469,0.9332761168479919
20,target,42,-0.30695950984954834,-0.5659213066101074,0.9133979678153992
20,target,43,-0.30912840366363525,-0.5707476139068604,0.9197471737861633
20,target,44,-0.31308919191360474,-0.5646146535873413,0.9314112663269043
20,target,45,-0.32547128200531006,-0.5615610480308533,0.9362576007843018
20,target,46,-0.2569674849510193,-0.6351579427719116,0.9807360768318176
20,target,47,-0.24316628277301788,-0.610087513923645,0.9333407282829285
20,target,48,-0.24122720956802368,-0.5975231528282166,0.941479504108429
20,target,49,-0.2391720712184906,-0.633459210395813,0.9752067923545837
20,target,50,-0.2963274121284485,-0.5810718536376953,0.9908818602561951
20,target,51,-0.2955382764339447,-0.5726194381713867,0.9565680027008057
20,target,52,-0.28421729803085327,-0.577773928642273,0.9477242827415466
20,target,53,-0.2882918119430542,-0.5852751731872559,0.9491032361984253
20,target,54,-0.2875092923641205,-0.5578863620758057,0.9566879868507385
20,target,55,-0.26648879051208496,-0.5700260400772095,0.9520611763000488
20,target,56,-0.2540241777896881,-0.5849323868751526,0.9340895414352417
20,target,57,-0.2645702660083771,-0.58030766248703,0.9349658489227295
20,target,58,-0.2726554870605469,-0.5678883194923401,0.9311460852622986
20,target,59,-0.26286059617996216,-0.5872960686683655,0.941071093082428
20,target,60,-0.2743821442127228,-0.5863726139068604,0.9366768002510071
20,target,61,-0.28165170550346375,-0.5849266648292542,0.9488654136657715
20,target,62,-0.29111915826797485,-0.5834852457046509,0.9346319437026978
20,target,63,-0.2648290693759918,-0.5979573726654053,0.9208748936653137
21,source,0,-0.3047827482223511,-0.5705438256263733,0.9439630508422852
21,source,1,-0.3059130907058716,-0.5808242559432983,0.9424629211425781
21,source,2,-0.3085813522338867,-0.5698777437210083,0.9344767332077026
21,source,3,-0.3089441657066345,-0.5775675773620605,0.9324225187301636
21,source,4,-0.30943459272384644,-0.5825556516647339,0.9456056356430054
21,source,5,-0.3116825222969055,-0.586779773235321,0.942491352558136
21,source,6,-0.3112639784812927,-0.5852731466293335,0.9450526237487793
21,source,7,-0.30957162380218506,-0.5848472118377686,0.9427948594093323
21,source,8,-0.3108402490615845,-0.5810661315917969,0.9439249634742737
21,source,9,-0.3128456473350525,-0.5798821449279785,0.9391791224479675
21,source,10,-0.3065090775489807,-0.5638157725334167,0.9455618858337402
21,source,11,-0.3106939196586609,-0.5716829299926758,0.936577558517456
21,source,12,-0.31519615650177,-0.5582333207130432,0.944756805896759
21,source,13,-0.3037937879562378,-0.5672330856323242,0.9298215508460999
21,source,14,-0.2906646132469177,-0.5705031156539917,0.9243897795677185
21,source,15,-0.3039964437484741,-0.5741801261901855,0.9522582292556763
21,source,16,-0.2991088330745697,-0.5739342570304871,0.9372006058692932
21,source,17,-0.30135759711265564,-0.5596747398376465,0.9367687702178955
21,source,18,-0.30151912569999695,-0.5653380155563354,0.9409157037734985
21,source,19,-0.312203586101532,-0.5708422660827637,0.947099506855011
21,source,20,-0.30762964487075806,-0.5662252902984619,0.9337285161018372
21,source,21,-0.2974524199962616,-0.5623371005058289,0.9386240243911743
21,source,22,-0.29820841550827026,-0.5705792903900146,0.9327054023742676
21,source,23,-0.29511505365371704,-0.5715410113334656,0.9365370869636536
21,source,24,-0.29885852336883545,-0.575628399848938,0.9381294846534729
21,source,25,-0.3024110198020935,-0.5752464532852173,0.9503754377365112
21,source,26,-0.30534827709198,-0.5678143501281738,0.944216251373291
21,source,27,-0.2992058992385864,-0.5517404675483704,0.9423485994338989
21,source,28,-0.3036085367202759,-0.5448402762413025,0.9483071565628052
21,source,29,-0.3153259754180908,-0.5671135187149048,0.9483727812767029
21,source,30,-0.3151417374610901,-0.5748603940010071,0.9389558434486389
21,source,31,-0.3138430714607239,-0.5675146579742432,0.9394446015357971
21,source,32,-0.3127745985984802,-0.5714834332466125,0.9385113716125488
21,source,33,-0.3128982186317444,-0.5813764333724976,0.9422729015350342
21,source,34,-0.3165338635444641,-0.5780800580978394,0.9401595592498779
21,source,35,-0.312893807888031,-0.555221676826477,0.9524911642074585
21,source,36,-0.30142641067504883,-0.5559551119804382,0.9362751841545105
21,source,37,-0.30941474437713623,-0.5765620470046997,0.9459304213523865
21,source,38,-0.29948562383651733,-0.5795127153396606,0.9447703957557678
21,source,39,-0.3048122823238373,-0.5719844102859497,0.9389375448226929
21,source,40,-0.31407082080841064,-0.5761083960533142,0.9552801251411438
21,source,41,-0.3099498152732849,-0.5737223625183105,0.9381755590438843
21,source,42,-0.30288809537887573,-0.5770016312599182,0.937739908695221
21,source,43,-0.31252020597457886,-0.5709519386291504,0.9498422145843506
21,source,44,-0.3021879494190216,-0.5621399283409119,0.9339503049850464
21,source,45,-0.30807191133499146,-0.5677777528762817,0.9421610236167908
21,source,46,-0.3056010603904724,-0.5692046284675598,0.9377495050430298
21,source,47,-0.31428247690200806,-0.5706565380096436,0.9424590468406677
21,source,48,-0.30473780632019043,-0.5790011882781982,0.9261599779129028
21,source,49,-0.3139994740486145,-0.5736185908317566,0.9499410390853882
21,source,50,-0.3106535077095032,-0.567907989025116,0.9561732411384583
21,source,51,-0.31365692615509033,-0.5763381719589233,0.951500654220581
21,source,52,-0.31633061170578003,-0.5730552077293396,0.9527626633644104
21,source,53,-0.31738126277923584,-0.5837047696113586,0.9393830895423889
21,source,54,-0.31234925985336304,-0.5777613520622253,0.9514586329460144
21,source,55,-0.3149402141571045,-0.5874886512756348,0.9520848989486694
21,source,56,-0.31623172760009766,-0.5844197869300842,0.9539616703987122
21,source,57,-0.3118007183074951,-0.5865746140480042,0.9479954242706299
21,source,58,-0.3157072067260742,-0.5830705761909485,0.9597986340522766
21,source,59,-0.3188270330429077,-0.5812707543373108,0.9549766778945923
21,source,60,-0.31245601177215576,-0.5624594688415527,0.9522308707237244
21,source,61,-0.32813799381256104,-0.5702623724937439,0.9498878121376038
21,source,62,-0.32109153270721436,-0.554542064666748,0.9587881565093994
21,source,63,-0.30871474742889404,-0.5691976547241211,0.9484807848930359
21,target,0,-0.2517964243888855,-0.6001952886581421,0.9273771047592163
21,target,1,-0.3065057396888733,-0.5837557315826416,0.952802300453186
21,target,2,-0.3147394061088562,-0.5796434879302979,0.9346628785133362
21,target,3,-0.2786676585674286,-0.6030612587928772,0.9214119911193848
21,target,4,-0.29534125328063965,-0.5638074278831482,0.9343732595443726
21,target,5,-0.3243042826652527,-0.502979040145874,0.9687855243682861
21,target,6,-0.3381779193878174,-0.5281204581260681,0.9646378755569458
21,target,7,-0.31646716594696045,-0.5231147408485413,0.9603991508483887
21,target,8,-0.32094883918762207,-0.5352370142936707,0.9520911574363708
21,target,9,-0.28956106305122375,-0.5481486916542053,0.935802161693573
21,target,10,-0.2766919732093811,-0.5386225581169128,0.9351832270622253
21,target,11,-0.3075713515281677,-0.5134687423706055,0.9500595331192017
21,target,12,-0.28940680623054504,-0.5285742878913879,0.9287031292915344
21,target,13,-0.27410879731178284,-0.5655693411827087,0.9500761032104492
21,target,14,-0.2847449779510498,-0.5627070665359497,0.9449988603591919
21,target,15,-0.2930672764778137,-0.5692579746246338,0.9347796440124512
21,target,16,-0.29983988404273987,-0.5827365517616272,0.9305997490882874
21,target,17,-0.31311023235321045,-0.538876473903656,0.9536064267158508
21,target,18,-0.3338267207145691,-0.5335052609443665,0.966687023639679
21,target,19,-0.3094460368156433,-0.5629488229751587,0.9519942402839661
21,target,20,-0.32504701614379883,-0.5336381793022156,0.9672038555145264
21,target,21,-0.33521705865859985,-0.521968424320221,0.9664547443389893
21,target,22,-0.3069996237754822,-0.5263084769248962,0.9491316080093384
21,target,23,-0.28133541345596313,-0.5651986598968506,0.9291067719459534
21,target,24,-0.3145085573196411,-0.5416589379310608,0.9580714106559753
21,target,25,-0.3049919605255127,-0.5875213146209717,0.9400906562805176
21,target,26,-0.29561471939086914,-0.5722247362136841,0.9312341809272766
21,target,27,-0.3094824552536011,-0.5713484883308411,0.9290933012962341
21,target,28,-0.3320963382720947,-0.5982498526573181,0.9503458142280579
21,target,29,-0.2884359359741211,-0.5700469017028809,0.9498322010040283
21,target,30,-0.2981064021587372,-0.5637109279632568,0.9442217946052551
21,target,31,-0.3122550845146179,-0.5515626668930054,0.9466606378555298
21,target,32,-0.30383163690567017,-0.554417610168457,0.9364104270935059
21,target,33,-0.32278716564178467,-0.5628722906112671,0.9359673857688904
21,target,34,-0.2976921498775482,-0.5822126269340515,0.922410786151886
21,target,35,-0.3265327215194702,-0.5511460304260254,0.9404524564743042
21,target,36,-0.32078105211257935,-0.565015971660614,0.9480845332145691
21,target,37,-0.3034942150115967,-0.5562357902526855,0.931124746799469
21,target,38,-0.3036724030971527,-0.5656429529190063,0.9340901970863342
21,target,39,-0.3146527409553528,-0.5693311095237732,0.9365427494049072
21,target,40,-0.30062562227249146,-0.5599599480628967,0.9498480558395386
21,target,41,-0.2880004942417145,-0.5407409071922302,0.9438900947570801
21,target,42,-0.3041993975639343,-0.5744422674179077,0.9287274479866028
21,target,43,-0.29967767000198364,-0.577116847038269,0.9270486831665039
21,target,44,-0.30548059940338135,-0.5731800198554993,0.9289577007293701
21,target,45,-0.3104340434074402,-0.5696064233779907,0.9328638911247253
21,target,46,-0.2628301978111267,-0.6332680583000183,0.978790819644928
21,target,47,-0.23318614065647125,-0.6236916184425354,0.9266995191574097
21,target,48,-0.21914401650428772,-0.6172422766685486,0.9302634596824646
21,target,49,-0.2550121545791626,-0.6236115097999573,0.983767032623291
21,target,50,-0.2941988706588745,-0.588543176651001,0.9919350743293762
21,target,51,-0.28360503911972046,-0.590544581413269,0.9464946389198303
21,target,52,-0.2742585241794586,-0.5894250869750977,0.9431027173995972
21,target,53,-0.27125221490859985,-0.597690999507904,0.9419642686843872
21,target,54,-0.2690388560295105,-0.5868024230003357,0.937113344669342
21,target,55,-0.23988351225852966,-0.5952584147453308,0.9317003488540649
21,target,56,-0.23214082419872284,-0.6034979224205017,0.9268932342529297
21,target,57,-0.2562200427055359,-0.5965929627418518,0.9339814186096191
21,target,58,-0.25994542241096497,-0.588818371295929,0.9333330392837524
21,target,59,-0.258884072303772,-0.5993064045906067,0.9365760684013367
21,target,60,-0.2669711112976074,-0.598039448261261,0.9368880391120911
21,target,61,-0.2630341053009033,-0.6006130576133728,0.9407482147216797
21,target,62,-0.28572410345077515,-0.5914772152900696,0.9345204830169678
21,target,63,-0.2505972385406494,-0.6073634028434753,0.9204179048538208
22,source,0,-0.2995777130126953,-0.5795488953590393,0.9410292506217957
22,source,1,-0.302076518535614,-0.5851882696151733,0.9445980787277222
22,source,2,-0.3054957389831543,-0.5823674201965332,0.9342456459999084
22,source,3,-0.3073430061340332,-0.5984680652618408,0.9260551333427429
22,source,4,-0.3136221170425415,-0.5896685123443604,0.9437824487686157
22,source,5,-0.31473004817962646,-0.5941535234451294,0.9382656812667847
22,source,6,-0.3096768856048584,-0.5918720364570618,0.9332325458526611
22,source,7,-0.3051586151123047,-0.5929871201515198,0.929239809513092
22,source,8,-0.31185489892959595,-0.5895691514015198,0.9324699640274048
22,source,9,-0.31118321418762207,-0.5865604281425476,0.9329620003700256
22,source,10,-0.3057482838630676,-0.5767310857772827,0.9460522532463074
22,source,11,-0.3099561929702759,-0.5892620086669922,0.9318498373031616
22,source,12,-0.3026614785194397,-0.5840136408805847,0.9325286746025085
22,source,13,-0.29997387528419495,-0.5865162014961243,0.921491265296936
22,source,14,-0.29270100593566895,-0.5848132967948914,0.9303401708602905
22,source,15,-0.30442413687705994,-0.5782178044319153,0.9565821290016174
22,source,16,-0.2971365451812744,-0.5880467295646667,0.9372432827949524
22,source,17,-0.29613226652145386,-0.5766444206237793,0.9409909248352051
22,source,18,-0.296767920255661,-0.5825000405311584,0.940875768661499
22,source,19,-0.30981290340423584,-0.584812581539154,0.944843590259552
22,source,20,-0.300544798374176,-0.5930157899856567,0.927075982093811
22,source,21,-0.2978648841381073,-0.5769588351249695,0.9418054819107056
22,source,22,-0.2974786162376404,-0.5807591080665588,0.9357483983039856
22,source,23,-0.29445624351501465,-0.5804767608642578,0.9445971250534058
22,source,24,-0.29766011238098145,-0.5800034403800964,0.9469319581985474
22,source,25,-0.3012523651123047,-0.5736552476882935,0.9594836235046387
22,source,26,-0.30396389961242676,-0.5826938152313232,0.946373462677002
22,source,27,-0.2915368676185608,-0.5720295906066895,0.9352949857711792
22,source,28,-0.2943229675292969,-0.5588590502738953,0.9506742358207703
22,source,29,-0.31242358684539795,-0.5821465849876404,0.9450399875640869
22,source,30,-0.3128272294998169,-0.589728057384491,0.9319226145744324
22,source,31,-0.3122354745864868,-0.5772961378097534,0.9356744289398193
22,source,32,-0.3089042901992798,-0.5850070118904114,0.9337723255157471
22,source,33,-0.30927878618240356,-0.5885522961616516,0.9351045489311218
22,source,34,-0.3167571425437927,-0.582511305809021,0.9452536106109619
22,source,35,-0.2999430298805237,-0.5696834325790405,0.9460536241531372
22,source,36,-0.28770673274993896,-0.5780853629112244,0.9311618208885193
22,source,37,-0.3110197186470032,-0.5818709135055542,0.958167552947998
22,source,38,-0.2946511507034302,-0.5862523913383484,0.941870927810669
22,source,39,-0.302264928817749,-0.5822933316230774,0.9446609020233154
22,source,40,-0.3060529828071594,-0.5864870548248291,0.948117196559906
22,source,41,-0.30498021841049194,-0.5907286405563354,0.9327601194381714
22,source,42,-0.29795822501182556,-0.5897727012634277,0.9322142004966736
22,source,43,-0.3021268844604492,-0.5900832414627075,0.9338487386703491
22,source,44,-0.29795873165130615,-0.5849202871322632,0.9288680553436279
22,source,45,-0.29808661341667175,-0.5916524529457092,0.9330542087554932
22,source,46,-0.2979665994644165,-0.5877479910850525,0.9325152039527893
22,source,47,-0.3139953017234802,-0.5751932263374329,0.9422860145568848
22,source,48,-0.30217069387435913,-0.6020351052284241,0.9168627262115479
22,source,49,-0.31136906147003174,-0.5856510400772095,0.9437501430511475
22,source,50,-0.31968599557876587,-0.5780385136604309,0.9518010020256042
22,source,51,-0.31644749641418457,-0.5813344717025757,0.9479750394821167
22,source,52,-0.3235824704170227,-0.5745861530303955,0.9531531929969788
22,source,53,-0.3186856508255005,-0.5918407440185547,0.9325122237205505
22,source,54,-0.3217880129814148,-0.5766328573226929,0.9576206207275391
22,source,55,-0.3303436040878296,-0.5921007394790649,0.9524887800216675
22,source,56,-0.32591092586517334,-0.5937519669532776,0.9462793469429016
22,source,57,-0.32497096061706543,-0.5941864252090454,0.9403744339942932
22,source,58,-0.32043182849884033,-0.5813371539115906,0.9522857666015625
22,source,59,-0.32237863540649414,-0.5912395715713501,0.9460462331771851
22,source,60,-0.312183678150177,-0.5696423053741455,0.9487414956092834
22,source,61,-0.3251837491989136,-0.5835046768188477,0.9368029832839966
22,source,62,-0.3137446641921997,-0.5799401998519897,0.9419652223587036
22,source,63,-0.3039831817150116,-0.5835115313529968,0.9293586015701294
22,target,0,-0.2619836926460266,-0.5958698987960815,0.9207188487052917
22,target,1,-0.3203566074371338,-0.5850593447685242,0.9432114958763123
22,target,2,-0.30527180433273315,-0.6012253761291504,0.9181560277938843
22,target,3,-0.2920045852661133,-0.5993507504463196,0.9187716841697693
22,target,4,-0.30953747034072876,-0.5677304267883301,0.9305062890052795
22,target,5,-0.3295309543609619,-0.5248286128044128,0.9522124528884888
22,target,6,-0.3425065875053406,-0.5265774726867676,0.9566265940666199
22,target,7,-0.3158082365989685,-0.5135630965232849,0.9580575227737427
22,target,8,-0.31975245475769043,-0.527338981628418,0.9512004852294922
22,target,9,-0.30406445264816284,-0.5408177375793457,0.9416793584823608
22,target,10,-0.2994641065597534,-0.5367465019226074,0.9442256093025208
22,target,11,-0.33217036724090576,-0.5219919681549072,0.9637394547462463
22,target,12,-0.3111612796783447,-0.5389869213104248,0.9327765703201294
22,target,13,-0.28560417890548706,-0.5636535286903381,0.9428513050079346
22,target,14,-0.29737305641174316,-0.5604522824287415,0.9427504539489746
22,target,15,-0.2926887273788452,-0.5742835998535156,0.9314141273498535
22,target,16,-0.2961859107017517,-0.5870246887207031,0.9291250705718994
22,target,17,-0.3221691846847534,-0.541617751121521,0.9509403705596924
22,target,18,-0.3338119387626648,-0.5453764200210571,0.9417411088943481
22,target,19,-0.31687217950820923,-0.5654590129852295,0.9428451061248779
22,target,20,-0.3398984670639038,-0.5405067205429077,0.9584838151931763
22,target,21,-0.34470486640930176,-0.5177923440933228,0.9655645489692688
22,target,22,-0.31058192253112793,-0.5439385771751404,0.93461012840271
22,target,23,-0.29119575023651123,-0.5535898804664612,0.9340883493423462
22,target,24,-0.3198966383934021,-0.5438402891159058,0.9486066699028015
22,target,25,-0.3043087124824524,-0.5836871266365051,0.9312952756881714
22,target,26,-0.3155800700187683,-0.5706031322479248,0.9361629486083984
22,target,27,-0.30584806203842163,-0.5797137022018433,0.9323639273643494
22,target,28,-0.30877751111984253,-0.6029865145683289,0.9369993805885315
22,target,29,-0.29844731092453003,-0.5762785077095032,0.9391117095947266
22,target,30,-0.2919045686721802,-0.5950284004211426,0.9389657378196716
22,target,31,-0.307381272315979,-0.5608124732971191,0.9240180850028992
22,target,32,-0.31030410528182983,-0.5654618144035339,0.9314086437225342
22,target,33,-0.3119314908981323,-0.5719906091690063,0.9269696474075317
22,target,34,-0.2933814525604248,-0.5776107311248779,0.9155380725860596
22,target,35,-0.31323885917663574,-0.5734261870384216,0.923826277256012
22,target,36,-0.3237072825431824,-0.5469686388969421,0.942132830619812
22,target,37,-0.29879409074783325,-0.5744875073432922,0.9219529628753662
22,target,38,-0.30682605504989624,-0.5480215549468994,0.9369596242904663
22,target,39,-0.3143082857131958,-0.5674911737442017,0.9320708513259888
22,target,40,-0.31019067764282227,-0.5578744411468506,0.9396492838859558
22,target,41,-0.296150803565979,-0.5453789234161377,0.9323327541351318
22,target,42,-0.2994747757911682,-0.583488404750824,0.9137492179870605
22,target,43,-0.2922884225845337,-0.5886591076850891,0.9211209416389465
22,target,44,-0.3030358552932739,-0.5855367183685303,0.921920657157898
22,target,45,-0.30864232778549194,-0.5782695412635803,0.9275944828987122
22,target,46,-0.26761022210121155,-0.6319730281829834,0.9589318037033081
22,target,47,-0.2528133988380432,-0.6208904385566711,0.9179980754852295
22,target,48,-0.24949564039707184,-0.6074597835540771,0.9260611534118652
22,target,49,-0.26023733615875244,-0.6259377002716064,0.9620264768600464
22,target,50,-0.30433908104896545,-0.5920355319976807,0.9781404137611389
22,target,51,-0.3017241954803467,-0.5897577404975891,0.9358035922050476
22,target,52,-0.2912263870239258,-0.5846403241157532,0.9354890584945679
22,target,53,-0.2964015603065491,-0.5940712094306946,0.9350312352180481
22,target,54,-0.2857755720615387,-0.582369863986969,0.9338967800140381
22,target,55,-0.2721216678619385,-0.5915905833244324,0.9294272065162659
22,target,56,-0.26285162568092346,-0.5967699289321899,0.925389289855957
22,target,57,-0.278597354888916,-0.5950726866722107,0.9337964057922363
22,target,58,-0.2799378037452698,-0.5876919627189636,0.9265149235725403
22,target,59,-0.2821965515613556,-0.594963550567627,0.9309197664260864
22,target,60,-0.2848632335662842,-0.5974507927894592,0.931817352771759
22,target,61,-0.27963024377822876,-0.5998538136482239,0.9347155094146729
22,target,62,-0.2834817171096802,-0.6006418466567993,0.9241230487823486
22,target,63,-0.2742340564727783,-0.6121439337730408,0.9211506843566895
23,source,0,-0.3040810823440552,-0.6207323670387268,0.9496769905090332
23,source,1,-0.3036014437675476,-0.625361979007721,0.9555620551109314
23,source,2,-0.3092222213745117,-0.6315480470657349,0.9497761726379395
23,source,3,-0.31216108798980713,-0.6389553546905518,0.9498710632324219
23,source,4,-0.31580471992492676,-0.6287798285484314,0.9580453038215637
23,source,5,-0.3134744167327881,-0.6363708972930908,0.9522112607955933
23,source,6,-0.3116028904914856,-0.6340485215187073,0.9512430429458618
23,source,7,-0.3094618320465088,-0.6361656785011292,0.9476660490036011
23,source,8,-0.3136115074157715,-0.6320185661315918,0.9512169361114502
23,source,9,-0.31329411268234253,-0.6300414800643921,0.9474115371704102
23,source,10,-0.31141722202301025,-0.628971517086029,0.9623095989227295
23,source,11,-0.3108893632888794,-0.6299340128898621,0.9485243558883667
23,source,12,-0.3106445074081421,-0.6208532452583313,0.9546041488647461
23,source,13,-0.31080108880996704,-0.6341040134429932,0.9498924612998962
23,source,14,-0.29895615577697754,-0.6302821040153503,0.9412328004837036
23,source,15,-0.3125614523887634,-0.6205182075500488,0.9710845947265625
23,source,16,-0.30151546001434326,-0.6321430206298828,0.9524853825569153
23,source,17,-0.3005290627479553,-0.6210156679153442,0.9507457613945007
23,source,18,-0.30061060190200806,-0.6248937249183655,0.9501653909683228
23,source,19,-0.313498854637146,-0.6203224658966064,0.9577957391738892
23,source,20,-0.3097277283668518,-0.6320480704307556,0.9468986988067627
23,source,21,-0.308006227016449,-0.6197525262832642,0.9554046392440796
23,source,22,-0.30435675382614136,-0.6223776936531067,0.944875955581665
23,source,23,-0.299433171749115,-0.6223921775817871,0.9517016410827637
23,source,24,-0.3063330054283142,-0.6224787831306458,0.9543792009353638
23,source,25,-0.3059389591217041,-0.6144176125526428,0.9658098220825195
23,source,26,-0.30987870693206787,-0.6262074708938599,0.9578794240951538
23,source,27,-0.2964625954627991,-0.6120628714561462,0.9489363431930542
23,source,28,-0.29930010437965393,-0.6029894351959229,0.9558442831039429
23,source,29,-0.32000213861465454,-0.6253330111503601,0.9647138714790344
23,source,30,-0.3164587616920471,-0.6324254274368286,0.9495486617088318
23,source,31,-0.31581878662109375,-0.619944155216217,0.9518576860427856
23,source,32,-0.31657254695892334,-0.6293941140174866,0.9493515491485596
23,source,33,-0.3147011995315552,-0.632969856262207,0.9529609084129333
23,source,34,-0.3152191638946533,-0.6260912418365479,0.9532013535499573
23,source,35,-0.2993606925010681,-0.6108171939849854,0.9539218544960022
23,source,36,-0.29808342456817627,-0.6236957311630249,0.9493526220321655
23,source,37,-0.31350648403167725,-0.6197519302368164,0.965796947479248
23,source,38,-0.30377423763275146,-0.6213405132293701,0.9540011882781982
23,source,39,-0.3092142939567566,-0.6234553456306458,0.9533880949020386
23,source,40,-0.3121079206466675,-0.6266182661056519,0.965149998664856
23,source,41,-0.3091270923614502,-0.63430255651474,0.9472999572753906
23,source,42,-0.3039241135120392,-0.6332475543022156,0.945597231388092
23,source,43,-0.31026917695999146,-0.6332108378410339,0.9550763964653015
23,source,44,-0.30335533618927,-0.6277147531509399,0.9495373368263245
23,source,45,-0.3061877489089966,-0.6321830153465271,0.9570538401603699
23,source,46,-0.30422714352607727,-0.6308912038803101,0.9487012028694153
23,source,47,-0.3166733980178833,-0.6207684278488159,0.9594019651412964
23,source,48,-0.3118745684623718,-0.6405733823776245,0.9469656944274902
23,source,49,-0.317125141620636,-0.6293717622756958,0.9681298732757568
23,source,50,-0.31496739387512207,-0.615466296672821,0.9662147760391235
23,source,51,-0.3123239278793335,-0.6164860129356384,0.9639953970909119
23,source,52,-0.32155942916870117,-0.6152418255805969,0.9676336646080017
23,source,53,-0.323062539100647,-0.6297916769981384,0.9638848304748535
23,source,54,-0.3209696412086487,-0.6064003109931946,0.9672278761863708
23,source,55,-0.3277050852775574,-0.6250321865081787,0.9668545722961426
23,source,56,-0.3248615264892578,-0.6273126602172852,0.9649799466133118
23,source,57,-0.32300424575805664,-0.6251254677772522,0.9607298374176025
23,source,58,-0.3183540105819702,-0.621513843536377,0.9701825380325317
23,source,59,-0.32210659980773926,-0.6234738826751709,0.9660044312477112
23,source,60,-0.3167027235031128,-0.6045279502868652,0.9643761515617371
23,source,61,-0.324329674243927,-0.6167294383049011,0.9603435397148132
23,source,62,-0.3180888891220093,-0.6105443835258484,0.9651806354522705
23,source,63,-0.31913745403289795,-0.6190428733825684,0.9585882425308228
23,target,0,-0.27194657921791077,-0.6263478994369507,0.943497359752655
23,target,1,-0.3052949905395508,-0.6111937165260315,0.9532307386398315
23,target,2,-0.3097909688949585,-0.6242518424987793,0.9468499422073364
23,target,3,-0.29613345861434937,-0.6349698901176453,0.9495021104812622
23,target,4,-0.3134787678718567,-0.599131166934967,0.95707106590271
23,target,5,-0.3122304677963257,-0.5392165184020996,0.9670290350914001
23,target,6,-0.3246018886566162,-0.5567417740821838,0.9655433297157288
23,target,7,-0.3086235523223877,-0.5440638661384583,0.9530150294303894
23,target,8,-0.31133055686950684,-0.5582155585289001,0.9494027495384216
23,target,9,-0.30873656272888184,-0.5747638940811157,0.9513304233551025
23,target,10,-0.2976059913635254,-0.5617607235908508,0.948480486869812
23,target,11,-0.3177916407585144,-0.5445994734764099,0.9619153738021851
23,target,12,-0.31243276596069336,-0.5693430304527283,0.9417831301689148
23,target,13,-0.28715813159942627,-0.588486909866333,0.9541135430335999
23,target,14,-0.2893872857093811,-0.5855357050895691,0.9502382278442383
23,target,15,-0.2955297827720642,-0.5998812913894653,0.9512661099433899
23,target,16,-0.3019036650657654,-0.6047278642654419,0.9501057267189026
23,target,17,-0.31508076190948486,-0.5646167993545532,0.9497389793395996
23,target,18,-0.31857389211654663,-0.5689459443092346,0.9504492878913879
23,target,19,-0.322224497795105,-0.5914753675460815,0.9545056223869324
23,target,20,-0.3210574984550476,-0.5725604295730591,0.9633762836456299
23,target,21,-0.33303505182266235,-0.5462339520454407,0.9684532880783081
23,target,22,-0.31010979413986206,-0.5600982904434204,0.9468620419502258
23,target,23,-0.29521089792251587,-0.5811578631401062,0.9381428956985474
23,target,24,-0.311404287815094,-0.5756938457489014,0.9528784155845642
23,target,25,-0.30763697624206543,-0.6144962310791016,0.9552121758460999
23,target,26,-0.3131973147392273,-0.6073452234268188,0.9525868892669678
23,target,27,-0.3061242699623108,-0.6082956194877625,0.9462098479270935
23,target,28,-0.31546735763549805,-0.6299682855606079,0.9608933925628662
23,target,29,-0.2895180583000183,-0.6124046444892883,0.9509915113449097
23,target,30,-0.29921525716781616,-0.632125735282898,0.9555399417877197
23,target,31,-0.31132131814956665,-0.5957197546958923,0.9444087147712708
23,target,32,-0.31729990243911743,-0.6058955788612366,0.9542990922927856
23,target,33,-0.31174755096435547,-0.6035671830177307,0.9487890005111694
23,target,34,-0.30940091609954834,-0.6172802448272705,0.9456708431243896
23,target,35,-0.3131411671638489,-0.6082000732421875,0.9439386129379272
23,target,36,-0.3056259751319885,-0.5843190550804138,0.9531046152114868
23,target,37,-0.3072401285171509,-0.6017653942108154,0.9458312392234802
23,target,38,-0.30807220935821533,-0.5955996513366699,0.9492324590682983
23,target,39,-0.3123224377632141,-0.6046642065048218,0.9495705366134644
23,target,40,-0.2993448078632355,-0.5905613899230957,0.9534406661987305
23,target,41,-0.29059576988220215,-0.5696256756782532,0.9377976655960083
23,target,42,-0.30962300300598145,-0.6243370771408081,0.9399007558822632
23,target,43,-0.3070645332336426,-0.6270838379859924,0.9477482438087463
23,target,44,-0.3124505877494812,-0.6349946856498718,0.9491826295852661
23,target,45,-0.3111737370491028,-0.6183362603187561,0.9448294043540955
23,target,46,-0.2761256694793701,-0.6644940376281738,0.9924762845039368
23,target,47,-0.2571555972099304,-0.647124707698822,0.9379584789276123
23,target,48,-0.25610214471817017,-0.6324882507324219,0.9457339644432068
23,target,49,-0.2666870355606079,-0.6638857126235962,0.9955940246582031
23,target,50,-0.30945444107055664,-0.6244555711746216,0.9812532663345337
23,target,51,-0.2998645305633545,-0.6243746280670166,0.9543964862823486
23,target,52,-0.2866070568561554,-0.6176947951316833,0.9519678354263306
23,target,53,-0.2854599952697754,-0.6242697834968567,0.9449650049209595
23,target,54,-0.29405784606933594,-0.6104196310043335,0.9550191164016724
23,target,55,-0.2777288854122162,-0.6239219903945923,0.9522932767868042
23,target,56,-0.2649543285369873,-0.6270465850830078,0.9405023455619812
23,target,57,-0.2722194194793701,-0.6224366426467896,0.9421453475952148
23,target,58,-0.2765715420246124,-0.6162168383598328,0.935981035232544
23,target,59,-0.276078462600708,-0.6228000521659851,0.9439890384674072
23,target,60,-0.28804802894592285,-0.626271665096283,0.9479742050170898
23,target,61,-0.2892889976501465,-0.6227571368217468,0.9580695629119873
23,target,62,-0.2968485355377197,-0.6363361477851868,0.9483279585838318
23,target,63,-0.2749483585357666,-0.6412973403930664,0.9368603229522705
24,source,0,-0.31787019968032837,-0.6038325428962708,0.966501772403717
24,source,1,-0.31887173652648926,-0.6087719798088074,0.9698238968849182
24,source,2,-0.3167516589164734,-0.6022599339485168,0.9503397941589355
24,source,3,-0.32667702436447144,-0.6126449704170227,0.9559687376022339
24,source,4,-0.32582229375839233,-0.6053570508956909,0.972971498966217
24,source,5,-0.3280785083770752,-0.6153639554977417,0.966675877571106
24,source,6,-0.32057517766952515,-0.6158718466758728,0.9668310880661011
24,source,7,-0.31345975399017334,-0.6124491095542908,0.9636142253875732
24,source,8,-0.3233431577682495,-0.6103248000144958,0.9639712572097778
24,source,9,-0.3200894594192505,-0.611469030380249,0.9593020081520081
24,source,10,-0.31944841146469116,-0.598835825920105,0.9647083282470703
24,source,11,-0.31940966844558716,-0.6106035709381104,0.9566224217414856
24,source,12,-0.3174012303352356,-0.6006541848182678,0.9660370349884033
24,source,13,-0.3184802532196045,-0.6118861436843872,0.951823890209198
24,source,14,-0.2995453476905823,-0.6055152416229248,0.9463565349578857
24,source,15,-0.3283504247665405,-0.6006819605827332,0.9822567701339722
24,source,16,-0.31311458349227905,-0.6064644455909729,0.9644283056259155
24,source,17,-0.3096804618835449,-0.5992905497550964,0.959519624710083
24,source,18,-0.3108881711959839,-0.6060085296630859,0.9581568837165833
24,source,19,-0.32113122940063477,-0.6041232943534851,0.9675532579421997
24,source,20,-0.31077075004577637,-0.6086537837982178,0.9440122246742249
24,source,21,-0.3098636865615845,-0.5997481346130371,0.9583663940429688
24,source,22,-0.30266034603118896,-0.6068689823150635,0.9496935606002808
24,source,23,-0.30636048316955566,-0.60726398229599,0.954487681388855
24,source,24,-0.3188854455947876,-0.603342592716217,0.9620046615600586
24,source,25,-0.30789536237716675,-0.5998052954673767,0.9692610502243042
24,source,26,-0.3195453882217407,-0.6045355796813965,0.9686781167984009
24,source,27,-0.30749058723449707,-0.5957193970680237,0.9659371972084045
24,source,28,-0.3086901903152466,-0.5843483805656433,0.9611349105834961
24,source,29,-0.3200950622558594,-0.6003304123878479,0.9643142819404602
24,source,30,-0.3232760429382324,-0.6103383898735046,0.955479621887207
24,source,31,-0.3199878931045532,-0.6051711440086365,0.9579892158508301
24,source,32,-0.3199755549430847,-0.6055957674980164,0.9555822014808655
24,source,33,-0.32592344284057617,-0.6087847352027893,0.9635408520698547
24,source,34,-0.32765907049179077,-0.6085473895072937,0.9641676545143127
24,source,35,-0.3091605305671692,-0.5942859053611755,0.9611496925354004
24,source,36,-0.3086732029914856,-0.6062538027763367,0.9591805338859558
24,source,37,-0.3257198929786682,-0.6073523163795471,0.9751086235046387
24,source,38,-0.31321287155151367,-0.6053799390792847,0.9673726558685303
24,source,39,-0.31920337677001953,-0.6066951155662537,0.9646244049072266
24,source,40,-0.3148989677429199,-0.6064342856407166,0.9748973846435547
24,source,41,-0.3133026957511902,-0.6114508509635925,0.954597532749176
24,source,42,-0.31166791915893555,-0.6088216304779053,0.9596792459487915
24,source,43,-0.31568479537963867,-0.6070064306259155,0.9617527723312378
24,source,44,-0.31416672468185425,-0.6028705835342407,0.9556419849395752
24,source,45,-0.31093817949295044,-0.6072072982788086,0.9575963020324707
24,source,46,-0.3177052140235901,-0.605797529220581,0.9591875076293945
24,source,47,-0.3262867331504822,-0.6077476739883423,0.9649364948272705
24,source,48,-0.3260878324508667,-0.6162664890289307,0.9518967866897583
24,source,49,-0.32390326261520386,-0.6031416654586792,0.9701393246650696
24,source,50,-0.34003371000289917,-0.6012764573097229,0.9819270372390747
24,source,51,-0.3400506377220154,-0.6071891188621521,0.9802960753440857
24,source,52,-0.3468171954154968,-0.6010428667068481,0.9761338233947754
24,source,53,-0.3523064851760864,-0.6120215654373169,0.9744623899459839
24,source,54,-0.34149014949798584,-0.5914328694343567,0.9775841236114502
24,source,55,-0.3564513921737671,-0.6103714108467102,0.9826664924621582
24,source,56,-0.34765875339508057,-0.6110674142837524,0.9763493537902832
24,source,57,-0.3432424068450928,-0.6077430844306946,0.9689257144927979
24,source,58,-0.3425098657608032,-0.6067583560943604,0.9794138073921204
24,source,59,-0.35055971145629883,-0.6108468770980835,0.9822310209274292
24,source,60,-0.3310732841491699,-0.5910359025001526,0.9772477746009827
24,source,61,-0.3529245853424072,-0.6103540658950806,0.9732034802436829
24,source,62,-0.3398718237876892,-0.5928783416748047,0.9714332818984985
24,source,63,-0.33385229110717773,-0.6004784107208252,0.9698835611343384
24,target,0,-0.2941197156906128,-0.6186196208000183,0.9759034514427185
24,target,1,-0.327675998210907,-0.6176175475120544,0.9748538732528687
24,target,2,-0.3360788822174072,-0.6166444420814514,0.9711890816688538
24,target,3,-0.30877548456192017,-0.6212688088417053,0.963699221611023
24,target,4,-0.3288165330886841,-0.5794451236724854,0.979263424873352
24,target,5,-0.3338747024536133,-0.545458197593689,0.9820544719696045
24,target,6,-0.3512006998062134,-0.5662482380867004,0.9793384671211243
24,target,7,-0.3135935664176941,-0.5572803020477295,0.9647239446640015
24,target,8,-0.3196764588356018,-0.5640262365341187,0.957588791847229
24,target,9,-0.3205133080482483,-0.5793560743331909,0.9742112159729004
24,target,10,-0.30470407009124756,-0.5641555786132812,0.9688525795936584
24,target,11,-0.32795023918151855,-0.5506840944290161,0.9837803840637207
24,target,12,-0.33007293939590454,-0.5716691613197327,0.9706814289093018
24,target,13,-0.2988972067832947,-0.5963829755783081,0.9798325896263123
24,target,14,-0.29993417859077454,-0.5899052023887634,0.9722869992256165
24,target,15,-0.30944275856018066,-0.5996934175491333,0.9678605794906616
24,target,16,-0.3169245719909668,-0.599398136138916,0.969921350479126
24,target,17,-0.32542330026626587,-0.5684570670127869,0.9704852104187012
24,target,18,-0.3393547534942627,-0.5796312093734741,0.9743471741676331
24,target,19,-0.3242637515068054,-0.5923514366149902,0.950596809387207
24,target,20,-0.3330006003379822,-0.5777549743652344,0.9812852144241333
24,target,21,-0.34888380765914917,-0.5539112091064453,0.9847321510314941
24,target,22,-0.31937795877456665,-0.56500244140625,0.9670507907867432
24,target,23,-0.3040006160736084,-0.5865363478660583,0.9526405930519104
24,target,24,-0.32725226879119873,-0.5773366093635559,0.9761883020401001
24,target,25,-0.3192380666732788,-0.611713171005249,0.9675464630126953
24,target,26,-0.3215145468711853,-0.602291464805603,0.9765030741691589
24,target,27,-0.31052666902542114,-0.6040278673171997,0.9626230001449585
24,target,28,-0.3383004069328308,-0.617556631565094,0.9793950319290161
24,target,29,-0.2982028126716614,-0.5945725440979004,0.9721373319625854
24,target,30,-0.31154561042785645,-0.5820643305778503,0.9796569347381592
24,target,31,-0.3172485828399658,-0.5831044912338257,0.955695390701294
24,target,32,-0.31996333599090576,-0.5911796689033508,0.9603878259658813
24,target,33,-0.3469509482383728,-0.6019760966300964,0.9813982248306274
24,target,34,-0.3250686526298523,-0.6031289100646973,0.9656503200531006
24,target,35,-0.3522924780845642,-0.5975835919380188,0.9875652194023132
24,target,36,-0.33606112003326416,-0.5853070020675659,0.9701453447341919
24,target,37,-0.3299350142478943,-0.5995874404907227,0.9723762273788452
24,target,38,-0.33345866203308105,-0.5852286219596863,0.9718962907791138
24,target,39,-0.3419967293739319,-0.6008903384208679,0.9766697287559509
24,target,40,-0.33198869228363037,-0.5930564999580383,0.9787570834159851
24,target,41,-0.30867069959640503,-0.5792959928512573,0.9614663124084473
24,target,42,-0.3167595863342285,-0.5984408259391785,0.9364914298057556
24,target,43,-0.304187148809433,-0.6056809425354004,0.9423521757125854
24,target,44,-0.31799954175949097,-0.6049290895462036,0.9488575458526611
24,target,45,-0.31756043434143066,-0.6016556620597839,0.9498302936553955
24,target,46,-0.2776321470737457,-0.6415265202522278,0.9995880126953125
24,target,47,-0.2740594744682312,-0.6398409008979797,0.9707534313201904
24,target,48,-0.26329928636550903,-0.6364611983299255,0.9744492769241333
24,target,49,-0.2642984092235565,-0.6333394050598145,0.9989417195320129
24,target,50,-0.32527559995651245,-0.6248494386672974,1.0083307027816772
24,target,51,-0.31757843494415283,-0.6158140301704407,0.9792785048484802
24,target,52,-0.2977904975414276,-0.6193906664848328,0.9752360582351685
24,target,53,-0.30834782123565674,-0.6231899261474609,0.974169135093689
24,target,54,-0.30112141370773315,-0.6106477379798889,0.9751138091087341
24,target,55,-0.2802141606807709,-0.622880756855011,0.9667988419532776
24,target,56,-0.2704501748085022,-0.6281918287277222,0.9668483734130859
24,target,57,-0.2859036922454834,-0.6241505742073059,0.9713659882545471
24,target,58,-0.2858085334300995,-0.6162277460098267,0.957830011844635
24,target,59,-0.28407907485961914,-0.6267932057380676,0.9710527658462524
24,target,60,-0.3064184784889221,-0.6280094981193542,0.9826346635818481
24,target,61,-0.298458456993103,-0.624126136302948,0.9879110455513
24,target,62,-0.3109116554260254,-0.6220819354057312,0.9809443950653076
24,target,63,-0.2904191017150879,-0.6351133584976196,0.9640424251556396
25,source,0,-0.31138962507247925,-0.616898238658905,0.9609853029251099
25,source,1,-0.30978548526763916,-0.6132881045341492,0.9629158973693848
25,source,2,-0.3056277930736542,-0.6190780401229858,0.9459577202796936
25,source,3,-0.30775588750839233,-0.6221694350242615,0.9469472169876099
25,source,4,-0.30457767844200134,-0.6231100559234619,0.9624331593513489
25,source,5,-0.3154755234718323,-0.6254028677940369,0.9602327942848206
25,source,6,-0.3132806420326233,-0.6260491609573364,0.9568079113960266
25,source,7,-0.308538556098938,-0.6304593086242676,0.9572187662124634
25,source,8,-0.3100792169570923,-0.6203818321228027,0.9592777490615845
25,source,9,-0.31127166748046875,-0.6202916502952576,0.955531656742096
25,source,10,-0.3081725835800171,-0.6134455800056458,0.9607342481613159
25,source,11,-0.31158018112182617,-0.6229342818260193,0.9513020515441895
25,source,12,-0.30891919136047363,-0.6127328276634216,0.9526116847991943
25,source,13,-0.3072059750556946,-0.6187540292739868,0.9459021687507629
25,source,14,-0.2952639162540436,-0.6202011704444885,0.9527933597564697
25,source,15,-0.30841463804244995,-0.6135134696960449,0.9768166542053223
25,source,16,-0.305061399936676,-0.6197163462638855,0.9566446542739868
25,source,17,-0.30169978737831116,-0.6112157702445984,0.9560174942016602
25,source,18,-0.306848406791687,-0.6169102191925049,0.9565593600273132
25,source,19,-0.3147341012954712,-0.6096280813217163,0.965145468711853
25,source,20,-0.30132073163986206,-0.6201576590538025,0.9413910508155823
25,source,21,-0.3005143404006958,-0.6122771501541138,0.960487961769104
25,source,22,-0.29600077867507935,-0.6171213388442993,0.9507719874382019
25,source,23,-0.30096936225891113,-0.614563524723053,0.958605945110321
25,source,24,-0.30695855617523193,-0.618517279624939,0.962327778339386
25,source,25,-0.3061578869819641,-0.6134404540061951,0.9706301093101501
25,source,26,-0.3058280348777771,-0.612260639667511,0.9648666381835938
25,source,27,-0.29698553681373596,-0.596757709980011,0.9563801884651184
25,source,28,-0.2935989201068878,-0.5926856398582458,0.9629663825035095
25,source,29,-0.3178591728210449,-0.6116200089454651,0.9667453169822693
25,source,30,-0.31322425603866577,-0.6241971254348755,0.9481510519981384
25,source,31,-0.30846089124679565,-0.613531768321991,0.9497802257537842
25,source,32,-0.3074880838394165,-0.6249122619628906,0.9521248936653137
25,source,33,-0.30960315465927124,-0.6223819255828857,0.9557995200157166
25,source,34,-0.315301775932312,-0.622148871421814,0.9575226902961731
25,source,35,-0.3023948073387146,-0.6060476303100586,0.9594237208366394
25,source,36,-0.30232834815979004,-0.6080417037010193,0.9537516832351685
25,source,37,-0.315071165561676,-0.6128075122833252,0.9761823415756226
25,source,38,-0.3054877817630768,-0.6134365797042847,0.9655004739761353
25,source,39,-0.3075563311576843,-0.6167751550674438,0.9622613787651062
25,source,40,-0.3133370280265808,-0.618076741695404,0.9705615043640137
25,source,41,-0.3080035448074341,-0.6208105683326721,0.9510856866836548
25,source,42,-0.3050658702850342,-0.6182416081428528,0.9532464742660522
25,source,43,-0.31166887283325195,-0.6170748472213745,0.9603838324546814
25,source,44,-0.2975185215473175,-0.6196634769439697,0.9499295353889465
25,source,45,-0.30693119764328003,-0.6229085922241211,0.9550480842590332
25,source,46,-0.3069269061088562,-0.6122519969940186,0.951850950717926
25,source,47,-0.3137407898902893,-0.6157522797584534,0.9620386362075806
25,source,48,-0.3061221241950989,-0.6286807060241699,0.9427403211593628
25,source,49,-0.312477171421051,-0.6136690378189087,0.9699835777282715
25,source,50,-0.31079113483428955,-0.6040899157524109,0.9755337834358215
25,source,51,-0.3130979537963867,-0.6035967469215393,0.9684719443321228
25,source,52,-0.3180818557739258,-0.6082062721252441,0.9782391786575317
25,source,53,-0.31980663537979126,-0.6176008582115173,0.9666476845741272
25,source,54,-0.31480830907821655,-0.6074719429016113,0.973232090473175
25,source,55,-0.3183528184890747,-0.6128570437431335,0.9661170244216919
25,source,56,-0.3135230541229248,-0.6110673546791077,0.9632460474967957
25,source,57,-0.3159630298614502,-0.6107397675514221,0.9617599844932556
25,source,58,-0.3113098740577698,-0.6086020469665527,0.9698823690414429
25,source,59,-0.31383633613586426,-0.6118195056915283,0.9693595170974731
25,source,60,-0.31608933210372925,-0.6080456972122192,0.9710301756858826
25,source,61,-0.3212777376174927,-0.6094846725463867,0.9655776023864746
25,source,62,-0.31807786226272583,-0.5946696996688843,0.9676339626312256
25,source,63,-0.3187939524650574,-0.6070858240127563,0.9629817008972168
25,target,0,-0.2638967037200928,-0.6175228953361511,0.9622028470039368
25,target,1,-0.31323766708374023,-0.6104972958564758,0.9864303469657898
25,target,2,-0.3134574890136719,-0.6196185350418091,0.9664261341094971
25,target,3,-0.29332587122917175,-0.624726414680481,0.9637938141822815
25,target,4,-0.3023296594619751,-0.5849013328552246,0.9621971845626831
25,target,5,-0.30814415216445923,-0.5284536480903625,0.9761024713516235
25,target,6,-0.3187597990036011,-0.5630311965942383,0.9752005934715271
25,target,7,-0.30024272203445435,-0.5531485080718994,0.965558648109436
25,target,8,-0.30917054414749146,-0.5708804726600647,0.9580863118171692
25,target,9,-0.2954215407371521,-0.5689669847488403,0.9645711183547974
25,target,10,-0.281549334526062,-0.5450618863105774,0.9526964426040649
25,target,11,-0.3043971061706543,-0.533027708530426,0.9680620431900024
25,target,12,-0.2924628257751465,-0.5497851371765137,0.9498778581619263
25,target,13,-0.27472132444381714,-0.589987576007843,0.9725582599639893
25,target,14,-0.2813361883163452,-0.5937832593917847,0.966754674911499
25,target,15,-0.28923070430755615,-0.6088384389877319,0.9593868255615234
25,target,16,-0.30340027809143066,-0.6142755746841431,0.971237063407898
25,target,17,-0.3005732297897339,-0.5583669543266296,0.9558490514755249
25,target,18,-0.32079827785491943,-0.5540167093276978,0.9713922739028931
25,target,19,-0.3155328035354614,-0.5866707563400269,0.9683887362480164
25,target,20,-0.3165125846862793,-0.5613776445388794,0.9764903783798218
25,target,21,-0.3213117718696594,-0.5550958514213562,0.9710801243782043
25,target,22,-0.30259960889816284,-0.5477944612503052,0.9661892056465149
25,target,23,-0.28546732664108276,-0.5772631168365479,0.948508620262146
25,target,24,-0.30480676889419556,-0.5723775625228882,0.9643306732177734
25,target,25,-0.30989181995391846,-0.6081036925315857,0.9748935699462891
25,target,26,-0.30317312479019165,-0.5966048240661621,0.965056836605072
25,target,27,-0.2928912043571472,-0.6113010048866272,0.9662459492683411
25,target,28,-0.3178457021713257,-0.6332512497901917,0.975953221321106
25,target,29,-0.291532039642334,-0.5959981679916382,0.9659118056297302
25,target,30,-0.2984292805194855,-0.6047930717468262,0.9560591578483582
25,target,31,-0.3063422441482544,-0.5676649212837219,0.9510716795921326
25,target,32,-0.3093404173851013,-0.5709318518638611,0.9571141600608826
25,target,33,-0.3068844676017761,-0.6047258973121643,0.9560743570327759
25,target,34,-0.3015325963497162,-0.6094599962234497,0.9503823518753052
25,target,35,-0.3142806887626648,-0.5917564630508423,0.9690719842910767
25,target,36,-0.30864572525024414,-0.5813541412353516,0.9637995362281799
25,target,37,-0.3002874553203583,-0.5946629047393799,0.9547052979469299
25,target,38,-0.2985651195049286,-0.5815886855125427,0.9587496519088745
25,target,39,-0.3115990161895752,-0.5998015403747559,0.9660114049911499
25,target,40,-0.2988358736038208,-0.5879854559898376,0.967295229434967
25,target,41,-0.2799142599105835,-0.5737056732177734,0.9550892114639282
25,target,42,-0.3061314523220062,-0.6031819581985474,0.9379292130470276
25,target,43,-0.2986108660697937,-0.6033464670181274,0.9377427697181702
25,target,44,-0.3083202838897705,-0.6134642958641052,0.9428568482398987
25,target,45,-0.3067927360534668,-0.6000596880912781,0.942657470703125
25,target,46,-0.28377699851989746,-0.6512477993965149,1.0058567523956299
25,target,47,-0.253447949886322,-0.6315361261367798,0.9536362886428833
25,target,48,-0.25175362825393677,-0.621303141117096,0.9634695649147034
25,target,49,-0.275735080242157,-0.6451389193534851,0.9983874559402466
25,target,50,-0.308901309967041,-0.6159847378730774,1.0088613033294678
25,target,51,-0.2978215217590332,-0.6108189821243286,0.974015474319458
25,target,52,-0.28539735078811646,-0.6102293729782104,0.9641197919845581
25,target,53,-0.294727623462677,-0.6112894415855408,0.9688930511474609
25,target,54,-0.287214457988739,-0.605694055557251,0.9728208780288696
25,target,55,-0.2670232355594635,-0.604019820690155,0.9596981406211853
25,target,56,-0.2597252428531647,-0.6146597862243652,0.9517894387245178
25,target,57,-0.2735328674316406,-0.6122459173202515,0.9570907950401306
25,target,58,-0.2730587124824524,-0.5959241986274719,0.9437633752822876
25,target,59,-0.27558615803718567,-0.609906017780304,0.9601303339004517
25,target,60,-0.28672072291374207,-0.6176034212112427,0.9615695476531982
25,target,61,-0.2839587330818176,-0.6160013675689697,0.9700393080711365
25,target,62,-0.2924121022224426,-0.6246892809867859,0.9591042399406433
25,target,63,-0.2724122405052185,-0.6258596777915955,0.946986198425293
26,source,0,-0.318541944026947,-0.6177696585655212,0.9770380854606628
26,source,1,-0.31986671686172485,-0.6173919439315796,0.97811359167099
26,source,2,-0.3219321370124817,-0.6162882447242737,0.9655324220657349
26,source,3,-0.32031697034835815,-0.6195038557052612,0.9663887619972229
26,source,4,-0.3187175989151001,-0.6139091849327087,0.9748529195785522
26,source,5,-0.32848525047302246,-0.6225394010543823,0.9749593734741211
26,source,6,-0.32526302337646484,-0.6212365031242371,0.9754151105880737
26,source,7,-0.3200073838233948,-0.6245458126068115,0.9719216227531433
26,source,8,-0.3255862593650818,-0.6201000213623047,0.977209210395813
26,source,9,-0.32506734132766724,-0.6207177639007568,0.9724175333976746
26,source,10,-0.3216012716293335,-0.6078522801399231,0.9756587743759155
26,source,11,-0.32397401332855225,-0.6201625466346741,0.964310348033905
26,source,12,-0.32123225927352905,-0.6173353791236877,0.9690358638763428
26,source,13,-0.3202590346336365,-0.6174084544181824,0.9583710432052612
26,source,14,-0.3096858263015747,-0.623649537563324,0.9694496393203735
26,source,15,-0.31972694396972656,-0.6173425912857056,0.9878201484680176
26,source,16,-0.3117479681968689,-0.626244843006134,0.9709081053733826
26,source,17,-0.31481796503067017,-0.6223977208137512,0.9727762937545776
26,source,18,-0.3159615397453308,-0.6243376731872559,0.973595142364502
26,source,19,-0.32403576374053955,-0.6184744834899902,0.9820389151573181
26,source,20,-0.3189416527748108,-0.6174436211585999,0.9604949951171875
26,source,21,-0.31594908237457275,-0.607703685760498,0.9729465842247009
26,source,22,-0.308587908744812,-0.617982029914856,0.9630910158157349
26,source,23,-0.3148707151412964,-0.6217799782752991,0.972671627998352
26,source,24,-0.31856799125671387,-0.6175329685211182,0.9727129340171814
26,source,25,-0.3166051506996155,-0.6167929172515869,0.9897443056106567
26,source,26,-0.32097166776657104,-0.6153349280357361,0.9800065159797668
26,source,27,-0.3097653388977051,-0.6089775562286377,0.9753811359405518
26,source,28,-0.3144388794898987,-0.5953489542007446,0.9775035381317139
26,source,29,-0.3293760418891907,-0.6124255061149597,0.9816551208496094
26,source,30,-0.3228644132614136,-0.6215521693229675,0.9648635387420654
26,source,31,-0.32300132513046265,-0.6142018437385559,0.9688085317611694
26,source,32,-0.32275086641311646,-0.614762008190155,0.9668673276901245
26,source,33,-0.32670074701309204,-0.619357168674469,0.9743549823760986
26,source,34,-0.324724018573761,-0.6245492100715637,0.9726114869117737
26,source,35,-0.3147622346878052,-0.6075671315193176,0.9791240096092224
26,source,36,-0.3152042627334595,-0.6132842302322388,0.9675976634025574
26,source,37,-0.3270319700241089,-0.6184991002082825,0.984775185585022
26,source,38,-0.3150758147239685,-0.6246082782745361,0.9831057786941528
26,source,39,-0.3177093267440796,-0.6205633878707886,0.9755284786224365
26,source,40,-0.32048869132995605,-0.6186189651489258,0.9848588705062866
26,source,41,-0.317584753036499,-0.621591329574585,0.9682369232177734
26,source,42,-0.3154393434524536,-0.6232501268386841,0.9715405106544495
26,source,43,-0.3213152289390564,-0.6168393492698669,0.9765670299530029
26,source,44,-0.3162474036216736,-0.6193960309028625,0.9686262011528015
26,source,45,-0.319350004196167,-0.618725597858429,0.9725222587585449
26,source,46,-0.3184635043144226,-0.6203001141548157,0.9705847501754761
26,source,47,-0.3263206481933594,-0.6181022524833679,0.9765712022781372
26,source,48,-0.3187357187271118,-0.6203418970108032,0.9570692181587219
26,source,49,-0.32219260931015015,-0.6115440130233765,0.9821600317955017
26,source,50,-0.33309656381607056,-0.6054573655128479,0.9912727475166321
26,source,51,-0.32607388496398926,-0.6125310659408569,0.979131281375885
26,source,52,-0.33377373218536377,-0.6077063679695129,0.9804642796516418
26,source,53,-0.33075809478759766,-0.6114040017127991,0.9652073979377747
26,source,54,-0.3265918493270874,-0.6024225354194641,0.9804116487503052
26,source,55,-0.3342267870903015,-0.616757333278656,0.9785577058792114
26,source,56,-0.3311728835105896,-0.6146165132522583,0.9755398035049438
26,source,57,-0.32988953590393066,-0.614259660243988,0.9707114696502686
26,source,58,-0.32967156171798706,-0.6153583526611328,0.9837186336517334
26,source,59,-0.33282387256622314,-0.615867555141449,0.9813555479049683
26,source,60,-0.32197386026382446,-0.6000133752822876,0.9762921333312988
26,source,61,-0.3311154842376709,-0.6074060201644897,0.967910885810852
26,source,62,-0.336661159992218,-0.5962011814117432,0.9746659398078918
26,source,63,-0.3271033763885498,-0.60577791929245,0.9687222242355347
26,target,0,-0.28293049335479736,-0.616647481918335,0.9826840162277222
26,target,1,-0.3261137008666992,-0.6138287782669067,0.9985324144363403
26,target,2,-0.3256095051765442,-0.6167134046554565,0.9766945838928223
26,target,3,-0.31121814250946045,-0.6223741769790649,0.9780368804931641
26,target,4,-0.32107603549957275,-0.591576099395752,0.9833453297615051
26,target,5,-0.3243595361709595,-0.5484182834625244,0.9962636232376099
26,target,6,-0.33852607011795044,-0.575857400894165,0.980398416519165
26,target,7,-0.31683212518692017,-0.5598269701004028,0.9716525673866272
26,target,8,-0.32151758670806885,-0.5772334337234497,0.9645240902900696
26,target,9,-0.3030516505241394,-0.5827746987342834,0.9761139154434204
26,target,10,-0.29698169231414795,-0.5771268010139465,0.9769045114517212
26,target,11,-0.31515103578567505,-0.5732129216194153,0.9850924015045166
26,target,12,-0.2990303933620453,-0.5829119682312012,0.9627271294593811
26,target,13,-0.2926836609840393,-0.5982365608215332,0.9923581480979919
26,target,14,-0.3083605170249939,-0.5959166884422302,0.9968081712722778
26,target,15,-0.30399858951568604,-0.6083335280418396,0.9794635772705078
26,target,16,-0.31978583335876465,-0.6057092547416687,0.9870442152023315
26,target,17,-0.32225096225738525,-0.5767558217048645,0.9781138896942139
26,target,18,-0.3322020173072815,-0.5791648626327515,0.98398357629776
26,target,19,-0.3192597031593323,-0.589853048324585,0.9719635248184204
26,target,20,-0.33231085538864136,-0.5796812176704407,0.9930338263511658
26,target,21,-0.34083229303359985,-0.5715019106864929,0.975957989692688
26,target,22,-0.3134635090827942,-0.5652508735656738,0.9747490882873535
26,target,23,-0.2959180474281311,-0.5844341516494751,0.9680720567703247
26,target,24,-0.32288867235183716,-0.5855648517608643,0.9755378365516663
26,target,25,-0.3156038522720337,-0.6144611835479736,0.9891487956047058
26,target,26,-0.3119460940361023,-0.6052571535110474,0.9850446581840515
26,target,27,-0.31375765800476074,-0.6005251407623291,0.9802571535110474
26,target,28,-0.3320844769477844,-0.6253658533096313,0.9861268997192383
26,target,29,-0.3107961416244507,-0.603137195110321,0.9944126605987549
26,target,30,-0.31875157356262207,-0.6095481514930725,0.9862733483314514
26,target,31,-0.3225417137145996,-0.5867419838905334,0.9803479909896851
26,target,32,-0.31980425119400024,-0.5961657762527466,0.9767881035804749
26,target,33,-0.3208919167518616,-0.6076987385749817,0.9709277749061584
26,target,34,-0.31460946798324585,-0.6054367423057556,0.9676368236541748
26,target,35,-0.3216820955276489,-0.6037864685058594,0.9690667390823364
26,target,36,-0.32434189319610596,-0.5962350964546204,0.9712207317352295
26,target,37,-0.3133299946784973,-0.6011819243431091,0.9704155325889587
26,target,38,-0.31043899059295654,-0.5911584496498108,0.9675383567810059
26,target,39,-0.3233564496040344,-0.6044915318489075,0.9708578586578369
26,target,40,-0.3057899475097656,-0.5948285460472107,0.9718974232673645
26,target,41,-0.29229027032852173,-0.5882024765014648,0.9673835039138794
26,target,42,-0.31080949306488037,-0.6047999858856201,0.9439835548400879
26,target,43,-0.29984503984451294,-0.6180610656738281,0.934496283531189
26,target,44,-0.31628745794296265,-0.6083594560623169,0.951149046421051
26,target,45,-0.31587231159210205,-0.610372006893158,0.9470481276512146
26,target,46,-0.3000743091106415,-0.6561354398727417,1.0268265008926392
26,target,47,-0.265657901763916,-0.6359508037567139,0.9801626205444336
26,target,48,-0.26241809129714966,-0.6296893358230591,0.9901578426361084
26,target,49,-0.2921599745750427,-0.6483762860298157,1.0222346782684326
26,target,50,-0.31755179166793823,-0.6277942061424255,1.0317051410675049
26,target,51,-0.30923551321029663,-0.6066954731941223,0.9960029125213623
26,target,52,-0.30514419078826904,-0.6134629845619202,0.996465265750885
26,target,53,-0.3055960536003113,-0.619048535823822,0.9954890012741089
26,target,54,-0.29845282435417175,-0.5987226963043213,1.0012304782867432
26,target,55,-0.28460368514060974,-0.6059842705726624,0.9991735816001892
26,target,56,-0.2750445008277893,-0.6228978633880615,0.9887810945510864
26,target,57,-0.2888144254684448,-0.6208360195159912,0.9917672872543335
26,target,58,-0.29414451122283936,-0.6109715104103088,0.9860830903053284
26,target,59,-0.2931453585624695,-0.6175158023834229,0.9957503080368042
26,target,60,-0.2951149642467499,-0.6216081976890564,0.9896945953369141
26,target,61,-0.2912103831768036,-0.6224705576896667,0.9924604892730713
26,target,62,-0.30450427532196045,-0.626621663570404,0.9788477420806885
26,target,63,-0.29245179891586304,-0.6247164607048035,0.9821735620498657
27,source,0,-0.3142409324645996,-0.6137714982032776,0.9655231237411499
27,source,1,-0.3110853433609009,-0.6153357028961182,0.9678009748458862
27,source,2,-0.3137587904930115,-0.6124045252799988,0.9594001770019531
27,source,3,-0.31353163719177246,-0.6140140295028687,0.9578025341033936
27,source,4,-0.31479859352111816,-0.6136937141418457,0.9685277342796326
27,source,5,-0.3224183917045593,-0.6153875589370728,0.9675207138061523
27,source,6,-0.3169506788253784,-0.6136710047721863,0.963882565498352
27,source,7,-0.31386518478393555,-0.615450918674469,0.9594873189926147
27,source,8,-0.3197389245033264,-0.6136751174926758,0.9646060466766357
27,source,9,-0.32009536027908325,-0.6113339066505432,0.9616328477859497
27,source,10,-0.3165842890739441,-0.6110031008720398,0.9683744311332703
27,source,11,-0.31317275762557983,-0.6111530065536499,0.9536053538322449
27,source,12,-0.31496191024780273,-0.6134548783302307,0.9600825309753418
27,source,13,-0.3104304075241089,-0.6105217933654785,0.9495435953140259
27,source,14,-0.30452167987823486,-0.6137059926986694,0.9492042660713196
27,source,15,-0.3136313557624817,-0.6151971817016602,0.9716470241546631
27,source,16,-0.30873948335647583,-0.6147431135177612,0.9592676162719727
27,source,17,-0.308255136013031,-0.6136252880096436,0.95456463098526
27,source,18,-0.31018775701522827,-0.6138724684715271,0.9599241018295288
27,source,19,-0.31750988960266113,-0.6148476004600525,0.9668356776237488
27,source,20,-0.3106163740158081,-0.6115990281105042,0.9465392231941223
27,source,21,-0.3083153963088989,-0.6128233671188354,0.9608079195022583
27,source,22,-0.30627739429473877,-0.6122016906738281,0.9517298936843872
27,source,23,-0.3079741597175598,-0.6163910031318665,0.960774838924408
27,source,24,-0.31224048137664795,-0.6156504154205322,0.9631736874580383
27,source,25,-0.31279319524765015,-0.6176989078521729,0.974157989025116
27,source,26,-0.31434136629104614,-0.6128217577934265,0.9688489437103271
27,source,27,-0.30520737171173096,-0.6143563389778137,0.9588200449943542
27,source,28,-0.31281614303588867,-0.6072109341621399,0.9735000133514404
27,source,29,-0.3245246410369873,-0.6095461249351501,0.9682190418243408
27,source,30,-0.31709545850753784,-0.6109668016433716,0.9554616808891296
27,source,31,-0.3214591145515442,-0.6071938276290894,0.96193528175354
27,source,32,-0.3182825446128845,-0.6112468838691711,0.9602975845336914
27,source,33,-0.31762468814849854,-0.6127340793609619,0.9626961350440979
27,source,34,-0.32098644971847534,-0.6130564212799072,0.9682053327560425
27,source,35,-0.31428420543670654,-0.6107228994369507,0.9686883687973022
27,source,36,-0.3040546178817749,-0.6174944639205933,0.9547946453094482
27,source,37,-0.3148304224014282,-0.6158849596977234,0.9702599048614502
27,source,38,-0.3054375648498535,-0.6192601919174194,0.964025616645813
27,source,39,-0.3114566206932068,-0.6134786009788513,0.9593551158905029
27,source,40,-0.31144773960113525,-0.6188908219337463,0.9679768085479736
27,source,41,-0.31212860345840454,-0.6146280169487,0.9518045783042908
27,source,42,-0.30957794189453125,-0.6163687109947205,0.9542847871780396
27,source,43,-0.3157649040222168,-0.614799439907074,0.9625511169433594
27,source,44,-0.30511462688446045,-0.6134886145591736,0.9489972591400146
27,source,45,-0.3104632496833801,-0.6144118905067444,0.9576606154441833
27,source,46,-0.3083975911140442,-0.6141963005065918,0.95272296667099
27,source,47,-0.3169253468513489,-0.6114630699157715,0.9636445045471191
27,source,48,-0.31201988458633423,-0.6174612045288086,0.9523117542266846
27,source,49,-0.3167101740837097,-0.614013135433197,0.9691017866134644
27,source,50,-0.32595473527908325,-0.6163114905357361,0.9833862781524658
27,source,51,-0.3236342668533325,-0.610633909702301,0.9740280508995056
27,source,52,-0.33167797327041626,-0.6122836470603943,0.9776890277862549
27,source,53,-0.32324153184890747,-0.6171767115592957,0.9657314419746399
27,source,54,-0.3264501094818115,-0.6085560917854309,0.9736534357070923
27,source,55,-0.3303645849227905,-0.6175358891487122,0.9732634425163269
27,source,56,-0.3262943625450134,-0.617294430732727,0.9693759083747864
27,source,57,-0.3244118094444275,-0.6165384650230408,0.9658457636833191
27,source,58,-0.32686734199523926,-0.6152380704879761,0.9754043817520142
27,source,59,-0.32801342010498047,-0.6162894368171692,0.9711676239967346
27,source,60,-0.32627302408218384,-0.6065519452095032,0.9738757610321045
27,source,61,-0.3276638388633728,-0.6091853976249695,0.9647331237792969
27,source,62,-0.3284596800804138,-0.6062338352203369,0.9683937430381775
27,source,63,-0.32325291633605957,-0.6053084135055542,0.9574779272079468
27,target,0,-0.27311721444129944,-0.6289529800415039,0.9575295448303223
27,target,1,-0.3259316086769104,-0.6181738972663879,0.9875751733779907
27,target,2,-0.3227561116218567,-0.6134422421455383,0.9638696312904358
27,target,3,-0.3011438548564911,-0.6291444301605225,0.9634702801704407
27,target,4,-0.3107672929763794,-0.5994598269462585,0.9638352990150452
27,target,5,-0.3235095739364624,-0.5655853748321533,0.9931263327598572
27,target,6,-0.3355981111526489,-0.5773013830184937,0.9820102453231812
27,target,7,-0.31433117389678955,-0.5686761736869812,0.9747495651245117
27,target,8,-0.32017946243286133,-0.5696051716804504,0.9624751806259155
27,target,9,-0.29947733879089355,-0.5988478660583496,0.9696468114852905
27,target,10,-0.2921063005924225,-0.5896958112716675,0.9616262912750244
27,target,11,-0.3105900287628174,-0.5843377709388733,0.9712586402893066
27,target,12,-0.30262625217437744,-0.5879582166671753,0.9556618928909302
27,target,13,-0.288339763879776,-0.6077880859375,0.9763253927230835
27,target,14,-0.29920780658721924,-0.6167030930519104,0.9841927289962769
27,target,15,-0.30289873480796814,-0.6295703053474426,0.9752395153045654
27,target,16,-0.31822967529296875,-0.6237151622772217,0.9832269549369812
27,target,17,-0.32540804147720337,-0.5773084163665771,0.9632829427719116
27,target,18,-0.3334120512008667,-0.5856626033782959,0.9681878685951233
27,target,19,-0.3240184187889099,-0.5974313616752625,0.9709344506263733
27,target,20,-0.3353837728500366,-0.5785030722618103,0.9835582971572876
27,target,21,-0.33460158109664917,-0.5741577744483948,0.9697340130805969
27,target,22,-0.3127194046974182,-0.5772522687911987,0.9691482782363892
27,target,23,-0.29593732953071594,-0.5925276875495911,0.9549306631088257
27,target,24,-0.32056725025177,-0.5838878750801086,0.9693582653999329
27,target,25,-0.3186148405075073,-0.6184245944023132,0.9747541546821594
27,target,26,-0.31235527992248535,-0.6155850887298584,0.9676673412322998
27,target,27,-0.3190648555755615,-0.6176679730415344,0.9730678796768188
27,target,28,-0.3303864598274231,-0.6307579874992371,0.968150794506073
27,target,29,-0.3116573691368103,-0.6149981617927551,0.983151912689209
27,target,30,-0.3186728358268738,-0.6085774898529053,0.9720166325569153
27,target,31,-0.3241216540336609,-0.5880904197692871,0.9674704670906067
27,target,32,-0.3200252056121826,-0.602390468120575,0.977269172668457
27,target,33,-0.32405269145965576,-0.6035119295120239,0.9583142995834351
27,target,34,-0.3129838705062866,-0.6073972582817078,0.9565227031707764
27,target,35,-0.3261401057243347,-0.599482536315918,0.970653772354126
27,target,36,-0.32030779123306274,-0.5916415452957153,0.9681324362754822
27,target,37,-0.3178122043609619,-0.6043132543563843,0.9601366519927979
27,target,38,-0.3147035241127014,-0.5993611812591553,0.9632360935211182
27,target,39,-0.32229048013687134,-0.6044563055038452,0.962566614151001
27,target,40,-0.3056795597076416,-0.601477324962616,0.9656187295913696
27,target,41,-0.3014862835407257,-0.5918428897857666,0.9615957736968994
27,target,42,-0.31510835886001587,-0.5978279709815979,0.9493606090545654
27,target,43,-0.30872470140457153,-0.60767662525177,0.9482985734939575
27,target,44,-0.3176890015602112,-0.6025758385658264,0.9526050686836243
27,target,45,-0.31939804553985596,-0.6000732779502869,0.9519878625869751
27,target,46,-0.29240477085113525,-0.6641197204589844,1.0178701877593994
27,target,47,-0.2618899345397949,-0.6449134945869446,0.9626995325088501
27,target,48,-0.2581136226654053,-0.6418395042419434,0.9685075879096985
27,target,49,-0.28517651557922363,-0.6604374051094055,1.0127793550491333
27,target,50,-0.3222302198410034,-0.631937563419342,1.010986566543579
27,target,51,-0.3066760301589966,-0.6176159381866455,0.9757827520370483
27,target,52,-0.3002653121948242,-0.6238760948181152,0.9727032780647278
27,target,53,-0.30700671672821045,-0.6285161972045898,0.9798797369003296
27,target,54,-0.30085769295692444,-0.6113897562026978,0.973352313041687
27,target,55,-0.28561556339263916,-0.6249025464057922,0.9691208004951477
27,target,56,-0.2772257924079895,-0.6330087780952454,0.9709854125976562
27,target,57,-0.2910798192024231,-0.6266132593154907,0.9737932085990906
27,target,58,-0.29732924699783325,-0.6181867718696594,0.9729335904121399
27,target,59,-0.2918453514575958,-0.6294974684715271,0.9786055088043213
27,target,60,-0.29855984449386597,-0.630595326423645,0.9691649675369263
27,target,61,-0.2925059199333191,-0.6254929304122925,0.9757386445999146
27,target,62,-0.3085586428642273,-0.6237858533859253,0.9641770124435425
27,target,63,-0.29428762197494507,-0.6318575143814087,0.9614449739456177
28,source,0,-0.3148180842399597,-0.6176992654800415,0.9602102637290955
28,source,1,-0.31073057651519775,-0.6167024970054626,0.9563937187194824
28,source,2,-0.3178926110267639,-0.6125257015228271,0.9516810178756714
28,source,3,-0.31447702646255493,-0.6175395846366882,0.9477885365486145
28,source,4,-0.3160364627838135,-0.6172139644622803,0.9583116173744202
28,source,5,-0.322173535823822,-0.6242948174476624,0.9577064514160156
28,source,6,-0.3175840377807617,-0.623602032661438,0.9561136960983276
28,source,7,-0.31404584646224976,-0.625387966632843,0.9526938199996948
28,source,8,-0.31578707695007324,-0.6205516457557678,0.9525717496871948
28,source,9,-0.3163723349571228,-0.6215711236000061,0.9508258104324341
28,source,10,-0.31465405225753784,-0.6095531582832336,0.9550375938415527
28,source,11,-0.3158280849456787,-0.6174998879432678,0.9460763931274414
28,source,12,-0.32368916273117065,-0.6134341955184937,0.958382248878479
28,source,13,-0.3145627975463867,-0.6163448095321655,0.9466131925582886
28,source,14,-0.30631446838378906,-0.6210489273071289,0.950934648513794
28,source,15,-0.31340885162353516,-0.610426127910614,0.9695550799369812
28,source,16,-0.30908113718032837,-0.6233989596366882,0.9528996348381042
28,source,17,-0.31224876642227173,-0.6145492196083069,0.9548900127410889
28,source,18,-0.3138936758041382,-0.6159711480140686,0.9578993916511536
28,source,19,-0.31474459171295166,-0.6125953793525696,0.9585898518562317
28,source,20,-0.3158916234970093,-0.614942193031311,0.9461131691932678
28,source,21,-0.3075164556503296,-0.6082090735435486,0.9534350633621216
28,source,22,-0.30854833126068115,-0.6147913336753845,0.9506258368492126
28,source,23,-0.3051709532737732,-0.6207870244979858,0.9534167647361755
28,source,24,-0.30988550186157227,-0.6175764203071594,0.9553320407867432
28,source,25,-0.30657392740249634,-0.618671178817749,0.9597784280776978
28,source,26,-0.316714882850647,-0.6140977740287781,0.9580441117286682
28,source,27,-0.30974113941192627,-0.6035091280937195,0.9593170881271362
28,source,28,-0.3061904311180115,-0.6050131916999817,0.9587160348892212
28,source,29,-0.31923502683639526,-0.608544647693634,0.9594687223434448
28,source,30,-0.316353440284729,-0.6199281811714172,0.9465183019638062
28,source,31,-0.3175419569015503,-0.610217273235321,0.9509700536727905
28,source,32,-0.3163517117500305,-0.6218357682228088,0.9503247737884521
28,source,33,-0.3162528872489929,-0.6227594017982483,0.9535735845565796
28,source,34,-0.3137814998626709,-0.6255821585655212,0.9501729607582092
28,source,35,-0.3051168620586395,-0.6101474165916443,0.9565102458000183
28,source,36,-0.30994105339050293,-0.6114971041679382,0.9528417587280273
28,source,37,-0.3143378496170044,-0.6159674525260925,0.9679020643234253
28,source,38,-0.30604469776153564,-0.6206835508346558,0.9577972292900085
28,source,39,-0.3106735944747925,-0.6198239326477051,0.9520686864852905
28,source,40,-0.3108721971511841,-0.6112585067749023,0.9610525965690613
28,source,41,-0.3168768882751465,-0.6169129610061646,0.9466965794563293
28,source,42,-0.30857473611831665,-0.6197314858436584,0.9482249021530151
28,source,43,-0.3194883465766907,-0.6117552518844604,0.9559144973754883
28,source,44,-0.3076047897338867,-0.610491931438446,0.9499969482421875
28,source,45,-0.31281358003616333,-0.6118465662002563,0.9507701396942139
28,source,46,-0.3157597780227661,-0.6160895824432373,0.9528193473815918
28,source,47,-0.3174607753753662,-0.6156768202781677,0.9586760997772217
28,source,48,-0.31687992811203003,-0.6202093958854675,0.9460218548774719
28,source,49,-0.31560224294662476,-0.6138908863067627,0.9617127776145935
28,source,50,-0.31041163206100464,-0.6157085299491882,0.9643571376800537
28,source,51,-0.3157142400741577,-0.6123878359794617,0.9636000394821167
28,source,52,-0.32471245527267456,-0.609210729598999,0.9661633968353271
28,source,53,-0.32538139820098877,-0.6159906387329102,0.9585152268409729
28,source,54,-0.32155317068099976,-0.6123692393302917,0.9672411680221558
28,source,55,-0.3273736834526062,-0.6213053464889526,0.9593238234519958
28,source,56,-0.3220362067222595,-0.6209027171134949,0.954450786113739
28,source,57,-0.31914055347442627,-0.6228156685829163,0.95150226354599
28,source,58,-0.32080352306365967,-0.6179056167602539,0.9618853330612183
28,source,59,-0.3226505517959595,-0.6167343258857727,0.957416832447052
28,source,60,-0.31700074672698975,-0.6069679260253906,0.9620358943939209
28,source,61,-0.3298377990722656,-0.6101418733596802,0.9619345664978027
28,source,62,-0.3222538232803345,-0.6029984354972839,0.9611047506332397
28,source,63,-0.32342565059661865,-0.6104076504707336,0.9627541303634644
28,target,0,-0.26589059829711914,-0.6291207075119019,0.9533636569976807
28,target,1,-0.303688645362854,-0.6300338506698608,0.9711430072784424
28,target,2,-0.31097888946533203,-0.6205589175224304,0.9546610713005066
28,target,3,-0.29126298427581787,-0.6332531571388245,0.9523181319236755
28,target,4,-0.3036508560180664,-0.6014667749404907,0.9613506197929382
28,target,5,-0.3111627697944641,-0.5699914693832397,0.9796534776687622
28,target,6,-0.3294972777366638,-0.5763874053955078,0.9739707112312317
28,target,7,-0.31904590129852295,-0.5653014779090881,0.9631911516189575
28,target,8,-0.32344865798950195,-0.5743339657783508,0.9592284560203552
28,target,9,-0.2926047444343567,-0.5989313721656799,0.9546056985855103
28,target,10,-0.2890784740447998,-0.5885477662086487,0.9595983028411865
28,target,11,-0.3088550567626953,-0.5833953022956848,0.9771758317947388
28,target,12,-0.3016802668571472,-0.5901682376861572,0.9597610235214233
28,target,13,-0.27608323097229004,-0.6136709451675415,0.9639716148376465
28,target,14,-0.2836878299713135,-0.6121248006820679,0.96149080991745
28,target,15,-0.290719598531723,-0.6190922856330872,0.9583965539932251
28,target,16,-0.29692327976226807,-0.6170223951339722,0.9600560069084167
28,target,17,-0.31782400608062744,-0.5897266268730164,0.9642720222473145
28,target,18,-0.3276793360710144,-0.5904611945152283,0.9694188833236694
28,target,19,-0.31554311513900757,-0.5986672639846802,0.9647635221481323
28,target,20,-0.3158315420150757,-0.5848067998886108,0.9729902148246765
28,target,21,-0.3341406583786011,-0.5628324151039124,0.970320463180542
28,target,22,-0.3008911609649658,-0.5824944376945496,0.9649353623390198
28,target,23,-0.2898009419441223,-0.5974838733673096,0.9521796107292175
28,target,24,-0.320525586605072,-0.584895133972168,0.9676579833030701
28,target,25,-0.30352020263671875,-0.6274240016937256,0.9666969776153564
28,target,26,-0.3076920509338379,-0.6208536624908447,0.964705765247345
28,target,27,-0.29960209131240845,-0.6259254813194275,0.9684132933616638
28,target,28,-0.31739795207977295,-0.6279492974281311,0.9678705334663391
28,target,29,-0.29554426670074463,-0.6143014430999756,0.9632412791252136
28,target,30,-0.30262506008148193,-0.6163349747657776,0.9592856168746948
28,target,31,-0.3154706358909607,-0.5942421555519104,0.9642269611358643
28,target,32,-0.31466424465179443,-0.5990163683891296,0.9613487124443054
28,target,33,-0.3196353316307068,-0.6080223321914673,0.9563140869140625
28,target,34,-0.30035802721977234,-0.6165974140167236,0.9497858285903931
28,target,35,-0.319749653339386,-0.6069440841674805,0.9601366519927979
28,target,36,-0.31457412242889404,-0.595766544342041,0.9530022144317627
28,target,37,-0.3097992539405823,-0.606381893157959,0.9533365964889526
28,target,38,-0.3015122413635254,-0.602522611618042,0.9552899599075317
28,target,39,-0.3154662251472473,-0.6057741045951843,0.9501380324363708
28,target,40,-0.2958310842514038,-0.6091510653495789,0.9654956459999084
28,target,41,-0.28974097967147827,-0.5927736759185791,0.9618251323699951
28,target,42,-0.31477683782577515,-0.6007952690124512,0.9411264061927795
28,target,43,-0.3020002543926239,-0.6176908016204834,0.9353131055831909
28,target,44,-0.31608110666275024,-0.6104518175125122,0.9459385275840759
28,target,45,-0.3146420121192932,-0.6064014434814453,0.9439787864685059
28,target,46,-0.2666745185852051,-0.6723047494888306,0.9907839298248291
28,target,47,-0.2452930212020874,-0.643052339553833,0.9444277882575989
28,target,48,-0.2394903302192688,-0.6409292221069336,0.9538729786872864
28,target,49,-0.2604990303516388,-0.6662735939025879,0.988523006439209
28,target,50,-0.30160975456237793,-0.631432294845581,0.9940178394317627
28,target,51,-0.288083016872406,-0.6183284521102905,0.9582246541976929
28,target,52,-0.28147822618484497,-0.6266465187072754,0.9562601447105408
28,target,53,-0.28069978952407837,-0.6299771070480347,0.9615927934646606
28,target,54,-0.2830658555030823,-0.608443021774292,0.9661051034927368
28,target,55,-0.2656748592853546,-0.6213684678077698,0.9584705233573914
28,target,56,-0.24639581143856049,-0.6357395648956299,0.947726309299469
28,target,57,-0.26423966884613037,-0.6294721961021423,0.9547732472419739
28,target,58,-0.2701352834701538,-0.6275917291641235,0.9560802578926086
28,target,59,-0.26881927251815796,-0.6347951292991638,0.9600103497505188
28,target,60,-0.2815816402435303,-0.6290460824966431,0.9530792236328125
28,target,61,-0.2752889096736908,-0.6303173303604126,0.954182505607605
28,target,62,-0.29522615671157837,-0.632144033908844,0.9542795419692993
28,target,63,-0.27413010597229004,-0.6350159645080566,0.9473479390144348
29,source,0,-0.2948627471923828,-0.6247966289520264,0.9593099355697632
29,source,1,-0.2954324781894684,-0.6302869915962219,0.9626657366752625
29,source,2,-0.29845115542411804,-0.6211860775947571,0.9548453688621521
29,source,3,-0.2957548499107361,-0.6265949606895447,0.9495894312858582
29,source,4,-0.29844996333122253,-0.6200606226921082,0.9606031775474548
29,source,5,-0.30252987146377563,-0.627056360244751,0.9595955610275269
29,source,6,-0.2970470190048218,-0.6279630064964294,0.9571626782417297
29,source,7,-0.29310694336891174,-0.6283532381057739,0.9535028338432312
29,source,8,-0.2980523109436035,-0.6288959383964539,0.9571252465248108
29,source,9,-0.29936230182647705,-0.6262634992599487,0.956928014755249
29,source,10,-0.297510027885437,-0.6173385977745056,0.9657764434814453
29,source,11,-0.2983860969543457,-0.6289336085319519,0.9513918161392212
29,source,12,-0.295749306678772,-0.6257368326187134,0.9544799327850342
29,source,13,-0.29311949014663696,-0.6275760531425476,0.9451193809509277
29,source,14,-0.2857443690299988,-0.6259024143218994,0.9522879123687744
29,source,15,-0.29841411113739014,-0.6201019883155823,0.9732638001441956
29,source,16,-0.29243242740631104,-0.6280829906463623,0.9606068730354309
29,source,17,-0.29231446981430054,-0.622920572757721,0.9568308591842651
29,source,18,-0.2933023273944855,-0.6240732669830322,0.9598325490951538
29,source,19,-0.2996504306793213,-0.6268935799598694,0.9657829999923706
29,source,20,-0.2933295965194702,-0.6250748038291931,0.9464489817619324
29,source,21,-0.29405707120895386,-0.6145412921905518,0.9567016363143921
29,source,22,-0.2863878607749939,-0.6223857998847961,0.9463016986846924
29,source,23,-0.29003602266311646,-0.624107301235199,0.9554834365844727
29,source,24,-0.29506200551986694,-0.6238688826560974,0.959834635257721
29,source,25,-0.29672667384147644,-0.6220335960388184,0.9670706987380981
29,source,26,-0.29683738946914673,-0.6229837536811829,0.9623119235038757
29,source,27,-0.28689438104629517,-0.6133540868759155,0.9581907391548157
29,source,28,-0.29415225982666016,-0.5993266105651855,0.9591248631477356
29,source,29,-0.29871463775634766,-0.6237481236457825,0.9648326635360718
29,source,30,-0.2991558909416199,-0.6276506781578064,0.9510864615440369
29,source,31,-0.2999461889266968,-0.6212967038154602,0.956048846244812
29,source,32,-0.29990166425704956,-0.6212185621261597,0.9568575620651245
29,source,33,-0.29822731018066406,-0.6262733340263367,0.9577919840812683
29,source,34,-0.30455172061920166,-0.6283374428749084,0.9550455808639526
29,source,35,-0.28939658403396606,-0.6146524548530579,0.9570084810256958
29,source,36,-0.28884947299957275,-0.6238381266593933,0.9514870047569275
29,source,37,-0.3018244504928589,-0.6200333833694458,0.969219982624054
29,source,38,-0.292902410030365,-0.6273224949836731,0.9618431925773621
29,source,39,-0.2957586646080017,-0.6229811310768127,0.9568646550178528
29,source,40,-0.29761379957199097,-0.627393901348114,0.9700874090194702
29,source,41,-0.29622820019721985,-0.6286823749542236,0.9523007869720459
29,source,42,-0.2927083373069763,-0.6283281445503235,0.9530056715011597
29,source,43,-0.2965979278087616,-0.6275015473365784,0.9612005949020386
29,source,44,-0.2918432950973511,-0.619197428226471,0.9518382549285889
29,source,45,-0.2923387885093689,-0.6261458992958069,0.9543513059616089
29,source,46,-0.29296931624412537,-0.6253666281700134,0.9536744356155396
29,source,47,-0.3043482303619385,-0.6219337582588196,0.9610867500305176
29,source,48,-0.29673731327056885,-0.6280366778373718,0.9464962482452393
29,source,49,-0.29854869842529297,-0.6251456141471863,0.9624576568603516
29,source,50,-0.29941385984420776,-0.6149600744247437,0.9716852903366089
29,source,51,-0.3025730848312378,-0.6165333390235901,0.9698655605316162
29,source,52,-0.31258243322372437,-0.6118797063827515,0.9736021757125854
29,source,53,-0.3113306760787964,-0.6215034127235413,0.961853563785553
29,source,54,-0.30847352743148804,-0.6123118996620178,0.968092679977417
29,source,55,-0.31682920455932617,-0.6213811039924622,0.9674013257026672
29,source,56,-0.3138902187347412,-0.6245623826980591,0.9648094177246094
29,source,57,-0.30695539712905884,-0.6261432766914368,0.9596443772315979
29,source,58,-0.3110734224319458,-0.6211422085762024,0.9707847833633423
29,source,59,-0.31471890211105347,-0.620331883430481,0.968647837638855
29,source,60,-0.3114585876464844,-0.6072136759757996,0.9689105749130249
29,source,61,-0.31621211767196655,-0.6155930757522583,0.959712564945221
29,source,62,-0.30759257078170776,-0.6084158420562744,0.9624279737472534
29,source,63,-0.3061690926551819,-0.6133515238761902,0.9624465703964233
29,target,0,-0.25768396258354187,-0.6310734152793884,0.9470645785331726
29,target,1,-0.30832844972610474,-0.6163652539253235,0.9748844504356384
29,target,2,-0.3008936047554016,-0.6266517043113708,0.9634138941764832
29,target,3,-0.28829532861709595,-0.6341711282730103,0.9609084725379944
29,target,4,-0.30043891072273254,-0.6016187071800232,0.9683710336685181
29,target,5,-0.31752121448516846,-0.5490675568580627,0.9735037088394165
29,target,6,-0.3291277289390564,-0.5690009593963623,0.9735823273658752
29,target,7,-0.3055875301361084,-0.5694869756698608,0.9558979868888855
29,target,8,-0.30700087547302246,-0.5778974294662476,0.9545940160751343
29,target,9,-0.29588764905929565,-0.5879191160202026,0.9619860053062439
29,target,10,-0.29532384872436523,-0.573638916015625,0.9606003761291504
29,target,11,-0.3084837794303894,-0.5662349462509155,0.9677097797393799
29,target,12,-0.3027195930480957,-0.5769028663635254,0.9573864340782166
29,target,13,-0.2688312828540802,-0.6055168509483337,0.9623827934265137
29,target,14,-0.2796773612499237,-0.6022103428840637,0.9656517505645752
29,target,15,-0.27873361110687256,-0.6147498488426208,0.9569282531738281
29,target,16,-0.2911098003387451,-0.6111250519752502,0.9694861769676208
29,target,17,-0.3111788034439087,-0.5847734808921814,0.9602701663970947
29,target,18,-0.33039289712905884,-0.5840581059455872,0.9703490138053894
29,target,19,-0.3200112581253052,-0.5919725894927979,0.9581266641616821
29,target,20,-0.3243589997291565,-0.5764781832695007,0.9692469835281372
29,target,21,-0.32797741889953613,-0.5685228109359741,0.9728133678436279
29,target,22,-0.3018532991409302,-0.570739209651947,0.9522068500518799
29,target,23,-0.2847835421562195,-0.5978637933731079,0.9434003233909607
29,target,24,-0.3101275563240051,-0.5836049318313599,0.9610942006111145
29,target,25,-0.29631587862968445,-0.6206256747245789,0.9696566462516785
29,target,26,-0.3017701804637909,-0.6188994646072388,0.9709571599960327
29,target,27,-0.2844846546649933,-0.6171255707740784,0.9573917388916016
29,target,28,-0.29567205905914307,-0.6222712993621826,0.9656096696853638
29,target,29,-0.2979733347892761,-0.613208532333374,0.9757125973701477
29,target,30,-0.2938069701194763,-0.6218351125717163,0.9724068641662598
29,target,31,-0.31261420249938965,-0.5907890200614929,0.9667525291442871
29,target,32,-0.3114582896232605,-0.5995917320251465,0.9706670641899109
29,target,33,-0.31421607732772827,-0.611023485660553,0.9664177298545837
29,target,34,-0.2960757911205292,-0.61637943983078,0.9585288763046265
29,target,35,-0.3158198595046997,-0.6079308390617371,0.9637690782546997
29,target,36,-0.3126370906829834,-0.6020107865333557,0.9600847959518433
29,target,37,-0.30109333992004395,-0.6149849891662598,0.9578654170036316
29,target,38,-0.30391377210617065,-0.6023964285850525,0.9633496403694153
29,target,39,-0.3103184700012207,-0.6120678782463074,0.9576705694198608
29,target,40,-0.3073156476020813,-0.5950385332107544,0.9609279632568359
29,target,41,-0.2924480736255646,-0.5872483253479004,0.9473769664764404
29,target,42,-0.3040251135826111,-0.6056984663009644,0.9416239261627197
29,target,43,-0.2917267680168152,-0.6136071085929871,0.945442259311676
29,target,44,-0.298952579498291,-0.6128750443458557,0.9498537182807922
29,target,45,-0.30243879556655884,-0.604141354560852,0.9475353360176086
29,target,46,-0.2678694725036621,-0.6730207800865173,0.9982745051383972
29,target,47,-0.24522347748279572,-0.6492087841033936,0.9478421807289124
29,target,48,-0.23981833457946777,-0.6428365707397461,0.9491958022117615
29,target,49,-0.2600376307964325,-0.6611508131027222,0.9956690669059753
29,target,50,-0.29358458518981934,-0.6313333511352539,0.9958494901657104
29,target,51,-0.2950388491153717,-0.6152199506759644,0.9698790311813354
29,target,52,-0.2853248715400696,-0.6200050711631775,0.9668025374412537
29,target,53,-0.28864991664886475,-0.6156727075576782,0.9664746522903442
29,target,54,-0.28256088495254517,-0.6077479124069214,0.9649347066879272
29,target,55,-0.26614105701446533,-0.6153385639190674,0.9581308960914612
29,target,56,-0.2576596736907959,-0.6301174759864807,0.9521247148513794
29,target,57,-0.26960891485214233,-0.6199374794960022,0.9602530598640442
29,target,58,-0.27468788623809814,-0.6147911548614502,0.955886960029602
29,target,59,-0.27922093868255615,-0.6250625848770142,0.9661739468574524
29,target,60,-0.2855159044265747,-0.6305003762245178,0.9623333215713501
29,target,61,-0.2812255918979645,-0.6296676993370056,0.9666118621826172
29,target,62,-0.2874782681465149,-0.637786328792572,0.964561939239502
29,target,63,-0.274393767118454,-0.6331077814102173,0.9501492381095886
30,source,0,-0.3020206093788147,-0.6222756505012512,0.9652175307273865
30,source,1,-0.3031606078147888,-0.6258190274238586,0.9659433960914612
30,source,2,-0.3032678961753845,-0.6215633749961853,0.9568554759025574
30,source,3,-0.2995831370353699,-0.6257944107055664,0.9521502256393433
30,source,4,-0.3053165674209595,-0.6230036616325378,0.9617196917533875
30,source,5,-0.3056045174598694,-0.6265200972557068,0.9625192880630493
30,source,6,-0.29905998706817627,-0.6279786229133606,0.9597105383872986
30,source,7,-0.29715412855148315,-0.6285962462425232,0.9563072919845581
30,source,8,-0.30225005745887756,-0.6274168491363525,0.9571875333786011
30,source,9,-0.3021129369735718,-0.629002571105957,0.958052933216095
30,source,10,-0.30109187960624695,-0.6145169138908386,0.9607839584350586
30,source,11,-0.30256184935569763,-0.6272104978561401,0.9561065435409546
30,source,12,-0.3027944564819336,-0.618056058883667,0.9593381881713867
30,source,13,-0.30592069029808044,-0.6186550259590149,0.9504087567329407
30,source,14,-0.29648569226264954,-0.6245360374450684,0.9571493864059448
30,source,15,-0.3014920949935913,-0.6197742819786072,0.9712909460067749
30,source,16,-0.30194804072380066,-0.6243876814842224,0.9617159962654114
30,source,17,-0.3016357719898224,-0.6221247911453247,0.9562122821807861
30,source,18,-0.30094286799430847,-0.6232381463050842,0.9616087079048157
30,source,19,-0.3033081293106079,-0.6186922788619995,0.9616373777389526
30,source,20,-0.30287477374076843,-0.6189379096031189,0.9490581750869751
30,source,21,-0.30342233180999756,-0.6178030371665955,0.9578824043273926
30,source,22,-0.29883188009262085,-0.6258360147476196,0.9496936798095703
30,source,23,-0.3016648292541504,-0.6283233761787415,0.9540709257125854
30,source,24,-0.30348271131515503,-0.6266908645629883,0.9614706635475159
30,source,25,-0.2986057996749878,-0.6258676052093506,0.9654392004013062
30,source,26,-0.30649489164352417,-0.6157237887382507,0.9615201950073242
30,source,27,-0.29532623291015625,-0.6064359545707703,0.9628520011901855
30,source,28,-0.29549527168273926,-0.6091060042381287,0.9578237533569336
30,source,29,-0.3026981055736542,-0.6166209578514099,0.9621096849441528
30,source,30,-0.3055524230003357,-0.6265124678611755,0.9535102248191833
30,source,31,-0.30315136909484863,-0.6206271052360535,0.9523106813430786
30,source,32,-0.30140966176986694,-0.6263497471809387,0.9559416770935059
30,source,33,-0.29857826232910156,-0.6273544430732727,0.9574205875396729
30,source,34,-0.3083759546279907,-0.6336919069290161,0.9581362009048462
30,source,35,-0.29406118392944336,-0.6174240112304688,0.9556766748428345
30,source,36,-0.29807233810424805,-0.6191799640655518,0.9600808024406433
30,source,37,-0.30925452709198,-0.6199515461921692,0.9688045978546143
30,source,38,-0.2991887629032135,-0.6238643527030945,0.9630075693130493
30,source,39,-0.3031616806983948,-0.6278226375579834,0.9603366255760193
30,source,40,-0.2973831295967102,-0.6300718188285828,0.9694591760635376
30,source,41,-0.30696940422058105,-0.6293761134147644,0.9549416303634644
30,source,42,-0.3018718957901001,-0.6289764046669006,0.9576983451843262
30,source,43,-0.3047005534172058,-0.6241427659988403,0.9637488722801208
30,source,44,-0.30400070548057556,-0.6150133013725281,0.9522892832756042
30,source,45,-0.2998047471046448,-0.6175180673599243,0.9541037678718567
30,source,46,-0.30333632230758667,-0.6219397783279419,0.9590592384338379
30,source,47,-0.3089938163757324,-0.6210243701934814,0.9622473120689392
30,source,48,-0.30367451906204224,-0.6280872821807861,0.9515509009361267
30,source,49,-0.30348294973373413,-0.6243618726730347,0.9661740064620972
30,source,50,-0.30947601795196533,-0.6241569519042969,0.9761558175086975
30,source,51,-0.31193649768829346,-0.6173734068870544,0.9683459997177124
30,source,52,-0.319957971572876,-0.6124985814094543,0.9682741761207581
30,source,53,-0.31605982780456543,-0.6266525983810425,0.9635661840438843
30,source,54,-0.31564861536026,-0.617043137550354,0.9696128368377686
30,source,55,-0.31732988357543945,-0.621539294719696,0.9680519104003906
30,source,56,-0.31364572048187256,-0.618475615978241,0.9634243249893188
30,source,57,-0.311972975730896,-0.6209218502044678,0.9604275226593018
30,source,58,-0.3123258948326111,-0.617773175239563,0.9662280678749084
30,source,59,-0.3181043863296509,-0.6205939054489136,0.9675198793411255
30,source,60,-0.31750190258026123,-0.611393928527832,0.9666093587875366
30,source,61,-0.3217933177947998,-0.620745062828064,0.9646349549293518
30,source,62,-0.3188960552215576,-0.6091762781143188,0.9710893630981445
30,source,63,-0.31607216596603394,-0.6178483963012695,0.966763973236084
30,target,0,-0.2833517789840698,-0.6309426426887512,0.9696130752563477
30,target,1,-0.31448978185653687,-0.6175464391708374,0.9783468842506409
30,target,2,-0.3169863224029541,-0.621978223323822,0.9671612977981567
30,target,3,-0.30665308237075806,-0.6326651573181152,0.972091794013977
30,target,4,-0.3143344521522522,-0.6005057692527771,0.9696754217147827
30,target,5,-0.31691014766693115,-0.5652182698249817,0.9741503000259399
30,target,6,-0.32357078790664673,-0.5768727660179138,0.9671562314033508
30,target,7,-0.30402642488479614,-0.5596198439598083,0.9505473971366882
30,target,8,-0.307511568069458,-0.5766268372535706,0.9486681222915649
30,target,9,-0.3016238510608673,-0.590628445148468,0.9606715440750122
30,target,10,-0.30198556184768677,-0.5832904577255249,0.9629898071289062
30,target,11,-0.3129544258117676,-0.575776219367981,0.9683929681777954
30,target,12,-0.308804988861084,-0.5869411826133728,0.9540808200836182
30,target,13,-0.2909104824066162,-0.6073008179664612,0.9743670225143433
30,target,14,-0.30059272050857544,-0.6071916818618774,0.978248655796051
30,target,15,-0.30801457166671753,-0.6236339211463928,0.9787067174911499
30,target,16,-0.3121113181114197,-0.6161997318267822,0.978792667388916
30,target,17,-0.3131670355796814,-0.5824795365333557,0.9567200541496277
30,target,18,-0.32452595233917236,-0.5963716506958008,0.9691550135612488
30,target,19,-0.31294018030166626,-0.5984229445457458,0.964248538017273
30,target,20,-0.31807923316955566,-0.5907779335975647,0.9700939655303955
30,target,21,-0.32350945472717285,-0.574851393699646,0.9612859487533569
30,target,22,-0.30452629923820496,-0.587560772895813,0.9620965719223022
30,target,23,-0.29159438610076904,-0.5966681241989136,0.9549940824508667
30,target,24,-0.3142552375793457,-0.5864297747612,0.9609788656234741
30,target,25,-0.3098260164260864,-0.6227129101753235,0.9826208353042603
30,target,26,-0.3105701208114624,-0.6176519989967346,0.973808765411377
30,target,27,-0.3149834871292114,-0.6157625317573547,0.9759869575500488
30,target,28,-0.3246396780014038,-0.6366533637046814,0.9929388761520386
30,target,29,-0.3071884512901306,-0.616138219833374,0.9815244674682617
30,target,30,-0.31030023097991943,-0.6123150587081909,0.9842733144760132
30,target,31,-0.3099914789199829,-0.5905120968818665,0.9636367559432983
30,target,32,-0.3104894757270813,-0.6023737192153931,0.9703812003135681
30,target,33,-0.32109999656677246,-0.6087049841880798,0.961104154586792
30,target,34,-0.3099334239959717,-0.6118251085281372,0.9536998271942139
30,target,35,-0.3177688717842102,-0.6094660758972168,0.9648525714874268
30,target,36,-0.3131691813468933,-0.5976260304450989,0.9563897848129272
30,target,37,-0.3078218698501587,-0.6117964386940002,0.9600971341133118
30,target,38,-0.3144809603691101,-0.5949191451072693,0.9571532011032104
30,target,39,-0.31805944442749023,-0.6095056533813477,0.9595471620559692
30,target,40,-0.3062303364276886,-0.6065008044242859,0.967585563659668
30,target,41,-0.29358404874801636,-0.5977939963340759,0.953468918800354
30,target,42,-0.30051910877227783,-0.5968702435493469,0.933957576751709
30,target,43,-0.29398155212402344,-0.613633930683136,0.9402532577514648
30,target,44,-0.3022032082080841,-0.6117821335792542,0.9452766180038452
30,target,45,-0.3035334348678589,-0.6123430728912354,0.9443448185920715
30,target,46,-0.28124698996543884,-0.6747972369194031,1.0092706680297852
30,target,47,-0.26721563935279846,-0.6514001488685608,0.9723585844039917
30,target,48,-0.26384830474853516,-0.6416114568710327,0.972183108329773
30,target,49,-0.2766130566596985,-0.6678628921508789,1.0148452520370483
30,target,50,-0.3101630210876465,-0.6299150586128235,1.011868953704834
30,target,51,-0.2995525896549225,-0.6277306079864502,0.9795424342155457
30,target,52,-0.2926270663738251,-0.6266117691993713,0.9729452133178711
30,target,53,-0.2968846559524536,-0.6253974437713623,0.9753404855728149
30,target,54,-0.29590630531311035,-0.6159367561340332,0.9807189702987671
30,target,55,-0.2805660367012024,-0.6221073269844055,0.975929319858551
30,target,56,-0.26930609345436096,-0.6357617378234863,0.9663236737251282
30,target,57,-0.2869211435317993,-0.627801239490509,0.9713960886001587
30,target,58,-0.2862442135810852,-0.6232776641845703,0.967593789100647
30,target,59,-0.2847105860710144,-0.633277177810669,0.9747051000595093
30,target,60,-0.29523810744285583,-0.6322888135910034,0.9715761542320251
30,target,61,-0.2941240966320038,-0.6351137757301331,0.9796524047851562
30,target,62,-0.30300748348236084,-0.6366666555404663,0.9740728139877319
30,target,63,-0.29228541254997253,-0.639008641242981,0.9695873260498047
31,source,0,-0.3283092975616455,-0.6400476694107056,0.9901502132415771
31,source,1,-0.3256107568740845,-0.6465421319007874,0.9947826266288757
31,source,2,-0.32581400871276855,-0.641398549079895,0.984988808631897
31,source,3,-0.32464414834976196,-0.6496772170066833,0.9808269739151001
31,source,4,-0.3236157298088074,-0.6469356417655945,0.9843831062316895
31,source,5,-0.3320460319519043,-0.6476269364356995,0.9884716868400574
31,source,6,-0.3280078172683716,-0.6443374752998352,0.9888532161712646
31,source,7,-0.32527977228164673,-0.6493993997573853,0.9860416650772095
31,source,8,-0.33273017406463623,-0.6489209532737732,0.9862093925476074
31,source,9,-0.33257436752319336,-0.6418659687042236,0.9861649870872498
31,source,10,-0.3232155442237854,-0.6381881237030029,0.9875199198722839
31,source,11,-0.3295672535896301,-0.6447659730911255,0.987098753452301
31,source,12,-0.32946789264678955,-0.633097767829895,0.9865835905075073
31,source,13,-0.3262922167778015,-0.6355693340301514,0.9791640639305115
31,source,14,-0.31913942098617554,-0.6396032571792603,0.9833225011825562
31,source,15,-0.3242276906967163,-0.6454936861991882,0.9981552362442017
31,source,16,-0.32134735584259033,-0.6420274972915649,0.9888811707496643
31,source,17,-0.323219895362854,-0.6397344470024109,0.9900901317596436
31,source,18,-0.3201203942298889,-0.6419851183891296,0.9882912635803223
31,source,19,-0.326712965965271,-0.6472490429878235,0.9931588172912598
31,source,20,-0.3215016722679138,-0.644336462020874,0.9764587879180908
31,source,21,-0.32023394107818604,-0.6360548138618469,0.9825837016105652
31,source,22,-0.3186225891113281,-0.6435102820396423,0.9802815318107605
31,source,23,-0.3211490511894226,-0.6447724103927612,0.9869304895401001
31,source,24,-0.32437342405319214,-0.6467075943946838,0.9904215335845947
31,source,25,-0.3230096697807312,-0.6480299234390259,0.9942810535430908
31,source,26,-0.3240163326263428,-0.6443157196044922,0.9876293540000916
31,source,27,-0.32021212577819824,-0.6290339231491089,0.9844598770141602
31,source,28,-0.3202437162399292,-0.6255002021789551,0.9894455671310425
31,source,29,-0.3266634941101074,-0.6423846483230591,0.9894061088562012
31,source,30,-0.3309744596481323,-0.6459917426109314,0.985050618648529
31,source,31,-0.3308894634246826,-0.6387760639190674,0.9839078783988953
31,source,32,-0.3299267292022705,-0.6394745707511902,0.98407381772995
31,source,33,-0.33009350299835205,-0.6456018090248108,0.9898308515548706
31,source,34,-0.331760048866272,-0.6533458232879639,0.9870927929878235
31,source,35,-0.323727548122406,-0.6368844509124756,0.9910576939582825
31,source,36,-0.3211345672607422,-0.6367259621620178,0.9825436472892761
31,source,37,-0.3296012878417969,-0.6478580236434937,0.9969298839569092
31,source,38,-0.3209899067878723,-0.6487499475479126,0.9930922389030457
31,source,39,-0.3214989900588989,-0.6470873951911926,0.9894340634346008
31,source,40,-0.3208063244819641,-0.6476262807846069,0.9920487999916077
31,source,41,-0.3243471384048462,-0.6436631679534912,0.9806620478630066
31,source,42,-0.3214280605316162,-0.6387031078338623,0.9790664911270142
31,source,43,-0.32356297969818115,-0.643791675567627,0.9844467043876648
31,source,44,-0.32029420137405396,-0.63876873254776,0.9751964807510376
31,source,45,-0.3241680860519409,-0.6434962153434753,0.9862174391746521
31,source,46,-0.323832631111145,-0.6393940448760986,0.9847027659416199
31,source,47,-0.3325411081314087,-0.6389645338058472,0.9901701211929321
31,source,48,-0.3229568600654602,-0.6517865061759949,0.9780785441398621
31,source,49,-0.32544124126434326,-0.6469612717628479,0.9898590445518494
31,source,50,-0.334104061126709,-0.6381083726882935,0.9955783486366272
31,source,51,-0.33266669511795044,-0.6389846801757812,0.9934396743774414
31,source,52,-0.3396649956703186,-0.6369662284851074,0.9949880838394165
31,source,53,-0.33796226978302,-0.6548858284950256,0.9832951426506042
31,source,54,-0.3356955647468567,-0.6392877697944641,0.9884321689605713
31,source,55,-0.34344589710235596,-0.6502527594566345,0.989122211933136
31,source,56,-0.3382735252380371,-0.6463689208030701,0.9893747568130493
31,source,57,-0.3388891816139221,-0.6463510394096375,0.9871435165405273
31,source,58,-0.33802616596221924,-0.6485934257507324,0.9921078085899353
31,source,59,-0.34320586919784546,-0.6493873596191406,0.9911444187164307
31,source,60,-0.33637773990631104,-0.6371131539344788,0.9895722270011902
31,source,61,-0.3422991633415222,-0.6492567658424377,0.9862632751464844
31,source,62,-0.3341333866119385,-0.6353648900985718,0.9872416257858276
31,source,63,-0.33478355407714844,-0.6366687417030334,0.9839514493942261
31,target,0,-0.28796249628067017,-0.6528702974319458,0.9724447727203369
31,target,1,-0.33210188150405884,-0.6462644338607788,0.989273190498352
31,target,2,-0.331951379776001,-0.6436851024627686,0.9814279079437256
31,target,3,-0.31906217336654663,-0.6638708710670471,0.9812005758285522
31,target,4,-0.3241649270057678,-0.6283526420593262,0.9875218868255615
31,target,5,-0.32975929975509644,-0.5976958870887756,0.9867000579833984
31,target,6,-0.3394906520843506,-0.6024131178855896,0.9879880547523499
31,target,7,-0.3300842046737671,-0.586574912071228,0.9849498271942139
31,target,8,-0.3304330110549927,-0.5962309241294861,0.9840763807296753
31,target,9,-0.31447476148605347,-0.6064087748527527,0.9817708134651184
31,target,10,-0.3054041862487793,-0.6007344722747803,0.9783702492713928
31,target,11,-0.3306416869163513,-0.600440263748169,0.989907443523407
31,target,12,-0.3237925171852112,-0.6089729070663452,0.9805841445922852
31,target,13,-0.2995530962944031,-0.6283636093139648,0.9778033494949341
31,target,14,-0.30496034026145935,-0.634047269821167,0.9782344698905945
31,target,15,-0.31251782178878784,-0.6431224346160889,0.9735317230224609
31,target,16,-0.31931161880493164,-0.6404116153717041,0.9816305637359619
31,target,17,-0.33671873807907104,-0.6118712425231934,0.9811257123947144
31,target,18,-0.33866894245147705,-0.6197782158851624,0.9860553741455078
31,target,19,-0.3277238607406616,-0.6203727722167969,0.9783774614334106
31,target,20,-0.33225905895233154,-0.6150821447372437,0.9849885702133179
31,target,21,-0.34360867738723755,-0.5945033431053162,0.9868538975715637
31,target,22,-0.3247935175895691,-0.6082780361175537,0.9739602208137512
31,target,23,-0.30772846937179565,-0.6184368133544922,0.9676026105880737
31,target,24,-0.3342808485031128,-0.6155259013175964,0.9869623780250549
31,target,25,-0.3281402587890625,-0.6468517184257507,0.9905002117156982
31,target,26,-0.32462650537490845,-0.6526869535446167,0.991125226020813
31,target,27,-0.32602834701538086,-0.643545389175415,0.9806270599365234
31,target,28,-0.33628183603286743,-0.6575883626937866,0.9902757406234741
31,target,29,-0.3242139220237732,-0.6473656892776489,0.9927647113800049
31,target,30,-0.3173264265060425,-0.6414520740509033,0.9924192428588867
31,target,31,-0.32741880416870117,-0.620890736579895,0.9814987778663635
31,target,32,-0.32842010259628296,-0.6309316754341125,0.9900000095367432
31,target,33,-0.3324740529060364,-0.6358137130737305,0.9907806515693665
31,target,34,-0.3266213536262512,-0.6435558795928955,0.9796146750450134
31,target,35,-0.3297349810600281,-0.6314051747322083,0.9802559614181519
31,target,36,-0.328449010848999,-0.6250900030136108,0.9871904850006104
31,target,37,-0.32372117042541504,-0.6286681890487671,0.9791712760925293
31,target,38,-0.3287290930747986,-0.6320427656173706,0.9872060418128967
31,target,39,-0.3331530690193176,-0.6348311901092529,0.9846327304840088
31,target,40,-0.3164733052253723,-0.6240662336349487,0.9795663356781006
31,target,41,-0.3098642826080322,-0.618338942527771,0.9747052192687988
31,target,42,-0.3243415951728821,-0.6342058181762695,0.9686218500137329
31,target,43,-0.31546252965927124,-0.6424046754837036,0.974332869052887
31,target,44,-0.3157123923301697,-0.6432294249534607,0.9698753952980042
31,target,45,-0.32000982761383057,-0.6394195556640625,0.9753451347351074
31,target,46,-0.2896561622619629,-0.6947609186172485,1.0157171487808228
31,target,47,-0.27641579508781433,-0.671972393989563,0.9732357859611511
31,target,48,-0.26887047290802,-0.6650472283363342,0.974331796169281
31,target,49,-0.28819409012794495,-0.6857976913452148,1.0183751583099365
31,target,50,-0.3193434476852417,-0.6431723237037659,1.0153779983520508
31,target,51,-0.3169246315956116,-0.6564916372299194,0.9856009483337402
31,target,52,-0.31214678287506104,-0.6550895571708679,0.9848268032073975
31,target,53,-0.31331753730773926,-0.6568734645843506,0.9817927479743958
31,target,54,-0.30370885133743286,-0.6415134072303772,0.9741789698600769
31,target,55,-0.29233914613723755,-0.6501850485801697,0.9720240831375122
31,target,56,-0.2798624038696289,-0.6576484441757202,0.9682146310806274
31,target,57,-0.2963586449623108,-0.6574717164039612,0.9770364165306091
31,target,58,-0.3026984632015228,-0.6507322788238525,0.9737914204597473
31,target,59,-0.3026006817817688,-0.6636492609977722,0.9832077026367188
31,target,60,-0.30810296535491943,-0.6616837978363037,0.9816475510597229
31,target,61,-0.3059755265712738,-0.6623304486274719,0.9867446422576904
31,target,62,-0.3151665925979614,-0.6630377769470215,0.9871329069137573
31,target,63,-0.2953583002090454,-0.6663461923599243,0.9706678986549377
32,source,0,-0.3068060874938965,-0.6230555772781372,0.9823289513587952
32,source,1,-0.30368751287460327,-0.6309585571289062,0.9797816276550293
32,source,2,-0.3075868487358093,-0.6303378343582153,0.9742156863212585
32,source,3,-0.3071975111961365,-0.6409509181976318,0.9704552888870239
32,source,4,-0.30706679821014404,-0.6377237439155579,0.9779355525970459
32,source,5,-0.30912500619888306,-0.6353981494903564,0.9793084263801575
32,source,6,-0.3050217628479004,-0.631510853767395,0.9809988737106323
32,source,7,-0.30154550075531006,-0.632560670375824,0.9769549369812012
32,source,8,-0.30612143874168396,-0.6353341937065125,0.9788527488708496
32,source,9,-0.3096047043800354,-0.6314553022384644,0.9771065711975098
32,source,10,-0.3071501851081848,-0.6306567788124084,0.980183482170105
32,source,11,-0.30686211585998535,-0.6365728378295898,0.9712093472480774
32,source,12,-0.3082602620124817,-0.624446451663971,0.9780434370040894
32,source,13,-0.30670756101608276,-0.63134765625,0.9695026874542236
32,source,14,-0.30344831943511963,-0.6302978992462158,0.9766047596931458
32,source,15,-0.3009861707687378,-0.6296566724777222,0.987882673740387
32,source,16,-0.3005845844745636,-0.6347759962081909,0.9783247709274292
32,source,17,-0.3019810914993286,-0.6268011331558228,0.9767143726348877
32,source,18,-0.3018638789653778,-0.6311403512954712,0.9793199896812439
32,source,19,-0.30602437257766724,-0.6334311962127686,0.9817503690719604
32,source,20,-0.3014189898967743,-0.6401493549346924,0.9642705917358398
32,source,21,-0.30398693680763245,-0.6291319131851196,0.9748673439025879
32,source,22,-0.2978188395500183,-0.6305825114250183,0.9685946106910706
32,source,23,-0.30081912875175476,-0.633358359336853,0.9758578538894653
32,source,24,-0.3008301556110382,-0.6320710778236389,0.9792923331260681
32,source,25,-0.3024980425834656,-0.6277217268943787,0.986214816570282
32,source,26,-0.30502963066101074,-0.6319993138313293,0.9788406491279602
32,source,27,-0.2964845299720764,-0.6123453974723816,0.9785120487213135
32,source,28,-0.30438995361328125,-0.6130307912826538,0.9814559817314148
32,source,29,-0.30767858028411865,-0.6298794150352478,0.9792149066925049
32,source,30,-0.31261223554611206,-0.634681224822998,0.9751930236816406
32,source,31,-0.30892252922058105,-0.6311639547348022,0.9728953838348389
32,source,32,-0.3111554980278015,-0.632890522480011,0.9767476320266724
32,source,33,-0.30650120973587036,-0.6343377232551575,0.9798287153244019
32,source,34,-0.3104172348976135,-0.6388979554176331,0.979453444480896
32,source,35,-0.29908597469329834,-0.6233769655227661,0.9791203737258911
32,source,36,-0.2983836531639099,-0.6254183053970337,0.9737952947616577
32,source,37,-0.3079769015312195,-0.6338837742805481,0.984865665435791
32,source,38,-0.3022214472293854,-0.6287765502929688,0.9843012690544128
32,source,39,-0.3007568120956421,-0.6317025423049927,0.9780121445655823
32,source,40,-0.2988824248313904,-0.6289319396018982,0.9861350059509277
32,source,41,-0.3026016652584076,-0.6310276389122009,0.9719274044036865
32,source,42,-0.29868143796920776,-0.6324760317802429,0.9747704863548279
32,source,43,-0.3027455806732178,-0.6325958371162415,0.9804520010948181
32,source,44,-0.30293697118759155,-0.6367374658584595,0.9682300090789795
32,source,45,-0.30321967601776123,-0.634482204914093,0.9741629958152771
32,source,46,-0.3035739064216614,-0.6322558522224426,0.9761183261871338
32,source,47,-0.3110821843147278,-0.6302781105041504,0.9816935658454895
32,source,48,-0.3045983910560608,-0.6437498927116394,0.9667770862579346
32,source,49,-0.303418904542923,-0.6330684423446655,0.9801030158996582
32,source,50,-0.31482553482055664,-0.6256834864616394,0.9866256713867188
32,source,51,-0.31258171796798706,-0.6294431090354919,0.9820742607116699
32,source,52,-0.3186652660369873,-0.6309187412261963,0.9847891330718994
32,source,53,-0.31405043601989746,-0.6426607966423035,0.9732316732406616
32,source,54,-0.3175663948059082,-0.6275845766067505,0.98081374168396
32,source,55,-0.3191053867340088,-0.6403981447219849,0.978996992111206
32,source,56,-0.31676822900772095,-0.6332111954689026,0.9767827391624451
32,source,57,-0.31217873096466064,-0.6374675035476685,0.9749550223350525
32,source,58,-0.3145100474357605,-0.633741557598114,0.9827330112457275
32,source,59,-0.3170057535171509,-0.6366189122200012,0.981102466583252
32,source,60,-0.31458985805511475,-0.6243351101875305,0.9800319671630859
32,source,61,-0.3193235397338867,-0.6326674222946167,0.9738733172416687
32,source,62,-0.3129572868347168,-0.6237552762031555,0.978961169719696
32,source,63,-0.3099128007888794,-0.6339981555938721,0.9749447703361511
32,target,0,-0.2770836651325226,-0.6361249685287476,0.9783444404602051
32,target,1,-0.3221684694290161,-0.6223391890525818,0.9886976480484009
32,target,2,-0.3160959482192993,-0.6257333755493164,0.9749566316604614
32,target,3,-0.2995254397392273,-0.636555016040802,0.9723701477050781
32,target,4,-0.3095923066139221,-0.6077466607093811,0.9795770049095154
32,target,5,-0.32246631383895874,-0.5722408294677734,0.9863460659980774
32,target,6,-0.3334820866584778,-0.5870251655578613,0.9849240779876709
32,target,7,-0.31493669748306274,-0.5694425106048584,0.9710665941238403
32,target,8,-0.32144874334335327,-0.5851907730102539,0.9745662212371826
32,target,9,-0.3044409155845642,-0.5906276702880859,0.9714133739471436
32,target,10,-0.29803192615509033,-0.5884175896644592,0.9724072217941284
32,target,11,-0.31944775581359863,-0.5764058828353882,0.9808899164199829
32,target,12,-0.31092017889022827,-0.592582106590271,0.9625996351242065
32,target,13,-0.2883175015449524,-0.6122944355010986,0.9818511009216309
32,target,14,-0.2967139482498169,-0.6118594408035278,0.978583812713623
32,target,15,-0.29949361085891724,-0.6224268674850464,0.9746605157852173
32,target,16,-0.30462074279785156,-0.6174593567848206,0.9782412052154541
32,target,17,-0.31231963634490967,-0.5877282619476318,0.9724521636962891
32,target,18,-0.32505255937576294,-0.5931605696678162,0.9806131720542908
32,target,19,-0.31859493255615234,-0.6043548583984375,0.9783213138580322
32,target,20,-0.3247010111808777,-0.5920085310935974,0.9846529960632324
32,target,21,-0.33255600929260254,-0.5874841213226318,0.988262951374054
32,target,22,-0.31541872024536133,-0.5829231142997742,0.9799692630767822
32,target,23,-0.2965089678764343,-0.5940423011779785,0.9690973162651062
32,target,24,-0.31528133153915405,-0.5949558019638062,0.9813096523284912
32,target,25,-0.3126674294471741,-0.6226669549942017,0.9857262372970581
32,target,26,-0.3119056820869446,-0.6164685487747192,0.9768214225769043
32,target,27,-0.31638574600219727,-0.6087116003036499,0.9739629030227661
32,target,28,-0.3188512325286865,-0.630293071269989,0.9830042123794556
32,target,29,-0.302676260471344,-0.6182931661605835,0.9813354015350342
32,target,30,-0.3008575141429901,-0.6279510259628296,0.9813812375068665
32,target,31,-0.31172287464141846,-0.595907986164093,0.9732867479324341
32,target,32,-0.31113070249557495,-0.6017819046974182,0.9718207716941833
32,target,33,-0.3110498785972595,-0.6176949143409729,0.9719682335853577
32,target,34,-0.3078576922416687,-0.6210201382637024,0.9698845148086548
32,target,35,-0.31184446811676025,-0.6240355372428894,0.9725566506385803
32,target,36,-0.3129507899284363,-0.6097481846809387,0.9746614694595337
32,target,37,-0.30568796396255493,-0.6172789335250854,0.9736199975013733
32,target,38,-0.31105512380599976,-0.6077932119369507,0.9758033752441406
32,target,39,-0.31326836347579956,-0.6181375980377197,0.9720941781997681
32,target,40,-0.3055557608604431,-0.6135996580123901,0.9781777262687683
32,target,41,-0.30323976278305054,-0.6039609909057617,0.9740668535232544
32,target,42,-0.30575132369995117,-0.6217122077941895,0.9575220346450806
32,target,43,-0.29774436354637146,-0.6283729076385498,0.95937579870224
32,target,44,-0.30696648359298706,-0.6285927891731262,0.9621683359146118
32,target,45,-0.307384729385376,-0.6273409128189087,0.958897054195404
32,target,46,-0.2819671630859375,-0.679426372051239,1.0128827095031738
32,target,47,-0.2633492350578308,-0.6502482295036316,0.9745182394981384
32,target,48,-0.26203933358192444,-0.6460962891578674,0.9830816388130188
32,target,49,-0.27637559175491333,-0.6690255403518677,1.0168508291244507
32,target,50,-0.3045809864997864,-0.6403957009315491,1.0215444564819336
32,target,51,-0.30272620916366577,-0.621776282787323,0.9798118472099304
32,target,52,-0.295442670583725,-0.6253672242164612,0.9810265898704529
32,target,53,-0.29357436299324036,-0.6248316168785095,0.9788278937339783
32,target,54,-0.2939614951610565,-0.6089140772819519,0.9798449277877808
32,target,55,-0.280772864818573,-0.6208118200302124,0.9775475263595581
32,target,56,-0.2712777853012085,-0.6316690444946289,0.9740869402885437
32,target,57,-0.2800102233886719,-0.6277024745941162,0.9771580100059509
32,target,58,-0.2866022288799286,-0.6198471784591675,0.9712517261505127
32,target,59,-0.28603726625442505,-0.633624255657196,0.9817264676094055
32,target,60,-0.2911650538444519,-0.6328327059745789,0.9781838655471802
32,target,61,-0.2886372208595276,-0.6323465704917908,0.9842793941497803
32,target,62,-0.29311603307724,-0.6404027342796326,0.9752947092056274
32,target,63,-0.281705379486084,-0.6391958594322205,0.9683587551116943
33,source,0,-0.2988317012786865,-0.5975220203399658,0.9699519872665405
33,source,1,-0.30408158898353577,-0.599370002746582,0.9727603793144226
33,source,2,-0.298903226852417,-0.5922190546989441,0.9639005661010742
33,source,3,-0.3005550801753998,-0.6047963500022888,0.9636672735214233
33,source,4,-0.30602192878723145,-0.600145161151886,0.973487377166748
33,source,5,-0.30631059408187866,-0.6022217869758606,0.9693816900253296
33,source,6,-0.30214977264404297,-0.597461998462677,0.9661615490913391
33,source,7,-0.2991214990615845,-0.6004225611686707,0.9645720720291138
33,source,8,-0.30547627806663513,-0.6013742685317993,0.9676710367202759
33,source,9,-0.30230972170829773,-0.5980517864227295,0.9652627110481262
33,source,10,-0.29928508400917053,-0.5912719964981079,0.9752458333969116
33,source,11,-0.3045426309108734,-0.5983766317367554,0.9642791748046875
33,source,12,-0.303507536649704,-0.5896939635276794,0.9667431712150574
33,source,13,-0.3016444444656372,-0.5958395600318909,0.9580868482589722
33,source,14,-0.29363834857940674,-0.5982465744018555,0.965810239315033
33,source,15,-0.2988085150718689,-0.5996321439743042,0.9802523851394653
33,source,16,-0.2967432737350464,-0.6007034182548523,0.9683586955070496
33,source,17,-0.2964392602443695,-0.5932458639144897,0.9640136957168579
33,source,18,-0.2965726852416992,-0.5981917381286621,0.966690182685852
33,source,19,-0.30435803532600403,-0.59325110912323,0.9725625514984131
33,source,20,-0.2967960238456726,-0.599172830581665,0.9577776789665222
33,source,21,-0.2943916320800781,-0.5955432057380676,0.9646821022033691
33,source,22,-0.29178816080093384,-0.5958088040351868,0.9590184092521667
33,source,23,-0.29236578941345215,-0.6031215786933899,0.9636879563331604
33,source,24,-0.29643315076828003,-0.6037365198135376,0.9687349200248718
33,source,25,-0.3005918860435486,-0.5956478714942932,0.975132167339325
33,source,26,-0.30117762088775635,-0.5976830124855042,0.9721193909645081
33,source,27,-0.29056107997894287,-0.5836499929428101,0.9688655138015747
33,source,28,-0.2939911186695099,-0.5729811191558838,0.9719448089599609
33,source,29,-0.30695897340774536,-0.5890923142433167,0.972696840763092
33,source,30,-0.30599701404571533,-0.6012293100357056,0.965081512928009
33,source,31,-0.3013313412666321,-0.5934205651283264,0.9636734127998352
33,source,32,-0.302915096282959,-0.6010687351226807,0.9653262495994568
33,source,33,-0.303358793258667,-0.6068127155303955,0.9682308435440063
33,source,34,-0.3048202395439148,-0.6025000810623169,0.9652860164642334
33,source,35,-0.2963772416114807,-0.5875467658042908,0.9714658260345459
33,source,36,-0.2933671772480011,-0.5958826541900635,0.9633474349975586
33,source,37,-0.30371037125587463,-0.5985186100006104,0.9787747859954834
33,source,38,-0.2970607280731201,-0.6001927256584167,0.9729145765304565
33,source,39,-0.2959021031856537,-0.5973502397537231,0.9669257402420044
33,source,40,-0.30126506090164185,-0.5936917066574097,0.9788711667060852
33,source,41,-0.3015662431716919,-0.595795214176178,0.9616400003433228
33,source,42,-0.29886966943740845,-0.595923900604248,0.9627947807312012
33,source,43,-0.3029597997665405,-0.5949777960777283,0.9711330533027649
33,source,44,-0.29334670305252075,-0.5970498919487,0.9619704484939575
33,source,45,-0.2992570996284485,-0.5967278480529785,0.966865599155426
33,source,46,-0.2979549467563629,-0.5975531339645386,0.9664535522460938
33,source,47,-0.3030241131782532,-0.5977659225463867,0.972260594367981
33,source,48,-0.2991369366645813,-0.6084328293800354,0.9601947069168091
33,source,49,-0.30521196126937866,-0.5990216135978699,0.9777578711509705
33,source,50,-0.3097074627876282,-0.6063112020492554,0.9831534028053284
33,source,51,-0.31118977069854736,-0.6011509299278259,0.976447582244873
33,source,52,-0.31224268674850464,-0.6019930839538574,0.9795952439308167
33,source,53,-0.3104611039161682,-0.6160797476768494,0.9757322072982788
33,source,54,-0.31203293800354004,-0.5975772142410278,0.9807575345039368
33,source,55,-0.317857563495636,-0.6099625825881958,0.9788893461227417
33,source,56,-0.31597864627838135,-0.603676974773407,0.9730607867240906
33,source,57,-0.3134421110153198,-0.6033503413200378,0.9703203439712524
33,source,58,-0.31435859203338623,-0.603143572807312,0.9789547324180603
33,source,59,-0.3181171417236328,-0.6061229109764099,0.978408694267273
33,source,60,-0.31011736392974854,-0.5950729846954346,0.977060854434967
33,source,61,-0.3190898299217224,-0.6061826944351196,0.9733030200004578
33,source,62,-0.3160569667816162,-0.5966744422912598,0.9766585230827332
33,source,63,-0.307952880859375,-0.6037482023239136,0.9707958698272705
33,target,0,-0.26567181944847107,-0.6204588413238525,0.9755279421806335
33,target,1,-0.31077802181243896,-0.6093339323997498,0.9850031733512878
33,target,2,-0.31122899055480957,-0.6002019047737122,0.9696882963180542
33,target,3,-0.2882494330406189,-0.6207694411277771,0.9668052196502686
33,target,4,-0.2998029589653015,-0.5917255878448486,0.9767785668373108
33,target,5,-0.3146181106567383,-0.5612111687660217,0.9829657673835754
33,target,6,-0.330569326877594,-0.5736197233200073,0.9796309471130371
33,target,7,-0.3193642497062683,-0.5536103844642639,0.9683630466461182
33,target,8,-0.3176041841506958,-0.5623875260353088,0.9660356044769287
33,target,9,-0.29168882966041565,-0.5879379510879517,0.9702026844024658
33,target,10,-0.28590133786201477,-0.5834252238273621,0.9699605107307434
33,target,11,-0.30163222551345825,-0.5748322606086731,0.9821237325668335
33,target,12,-0.2925194501876831,-0.5825690031051636,0.9593091011047363
33,target,13,-0.28799575567245483,-0.5880879163742065,0.9857668280601501
33,target,14,-0.29330500960350037,-0.5957139134407043,0.9779976010322571
33,target,15,-0.298384428024292,-0.6026099920272827,0.9718911051750183
33,target,16,-0.30413222312927246,-0.6022190451622009,0.9731228351593018
33,target,17,-0.3071306347846985,-0.5736136436462402,0.9673120975494385
33,target,18,-0.325431764125824,-0.5896089673042297,0.9766687154769897
33,target,19,-0.3161987066268921,-0.5925417542457581,0.9776437878608704
33,target,20,-0.3276287913322449,-0.5857941508293152,0.9820713400840759
33,target,21,-0.32923293113708496,-0.5700678825378418,0.9787213206291199
33,target,22,-0.30673104524612427,-0.5744823217391968,0.9795609712600708
33,target,23,-0.2910797595977783,-0.5836949348449707,0.9643858671188354
33,target,24,-0.3206503987312317,-0.5771051049232483,0.9791609048843384
33,target,25,-0.3002098798751831,-0.6097907423973083,0.9742118120193481
33,target,26,-0.29824745655059814,-0.6062458157539368,0.9751945734024048
33,target,27,-0.3023701608181,-0.6067149043083191,0.9750292301177979
33,target,28,-0.3085852861404419,-0.618481457233429,0.9759184122085571
33,target,29,-0.28809666633605957,-0.6082704663276672,0.9738661646842957
33,target,30,-0.29893600940704346,-0.6030901670455933,0.9757040739059448
33,target,31,-0.30544590950012207,-0.5793657898902893,0.9678958654403687
33,target,32,-0.3021213412284851,-0.5915321111679077,0.9691930413246155
33,target,33,-0.3109838366508484,-0.5975966453552246,0.9709519147872925
33,target,34,-0.2934715747833252,-0.6012169122695923,0.9622616767883301
33,target,35,-0.31107383966445923,-0.6086022257804871,0.9759431481361389
33,target,36,-0.31525295972824097,-0.5945629477500916,0.9694138169288635
33,target,37,-0.3050357699394226,-0.6003562211990356,0.9718053340911865
33,target,38,-0.3018033802509308,-0.5951981544494629,0.9707455635070801
33,target,39,-0.3112933039665222,-0.6020523905754089,0.9688958525657654
33,target,40,-0.3030209541320801,-0.608598530292511,0.9784322381019592
33,target,41,-0.29300689697265625,-0.5905759930610657,0.9708141088485718
33,target,42,-0.3029324412345886,-0.5887095928192139,0.9522967338562012
33,target,43,-0.2922571897506714,-0.600235641002655,0.9552944302558899
33,target,44,-0.3001660108566284,-0.5986196398735046,0.9597774744033813
33,target,45,-0.30067896842956543,-0.5960649847984314,0.9558619260787964
33,target,46,-0.282604455947876,-0.6422610282897949,1.0121774673461914
33,target,47,-0.25480613112449646,-0.6356448531150818,0.9664087295532227
33,target,48,-0.2603834271430969,-0.6267378926277161,0.9787996411323547
33,target,49,-0.2696452736854553,-0.6338444948196411,1.0133028030395508
33,target,50,-0.3051265478134155,-0.6090506911277771,1.0195280313491821
33,target,51,-0.2894919514656067,-0.6124628186225891,0.976279616355896
33,target,52,-0.28417515754699707,-0.6149333119392395,0.973636269569397
33,target,53,-0.28518176078796387,-0.6152493357658386,0.9737437963485718
33,target,54,-0.2850971221923828,-0.6014628410339355,0.9781003594398499
33,target,55,-0.2726837992668152,-0.6111133694648743,0.9766476154327393
33,target,56,-0.26239052414894104,-0.6198199987411499,0.9702264070510864
33,target,57,-0.2752933204174042,-0.6166818737983704,0.9733693599700928
33,target,58,-0.2759498953819275,-0.6064224243164062,0.9670554399490356
33,target,59,-0.2694817781448364,-0.6275585293769836,0.9730955362319946
33,target,60,-0.2824917435646057,-0.619566798210144,0.9705443978309631
33,target,61,-0.27763521671295166,-0.6195454597473145,0.974977970123291
33,target,62,-0.29063379764556885,-0.621118426322937,0.9716802835464478
33,target,63,-0.27572566270828247,-0.6262356042861938,0.9637213945388794
34,source,0,-0.3183896541595459,-0.6251287460327148,0.9789614677429199
34,source,1,-0.3111532926559448,-0.6372981667518616,0.9779239296913147
34,source,2,-0.31792253255844116,-0.6278529167175293,0.9757173657417297
34,source,3,-0.3153940439224243,-0.6334500312805176,0.9690451622009277
34,source,4,-0.3183233141899109,-0.6314538717269897,0.9799139499664307
34,source,5,-0.31781429052352905,-0.6370234489440918,0.9764372706413269
34,source,6,-0.31906408071517944,-0.6351613998413086,0.9767574667930603
34,source,7,-0.3151887059211731,-0.6373146772384644,0.9737778306007385
34,source,8,-0.31658971309661865,-0.6367500424385071,0.9745479822158813
34,source,9,-0.3200334310531616,-0.6355825066566467,0.9763439297676086
34,source,10,-0.3160362243652344,-0.6194026470184326,0.9837427735328674
34,source,11,-0.3214292526245117,-0.6299858689308167,0.974850058555603
34,source,12,-0.31873202323913574,-0.6257749795913696,0.9759857654571533
34,source,13,-0.3169088363647461,-0.6279722452163696,0.9690468311309814
34,source,14,-0.30463892221450806,-0.6317894458770752,0.9704377055168152
34,source,15,-0.3133596181869507,-0.6268932819366455,0.9859001040458679
34,source,16,-0.30922162532806396,-0.6327453851699829,0.9767862558364868
34,source,17,-0.30898982286453247,-0.6249523162841797,0.9741031527519226
34,source,18,-0.30769914388656616,-0.6308649778366089,0.9749664068222046
34,source,19,-0.31747937202453613,-0.6299067139625549,0.9787951111793518
34,source,20,-0.3137417435646057,-0.6284358501434326,0.9680212736129761
34,source,21,-0.30298539996147156,-0.6254407167434692,0.9698268175125122
34,source,22,-0.3071950674057007,-0.6287465691566467,0.9673892259597778
34,source,23,-0.3063541054725647,-0.6329255104064941,0.9703890085220337
34,source,24,-0.311585009098053,-0.6323245167732239,0.9767700433731079
34,source,25,-0.3120229244232178,-0.6241691708564758,0.9821909070014954
34,source,26,-0.3149871826171875,-0.6274738311767578,0.9811398983001709
34,source,27,-0.30360645055770874,-0.6151975393295288,0.976340115070343
34,source,28,-0.3079286217689514,-0.6079608201980591,0.9800730347633362
34,source,29,-0.31638777256011963,-0.6265802383422852,0.9789218902587891
34,source,30,-0.32325422763824463,-0.633007824420929,0.9758248925209045
34,source,31,-0.3195585608482361,-0.6260228157043457,0.973590612411499
34,source,32,-0.31962651014328003,-0.6311224699020386,0.9728394746780396
34,source,33,-0.3149387836456299,-0.6335228681564331,0.9752451181411743
34,source,34,-0.32235413789749146,-0.6374813318252563,0.9748903512954712
34,source,35,-0.3120577335357666,-0.6194379329681396,0.9778485894203186
34,source,36,-0.30660611391067505,-0.6294285655021667,0.9741952419281006
34,source,37,-0.31844472885131836,-0.625007688999176,0.9824639558792114
34,source,38,-0.3106919527053833,-0.625858724117279,0.9810793995857239
34,source,39,-0.310069739818573,-0.631635308265686,0.974912703037262
34,source,40,-0.31043529510498047,-0.635198175907135,0.9843786954879761
34,source,41,-0.3157513737678528,-0.6326654553413391,0.9719071984291077
34,source,42,-0.31213945150375366,-0.6338702440261841,0.9719299674034119
34,source,43,-0.3147037625312805,-0.6295610070228577,0.9787436127662659
34,source,44,-0.3094971776008606,-0.6208413243293762,0.96895432472229
34,source,45,-0.31444114446640015,-0.6295762658119202,0.976468563079834
34,source,46,-0.3129614591598511,-0.6336426138877869,0.9765688180923462
34,source,47,-0.32176363468170166,-0.6258083581924438,0.9845386147499084
34,source,48,-0.31655728816986084,-0.632955014705658,0.9679533839225769
34,source,49,-0.31387627124786377,-0.6319065690040588,0.9826164245605469
34,source,50,-0.3204647898674011,-0.6248197555541992,0.9873843789100647
34,source,51,-0.3244546055793762,-0.6288393139839172,0.9837318062782288
34,source,52,-0.3297925591468811,-0.6264631748199463,0.984025239944458
34,source,53,-0.325594961643219,-0.6387293934822083,0.9772250652313232
34,source,54,-0.32911384105682373,-0.619701087474823,0.9867116808891296
34,source,55,-0.3340962529182434,-0.6312732696533203,0.9843550324440002
34,source,56,-0.3305772542953491,-0.6341174244880676,0.9831262826919556
34,source,57,-0.32802295684814453,-0.6343168616294861,0.9797878861427307
34,source,58,-0.32618844509124756,-0.6270321011543274,0.9870473146438599
34,source,59,-0.3316275477409363,-0.6325759291648865,0.9850202798843384
34,source,60,-0.32574427127838135,-0.6233869791030884,0.9864891767501831
34,source,61,-0.33014237880706787,-0.6339883208274841,0.9793981313705444
34,source,62,-0.3281775712966919,-0.6224255561828613,0.9843648076057434
34,source,63,-0.3245944380760193,-0.627524197101593,0.9800137281417847
34,target,0,-0.2755504250526428,-0.6401192545890808,0.9731764793395996
34,target,1,-0.32359248399734497,-0.6327357292175293,0.9897109270095825
34,target,2,-0.3193838596343994,-0.6290729641914368,0.9727106094360352
34,target,3,-0.3051506280899048,-0.6437124013900757,0.9758541584014893
34,target,4,-0.3188204765319824,-0.6143057346343994,0.978994607925415
34,target,5,-0.32872188091278076,-0.5663688778877258,0.9947659373283386
34,target,6,-0.34676671028137207,-0.5875499844551086,0.9971117973327637
34,target,7,-0.3301504850387573,-0.5812219381332397,0.9915383458137512
34,target,8,-0.3330255150794983,-0.5919065475463867,0.987942099571228
34,target,9,-0.3046954870223999,-0.6021917462348938,0.9827895164489746
34,target,10,-0.3016629219055176,-0.5899919271469116,0.9826242923736572
34,target,11,-0.3200228214263916,-0.5773136019706726,0.9955487251281738
34,target,12,-0.31145668029785156,-0.5965510606765747,0.9745996594429016
34,target,13,-0.29477623105049133,-0.6043041348457336,0.9858275055885315
34,target,14,-0.30235373973846436,-0.6103700399398804,0.9819243550300598
34,target,15,-0.30489814281463623,-0.6152074933052063,0.9728788733482361
34,target,16,-0.3140217065811157,-0.6167072653770447,0.9762715101242065
34,target,17,-0.33122122287750244,-0.5961704850196838,0.9844173192977905
34,target,18,-0.3352697491645813,-0.5904996991157532,0.9887658953666687
34,target,19,-0.32343053817749023,-0.6021170020103455,0.9833992719650269
34,target,20,-0.32984793186187744,-0.5961044430732727,0.9947224855422974
34,target,21,-0.33976179361343384,-0.5950192809104919,0.993490993976593
34,target,22,-0.31738579273223877,-0.581348180770874,0.986638069152832
34,target,23,-0.3053092360496521,-0.6025964617729187,0.9768257737159729
34,target,24,-0.32861900329589844,-0.6029109358787537,0.9900254011154175
34,target,25,-0.31250131130218506,-0.6231422424316406,0.9858053922653198
34,target,26,-0.3080117702484131,-0.6271932125091553,0.9801655411720276
34,target,27,-0.31533825397491455,-0.6205924153327942,0.9743891358375549
34,target,28,-0.3238790035247803,-0.6319877505302429,0.9797437191009521
34,target,29,-0.30289000272750854,-0.620700478553772,0.9837988018989563
34,target,30,-0.3147593140602112,-0.6230471730232239,0.9871118068695068
34,target,31,-0.3303549885749817,-0.5953119993209839,0.98115473985672
34,target,32,-0.32367604970932007,-0.611073911190033,0.985427975654602
34,target,33,-0.3231011629104614,-0.6361708641052246,0.9755069613456726
34,target,34,-0.31653350591659546,-0.6320672035217285,0.9709969162940979
34,target,35,-0.31635189056396484,-0.6260817050933838,0.970674455165863
34,target,36,-0.32516980171203613,-0.6247332096099854,0.9818685054779053
34,target,37,-0.31550467014312744,-0.6316052079200745,0.9720445871353149
34,target,38,-0.31986743211746216,-0.6239362359046936,0.979717493057251
34,target,39,-0.32261204719543457,-0.6320856809616089,0.9777207374572754
34,target,40,-0.30873823165893555,-0.6120420098304749,0.9828299880027771
34,target,41,-0.30016952753067017,-0.5967234969139099,0.9802226424217224
34,target,42,-0.3261088728904724,-0.6166283488273621,0.9701041579246521
34,target,43,-0.31339597702026367,-0.6218103170394897,0.9646062254905701
34,target,44,-0.3172687888145447,-0.6228272914886475,0.9647778868675232
34,target,45,-0.3176705241203308,-0.6195405721664429,0.9630303382873535
34,target,46,-0.2817225456237793,-0.6709800362586975,1.0199090242385864
34,target,47,-0.2659305930137634,-0.6617254614830017,0.9728409647941589
34,target,48,-0.2619031071662903,-0.6509168148040771,0.9842735528945923
34,target,49,-0.2766086459159851,-0.6596866846084595,1.0264626741409302
34,target,50,-0.3047395348548889,-0.6276265978813171,1.0212539434432983
34,target,51,-0.3056390881538391,-0.6374159455299377,0.9819340705871582
34,target,52,-0.3003442883491516,-0.6333822011947632,0.9789706468582153
34,target,53,-0.3028782904148102,-0.6350957155227661,0.9823209047317505
34,target,54,-0.2961210012435913,-0.6207450032234192,0.9795342087745667
34,target,55,-0.28260529041290283,-0.6285586953163147,0.9772392511367798
34,target,56,-0.27646303176879883,-0.6398406028747559,0.9737111926078796
34,target,57,-0.287701815366745,-0.6394501328468323,0.975156307220459
34,target,58,-0.2944735884666443,-0.6219308376312256,0.9779680371284485
34,target,59,-0.28563469648361206,-0.6386184692382812,0.9799400568008423
34,target,60,-0.2956811189651489,-0.6422517895698547,0.9780690670013428
34,target,61,-0.29149043560028076,-0.6456361413002014,0.9842153787612915
34,target,62,-0.30250394344329834,-0.6448296308517456,0.9745473861694336
34,target,63,-0.28873521089553833,-0.6402029395103455,0.9708276987075806
35,source,0,-0.3085496425628662,-0.6310122609138489,0.9862662553787231
35,source,1,-0.3059048056602478,-0.6425720453262329,0.9850603938102722
35,source,2,-0.3066747188568115,-0.6389347314834595,0.9830828905105591
35,source,3,-0.3075433373451233,-0.6399076581001282,0.9777697920799255
35,source,4,-0.3076893091201782,-0.6505012512207031,0.9871494174003601
35,source,5,-0.3109745979309082,-0.6451050043106079,0.9859998822212219
35,source,6,-0.30849915742874146,-0.6417647004127502,0.9837996363639832
35,source,7,-0.3045269250869751,-0.6448684334754944,0.9825776219367981
35,source,8,-0.31152552366256714,-0.6422345638275146,0.9850969314575195
35,source,9,-0.3101344108581543,-0.6391015648841858,0.9846848845481873
35,source,10,-0.30632728338241577,-0.6338383555412292,0.9890343546867371
35,source,11,-0.3091183304786682,-0.6402596831321716,0.9825973510742188
35,source,12,-0.30811989307403564,-0.6301876902580261,0.9838207960128784
35,source,13,-0.30816733837127686,-0.6336607336997986,0.9768242835998535
35,source,14,-0.29866719245910645,-0.6459323167800903,0.981178343296051
35,source,15,-0.305389404296875,-0.6464341878890991,0.9967578053474426
35,source,16,-0.3036980628967285,-0.643176257610321,0.9874200820922852
35,source,17,-0.30099934339523315,-0.6382577419281006,0.9848712682723999
35,source,18,-0.2999829947948456,-0.6406763195991516,0.9843074679374695
35,source,19,-0.308002769947052,-0.6382045149803162,0.9893500208854675
35,source,20,-0.2987828254699707,-0.6400479078292847,0.9758387804031372
35,source,21,-0.2976585626602173,-0.6426050662994385,0.984693706035614
35,source,22,-0.3001399636268616,-0.6484965085983276,0.9849164485931396
35,source,23,-0.30402642488479614,-0.6478779911994934,0.9883027076721191
35,source,24,-0.3056434094905853,-0.6509395241737366,0.9910327196121216
35,source,25,-0.30360549688339233,-0.6471996903419495,0.9935804009437561
35,source,26,-0.3089487552642822,-0.6380850672721863,0.9908846616744995
35,source,27,-0.30232226848602295,-0.6267205476760864,0.9846290349960327
35,source,28,-0.30207550525665283,-0.6293284893035889,0.9864240884780884
35,source,29,-0.31105172634124756,-0.6340742111206055,0.9876512289047241
35,source,30,-0.312261700630188,-0.6385261416435242,0.9816331267356873
35,source,31,-0.31107646226882935,-0.6299020648002625,0.9813991785049438
35,source,32,-0.30820566415786743,-0.6413688659667969,0.982332170009613
35,source,33,-0.3090612292289734,-0.6416083574295044,0.9847202301025391
35,source,34,-0.3147527575492859,-0.6433674693107605,0.9859806299209595
35,source,35,-0.30386456847190857,-0.6311923265457153,0.9843747019767761
35,source,36,-0.30189961194992065,-0.6418537497520447,0.9802460670471191
35,source,37,-0.31122493743896484,-0.6401130557060242,0.9932854175567627
35,source,38,-0.3029272258281708,-0.6474064588546753,0.9914286136627197
35,source,39,-0.3027116358280182,-0.650236189365387,0.9886051416397095
35,source,40,-0.30419084429740906,-0.642763614654541,0.9930617809295654
35,source,41,-0.30565595626831055,-0.6465851068496704,0.9837639331817627
35,source,42,-0.3043653666973114,-0.6515635848045349,0.9869208931922913
35,source,43,-0.3061235547065735,-0.64415442943573,0.9890362024307251
35,source,44,-0.2980915307998657,-0.6420304179191589,0.9801564812660217
35,source,45,-0.3003922998905182,-0.6407084465026855,0.9831530451774597
35,source,46,-0.30210816860198975,-0.6420015096664429,0.9821315407752991
35,source,47,-0.3103310465812683,-0.640399694442749,0.9860673546791077
35,source,48,-0.30607569217681885,-0.6456846594810486,0.9762426018714905
35,source,49,-0.3092462420463562,-0.6422719955444336,0.9925361275672913
35,source,50,-0.313892662525177,-0.6321265697479248,0.9894049167633057
35,source,51,-0.31103551387786865,-0.6272860765457153,0.9786075949668884
35,source,52,-0.31518054008483887,-0.6271054148674011,0.9801845550537109
35,source,53,-0.3147965669631958,-0.6400112509727478,0.9788923263549805
35,source,54,-0.31215810775756836,-0.6265689134597778,0.9811670184135437
35,source,55,-0.31684064865112305,-0.6379640102386475,0.9873673319816589
35,source,56,-0.3137206435203552,-0.6311383247375488,0.9816071391105652
35,source,57,-0.313581645488739,-0.6365963816642761,0.9826662540435791
35,source,58,-0.31281566619873047,-0.6336849927902222,0.9861805438995361
35,source,59,-0.3156411647796631,-0.6345169544219971,0.985008716583252
35,source,60,-0.31021058559417725,-0.6241199374198914,0.9838652610778809
35,source,61,-0.3175698518753052,-0.6260606050491333,0.976531445980072
35,source,62,-0.31231433153152466,-0.6230045557022095,0.9796679019927979
35,source,63,-0.31189292669296265,-0.6299868822097778,0.9734002351760864
35,target,0,-0.2691236734390259,-0.6522234082221985,0.9723488092422485
35,target,1,-0.3135823607444763,-0.6289634108543396,0.9879233837127686
35,target,2,-0.3105735778808594,-0.6194374561309814,0.9716982245445251
35,target,3,-0.2926470935344696,-0.6482399702072144,0.9715312719345093
35,target,4,-0.30401676893234253,-0.6338390111923218,0.9792481064796448
35,target,5,-0.3154887557029724,-0.6295750737190247,0.9976291060447693
35,target,6,-0.3222411870956421,-0.6075851321220398,0.987237274646759
35,target,7,-0.31407690048217773,-0.5965883731842041,0.9845277667045593
35,target,8,-0.3157538175582886,-0.6032101511955261,0.9782841205596924
35,target,9,-0.30253392457962036,-0.6136031746864319,0.9832012057304382
35,target,10,-0.2941375970840454,-0.6126208305358887,0.9792153835296631
35,target,11,-0.30711597204208374,-0.6178500652313232,0.9881714582443237
35,target,12,-0.31215429306030273,-0.6124722957611084,0.9745886325836182
35,target,13,-0.28322774171829224,-0.6319534778594971,0.9879790544509888
35,target,14,-0.28526851534843445,-0.6406657695770264,0.985488772392273
35,target,15,-0.291221559047699,-0.6369305849075317,0.9801270365715027
35,target,16,-0.2990397810935974,-0.6362037658691406,0.9825150966644287
35,target,17,-0.3112415671348572,-0.6165731549263,0.9738976955413818
35,target,18,-0.3234745264053345,-0.6197888851165771,0.9853168725967407
35,target,19,-0.31076109409332275,-0.6126298308372498,0.9728682041168213
35,target,20,-0.3195309638977051,-0.6190478205680847,0.9885856509208679
35,target,21,-0.3246306777000427,-0.5960602164268494,0.980522871017456
35,target,22,-0.30630165338516235,-0.6193008422851562,0.9834367036819458
35,target,23,-0.29567474126815796,-0.6164717078208923,0.9729896187782288
35,target,24,-0.3101322054862976,-0.6157471537590027,0.9843825101852417
35,target,25,-0.30290454626083374,-0.6384813785552979,0.984535813331604
35,target,26,-0.307836651802063,-0.6289000511169434,0.9784227609634399
35,target,27,-0.3085618019104004,-0.618397057056427,0.9654560089111328
35,target,28,-0.3105562925338745,-0.6287589073181152,0.9806079864501953
35,target,29,-0.2950376272201538,-0.6463974118232727,0.9919008016586304
35,target,30,-0.2997618317604065,-0.647313117980957,0.9913867115974426
35,target,31,-0.31702160835266113,-0.6257959008216858,0.9853631258010864
35,target,32,-0.3146003484725952,-0.6331132054328918,0.9878476858139038
35,target,33,-0.310505211353302,-0.6160309910774231,0.9697475433349609
35,target,34,-0.30361437797546387,-0.630036473274231,0.9682492017745972
35,target,35,-0.3048558235168457,-0.6289879083633423,0.9746326804161072
35,target,36,-0.3111254572868347,-0.6173525452613831,0.9741563200950623
35,target,37,-0.30212485790252686,-0.6169453263282776,0.9695850610733032
35,target,38,-0.3055351972579956,-0.613871157169342,0.9705489277839661
35,target,39,-0.3108832836151123,-0.6192682981491089,0.9704189300537109
35,target,40,-0.3016965389251709,-0.6258421540260315,0.9785506129264832
35,target,41,-0.2982180714607239,-0.6140524744987488,0.9770422577857971
35,target,42,-0.30785316228866577,-0.6164146661758423,0.961777925491333
35,target,43,-0.30423739552497864,-0.6309691071510315,0.9626657962799072
35,target,44,-0.30511409044265747,-0.6253611445426941,0.9678767919540405
35,target,45,-0.30875396728515625,-0.6201400756835938,0.9683148860931396
35,target,46,-0.2764638364315033,-0.7106233239173889,1.0236073732376099
35,target,47,-0.2600143551826477,-0.6771299242973328,0.9789896011352539
35,target,48,-0.2543541491031647,-0.664088249206543,0.9839537143707275
35,target,49,-0.27636945247650146,-0.7031224966049194,1.0193891525268555
35,target,50,-0.2994173765182495,-0.6430268883705139,1.0199910402297974
35,target,51,-0.3002224266529083,-0.6436939239501953,0.9888179898262024
35,target,52,-0.2976834177970886,-0.6474141478538513,0.9916408061981201
35,target,53,-0.29047691822052,-0.6551870703697205,0.9873898029327393
35,target,54,-0.28953874111175537,-0.6316053867340088,0.9843713641166687
35,target,55,-0.2766491770744324,-0.6559659838676453,0.9815431237220764
35,target,56,-0.2644297182559967,-0.6629995107650757,0.9812456965446472
35,target,57,-0.2795063853263855,-0.6614102125167847,0.9829355478286743
35,target,58,-0.2832866311073303,-0.6539465188980103,0.9828963279724121
35,target,59,-0.2868167459964752,-0.6570823192596436,0.991952657699585
35,target,60,-0.2916780114173889,-0.6482853293418884,0.9856199622154236
35,target,61,-0.2898963391780853,-0.6574577689170837,0.9929457902908325
35,target,62,-0.2940652370452881,-0.6487790942192078,0.978692352771759
35,target,63,-0.28325915336608887,-0.6561019420623779,0.9775562882423401
36,source,0,-0.32149738073349,-0.6222206950187683,0.9981024265289307
36,source,1,-0.31764835119247437,-0.6283610463142395,0.9972426295280457
36,source,2,-0.3223370313644409,-0.6239747405052185,0.9903111457824707
36,source,3,-0.31944626569747925,-0.6284134387969971,0.9874396324157715
36,source,4,-0.3206459879875183,-0.6282349228858948,0.9947142601013184
36,source,5,-0.32260972261428833,-0.6291471123695374,0.9896859526634216
36,source,6,-0.3209080100059509,-0.624536395072937,0.9890360236167908
36,source,7,-0.31639426946640015,-0.6257096529006958,0.9877116084098816
36,source,8,-0.3202689290046692,-0.6273581385612488,0.9889422059059143
36,source,9,-0.3212566375732422,-0.6245522499084473,0.9902700185775757
36,source,10,-0.3204333186149597,-0.6185047626495361,0.9985175132751465
36,source,11,-0.324881911277771,-0.626695990562439,0.989041268825531
36,source,12,-0.31977784633636475,-0.6225284337997437,0.9920927286148071
36,source,13,-0.31818002462387085,-0.6253230571746826,0.9826335310935974
36,source,14,-0.3130340576171875,-0.6251491904258728,0.9904650449752808
36,source,15,-0.3191036581993103,-0.6265765428543091,1.004560112953186
36,source,16,-0.31424087285995483,-0.6277185678482056,0.9917239546775818
36,source,17,-0.31454992294311523,-0.6217045783996582,0.9902365803718567
36,source,18,-0.3161054253578186,-0.6293212175369263,0.9919688701629639
36,source,19,-0.31972330808639526,-0.6257829666137695,0.9979808926582336
36,source,20,-0.31347835063934326,-0.6307088732719421,0.9804648160934448
36,source,21,-0.31091684103012085,-0.624196469783783,0.9890226721763611
36,source,22,-0.31127846240997314,-0.6290863752365112,0.9848067760467529
36,source,23,-0.3182465434074402,-0.6259140372276306,0.9916498064994812
36,source,24,-0.3179771900177002,-0.6316603422164917,0.9935393929481506
36,source,25,-0.318986713886261,-0.6272472739219666,1.0029162168502808
36,source,26,-0.31850916147232056,-0.6249966025352478,0.9942595958709717
36,source,27,-0.3068261742591858,-0.6144260168075562,0.9927202463150024
36,source,28,-0.3150671124458313,-0.6100843548774719,0.9971356391906738
36,source,29,-0.32592254877090454,-0.6195632815361023,0.9974727630615234
36,source,30,-0.326471209526062,-0.6257328391075134,0.9884293675422668
36,source,31,-0.32201725244522095,-0.6207705736160278,0.9892394542694092
36,source,32,-0.31994402408599854,-0.6260808110237122,0.9876468777656555
36,source,33,-0.3205915093421936,-0.6241827011108398,0.9883239269256592
36,source,34,-0.32609450817108154,-0.6258021593093872,0.9901679158210754
36,source,35,-0.31748515367507935,-0.6161765456199646,0.997035026550293
36,source,36,-0.31171250343322754,-0.6212196350097656,0.9909570217132568
36,source,37,-0.3219415545463562,-0.6232884526252747,0.9996100664138794
36,source,38,-0.31393688917160034,-0.6289021968841553,0.9985217452049255
36,source,39,-0.3153437376022339,-0.6286161541938782,0.9915710091590881
36,source,40,-0.3177557587623596,-0.6213846206665039,1.0011307001113892
36,source,41,-0.31751519441604614,-0.6257547736167908,0.9870679378509521
36,source,42,-0.314757764339447,-0.6289594173431396,0.9867515563964844
36,source,43,-0.3193485140800476,-0.627020001411438,0.9960216879844666
36,source,44,-0.31298828125,-0.6284277439117432,0.9837925434112549
36,source,45,-0.3158392310142517,-0.6287806034088135,0.992560863494873
36,source,46,-0.3155863285064697,-0.6275112628936768,0.9898746013641357
36,source,47,-0.32662898302078247,-0.6219606995582581,0.995266318321228
36,source,48,-0.3183230757713318,-0.6300517320632935,0.9827543497085571
36,source,49,-0.3246498107910156,-0.6267404556274414,1.003835916519165
36,source,50,-0.33095884323120117,-0.6236984133720398,1.0016545057296753
36,source,51,-0.32299715280532837,-0.621277928352356,0.9930709600448608
36,source,52,-0.33142584562301636,-0.6182476282119751,0.9914244413375854
36,source,53,-0.32558947801589966,-0.6297635436058044,0.9864460229873657
36,source,54,-0.3255285620689392,-0.6180816888809204,0.9948974847793579
36,source,55,-0.328618586063385,-0.6253048181533813,0.9878877997398376
36,source,56,-0.32639122009277344,-0.6246309876441956,0.9867880344390869
36,source,57,-0.32694900035858154,-0.620347797870636,0.9853985905647278
36,source,58,-0.3257169723510742,-0.618526816368103,0.9921593070030212
36,source,59,-0.3273191452026367,-0.6218449473381042,0.9864000082015991
36,source,60,-0.32626110315322876,-0.613740086555481,0.9933298230171204
36,source,61,-0.33042633533477783,-0.6220953464508057,0.9837769269943237
36,source,62,-0.3287845849990845,-0.6126779913902283,0.9930545687675476
36,source,63,-0.33033525943756104,-0.6203370094299316,0.9850512742996216
36,target,0,-0.2979655861854553,-0.6340644359588623,0.9888243675231934
36,target,1,-0.338070809841156,-0.6240511536598206,1.0017694234848022
36,target,2,-0.32970428466796875,-0.6197424530982971,0.98711758852005
36,target,3,-0.31312376260757446,-0.6325165629386902,0.9866490960121155
36,target,4,-0.32171177864074707,-0.6105846166610718,0.987385094165802
36,target,5,-0.33474379777908325,-0.5875192880630493,0.9973400235176086
36,target,6,-0.34266018867492676,-0.5848813652992249,0.9950188398361206
36,target,7,-0.3256576657295227,-0.5776435136795044,0.9872744083404541
36,target,8,-0.32782626152038574,-0.5868581533432007,0.984684407711029
36,target,9,-0.31396448612213135,-0.5975807905197144,0.9950642585754395
36,target,10,-0.3094155788421631,-0.5972787737846375,0.9873576164245605
36,target,11,-0.32807546854019165,-0.5948086977005005,0.9919693470001221
36,target,12,-0.3189971446990967,-0.5946349501609802,0.9813417196273804
36,target,13,-0.30762261152267456,-0.609646201133728,0.9997393488883972
36,target,14,-0.3085906505584717,-0.612962007522583,0.9918863773345947
36,target,15,-0.31253933906555176,-0.6132308840751648,0.9850648641586304
36,target,16,-0.31478142738342285,-0.6122031211853027,0.9855084419250488
36,target,17,-0.32344818115234375,-0.5942449569702148,0.9811512231826782
36,target,18,-0.33782827854156494,-0.5973864793777466,0.9892879724502563
36,target,19,-0.3246039152145386,-0.5987821221351624,0.9872773289680481
36,target,20,-0.3374277353286743,-0.5935688614845276,0.992993950843811
36,target,21,-0.3437548875808716,-0.582606315612793,0.9914982318878174
36,target,22,-0.3247799873352051,-0.5894106030464172,0.9897810220718384
36,target,23,-0.3066636919975281,-0.599044144153595,0.9806113243103027
36,target,24,-0.3282819390296936,-0.5975368618965149,0.987596333026886
36,target,25,-0.3259121775627136,-0.6232481002807617,0.9997863173484802
36,target,26,-0.32369309663772583,-0.613924503326416,0.9981870055198669
36,target,27,-0.3280376195907593,-0.6068652868270874,0.9902780055999756
36,target,28,-0.3318537473678589,-0.6207610964775085,0.9931299090385437
36,target,29,-0.31209349632263184,-0.6162355542182922,0.9933342933654785
36,target,30,-0.31487685441970825,-0.6160329580307007,0.983677327632904
36,target,31,-0.3308377265930176,-0.5960564613342285,0.9868521094322205
36,target,32,-0.3280065655708313,-0.6041824817657471,0.9908809065818787
36,target,33,-0.33313822746276855,-0.6175163388252258,0.9795334339141846
36,target,34,-0.31954872608184814,-0.619334876537323,0.9812982678413391
36,target,35,-0.32913315296173096,-0.6147253513336182,0.974416971206665
36,target,36,-0.32916152477264404,-0.607042670249939,0.9835945963859558
36,target,37,-0.3210536241531372,-0.6136578917503357,0.9807998538017273
36,target,38,-0.3222919702529907,-0.6070048213005066,0.9857602119445801
36,target,39,-0.32517075538635254,-0.6154997944831848,0.9803878664970398
36,target,40,-0.3198446035385132,-0.6145192384719849,0.9829878807067871
36,target,41,-0.3115881085395813,-0.6067284345626831,0.980832576751709
36,target,42,-0.3163290023803711,-0.6154431700706482,0.9713099002838135
36,target,43,-0.2993188798427582,-0.6231159567832947,0.9672872424125671
36,target,44,-0.3123226761817932,-0.622570812702179,0.9747876524925232
36,target,45,-0.3114868402481079,-0.616827666759491,0.9721925854682922
36,target,46,-0.2971654534339905,-0.6805697083473206,1.0308409929275513
36,target,47,-0.28345298767089844,-0.6506398320198059,0.9881900548934937
36,target,48,-0.2814638018608093,-0.6433811187744141,0.9950146079063416
36,target,49,-0.29567909240722656,-0.6709204912185669,1.0381615161895752
36,target,50,-0.32780176401138306,-0.6386989951133728,1.0329742431640625
36,target,51,-0.31611478328704834,-0.6223976612091064,0.9978562593460083
36,target,52,-0.30787116289138794,-0.6285668015480042,0.9988542199134827
36,target,53,-0.31176185607910156,-0.6278036832809448,0.9939614534378052
36,target,54,-0.30855613946914673,-0.6121576428413391,0.996034562587738
36,target,55,-0.2936985194683075,-0.6191741228103638,0.9965057969093323
36,target,56,-0.28846046328544617,-0.6363050937652588,0.990678608417511
36,target,57,-0.29862546920776367,-0.6294671893119812,0.9930995106697083
36,target,58,-0.3043641448020935,-0.6249159574508667,0.9922065138816833
36,target,59,-0.30537140369415283,-0.6346387267112732,0.9978729486465454
36,target,60,-0.3126376271247864,-0.6303238272666931,0.9945297241210938
36,target,61,-0.3045195937156677,-0.6307791471481323,0.9985936880111694
36,target,62,-0.3089633584022522,-0.6347193717956543,0.9877543449401855
36,target,63,-0.30140894651412964,-0.6375449895858765,0.9872120022773743
37,source,0,-0.30744481086730957,-0.6301321387290955,1.0000419616699219
37,source,1,-0.3014090061187744,-0.634997546672821,0.9966476559638977
37,source,2,-0.30935144424438477,-0.6315369606018066,0.9947913885116577
37,source,3,-0.3097810745239258,-0.6393599510192871,0.9889662265777588
37,source,4,-0.3071866035461426,-0.6333279013633728,0.9945571422576904
37,source,5,-0.3080233931541443,-0.6348735690116882,0.9913142919540405
37,source,6,-0.30626344680786133,-0.6324676871299744,0.9918481111526489
37,source,7,-0.30159497261047363,-0.6332480311393738,0.9877243041992188
37,source,8,-0.3060814440250397,-0.6329101920127869,0.9917471408843994
37,source,9,-0.3092331290245056,-0.6311841011047363,0.9902819395065308
37,source,10,-0.3085492253303528,-0.629706859588623,1.001778483390808
37,source,11,-0.3133387565612793,-0.6377591490745544,0.995427131652832
37,source,12,-0.31401365995407104,-0.6316708922386169,0.9988938570022583
37,source,13,-0.31187963485717773,-0.6347302794456482,0.9904378652572632
37,source,14,-0.30121397972106934,-0.6288174986839294,0.9904468059539795
37,source,15,-0.30502647161483765,-0.6302891373634338,1.0052334070205688
37,source,16,-0.30491095781326294,-0.6318461298942566,0.9939770102500916
37,source,17,-0.3006845712661743,-0.6312475204467773,0.9931883811950684
37,source,18,-0.3034408390522003,-0.6340340375900269,0.9941061735153198
37,source,19,-0.3071001172065735,-0.631255030632019,0.9978858232498169
37,source,20,-0.31031036376953125,-0.636753261089325,0.9860658049583435
37,source,21,-0.30140602588653564,-0.6308838725090027,0.989139199256897
37,source,22,-0.30282771587371826,-0.6349107027053833,0.987256646156311
37,source,23,-0.30428242683410645,-0.6294403672218323,0.9929693341255188
37,source,24,-0.30432024598121643,-0.6341329216957092,0.9954427480697632
37,source,25,-0.3019254803657532,-0.6277522444725037,0.9997653961181641
37,source,26,-0.3097677230834961,-0.6298039555549622,1.0004607439041138
37,source,27,-0.29697319865226746,-0.6193011999130249,0.9928514957427979
37,source,28,-0.30173516273498535,-0.6190654039382935,0.9977003931999207
37,source,29,-0.31529176235198975,-0.6317212581634521,1.0004392862319946
37,source,30,-0.31516677141189575,-0.6374769806861877,0.9951629042625427
37,source,31,-0.3131846785545349,-0.6315014362335205,0.9950770139694214
37,source,32,-0.3096572756767273,-0.633432149887085,0.9890204668045044
37,source,33,-0.3075963258743286,-0.6306761503219604,0.990261435508728
37,source,34,-0.31405436992645264,-0.6357430219650269,0.9995205402374268
37,source,35,-0.3012005090713501,-0.6214320659637451,0.9995657205581665
37,source,36,-0.29891911149024963,-0.6252848505973816,0.9902079105377197
37,source,37,-0.3079821467399597,-0.6308543086051941,1.002468466758728
37,source,38,-0.2987040877342224,-0.633529782295227,0.9984122514724731
37,source,39,-0.3011697828769684,-0.6314016580581665,0.9922081828117371
37,source,40,-0.3018859624862671,-0.6284590363502502,0.9987083077430725
37,source,41,-0.3042142987251282,-0.6333717703819275,0.9894144535064697
37,source,42,-0.3027803897857666,-0.6352777481079102,0.9888377785682678
37,source,43,-0.30630624294281006,-0.630882740020752,0.9971101880073547
37,source,44,-0.3084741234779358,-0.6337531208992004,0.9891835451126099
37,source,45,-0.3074644207954407,-0.6328493356704712,0.9940329790115356
37,source,46,-0.3025209903717041,-0.6334511637687683,0.9914599657058716
37,source,47,-0.31241071224212646,-0.6293115615844727,1.000787377357483
37,source,48,-0.30836987495422363,-0.6434056162834167,0.9867096543312073
37,source,49,-0.309063196182251,-0.6309117674827576,1.0006210803985596
37,source,50,-0.318972647190094,-0.6305502653121948,1.0079514980316162
37,source,51,-0.3094484806060791,-0.6300565600395203,0.99272620677948
37,source,52,-0.3151888847351074,-0.6313827633857727,1.0004743337631226
37,source,53,-0.311798095703125,-0.6429941654205322,0.9883238077163696
37,source,54,-0.31551969051361084,-0.623222827911377,0.9996209740638733
37,source,55,-0.31896859407424927,-0.6321521997451782,0.9954900145530701
37,source,56,-0.3139227032661438,-0.6319425702095032,0.9920815825462341
37,source,57,-0.3132694959640503,-0.6297633647918701,0.9882960915565491
37,source,58,-0.3113871216773987,-0.628757119178772,0.9981901049613953
37,source,59,-0.31792569160461426,-0.6313436627388,0.9940078854560852
37,source,60,-0.3171231150627136,-0.6266026496887207,0.9988409876823425
37,source,61,-0.32395005226135254,-0.6388241648674011,0.9967347979545593
37,source,62,-0.32074469327926636,-0.6227260231971741,0.9988334774971008
37,source,63,-0.3184739351272583,-0.6319690346717834,0.9915028810501099
37,target,0,-0.28043633699417114,-0.645715594291687,0.9969109892845154
37,target,1,-0.31938982009887695,-0.6373976469039917,1.0092397928237915
37,target,2,-0.3164171576499939,-0.6331952810287476,0.9944027066230774
37,target,3,-0.29414400458335876,-0.6449822187423706,0.9865399599075317
37,target,4,-0.30693942308425903,-0.6172148585319519,0.990574300289154
37,target,5,-0.3142821788787842,-0.5923929810523987,1.0062516927719116
37,target,6,-0.32259446382522583,-0.6046723127365112,0.9968080520629883
37,target,7,-0.31414055824279785,-0.5926693677902222,0.9901429414749146
37,target,8,-0.31685155630111694,-0.6066440939903259,0.9922560453414917
37,target,9,-0.3004484176635742,-0.6076020002365112,0.9922667145729065
37,target,10,-0.2926521301269531,-0.6014845967292786,0.9865490794181824
37,target,11,-0.30752336978912354,-0.5997099876403809,1.0002267360687256
37,target,12,-0.3028586506843567,-0.6036375761032104,0.9829458594322205
37,target,13,-0.2952883839607239,-0.6173150539398193,1.0012245178222656
37,target,14,-0.29489457607269287,-0.6194646954536438,0.9896323680877686
37,target,15,-0.30152279138565063,-0.6214932799339294,0.9861117601394653
37,target,16,-0.30700987577438354,-0.6190388202667236,0.9885691404342651
37,target,17,-0.3145591616630554,-0.600726306438446,0.9882248640060425
37,target,18,-0.3176015019416809,-0.6125823259353638,0.9915947318077087
37,target,19,-0.3187263607978821,-0.6193247437477112,0.9879792928695679
37,target,20,-0.32530373334884644,-0.6082314848899841,1.003534197807312
37,target,21,-0.3255358934402466,-0.6161226630210876,1.004913330078125
37,target,22,-0.31248897314071655,-0.598651647567749,0.9972027540206909
37,target,23,-0.2988935112953186,-0.609563410282135,0.9803826808929443
37,target,24,-0.3152029514312744,-0.6166987419128418,0.9988741874694824
37,target,25,-0.31486421823501587,-0.6329538226127625,1.0034478902816772
37,target,26,-0.3100225329399109,-0.6262679696083069,0.9960271120071411
37,target,27,-0.32177019119262695,-0.6194972395896912,0.9936504364013672
37,target,28,-0.33167344331741333,-0.6300088763237,1.0015506744384766
37,target,29,-0.2964257597923279,-0.620785117149353,0.9911901950836182
37,target,30,-0.3076305389404297,-0.6217426061630249,0.9874312281608582
37,target,31,-0.3122868537902832,-0.6047942638397217,0.9838665723800659
37,target,32,-0.3084786534309387,-0.6172870397567749,0.9852461218833923
37,target,33,-0.3188630938529968,-0.6383128762245178,0.99770188331604
37,target,34,-0.30483493208885193,-0.6304944753646851,0.9836103916168213
37,target,35,-0.32168275117874146,-0.6373354196548462,0.9959299564361572
37,target,36,-0.3166441321372986,-0.6272779107093811,0.9922531843185425
37,target,37,-0.3103994131088257,-0.6343142986297607,0.9919044971466064
37,target,38,-0.3119990825653076,-0.6277397274971008,0.9977895617485046
37,target,39,-0.3159692883491516,-0.6320786476135254,0.9916133880615234
37,target,40,-0.3033980429172516,-0.6254649758338928,0.9935152530670166
37,target,41,-0.29820334911346436,-0.6134706735610962,0.9936733245849609
37,target,42,-0.3127596974372864,-0.625145673751831,0.9792493581771851
37,target,43,-0.3042224049568176,-0.6330227851867676,0.973804771900177
37,target,44,-0.30892008543014526,-0.633167564868927,0.982051432132721
37,target,45,-0.31150883436203003,-0.6256638169288635,0.9808906316757202
37,target,46,-0.28583550453186035,-0.6725230813026428,1.0361950397491455
37,target,47,-0.26253682374954224,-0.6625147461891174,0.9891830682754517
37,target,48,-0.26712608337402344,-0.6566329598426819,1.0015064477920532
37,target,49,-0.28117841482162476,-0.6675822734832764,1.0421053171157837
37,target,50,-0.3150905966758728,-0.6433737874031067,1.0386220216751099
37,target,51,-0.2981787323951721,-0.6420294046401978,1.0000581741333008
37,target,52,-0.28967517614364624,-0.6387574672698975,0.9934889078140259
37,target,53,-0.2915657162666321,-0.6414207220077515,0.993547260761261
37,target,54,-0.2943541407585144,-0.6267502903938293,0.9965833425521851
37,target,55,-0.2776678800582886,-0.6376408338546753,0.990723729133606
37,target,56,-0.2716534733772278,-0.6494051814079285,0.9838005900382996
37,target,57,-0.278496652841568,-0.6418004035949707,0.9849231839179993
37,target,58,-0.2830233573913574,-0.6350336074829102,0.9847293496131897
37,target,59,-0.2777867615222931,-0.648557722568512,0.991050124168396
37,target,60,-0.2894028127193451,-0.6480167508125305,0.994157612323761
37,target,61,-0.28885123133659363,-0.6478874683380127,1.001450538635254
37,target,62,-0.2950851321220398,-0.6520873308181763,0.9936596155166626
37,target,63,-0.28098616003990173,-0.6518557071685791,0.9815980195999146
38,source,0,-0.3136044144630432,-0.6387654542922974,0.9952874779701233
38,source,1,-0.30841487646102905,-0.6448208093643188,0.994566023349762
38,source,2,-0.3120371699333191,-0.6462649703025818,0.9932057857513428
38,source,3,-0.31109189987182617,-0.6512967944145203,0.9873623251914978
38,source,4,-0.31336599588394165,-0.6414064168930054,0.9979870915412903
38,source,5,-0.3150009512901306,-0.6428335309028625,0.9917558431625366
38,source,6,-0.31509923934936523,-0.6403293013572693,0.9906327128410339
38,source,7,-0.3123120069503784,-0.6404939889907837,0.9886236190795898
38,source,8,-0.31449568271636963,-0.6387640833854675,0.9911293983459473
38,source,9,-0.3123090863227844,-0.6422696709632874,0.9899829626083374
38,source,10,-0.3110826015472412,-0.6393653750419617,0.9976979494094849
38,source,11,-0.31392621994018555,-0.6502877473831177,0.9883372187614441
38,source,12,-0.3139428496360779,-0.6476433277130127,0.9915518760681152
38,source,13,-0.3136445879936218,-0.6457786560058594,0.9870283603668213
38,source,14,-0.3038145899772644,-0.6466214656829834,0.9909114241600037
38,source,15,-0.3097442388534546,-0.6442387700080872,1.0046833753585815
38,source,16,-0.3087664842605591,-0.6485946178436279,0.9931273460388184
38,source,17,-0.3099583387374878,-0.643437922000885,0.9939906001091003
38,source,18,-0.31077539920806885,-0.6445022225379944,0.9945822954177856
38,source,19,-0.3140254020690918,-0.6479203701019287,0.9977843165397644
38,source,20,-0.3074795603752136,-0.6527901291847229,0.9847465753555298
38,source,21,-0.30828672647476196,-0.6381419897079468,0.9959380626678467
38,source,22,-0.30615681409835815,-0.6458558440208435,0.9924914240837097
38,source,23,-0.30564677715301514,-0.6424964070320129,0.9939732551574707
38,source,24,-0.3101343512535095,-0.6459437012672424,0.9999880790710449
38,source,25,-0.3078615069389343,-0.6442342400550842,1.0035459995269775
38,source,26,-0.31227773427963257,-0.6439563035964966,0.9987555742263794
38,source,27,-0.30830544233322144,-0.6361270546913147,0.9928383231163025
38,source,28,-0.3055640459060669,-0.633259654045105,0.9956589937210083
38,source,29,-0.3149072527885437,-0.6411973237991333,0.99470055103302
38,source,30,-0.3150692582130432,-0.6487964987754822,0.9905951023101807
38,source,31,-0.3148449659347534,-0.6369535326957703,0.9890727400779724
38,source,32,-0.31726986169815063,-0.6438798904418945,0.9935734272003174
38,source,33,-0.3152616024017334,-0.6399202942848206,0.9908987879753113
38,source,34,-0.31604284048080444,-0.6432062983512878,0.9943205714225769
38,source,35,-0.3088187575340271,-0.6362279653549194,0.9948775768280029
38,source,36,-0.3080213665962219,-0.6406936645507812,0.9886727333068848
38,source,37,-0.3088293671607971,-0.6457558870315552,0.9995930194854736
38,source,38,-0.3055998682975769,-0.6476635336875916,1.0004178285598755
38,source,39,-0.30746519565582275,-0.6442142128944397,0.9942212104797363
38,source,40,-0.3144867420196533,-0.6388098001480103,1.0013515949249268
38,source,41,-0.31474417448043823,-0.6421961188316345,0.9889408946037292
38,source,42,-0.3118172883987427,-0.641071617603302,0.9885945320129395
38,source,43,-0.3162134885787964,-0.6384788751602173,0.9952325224876404
38,source,44,-0.30695050954818726,-0.6444422006607056,0.9893242120742798
38,source,45,-0.30899298191070557,-0.649583101272583,0.991533637046814
38,source,46,-0.3101499676704407,-0.6468783020973206,0.9926358461380005
38,source,47,-0.3155108094215393,-0.6449375152587891,0.9956024885177612
38,source,48,-0.3098054528236389,-0.6521250605583191,0.984915018081665
38,source,49,-0.3142550587654114,-0.6418316960334778,1.0003116130828857
38,source,50,-0.3183860778808594,-0.6312703490257263,0.9976560473442078
38,source,51,-0.3153091073036194,-0.6281805038452148,0.9912879467010498
38,source,52,-0.3212798237800598,-0.631545901298523,0.9953043460845947
38,source,53,-0.31750208139419556,-0.6427091360092163,0.9886680841445923
38,source,54,-0.3182716369628906,-0.6272996068000793,0.9955610036849976
38,source,55,-0.32236552238464355,-0.6345493197441101,0.9915738701820374
38,source,56,-0.32157081365585327,-0.6336079239845276,0.9889743328094482
38,source,57,-0.32020866870880127,-0.6311745643615723,0.9882261753082275
38,source,58,-0.3177870512008667,-0.6307034492492676,0.9948571920394897
38,source,59,-0.32023823261260986,-0.6321057677268982,0.9923518896102905
38,source,60,-0.3183009624481201,-0.6258993148803711,0.9942707419395447
38,source,61,-0.3244457244873047,-0.6391102075576782,0.9886283278465271
38,source,62,-0.31958556175231934,-0.6314946413040161,0.9908678531646729
38,source,63,-0.3174278140068054,-0.6348921060562134,0.9889452457427979
38,target,0,-0.2867177128791809,-0.6427977681159973,0.9879568815231323
38,target,1,-0.3174527883529663,-0.6392181515693665,0.9977531433105469
38,target,2,-0.31864380836486816,-0.63754802942276,0.985788881778717
38,target,3,-0.302714079618454,-0.6487728953361511,0.985892653465271
38,target,4,-0.30782997608184814,-0.6348322629928589,0.9893266558647156
38,target,5,-0.30724960565567017,-0.6039227843284607,0.9961573481559753
38,target,6,-0.3246481418609619,-0.604528546333313,0.9911763668060303
38,target,7,-0.3160444498062134,-0.5941365957260132,0.9851073622703552
38,target,8,-0.31817495822906494,-0.6045275330543518,0.9837024211883545
38,target,9,-0.3014845550060272,-0.6107219457626343,0.9849733710289001
38,target,10,-0.30018046498298645,-0.6050549745559692,0.9844031929969788
38,target,11,-0.31145179271698,-0.6065420508384705,0.9901297092437744
38,target,12,-0.3107788562774658,-0.61283940076828,0.9782000184059143
38,target,13,-0.29852479696273804,-0.6262423992156982,0.996570885181427
38,target,14,-0.2982470989227295,-0.6217966675758362,0.9896350502967834
38,target,15,-0.3047988712787628,-0.627665102481842,0.9873355031013489
38,target,16,-0.30977511405944824,-0.626545250415802,0.9920287728309631
38,target,17,-0.3124762773513794,-0.616804838180542,0.9826810956001282
38,target,18,-0.3149738311767578,-0.6168979406356812,0.9875807762145996
38,target,19,-0.3163571357727051,-0.6153528690338135,0.9878529906272888
38,target,20,-0.3157448172569275,-0.6141618490219116,0.9927927255630493
38,target,21,-0.3288593292236328,-0.6088669300079346,0.989729642868042
38,target,22,-0.30480435490608215,-0.6070922017097473,0.988091230392456
38,target,23,-0.2988550066947937,-0.6179123520851135,0.9790287017822266
38,target,24,-0.317534863948822,-0.6196591854095459,0.9903860092163086
38,target,25,-0.3124907612800598,-0.636934757232666,0.9958394765853882
38,target,26,-0.3103625774383545,-0.6359865665435791,0.9896852970123291
38,target,27,-0.31766068935394287,-0.6301733255386353,0.9881480932235718
38,target,28,-0.3277777433395386,-0.6411446332931519,0.9967363476753235
38,target,29,-0.3037627935409546,-0.6278506517410278,0.9930856227874756
38,target,30,-0.3052578568458557,-0.6397132873535156,0.9929400682449341
38,target,31,-0.31677067279815674,-0.6179605722427368,0.9868214130401611
38,target,32,-0.3176031708717346,-0.6241962909698486,0.9916009902954102
38,target,33,-0.3180730938911438,-0.6351237297058105,0.9847492575645447
38,target,34,-0.31299448013305664,-0.6392837762832642,0.9871411323547363
38,target,35,-0.31565964221954346,-0.6323776245117188,0.9821984767913818
38,target,36,-0.3161013126373291,-0.6282428503036499,0.981133759021759
38,target,37,-0.31425732374191284,-0.6314679384231567,0.9835047721862793
38,target,38,-0.3144374489784241,-0.6290850639343262,0.989434003829956
38,target,39,-0.31645292043685913,-0.6338356733322144,0.982456624507904
38,target,40,-0.3094606399536133,-0.6250622272491455,0.9840829372406006
38,target,41,-0.3009521961212158,-0.6145899891853333,0.9827646613121033
38,target,42,-0.3096669316291809,-0.629505455493927,0.9728327989578247
38,target,43,-0.30358371138572693,-0.6440362334251404,0.9798566102981567
38,target,44,-0.30690622329711914,-0.6434769034385681,0.9789921045303345
38,target,45,-0.30777066946029663,-0.6349972486495972,0.9785186052322388
38,target,46,-0.2920231223106384,-0.6789579391479492,1.0254839658737183
38,target,47,-0.2753089964389801,-0.6607108116149902,0.9885040521621704
38,target,48,-0.2677633762359619,-0.6505003571510315,0.9912077188491821
38,target,49,-0.28825995326042175,-0.6776382923126221,1.0334047079086304
38,target,50,-0.30996382236480713,-0.6427990794181824,1.0223040580749512
38,target,51,-0.3021713197231293,-0.6434447765350342,0.9958189725875854
38,target,52,-0.29989755153656006,-0.6404319405555725,0.9923908710479736
38,target,53,-0.30102720856666565,-0.6414858102798462,0.9904154539108276
38,target,54,-0.2953949570655823,-0.6315575242042542,0.9950462579727173
38,target,55,-0.28230711817741394,-0.6394675970077515,0.9901010990142822
38,target,56,-0.2771950960159302,-0.6462435126304626,0.9838433265686035
38,target,57,-0.2906210422515869,-0.6435496211051941,0.9891544580459595
38,target,58,-0.2895009517669678,-0.6393872499465942,0.9833211302757263
38,target,59,-0.2890375852584839,-0.651913583278656,0.9920869469642639
38,target,60,-0.2967239022254944,-0.6496208310127258,0.9907564520835876
38,target,61,-0.29746806621551514,-0.6485782861709595,0.9964963793754578
38,target,62,-0.30397945642471313,-0.6578187346458435,0.9914254546165466
38,target,63,-0.2914249300956726,-0.6529998183250427,0.9830487966537476
39,source,0,-0.3242295980453491,-0.6239804029464722,1.0071603059768677
39,source,1,-0.31758779287338257,-0.629339337348938,1.004597544670105
39,source,2,-0.31651729345321655,-0.6265407800674438,0.999248206615448
39,source,3,-0.3167654871940613,-0.6365262269973755,0.9966697096824646
39,source,4,-0.31559276580810547,-0.6328334808349609,1.001685619354248
39,source,5,-0.32348698377609253,-0.6267278790473938,1.0008289813995361
39,source,6,-0.321540892124176,-0.6280725002288818,0.9991214871406555
39,source,7,-0.3184337019920349,-0.6286638975143433,0.996344804763794
39,source,8,-0.31963008642196655,-0.6297938227653503,0.9975706338882446
39,source,9,-0.32348108291625977,-0.6260228157043457,0.9986501336097717
39,source,10,-0.3166712522506714,-0.6250259876251221,1.004245400428772
39,source,11,-0.3257243037223816,-0.6312044858932495,1.0006150007247925
39,source,12,-0.3242495656013489,-0.6280416250228882,1.0056504011154175
39,source,13,-0.3207959532737732,-0.6283358931541443,0.9978069067001343
39,source,14,-0.310454785823822,-0.6263060569763184,0.99900221824646
39,source,15,-0.3143221139907837,-0.6264312267303467,1.012220025062561
39,source,16,-0.3158092498779297,-0.627343475818634,1.0026350021362305
39,source,17,-0.3176051378250122,-0.6243308186531067,1.0012859106063843
39,source,18,-0.3160911202430725,-0.6284754872322083,1.0016751289367676
39,source,19,-0.3166758418083191,-0.6289660930633545,1.0025990009307861
39,source,20,-0.3128315806388855,-0.6329249143600464,0.9898858666419983
39,source,21,-0.3062747120857239,-0.6246617436408997,0.9980117082595825
39,source,22,-0.30932992696762085,-0.6285462379455566,0.9988027215003967
39,source,23,-0.3112725615501404,-0.6256803274154663,1.0013009309768677
39,source,24,-0.31810635328292847,-0.6257853507995605,1.0053240060806274
39,source,25,-0.3139611482620239,-0.627683162689209,1.0085386037826538
39,source,26,-0.31587451696395874,-0.626239538192749,1.0057889223098755
39,source,27,-0.31078559160232544,-0.6175151467323303,0.9997158050537109
39,source,28,-0.313453733921051,-0.6128889322280884,1.00117027759552
39,source,29,-0.32303857803344727,-0.6265824437141418,1.0043894052505493
39,source,30,-0.32558882236480713,-0.6332688331604004,1.0007848739624023
39,source,31,-0.3217198848724365,-0.6251773238182068,0.9982904195785522
39,source,32,-0.32377105951309204,-0.628476619720459,0.9989055395126343
39,source,33,-0.3222600817680359,-0.6274989247322083,0.9995162487030029
39,source,34,-0.3215378522872925,-0.6322377324104309,1.0020779371261597
39,source,35,-0.31583505868911743,-0.6230270266532898,1.002755880355835
39,source,36,-0.31309664249420166,-0.6238998770713806,0.9993324279785156
39,source,37,-0.3159050941467285,-0.6273290514945984,1.0088069438934326
39,source,38,-0.3091503977775574,-0.6313389539718628,1.0050437450408936
39,source,39,-0.3128191828727722,-0.6304863691329956,1.001903772354126
39,source,40,-0.3172696828842163,-0.6242778897285461,1.0063291788101196
39,source,41,-0.3175615072250366,-0.6273612976074219,0.9966955184936523
39,source,42,-0.3156706690788269,-0.6278749108314514,0.9964718222618103
39,source,43,-0.319369375705719,-0.6271968483924866,1.002984642982483
39,source,44,-0.31008535623550415,-0.6290141940116882,0.9985801577568054
39,source,45,-0.31573188304901123,-0.6324446201324463,1.0001606941223145
39,source,46,-0.31455153226852417,-0.6316877007484436,1.0009987354278564
39,source,47,-0.32313358783721924,-0.6269809603691101,1.007222056388855
39,source,48,-0.3152027726173401,-0.6363965272903442,0.9917876720428467
39,source,49,-0.32118725776672363,-0.6308836340904236,1.0111687183380127
39,source,50,-0.32463014125823975,-0.624153733253479,1.0048120021820068
39,source,51,-0.32615166902542114,-0.6178280711174011,0.9996930360794067
39,source,52,-0.32541269063949585,-0.6186403632164001,0.9977639317512512
39,source,53,-0.324724018573761,-0.6293874979019165,0.9950147867202759
39,source,54,-0.3223065733909607,-0.6208668947219849,0.9995606541633606
39,source,55,-0.3284912109375,-0.6229968667030334,0.9976900815963745
39,source,56,-0.3294355273246765,-0.6186503171920776,0.9942356944084167
39,source,57,-0.326646089553833,-0.6173341274261475,0.9910503625869751
39,source,58,-0.32642829418182373,-0.6151756048202515,0.9982832074165344
39,source,59,-0.32781583070755005,-0.621326744556427,0.9970712661743164
39,source,60,-0.3231939673423767,-0.619424045085907,0.9982395172119141
39,source,61,-0.33104515075683594,-0.6257724761962891,0.9980981945991516
39,source,62,-0.32914668321609497,-0.6135033965110779,0.999367892742157
39,source,63,-0.3228292465209961,-0.6221757531166077,0.9941129088401794
39,target,0,-0.2798573076725006,-0.6335694789886475,0.9852066040039062
39,target,1,-0.3190981149673462,-0.6269654035568237,1.000841498374939
39,target,2,-0.325986385345459,-0.6190981864929199,0.9964936375617981
39,target,3,-0.29631078243255615,-0.6396295428276062,0.9853009581565857
39,target,4,-0.3261117935180664,-0.617211639881134,1.002436876296997
39,target,5,-0.32936471700668335,-0.5797325968742371,1.0073282718658447
39,target,6,-0.345267653465271,-0.5904061794281006,1.0048553943634033
39,target,7,-0.3357888460159302,-0.5770928263664246,1.0003480911254883
39,target,8,-0.33483362197875977,-0.5888113379478455,0.9966146945953369
39,target,9,-0.307326078414917,-0.6004607677459717,0.9918429255485535
39,target,10,-0.3048557937145233,-0.5952410697937012,0.9900544881820679
39,target,11,-0.32414084672927856,-0.5960454940795898,0.9996651411056519
39,target,12,-0.31821542978286743,-0.599351167678833,0.9884823560714722
39,target,13,-0.3032708168029785,-0.607222318649292,1.003133773803711
39,target,14,-0.3083159327507019,-0.616668701171875,0.9968347549438477
39,target,15,-0.31319499015808105,-0.6181578040122986,0.9902110695838928
39,target,16,-0.316056489944458,-0.6172850131988525,0.9923194646835327
39,target,17,-0.3265828490257263,-0.6017707586288452,0.9947230815887451
39,target,18,-0.33302414417266846,-0.6056851744651794,1.001704216003418
39,target,19,-0.32254642248153687,-0.6059606671333313,0.9892597198486328
39,target,20,-0.3351782560348511,-0.6029390692710876,1.0082828998565674
39,target,21,-0.34621042013168335,-0.597278356552124,1.0087635517120361
39,target,22,-0.31698471307754517,-0.5951933264732361,0.9997972249984741
39,target,23,-0.3106226325035095,-0.6020565629005432,0.988390326499939
39,target,24,-0.33318454027175903,-0.5989525318145752,1.0007965564727783
39,target,25,-0.3140909671783447,-0.6249877214431763,0.9992018342018127
39,target,26,-0.31062042713165283,-0.6268027424812317,0.9965638518333435
39,target,27,-0.3233122229576111,-0.6153223514556885,0.9949926733970642
39,target,28,-0.34027206897735596,-0.6232341527938843,1.002956748008728
39,target,29,-0.30398571491241455,-0.6243120431900024,0.9960294961929321
39,target,30,-0.31681519746780396,-0.6213021278381348,0.9975935816764832
39,target,31,-0.33116793632507324,-0.6079438924789429,0.9978141784667969
39,target,32,-0.3224966526031494,-0.6153991222381592,0.9951550364494324
39,target,33,-0.32941263914108276,-0.6198209524154663,0.9925135970115662
39,target,34,-0.32016104459762573,-0.6247108578681946,0.9933815598487854
39,target,35,-0.3270833492279053,-0.6185676455497742,0.9928543567657471
39,target,36,-0.3278887867927551,-0.6117311120033264,0.9928306341171265
39,target,37,-0.321086049079895,-0.6164709329605103,0.9904990792274475
39,target,38,-0.32652294635772705,-0.6186886429786682,0.9972970485687256
39,target,39,-0.322354257106781,-0.6218851804733276,0.9915136694908142
39,target,40,-0.31272369623184204,-0.6089178323745728,0.9910175800323486
39,target,41,-0.3063560128211975,-0.5984445810317993,0.9884942173957825
39,target,42,-0.31858664751052856,-0.606681227684021,0.9794226884841919
39,target,43,-0.29845476150512695,-0.6235854029655457,0.9700530767440796
39,target,44,-0.30876076221466064,-0.6247661709785461,0.9814361929893494
39,target,45,-0.31187790632247925,-0.6128355860710144,0.9802563786506653
39,target,46,-0.286090612411499,-0.6705762147903442,1.0229629278182983
39,target,47,-0.2589988708496094,-0.6560967564582825,0.9827356934547424
39,target,48,-0.2530786395072937,-0.6518351435661316,0.9850013256072998
39,target,49,-0.28176450729370117,-0.6668647527694702,1.0282270908355713
39,target,50,-0.313035786151886,-0.6370999217033386,1.035754919052124
39,target,51,-0.29784154891967773,-0.6339478492736816,0.9963167309761047
39,target,52,-0.2915959656238556,-0.6349759101867676,0.9933544397354126
39,target,53,-0.29836589097976685,-0.6364813446998596,0.9952564835548401
39,target,54,-0.2965608239173889,-0.6195429563522339,0.9981429576873779
39,target,55,-0.2789211869239807,-0.6323559284210205,0.9879708886146545
39,target,56,-0.26800498366355896,-0.6418853402137756,0.97952800989151
39,target,57,-0.28359293937683105,-0.6382326483726501,0.9870085716247559
39,target,58,-0.28700098395347595,-0.6318174004554749,0.9859828352928162
39,target,59,-0.28087934851646423,-0.6410102248191833,0.9917981624603271
39,target,60,-0.2920340895652771,-0.640026330947876,0.9918713569641113
39,target,61,-0.2879195809364319,-0.6409027576446533,0.9944847226142883
39,target,62,-0.302829384803772,-0.6427701115608215,0.9961133003234863
39,target,63,-0.28437626361846924,-0.645889401435852,0.9833557605743408
40,source,0,-0.31378185749053955,-0.6393076181411743,0.9946183562278748
40,source,1,-0.3106803894042969,-0.643277108669281,0.9924783706665039
40,source,2,-0.3135693073272705,-0.6462110280990601,0.9935145378112793
40,source,3,-0.3120979070663452,-0.6512291431427002,0.989899218082428
40,source,4,-0.31320828199386597,-0.6474819779396057,0.9935517907142639
40,source,5,-0.317229688167572,-0.6452398896217346,0.991237223148346
40,source,6,-0.3153727650642395,-0.6382415294647217,0.9918513894081116
40,source,7,-0.3123035430908203,-0.6440053582191467,0.9897948503494263
40,source,8,-0.3156580924987793,-0.6448275446891785,0.9913758039474487
40,source,9,-0.31618863344192505,-0.6404778361320496,0.989416778087616
40,source,10,-0.3100600838661194,-0.6399369835853577,0.9967081546783447
40,source,11,-0.3176034092903137,-0.6487741470336914,0.99085533618927
40,source,12,-0.3169814944267273,-0.6411995887756348,0.9929919242858887
40,source,13,-0.31448036432266235,-0.647023618221283,0.9860889315605164
40,source,14,-0.30476903915405273,-0.6435540914535522,0.9900633692741394
40,source,15,-0.3066924214363098,-0.6395924687385559,1.00335693359375
40,source,16,-0.30890345573425293,-0.6481671929359436,0.9921126365661621
40,source,17,-0.3091394305229187,-0.6473664045333862,0.9930211901664734
40,source,18,-0.30865907669067383,-0.6483611464500427,0.9908642172813416
40,source,19,-0.3124147653579712,-0.646420955657959,0.9944812059402466
40,source,20,-0.3066929578781128,-0.6528701186180115,0.9874706268310547
40,source,21,-0.30508434772491455,-0.638940155506134,0.9917059540748596
40,source,22,-0.3053349554538727,-0.6499629020690918,0.9918613433837891
40,source,23,-0.3078088164329529,-0.6450556516647339,0.9911785125732422
40,source,24,-0.31065231561660767,-0.64876389503479,0.9959981441497803
40,source,25,-0.3097330927848816,-0.6487523317337036,0.9993194341659546
40,source,26,-0.31133437156677246,-0.6464005708694458,0.9942871332168579
40,source,27,-0.30700796842575073,-0.6338899731636047,0.9922193288803101
40,source,28,-0.3073081374168396,-0.6297429203987122,0.9934860467910767
40,source,29,-0.31883400678634644,-0.6431236267089844,0.9955310821533203
40,source,30,-0.31944382190704346,-0.6464599967002869,0.9899969100952148
40,source,31,-0.31691914796829224,-0.6424795389175415,0.9912242889404297
40,source,32,-0.3166382312774658,-0.6457209587097168,0.9913024306297302
40,source,33,-0.3169940114021301,-0.647664487361908,0.9933500289916992
40,source,34,-0.31581854820251465,-0.6479157209396362,0.98972487449646
40,source,35,-0.3100973963737488,-0.6314677000045776,0.9910833835601807
40,source,36,-0.30738943815231323,-0.6400184631347656,0.9881362915039062
40,source,37,-0.3079436421394348,-0.6465332508087158,0.9997859001159668
40,source,38,-0.3057955205440521,-0.6464606523513794,0.9963214993476868
40,source,39,-0.3088829517364502,-0.6497815251350403,0.9947189688682556
40,source,40,-0.31243783235549927,-0.6364860534667969,0.9965721964836121
40,source,41,-0.3137047290802002,-0.642706573009491,0.9873024821281433
40,source,42,-0.3123168349266052,-0.6428835988044739,0.9888551235198975
40,source,43,-0.31364327669143677,-0.6383414268493652,0.9946496486663818
40,source,44,-0.307123601436615,-0.6476398706436157,0.9895231127738953
40,source,45,-0.3095631003379822,-0.650662899017334,0.9928365349769592
40,source,46,-0.3116452693939209,-0.6499219536781311,0.9912940263748169
40,source,47,-0.3164423108100891,-0.6420620083808899,0.9953833222389221
40,source,48,-0.3122854232788086,-0.656446099281311,0.9878973364830017
40,source,49,-0.3170267939567566,-0.6400890946388245,0.9988214373588562
40,source,50,-0.31282246112823486,-0.6341341137886047,0.9960973262786865
40,source,51,-0.3188706636428833,-0.6229409575462341,0.9888767004013062
40,source,52,-0.3228403329849243,-0.6249843239784241,0.9920222163200378
40,source,53,-0.32129740715026855,-0.6347180604934692,0.9894198775291443
40,source,54,-0.3173929452896118,-0.6336816549301147,0.9959713816642761
40,source,55,-0.3207445740699768,-0.6400948762893677,0.9895960092544556
40,source,56,-0.32281094789505005,-0.631956934928894,0.9881540536880493
40,source,57,-0.3164821267127991,-0.637761652469635,0.9873241186141968
40,source,58,-0.31682896614074707,-0.6314949989318848,0.9937511086463928
40,source,59,-0.32131272554397583,-0.6333600282669067,0.9912550449371338
40,source,60,-0.31785261631011963,-0.6247991919517517,0.9937430024147034
40,source,61,-0.32667356729507446,-0.6298031806945801,0.9881332516670227
40,source,62,-0.3226426839828491,-0.6228330731391907,0.9902159571647644
40,source,63,-0.31752103567123413,-0.6277122497558594,0.9861120581626892
40,target,0,-0.27938416600227356,-0.6424810290336609,0.9958289265632629
40,target,1,-0.31366491317749023,-0.6345563530921936,0.9956070184707642
40,target,2,-0.31648725271224976,-0.6279013156890869,0.9849444627761841
40,target,3,-0.29645705223083496,-0.6429022550582886,0.9817550182342529
40,target,4,-0.31155282258987427,-0.6225489377975464,0.9896082282066345
40,target,5,-0.3214101195335388,-0.5950049161911011,0.9982408285140991
40,target,6,-0.32954883575439453,-0.594325602054596,0.9908869862556458
40,target,7,-0.3146451711654663,-0.5824717283248901,0.9891656041145325
40,target,8,-0.3168058395385742,-0.5921147465705872,0.9856606125831604
40,target,9,-0.3026363253593445,-0.6101336479187012,0.9867797493934631
40,target,10,-0.2971801161766052,-0.6041502952575684,0.9861993789672852
40,target,11,-0.30975818634033203,-0.602169394493103,0.9912515878677368
40,target,12,-0.31417715549468994,-0.605929434299469,0.9817310571670532
40,target,13,-0.2924352288246155,-0.6145340204238892,0.9954528212547302
40,target,14,-0.2961342930793762,-0.6201716661453247,0.9887197613716125
40,target,15,-0.30365434288978577,-0.6242335438728333,0.9841868281364441
40,target,16,-0.31062376499176025,-0.6232978105545044,0.9882843494415283
40,target,17,-0.31526458263397217,-0.6065629720687866,0.9863697290420532
40,target,18,-0.3255857825279236,-0.610420823097229,0.9931479096412659
40,target,19,-0.31741398572921753,-0.6182631850242615,0.9860560297966003
40,target,20,-0.3235504627227783,-0.6081691980361938,0.9971781969070435
40,target,21,-0.32368165254592896,-0.5901548862457275,0.9961283802986145
40,target,22,-0.308388888835907,-0.6065718531608582,0.9934512972831726
40,target,23,-0.30206498503685,-0.608125627040863,0.9830673933029175
40,target,24,-0.3147057294845581,-0.6023288369178772,0.9940311312675476
40,target,25,-0.30880987644195557,-0.6310551166534424,0.9930992126464844
40,target,26,-0.30936336517333984,-0.6285511255264282,0.9916082620620728
40,target,27,-0.3142791986465454,-0.6232959628105164,0.9886736273765564
40,target,28,-0.32603269815444946,-0.6259562373161316,0.9912225008010864
40,target,29,-0.30001920461654663,-0.6273853778839111,0.9902449250221252
40,target,30,-0.308475136756897,-0.6316801905632019,0.991573691368103
40,target,31,-0.320037841796875,-0.615144670009613,0.9859619140625
40,target,32,-0.31842607259750366,-0.6224806904792786,0.9889572858810425
40,target,33,-0.3262588381767273,-0.6207205057144165,0.9890132546424866
40,target,34,-0.3123548626899719,-0.6299030780792236,0.9840806722640991
40,target,35,-0.3209415078163147,-0.6208196878433228,0.991794228553772
40,target,36,-0.31878942251205444,-0.6151306629180908,0.9865413904190063
40,target,37,-0.3133509159088135,-0.6205810904502869,0.9874544143676758
40,target,38,-0.31683528423309326,-0.6183598637580872,0.9888537526130676
40,target,39,-0.3173553943634033,-0.6272950768470764,0.9857369661331177
40,target,40,-0.3028668165206909,-0.6196218729019165,0.991182804107666
40,target,41,-0.2998867630958557,-0.6091116666793823,0.9926282167434692
40,target,42,-0.3170085549354553,-0.6239845156669617,0.9805973768234253
40,target,43,-0.3009471297264099,-0.6391788721084595,0.9788388013839722
40,target,44,-0.3065240979194641,-0.6388999223709106,0.9825092554092407
40,target,45,-0.3064960241317749,-0.6327768564224243,0.9797394871711731
40,target,46,-0.287616103887558,-0.6821577548980713,1.0329327583312988
40,target,47,-0.26386383175849915,-0.6606191992759705,0.9863944053649902
40,target,48,-0.2619534134864807,-0.6574060320854187,0.9920795559883118
40,target,49,-0.2780095040798187,-0.683454155921936,1.0327600240707397
40,target,50,-0.30617648363113403,-0.6368703842163086,1.0323565006256104
40,target,51,-0.30162715911865234,-0.6370481848716736,0.9943198561668396
40,target,52,-0.29152995347976685,-0.6393401026725769,0.9892091751098633
40,target,53,-0.2968279719352722,-0.6391193866729736,0.9897123575210571
40,target,54,-0.2934444546699524,-0.6248317956924438,0.991184651851654
40,target,55,-0.28488969802856445,-0.6361948251724243,0.9909769296646118
40,target,56,-0.2702797055244446,-0.6461623907089233,0.9807393550872803
40,target,57,-0.2829912304878235,-0.6416556239128113,0.9841124415397644
40,target,58,-0.2858442962169647,-0.6353878974914551,0.9804798364639282
40,target,59,-0.28087306022644043,-0.6445807814598083,0.9862774610519409
40,target,60,-0.29291602969169617,-0.643258810043335,0.9892457723617554
40,target,61,-0.28905805945396423,-0.6469965577125549,0.9948562383651733
40,target,62,-0.30434250831604004,-0.6456634402275085,0.9924423098564148
40,target,63,-0.28673243522644043,-0.6477468013763428,0.9817480444908142
41,source,0,-0.31840401887893677,-0.6277263760566711,1.0011025667190552
41,source,1,-0.3166189193725586,-0.6292806267738342,0.9932566285133362
41,source,2,-0.31962424516677856,-0.6289205551147461,0.9954990148544312
41,source,3,-0.31251615285873413,-0.6381490230560303,0.9894220232963562
41,source,4,-0.315803587436676,-0.6358286738395691,0.9954403042793274
41,source,5,-0.316830039024353,-0.6310734748840332,0.9888185262680054
41,source,6,-0.3168821334838867,-0.6251764297485352,0.9894500970840454
41,source,7,-0.31283628940582275,-0.6293519139289856,0.9887317419052124
41,source,8,-0.31533658504486084,-0.6283519268035889,0.989066481590271
41,source,9,-0.3175085186958313,-0.6263338327407837,0.9887293577194214
41,source,10,-0.31407344341278076,-0.6287801265716553,0.9963257312774658
41,source,11,-0.3211771845817566,-0.6321372389793396,0.9931845664978027
41,source,12,-0.319482684135437,-0.6268758177757263,0.9955008625984192
41,source,13,-0.3142675757408142,-0.631658136844635,0.9875133633613586
41,source,14,-0.3102710247039795,-0.6306596398353577,0.9958876967430115
41,source,15,-0.31058019399642944,-0.626348078250885,1.0052515268325806
41,source,16,-0.31106382608413696,-0.6330440044403076,0.9933581352233887
41,source,17,-0.3155518174171448,-0.6305972933769226,0.9950083494186401
41,source,18,-0.31511205434799194,-0.6333541870117188,0.9951519966125488
41,source,19,-0.3196074962615967,-0.6311820149421692,0.9972319006919861
41,source,20,-0.3130396604537964,-0.629859983921051,0.9877943396568298
41,source,21,-0.3100547194480896,-0.6272947192192078,0.9959335923194885
41,source,22,-0.3093673586845398,-0.6360184550285339,0.9958759546279907
41,source,23,-0.312605082988739,-0.6310403347015381,0.9972318410873413
41,source,24,-0.3147406578063965,-0.6309629678726196,1.0020045042037964
41,source,25,-0.31689953804016113,-0.6316104531288147,1.0057178735733032
41,source,26,-0.31447649002075195,-0.6338056325912476,0.9980260133743286
41,source,27,-0.30923110246658325,-0.6202503442764282,0.9930161237716675
41,source,28,-0.31172454357147217,-0.6189850568771362,1.0012670755386353
41,source,29,-0.32172083854675293,-0.6327630877494812,1.0006120204925537
41,source,30,-0.32277292013168335,-0.6316953897476196,0.9931243062019348
41,source,31,-0.3167073726654053,-0.6278890371322632,0.9926048517227173
41,source,32,-0.3171178698539734,-0.6359241008758545,0.9920827150344849
41,source,33,-0.31766384840011597,-0.6303554773330688,0.9916776418685913
41,source,34,-0.3230075240135193,-0.6309130191802979,0.9933363199234009
41,source,35,-0.31791824102401733,-0.6228578686714172,0.997821033000946
41,source,36,-0.3087882995605469,-0.6239339709281921,0.9898310899734497
41,source,37,-0.3130032420158386,-0.6311781406402588,1.0048528909683228
41,source,38,-0.31114453077316284,-0.6335532069206238,0.9999864101409912
41,source,39,-0.3128742575645447,-0.6309731006622314,0.9993533492088318
41,source,40,-0.31371039152145386,-0.6266726851463318,1.0004606246948242
41,source,41,-0.3166409134864807,-0.6301465034484863,0.9900815486907959
41,source,42,-0.3123782277107239,-0.6301169991493225,0.9892657995223999
41,source,43,-0.31707704067230225,-0.6292452812194824,0.9970325231552124
41,source,44,-0.3119892477989197,-0.6304311156272888,0.9917096495628357
41,source,45,-0.312838613986969,-0.634484052658081,0.9949400424957275
41,source,46,-0.31544363498687744,-0.6347814798355103,0.9929709434509277
41,source,47,-0.3233839273452759,-0.6277518272399902,1.0003437995910645
41,source,48,-0.3125331401824951,-0.6390675902366638,0.9876725077629089
41,source,49,-0.3184492588043213,-0.6293433308601379,1.0030299425125122
41,source,50,-0.31934142112731934,-0.6305725574493408,1.0032424926757812
41,source,51,-0.3196823000907898,-0.6184163093566895,0.9876378178596497
41,source,52,-0.3211291432380676,-0.6137409806251526,0.9904752969741821
41,source,53,-0.3160102963447571,-0.6277835369110107,0.9858964085578918
41,source,54,-0.31701523065567017,-0.6255378723144531,0.9904251098632812
41,source,55,-0.32018572092056274,-0.6267447471618652,0.9871401786804199
41,source,56,-0.3182903528213501,-0.6210647821426392,0.9832773208618164
41,source,57,-0.3143651485443115,-0.623181939125061,0.9837937355041504
41,source,58,-0.3185594081878662,-0.620773196220398,0.991303563117981
41,source,59,-0.3197685480117798,-0.6212644577026367,0.9882497191429138
41,source,60,-0.3178190588951111,-0.6156806349754333,0.9898924231529236
41,source,61,-0.32560020685195923,-0.6207780838012695,0.9872638583183289
41,source,62,-0.32530689239501953,-0.6184514760971069,0.9952987432479858
41,source,63,-0.32166486978530884,-0.624138593673706,0.9902051091194153
41,target,0,-0.2831496000289917,-0.6412088871002197,0.9936598539352417
41,target,1,-0.3217431306838989,-0.6366822123527527,1.0053790807724
41,target,2,-0.3157409429550171,-0.6305375099182129,0.9901121258735657
41,target,3,-0.29613736271858215,-0.6496774554252625,0.9880098104476929
41,target,4,-0.31251394748687744,-0.6197270750999451,0.9948744177818298
41,target,5,-0.3273577094078064,-0.592546284198761,1.0065760612487793
41,target,6,-0.33854544162750244,-0.5954339504241943,0.9985743761062622
41,target,7,-0.321630597114563,-0.5821623802185059,0.9907504320144653
41,target,8,-0.3250904679298401,-0.5846458673477173,0.9863173961639404
41,target,9,-0.30157530307769775,-0.6176734566688538,0.9938802719116211
41,target,10,-0.2983689308166504,-0.6057280898094177,0.9950679540634155
41,target,11,-0.31879866123199463,-0.599941611289978,0.9973387718200684
41,target,12,-0.31401580572128296,-0.6038340926170349,0.9879159331321716
41,target,13,-0.29855144023895264,-0.6201772689819336,1.0049841403961182
41,target,14,-0.30126672983169556,-0.6269475221633911,1.0008814334869385
41,target,15,-0.3031308650970459,-0.6285879611968994,0.99431973695755
41,target,16,-0.3101891875267029,-0.6270784139633179,0.9960862398147583
41,target,17,-0.32159680128097534,-0.6014190912246704,0.9906929731369019
41,target,18,-0.3316011428833008,-0.6096289753913879,0.998380184173584
41,target,19,-0.32022589445114136,-0.6128741502761841,0.9896246194839478
41,target,20,-0.33004307746887207,-0.6125125885009766,1.0025510787963867
41,target,21,-0.3330666422843933,-0.5901963114738464,0.9943777918815613
41,target,22,-0.31564241647720337,-0.604627251625061,0.9960835576057434
41,target,23,-0.3058520555496216,-0.6083666682243347,0.9879799485206604
41,target,24,-0.3216833472251892,-0.6007553339004517,0.993507981300354
41,target,25,-0.3110579252243042,-0.6320518255233765,1.0034643411636353
41,target,26,-0.30926454067230225,-0.6267625093460083,0.9942326545715332
41,target,27,-0.3118419051170349,-0.6294941902160645,0.9927063584327698
41,target,28,-0.3279370069503784,-0.6407603025436401,1.0047192573547363
41,target,29,-0.3027479648590088,-0.6253281235694885,0.9984264373779297
41,target,30,-0.3085063099861145,-0.6262637972831726,0.9941394329071045
41,target,31,-0.3208104968070984,-0.6188108921051025,0.9964550137519836
41,target,32,-0.31231606006622314,-0.6242759823799133,0.9920807480812073
41,target,33,-0.3223005533218384,-0.6165149211883545,0.9863730072975159
41,target,34,-0.30983585119247437,-0.6214048266410828,0.9844228029251099
41,target,35,-0.31904542446136475,-0.6168251037597656,0.9902383685112
41,target,36,-0.32082676887512207,-0.6055054068565369,0.9822465181350708
41,target,37,-0.3117501735687256,-0.6171145439147949,0.9853807687759399
41,target,38,-0.3183947801589966,-0.614691436290741,0.9903174638748169
41,target,39,-0.3168315887451172,-0.6149385571479797,0.9845532178878784
41,target,40,-0.30992674827575684,-0.6159345507621765,0.9909428358078003
41,target,41,-0.30387169122695923,-0.6081675887107849,0.9894208908081055
41,target,42,-0.31027668714523315,-0.6134499907493591,0.9776687026023865
41,target,43,-0.3004951477050781,-0.627703070640564,0.982300877571106
41,target,44,-0.3057931065559387,-0.6350051164627075,0.9842178821563721
41,target,45,-0.30933868885040283,-0.6211906671524048,0.9802055358886719
41,target,46,-0.2936871647834778,-0.6721828579902649,1.039749026298523
41,target,47,-0.27282965183258057,-0.6605209112167358,0.9955258369445801
41,target,48,-0.26511192321777344,-0.6575857400894165,0.9979987144470215
41,target,49,-0.28314170241355896,-0.6746722459793091,1.0433348417282104
41,target,50,-0.3133726119995117,-0.6385747194290161,1.0351169109344482
41,target,51,-0.29867398738861084,-0.6396153569221497,0.9986435174942017
41,target,52,-0.2969256639480591,-0.6344727873802185,0.9970362186431885
41,target,53,-0.302238404750824,-0.6432385444641113,0.9983734488487244
41,target,54,-0.2944532036781311,-0.632926344871521,1.0009053945541382
41,target,55,-0.2837223410606384,-0.6352322101593018,0.9962080717086792
41,target,56,-0.2746827304363251,-0.6453412771224976,0.9872421026229858
41,target,57,-0.2895067036151886,-0.6385353803634644,0.9946891069412231
41,target,58,-0.2894887924194336,-0.6383735537528992,0.9918292760848999
41,target,59,-0.2881450057029724,-0.6428453326225281,0.9981623291969299
41,target,60,-0.2966621518135071,-0.6400027275085449,0.9946102499961853
41,target,61,-0.2957196533679962,-0.6439758539199829,1.0033602714538574
41,target,62,-0.2999456524848938,-0.6437121033668518,0.9916130304336548
41,target,63,-0.2873215079307556,-0.6470257639884949,0.9869507551193237
42,source,0,-0.31660693883895874,-0.6355593800544739,0.9985953569412231
42,source,1,-0.3178156614303589,-0.6377940773963928,0.9950605630874634
42,source,2,-0.3203558921813965,-0.633484423160553,0.9956161975860596
42,source,3,-0.3167685866355896,-0.6430354118347168,0.985564112663269
42,source,4,-0.31986522674560547,-0.6388856172561646,0.9933468103408813
42,source,5,-0.3202587962150574,-0.6411792039871216,0.9918180108070374
42,source,6,-0.3182564973831177,-0.6398273706436157,0.9920318126678467
42,source,7,-0.31515252590179443,-0.6415504813194275,0.9896966814994812
42,source,8,-0.31939029693603516,-0.6373575925827026,0.990492582321167
42,source,9,-0.32033443450927734,-0.6363593339920044,0.9938778877258301
42,source,10,-0.32095885276794434,-0.6307430267333984,0.9991167783737183
42,source,11,-0.32207101583480835,-0.6401336789131165,0.9936472177505493
42,source,12,-0.3213809132575989,-0.6368948221206665,0.9941698312759399
42,source,13,-0.3211938738822937,-0.6425262689590454,0.9892109632492065
42,source,14,-0.30983465909957886,-0.6371667385101318,0.9895665645599365
42,source,15,-0.31179338693618774,-0.6379649043083191,0.9995946288108826
42,source,16,-0.31127703189849854,-0.6426088213920593,0.9921295642852783
42,source,17,-0.3125317692756653,-0.6365045309066772,0.9923949837684631
42,source,18,-0.31450480222702026,-0.6376508474349976,0.9939938187599182
42,source,19,-0.32203495502471924,-0.6374288201332092,0.9955702424049377
42,source,20,-0.31732094287872314,-0.6377480626106262,0.9864208698272705
42,source,21,-0.31181150674819946,-0.6271798610687256,0.9904899001121521
42,source,22,-0.3106158971786499,-0.6391122937202454,0.9883441925048828
42,source,23,-0.3092765212059021,-0.6374772191047668,0.9916658401489258
42,source,24,-0.31623876094818115,-0.6368357539176941,0.9976072311401367
42,source,25,-0.31482577323913574,-0.6377010345458984,1.0027180910110474
42,source,26,-0.32057929039001465,-0.6368189454078674,0.9975063800811768
42,source,27,-0.31206202507019043,-0.6350064873695374,0.9916467070579529
42,source,28,-0.31445538997650146,-0.6251549124717712,0.9995903372764587
42,source,29,-0.3251960873603821,-0.63693767786026,0.9993338584899902
42,source,30,-0.32442957162857056,-0.6388906240463257,0.9931581616401672
42,source,31,-0.3243679404258728,-0.633584201335907,0.9937763214111328
42,source,32,-0.32068145275115967,-0.6381326913833618,0.9917721748352051
42,source,33,-0.318265438079834,-0.63898104429245,0.9918858408927917
42,source,34,-0.32436275482177734,-0.6396698355674744,0.9996331334114075
42,source,35,-0.3175710439682007,-0.6332524418830872,0.9989916086196899
42,source,36,-0.3133741021156311,-0.6358671188354492,0.9939925670623779
42,source,37,-0.3152152895927429,-0.6382380127906799,1.0006099939346313
42,source,38,-0.31115198135375977,-0.6362223625183105,0.9979554414749146
42,source,39,-0.31461578607559204,-0.6379764080047607,0.9961175918579102
42,source,40,-0.3182981610298157,-0.6354376673698425,1.0020897388458252
42,source,41,-0.32017797231674194,-0.6417050957679749,0.994049608707428
42,source,42,-0.3175289034843445,-0.6412753462791443,0.9913502335548401
42,source,43,-0.3209943175315857,-0.6386443376541138,0.9983015060424805
42,source,44,-0.3134753108024597,-0.6346660852432251,0.986659049987793
42,source,45,-0.31462061405181885,-0.637717604637146,0.9902965426445007
42,source,46,-0.31827235221862793,-0.6427759528160095,0.9945968985557556
42,source,47,-0.32742923498153687,-0.6350913047790527,1.0012271404266357
42,source,48,-0.31597810983657837,-0.645641028881073,0.9838721752166748
42,source,49,-0.32300007343292236,-0.634685754776001,0.9998215436935425
42,source,50,-0.3229568600654602,-0.6396678686141968,1.0013116598129272
42,source,51,-0.3226925730705261,-0.6373468041419983,0.9951673150062561
42,source,52,-0.32552939653396606,-0.6367042660713196,0.9973666667938232
42,source,53,-0.320303738117218,-0.6496784687042236,0.9887862205505371
42,source,54,-0.32382428646087646,-0.6331876516342163,0.9918033480644226
42,source,55,-0.32628703117370605,-0.6423901915550232,0.9927550554275513
42,source,56,-0.3252218961715698,-0.6400142908096313,0.991841733455658
42,source,57,-0.3203391432762146,-0.6380974054336548,0.9878956079483032
42,source,58,-0.3218463063240051,-0.6356582045555115,0.9948418140411377
42,source,59,-0.327070415019989,-0.6372458934783936,0.9955857992172241
42,source,60,-0.3255578875541687,-0.6337599158287048,0.9977115392684937
42,source,61,-0.32687968015670776,-0.6449493765830994,0.9917135834693909
42,source,62,-0.3299553394317627,-0.6345136761665344,0.9977316856384277
42,source,63,-0.3248417377471924,-0.6418054103851318,0.9911271333694458
42,target,0,-0.28014105558395386,-0.6397173404693604,0.9824146032333374
42,target,1,-0.3194095492362976,-0.6341777443885803,0.9958757758140564
42,target,2,-0.32152408361434937,-0.6369219422340393,0.9930018186569214
42,target,3,-0.2956926226615906,-0.6436362862586975,0.9830043315887451
42,target,4,-0.3192489743232727,-0.6199036836624146,0.9950371384620667
42,target,5,-0.33444368839263916,-0.5955845713615417,1.0036906003952026
42,target,6,-0.3367590308189392,-0.6052626967430115,1.0041296482086182
42,target,7,-0.3281906843185425,-0.6057925820350647,1.0026870965957642
42,target,8,-0.3293430805206299,-0.6120486855506897,0.996881902217865
42,target,9,-0.3007206618785858,-0.6192883849143982,0.9861151576042175
42,target,10,-0.2966156005859375,-0.6116981506347656,0.9844398498535156
42,target,11,-0.31733131408691406,-0.6108433604240417,0.995834231376648
42,target,12,-0.3118753433227539,-0.6148718595504761,0.982437014579773
42,target,13,-0.2986561059951782,-0.6231280565261841,1.0012556314468384
42,target,14,-0.30442577600479126,-0.6207790374755859,0.9950672388076782
42,target,15,-0.305141419172287,-0.627618134021759,0.9909332990646362
42,target,16,-0.3113633990287781,-0.6273065209388733,0.9919463396072388
42,target,17,-0.3216947913169861,-0.6160733699798584,0.9925995469093323
42,target,18,-0.3316665291786194,-0.6178744435310364,0.9960587024688721
42,target,19,-0.3223036527633667,-0.6241809725761414,0.9887387156486511
42,target,20,-0.33168232440948486,-0.6166216731071472,0.9978862404823303
42,target,21,-0.33664727210998535,-0.6107684373855591,1.0072239637374878
42,target,22,-0.3186498284339905,-0.6103173494338989,0.9882311224937439
42,target,23,-0.30664777755737305,-0.6186985969543457,0.9865471124649048
42,target,24,-0.3269020915031433,-0.6216525435447693,0.996051549911499
42,target,25,-0.31304341554641724,-0.630168616771698,0.9970206022262573
42,target,26,-0.3053974211215973,-0.6333813667297363,0.9909349679946899
42,target,27,-0.3080137372016907,-0.6284856200218201,0.9856938719749451
42,target,28,-0.3228197693824768,-0.6415982246398926,0.998073935508728
42,target,29,-0.30453839898109436,-0.6258993148803711,0.992205023765564
42,target,30,-0.31216132640838623,-0.6328451633453369,0.9966635704040527
42,target,31,-0.32572221755981445,-0.624785840511322,0.9907987713813782
42,target,32,-0.32381922006607056,-0.6252232193946838,0.9945146441459656
42,target,33,-0.32733863592147827,-0.6367188096046448,0.9952308535575867
42,target,34,-0.31128108501434326,-0.6276974678039551,0.9865483641624451
42,target,35,-0.32414382696151733,-0.6425586342811584,0.9977588057518005
42,target,36,-0.3271573781967163,-0.6288900375366211,0.9898098707199097
42,target,37,-0.31576550006866455,-0.6361493468284607,0.987588107585907
42,target,38,-0.3198959231376648,-0.6260660886764526,0.9940939545631409
42,target,39,-0.3224409818649292,-0.6354798674583435,0.9919133186340332
42,target,40,-0.30797427892684937,-0.6295597553253174,0.9846619963645935
42,target,41,-0.2994927763938904,-0.6176121234893799,0.9836114048957825
42,target,42,-0.316043496131897,-0.6272056698799133,0.9807543754577637
42,target,43,-0.3029039204120636,-0.6387075185775757,0.9732829928398132
42,target,44,-0.3100590109825134,-0.6383593082427979,0.9756364822387695
42,target,45,-0.3140718936920166,-0.6337758302688599,0.9750523567199707
42,target,46,-0.2794957756996155,-0.6808944344520569,1.0188753604888916
42,target,47,-0.26397600769996643,-0.6529838442802429,0.9777708053588867
42,target,48,-0.25634491443634033,-0.6436985731124878,0.9807562828063965
42,target,49,-0.2755858302116394,-0.6793471574783325,1.0227476358413696
42,target,50,-0.30767619609832764,-0.636427640914917,1.0275838375091553
42,target,51,-0.2996338903903961,-0.6361627578735352,0.9892581701278687
42,target,52,-0.29484671354293823,-0.6339812874794006,0.987770140171051
42,target,53,-0.2988210916519165,-0.6367137432098389,0.9843900203704834
42,target,54,-0.2951059937477112,-0.6243095993995667,0.9930760264396667
42,target,55,-0.27636829018592834,-0.6301824450492859,0.9808446168899536
42,target,56,-0.2674437463283539,-0.6394822001457214,0.9736573696136475
42,target,57,-0.28347712755203247,-0.6374630331993103,0.979194164276123
42,target,58,-0.28545457124710083,-0.6311464905738831,0.977421224117279
42,target,59,-0.2809896171092987,-0.6382187604904175,0.9854302406311035
42,target,60,-0.28787463903427124,-0.6341081857681274,0.9820936918258667
42,target,61,-0.288000226020813,-0.6422474980354309,0.9898663759231567
42,target,62,-0.2987060844898224,-0.6441951394081116,0.98709636926651
42,target,63,-0.2827046513557434,-0.6454930305480957,0.9759165644645691
43,source,0,-0.31268155574798584,-0.6322738528251648,0.995084822177887
43,source,1,-0.31025826930999756,-0.6365653276443481,0.9930897355079651
43,source,2,-0.3119140863418579,-0.6346709132194519,0.9893786311149597
43,source,3,-0.3139704465866089,-0.6430885195732117,0.9837788939476013
43,source,4,-0.3128313422203064,-0.6424986720085144,0.9906711578369141
43,source,5,-0.3143419623374939,-0.638425886631012,0.985825777053833
43,source,6,-0.315271258354187,-0.6355576515197754,0.9886671900749207
43,source,7,-0.31316566467285156,-0.6365852355957031,0.9863967895507812
43,source,8,-0.3156772255897522,-0.6355549693107605,0.9869095683097839
43,source,9,-0.3132312297821045,-0.6365195512771606,0.9855918884277344
43,source,10,-0.31367403268814087,-0.6332815289497375,0.9916131496429443
43,source,11,-0.3144267797470093,-0.6408979296684265,0.9871498346328735
43,source,12,-0.3127128481864929,-0.6336609125137329,0.9895806908607483
43,source,13,-0.31406062841415405,-0.6384642124176025,0.9845448732376099
43,source,14,-0.2984273433685303,-0.6424767971038818,0.9857046604156494
43,source,15,-0.30527186393737793,-0.6367573142051697,0.9961984753608704
43,source,16,-0.30506810545921326,-0.6416785717010498,0.9897855520248413
43,source,17,-0.3077327013015747,-0.6381604671478271,0.9914284944534302
43,source,18,-0.3062005341053009,-0.6360906958580017,0.988313615322113
43,source,19,-0.31484395265579224,-0.6347406506538391,0.990945041179657
43,source,20,-0.3104233145713806,-0.6401622295379639,0.9838029146194458
43,source,21,-0.30169665813446045,-0.6353970170021057,0.9877573251724243
43,source,22,-0.30140966176986694,-0.6417660713195801,0.9867299795150757
43,source,23,-0.30320173501968384,-0.6397550106048584,0.9884411692619324
43,source,24,-0.30795925855636597,-0.641592264175415,0.9897574186325073
43,source,25,-0.30677205324172974,-0.6389672160148621,0.9956289529800415
43,source,26,-0.3079860806465149,-0.6372694373130798,0.9903384447097778
43,source,27,-0.30254989862442017,-0.6315054297447205,0.9901123046875
43,source,28,-0.306181401014328,-0.6250007152557373,0.9925312399864197
43,source,29,-0.31977224349975586,-0.6304173469543457,0.993536114692688
43,source,30,-0.31857556104660034,-0.6400890946388245,0.9876094460487366
43,source,31,-0.3159542679786682,-0.6322002410888672,0.9864139556884766
43,source,32,-0.3139508366584778,-0.6402292847633362,0.9880329370498657
43,source,33,-0.3148558735847473,-0.6381247043609619,0.9868556261062622
43,source,34,-0.3180643320083618,-0.639703094959259,0.9905477166175842
43,source,35,-0.3101280927658081,-0.6304566860198975,0.9923221468925476
43,source,36,-0.3030414581298828,-0.635765552520752,0.9894918203353882
43,source,37,-0.3079797625541687,-0.6403571963310242,0.9965627789497375
43,source,38,-0.30601778626441956,-0.6392073035240173,0.993787407875061
43,source,39,-0.30740147829055786,-0.6404770612716675,0.989762544631958
43,source,40,-0.3078067898750305,-0.6295351386070251,0.995259165763855
43,source,41,-0.3090742826461792,-0.637121319770813,0.9862906336784363
43,source,42,-0.3049209713935852,-0.6391732692718506,0.9831054210662842
43,source,43,-0.3104768991470337,-0.6334308981895447,0.9903407096862793
43,source,44,-0.30453526973724365,-0.6367620825767517,0.9843162894248962
43,source,45,-0.30813783407211304,-0.6382563710212708,0.9888643026351929
43,source,46,-0.3131760358810425,-0.6395420432090759,0.9886845350265503
43,source,47,-0.3161136507987976,-0.6343600153923035,0.9938209056854248
43,source,48,-0.31026631593704224,-0.6453097462654114,0.9815641045570374
43,source,49,-0.3141818046569824,-0.6370723247528076,0.9961006045341492
43,source,50,-0.3178328275680542,-0.6287556886672974,0.9951035976409912
43,source,51,-0.3190828561782837,-0.6310247778892517,0.9905039668083191
43,source,52,-0.32507413625717163,-0.6281891465187073,0.9944851994514465
43,source,53,-0.3195270299911499,-0.6407497525215149,0.9877440333366394
43,source,54,-0.3212711215019226,-0.6317139267921448,0.9909247159957886
43,source,55,-0.32706284523010254,-0.63230961561203,0.9871162176132202
43,source,56,-0.32588714361190796,-0.6314845681190491,0.9869287014007568
43,source,57,-0.3216235041618347,-0.6304775476455688,0.9865718483924866
43,source,58,-0.3231504559516907,-0.628909170627594,0.9898810386657715
43,source,59,-0.326408326625824,-0.6305636763572693,0.9883404970169067
43,source,60,-0.32481682300567627,-0.6298301219940186,0.9938058853149414
43,source,61,-0.3277938961982727,-0.639227569103241,0.9916273355484009
43,source,62,-0.3279876708984375,-0.6262619495391846,0.9917756915092468
43,source,63,-0.32138949632644653,-0.6361556053161621,0.986585795879364
43,target,0,-0.2785432040691376,-0.6380150318145752,0.984869658946991
43,target,1,-0.3157765865325928,-0.626976728439331,0.9913594722747803
43,target,2,-0.31010788679122925,-0.6292951107025146,0.985525369644165
43,target,3,-0.294719934463501,-0.6403974890708923,0.9846440553665161
43,target,4,-0.3108022212982178,-0.6171889305114746,0.9896249175071716
43,target,5,-0.32009321451187134,-0.6003419160842896,0.9951751232147217
43,target,6,-0.3277782201766968,-0.6000957489013672,0.9977854490280151
43,target,7,-0.3095080256462097,-0.5936214327812195,0.9903302192687988
43,target,8,-0.3145231008529663,-0.6051107048988342,0.988230288028717
43,target,9,-0.3010708689689636,-0.6142449378967285,0.9893468618392944
43,target,10,-0.2957720458507538,-0.6080454587936401,0.9889659881591797
43,target,11,-0.3074795603752136,-0.6025534272193909,0.9898204207420349
43,target,12,-0.3102530241012573,-0.6106871962547302,0.9833918213844299
43,target,13,-0.2875126898288727,-0.6124492287635803,0.9949496388435364
43,target,14,-0.293164998292923,-0.6141651272773743,0.9878920912742615
43,target,15,-0.29801860451698303,-0.6191843748092651,0.9872981309890747
43,target,16,-0.3041595220565796,-0.6179381012916565,0.9895517826080322
43,target,17,-0.3148840069770813,-0.6128082275390625,0.9893667101860046
43,target,18,-0.32398533821105957,-0.6145811676979065,0.992321252822876
43,target,19,-0.3138290047645569,-0.6120908856391907,0.9845137596130371
43,target,20,-0.3200724124908447,-0.6051936149597168,0.9912022352218628
43,target,21,-0.3200218677520752,-0.5975460410118103,1.0001975297927856
43,target,22,-0.3093130588531494,-0.606343150138855,0.9843692183494568
43,target,23,-0.2979997396469116,-0.6103947162628174,0.9817098379135132
43,target,24,-0.3118971586227417,-0.6112174987792969,0.9924978017807007
43,target,25,-0.3055477440357208,-0.6263461112976074,0.9923059344291687
43,target,26,-0.3090040683746338,-0.6286543607711792,0.992928147315979
43,target,27,-0.3044182062149048,-0.6173136830329895,0.9816398024559021
43,target,28,-0.3203467130661011,-0.6277369260787964,0.9974045753479004
43,target,29,-0.3009752035140991,-0.6249761581420898,0.9888502359390259
43,target,30,-0.3054583668708801,-0.6293171048164368,0.9906966686248779
43,target,31,-0.3189101815223694,-0.6172719597816467,0.9844109416007996
43,target,32,-0.3172505497932434,-0.6216508150100708,0.9876198172569275
43,target,33,-0.3187320828437805,-0.6266295313835144,0.9895215034484863
43,target,34,-0.3041064143180847,-0.6271794438362122,0.9823309183120728
43,target,35,-0.3198046088218689,-0.627216637134552,0.9910444021224976
43,target,36,-0.31881797313690186,-0.6170637011528015,0.9901227951049805
43,target,37,-0.3122989535331726,-0.626200258731842,0.9885797500610352
43,target,38,-0.3144562244415283,-0.6185373663902283,0.9856765270233154
43,target,39,-0.316231906414032,-0.6296592950820923,0.9879425764083862
43,target,40,-0.30382469296455383,-0.6208192706108093,0.990719199180603
43,target,41,-0.2983347773551941,-0.6122490167617798,0.9877898693084717
43,target,42,-0.3158589005470276,-0.6247771978378296,0.980337917804718
43,target,43,-0.30634814500808716,-0.6369070410728455,0.9807246327400208
43,target,44,-0.31522101163864136,-0.6321788430213928,0.9811233282089233
43,target,45,-0.31666046380996704,-0.6319258213043213,0.9834224581718445
43,target,46,-0.2813112437725067,-0.6686166524887085,1.019333004951477
43,target,47,-0.2711915373802185,-0.6512094140052795,0.9869470596313477
43,target,48,-0.2598886489868164,-0.6490560173988342,0.9874224662780762
43,target,49,-0.27502983808517456,-0.6711065769195557,1.025710940361023
43,target,50,-0.30533814430236816,-0.6359573602676392,1.0264978408813477
43,target,51,-0.30274850130081177,-0.630124568939209,0.9894815683364868
43,target,52,-0.29654747247695923,-0.6332353949546814,0.9894229173660278
43,target,53,-0.30079418420791626,-0.6312211155891418,0.9841516613960266
43,target,54,-0.2894633412361145,-0.6169931292533875,0.9881317615509033
43,target,55,-0.27834874391555786,-0.6274555921554565,0.9820610284805298
43,target,56,-0.27452975511550903,-0.6376890540122986,0.9798168540000916
43,target,57,-0.2856306731700897,-0.6343427300453186,0.9817513823509216
43,target,58,-0.28857654333114624,-0.6298587918281555,0.9822437763214111
43,target,59,-0.2844356894493103,-0.640213668346405,0.9885632395744324
43,target,60,-0.29420965909957886,-0.6373448371887207,0.9889507293701172
43,target,61,-0.29425936937332153,-0.6373468637466431,0.994061291217804
43,target,62,-0.29758501052856445,-0.6460934281349182,0.9890573024749756
43,target,63,-0.2896050214767456,-0.6428205966949463,0.9821230173110962
44,source,0,-0.30870330333709717,-0.6392674446105957,0.9870265126228333
44,source,1,-0.3086203932762146,-0.645147442817688,0.983875036239624
44,source,2,-0.31103992462158203,-0.6459000706672668,0.9837906956672668
44,source,3,-0.3089132308959961,-0.649962306022644,0.9799395799636841
44,source,4,-0.30838483572006226,-0.6520213484764099,0.9842217564582825
44,source,5,-0.3121163249015808,-0.6485394835472107,0.9806289672851562
44,source,6,-0.30830347537994385,-0.648565948009491,0.9789410829544067
44,source,7,-0.30672407150268555,-0.6505308151245117,0.9785176515579224
44,source,8,-0.3088333010673523,-0.6457194089889526,0.9789742231369019
44,source,9,-0.3103331923484802,-0.6456013917922974,0.9799042344093323
44,source,10,-0.3092988133430481,-0.6438921093940735,0.9860334992408752
44,source,11,-0.3151336908340454,-0.6466407179832458,0.9836215376853943
44,source,12,-0.31018221378326416,-0.6451645493507385,0.9813719391822815
44,source,13,-0.3103148341178894,-0.6437637805938721,0.977067232131958
44,source,14,-0.29940271377563477,-0.642500638961792,0.9809430837631226
44,source,15,-0.3052873909473419,-0.6446626782417297,0.9884360432624817
44,source,16,-0.30162274837493896,-0.6464059352874756,0.9799822568893433
44,source,17,-0.30551040172576904,-0.64347904920578,0.9827271103858948
44,source,18,-0.30442845821380615,-0.6442707180976868,0.9809349775314331
44,source,19,-0.3100430965423584,-0.6449423432350159,0.9843685626983643
44,source,20,-0.3064679503440857,-0.6471637487411499,0.9782226085662842
44,source,21,-0.2980056405067444,-0.6477577686309814,0.9798657894134521
44,source,22,-0.29900914430618286,-0.6506868004798889,0.9840376973152161
44,source,23,-0.30012691020965576,-0.6446917057037354,0.9831368327140808
44,source,24,-0.30785220861434937,-0.6460332870483398,0.9860511422157288
44,source,25,-0.3039584159851074,-0.6442748308181763,0.9881765842437744
44,source,26,-0.3081403374671936,-0.6426891088485718,0.9856440424919128
44,source,27,-0.30288535356521606,-0.6382892727851868,0.9812747240066528
44,source,28,-0.3036109209060669,-0.6372052431106567,0.9858304262161255
44,source,29,-0.3140639066696167,-0.6427231431007385,0.9859085083007812
44,source,30,-0.3161522150039673,-0.6488768458366394,0.9828332662582397
44,source,31,-0.3135419487953186,-0.6425145864486694,0.9811694622039795
44,source,32,-0.3115895390510559,-0.652488112449646,0.9844138026237488
44,source,33,-0.3099372386932373,-0.6452932953834534,0.9784383177757263
44,source,34,-0.31494587659835815,-0.6472674608230591,0.9848535656929016
44,source,35,-0.3080967664718628,-0.6387332081794739,0.985666036605835
44,source,36,-0.30187246203422546,-0.6424369215965271,0.9789122343063354
44,source,37,-0.3072851300239563,-0.6452507376670837,0.990418553352356
44,source,38,-0.3008232116699219,-0.64378422498703,0.986473798751831
44,source,39,-0.3029037117958069,-0.6428372263908386,0.9834801554679871
44,source,40,-0.3020556569099426,-0.6463026404380798,0.9853582382202148
44,source,41,-0.3035203218460083,-0.6491245627403259,0.9798424243927002
44,source,42,-0.3027275800704956,-0.6500911116600037,0.9788558483123779
44,source,43,-0.30588728189468384,-0.6474627256393433,0.9820178151130676
44,source,44,-0.3022896349430084,-0.6459711790084839,0.9808433651924133
44,source,45,-0.3064233660697937,-0.6433226466178894,0.9828983545303345
44,source,46,-0.3092653751373291,-0.6469238996505737,0.981845498085022
44,source,47,-0.31314903497695923,-0.6444855332374573,0.9850366711616516
44,source,48,-0.3083546757698059,-0.6488285660743713,0.9779000282287598
44,source,49,-0.3081638216972351,-0.6487045288085938,0.9907839298248291
44,source,50,-0.31089091300964355,-0.6402566432952881,0.9872195720672607
44,source,51,-0.3085007667541504,-0.6393021941184998,0.9741598963737488
44,source,52,-0.31436580419540405,-0.6359544992446899,0.9807571172714233
44,source,53,-0.3097209930419922,-0.6479965448379517,0.9777384400367737
44,source,54,-0.3082731366157532,-0.6427111625671387,0.9838146567344666
44,source,55,-0.31456702947616577,-0.6457375884056091,0.9775216579437256
44,source,56,-0.31291651725769043,-0.6475029587745667,0.9746111631393433
44,source,57,-0.3094647526741028,-0.6484289169311523,0.9735270738601685
44,source,58,-0.31121015548706055,-0.6431422233581543,0.9771682620048523
44,source,59,-0.3150227665901184,-0.6473729610443115,0.9781948924064636
44,source,60,-0.31227487325668335,-0.6417155265808105,0.9862313270568848
44,source,61,-0.31625205278396606,-0.6472260355949402,0.9826273918151855
44,source,62,-0.3158942461013794,-0.6389151215553284,0.9823688864707947
44,source,63,-0.31137144565582275,-0.6408236026763916,0.9772158265113831
44,target,0,-0.2794990539550781,-0.6476307511329651,0.9843226671218872
44,target,1,-0.3203965425491333,-0.6381238698959351,0.9926857352256775
44,target,2,-0.3103163242340088,-0.6417875289916992,0.9781991243362427
44,target,3,-0.2961691915988922,-0.6509549021720886,0.9785546064376831
44,target,4,-0.30331113934516907,-0.6351056098937988,0.9813421368598938
44,target,5,-0.31451207399368286,-0.6048141121864319,0.9938627481460571
44,target,6,-0.31997036933898926,-0.6150192022323608,0.987140417098999
44,target,7,-0.3068947196006775,-0.61288982629776,0.9842900037765503
44,target,8,-0.30849117040634155,-0.6158053874969482,0.9792222380638123
44,target,9,-0.2885895371437073,-0.6238564252853394,0.9800271987915039
44,target,10,-0.2886941432952881,-0.6181122660636902,0.9838361144065857
44,target,11,-0.3024049997329712,-0.6110467910766602,0.9873014688491821
44,target,12,-0.30167144536972046,-0.6184554100036621,0.9780703783035278
44,target,13,-0.2933487892150879,-0.6283796429634094,0.9886398315429688
44,target,14,-0.2940216064453125,-0.6352617144584656,0.983128547668457
44,target,15,-0.2959133982658386,-0.6332049369812012,0.9759654402732849
44,target,16,-0.300126850605011,-0.6350811719894409,0.9760227203369141
44,target,17,-0.30952948331832886,-0.6260596513748169,0.9821679592132568
44,target,18,-0.3223249912261963,-0.6255462765693665,0.9908619523048401
44,target,19,-0.3141762614250183,-0.628684937953949,0.9842384457588196
44,target,20,-0.32023805379867554,-0.624801754951477,0.9930049180984497
44,target,21,-0.31960439682006836,-0.6077844500541687,0.9880194664001465
44,target,22,-0.3135850429534912,-0.6175390481948853,0.9911584854125977
44,target,23,-0.29816731810569763,-0.6260098218917847,0.9778206944465637
44,target,24,-0.3090166449546814,-0.6206004023551941,0.9848527908325195
44,target,25,-0.30893635749816895,-0.64059978723526,0.988140881061554
44,target,26,-0.3079833984375,-0.6407997012138367,0.9843872785568237
44,target,27,-0.3148118257522583,-0.6372939348220825,0.9805010557174683
44,target,28,-0.32063066959381104,-0.6445633172988892,0.9827927947044373
44,target,29,-0.29806017875671387,-0.6420612931251526,0.98880535364151
44,target,30,-0.3002660870552063,-0.6455061435699463,0.980569064617157
44,target,31,-0.3128854036331177,-0.6355262994766235,0.9815717935562134
44,target,32,-0.3076919913291931,-0.6464326977729797,0.9848889112472534
44,target,33,-0.31424784660339355,-0.643101155757904,0.9830976128578186
44,target,34,-0.2984049916267395,-0.6401624083518982,0.9753533005714417
44,target,35,-0.31443482637405396,-0.6377623081207275,0.9862242341041565
44,target,36,-0.3086492419242859,-0.6359002590179443,0.977804958820343
44,target,37,-0.3042542338371277,-0.6428411602973938,0.980187714099884
44,target,38,-0.3045411705970764,-0.6327813267707825,0.9813666939735413
44,target,39,-0.30822521448135376,-0.6420374512672424,0.9766319394111633
44,target,40,-0.30350416898727417,-0.6263008117675781,0.9895772933959961
44,target,41,-0.29803502559661865,-0.6154986619949341,0.9851974248886108
44,target,42,-0.3087441325187683,-0.6354226469993591,0.9702455997467041
44,target,43,-0.2993229925632477,-0.6407473087310791,0.9691818356513977
44,target,44,-0.30572813749313354,-0.6402332782745361,0.970969021320343
44,target,45,-0.3093215823173523,-0.6369951963424683,0.9744458198547363
44,target,46,-0.2873234152793884,-0.6685380339622498,1.0195530652999878
44,target,47,-0.27496883273124695,-0.6604586243629456,0.9882866144180298
44,target,48,-0.26993680000305176,-0.654697835445404,0.9913874268531799
44,target,49,-0.2875667214393616,-0.6707637906074524,1.029447078704834
44,target,50,-0.31538093090057373,-0.6379830241203308,1.0175280570983887
44,target,51,-0.3016078770160675,-0.6468945145606995,0.989490807056427
44,target,52,-0.29636746644973755,-0.642169177532196,0.98825603723526
44,target,53,-0.2994440793991089,-0.64764004945755,0.9855474233627319
44,target,54,-0.2932007908821106,-0.6367905735969543,0.9855812788009644
44,target,55,-0.2827931344509125,-0.6431707739830017,0.9799902439117432
44,target,56,-0.27953970432281494,-0.6531738042831421,0.9839230179786682
44,target,57,-0.28823480010032654,-0.6500147581100464,0.9829028844833374
44,target,58,-0.2932107150554657,-0.6465033292770386,0.9801421761512756
44,target,59,-0.2887926697731018,-0.6556007862091064,0.9898356199264526
44,target,60,-0.2947128415107727,-0.6512475609779358,0.9868937730789185
44,target,61,-0.29446184635162354,-0.6520273685455322,0.9923936128616333
44,target,62,-0.2967492341995239,-0.6559242010116577,0.9841822385787964
44,target,63,-0.29052379727363586,-0.6538084149360657,0.9816368222236633
45,source,0,-0.310793399810791,-0.6290206909179688,0.9955075979232788
45,source,1,-0.3095766305923462,-0.6319563984870911,0.9954856038093567
45,source,2,-0.3058013319969177,-0.6361221075057983,0.9887474775314331
45,source,3,-0.30565565824508667,-0.6386681199073792,0.98719722032547
45,source,4,-0.3058323264122009,-0.6383857727050781,0.9908957481384277
45,source,5,-0.30733025074005127,-0.6408789157867432,0.9902060627937317
45,source,6,-0.3042448163032532,-0.6355932950973511,0.9886983036994934
45,source,7,-0.3017250895500183,-0.6392796039581299,0.9897758960723877
45,source,8,-0.3069608807563782,-0.6371746063232422,0.9886940121650696
45,source,9,-0.3078083395957947,-0.6389405131340027,0.9912397265434265
45,source,10,-0.3043438196182251,-0.6305668354034424,0.9934960603713989
45,source,11,-0.3086637258529663,-0.6382527351379395,0.9898789525032043
45,source,12,-0.3070698380470276,-0.6319128274917603,0.9898278713226318
45,source,13,-0.30844056606292725,-0.636297881603241,0.9849268794059753
45,source,14,-0.3041347861289978,-0.6343643665313721,0.9941027164459229
45,source,15,-0.3045329451560974,-0.6288418769836426,0.9989485144615173
45,source,16,-0.3024386167526245,-0.6373727917671204,0.990728497505188
45,source,17,-0.3034761846065521,-0.634280800819397,0.9908444881439209
45,source,18,-0.3022506833076477,-0.6369435787200928,0.9880111217498779
45,source,19,-0.31051337718963623,-0.6312536597251892,0.9958859086036682
45,source,20,-0.3052722215652466,-0.6330434083938599,0.9822325110435486
45,source,21,-0.30123400688171387,-0.6284261345863342,0.9877120852470398
45,source,22,-0.3023528456687927,-0.6368870139122009,0.9908475279808044
45,source,23,-0.30386286973953247,-0.6337844729423523,0.9926934242248535
45,source,24,-0.30776065587997437,-0.6379468441009521,0.9954275488853455
45,source,25,-0.30423033237457275,-0.6374438405036926,0.9988689422607422
45,source,26,-0.30947327613830566,-0.6351736187934875,0.9942765235900879
45,source,27,-0.30047547817230225,-0.6230337619781494,0.9930011034011841
45,source,28,-0.300101637840271,-0.6203703284263611,0.9888221621513367
45,source,29,-0.31260401010513306,-0.632304847240448,0.9943398237228394
45,source,30,-0.3086637854576111,-0.6395770311355591,0.9868818521499634
45,source,31,-0.310512900352478,-0.6323796510696411,0.989605188369751
45,source,32,-0.3078595995903015,-0.6401892900466919,0.9887167811393738
45,source,33,-0.30677396059036255,-0.6362658739089966,0.9876019954681396
45,source,34,-0.3139297366142273,-0.6410244107246399,0.9938266277313232
45,source,35,-0.30683213472366333,-0.6248779296875,0.9944519996643066
45,source,36,-0.30709272623062134,-0.6299691200256348,0.9931786060333252
45,source,37,-0.3065928816795349,-0.6335107684135437,0.9982357025146484
45,source,38,-0.3029269576072693,-0.6356470584869385,0.9983706474304199
45,source,39,-0.30604296922683716,-0.6342831254005432,0.996334969997406
45,source,40,-0.30111852288246155,-0.6289504170417786,0.9969705939292908
45,source,41,-0.30436456203460693,-0.6355465054512024,0.988408625125885
45,source,42,-0.30441999435424805,-0.6365450620651245,0.9890863299369812
45,source,43,-0.3049197196960449,-0.6322546005249023,0.9911079406738281
45,source,44,-0.3051120638847351,-0.630589485168457,0.9857478141784668
45,source,45,-0.30535197257995605,-0.632442831993103,0.9899696111679077
45,source,46,-0.3075013756752014,-0.6389287114143372,0.991934597492218
45,source,47,-0.3120611310005188,-0.6350909471511841,0.9941150546073914
45,source,48,-0.30570635199546814,-0.6398674249649048,0.9846925139427185
45,source,49,-0.3100944757461548,-0.637900710105896,0.9981863498687744
45,source,50,-0.3169713020324707,-0.6284526586532593,0.9997521042823792
45,source,51,-0.3181162476539612,-0.6234334707260132,0.9930777549743652
45,source,52,-0.3183032274246216,-0.6275442242622375,0.9910517334938049
45,source,53,-0.31369221210479736,-0.6336401104927063,0.9831590056419373
45,source,54,-0.31186455488204956,-0.6244739294052124,0.9924432039260864
45,source,55,-0.3136976361274719,-0.6350902318954468,0.9873994588851929
45,source,56,-0.31499797105789185,-0.6311097145080566,0.9855970740318298
45,source,57,-0.31058913469314575,-0.6319450736045837,0.9849585890769958
45,source,58,-0.3115721344947815,-0.6302558779716492,0.9902747869491577
45,source,59,-0.3180350065231323,-0.6320513486862183,0.9882259964942932
45,source,60,-0.3152956962585449,-0.6218971610069275,0.9883012771606445
45,source,61,-0.3225308060646057,-0.6301921010017395,0.9839133620262146
45,source,62,-0.32383519411087036,-0.6214938759803772,0.9897012710571289
45,source,63,-0.3181378245353699,-0.6294125914573669,0.986677885055542
45,target,0,-0.29094064235687256,-0.6324543356895447,0.988696813583374
45,target,1,-0.3291171193122864,-0.6295351982116699,1.002145767211914
45,target,2,-0.317462682723999,-0.6266195178031921,0.9873130321502686
45,target,3,-0.30557775497436523,-0.640722393989563,0.9890062808990479
45,target,4,-0.3104976415634155,-0.614246666431427,0.9905025362968445
45,target,5,-0.3146249055862427,-0.5890363454818726,0.9965516328811646
45,target,6,-0.3238564133644104,-0.5899938344955444,0.9941362142562866
45,target,7,-0.3047308921813965,-0.589698314666748,0.9927082061767578
45,target,8,-0.30579033493995667,-0.5941996574401855,0.986929178237915
45,target,9,-0.30110591650009155,-0.6110103726387024,0.9924531579017639
45,target,10,-0.2983335852622986,-0.605540931224823,0.9914395213127136
45,target,11,-0.3111754059791565,-0.5992788672447205,0.9964346289634705
45,target,12,-0.3121376633644104,-0.6048938035964966,0.9874165058135986
45,target,13,-0.29839324951171875,-0.6128572821617126,0.996440052986145
45,target,14,-0.30394572019577026,-0.6180782318115234,0.9955551624298096
45,target,15,-0.3075316548347473,-0.6159528493881226,0.9911521673202515
45,target,16,-0.3089550733566284,-0.6177331209182739,0.993614912033081
45,target,17,-0.31401991844177246,-0.6085882782936096,0.9888322353363037
45,target,18,-0.3175622224807739,-0.6108366250991821,0.990032434463501
45,target,19,-0.31550103425979614,-0.6131861805915833,0.9937916994094849
45,target,20,-0.3184622526168823,-0.6037248373031616,0.9954950213432312
45,target,21,-0.3172856569290161,-0.5952271819114685,0.9946366548538208
45,target,22,-0.3095787763595581,-0.6005703806877136,0.9915977716445923
45,target,23,-0.3010595142841339,-0.6097609400749207,0.9847773313522339
45,target,24,-0.3116276264190674,-0.6024532318115234,0.9914717674255371
45,target,25,-0.3152889013290405,-0.6286128163337708,0.9977222681045532
45,target,26,-0.31540608406066895,-0.6318655610084534,1.0019768476486206
45,target,27,-0.3172984719276428,-0.625076413154602,0.9943740367889404
45,target,28,-0.32860076427459717,-0.6286954283714294,0.9946792125701904
45,target,29,-0.3045131266117096,-0.6275428533554077,0.9985902905464172
45,target,30,-0.3072558045387268,-0.6260308027267456,0.9946785569190979
45,target,31,-0.3192650079727173,-0.6164061427116394,0.9924483299255371
45,target,32,-0.3159734010696411,-0.625693678855896,0.9939694404602051
45,target,33,-0.31252288818359375,-0.6216805577278137,0.9833219051361084
45,target,34,-0.30560964345932007,-0.6272820830345154,0.9854102730751038
45,target,35,-0.31576836109161377,-0.6217058897018433,0.9824739694595337
45,target,36,-0.3123044967651367,-0.6123318672180176,0.9814599752426147
45,target,37,-0.31244468688964844,-0.6202720403671265,0.9850893020629883
45,target,38,-0.3123500347137451,-0.6181235909461975,0.9875510931015015
45,target,39,-0.3120301365852356,-0.6210305690765381,0.9809039235115051
45,target,40,-0.307014524936676,-0.6126659512519836,0.9874200820922852
45,target,41,-0.30198609828948975,-0.6062596440315247,0.9857061505317688
45,target,42,-0.3038491904735565,-0.6209370493888855,0.9763594269752502
45,target,43,-0.29623520374298096,-0.628035306930542,0.9768132567405701
45,target,44,-0.3013790249824524,-0.6319903135299683,0.9818435311317444
45,target,45,-0.30559277534484863,-0.6230835914611816,0.9808468222618103
45,target,46,-0.2909047603607178,-0.6679801940917969,1.0224744081497192
45,target,47,-0.27696770429611206,-0.650489091873169,0.9887984395027161
45,target,48,-0.27325135469436646,-0.6416853070259094,0.9964178800582886
45,target,49,-0.2871898412704468,-0.6690497398376465,1.0316710472106934
45,target,50,-0.31577014923095703,-0.6316402554512024,1.0219061374664307
45,target,51,-0.3053187131881714,-0.6320236325263977,0.9992735981941223
45,target,52,-0.30021005868911743,-0.635175883769989,0.9962603449821472
45,target,53,-0.3049159646034241,-0.633891224861145,0.9979363679885864
45,target,54,-0.3018835484981537,-0.6177855730056763,1.0004348754882812
45,target,55,-0.2865024209022522,-0.6245248913764954,0.9918879866600037
45,target,56,-0.28073006868362427,-0.6406400203704834,0.9871012568473816
45,target,57,-0.29314106702804565,-0.6365326046943665,0.9943941831588745
45,target,58,-0.2939768135547638,-0.6298314332962036,0.9911078214645386
45,target,59,-0.28980886936187744,-0.6419651508331299,0.9963954091072083
45,target,60,-0.298506498336792,-0.6383200883865356,0.996214747428894
45,target,61,-0.2949475347995758,-0.6395134329795837,0.9988264441490173
45,target,62,-0.2961488962173462,-0.6437495350837708,0.9894887804985046
45,target,63,-0.29313743114471436,-0.6402903199195862,0.9879224300384521
46,source,0,-0.2949308156967163,-0.6407882571220398,0.9995641112327576
46,source,1,-0.2942717671394348,-0.643753170967102,1.0005698204040527
46,source,2,-0.2948116660118103,-0.646216094493866,0.9951400756835938
46,source,3,-0.29465585947036743,-0.6500352025032043,0.9909157752990723
46,source,4,-0.29682835936546326,-0.6499954462051392,0.99723219871521
46,source,5,-0.2957885265350342,-0.6519978642463684,0.9937505722045898
46,source,6,-0.29142290353775024,-0.649283766746521,0.9932199120521545
46,source,7,-0.2909446060657501,-0.653374433517456,0.9936813116073608
46,source,8,-0.2944064140319824,-0.6485875844955444,0.9935839176177979
46,source,9,-0.29508253931999207,-0.6489758491516113,0.9938451647758484
46,source,10,-0.2952367067337036,-0.6486660242080688,0.9999639391899109
46,source,11,-0.2956366539001465,-0.6482685208320618,0.9924026727676392
46,source,12,-0.29368388652801514,-0.6427128911018372,0.9940409064292908
46,source,13,-0.29326024651527405,-0.6442247033119202,0.989754855632782
46,source,14,-0.290637731552124,-0.6482225656509399,0.9969891309738159
46,source,15,-0.2928173542022705,-0.6397486925125122,1.0036873817443848
46,source,16,-0.2902156412601471,-0.6452786922454834,0.9944248199462891
46,source,17,-0.29143109917640686,-0.6444075107574463,0.9970719218254089
46,source,18,-0.2919718623161316,-0.644192099571228,0.9949696660041809
46,source,19,-0.29853904247283936,-0.6407605409622192,1.0009342432022095
46,source,20,-0.2912527918815613,-0.6486580967903137,0.989890992641449
46,source,21,-0.2901657223701477,-0.6447373032569885,0.9972420930862427
46,source,22,-0.29010993242263794,-0.6532641053199768,0.9967254400253296
46,source,23,-0.29097849130630493,-0.6486895084381104,0.9965853691101074
46,source,24,-0.2941476106643677,-0.6480206847190857,0.998298168182373
46,source,25,-0.2934708893299103,-0.6450496912002563,1.0016283988952637
46,source,26,-0.2952321767807007,-0.6486162543296814,0.9976539611816406
46,source,27,-0.2880094647407532,-0.6372545957565308,0.9974491000175476
46,source,28,-0.29074227809906006,-0.639080286026001,0.9981307983398438
46,source,29,-0.29939886927604675,-0.6441487073898315,0.9977142810821533
46,source,30,-0.2991105914115906,-0.6473118662834167,0.9913186430931091
46,source,31,-0.2967963218688965,-0.646058976650238,0.992847204208374
46,source,32,-0.29679781198501587,-0.6510382890701294,0.9948933720588684
46,source,33,-0.29527541995048523,-0.6488016247749329,0.9935221076011658
46,source,34,-0.29974743723869324,-0.6510999202728271,0.9969218373298645
46,source,35,-0.294294536113739,-0.641318678855896,0.9987722635269165
46,source,36,-0.29104891419410706,-0.6441729068756104,0.9975748658180237
46,source,37,-0.2959279417991638,-0.6478210091590881,1.0029850006103516
46,source,38,-0.29091185331344604,-0.6453932523727417,1.0002018213272095
46,source,39,-0.2908000648021698,-0.646215558052063,0.9983426332473755
46,source,40,-0.29139405488967896,-0.6465192437171936,1.0003862380981445
46,source,41,-0.2921014130115509,-0.6487597823143005,0.9902742505073547
46,source,42,-0.2901577353477478,-0.6469402313232422,0.9906939268112183
46,source,43,-0.2936897575855255,-0.6448106169700623,0.9938333630561829
46,source,44,-0.29084330797195435,-0.6452759504318237,0.9921272397041321
46,source,45,-0.2921605706214905,-0.6466066241264343,0.9951356649398804
46,source,46,-0.2954256236553192,-0.6444410085678101,0.9943879842758179
46,source,47,-0.299956738948822,-0.6418774127960205,0.9993003010749817
46,source,48,-0.2929689288139343,-0.6520326137542725,0.9882245659828186
46,source,49,-0.29908835887908936,-0.6486490368843079,1.0038355588912964
46,source,50,-0.3043837249279022,-0.6346123218536377,1.001404047012329
46,source,51,-0.3049614429473877,-0.6282216906547546,0.9964532256126404
46,source,52,-0.303232342004776,-0.6320742964744568,0.9943755269050598
46,source,53,-0.30185309052467346,-0.641401469707489,0.9902841448783875
46,source,54,-0.3017451763153076,-0.634014904499054,0.9995177388191223
46,source,55,-0.3049634099006653,-0.6411345601081848,0.9928849339485168
46,source,56,-0.30237728357315063,-0.6378365159034729,0.9906132221221924
46,source,57,-0.3013259768486023,-0.6360902786254883,0.990663468837738
46,source,58,-0.3037067651748657,-0.6347142457962036,0.9940072298049927
46,source,59,-0.3078233003616333,-0.6342797875404358,0.9936133623123169
46,source,60,-0.30490291118621826,-0.6295973062515259,0.9955239295959473
46,source,61,-0.3090018630027771,-0.6316884756088257,0.9903209209442139
46,source,62,-0.3077399730682373,-0.6267486214637756,0.9955546855926514
46,source,63,-0.3025795519351959,-0.6327172517776489,0.9895398020744324
46,target,0,-0.2744460701942444,-0.6446377038955688,0.9969925284385681
46,target,1,-0.3138115406036377,-0.6345646381378174,1.0088356733322144
46,target,2,-0.3025016784667969,-0.636748194694519,0.9963546395301819
46,target,3,-0.2905815541744232,-0.6459590792655945,0.9926273822784424
46,target,4,-0.29966580867767334,-0.6267781853675842,0.9972115755081177
46,target,5,-0.3107645511627197,-0.6149943470954895,1.0035841464996338
46,target,6,-0.312435507774353,-0.6087276935577393,0.9996894598007202
46,target,7,-0.3020985722541809,-0.6047631502151489,0.9981259107589722
46,target,8,-0.3032001852989197,-0.6077967286109924,0.992678701877594
46,target,9,-0.28758174180984497,-0.623969554901123,0.9924749732017517
46,target,10,-0.28250056505203247,-0.6168383359909058,0.9900840520858765
46,target,11,-0.30056071281433105,-0.6080640554428101,0.9983953833580017
46,target,12,-0.2862684726715088,-0.6184014678001404,0.9853567481040955
46,target,13,-0.2926782965660095,-0.6305800080299377,1.0074461698532104
46,target,14,-0.29667776823043823,-0.6351448893547058,1.0013805627822876
46,target,15,-0.2973305583000183,-0.6329147219657898,0.9990795850753784
46,target,16,-0.2968710660934448,-0.6331063508987427,0.9978240728378296
46,target,17,-0.3027624487876892,-0.6179629564285278,0.9948503971099854
46,target,18,-0.31170564889907837,-0.6244972348213196,0.9989638328552246
46,target,19,-0.30881690979003906,-0.6235514283180237,1.0029253959655762
46,target,20,-0.3131484389305115,-0.6194255948066711,1.0052393674850464
46,target,21,-0.3067306876182556,-0.6042913794517517,0.9976974725723267
46,target,22,-0.3034190535545349,-0.6185671091079712,1.0017931461334229
46,target,23,-0.2896241843700409,-0.6200809478759766,0.995164692401886
46,target,24,-0.3054084777832031,-0.6179305911064148,1.0018287897109985
46,target,25,-0.3048022985458374,-0.6369619965553284,1.0036284923553467
46,target,26,-0.3001159429550171,-0.6309848427772522,1.001003384590149
46,target,27,-0.30728209018707275,-0.6339508295059204,1.0016950368881226
46,target,28,-0.3116096258163452,-0.6409785747528076,1.0034966468811035
46,target,29,-0.29301267862319946,-0.6382912397384644,1.0003809928894043
46,target,30,-0.2882903814315796,-0.6374527215957642,0.9908419847488403
46,target,31,-0.3022271990776062,-0.6220065951347351,0.9925957322120667
46,target,32,-0.299013614654541,-0.6305199861526489,0.9942195415496826
46,target,33,-0.2968742847442627,-0.6277516484260559,0.9905343651771545
46,target,34,-0.2894275188446045,-0.6352606415748596,0.9919314384460449
46,target,35,-0.3003235459327698,-0.6264858841896057,0.9882394671440125
46,target,36,-0.30015361309051514,-0.622336208820343,0.9896727204322815
46,target,37,-0.2956114709377289,-0.6264235973358154,0.9873842597007751
46,target,38,-0.2933726906776428,-0.626725435256958,0.9934741258621216
46,target,39,-0.29600733518600464,-0.6312158107757568,0.990176260471344
46,target,40,-0.2921854257583618,-0.6269641518592834,0.9923503398895264
46,target,41,-0.2884007692337036,-0.6202491521835327,0.9910505414009094
46,target,42,-0.2922442555427551,-0.62856125831604,0.9812083840370178
46,target,43,-0.28276723623275757,-0.6361485719680786,0.982383668422699
46,target,44,-0.2891104221343994,-0.6394658088684082,0.9855799078941345
46,target,45,-0.28714990615844727,-0.6326351761817932,0.9817566871643066
46,target,46,-0.28469955921173096,-0.6806921362876892,1.0280425548553467
46,target,47,-0.265627384185791,-0.663604736328125,0.9949701428413391
46,target,48,-0.26223671436309814,-0.6543530821800232,1.0002189874649048
46,target,49,-0.2814345359802246,-0.6757339239120483,1.0328789949417114
46,target,50,-0.3039339482784271,-0.6374063491821289,1.0284966230392456
46,target,51,-0.2886199355125427,-0.6479776501655579,1.0025851726531982
46,target,52,-0.2878013253211975,-0.643185555934906,1.0016385316848755
46,target,53,-0.2947468161582947,-0.6418496966362,1.0027685165405273
46,target,54,-0.2865865230560303,-0.634484052658081,1.007351040840149
46,target,55,-0.2787289321422577,-0.6395565867424011,1.0011004209518433
46,target,56,-0.273345410823822,-0.6455968618392944,0.9935065507888794
46,target,57,-0.2835180461406708,-0.6466318368911743,0.9978544116020203
46,target,58,-0.28530240058898926,-0.6424244046211243,0.9951993227005005
46,target,59,-0.2805926203727722,-0.6487992405891418,0.9983339905738831
46,target,60,-0.2859575152397156,-0.6501834988594055,0.9987674951553345
46,target,61,-0.28127986192703247,-0.6500782370567322,1.0027098655700684
46,target,62,-0.2807128429412842,-0.6570792198181152,0.992736279964447
46,target,63,-0.2787431478500366,-0.6488515734672546,0.9908103942871094
47,source,0,-0.3116629719734192,-0.626099169254303,1.0030417442321777
47,source,1,-0.30785512924194336,-0.6275604963302612,1.0003275871276855
47,source,2,-0.309486448764801,-0.6299570202827454,0.9968448281288147
47,source,3,-0.30551677942276,-0.6389984488487244,0.993180513381958
47,source,4,-0.31007903814315796,-0.633399486541748,1.0008740425109863
47,source,5,-0.31025391817092896,-0.633083164691925,0.9959219098091125
47,source,6,-0.3078230619430542,-0.6297969222068787,0.9969282150268555
47,source,7,-0.30565619468688965,-0.6331384181976318,0.9948944449424744
47,source,8,-0.3090358376502991,-0.6297134757041931,0.9940776824951172
47,source,9,-0.309512734413147,-0.6306392550468445,0.9960605502128601
47,source,10,-0.30793774127960205,-0.6294904947280884,1.001550316810608
47,source,11,-0.3127744793891907,-0.6328000426292419,0.9975733160972595
47,source,12,-0.30926549434661865,-0.6244372725486755,0.9940834045410156
47,source,13,-0.3094390630722046,-0.6306955814361572,0.9925482869148254
47,source,14,-0.29914671182632446,-0.6377739906311035,0.9975303411483765
47,source,15,-0.30471569299697876,-0.6276892423629761,1.0055699348449707
47,source,16,-0.30591529607772827,-0.6345301270484924,0.9991860389709473
47,source,17,-0.3077535629272461,-0.6272574663162231,1.0014989376068115
47,source,18,-0.30298787355422974,-0.6345649361610413,0.996921181678772
47,source,19,-0.3129040002822876,-0.6260345578193665,1.0004091262817383
47,source,20,-0.30433952808380127,-0.6358299851417542,0.9928731918334961
47,source,21,-0.3027615547180176,-0.6258780360221863,0.9967869520187378
47,source,22,-0.3036578893661499,-0.6365781426429749,0.9995850324630737
47,source,23,-0.30434560775756836,-0.6313576698303223,1.0003094673156738
47,source,24,-0.30856025218963623,-0.630176842212677,1.0016225576400757
47,source,25,-0.30816954374313354,-0.6254453659057617,1.0058366060256958
47,source,26,-0.3106234669685364,-0.6289385557174683,1.0026919841766357
47,source,27,-0.30040955543518066,-0.6197164058685303,0.9982577562332153
47,source,28,-0.30301472544670105,-0.6195579171180725,0.9991137981414795
47,source,29,-0.31105315685272217,-0.6251903772354126,0.9973035454750061
47,source,30,-0.31315863132476807,-0.6320093274116516,0.9964471459388733
47,source,31,-0.31149470806121826,-0.627103865146637,0.9961521029472351
47,source,32,-0.309939444065094,-0.6364559531211853,0.9967082738876343
47,source,33,-0.31167536973953247,-0.6295208930969238,0.997452974319458
47,source,34,-0.314616858959198,-0.6349113583564758,1.0007224082946777
47,source,35,-0.30955255031585693,-0.6214190125465393,1.0005558729171753
47,source,36,-0.303558886051178,-0.621595025062561,0.9974502325057983
47,source,37,-0.30834418535232544,-0.6349219083786011,1.0079896450042725
47,source,38,-0.30506378412246704,-0.6281923055648804,1.0033786296844482
47,source,39,-0.3061982989311218,-0.6339725852012634,1.0014337301254272
47,source,40,-0.29990828037261963,-0.6213686466217041,0.9982816576957703
47,source,41,-0.3034951686859131,-0.6318797469139099,0.9928582906723022
47,source,42,-0.30286484956741333,-0.6325284838676453,0.9946566820144653
47,source,43,-0.30514562129974365,-0.6273466944694519,0.9958090782165527
47,source,44,-0.30513811111450195,-0.6300605535507202,0.9965300559997559
47,source,45,-0.3051519989967346,-0.6320239305496216,0.997362494468689
47,source,46,-0.3080575466156006,-0.6359710693359375,0.9967299699783325
47,source,47,-0.3138231039047241,-0.6285700798034668,1.002730131149292
47,source,48,-0.30645179748535156,-0.6392710208892822,0.9918231964111328
47,source,49,-0.3114117383956909,-0.6325328946113586,1.0037440061569214
47,source,50,-0.31495094299316406,-0.6233960390090942,1.0050907135009766
47,source,51,-0.31344127655029297,-0.6171590089797974,0.9978280663490295
47,source,52,-0.3148479461669922,-0.6248883008956909,0.999289333820343
47,source,53,-0.3117626905441284,-0.6341947913169861,0.9924353957176208
47,source,54,-0.3128666281700134,-0.6242661476135254,1.0011143684387207
47,source,55,-0.31719547510147095,-0.6305262446403503,0.9967894554138184
47,source,56,-0.31798672676086426,-0.6240460276603699,0.9949824810028076
47,source,57,-0.31207776069641113,-0.6253648400306702,0.9927765130996704
47,source,58,-0.31414783000946045,-0.6241793632507324,0.9985833764076233
47,source,59,-0.31728726625442505,-0.6237492561340332,0.9958418011665344
47,source,60,-0.31694501638412476,-0.6156719923019409,1.003230094909668
47,source,61,-0.3191971778869629,-0.6252331137657166,0.9975237846374512
47,source,62,-0.32193005084991455,-0.6115584373474121,0.9997864961624146
47,source,63,-0.31612229347229004,-0.6207321286201477,0.9972745180130005
47,target,0,-0.2846412658691406,-0.6397290825843811,1.0001590251922607
47,target,1,-0.3201649785041809,-0.6247367262840271,1.0074164867401123
47,target,2,-0.31324493885040283,-0.6272506713867188,0.9946675896644592
47,target,3,-0.30494749546051025,-0.6335187554359436,0.9968238472938538
47,target,4,-0.3100472688674927,-0.6157703995704651,0.9998248815536499
47,target,5,-0.3100067973136902,-0.5930795669555664,1.0076103210449219
47,target,6,-0.3225841522216797,-0.5921908617019653,1.0046474933624268
47,target,7,-0.30565863847732544,-0.589716374874115,0.9951552152633667
47,target,8,-0.3083450198173523,-0.6048907041549683,0.992323637008667
47,target,9,-0.3003525733947754,-0.613580584526062,0.9965254664421082
47,target,10,-0.29264742136001587,-0.6098452806472778,0.995444118976593
47,target,11,-0.3065831661224365,-0.6050930023193359,1.0041871070861816
47,target,12,-0.30624035000801086,-0.6063521504402161,0.9938281774520874
47,target,13,-0.29204756021499634,-0.6157435774803162,1.0060641765594482
47,target,14,-0.2985397279262543,-0.6214945316314697,1.0013744831085205
47,target,15,-0.3026745319366455,-0.6235759854316711,0.9965067505836487
47,target,16,-0.3081473112106323,-0.6229642629623413,0.9988758563995361
47,target,17,-0.3124393820762634,-0.6100095510482788,0.9966780543327332
47,target,18,-0.3163725733757019,-0.6079486012458801,1.0018854141235352
47,target,19,-0.31732177734375,-0.6133384108543396,0.9971362352371216
47,target,20,-0.3178054094314575,-0.6059272885322571,1.0050184726715088
47,target,21,-0.31707876920700073,-0.5882717967033386,1.0059964656829834
47,target,22,-0.304292231798172,-0.6097835302352905,0.9968903660774231
47,target,23,-0.2999206781387329,-0.613386332988739,0.994442880153656
47,target,24,-0.30698782205581665,-0.60170978307724,1.0023424625396729
47,target,25,-0.3112085461616516,-0.6268855929374695,1.0040806531906128
47,target,26,-0.3166639804840088,-0.6271956562995911,1.0075843334197998
47,target,27,-0.3119293451309204,-0.6279963254928589,0.9942201972007751
47,target,28,-0.32414716482162476,-0.6364442706108093,1.0088529586791992
47,target,29,-0.3026694059371948,-0.626297116279602,1.0036691427230835
47,target,30,-0.30642080307006836,-0.6218308806419373,0.9999479055404663
47,target,31,-0.3168737292289734,-0.611876904964447,0.9978348016738892
47,target,32,-0.3183366656303406,-0.614915668964386,1.0011322498321533
47,target,33,-0.31949812173843384,-0.6234167218208313,1.0027241706848145
47,target,34,-0.30610978603363037,-0.6156289577484131,0.9959144592285156
47,target,35,-0.31199973821640015,-0.6254885792732239,0.9938440322875977
47,target,36,-0.31467723846435547,-0.6126430630683899,0.9957410097122192
47,target,37,-0.3089662790298462,-0.6188523769378662,0.9916506409645081
47,target,38,-0.3130874037742615,-0.6107765436172485,0.9990712404251099
47,target,39,-0.3165990114212036,-0.6183469891548157,0.9967968463897705
47,target,40,-0.29963237047195435,-0.6218774318695068,0.9983937740325928
47,target,41,-0.29640257358551025,-0.6129831671714783,0.997647762298584
47,target,42,-0.3057321608066559,-0.6196211576461792,0.9815361499786377
47,target,43,-0.2987036108970642,-0.6313690543174744,0.9824943542480469
47,target,44,-0.3024531602859497,-0.6299181580543518,0.9862306714057922
47,target,45,-0.30593207478523254,-0.6235077381134033,0.9828338623046875
47,target,46,-0.28342026472091675,-0.6717872619628906,1.031027913093567
47,target,47,-0.2806231379508972,-0.6441486477851868,0.9996132254600525
47,target,48,-0.27131450176239014,-0.6480779051780701,1.001863718032837
47,target,49,-0.28022122383117676,-0.6693978905677795,1.0376309156417847
47,target,50,-0.3079935312271118,-0.6244105100631714,1.0311031341552734
47,target,51,-0.3019619584083557,-0.6262718439102173,0.9967366456985474
47,target,52,-0.29845109581947327,-0.6225668787956238,1.0007928609848022
47,target,53,-0.3071366548538208,-0.6305505037307739,1.000649333000183
47,target,54,-0.2998911142349243,-0.6220834851264954,1.0058616399765015
47,target,55,-0.2834808826446533,-0.6266502737998962,0.9980507493019104
47,target,56,-0.28229522705078125,-0.6355747580528259,0.9936847686767578
47,target,57,-0.2933371663093567,-0.6326532959938049,0.9970865845680237
47,target,58,-0.29486992955207825,-0.6255796551704407,0.9941809177398682
47,target,59,-0.2946251630783081,-0.6357026100158691,1.0026593208312988
47,target,60,-0.29991209506988525,-0.6353273391723633,1.0010406970977783
47,target,61,-0.2953472137451172,-0.6348441243171692,1.004378080368042
47,target,62,-0.3020310699939728,-0.6390171647071838,1.000637412071228
47,target,63,-0.2952954173088074,-0.6369784474372864,0.9940868616104126
48,source,0,-0.3077232837677002,-0.6451169848442078,1.0074021816253662
48,source,1,-0.3039621412754059,-0.6459516882896423,1.008095622062683
48,source,2,-0.30575352907180786,-0.6489565968513489,1.0022655725479126
48,source,3,-0.3040446937084198,-0.6535890698432922,0.9977962970733643
48,source,4,-0.30674105882644653,-0.6447508931159973,1.0030992031097412
48,source,5,-0.30834054946899414,-0.6504390239715576,1.0012359619140625
48,source,6,-0.30369773507118225,-0.646547257900238,0.999250054359436
48,source,7,-0.30287790298461914,-0.6487923264503479,0.9991134405136108
48,source,8,-0.30593687295913696,-0.6458424925804138,0.9982190132141113
48,source,9,-0.3052840232849121,-0.648718535900116,1.000939965248108
48,source,10,-0.3014845848083496,-0.6472206711769104,1.0034493207931519
48,source,11,-0.3070147633552551,-0.6534937024116516,0.9994850754737854
48,source,12,-0.3044254779815674,-0.643230676651001,1.0021538734436035
48,source,13,-0.30336159467697144,-0.6474849581718445,0.9970365762710571
48,source,14,-0.2993178963661194,-0.6487436294555664,1.0021288394927979
48,source,15,-0.29989635944366455,-0.6389995217323303,1.008594274520874
48,source,16,-0.29968738555908203,-0.6498643159866333,0.9997718334197998
48,source,17,-0.29861199855804443,-0.6491233706474304,0.9988410472869873
48,source,18,-0.2999493479728699,-0.6510134339332581,1.0007984638214111
48,source,19,-0.3070231080055237,-0.6468479037284851,1.0056629180908203
48,source,20,-0.3000922203063965,-0.6520954966545105,0.9930673241615295
48,source,21,-0.30283263325691223,-0.6402581334114075,1.0006377696990967
48,source,22,-0.30061665177345276,-0.6505258679389954,0.9983693361282349
48,source,23,-0.30315011739730835,-0.646782398223877,1.002459168434143
48,source,24,-0.3041372299194336,-0.649150013923645,1.0036323070526123
48,source,25,-0.3031823933124542,-0.6471816897392273,1.0120998620986938
48,source,26,-0.3061157464981079,-0.6481325030326843,1.0073668956756592
48,source,27,-0.2978626489639282,-0.6330922245979309,1.0040810108184814
48,source,28,-0.30048519372940063,-0.6363310217857361,1.0053631067276
48,source,29,-0.30744796991348267,-0.6463848352432251,1.0055530071258545
48,source,30,-0.3080105781555176,-0.6499375700950623,0.999982476234436
48,source,31,-0.30572694540023804,-0.644754946231842,1.0012881755828857
48,source,32,-0.30573078989982605,-0.6496320366859436,0.9987444281578064
48,source,33,-0.3094947934150696,-0.646889865398407,1.002180576324463
48,source,34,-0.31112831830978394,-0.6536184549331665,1.0055519342422485
48,source,35,-0.30502980947494507,-0.6398487091064453,1.0072929859161377
48,source,36,-0.2986081838607788,-0.6400123834609985,1.0025367736816406
48,source,37,-0.3068733215332031,-0.6455540657043457,1.010837435722351
48,source,38,-0.2999154329299927,-0.6487318873405457,1.0074365139007568
48,source,39,-0.3037793040275574,-0.6515002250671387,1.0036578178405762
48,source,40,-0.29843130707740784,-0.6387171149253845,1.008001685142517
48,source,41,-0.3014019727706909,-0.6455506682395935,0.9984855055809021
48,source,42,-0.29980671405792236,-0.6477367877960205,1.001975417137146
48,source,43,-0.3029286861419678,-0.6419764161109924,1.0034903287887573
48,source,44,-0.3020438551902771,-0.6460509896278381,0.9984423518180847
48,source,45,-0.3000234365463257,-0.6506448984146118,1.0001072883605957
48,source,46,-0.3059244155883789,-0.6496582627296448,1.0020982027053833
48,source,47,-0.30980241298675537,-0.6464154720306396,1.0068385601043701
48,source,48,-0.30222293734550476,-0.6561585664749146,0.9949814081192017
48,source,49,-0.30875885486602783,-0.6440443396568298,1.0101913213729858
48,source,50,-0.3157578110694885,-0.6422433257102966,1.0142022371292114
48,source,51,-0.3127927780151367,-0.6394268274307251,1.0080844163894653
48,source,52,-0.31432539224624634,-0.6405250430107117,1.0055090188980103
48,source,53,-0.31390130519866943,-0.645083487033844,0.9987300634384155
48,source,54,-0.3119882345199585,-0.6340271234512329,1.0063577890396118
48,source,55,-0.3170510530471802,-0.6469027996063232,1.0041024684906006
48,source,56,-0.3128126263618469,-0.6434543132781982,1.0025826692581177
48,source,57,-0.31229233741760254,-0.6416401267051697,1.0017842054367065
48,source,58,-0.3100852370262146,-0.6402716040611267,1.0042650699615479
48,source,59,-0.3161749839782715,-0.643699049949646,1.0042160749435425
48,source,60,-0.31849563121795654,-0.6349025964736938,1.0089963674545288
48,source,61,-0.3182743787765503,-0.644230842590332,1.0014898777008057
48,source,62,-0.3180254101753235,-0.6320969462394714,1.0078842639923096
48,source,63,-0.3143218159675598,-0.6405682563781738,1.0040345191955566
48,target,0,-0.28757500648498535,-0.6493954062461853,1.004937767982483
48,target,1,-0.31875157356262207,-0.6415666341781616,1.0183000564575195
48,target,2,-0.31291866302490234,-0.641914963722229,1.0058547258377075
48,target,3,-0.2982410192489624,-0.6500159502029419,1.0031993389129639
48,target,4,-0.3057984709739685,-0.63083815574646,1.0057587623596191
48,target,5,-0.3110669255256653,-0.6075652241706848,1.0104522705078125
48,target,6,-0.3155108094215393,-0.6117965579032898,1.0058047771453857
48,target,7,-0.298647403717041,-0.6071113348007202,1.000872254371643
48,target,8,-0.30082470178604126,-0.6178144812583923,0.9972176551818848
48,target,9,-0.297503799200058,-0.6279087066650391,1.0041179656982422
48,target,10,-0.2938348948955536,-0.6208660006523132,1.0028022527694702
48,target,11,-0.3000061511993408,-0.6124931573867798,1.0064367055892944
48,target,12,-0.29896023869514465,-0.6220784187316895,0.998052716255188
48,target,13,-0.2916836142539978,-0.6282324194908142,1.0111428499221802
48,target,14,-0.2972125709056854,-0.6350592374801636,1.0079385042190552
48,target,15,-0.29951047897338867,-0.6309177875518799,1.0028518438339233
48,target,16,-0.30303215980529785,-0.6327775120735168,1.003365397453308
48,target,17,-0.30704325437545776,-0.6287460327148438,1.0069732666015625
48,target,18,-0.3090974688529968,-0.6262599229812622,1.0059242248535156
48,target,19,-0.3059483766555786,-0.6306180953979492,0.99809730052948
48,target,20,-0.31103527545928955,-0.6257924437522888,1.0097233057022095
48,target,21,-0.3051680624485016,-0.6162081360816956,1.003773808479309
48,target,22,-0.3035702407360077,-0.6176770925521851,1.0047805309295654
48,target,23,-0.2943662703037262,-0.6276655793190002,0.998623251914978
48,target,24,-0.30321258306503296,-0.6228622198104858,1.0062721967697144
48,target,25,-0.30717939138412476,-0.6423678398132324,1.0152478218078613
48,target,26,-0.30937623977661133,-0.6415138244628906,1.014011025428772
48,target,27,-0.31443601846694946,-0.6376604437828064,1.0076656341552734
48,target,28,-0.32584458589553833,-0.6424583792686462,1.011873722076416
48,target,29,-0.2942535877227783,-0.6401214003562927,1.009853482246399
48,target,30,-0.30232810974121094,-0.6351323127746582,1.0055222511291504
48,target,31,-0.3048360347747803,-0.6286506652832031,1.0045984983444214
48,target,32,-0.3024812936782837,-0.6334227323532104,1.0038074254989624
48,target,33,-0.30771762132644653,-0.6404208540916443,1.0025655031204224
48,target,34,-0.2998589277267456,-0.6356057524681091,0.9991395473480225
48,target,35,-0.3170735239982605,-0.6436055302619934,1.0064936876296997
48,target,36,-0.3052075505256653,-0.6313442587852478,0.9981731176376343
48,target,37,-0.30486321449279785,-0.6384046077728271,0.9994246959686279
48,target,38,-0.3061923384666443,-0.6319876313209534,1.0046114921569824
48,target,39,-0.30821144580841064,-0.6393088698387146,1.001091718673706
48,target,40,-0.30215001106262207,-0.6351003646850586,1.0064811706542969
48,target,41,-0.29475468397140503,-0.622372031211853,1.0025153160095215
48,target,42,-0.2967076301574707,-0.6366023421287537,0.9897106289863586
48,target,43,-0.2946300804615021,-0.6433860659599304,0.9886355400085449
48,target,44,-0.29653823375701904,-0.6476436853408813,0.9921877384185791
48,target,45,-0.3009603023529053,-0.6407422423362732,0.9914183616638184
48,target,46,-0.28987395763397217,-0.6746869683265686,1.0353848934173584
48,target,47,-0.2789417505264282,-0.663801908493042,1.0076080560684204
48,target,48,-0.2699265480041504,-0.6593450903892517,1.008232831954956
48,target,49,-0.28262972831726074,-0.6721173524856567,1.0406463146209717
48,target,50,-0.3078894019126892,-0.6373512148857117,1.0378663539886475
48,target,51,-0.2974289059638977,-0.6444239616394043,1.012851595878601
48,target,52,-0.29528558254241943,-0.6441985964775085,1.0131635665893555
48,target,53,-0.2966035008430481,-0.6467162370681763,1.0094141960144043
48,target,54,-0.29450294375419617,-0.6327176690101624,1.0148385763168335
48,target,55,-0.27992522716522217,-0.6401118636131287,1.0076658725738525
48,target,56,-0.27936193346977234,-0.6513963937759399,1.005439043045044
48,target,57,-0.28846079111099243,-0.650066614151001,1.0073198080062866
48,target,58,-0.28852808475494385,-0.6441737413406372,1.0047626495361328
48,target,59,-0.2863413095474243,-0.6536605954170227,1.0103143453598022
48,target,60,-0.2963253855705261,-0.6512085795402527,1.0113636255264282
48,target,61,-0.2939351797103882,-0.6502277255058289,1.0134016275405884
48,target,62,-0.29620328545570374,-0.6574644446372986,1.003629446029663
48,target,63,-0.2892230749130249,-0.655665397644043,1.0032182931900024
49,source,0,-0.30259010195732117,-0.6221970915794373,0.9975475668907166
49,source,1,-0.2979557514190674,-0.6203088164329529,0.9918856620788574
49,source,2,-0.302533894777298,-0.6246575713157654,0.992719292640686
49,source,3,-0.30067044496536255,-0.632508397102356,0.9884196519851685
49,source,4,-0.29924046993255615,-0.6258852481842041,0.991101861000061
49,source,5,-0.30350226163864136,-0.633507251739502,0.991469144821167
49,source,6,-0.3007996380329132,-0.6309602856636047,0.9911246299743652
49,source,7,-0.2976491451263428,-0.634084165096283,0.9883157014846802
49,source,8,-0.30139148235321045,-0.6280496716499329,0.9879404306411743
49,source,9,-0.29999223351478577,-0.6303074359893799,0.9889702796936035
49,source,10,-0.2993885278701782,-0.6196242570877075,0.992659330368042
49,source,11,-0.3052854537963867,-0.6271570324897766,0.9922803640365601
49,source,12,-0.3012768626213074,-0.6232179999351501,0.9906433820724487
49,source,13,-0.305020809173584,-0.624810516834259,0.9896344542503357
49,source,14,-0.29492098093032837,-0.6256034970283508,0.9933140873908997
49,source,15,-0.2954099178314209,-0.6190739870071411,0.9959375262260437
49,source,16,-0.2964608073234558,-0.629816472530365,0.9914559125900269
49,source,17,-0.29747435450553894,-0.6230542659759521,0.9917738437652588
49,source,18,-0.299334853887558,-0.6264336109161377,0.9929383397102356
49,source,19,-0.30246061086654663,-0.6244553923606873,0.992168664932251
49,source,20,-0.29797303676605225,-0.6305695176124573,0.9868825674057007
49,source,21,-0.29648706316947937,-0.6178655624389648,0.9896888136863708
49,source,22,-0.29625874757766724,-0.6272546648979187,0.9948461651802063
49,source,23,-0.29625725746154785,-0.6241064667701721,0.9965322017669678
49,source,24,-0.29921698570251465,-0.6257396936416626,0.9946494102478027
49,source,25,-0.2978651523590088,-0.6241204142570496,0.998998761177063
49,source,26,-0.30120712518692017,-0.6231195330619812,0.9959887862205505
49,source,27,-0.29286372661590576,-0.611861526966095,0.988161027431488
49,source,28,-0.2951570153236389,-0.6107863783836365,0.9966117739677429
49,source,29,-0.3052746653556824,-0.6219488382339478,0.9957024455070496
49,source,30,-0.3060990571975708,-0.6278027296066284,0.9922020435333252
49,source,31,-0.3048864006996155,-0.6177103519439697,0.9918298125267029
49,source,32,-0.30112987756729126,-0.6282721757888794,0.9879889488220215
49,source,33,-0.30222535133361816,-0.6300588846206665,0.9899259805679321
49,source,34,-0.30748993158340454,-0.6308216452598572,0.999424934387207
49,source,35,-0.2973082363605499,-0.615157961845398,0.9967226982116699
49,source,36,-0.2948462963104248,-0.6183280348777771,0.9908841252326965
49,source,37,-0.3006274104118347,-0.6228963732719421,1.000070571899414
49,source,38,-0.2982374429702759,-0.6240602731704712,0.9970525503158569
49,source,39,-0.2977374792098999,-0.6265352368354797,0.9962069392204285
49,source,40,-0.287509560585022,-0.6212954521179199,0.9876880645751953
49,source,41,-0.2960001826286316,-0.6244906187057495,0.9859938621520996
49,source,42,-0.29325050115585327,-0.6272175312042236,0.9851175546646118
49,source,43,-0.2964094877243042,-0.6227967143058777,0.9883368611335754
49,source,44,-0.29785656929016113,-0.6231678128242493,0.9924308061599731
49,source,45,-0.29990652203559875,-0.6297479271888733,0.9934319257736206
49,source,46,-0.3017098009586334,-0.6272315979003906,0.9905475378036499
49,source,47,-0.30622515082359314,-0.6225543022155762,0.9963281154632568
49,source,48,-0.3008435368537903,-0.6329919695854187,0.9871281385421753
49,source,49,-0.29894644021987915,-0.622321605682373,0.99494469165802
49,source,50,-0.3089120388031006,-0.6158556938171387,1.0052462816238403
49,source,51,-0.3114326596260071,-0.611301600933075,0.9929628968238831
49,source,52,-0.3141072392463684,-0.618137001991272,0.9987182021141052
49,source,53,-0.3056964576244354,-0.6249733567237854,0.9884520173072815
49,source,54,-0.3059538006782532,-0.6167929768562317,0.9923418760299683
49,source,55,-0.30786144733428955,-0.6275460720062256,0.9920535087585449
49,source,56,-0.307175874710083,-0.619825005531311,0.9873207807540894
49,source,57,-0.3031511902809143,-0.6224148869514465,0.9859503507614136
49,source,58,-0.30760669708251953,-0.62068110704422,0.9939574003219604
49,source,59,-0.3116447925567627,-0.6182407736778259,0.992842972278595
49,source,60,-0.3147526979446411,-0.6121946573257446,0.996511697769165
49,source,61,-0.3153265118598938,-0.6209362149238586,0.9934839010238647
49,source,62,-0.31192928552627563,-0.6098122596740723,0.9958693981170654
49,source,63,-0.31080830097198486,-0.6184532642364502,0.9914482831954956
49,target,0,-0.27620604634284973,-0.6382489800453186,0.9927801489830017
49,target,1,-0.3131219148635864,-0.6267834901809692,1.006970763206482
49,target,2,-0.31052112579345703,-0.6282182931900024,0.9952419996261597
49,target,3,-0.2969668507575989,-0.6372771263122559,0.9909577965736389
49,target,4,-0.3016204237937927,-0.6177319288253784,0.9947782754898071
49,target,5,-0.29946863651275635,-0.5832014679908752,1.0035693645477295
49,target,6,-0.3131060004234314,-0.5894721746444702,0.9969094395637512
49,target,7,-0.29761308431625366,-0.5842198729515076,0.9905362725257874
49,target,8,-0.29504430294036865,-0.5985016822814941,0.9841138124465942
49,target,9,-0.291146457195282,-0.6107597351074219,0.9930787086486816
49,target,10,-0.2867439091205597,-0.6051499247550964,0.9916025400161743
49,target,11,-0.29541826248168945,-0.5973066687583923,0.9947901964187622
49,target,12,-0.29933732748031616,-0.601476788520813,0.9881638884544373
49,target,13,-0.2815314531326294,-0.6164409518241882,1.0001832246780396
49,target,14,-0.2865290343761444,-0.6234473586082458,0.9942553639411926
49,target,15,-0.292303204536438,-0.6209929585456848,0.9889706373214722
49,target,16,-0.29745444655418396,-0.619055986404419,0.99135822057724
49,target,17,-0.3036685585975647,-0.6136576533317566,0.9951515197753906
49,target,18,-0.3064318895339966,-0.6115805506706238,0.9981080293655396
49,target,19,-0.3032992482185364,-0.6145070791244507,0.994319498538971
49,target,20,-0.3093686103820801,-0.6051794290542603,1.0067968368530273
49,target,21,-0.30897092819213867,-0.5895626544952393,0.9975682497024536
49,target,22,-0.29895734786987305,-0.6073249578475952,1.0005544424057007
49,target,23,-0.2882606089115143,-0.613815426826477,0.9841806292533875
49,target,24,-0.30269160866737366,-0.6007986068725586,1.0010792016983032
49,target,25,-0.30170542001724243,-0.6269479990005493,1.0017017126083374
49,target,26,-0.30931222438812256,-0.6215900182723999,1.0018672943115234
49,target,27,-0.31382501125335693,-0.6224063634872437,0.9980780482292175
49,target,28,-0.3254716396331787,-0.6336804032325745,1.0077775716781616
49,target,29,-0.2904793620109558,-0.627598762512207,0.9986137747764587
49,target,30,-0.2916967272758484,-0.6327246427536011,0.9904821515083313
49,target,31,-0.2983483672142029,-0.6160476803779602,0.9905901551246643
49,target,32,-0.29920172691345215,-0.6157087683677673,0.9906691908836365
49,target,33,-0.31623488664627075,-0.6198667883872986,0.9969409704208374
49,target,34,-0.30194228887557983,-0.6193205714225769,0.9862526655197144
49,target,35,-0.3171873688697815,-0.618830680847168,1.0019080638885498
49,target,36,-0.3089061379432678,-0.608389675617218,0.9896806478500366
49,target,37,-0.3046237826347351,-0.6181193590164185,0.9915039539337158
49,target,38,-0.3126341700553894,-0.6059570908546448,0.9948378801345825
49,target,39,-0.3135218620300293,-0.6174542307853699,0.9934617877006531
49,target,40,-0.29814526438713074,-0.6156647801399231,1.0017075538635254
49,target,41,-0.28990626335144043,-0.6111577153205872,0.9963555932044983
49,target,42,-0.2948862910270691,-0.6196361780166626,0.9776859879493713
49,target,43,-0.2932279407978058,-0.6284937858581543,0.9835395812988281
49,target,44,-0.29595720767974854,-0.6285325288772583,0.9851120710372925
49,target,45,-0.29938745498657227,-0.6229211091995239,0.9850335121154785
49,target,46,-0.27757275104522705,-0.6770510673522949,1.024146556854248
49,target,47,-0.27008360624313354,-0.6562897562980652,0.9925975203514099
49,target,48,-0.2627725601196289,-0.656430184841156,0.9957138895988464
49,target,49,-0.2775695025920868,-0.6710028648376465,1.0272765159606934
49,target,50,-0.2997726798057556,-0.6305191516876221,1.0258265733718872
49,target,51,-0.29124853014945984,-0.630460798740387,0.995180070400238
49,target,52,-0.2879842519760132,-0.6301755309104919,0.9935421943664551
49,target,53,-0.2902999520301819,-0.6357095241546631,0.9924032688140869
49,target,54,-0.288983017206192,-0.6224249005317688,0.9999220371246338
49,target,55,-0.27030253410339355,-0.6380388736724854,0.9898961186408997
49,target,56,-0.2714426517486572,-0.6492142081260681,0.9895858764648438
49,target,57,-0.2792423963546753,-0.6401857137680054,0.9876800775527954
49,target,58,-0.2792217433452606,-0.6396802067756653,0.988513171672821
49,target,59,-0.2794966697692871,-0.6460468173027039,0.9942882061004639
49,target,60,-0.29021716117858887,-0.6406665444374084,0.9935104846954346
49,target,61,-0.28624555468559265,-0.6417512893676758,0.9975056648254395
49,target,62,-0.2947978973388672,-0.6453637480735779,0.9931706786155701
49,target,63,-0.28383517265319824,-0.6465364694595337,0.9865325689315796
50,source,0,-0.31151437759399414,-0.632710337638855,1.000430703163147
50,source,1,-0.30732107162475586,-0.63266921043396,1.0006211996078491
50,source,2,-0.3072032332420349,-0.6375393867492676,0.9949476718902588
50,source,3,-0.30612248182296753,-0.6456975340843201,0.9940967559814453
50,source,4,-0.30595719814300537,-0.635810136795044,0.9948732852935791
50,source,5,-0.3100227117538452,-0.6373825669288635,0.9931755661964417
50,source,6,-0.30849921703338623,-0.6329675912857056,0.991794764995575
50,source,7,-0.30449798703193665,-0.6393634080886841,0.9911989569664001
50,source,8,-0.3089359998703003,-0.6353879570960999,0.9939467310905457
50,source,9,-0.30727332830429077,-0.6354836225509644,0.9907219409942627
50,source,10,-0.3068312406539917,-0.6361057758331299,1.0006883144378662
50,source,11,-0.31339800357818604,-0.638091504573822,0.9956979155540466
50,source,12,-0.30912888050079346,-0.6296049356460571,0.9961152076721191
50,source,13,-0.30926817655563354,-0.6357955932617188,0.9924712777137756
50,source,14,-0.3030221462249756,-0.6397108435630798,0.998198926448822
50,source,15,-0.3065943121910095,-0.6315286159515381,1.0044422149658203
50,source,16,-0.3030499219894409,-0.6416301727294922,0.9972269535064697
50,source,17,-0.3038831949234009,-0.6352970004081726,0.9967368841171265
50,source,18,-0.30487507581710815,-0.6391547322273254,0.99814772605896
50,source,19,-0.310274600982666,-0.6367992758750916,1.0010600090026855
50,source,20,-0.30202221870422363,-0.643669843673706,0.9915476441383362
50,source,21,-0.30289143323898315,-0.6339187026023865,0.9951640367507935
50,source,22,-0.3034823536872864,-0.6417572498321533,0.9964484572410583
50,source,23,-0.30323511362075806,-0.6400419473648071,0.9981483221054077
50,source,24,-0.30853158235549927,-0.6407955288887024,0.9981634020805359
50,source,25,-0.30764979124069214,-0.6349921822547913,1.004697322845459
50,source,26,-0.31038129329681396,-0.6341951489448547,1.0016968250274658
50,source,27,-0.3018633723258972,-0.6250318288803101,0.9984804391860962
50,source,28,-0.3023063540458679,-0.6267052888870239,0.9985078573226929
50,source,29,-0.3119426369667053,-0.6326375007629395,0.9974822998046875
50,source,30,-0.3138660788536072,-0.6372371912002563,0.9946732521057129
50,source,31,-0.31112104654312134,-0.6354398131370544,0.9950839281082153
50,source,32,-0.30896908044815063,-0.6413602232933044,0.993526816368103
50,source,33,-0.3092085123062134,-0.6362184286117554,0.9937431812286377
50,source,34,-0.3146671652793884,-0.642501950263977,0.9992849826812744
50,source,35,-0.30907678604125977,-0.6314322352409363,1.001866102218628
50,source,36,-0.30430102348327637,-0.6318379640579224,0.9957829117774963
50,source,37,-0.3072050213813782,-0.6397693753242493,1.0051480531692505
50,source,38,-0.30788904428482056,-0.6360171437263489,1.0011523962020874
50,source,39,-0.30645042657852173,-0.6404924392700195,0.9995507597923279
50,source,40,-0.3020753860473633,-0.6320164203643799,0.997187077999115
50,source,41,-0.30400142073631287,-0.6375738978385925,0.990231454372406
50,source,42,-0.30220869183540344,-0.6396779417991638,0.9906814098358154
50,source,43,-0.30584198236465454,-0.6331837773323059,0.9955915808677673
50,source,44,-0.3021865785121918,-0.6368480324745178,0.9927825927734375
50,source,45,-0.30672502517700195,-0.638643205165863,0.9997959136962891
50,source,46,-0.30956506729125977,-0.6378960013389587,0.9968575239181519
50,source,47,-0.31277960538864136,-0.6357202529907227,0.9991194009780884
50,source,48,-0.3046872019767761,-0.6469554305076599,0.9921054244041443
50,source,49,-0.30726975202560425,-0.6363700032234192,1.0021852254867554
50,source,50,-0.3148288130760193,-0.6316137313842773,1.0063273906707764
50,source,51,-0.31464874744415283,-0.6252558827400208,0.9969515204429626
50,source,52,-0.314380943775177,-0.6307112574577332,0.9989927411079407
50,source,53,-0.3148595690727234,-0.6395099759101868,0.9967471361160278
50,source,54,-0.3117263913154602,-0.6311926245689392,0.9989935159683228
50,source,55,-0.3149260878562927,-0.6401672959327698,0.9973310828208923
50,source,56,-0.3137555718421936,-0.6347842216491699,0.9911662340164185
50,source,57,-0.3102306127548218,-0.6364186406135559,0.991923987865448
50,source,58,-0.3138614892959595,-0.6341727375984192,0.9975164532661438
50,source,59,-0.3169625401496887,-0.6352213621139526,0.9967994093894958
50,source,60,-0.31458795070648193,-0.6289248466491699,0.9996609687805176
50,source,61,-0.3169705271720886,-0.6359111070632935,0.9961134791374207
50,source,62,-0.31761854887008667,-0.6295204758644104,0.9992473721504211
50,source,63,-0.31512248516082764,-0.6340824961662292,0.995190441608429
50,target,0,-0.2814294099807739,-0.6423565745353699,1.0031242370605469
50,target,1,-0.31539708375930786,-0.6349835395812988,1.005698561668396
50,target,2,-0.31301575899124146,-0.6323855519294739,0.9986780881881714
50,target,3,-0.29753178358078003,-0.6455980539321899,0.9966306686401367
50,target,4,-0.3089980483055115,-0.6266415119171143,1.007025957107544
50,target,5,-0.3079831004142761,-0.6031530499458313,1.0068808794021606
50,target,6,-0.31679219007492065,-0.602533757686615,0.9970821142196655
50,target,7,-0.3070852756500244,-0.5990740060806274,0.9947737455368042
50,target,8,-0.30672240257263184,-0.6075206398963928,0.9920769929885864
50,target,9,-0.2956118881702423,-0.6222555041313171,0.9990159273147583
50,target,10,-0.2932225465774536,-0.6134157776832581,0.9986163377761841
50,target,11,-0.3076016902923584,-0.6098048686981201,1.0028462409973145
50,target,12,-0.30535888671875,-0.617906391620636,0.9942187070846558
50,target,13,-0.29235631227493286,-0.6238483190536499,1.0100791454315186
50,target,14,-0.2945883274078369,-0.6271414160728455,1.0046648979187012
50,target,15,-0.29785972833633423,-0.623603105545044,0.9985576868057251
50,target,16,-0.30446505546569824,-0.6231527924537659,1.0020724534988403
50,target,17,-0.3065638542175293,-0.623903751373291,1.0001471042633057
50,target,18,-0.3131384253501892,-0.6215613484382629,1.0038560628890991
50,target,19,-0.30831336975097656,-0.6238985061645508,0.9911624789237976
50,target,20,-0.3122600317001343,-0.6157546639442444,1.004137635231018
50,target,21,-0.3135308623313904,-0.6013523936271667,1.0014082193374634
50,target,22,-0.3046978712081909,-0.6158144474029541,0.9978136420249939
50,target,23,-0.2964808940887451,-0.6206187009811401,0.990748941898346
50,target,24,-0.3085036873817444,-0.612433910369873,1.0002005100250244
50,target,25,-0.30773454904556274,-0.6347389221191406,1.0042990446090698
50,target,26,-0.30830299854278564,-0.6282719969749451,1.0009572505950928
50,target,27,-0.3111933469772339,-0.6297855973243713,0.997033953666687
50,target,28,-0.3246825933456421,-0.6386831402778625,1.0126953125
50,target,29,-0.29682600498199463,-0.6376699805259705,1.0100699663162231
50,target,30,-0.30376899242401123,-0.6341738104820251,1.0070092678070068
50,target,31,-0.3098474144935608,-0.6228572130203247,1.001142144203186
50,target,32,-0.30711621046066284,-0.625036895275116,1.0009344816207886
50,target,33,-0.3175395131111145,-0.6290452480316162,1.0050454139709473
50,target,34,-0.3080291748046875,-0.6323052644729614,0.9982174634933472
50,target,35,-0.3167317509651184,-0.6297755837440491,1.0044809579849243
50,target,36,-0.31142234802246094,-0.6233093738555908,0.9975486397743225
50,target,37,-0.30925124883651733,-0.6280754804611206,0.9997742772102356
50,target,38,-0.31245434284210205,-0.6189648509025574,0.998812198638916
50,target,39,-0.31326210498809814,-0.6308810710906982,1.0010370016098022
50,target,40,-0.30246543884277344,-0.6239571571350098,1.0020133256912231
50,target,41,-0.2954216003417969,-0.6194748878479004,0.9950111508369446
50,target,42,-0.3009999990463257,-0.6282678246498108,0.9839591979980469
50,target,43,-0.2959842085838318,-0.6400365233421326,0.9902019500732422
50,target,44,-0.29971030354499817,-0.6397994160652161,0.9901093244552612
50,target,45,-0.3027913272380829,-0.6334047317504883,0.9881065487861633
50,target,46,-0.29059189558029175,-0.6846826076507568,1.0463597774505615
50,target,47,-0.2783087491989136,-0.6649778485298157,1.009433388710022
50,target,48,-0.266506165266037,-0.6623374223709106,1.008994698524475
50,target,49,-0.28838372230529785,-0.6829681396484375,1.045690655708313
50,target,50,-0.3114311695098877,-0.6413295865058899,1.0340423583984375
50,target,51,-0.29809993505477905,-0.6400031447410583,1.0061529874801636
50,target,52,-0.2966587543487549,-0.6411845684051514,1.0061293840408325
50,target,53,-0.2997600734233856,-0.6435816287994385,1.0034520626068115
50,target,54,-0.29161328077316284,-0.6288715600967407,1.0064584016799927
50,target,55,-0.2813303470611572,-0.6394387483596802,1.003530740737915
50,target,56,-0.27846890687942505,-0.6512876152992249,1.0047706365585327
50,target,57,-0.288593590259552,-0.6496206521987915,1.0041697025299072
50,target,58,-0.2893036901950836,-0.6440656781196594,1.0033156871795654
50,target,59,-0.28874021768569946,-0.6531670689582825,1.0089517831802368
50,target,60,-0.29628726840019226,-0.6474797129631042,1.0047509670257568
50,target,61,-0.29348111152648926,-0.6536206603050232,1.0141481161117554
50,target,62,-0.30189019441604614,-0.6513744592666626,1.0070925951004028
50,target,63,-0.28952622413635254,-0.6508529782295227,0.999359130859375
51,source,0,-0.31505054235458374,-0.6530000567436218,1.008294701576233
51,source,1,-0.31439465284347534,-0.6556147336959839,1.0115700960159302
51,source,2,-0.3121568560600281,-0.6549941301345825,1.0031852722167969
51,source,3,-0.31295204162597656,-0.6681347489356995,1.0012617111206055
51,source,4,-0.3164712190628052,-0.6577539443969727,1.0073020458221436
51,source,5,-0.31547558307647705,-0.6605398654937744,1.0034512281417847
51,source,6,-0.31544989347457886,-0.6567966938018799,1.0067058801651
51,source,7,-0.31026560068130493,-0.6603294014930725,1.0023248195648193
51,source,8,-0.314391553401947,-0.6581768989562988,1.0046274662017822
51,source,9,-0.3134326934814453,-0.6574727296829224,1.0044386386871338
51,source,10,-0.3170510530471802,-0.6616889834403992,1.0139065980911255
51,source,11,-0.31563031673431396,-0.6623367667198181,1.0043182373046875
51,source,12,-0.3164091110229492,-0.6562286615371704,1.0078768730163574
51,source,13,-0.31481462717056274,-0.6593267917633057,1.00184965133667
51,source,14,-0.30620527267456055,-0.6578271389007568,1.0034383535385132
51,source,15,-0.3107237219810486,-0.6574258804321289,1.0139561891555786
51,source,16,-0.3073585033416748,-0.6630691885948181,1.005075454711914
51,source,17,-0.3081693649291992,-0.6563185453414917,1.0050663948059082
51,source,18,-0.3065061569213867,-0.66339510679245,1.003221035003662
51,source,19,-0.3190007209777832,-0.661867082118988,1.0097604990005493
51,source,20,-0.30820363759994507,-0.6671149730682373,0.9948643445968628
51,source,21,-0.3092994689941406,-0.6547909379005432,1.0044382810592651
51,source,22,-0.3050594627857208,-0.6630956530570984,1.0024325847625732
51,source,23,-0.3066213130950928,-0.6562420129776001,1.0022757053375244
51,source,24,-0.30943357944488525,-0.6612374782562256,1.005378007888794
51,source,25,-0.3116132616996765,-0.6583892703056335,1.012765645980835
51,source,26,-0.3157985806465149,-0.6602784395217896,1.00885009765625
51,source,27,-0.30880212783813477,-0.6459351778030396,1.0093960762023926
51,source,28,-0.30838143825531006,-0.6414386034011841,1.0086549520492554
51,source,29,-0.32120829820632935,-0.6568756103515625,1.0105167627334595
51,source,30,-0.3178415894508362,-0.6601523160934448,1.0035699605941772
51,source,31,-0.317444384098053,-0.6589675545692444,1.0053737163543701
51,source,32,-0.316861093044281,-0.6643310785293579,1.00762939453125
51,source,33,-0.3167853355407715,-0.6605951189994812,1.0072383880615234
51,source,34,-0.319987952709198,-0.658440113067627,1.0051828622817993
51,source,35,-0.3149070143699646,-0.6470744013786316,1.0111349821090698
51,source,36,-0.3090856075286865,-0.6533994674682617,1.0048565864562988
51,source,37,-0.31427711248397827,-0.65773606300354,1.010932207107544
51,source,38,-0.3095964193344116,-0.6577363014221191,1.0099116563796997
51,source,39,-0.308088481426239,-0.659209668636322,1.005520224571228
51,source,40,-0.3133261799812317,-0.653462827205658,1.012306809425354
51,source,41,-0.31111961603164673,-0.6584488153457642,0.999470591545105
51,source,42,-0.30631011724472046,-0.6612931489944458,0.9972233176231384
51,source,43,-0.3135436177253723,-0.6556302309036255,1.0050849914550781
51,source,44,-0.3074057102203369,-0.6605643630027771,0.9967240691184998
51,source,45,-0.3116055727005005,-0.6624758839607239,1.005312442779541
51,source,46,-0.3134814500808716,-0.6597157716751099,1.0070267915725708
51,source,47,-0.31760138273239136,-0.6602813601493835,1.0110063552856445
51,source,48,-0.3104194402694702,-0.6700066328048706,0.9984275698661804
51,source,49,-0.31807953119277954,-0.6572558283805847,1.0137073993682861
51,source,50,-0.32083261013031006,-0.6500710248947144,1.015932559967041
51,source,51,-0.3222171664237976,-0.6468048691749573,1.0082762241363525
51,source,52,-0.3203420042991638,-0.6496200561523438,1.0056698322296143
51,source,53,-0.32101625204086304,-0.6610638499259949,0.9975582957267761
51,source,54,-0.32057684659957886,-0.6505930423736572,1.0091803073883057
51,source,55,-0.3235343098640442,-0.6594688296318054,1.0043351650238037
51,source,56,-0.32090985774993896,-0.6543709635734558,1.0018067359924316
51,source,57,-0.3178098201751709,-0.654700517654419,1.000049114227295
51,source,58,-0.31807833909988403,-0.6516937017440796,1.0053356885910034
51,source,59,-0.3212680220603943,-0.6537528038024902,1.0011659860610962
51,source,60,-0.3213547468185425,-0.6528709530830383,1.0041491985321045
51,source,61,-0.3193214535713196,-0.6572669744491577,0.9961403608322144
51,source,62,-0.323891282081604,-0.6454802751541138,1.005001425743103
51,source,63,-0.3229052424430847,-0.6553550362586975,1.0014318227767944
51,target,0,-0.2880273759365082,-0.6625939011573792,1.0006389617919922
51,target,1,-0.32055604457855225,-0.6524633169174194,1.0111370086669922
51,target,2,-0.31560373306274414,-0.6544380187988281,1.0023126602172852
51,target,3,-0.30016374588012695,-0.6642670631408691,0.9950236678123474
51,target,4,-0.3108861446380615,-0.649482786655426,1.0042539834976196
51,target,5,-0.3244215250015259,-0.6206659078598022,1.014358639717102
51,target,6,-0.32744789123535156,-0.6242128610610962,1.0057989358901978
51,target,7,-0.3112925887107849,-0.6134042143821716,1.0010578632354736
51,target,8,-0.3137221336364746,-0.6229141354560852,0.9996959567070007
51,target,9,-0.3020460605621338,-0.6391101479530334,1.0000872611999512
51,target,10,-0.30034583806991577,-0.6301419138908386,0.9967819452285767
51,target,11,-0.3114016652107239,-0.6302345395088196,1.005908489227295
51,target,12,-0.31036508083343506,-0.6383920907974243,0.9937391877174377
51,target,13,-0.29717758297920227,-0.6452081203460693,1.0127941370010376
51,target,14,-0.2998179495334625,-0.6452675461769104,1.0043697357177734
51,target,15,-0.2987236976623535,-0.6401726007461548,0.9956263303756714
51,target,16,-0.30669331550598145,-0.6440004706382751,1.0000264644622803
51,target,17,-0.311163067817688,-0.6398327946662903,0.9993194341659546
51,target,18,-0.32448631525039673,-0.6340065598487854,1.0066505670547485
51,target,19,-0.31640857458114624,-0.6354182362556458,1.0002871751785278
51,target,20,-0.32256317138671875,-0.6351194977760315,1.0104542970657349
51,target,21,-0.3269844651222229,-0.622463583946228,1.0103899240493774
51,target,22,-0.31094253063201904,-0.6303438544273376,1.0025311708450317
51,target,23,-0.30036982893943787,-0.6359875798225403,0.9942452311515808
51,target,24,-0.3173637390136719,-0.6325973272323608,1.0089439153671265
51,target,25,-0.31071120500564575,-0.6562703251838684,1.006515383720398
51,target,26,-0.30978280305862427,-0.6480141282081604,1.0023775100708008
51,target,27,-0.3118770718574524,-0.648478090763092,1.0014615058898926
51,target,28,-0.3248255252838135,-0.6569727659225464,1.0097932815551758
51,target,29,-0.30422165989875793,-0.6550180912017822,1.010231852531433
51,target,30,-0.3067767024040222,-0.6578993201255798,1.0066180229187012
51,target,31,-0.31782686710357666,-0.6356884837150574,1.0023024082183838
51,target,32,-0.31822752952575684,-0.6403681635856628,1.0075733661651611
51,target,33,-0.31475120782852173,-0.6567175984382629,0.9982037544250488
51,target,34,-0.30885374546051025,-0.6544301509857178,0.9968470335006714
51,target,35,-0.31976646184921265,-0.6573876738548279,0.9993359446525574
51,target,36,-0.31403183937072754,-0.6443567276000977,0.9955052137374878
51,target,37,-0.3110390901565552,-0.6570350527763367,0.9970850348472595
51,target,38,-0.3121631145477295,-0.6421031951904297,0.9995995163917542
51,target,39,-0.31413692235946655,-0.6523959636688232,0.9948705434799194
51,target,40,-0.304548978805542,-0.6444178223609924,1.0013355016708374
51,target,41,-0.2998955249786377,-0.6389009952545166,0.9975948333740234
51,target,42,-0.3064653277397156,-0.6522241830825806,0.9897903203964233
51,target,43,-0.3005925416946411,-0.6580622792243958,0.9901120662689209
51,target,44,-0.30584174394607544,-0.6628204584121704,0.9920297861099243
51,target,45,-0.3061545789241791,-0.6546025276184082,0.9903875589370728
51,target,46,-0.2947373390197754,-0.6934792399406433,1.037317156791687
51,target,47,-0.27876877784729004,-0.6808663606643677,1.0051268339157104
51,target,48,-0.26907241344451904,-0.6732963919639587,1.0011390447616577
51,target,49,-0.29160648584365845,-0.6944957375526428,1.0399785041809082
51,target,50,-0.3161507844924927,-0.6561310291290283,1.0353753566741943
51,target,51,-0.3042815923690796,-0.6616011261940002,1.010709524154663
51,target,52,-0.30214476585388184,-0.6607321500778198,1.0100350379943848
51,target,53,-0.3025648891925812,-0.6632667183876038,1.00713050365448
51,target,54,-0.29547318816185,-0.6508399248123169,1.0048848390579224
51,target,55,-0.28569871187210083,-0.6595436930656433,1.0030293464660645
51,target,56,-0.27799010276794434,-0.6688076853752136,0.9972712397575378
51,target,57,-0.2892393171787262,-0.664619505405426,1.0035974979400635
51,target,58,-0.2918485999107361,-0.6616013050079346,1.0028702020645142
51,target,59,-0.2899245619773865,-0.6717301607131958,1.0081480741500854
51,target,60,-0.2982848286628723,-0.6682895421981812,1.0026646852493286
51,target,61,-0.29645848274230957,-0.669865608215332,1.0070418119430542
51,target,62,-0.29979127645492554,-0.6749981641769409,0.9998377561569214
51,target,63,-0.2911636233329773,-0.6720626950263977,0.9980374574661255
52,source,0,-0.30946487188339233,-0.6311228275299072,1.0084153413772583
52,source,1,-0.30213266611099243,-0.632661759853363,1.0057847499847412
52,source,2,-0.3068394660949707,-0.6328481435775757,1.0025678873062134
52,source,3,-0.3033328056335449,-0.6395131945610046,0.9993492364883423
52,source,4,-0.3033822178840637,-0.6320739388465881,1.0011470317840576
52,source,5,-0.3073604106903076,-0.6372105479240417,1.0015314817428589
52,source,6,-0.3065556287765503,-0.6355513334274292,1.0024420022964478
52,source,7,-0.302791029214859,-0.6392478942871094,1.0007250308990479
52,source,8,-0.30490967631340027,-0.6353882551193237,0.9999681115150452
52,source,9,-0.3062134087085724,-0.633465051651001,1.0008912086486816
52,source,10,-0.30248767137527466,-0.6276203393936157,1.0059983730316162
52,source,11,-0.3080747127532959,-0.6379953026771545,1.0031448602676392
52,source,12,-0.3044857382774353,-0.6258500814437866,1.0033494234085083
52,source,13,-0.3037557005882263,-0.6313173174858093,0.9970750212669373
52,source,14,-0.3000721335411072,-0.6353635191917419,1.0039691925048828
52,source,15,-0.30033165216445923,-0.6307423710823059,1.0124101638793945
52,source,16,-0.2987443208694458,-0.636269211769104,1.0011283159255981
52,source,17,-0.3015294075012207,-0.6304083466529846,1.0032132863998413
52,source,18,-0.30153870582580566,-0.6354116201400757,1.0030769109725952
52,source,19,-0.305702805519104,-0.6324052810668945,1.0057761669158936
52,source,20,-0.3011745810508728,-0.6377465128898621,0.9969705939292908
52,source,21,-0.2997419834136963,-0.6324340105056763,1.0023998022079468
52,source,22,-0.3003901243209839,-0.6375337839126587,1.00297212600708
52,source,23,-0.3019799590110779,-0.6334424018859863,1.0023689270019531
52,source,24,-0.3020443022251129,-0.6357212662696838,1.0045369863510132
52,source,25,-0.300481915473938,-0.6350437998771667,1.010320782661438
52,source,26,-0.30408143997192383,-0.6313111782073975,1.0043611526489258
52,source,27,-0.2966361343860626,-0.6202418804168701,1.0014914274215698
52,source,28,-0.2949680984020233,-0.6165221333503723,1.0027331113815308
52,source,29,-0.3056820034980774,-0.6320319175720215,1.0045676231384277
52,source,30,-0.3097689747810364,-0.6351633667945862,1.0008403062820435
52,source,31,-0.3093123435974121,-0.6334199905395508,1.0031492710113525
52,source,32,-0.30528900027275085,-0.6391051411628723,1.0016387701034546
52,source,33,-0.30700892210006714,-0.6395477652549744,1.0024349689483643
52,source,34,-0.31208735704421997,-0.6391704082489014,1.0049335956573486
52,source,35,-0.3028534948825836,-0.6246715188026428,1.0071969032287598
52,source,36,-0.29883965849876404,-0.6269341707229614,0.9998089671134949
52,source,37,-0.3052632808685303,-0.6357879638671875,1.0125235319137573
52,source,38,-0.29902493953704834,-0.6331555247306824,1.0083622932434082
52,source,39,-0.30209124088287354,-0.6381402611732483,1.0054423809051514
52,source,40,-0.29561975598335266,-0.6274527311325073,1.0046204328536987
52,source,41,-0.3012380003929138,-0.6320832967758179,0.9972973465919495
52,source,42,-0.2984866499900818,-0.6340782046318054,0.9969058036804199
52,source,43,-0.29889971017837524,-0.6269596219062805,0.9984408617019653
52,source,44,-0.3003782629966736,-0.6347538232803345,1.001457929611206
52,source,45,-0.30199113488197327,-0.6345643401145935,1.00487220287323
52,source,46,-0.30478572845458984,-0.6358502507209778,1.0016307830810547
52,source,47,-0.30939745903015137,-0.6316756010055542,1.006434679031372
52,source,48,-0.30298954248428345,-0.6419517993927002,0.9987983703613281
52,source,49,-0.3026376962661743,-0.6331474184989929,1.0061098337173462
52,source,50,-0.31108373403549194,-0.6326773166656494,1.013866662979126
52,source,51,-0.3045339286327362,-0.6302011609077454,1.0058443546295166
52,source,52,-0.3117086887359619,-0.6322646737098694,1.0066847801208496
52,source,53,-0.3105446696281433,-0.6416997909545898,1.0004668235778809
52,source,54,-0.306654691696167,-0.6242957711219788,1.0032854080200195
52,source,55,-0.3111458420753479,-0.6397219896316528,1.0015486478805542
52,source,56,-0.3079429268836975,-0.6378648281097412,0.9981249570846558
52,source,57,-0.3056671917438507,-0.6364352107048035,0.997000515460968
52,source,58,-0.30609482526779175,-0.6343409419059753,1.0043444633483887
52,source,59,-0.31054043769836426,-0.6348798274993896,0.9992996454238892
52,source,60,-0.31008219718933105,-0.6270893812179565,1.003676176071167
52,source,61,-0.3153079152107239,-0.6383042931556702,1.0040699243545532
52,source,62,-0.31204766035079956,-0.6269837021827698,1.0063470602035522
52,source,63,-0.3106921911239624,-0.6310045123100281,1.002326488494873
52,target,0,-0.2776327133178711,-0.6407583951950073,1.0039136409759521
52,target,1,-0.3150492310523987,-0.6293239593505859,1.0088043212890625
52,target,2,-0.31334447860717773,-0.6273670196533203,1.0040714740753174
52,target,3,-0.3012086749076843,-0.6398766040802002,1.005193829536438
52,target,4,-0.30557262897491455,-0.6210898756980896,1.0034412145614624
52,target,5,-0.3095647692680359,-0.5895283818244934,1.0038902759552002
52,target,6,-0.32504570484161377,-0.5983091592788696,0.9994313716888428
52,target,7,-0.30107229948043823,-0.5892709493637085,0.9923946857452393
52,target,8,-0.30391189455986023,-0.6019065380096436,0.9946144819259644
52,target,9,-0.2921629548072815,-0.6146076917648315,1.001150131225586
52,target,10,-0.28903597593307495,-0.6027365326881409,0.9976218342781067
52,target,11,-0.30188530683517456,-0.5979057550430298,1.003485918045044
52,target,12,-0.30070120096206665,-0.6113725304603577,0.9946514964103699
52,target,13,-0.28783848881721497,-0.6201574206352234,1.0120255947113037
52,target,14,-0.29781225323677063,-0.6210613250732422,1.0073312520980835
52,target,15,-0.3006950616836548,-0.621092677116394,1.0034615993499756
52,target,16,-0.30533844232559204,-0.61905837059021,1.0036182403564453
52,target,17,-0.3037395477294922,-0.6155580282211304,0.9974051713943481
52,target,18,-0.31150245666503906,-0.6153833270072937,0.9973440766334534
52,target,19,-0.30214643478393555,-0.618030309677124,0.993247926235199
52,target,20,-0.31102609634399414,-0.6139674782752991,1.0032204389572144
52,target,21,-0.30762970447540283,-0.5975240468978882,0.9977139830589294
52,target,22,-0.29527515172958374,-0.6104857921600342,0.9952304363250732
52,target,23,-0.2908884882926941,-0.6176873445510864,0.9910010099411011
52,target,24,-0.3023134768009186,-0.6098994016647339,1.0013517141342163
52,target,25,-0.30638349056243896,-0.6300085783004761,1.009416103363037
52,target,26,-0.3072894811630249,-0.6326583027839661,1.0098379850387573
52,target,27,-0.3103787899017334,-0.6297752857208252,1.0076907873153687
52,target,28,-0.32776397466659546,-0.6357585191726685,1.016059160232544
52,target,29,-0.30123889446258545,-0.6280452013015747,1.011972188949585
52,target,30,-0.3047899007797241,-0.6244142055511475,1.0079636573791504
52,target,31,-0.30327120423316956,-0.6189912557601929,1.0006040334701538
52,target,32,-0.3033851981163025,-0.622587263584137,1.0035767555236816
52,target,33,-0.3100181221961975,-0.6288336515426636,1.0005253553390503
52,target,34,-0.303827166557312,-0.6294146180152893,1.0019047260284424
52,target,35,-0.32081085443496704,-0.6320836544036865,1.010628581047058
52,target,36,-0.30652284622192383,-0.6160377860069275,0.9926429986953735
52,target,37,-0.30485793948173523,-0.6272051930427551,1.0015268325805664
52,target,38,-0.30425703525543213,-0.6216866970062256,1.0019575357437134
52,target,39,-0.30719298124313354,-0.626513659954071,0.9977220296859741
52,target,40,-0.300345778465271,-0.6226731538772583,0.9981341361999512
52,target,41,-0.28945833444595337,-0.6156467199325562,0.9907570481300354
52,target,42,-0.291145384311676,-0.6308863162994385,0.9812027215957642
52,target,43,-0.2889248728752136,-0.6379121541976929,0.9878866672515869
52,target,44,-0.2941190302371979,-0.638538658618927,0.991669774055481
52,target,45,-0.29443031549453735,-0.6341521143913269,0.9891588091850281
52,target,46,-0.288493812084198,-0.6613735556602478,1.035343885421753
52,target,47,-0.27540773153305054,-0.6593014001846313,1.0095288753509521
52,target,48,-0.26703447103500366,-0.6513903141021729,1.008268117904663
52,target,49,-0.28595346212387085,-0.6666857004165649,1.0416395664215088
52,target,50,-0.3048474192619324,-0.6346525549888611,1.0354185104370117
52,target,51,-0.30122771859169006,-0.6380462646484375,1.0100349187850952
52,target,52,-0.29695749282836914,-0.6375097036361694,1.0095572471618652
52,target,53,-0.30041590332984924,-0.6386071443557739,1.0060018301010132
52,target,54,-0.2948043942451477,-0.6250950694084167,1.0101752281188965
52,target,55,-0.28086578845977783,-0.6358847618103027,1.00413179397583
52,target,56,-0.27868443727493286,-0.6449100375175476,1.0015796422958374
52,target,57,-0.2889655530452728,-0.6401298642158508,1.0037921667099
52,target,58,-0.2903565764427185,-0.6360083818435669,1.003523826599121
52,target,59,-0.29219186305999756,-0.6435080170631409,1.011544942855835
52,target,60,-0.2970893383026123,-0.6434970498085022,1.0060346126556396
52,target,61,-0.2952677011489868,-0.6453157067298889,1.0115153789520264
52,target,62,-0.3014342486858368,-0.6449014544487,1.0051783323287964
52,target,63,-0.2904011011123657,-0.6479023694992065,1.0002796649932861
53,source,0,-0.3032320737838745,-0.635870635509491,1.0053991079330444
53,source,1,-0.29919859766960144,-0.6356354355812073,1.0039132833480835
53,source,2,-0.3003823161125183,-0.6317548751831055,1.0001568794250488
53,source,3,-0.29856669902801514,-0.6374043226242065,0.9979342818260193
53,source,4,-0.3000042140483856,-0.6357121467590332,1.001688003540039
53,source,5,-0.3013685345649719,-0.6395235061645508,0.998638927936554
53,source,6,-0.2994346618652344,-0.6403084993362427,1.0000838041305542
53,source,7,-0.29537999629974365,-0.6404227614402771,0.9963374137878418
53,source,8,-0.29936859011650085,-0.6415094137191772,0.9992755651473999
53,source,9,-0.2986244559288025,-0.6367678642272949,0.9975774884223938
53,source,10,-0.298236221075058,-0.6312520503997803,1.0052472352981567
53,source,11,-0.304561585187912,-0.6394219398498535,1.0030333995819092
53,source,12,-0.30162978172302246,-0.6336442232131958,1.006118655204773
53,source,13,-0.3010125160217285,-0.6356862187385559,1.000653624534607
53,source,14,-0.29560592770576477,-0.6391707062721252,1.003560185432434
53,source,15,-0.2979590594768524,-0.6323915719985962,1.0102219581604004
53,source,16,-0.2959992587566376,-0.6376774907112122,1.0032180547714233
53,source,17,-0.2962130308151245,-0.6341428160667419,1.0029585361480713
53,source,18,-0.2982454001903534,-0.6361756920814514,1.0047987699508667
53,source,19,-0.304764986038208,-0.6323270201683044,1.0066595077514648
53,source,20,-0.29766446352005005,-0.638420820236206,0.9964249730110168
53,source,21,-0.29373979568481445,-0.6305986046791077,0.9970672130584717
53,source,22,-0.29650163650512695,-0.6374990940093994,1.0008323192596436
53,source,23,-0.29792553186416626,-0.6351218819618225,1.0010523796081543
53,source,24,-0.2995254397392273,-0.635998547077179,1.001235842704773
53,source,25,-0.30129027366638184,-0.6373827457427979,1.0101492404937744
53,source,26,-0.30115991830825806,-0.6348295211791992,1.0047996044158936
53,source,27,-0.2960779666900635,-0.6270195245742798,1.0040299892425537
53,source,28,-0.293525755405426,-0.6233366131782532,1.0022691488265991
53,source,29,-0.30565905570983887,-0.6319601535797119,1.0076823234558105
53,source,30,-0.30408987402915955,-0.6385087966918945,1.0007078647613525
53,source,31,-0.3035306930541992,-0.6308861374855042,0.9999679923057556
53,source,32,-0.29910725355148315,-0.6393939852714539,1.0005661249160767
53,source,33,-0.3016167879104614,-0.6384358406066895,1.0004870891571045
53,source,34,-0.3077549934387207,-0.6409592032432556,1.007070779800415
53,source,35,-0.3008679151535034,-0.6303004622459412,1.0049859285354614
53,source,36,-0.29657578468322754,-0.6307754516601562,1.0021381378173828
53,source,37,-0.3003557622432709,-0.6347317099571228,1.0070925951004028
53,source,38,-0.2958248257637024,-0.6379286646842957,1.005669116973877
53,source,39,-0.29679545760154724,-0.6385520696640015,1.004238486289978
53,source,40,-0.29382431507110596,-0.6339232921600342,1.0025532245635986
53,source,41,-0.297652930021286,-0.6383286714553833,0.9993915557861328
53,source,42,-0.2943316102027893,-0.6428514719009399,0.9978499412536621
53,source,43,-0.29836228489875793,-0.6353526711463928,1.0011992454528809
53,source,44,-0.29710209369659424,-0.6349776387214661,0.997665524482727
53,source,45,-0.29752805829048157,-0.634901762008667,1.0024099349975586
53,source,46,-0.30131852626800537,-0.6378567218780518,1.0018222332000732
53,source,47,-0.3046881854534149,-0.634075939655304,1.0059326887130737
53,source,48,-0.29777467250823975,-0.6396734118461609,0.9960694313049316
53,source,49,-0.299843966960907,-0.6352882981300354,1.0045593976974487
53,source,50,-0.3094747066497803,-0.6352152228355408,1.011125922203064
53,source,51,-0.30553340911865234,-0.6310325264930725,1.0029652118682861
53,source,52,-0.30848872661590576,-0.6290377378463745,1.0044827461242676
53,source,53,-0.3069998621940613,-0.6390332579612732,0.9984563589096069
53,source,54,-0.3046220541000366,-0.6227672100067139,1.0008314847946167
53,source,55,-0.30755358934402466,-0.6391652226448059,1.000548005104065
53,source,56,-0.3058995008468628,-0.63673996925354,0.9989100694656372
53,source,57,-0.30341601371765137,-0.6365481019020081,0.9974929094314575
53,source,58,-0.30699533224105835,-0.635025143623352,1.0035473108291626
53,source,59,-0.30994361639022827,-0.6345917582511902,1.0010316371917725
53,source,60,-0.3072308897972107,-0.6272006630897522,1.0020980834960938
53,source,61,-0.3114035129547119,-0.6369078159332275,1.0023514032363892
53,source,62,-0.3141234517097473,-0.6305493116378784,1.0084604024887085
53,source,63,-0.310227632522583,-0.6309239268302917,1.0013446807861328
53,target,0,-0.279998242855072,-0.6398413181304932,1.0036025047302246
53,target,1,-0.3081163763999939,-0.6280293464660645,1.0059807300567627
53,target,2,-0.30214083194732666,-0.6291375756263733,0.9982081651687622
53,target,3,-0.29303449392318726,-0.6409435868263245,0.9995818734169006
53,target,4,-0.29996436834335327,-0.6218169927597046,1.000422716140747
53,target,5,-0.3178907036781311,-0.596916913986206,1.006535530090332
53,target,6,-0.3212658762931824,-0.604620635509491,1.001509428024292
53,target,7,-0.30527567863464355,-0.6005186438560486,1.000401258468628
53,target,8,-0.30652856826782227,-0.6089701056480408,0.9975582361221313
53,target,9,-0.2891506552696228,-0.6212350726127625,0.998335599899292
53,target,10,-0.2874917984008789,-0.6128031015396118,0.9967224597930908
53,target,11,-0.3024943470954895,-0.6054394841194153,1.00270676612854
53,target,12,-0.29556572437286377,-0.6180902719497681,0.9901964664459229
53,target,13,-0.2877653241157532,-0.6251850724220276,1.0111254453659058
53,target,14,-0.2910258173942566,-0.6217215061187744,1.0031639337539673
53,target,15,-0.2922421097755432,-0.6255763173103333,1.000073790550232
53,target,16,-0.2982650399208069,-0.6217639446258545,0.9992164373397827
53,target,17,-0.30545926094055176,-0.6144847869873047,0.9999680519104004
53,target,18,-0.3175017833709717,-0.6118158102035522,1.002458930015564
53,target,19,-0.3072507977485657,-0.6214296221733093,1.0006977319717407
53,target,20,-0.3150085210800171,-0.6105280518531799,1.00703763961792
53,target,21,-0.3122524619102478,-0.6082627177238464,1.002500057220459
53,target,22,-0.30418890714645386,-0.61306232213974,1.0030207633972168
53,target,23,-0.2917110025882721,-0.6188105344772339,0.9960530996322632
53,target,24,-0.3029497265815735,-0.614246666431427,1.00409734249115
53,target,25,-0.30244821310043335,-0.6295683979988098,1.006245732307434
53,target,26,-0.30354583263397217,-0.6336528658866882,1.0046842098236084
53,target,27,-0.30766892433166504,-0.6290764212608337,1.0013370513916016
53,target,28,-0.3154994249343872,-0.6364421248435974,1.0050318241119385
53,target,29,-0.29163166880607605,-0.6239084601402283,1.005883812904358
53,target,30,-0.2965998947620392,-0.6261519193649292,1.003600835800171
53,target,31,-0.3031083345413208,-0.6140989065170288,0.9989792704582214
53,target,32,-0.30030155181884766,-0.6216579675674438,1.0010088682174683
53,target,33,-0.3039237856864929,-0.6315858960151672,0.9983973503112793
53,target,34,-0.2971521317958832,-0.633315920829773,0.9957829713821411
53,target,35,-0.309536337852478,-0.6338534355163574,1.002950668334961
53,target,36,-0.3014533519744873,-0.6225842833518982,0.9896346926689148
53,target,37,-0.3009549677371979,-0.6326524615287781,0.9963282346725464
53,target,38,-0.2996881604194641,-0.6269632577896118,0.9971356391906738
53,target,39,-0.3003024458885193,-0.6314715147018433,0.9936816692352295
53,target,40,-0.30261778831481934,-0.6224206686019897,1.002488374710083
53,target,41,-0.29693108797073364,-0.6187837719917297,0.9979333281517029
53,target,42,-0.2973296046257019,-0.6251087784767151,0.9880427122116089
53,target,43,-0.29395556449890137,-0.6348081827163696,0.9925550222396851
53,target,44,-0.29683899879455566,-0.6355964541435242,0.997941255569458
53,target,45,-0.2998936176300049,-0.6312195658683777,0.992112934589386
53,target,46,-0.2871420979499817,-0.6613307595252991,1.0297249555587769
53,target,47,-0.2710356116294861,-0.6555975675582886,1.002692699432373
53,target,48,-0.26562780141830444,-0.6464613080024719,1.005621075630188
53,target,49,-0.28523287177085876,-0.6633877158164978,1.0368276834487915
53,target,50,-0.3015684485435486,-0.6338110566139221,1.0276647806167603
53,target,51,-0.2919423580169678,-0.6383584141731262,1.006056308746338
53,target,52,-0.2875446081161499,-0.6363106966018677,1.0042589902877808
53,target,53,-0.2912483215332031,-0.6368305087089539,1.0002162456512451
53,target,54,-0.2912371754646301,-0.6251833438873291,1.0081021785736084
53,target,55,-0.27873215079307556,-0.6342145204544067,1.004811406135559
53,target,56,-0.27039551734924316,-0.643775999546051,0.9984959363937378
53,target,57,-0.2802543640136719,-0.6397233009338379,0.9981756210327148
53,target,58,-0.28182342648506165,-0.6342974901199341,0.99493807554245
53,target,59,-0.28181761503219604,-0.6415560245513916,1.0047465562820435
53,target,60,-0.28821659088134766,-0.6440611481666565,1.0008537769317627
53,target,61,-0.2878246307373047,-0.6450969576835632,1.0084269046783447
53,target,62,-0.29131603240966797,-0.6496433019638062,1.0005228519439697
53,target,63,-0.2828010320663452,-0.6474983096122742,0.9971144795417786
54,source,0,-0.3074679970741272,-0.6373792290687561,1.0110665559768677
54,source,1,-0.2995309829711914,-0.6364388465881348,1.0076448917388916
54,source,2,-0.303025484085083,-0.6373240947723389,1.007476806640625
54,source,3,-0.2989436984062195,-0.6431536078453064,1.0044705867767334
54,source,4,-0.30139511823654175,-0.6383549571037292,1.0066510438919067
54,source,5,-0.3045223355293274,-0.6408966183662415,1.0037312507629395
54,source,6,-0.3037561774253845,-0.6396296620368958,1.0054274797439575
54,source,7,-0.30077362060546875,-0.6400113105773926,1.0024299621582031
54,source,8,-0.3015633225440979,-0.6388332843780518,1.0029950141906738
54,source,9,-0.30227765440940857,-0.6373049020767212,1.0039423704147339
54,source,10,-0.2986223101615906,-0.6388925313949585,1.012330174446106
54,source,11,-0.3053172826766968,-0.6421699523925781,1.0079413652420044
54,source,12,-0.3021138310432434,-0.637535035610199,1.0119993686676025
54,source,13,-0.2995542585849762,-0.6404504776000977,1.0062570571899414
54,source,14,-0.29482585191726685,-0.6388462781906128,1.0061160326004028
54,source,15,-0.2956044673919678,-0.63328617811203,1.0135060548782349
54,source,16,-0.29398298263549805,-0.6415151357650757,1.0080077648162842
54,source,17,-0.29648685455322266,-0.6382273435592651,1.0087807178497314
54,source,18,-0.29759833216667175,-0.6389672756195068,1.0080630779266357
54,source,19,-0.30344468355178833,-0.6363327503204346,1.012256383895874
54,source,20,-0.29460740089416504,-0.645808756351471,1.0027002096176147
54,source,21,-0.2952421307563782,-0.6356675624847412,1.005185842514038
54,source,22,-0.29533159732818604,-0.6425092816352844,1.006426453590393
54,source,23,-0.298698365688324,-0.6362749934196472,1.0084517002105713
54,source,24,-0.29774343967437744,-0.6385092735290527,1.0073251724243164
54,source,25,-0.2987578511238098,-0.6377401947975159,1.0122432708740234
54,source,26,-0.3009188771247864,-0.6372853517532349,1.0114941596984863
54,source,27,-0.29271289706230164,-0.6240128874778748,1.0085288286209106
54,source,28,-0.29157495498657227,-0.624335527420044,1.0047705173492432
54,source,29,-0.30355653166770935,-0.6374953985214233,1.0109367370605469
54,source,30,-0.3085189461708069,-0.6407386660575867,1.008098840713501
54,source,31,-0.30581796169281006,-0.6363934874534607,1.007225513458252
54,source,32,-0.30262112617492676,-0.6418063640594482,1.005746841430664
54,source,33,-0.30281734466552734,-0.6401979923248291,1.0045585632324219
54,source,34,-0.3088735342025757,-0.6395601034164429,1.0099155902862549
54,source,35,-0.3016698956489563,-0.6289330124855042,1.0108609199523926
54,source,36,-0.2958914041519165,-0.6327143311500549,1.0078656673431396
54,source,37,-0.29960453510284424,-0.6373107433319092,1.0122238397598267
54,source,38,-0.29657089710235596,-0.6353722810745239,1.0097193717956543
54,source,39,-0.2972886264324188,-0.6399599313735962,1.0080723762512207
54,source,40,-0.2954406142234802,-0.6360294222831726,1.010151743888855
54,source,41,-0.2984536588191986,-0.6392332315444946,1.002838134765625
54,source,42,-0.2957335114479065,-0.642326831817627,1.0022790431976318
54,source,43,-0.2982383072376251,-0.6394289135932922,1.0057590007781982
54,source,44,-0.29463985562324524,-0.6403497457504272,1.004396915435791
54,source,45,-0.298658549785614,-0.6445164084434509,1.0110870599746704
54,source,46,-0.29957491159439087,-0.6388625502586365,1.0060904026031494
54,source,47,-0.3062896132469177,-0.6365100741386414,1.0117725133895874
54,source,48,-0.2991824448108673,-0.6465351581573486,1.0034873485565186
54,source,49,-0.3030114769935608,-0.6367720365524292,1.0118390321731567
54,source,50,-0.3062276244163513,-0.6305822134017944,1.0109889507293701
54,source,51,-0.30041855573654175,-0.6289984583854675,1.003208875656128
54,source,52,-0.3051380515098572,-0.6290544867515564,1.003436803817749
54,source,53,-0.30324459075927734,-0.6408634781837463,1.0007572174072266
54,source,54,-0.2996414005756378,-0.62284255027771,1.001047134399414
54,source,55,-0.3031342327594757,-0.6363793015480042,0.9991937875747681
54,source,56,-0.302588552236557,-0.6336405277252197,0.9987337589263916
54,source,57,-0.30122047662734985,-0.6328740119934082,0.9973896741867065
54,source,58,-0.3000911772251129,-0.6305530071258545,1.0020986795425415
54,source,59,-0.3032391667366028,-0.6295457482337952,0.9983384013175964
54,source,60,-0.3018342852592468,-0.6244766116142273,1.0018788576126099
54,source,61,-0.3072822093963623,-0.6331100463867188,0.9999779462814331
54,source,62,-0.3068842887878418,-0.6260631680488586,1.0049550533294678
54,source,63,-0.30497318506240845,-0.6287559270858765,0.9990642070770264
54,target,0,-0.27865779399871826,-0.6365066170692444,1.003909945487976
54,target,1,-0.30937105417251587,-0.6287296414375305,1.0120444297790527
54,target,2,-0.3038250505924225,-0.6307768821716309,1.0033661127090454
54,target,3,-0.2870485186576843,-0.6407392621040344,0.9996724724769592
54,target,4,-0.29664552211761475,-0.6176009774208069,1.0031113624572754
54,target,5,-0.3023359477519989,-0.5950873494148254,1.0054521560668945
54,target,6,-0.3115062713623047,-0.6015834808349609,1.0014011859893799
54,target,7,-0.29816049337387085,-0.5955284237861633,0.9967231154441833
54,target,8,-0.30313608050346375,-0.6063823103904724,0.9985069036483765
54,target,9,-0.28751295804977417,-0.6132010817527771,0.9994608163833618
54,target,10,-0.2846202254295349,-0.6070473194122314,0.9996910095214844
54,target,11,-0.293551504611969,-0.5957334637641907,1.0006275177001953
54,target,12,-0.2926955819129944,-0.6072925925254822,0.9986867308616638
54,target,13,-0.28492623567581177,-0.6214362382888794,1.0098849534988403
54,target,14,-0.2902678847312927,-0.6191623210906982,1.0031068325042725
54,target,15,-0.29100507497787476,-0.6234865784645081,1.0004080533981323
54,target,16,-0.29512059688568115,-0.6239997148513794,1.001318335533142
54,target,17,-0.2994571924209595,-0.6125439405441284,0.9998719692230225
54,target,18,-0.3068583607673645,-0.614513099193573,1.0026735067367554
54,target,19,-0.2994896471500397,-0.6187682747840881,0.9986966848373413
54,target,20,-0.3064187169075012,-0.6118155121803284,1.0053837299346924
54,target,21,-0.3042789697647095,-0.6097131371498108,1.0031934976577759
54,target,22,-0.29842931032180786,-0.611091136932373,1.0017881393432617
54,target,23,-0.28865477442741394,-0.6136351227760315,0.9964978694915771
54,target,24,-0.300216406583786,-0.6145954728126526,1.002996802330017
54,target,25,-0.29718613624572754,-0.6287803649902344,1.0060958862304688
54,target,26,-0.2978907823562622,-0.6315615773200989,1.0069563388824463
54,target,27,-0.30435776710510254,-0.6282727122306824,1.0068424940109253
54,target,28,-0.3157768249511719,-0.6385300159454346,1.0111417770385742
54,target,29,-0.28850018978118896,-0.6264930367469788,1.008014440536499
54,target,30,-0.2911849319934845,-0.633770763874054,1.0071699619293213
54,target,31,-0.293593168258667,-0.6098614931106567,0.9973403215408325
54,target,32,-0.2928050756454468,-0.6159306168556213,1.000285029411316
54,target,33,-0.30150407552719116,-0.6246011853218079,1.001080870628357
54,target,34,-0.29289510846138,-0.6260178089141846,0.9987245798110962
54,target,35,-0.3074270486831665,-0.6281038522720337,1.0038588047027588
54,target,36,-0.29663175344467163,-0.6209432482719421,0.9948750734329224
54,target,37,-0.2974858283996582,-0.6309086680412292,1.0000035762786865
54,target,38,-0.2989780604839325,-0.6175791025161743,1.0018709897994995
54,target,39,-0.29793933033943176,-0.6263383626937866,0.9969654679298401
54,target,40,-0.3008301258087158,-0.619149386882782,1.0058555603027344
54,target,41,-0.2929780185222626,-0.6154969930648804,0.9997396469116211
54,target,42,-0.2944631576538086,-0.6274442672729492,0.9919512271881104
54,target,43,-0.2885880470275879,-0.6371344327926636,1.0000334978103638
54,target,44,-0.29402822256088257,-0.6411728262901306,1.0041433572769165
54,target,45,-0.2951694428920746,-0.6307423710823059,1.000004529953003
54,target,46,-0.27984970808029175,-0.6708828210830688,1.0337238311767578
54,target,47,-0.2676583528518677,-0.6600951552391052,1.0070791244506836
54,target,48,-0.2580918073654175,-0.6552541255950928,1.005873203277588
54,target,49,-0.2743298411369324,-0.6729990243911743,1.038241982460022
54,target,50,-0.29926884174346924,-0.638336718082428,1.0344979763031006
54,target,51,-0.2927919030189514,-0.633404552936554,1.010466456413269
54,target,52,-0.28586655855178833,-0.6320528388023376,1.0070523023605347
54,target,53,-0.29114747047424316,-0.634343147277832,1.0021837949752808
54,target,54,-0.28740566968917847,-0.6233903765678406,1.008109211921692
54,target,55,-0.2741101384162903,-0.6384790539741516,1.005323886871338
54,target,56,-0.2660720944404602,-0.642459511756897,0.9977827072143555
54,target,57,-0.2782893180847168,-0.6387768983840942,0.9971673488616943
54,target,58,-0.28075742721557617,-0.6325451731681824,0.9980604648590088
54,target,59,-0.277055025100708,-0.6417293548583984,1.0042293071746826
54,target,60,-0.2881816029548645,-0.6406696438789368,1.0046147108078003
54,target,61,-0.2839736044406891,-0.6419382691383362,1.0104880332946777
54,target,62,-0.29146161675453186,-0.6432284116744995,1.0058776140213013
54,target,63,-0.2844443917274475,-0.6440338492393494,1.0013092756271362
55,source,0,-0.3307395577430725,-0.6493573784828186,1.0196442604064941
55,source,1,-0.3243964910507202,-0.6488330960273743,1.0151313543319702
55,source,2,-0.32536476850509644,-0.6542528867721558,1.013122320175171
55,source,3,-0.3225679397583008,-0.6661968231201172,1.010959267616272
55,source,4,-0.3265122175216675,-0.6551637649536133,1.0134501457214355
55,source,5,-0.33110493421554565,-0.6589189767837524,1.0118334293365479
55,source,6,-0.3307152986526489,-0.6538593769073486,1.0123236179351807
55,source,7,-0.3275597095489502,-0.6566310524940491,1.0099780559539795
55,source,8,-0.32993459701538086,-0.6545647382736206,1.0103182792663574
55,source,9,-0.33048027753829956,-0.6553820371627808,1.012030005455017
55,source,10,-0.3242552876472473,-0.6574363112449646,1.0156502723693848
55,source,11,-0.3287964463233948,-0.6606606245040894,1.0141279697418213
55,source,12,-0.3308730721473694,-0.6494846343994141,1.016056776046753
55,source,13,-0.3261290192604065,-0.6593331694602966,1.0097699165344238
55,source,14,-0.3176325559616089,-0.6542676687240601,1.0107300281524658
55,source,15,-0.3203098773956299,-0.6535348892211914,1.0199509859085083
55,source,16,-0.31682270765304565,-0.6583084464073181,1.0120623111724854
55,source,17,-0.3182908892631531,-0.653700053691864,1.0108580589294434
55,source,18,-0.3208523392677307,-0.6542099714279175,1.0130044221878052
55,source,19,-0.3286008834838867,-0.6498907804489136,1.0134931802749634
55,source,20,-0.319593608379364,-0.6637093424797058,1.0077279806137085
55,source,21,-0.32032066583633423,-0.6544700860977173,1.012300968170166
55,source,22,-0.31875187158584595,-0.6589229106903076,1.0108273029327393
55,source,23,-0.3196142911911011,-0.6565182209014893,1.0151489973068237
55,source,24,-0.32272493839263916,-0.65641850233078,1.014833688735962
55,source,25,-0.3222455382347107,-0.6526008248329163,1.0185070037841797
55,source,26,-0.323930025100708,-0.6558860540390015,1.0152416229248047
55,source,27,-0.31933075189590454,-0.6386684775352478,1.009885311126709
55,source,28,-0.32009434700012207,-0.6423645615577698,1.0172041654586792
55,source,29,-0.332219660282135,-0.6553517580032349,1.0174282789230347
55,source,30,-0.33060866594314575,-0.6595464944839478,1.0129910707473755
55,source,31,-0.3283558487892151,-0.6538236737251282,1.0118368864059448
55,source,32,-0.33068692684173584,-0.6603488922119141,1.0133061408996582
55,source,33,-0.3282516598701477,-0.658606231212616,1.0121879577636719
55,source,34,-0.3333265781402588,-0.660800039768219,1.020007610321045
55,source,35,-0.32382357120513916,-0.6456921696662903,1.0165737867355347
55,source,36,-0.3176843523979187,-0.6460422277450562,1.0091581344604492
55,source,37,-0.32192957401275635,-0.6572166085243225,1.0178300142288208
55,source,38,-0.31947141885757446,-0.6541808843612671,1.0147078037261963
55,source,39,-0.32100236415863037,-0.6571353673934937,1.0140796899795532
55,source,40,-0.3235917091369629,-0.6464648246765137,1.0146379470825195
55,source,41,-0.3249662518501282,-0.6545786261558533,1.0082708597183228
55,source,42,-0.32239556312561035,-0.653978705406189,1.0075615644454956
55,source,43,-0.3265591859817505,-0.650627613067627,1.0104949474334717
55,source,44,-0.31865543127059937,-0.6598026752471924,1.0090337991714478
55,source,45,-0.32325637340545654,-0.6582651734352112,1.0135639905929565
55,source,46,-0.32717210054397583,-0.656538724899292,1.0126937627792358
55,source,47,-0.33243507146835327,-0.6538903117179871,1.0184239149093628
55,source,48,-0.32255810499191284,-0.6675817966461182,1.009398102760315
55,source,49,-0.32795917987823486,-0.6508707404136658,1.0166165828704834
55,source,50,-0.327406644821167,-0.6475622057914734,1.0189945697784424
55,source,51,-0.32180875539779663,-0.6425500512123108,1.008009910583496
55,source,52,-0.32177889347076416,-0.6484909057617188,1.010692834854126
55,source,53,-0.32603442668914795,-0.6569495797157288,1.0093183517456055
55,source,54,-0.3234379291534424,-0.6465312838554382,1.0108247995376587
55,source,55,-0.3325657844543457,-0.660302460193634,1.013755440711975
55,source,56,-0.32900089025497437,-0.6558520793914795,1.0108081102371216
55,source,57,-0.3275468945503235,-0.6546816825866699,1.0101765394210815
55,source,58,-0.32726866006851196,-0.6541448831558228,1.0158940553665161
55,source,59,-0.3323178291320801,-0.6532246470451355,1.0123717784881592
55,source,60,-0.32566189765930176,-0.6466460824012756,1.0092566013336182
55,source,61,-0.3292939066886902,-0.6562243700027466,1.0110222101211548
55,source,62,-0.33263838291168213,-0.6441810131072998,1.0159578323364258
55,source,63,-0.33220207691192627,-0.6489007472991943,1.0112872123718262
55,target,0,-0.2989986836910248,-0.6550166606903076,1.008338212966919
55,target,1,-0.33476489782333374,-0.6514928936958313,1.0191755294799805
55,target,2,-0.33214104175567627,-0.6436042189598083,1.0067087411880493
55,target,3,-0.3175617456436157,-0.6612663269042969,1.007614016532898
55,target,4,-0.31896448135375977,-0.6360151171684265,1.0051896572113037
55,target,5,-0.3198067545890808,-0.6214525699615479,1.013290524482727
55,target,6,-0.3326079249382019,-0.6132482886314392,1.009018898010254
55,target,7,-0.3172038197517395,-0.617344081401825,1.0084139108657837
55,target,8,-0.3185676336288452,-0.6233851909637451,1.0067721605300903
55,target,9,-0.3056464195251465,-0.6377988457679749,1.0066094398498535
55,target,10,-0.30477768182754517,-0.6317190527915955,1.0057042837142944
55,target,11,-0.31365031003952026,-0.6270614862442017,1.007736325263977
55,target,12,-0.3148834705352783,-0.6357784271240234,1.0011225938796997
55,target,13,-0.3062102198600769,-0.6346311569213867,1.0149893760681152
55,target,14,-0.31056541204452515,-0.6351174116134644,1.008480429649353
55,target,15,-0.3109239339828491,-0.6380281448364258,1.0028518438339233
55,target,16,-0.31508755683898926,-0.6386029124259949,1.003040075302124
55,target,17,-0.32370197772979736,-0.630982518196106,1.0086431503295898
55,target,18,-0.32784026861190796,-0.6344241499900818,1.0148544311523438
55,target,19,-0.330838143825531,-0.6446428894996643,1.0188087224960327
55,target,20,-0.32803744077682495,-0.631313145160675,1.0166492462158203
55,target,21,-0.3223079442977905,-0.6208917498588562,1.013738989830017
55,target,22,-0.31916797161102295,-0.6301437616348267,1.0122628211975098
55,target,23,-0.3127720355987549,-0.6310805082321167,1.0040509700775146
55,target,24,-0.3197476267814636,-0.6289817094802856,1.0133488178253174
55,target,25,-0.3260952830314636,-0.6445527672767639,1.0152125358581543
55,target,26,-0.321002721786499,-0.6531009674072266,1.011409044265747
55,target,27,-0.33178842067718506,-0.6420761346817017,1.0094506740570068
55,target,28,-0.34227532148361206,-0.6493909955024719,1.0144554376602173
55,target,29,-0.316442608833313,-0.6485726237297058,1.0141863822937012
55,target,30,-0.3194692134857178,-0.6446781754493713,1.0037537813186646
55,target,31,-0.3226233720779419,-0.6397034525871277,1.004852533340454
55,target,32,-0.3248337507247925,-0.6443554759025574,1.0120066404342651
55,target,33,-0.32562142610549927,-0.6427710652351379,1.0007346868515015
55,target,34,-0.317274272441864,-0.6442275643348694,1.0010716915130615
55,target,35,-0.3266124129295349,-0.6449297666549683,1.0089830160140991
55,target,36,-0.32381534576416016,-0.6352924704551697,1.002640962600708
55,target,37,-0.3215219974517822,-0.6448359489440918,1.0053330659866333
55,target,38,-0.3209748864173889,-0.6364341378211975,1.0036574602127075
55,target,39,-0.3254285454750061,-0.6452437043190002,1.003919005393982
55,target,40,-0.319416880607605,-0.6461198329925537,1.014444351196289
55,target,41,-0.31392592191696167,-0.6393879652023315,1.0117357969284058
55,target,42,-0.31729060411453247,-0.6524813175201416,0.9987037181854248
55,target,43,-0.3131096363067627,-0.6650847792625427,1.0092557668685913
55,target,44,-0.31673336029052734,-0.667547345161438,1.0071723461151123
55,target,45,-0.31638091802597046,-0.6579114198684692,1.0037059783935547
55,target,46,-0.30188408493995667,-0.6889466047286987,1.040395975112915
55,target,47,-0.2927236557006836,-0.6750988364219666,1.0110101699829102
55,target,48,-0.284623384475708,-0.6675252318382263,1.0110480785369873
55,target,49,-0.3021423816680908,-0.6880503296852112,1.045128583908081
55,target,50,-0.32084375619888306,-0.6457123160362244,1.0384196043014526
55,target,51,-0.31854134798049927,-0.6578829288482666,1.017388939857483
55,target,52,-0.3107069730758667,-0.6544180512428284,1.009895920753479
55,target,53,-0.3194519281387329,-0.6588765382766724,1.0135822296142578
55,target,54,-0.31327223777770996,-0.6417766809463501,1.0128053426742554
55,target,55,-0.301841139793396,-0.656408429145813,1.0117403268814087
55,target,56,-0.2970387041568756,-0.664981484413147,1.0075201988220215
55,target,57,-0.30572670698165894,-0.6589291095733643,1.0078744888305664
55,target,58,-0.3083156943321228,-0.657096803188324,1.0089666843414307
55,target,59,-0.3054005205631256,-0.6624408960342407,1.0126702785491943
55,target,60,-0.3152957558631897,-0.6604029536247253,1.0104289054870605
55,target,61,-0.31051403284072876,-0.661267876625061,1.0147897005081177
55,target,62,-0.31866204738616943,-0.6617516875267029,1.0084809064865112
55,target,63,-0.3119310140609741,-0.6649994254112244,1.009195327758789
56,source,0,-0.3182688355445862,-0.633086085319519,1.0171880722045898
56,source,1,-0.31529849767684937,-0.6359976530075073,1.0137271881103516
56,source,2,-0.3178015947341919,-0.6368798017501831,1.013916015625
56,source,3,-0.3141193389892578,-0.642582893371582,1.0109663009643555
56,source,4,-0.3151499629020691,-0.6401568651199341,1.0112792253494263
56,source,5,-0.31730860471725464,-0.6440017223358154,1.0109797716140747
56,source,6,-0.3162446618080139,-0.6399973034858704,1.0143332481384277
56,source,7,-0.31324005126953125,-0.6427041888237,1.00973641872406
56,source,8,-0.31516778469085693,-0.6405950784683228,1.0097099542617798
56,source,9,-0.3161516785621643,-0.6414934992790222,1.0104928016662598
56,source,10,-0.3134564161300659,-0.6383326649665833,1.0143357515335083
56,source,11,-0.3199295401573181,-0.6412259936332703,1.0141798257827759
56,source,12,-0.3142504096031189,-0.6328351497650146,1.014668583869934
56,source,13,-0.318359375,-0.6387233734130859,1.011777639389038
56,source,14,-0.3097701072692871,-0.6388336420059204,1.0103384256362915
56,source,15,-0.31496119499206543,-0.6316719055175781,1.0179766416549683
56,source,16,-0.31117695569992065,-0.6400234699249268,1.0137507915496826
56,source,17,-0.31216830015182495,-0.6382002830505371,1.0123127698898315
56,source,18,-0.3121471405029297,-0.6402714252471924,1.014866828918457
56,source,19,-0.31779855489730835,-0.6346647143363953,1.012433409690857
56,source,20,-0.30989569425582886,-0.6475819945335388,1.0095930099487305
56,source,21,-0.3092154860496521,-0.6384451985359192,1.007289171218872
56,source,22,-0.3089599609375,-0.6418096423149109,1.0091657638549805
56,source,23,-0.30940812826156616,-0.6374654173851013,1.0120857954025269
56,source,24,-0.31792306900024414,-0.6375752687454224,1.0136919021606445
56,source,25,-0.3143754005432129,-0.6375397443771362,1.0169947147369385
56,source,26,-0.3153665065765381,-0.6375594139099121,1.014891266822815
56,source,27,-0.30852949619293213,-0.6207593679428101,1.0156537294387817
56,source,28,-0.3077584505081177,-0.627424418926239,1.0129778385162354
56,source,29,-0.3198446035385132,-0.6339620351791382,1.0166001319885254
56,source,30,-0.3207932114601135,-0.6409057974815369,1.0149366855621338
56,source,31,-0.31906944513320923,-0.6346539855003357,1.0131372213363647
56,source,32,-0.3180747628211975,-0.6441859602928162,1.0125432014465332
56,source,33,-0.3193977475166321,-0.6402549147605896,1.0129791498184204
56,source,34,-0.32472604513168335,-0.6415497064590454,1.0175304412841797
56,source,35,-0.31300681829452515,-0.6298855543136597,1.0156769752502441
56,source,36,-0.31051719188690186,-0.6271575689315796,1.011688470840454
56,source,37,-0.3167336583137512,-0.6389312744140625,1.0160890817642212
56,source,38,-0.314644992351532,-0.6340869069099426,1.0140254497528076
56,source,39,-0.3131024241447449,-0.6421552896499634,1.012376308441162
56,source,40,-0.3096252679824829,-0.6352783441543579,1.0120165348052979
56,source,41,-0.3110332489013672,-0.6397430896759033,1.0061917304992676
56,source,42,-0.310238778591156,-0.6424381732940674,1.0070226192474365
56,source,43,-0.3126586675643921,-0.6355682015419006,1.0079538822174072
56,source,44,-0.30859237909317017,-0.6421829462051392,1.008306860923767
56,source,45,-0.310263454914093,-0.6418810486793518,1.012576937675476
56,source,46,-0.3177728056907654,-0.6367164254188538,1.0146026611328125
56,source,47,-0.3236153721809387,-0.6364926099777222,1.0166758298873901
56,source,48,-0.3139934539794922,-0.6454014778137207,1.0089740753173828
56,source,49,-0.3149451017379761,-0.6387913227081299,1.0130894184112549
56,source,50,-0.3238639831542969,-0.629770815372467,1.0188080072402954
56,source,51,-0.32063889503479004,-0.6303867697715759,1.0109490156173706
56,source,52,-0.3219555616378784,-0.6324557662010193,1.0105948448181152
56,source,53,-0.318365216255188,-0.6420319080352783,1.0047794580459595
56,source,54,-0.3196495771408081,-0.6302995085716248,1.0069283246994019
56,source,55,-0.32304656505584717,-0.642420768737793,1.008028268814087
56,source,56,-0.3223675489425659,-0.6375628709793091,1.006272315979004
56,source,57,-0.3189345598220825,-0.6390824913978577,1.0048296451568604
56,source,58,-0.32001858949661255,-0.6344573497772217,1.009832501411438
56,source,59,-0.32234448194503784,-0.634722113609314,1.0061635971069336
56,source,60,-0.31955623626708984,-0.6340201497077942,1.010043740272522
56,source,61,-0.32353514432907104,-0.6367943286895752,1.0082118511199951
56,source,62,-0.3251952528953552,-0.6275240778923035,1.014233112335205
56,source,63,-0.32454097270965576,-0.6308913230895996,1.0098443031311035
56,target,0,-0.2900277376174927,-0.6366785764694214,1.0065414905548096
56,target,1,-0.33030998706817627,-0.6264868974685669,1.0171818733215332
56,target,2,-0.322195827960968,-0.627056896686554,1.0090665817260742
56,target,3,-0.30420851707458496,-0.6387665271759033,1.0002812147140503
56,target,4,-0.30880141258239746,-0.6165938377380371,1.0044896602630615
56,target,5,-0.316389799118042,-0.589630126953125,1.0052130222320557
56,target,6,-0.32497406005859375,-0.595765233039856,1.0077807903289795
56,target,7,-0.3114517331123352,-0.5981400609016418,1.0064836740493774
56,target,8,-0.3126956820487976,-0.6037188172340393,1.0067226886749268
56,target,9,-0.2969438135623932,-0.6144941449165344,1.0024797916412354
56,target,10,-0.29750147461891174,-0.6090895533561707,1.0046658515930176
56,target,11,-0.3101722002029419,-0.6043094396591187,1.0087929964065552
56,target,12,-0.30867183208465576,-0.6102498769760132,1.0028828382492065
56,target,13,-0.2950681746006012,-0.6195035576820374,1.011624813079834
56,target,14,-0.29906612634658813,-0.6187198162078857,1.004658818244934
56,target,15,-0.30173397064208984,-0.6235639452934265,1.00180184841156
56,target,16,-0.31047260761260986,-0.6257109642028809,1.0049077272415161
56,target,17,-0.3135867714881897,-0.614423930644989,1.0044434070587158
56,target,18,-0.32198959589004517,-0.6110307574272156,1.005924105644226
56,target,19,-0.32226336002349854,-0.626438558101654,1.0101982355117798
56,target,20,-0.32415443658828735,-0.6087964773178101,1.011708378791809
56,target,21,-0.31796252727508545,-0.6038598418235779,1.0132819414138794
56,target,22,-0.3077104091644287,-0.6092239618301392,1.0044628381729126
56,target,23,-0.3023996353149414,-0.6147737503051758,1.0022441148757935
56,target,24,-0.3140305280685425,-0.6109468936920166,1.011004090309143
56,target,25,-0.3103182315826416,-0.6300577521324158,1.0084102153778076
56,target,26,-0.3108726143836975,-0.6291463375091553,1.0095484256744385
56,target,27,-0.31970393657684326,-0.6291990876197815,1.0091913938522339
56,target,28,-0.32521188259124756,-0.6404531598091125,1.012904405593872
56,target,29,-0.31022101640701294,-0.6204321980476379,1.0083701610565186
56,target,30,-0.31197309494018555,-0.6299903988838196,1.0048413276672363
56,target,31,-0.3160702586174011,-0.6116646528244019,0.9990840554237366
56,target,32,-0.3146701455116272,-0.6175658702850342,1.0063525438308716
56,target,33,-0.3170425295829773,-0.6247154474258423,1.0045894384384155
56,target,34,-0.3104339838027954,-0.6253145337104797,1.0023767948150635
56,target,35,-0.3168807029724121,-0.6271960139274597,1.0057623386383057
56,target,36,-0.31371527910232544,-0.6175596714019775,1.0007576942443848
56,target,37,-0.3119437098503113,-0.6301172971725464,1.0035655498504639
56,target,38,-0.3131245970726013,-0.6179075837135315,1.0065704584121704
56,target,39,-0.31229203939437866,-0.626639723777771,1.0029114484786987
56,target,40,-0.3117067813873291,-0.6237157583236694,1.009613275527954
56,target,41,-0.30333107709884644,-0.6167078614234924,1.007617473602295
56,target,42,-0.3089492917060852,-0.6316909193992615,1.0048255920410156
56,target,43,-0.3048563003540039,-0.6374233365058899,1.0101913213729858
56,target,44,-0.31043875217437744,-0.6381257176399231,1.0128012895584106
56,target,45,-0.31283921003341675,-0.6344780921936035,1.0119637250900269
56,target,46,-0.2937281131744385,-0.6658990383148193,1.0432922840118408
56,target,47,-0.2815963923931122,-0.6490882635116577,1.0086965560913086
56,target,48,-0.2720956802368164,-0.6433584690093994,1.0083996057510376
56,target,49,-0.28922510147094727,-0.6679245829582214,1.049705147743225
56,target,50,-0.31068527698516846,-0.6327071189880371,1.0406949520111084
56,target,51,-0.31087493896484375,-0.6293875575065613,1.0135434865951538
56,target,52,-0.30293989181518555,-0.6306443810462952,1.0122108459472656
56,target,53,-0.30951815843582153,-0.6337316632270813,1.0099433660507202
56,target,54,-0.3045344352722168,-0.6222419738769531,1.0126152038574219
56,target,55,-0.2872493267059326,-0.6268759965896606,1.0037834644317627
56,target,56,-0.28157976269721985,-0.6348415613174438,1.0020134449005127
56,target,57,-0.29499751329421997,-0.6337721943855286,1.0038381814956665
56,target,58,-0.29371243715286255,-0.6282283067703247,1.0030308961868286
56,target,59,-0.29181039333343506,-0.6369013786315918,1.007575273513794
56,target,60,-0.30081528425216675,-0.634495198726654,1.0070520639419556
56,target,61,-0.2985648512840271,-0.6334737539291382,1.0147252082824707
56,target,62,-0.30490219593048096,-0.6431471109390259,1.0115034580230713
56,target,63,-0.29728683829307556,-0.6416154503822327,1.0057194232940674
57,source,0,-0.32095587253570557,-0.6209185123443604,1.0170801877975464
57,source,1,-0.3174390196800232,-0.6225172281265259,1.0164963006973267
57,source,2,-0.31482845544815063,-0.6271226406097412,1.0111069679260254
57,source,3,-0.3075975179672241,-0.6339084506034851,1.0058974027633667
57,source,4,-0.31145238876342773,-0.6286359429359436,1.0089267492294312
57,source,5,-0.3155100345611572,-0.6307029128074646,1.0093295574188232
57,source,6,-0.31906425952911377,-0.6275405287742615,1.0140600204467773
57,source,7,-0.31419771909713745,-0.6287557482719421,1.0089625120162964
57,source,8,-0.3155983090400696,-0.6271749138832092,1.007967233657837
57,source,9,-0.3176616430282593,-0.6263308525085449,1.010054588317871
57,source,10,-0.31458646059036255,-0.6236931085586548,1.0141394138336182
57,source,11,-0.31862694025039673,-0.6274709701538086,1.0124162435531616
57,source,12,-0.3186345100402832,-0.6208658218383789,1.0159610509872437
57,source,13,-0.3167135715484619,-0.6283064484596252,1.0094012022018433
57,source,14,-0.3104587197303772,-0.6295291781425476,1.010620355606079
57,source,15,-0.31094902753829956,-0.622672438621521,1.0147125720977783
57,source,16,-0.30901795625686646,-0.6296523213386536,1.0106022357940674
57,source,17,-0.31015729904174805,-0.625585675239563,1.009625792503357
57,source,18,-0.31084954738616943,-0.6286547780036926,1.0109903812408447
57,source,19,-0.3167881369590759,-0.6240906715393066,1.0114320516586304
57,source,20,-0.30770260095596313,-0.6360188126564026,1.0064209699630737
57,source,21,-0.30690521001815796,-0.6280053853988647,1.0084943771362305
57,source,22,-0.3071664571762085,-0.6335384249687195,1.008134126663208
57,source,23,-0.30721431970596313,-0.6294229626655579,1.009226679801941
57,source,24,-0.3122798800468445,-0.6296653151512146,1.0103628635406494
57,source,25,-0.31458282470703125,-0.6216625571250916,1.0177568197250366
57,source,26,-0.31235015392303467,-0.6262795329093933,1.0119688510894775
57,source,27,-0.3138566017150879,-0.6102146506309509,1.015828013420105
57,source,28,-0.31057971715927124,-0.6146795153617859,1.012675404548645
57,source,29,-0.31927573680877686,-0.6219961047172546,1.0148922204971313
57,source,30,-0.3203544020652771,-0.6278350949287415,1.0122592449188232
57,source,31,-0.3191719055175781,-0.6224570870399475,1.0108391046524048
57,source,32,-0.31693583726882935,-0.631787121295929,1.011123538017273
57,source,33,-0.31721585988998413,-0.6287000179290771,1.0097479820251465
57,source,34,-0.3218840956687927,-0.6265040636062622,1.0144990682601929
57,source,35,-0.3144991397857666,-0.6180792450904846,1.0135698318481445
57,source,36,-0.3137601613998413,-0.6148937344551086,1.0090404748916626
57,source,37,-0.311174213886261,-0.6284234523773193,1.0136520862579346
57,source,38,-0.3130541443824768,-0.6242356300354004,1.0139312744140625
57,source,39,-0.31013035774230957,-0.6268615126609802,1.0104306936264038
57,source,40,-0.3113975524902344,-0.6224911212921143,1.014137625694275
57,source,41,-0.3130914568901062,-0.6287890672683716,1.0066800117492676
57,source,42,-0.31077635288238525,-0.6319254040718079,1.0075255632400513
57,source,43,-0.3154287338256836,-0.6241773366928101,1.0111984014511108
57,source,44,-0.3078268766403198,-0.6326185464859009,1.0085158348083496
57,source,45,-0.3105679750442505,-0.6284523010253906,1.0113414525985718
57,source,46,-0.31781429052352905,-0.6283905506134033,1.013270378112793
57,source,47,-0.32020193338394165,-0.6247279047966003,1.014560580253601
57,source,48,-0.30841678380966187,-0.6362295150756836,1.0041790008544922
57,source,49,-0.3134618401527405,-0.6259301900863647,1.0140459537506104
57,source,50,-0.31846123933792114,-0.6209668517112732,1.0200515985488892
57,source,51,-0.31846022605895996,-0.6192924976348877,1.0140457153320312
57,source,52,-0.31951409578323364,-0.6212799549102783,1.0124690532684326
57,source,53,-0.3157019019126892,-0.632196843624115,1.0050832033157349
57,source,54,-0.31423044204711914,-0.6204676032066345,1.0083378553390503
57,source,55,-0.3197152018547058,-0.631858766078949,1.0083163976669312
57,source,56,-0.3211374878883362,-0.6270080208778381,1.008376121520996
57,source,57,-0.3172904849052429,-0.6268089413642883,1.0063107013702393
57,source,58,-0.31591737270355225,-0.6265941858291626,1.009010672569275
57,source,59,-0.31933993101119995,-0.625990629196167,1.0066837072372437
57,source,60,-0.31718093156814575,-0.6190006732940674,1.0099409818649292
57,source,61,-0.31924110651016235,-0.6268290877342224,1.0098130702972412
57,source,62,-0.32360392808914185,-0.6176947951316833,1.0138534307479858
57,source,63,-0.32118988037109375,-0.6240275502204895,1.009058952331543
57,target,0,-0.2849501967430115,-0.6394107937812805,1.007340908050537
57,target,1,-0.3183209300041199,-0.6235831379890442,1.0155918598175049
57,target,2,-0.31731510162353516,-0.6225972771644592,1.0085601806640625
57,target,3,-0.30469024181365967,-0.6308317184448242,1.003448486328125
57,target,4,-0.31418293714523315,-0.6106021404266357,1.0087604522705078
57,target,5,-0.3178914189338684,-0.5964930057525635,1.0133496522903442
57,target,6,-0.3307992219924927,-0.5982618927955627,1.0156418085098267
57,target,7,-0.31764739751815796,-0.5978643298149109,1.0122469663619995
57,target,8,-0.32101136445999146,-0.6034818291664124,1.0129326581954956
57,target,9,-0.29635560512542725,-0.6143996715545654,1.0048160552978516
57,target,10,-0.299380362033844,-0.6072674989700317,1.003814935684204
57,target,11,-0.31422096490859985,-0.6041040420532227,1.0127618312835693
57,target,12,-0.3132230043411255,-0.6044843196868896,1.003152847290039
57,target,13,-0.2989908456802368,-0.6180164813995361,1.0156521797180176
57,target,14,-0.30223146080970764,-0.6182396411895752,1.0077228546142578
57,target,15,-0.3050152063369751,-0.6219872236251831,1.0040836334228516
57,target,16,-0.3085460066795349,-0.6207287311553955,1.0037500858306885
57,target,17,-0.3173666000366211,-0.6113941073417664,1.0090689659118652
57,target,18,-0.32205289602279663,-0.6158773303031921,1.0129796266555786
57,target,19,-0.31678909063339233,-0.6228159070014954,1.0106204748153687
57,target,20,-0.3230752944946289,-0.6132067441940308,1.016911268234253
57,target,21,-0.3254876136779785,-0.6057673096656799,1.0200304985046387
57,target,22,-0.30829918384552,-0.612852931022644,1.0109007358551025
57,target,23,-0.3036130368709564,-0.6108114719390869,1.0066826343536377
57,target,24,-0.31695854663848877,-0.6101910471916199,1.01301908493042
57,target,25,-0.3109242916107178,-0.6232980489730835,1.0123705863952637
57,target,26,-0.3082273602485657,-0.6245254874229431,1.0098624229431152
57,target,27,-0.31683677434921265,-0.622931718826294,1.0098031759262085
57,target,28,-0.32707685232162476,-0.6275694966316223,1.0132628679275513
57,target,29,-0.30467066168785095,-0.6184386610984802,1.0096769332885742
57,target,30,-0.30988413095474243,-0.6229568719863892,1.0073342323303223
57,target,31,-0.3152744770050049,-0.6100789308547974,1.0039174556732178
57,target,32,-0.31470930576324463,-0.6112136840820312,1.0068955421447754
57,target,33,-0.32155483961105347,-0.6127596497535706,1.0085227489471436
57,target,34,-0.3119478225708008,-0.6117898225784302,1.0050220489501953
57,target,35,-0.3187996745109558,-0.6214709877967834,1.009975552558899
57,target,36,-0.31749820709228516,-0.6087841391563416,1.0066297054290771
57,target,37,-0.3142799735069275,-0.6201150417327881,1.0072650909423828
57,target,38,-0.31738245487213135,-0.6057469844818115,1.0101902484893799
57,target,39,-0.3180568814277649,-0.6144009828567505,1.0075727701187134
57,target,40,-0.3017362356185913,-0.6206010580062866,1.0064574480056763
57,target,41,-0.2977560758590698,-0.619041919708252,1.0049196481704712
57,target,42,-0.309444785118103,-0.6218286156654358,1.000370740890503
57,target,43,-0.30156993865966797,-0.6283652782440186,1.0020272731781006
57,target,44,-0.30666452646255493,-0.6284260749816895,1.007240891456604
57,target,45,-0.31158363819122314,-0.6224943399429321,1.003889560699463
57,target,46,-0.28718408942222595,-0.6632872819900513,1.038604974746704
57,target,47,-0.27947479486465454,-0.6443710327148438,1.0103061199188232
57,target,48,-0.2703234553337097,-0.6481314897537231,1.011965036392212
57,target,49,-0.2864481806755066,-0.6616333723068237,1.0438803434371948
57,target,50,-0.30993908643722534,-0.6319000124931335,1.0353891849517822
57,target,51,-0.30439287424087524,-0.6278008818626404,1.0128229856491089
57,target,52,-0.2997370958328247,-0.6258957982063293,1.0113177299499512
57,target,53,-0.30465567111968994,-0.632237434387207,1.0077300071716309
57,target,54,-0.29793882369995117,-0.621583878993988,1.0104303359985352
57,target,55,-0.2844252586364746,-0.6352596879005432,1.0056185722351074
57,target,56,-0.27874672412872314,-0.6384289264678955,1.0047752857208252
57,target,57,-0.29120850563049316,-0.6325825452804565,1.0032901763916016
57,target,58,-0.2941442131996155,-0.629744827747345,1.0043035745620728
57,target,59,-0.2914872169494629,-0.6329478621482849,1.0102944374084473
57,target,60,-0.30117151141166687,-0.6302121877670288,1.0072215795516968
57,target,61,-0.29753708839416504,-0.6293243169784546,1.0140475034713745
57,target,62,-0.3067898154258728,-0.6288333535194397,1.009964942932129
57,target,63,-0.29194387793540955,-0.6399827003479004,1.0036948919296265
58,source,0,-0.3201262354850769,-0.6428616046905518,1.0209310054779053
58,source,1,-0.31274622678756714,-0.6445931196212769,1.0160496234893799
58,source,2,-0.3137887716293335,-0.6452222466468811,1.0124685764312744
58,source,3,-0.3108304738998413,-0.651816725730896,1.0078449249267578
58,source,4,-0.31302112340927124,-0.6469001173973083,1.0126601457595825
58,source,5,-0.31561583280563354,-0.6477644443511963,1.0090305805206299
58,source,6,-0.31729656457901,-0.6450499892234802,1.014062523841858
58,source,7,-0.3143470883369446,-0.6471728086471558,1.011216640472412
58,source,8,-0.314602255821228,-0.6463285088539124,1.008344292640686
58,source,9,-0.3168911933898926,-0.6443425416946411,1.0116708278656006
58,source,10,-0.31292539834976196,-0.6445639133453369,1.0165560245513916
58,source,11,-0.31797510385513306,-0.6478481888771057,1.012992024421692
58,source,12,-0.31391894817352295,-0.6441163420677185,1.0150072574615479
58,source,13,-0.31502634286880493,-0.6484075784683228,1.0115344524383545
58,source,14,-0.30727869272232056,-0.6450750231742859,1.0117583274841309
58,source,15,-0.3100408911705017,-0.6415647864341736,1.0170801877975464
58,source,16,-0.30817723274230957,-0.6490086317062378,1.0126707553863525
58,source,17,-0.30714231729507446,-0.645946204662323,1.012512445449829
58,source,18,-0.30879920721054077,-0.6473163962364197,1.0134536027908325
58,source,19,-0.3135022521018982,-0.6449959874153137,1.0131170749664307
58,source,20,-0.3054119050502777,-0.6530932784080505,1.0053935050964355
58,source,21,-0.3042376637458801,-0.6456628441810608,1.0098577737808228
58,source,22,-0.30356162786483765,-0.6511435508728027,1.0078504085540771
58,source,23,-0.3054947853088379,-0.6479452848434448,1.01056969165802
58,source,24,-0.3110753893852234,-0.6480625867843628,1.0116465091705322
58,source,25,-0.3112713098526001,-0.6431605219841003,1.0170323848724365
58,source,26,-0.3125067949295044,-0.646299421787262,1.0131510496139526
58,source,27,-0.3111741542816162,-0.6353955268859863,1.0167787075042725
58,source,28,-0.3077008128166199,-0.6351938247680664,1.0146552324295044
58,source,29,-0.31564033031463623,-0.6447231769561768,1.01682448387146
58,source,30,-0.31800252199172974,-0.6478032469749451,1.0127291679382324
58,source,31,-0.31687867641448975,-0.6434773802757263,1.0126709938049316
58,source,32,-0.3165859580039978,-0.6484925746917725,1.0122966766357422
58,source,33,-0.31617552042007446,-0.6463491916656494,1.0106736421585083
58,source,34,-0.31765007972717285,-0.6481816172599792,1.014668345451355
58,source,35,-0.30897754430770874,-0.6390111446380615,1.0125788450241089
58,source,36,-0.3125877380371094,-0.6391585469245911,1.0137035846710205
58,source,37,-0.31121933460235596,-0.6447601318359375,1.0149017572402954
58,source,38,-0.3106262683868408,-0.6455941200256348,1.0165002346038818
58,source,39,-0.3082011938095093,-0.6461938619613647,1.0116758346557617
58,source,40,-0.3103979229927063,-0.6404854655265808,1.0153770446777344
58,source,41,-0.3125864267349243,-0.6432832479476929,1.0110355615615845
58,source,42,-0.31037646532058716,-0.6461753249168396,1.0100865364074707
58,source,43,-0.31493210792541504,-0.6425173878669739,1.0131245851516724
58,source,44,-0.3073654770851135,-0.6480119228363037,1.008762001991272
58,source,45,-0.30834853649139404,-0.6498861312866211,1.0109000205993652
58,source,46,-0.3142692446708679,-0.6488434672355652,1.0133627653121948
58,source,47,-0.31867486238479614,-0.6442787647247314,1.0162526369094849
58,source,48,-0.3089635968208313,-0.6537097692489624,1.004148006439209
58,source,49,-0.31256985664367676,-0.6469762325286865,1.0155246257781982
58,source,50,-0.3198980689048767,-0.6408774256706238,1.0228296518325806
58,source,51,-0.3146723508834839,-0.6383720636367798,1.013271450996399
58,source,52,-0.31833726167678833,-0.6398193836212158,1.0145211219787598
58,source,53,-0.3166232705116272,-0.6473338007926941,1.0065231323242188
58,source,54,-0.3157699704170227,-0.6373475790023804,1.0115268230438232
58,source,55,-0.3199172019958496,-0.6435962915420532,1.0088924169540405
58,source,56,-0.3199719190597534,-0.6422395706176758,1.0093573331832886
58,source,57,-0.3166619539260864,-0.6438924074172974,1.0063765048980713
58,source,58,-0.3168334364891052,-0.6410051584243774,1.012048602104187
58,source,59,-0.3195297122001648,-0.6401115655899048,1.0087239742279053
58,source,60,-0.3160908818244934,-0.6369273662567139,1.0147144794464111
58,source,61,-0.3186302185058594,-0.6437267065048218,1.0104297399520874
58,source,62,-0.31923866271972656,-0.6371798515319824,1.0151326656341553
58,source,63,-0.3176214098930359,-0.6413647532463074,1.0126069784164429
58,target,0,-0.29048869013786316,-0.6468375325202942,1.0100698471069336
58,target,1,-0.3205735683441162,-0.6403709053993225,1.0207332372665405
58,target,2,-0.32165372371673584,-0.6404866576194763,1.014927864074707
58,target,3,-0.3077918291091919,-0.6458343267440796,1.0070335865020752
58,target,4,-0.318267822265625,-0.6309431195259094,1.0144717693328857
58,target,5,-0.32072728872299194,-0.6193122863769531,1.02378249168396
58,target,6,-0.3303810954093933,-0.6218566298484802,1.021109938621521
58,target,7,-0.314592182636261,-0.6206004619598389,1.0167051553726196
58,target,8,-0.313957154750824,-0.6259436011314392,1.0145840644836426
58,target,9,-0.3061991333961487,-0.6295948624610901,1.0149201154708862
58,target,10,-0.3075723648071289,-0.6225747466087341,1.0155045986175537
58,target,11,-0.3183864951133728,-0.6224315762519836,1.021911382675171
58,target,12,-0.3166850805282593,-0.6244161128997803,1.0122694969177246
58,target,13,-0.30229535698890686,-0.6355337500572205,1.0192707777023315
58,target,14,-0.3110930919647217,-0.6365429162979126,1.013895034790039
58,target,15,-0.31028813123703003,-0.6375640034675598,1.0095332860946655
58,target,16,-0.3169054388999939,-0.6361774206161499,1.01272451877594
58,target,17,-0.3210827112197876,-0.6273674964904785,1.015406608581543
58,target,18,-0.32557785511016846,-0.6303650140762329,1.0204265117645264
58,target,19,-0.3165122866630554,-0.6309835314750671,1.0138108730316162
58,target,20,-0.32388168573379517,-0.6300488710403442,1.0251007080078125
58,target,21,-0.32070404291152954,-0.6271506547927856,1.0225695371627808
58,target,22,-0.3109031915664673,-0.6277193427085876,1.017365574836731
58,target,23,-0.30472031235694885,-0.6284773349761963,1.0086877346038818
58,target,24,-0.3158015012741089,-0.6294212341308594,1.0183656215667725
58,target,25,-0.31703948974609375,-0.6398829221725464,1.0169198513031006
58,target,26,-0.31866902112960815,-0.6407972574234009,1.0194860696792603
58,target,27,-0.3211209774017334,-0.6374781131744385,1.0168201923370361
58,target,28,-0.3298150897026062,-0.6449952721595764,1.021414041519165
58,target,29,-0.31416410207748413,-0.6375970840454102,1.0173447132110596
58,target,30,-0.3164054751396179,-0.642561137676239,1.0131665468215942
58,target,31,-0.32073718309402466,-0.6307249069213867,1.011756181716919
58,target,32,-0.3204185962677002,-0.6309976577758789,1.0146487951278687
58,target,33,-0.32539165019989014,-0.6333809494972229,1.0139925479888916
58,target,34,-0.31669729948043823,-0.63360196352005,1.0114837884902954
58,target,35,-0.32211774587631226,-0.6351913213729858,1.0152862071990967
58,target,36,-0.31941473484039307,-0.632915735244751,1.0093820095062256
58,target,37,-0.31629520654678345,-0.6383323073387146,1.011265754699707
58,target,38,-0.3217701315879822,-0.6298069953918457,1.0172064304351807
58,target,39,-0.3204631209373474,-0.6327299475669861,1.0118083953857422
58,target,40,-0.3137577176094055,-0.6340072154998779,1.019350290298462
58,target,41,-0.3044792413711548,-0.6304214596748352,1.0132218599319458
58,target,42,-0.31036847829818726,-0.6385971307754517,1.0041327476501465
58,target,43,-0.3038777709007263,-0.6497010588645935,1.0046899318695068
58,target,44,-0.31048256158828735,-0.6470726728439331,1.010249376296997
58,target,45,-0.3108401894569397,-0.6433520913124084,1.0079047679901123
58,target,46,-0.2901514172554016,-0.6757410764694214,1.0362433195114136
58,target,47,-0.2834339439868927,-0.6570276618003845,1.0082142353057861
58,target,48,-0.27554595470428467,-0.6546753644943237,1.009906530380249
58,target,49,-0.289922297000885,-0.6705181002616882,1.041550874710083
58,target,50,-0.31199461221694946,-0.6469824910163879,1.0408499240875244
58,target,51,-0.3111306428909302,-0.6429740190505981,1.0186294317245483
58,target,52,-0.30531710386276245,-0.6408767700195312,1.0160267353057861
58,target,53,-0.31035280227661133,-0.644944965839386,1.0137040615081787
58,target,54,-0.3075602650642395,-0.6342721581459045,1.0168592929840088
58,target,55,-0.29144150018692017,-0.6407414674758911,1.0083420276641846
58,target,56,-0.28503429889678955,-0.6483644843101501,1.0069829225540161
58,target,57,-0.2990801930427551,-0.6460467576980591,1.0116245746612549
58,target,58,-0.30003130435943604,-0.6426405906677246,1.007642149925232
58,target,59,-0.2992473244667053,-0.6481395363807678,1.0142697095870972
58,target,60,-0.3079743981361389,-0.6454079747200012,1.0136678218841553
58,target,61,-0.30529794096946716,-0.6441327929496765,1.0189388990402222
58,target,62,-0.3106080889701843,-0.6465954780578613,1.0126081705093384
58,target,63,-0.29603347182273865,-0.6526431441307068,1.0052285194396973
59,source,0,-0.3105100989341736,-0.6406322717666626,1.0161973237991333
59,source,1,-0.30221056938171387,-0.6427645087242126,1.0124529600143433
59,source,2,-0.3076730966567993,-0.6447688937187195,1.0110125541687012
59,source,3,-0.30338287353515625,-0.6496214866638184,1.0084542036056519
59,source,4,-0.30484867095947266,-0.6427800059318542,1.013588547706604
59,source,5,-0.30759328603744507,-0.6455674171447754,1.0084002017974854
59,source,6,-0.308089017868042,-0.6455230116844177,1.0098377466201782
59,source,7,-0.30577510595321655,-0.6455976963043213,1.0094220638275146
59,source,8,-0.305214524269104,-0.6434901356697083,1.0067144632339478
59,source,9,-0.30729079246520996,-0.6428380608558655,1.008287787437439
59,source,10,-0.3045803904533386,-0.6409162282943726,1.0152177810668945
59,source,11,-0.31084293127059937,-0.6464158892631531,1.0103157758712769
59,source,12,-0.30710870027542114,-0.6426411271095276,1.0134916305541992
59,source,13,-0.3063817024230957,-0.6434540748596191,1.0092482566833496
59,source,14,-0.29989463090896606,-0.6461169123649597,1.0117229223251343
59,source,15,-0.30285564064979553,-0.6361411809921265,1.0179767608642578
59,source,16,-0.29996466636657715,-0.6479219794273376,1.0109890699386597
59,source,17,-0.3014242649078369,-0.6462255120277405,1.0119431018829346
59,source,18,-0.30293548107147217,-0.6474899053573608,1.013104796409607
59,source,19,-0.3050180673599243,-0.6426231265068054,1.0129553079605103
59,source,20,-0.2965794801712036,-0.6591166853904724,1.0071431398391724
59,source,21,-0.29822489619255066,-0.6466354131698608,1.0124132633209229
59,source,22,-0.297622412443161,-0.6508824825286865,1.0104591846466064
59,source,23,-0.29934680461883545,-0.6460890173912048,1.0117216110229492
59,source,24,-0.305029958486557,-0.6481881141662598,1.0120716094970703
59,source,25,-0.3056943118572235,-0.6407417058944702,1.0173299312591553
59,source,26,-0.3044723868370056,-0.646537721157074,1.0141037702560425
59,source,27,-0.3022184669971466,-0.6307777762413025,1.0139188766479492
59,source,28,-0.29905858635902405,-0.6316067576408386,1.0112699270248413
59,source,29,-0.3071601986885071,-0.6418746709823608,1.0143219232559204
59,source,30,-0.3116893172264099,-0.6462532877922058,1.0114556550979614
59,source,31,-0.30664557218551636,-0.6421396136283875,1.010029673576355
59,source,32,-0.30712199211120605,-0.6471567153930664,1.0109468698501587
59,source,33,-0.3088270425796509,-0.6457854509353638,1.0100741386413574
59,source,34,-0.3131866455078125,-0.6464816927909851,1.0157697200775146
59,source,35,-0.3054848313331604,-0.6394949555397034,1.0153990983963013
59,source,36,-0.303910493850708,-0.6358695030212402,1.0089536905288696
59,source,37,-0.30633020401000977,-0.6435754895210266,1.0184069871902466
59,source,38,-0.3053048849105835,-0.6409664154052734,1.0155537128448486
59,source,39,-0.30202603340148926,-0.6456254124641418,1.0116747617721558
59,source,40,-0.30282002687454224,-0.6377615928649902,1.014661431312561
59,source,41,-0.3034496009349823,-0.6431079506874084,1.0070252418518066
59,source,42,-0.30080509185791016,-0.6428141593933105,1.0045255422592163
59,source,43,-0.3037561774253845,-0.6392006278038025,1.009606957435608
59,source,44,-0.2996440827846527,-0.6507446765899658,1.0099306106567383
59,source,45,-0.3011152744293213,-0.6521638035774231,1.0131635665893555
59,source,46,-0.30492663383483887,-0.6438438296318054,1.0120124816894531
59,source,47,-0.3106573224067688,-0.6443287134170532,1.0140373706817627
59,source,48,-0.3049335479736328,-0.6538036465644836,1.007040023803711
59,source,49,-0.30377936363220215,-0.6432404518127441,1.016696572303772
59,source,50,-0.3064938187599182,-0.6332480311393738,1.0186725854873657
59,source,51,-0.30238819122314453,-0.6272608637809753,1.0092567205429077
59,source,52,-0.3080839514732361,-0.6312680244445801,1.0122028589248657
59,source,53,-0.3045817017555237,-0.6435892581939697,1.0067570209503174
59,source,54,-0.30396461486816406,-0.628494143486023,1.0072576999664307
59,source,55,-0.3071143627166748,-0.6389039754867554,1.0070915222167969
59,source,56,-0.30461835861206055,-0.6372933387756348,1.0055296421051025
59,source,57,-0.30383437871932983,-0.6375724673271179,1.0050582885742188
59,source,58,-0.30544665455818176,-0.6373400092124939,1.0124481916427612
59,source,59,-0.30918437242507935,-0.6343681812286377,1.0088120698928833
59,source,60,-0.3059297502040863,-0.6276726722717285,1.0102245807647705
59,source,61,-0.30877822637557983,-0.6372542977333069,1.0075198411941528
59,source,62,-0.30979132652282715,-0.6304302215576172,1.0108822584152222
59,source,63,-0.30786556005477905,-0.6344103813171387,1.0079792737960815
59,target,0,-0.28127649426460266,-0.6491868495941162,1.0146098136901855
59,target,1,-0.3107578754425049,-0.6372718214988708,1.0198169946670532
59,target,2,-0.3033449947834015,-0.6392116546630859,1.0095027685165405
59,target,3,-0.2959698438644409,-0.6466875076293945,1.008509635925293
59,target,4,-0.3034164607524872,-0.6285586357116699,1.010500192642212
59,target,5,-0.30511435866355896,-0.6152816414833069,1.015727162361145
59,target,6,-0.3176845908164978,-0.6113630533218384,1.0143404006958008
59,target,7,-0.30562737584114075,-0.6101635694503784,1.0086725950241089
59,target,8,-0.3067770004272461,-0.6151230931282043,1.0050379037857056
59,target,9,-0.29157161712646484,-0.6265691518783569,1.010486125946045
59,target,10,-0.2907348871231079,-0.6205474138259888,1.0099425315856934
59,target,11,-0.30231159925460815,-0.6116437911987305,1.0118391513824463
59,target,12,-0.30297088623046875,-0.6226329207420349,1.0043613910675049
59,target,13,-0.28799110651016235,-0.6337669491767883,1.0167783498764038
59,target,14,-0.2948589622974396,-0.6338716149330139,1.012552261352539
59,target,15,-0.2977815270423889,-0.6349855065345764,1.0101197957992554
59,target,16,-0.30275020003318787,-0.6327409744262695,1.0121164321899414
59,target,17,-0.3085566759109497,-0.626024603843689,1.0075492858886719
59,target,18,-0.31711745262145996,-0.6270197629928589,1.0175384283065796
59,target,19,-0.30652785301208496,-0.6329473257064819,1.0144692659378052
59,target,20,-0.31433671712875366,-0.623272180557251,1.0187361240386963
59,target,21,-0.3120235204696655,-0.620362401008606,1.015304684638977
59,target,22,-0.3018181622028351,-0.6255354285240173,1.013916015625
59,target,23,-0.28972765803337097,-0.62265944480896,1.0033701658248901
59,target,24,-0.30593448877334595,-0.6274843215942383,1.0130298137664795
59,target,25,-0.3013966679573059,-0.6390746235847473,1.0140750408172607
59,target,26,-0.30264097452163696,-0.634768009185791,1.014817714691162
59,target,27,-0.29810577630996704,-0.6390306949615479,1.0066332817077637
59,target,28,-0.3127492666244507,-0.6484613418579102,1.0167577266693115
59,target,29,-0.29689741134643555,-0.632917582988739,1.0163660049438477
59,target,30,-0.2999153137207031,-0.6351330876350403,1.0107134580612183
59,target,31,-0.30926352739334106,-0.6270834803581238,1.0103960037231445
59,target,32,-0.30635690689086914,-0.6262908577919006,1.0148371458053589
59,target,33,-0.3055727183818817,-0.6271201372146606,1.0046919584274292
59,target,34,-0.29682719707489014,-0.6310875415802002,1.005666971206665
59,target,35,-0.30728811025619507,-0.6340662240982056,1.0100544691085815
59,target,36,-0.30378058552742004,-0.6276053190231323,1.0011415481567383
59,target,37,-0.2980475425720215,-0.6341694593429565,1.0050549507141113
59,target,38,-0.3043212890625,-0.625941812992096,1.009596347808838
59,target,39,-0.301710307598114,-0.6277485489845276,1.0058119297027588
59,target,40,-0.2985677123069763,-0.6333642601966858,1.0128459930419922
59,target,41,-0.2917434573173523,-0.6330123543739319,1.0094892978668213
59,target,42,-0.29667311906814575,-0.6394387483596802,0.9999399781227112
59,target,43,-0.2980712652206421,-0.6495044827461243,1.0074882507324219
59,target,44,-0.2995375990867615,-0.6510689854621887,1.0092263221740723
59,target,45,-0.301033616065979,-0.6467158198356628,1.0066505670547485
59,target,46,-0.29140254855155945,-0.6749275326728821,1.0493124723434448
59,target,47,-0.27673783898353577,-0.655841588973999,1.014908790588379
59,target,48,-0.2701883912086487,-0.65411776304245,1.0166897773742676
59,target,49,-0.2909952998161316,-0.6753748655319214,1.053234577178955
59,target,50,-0.3026297092437744,-0.6461699604988098,1.0410350561141968
59,target,51,-0.29620885848999023,-0.640073835849762,1.0157978534698486
59,target,52,-0.29000532627105713,-0.6399773359298706,1.0154247283935547
59,target,53,-0.2983028292655945,-0.6439993977546692,1.0167155265808105
59,target,54,-0.2897719442844391,-0.6293092370033264,1.0133922100067139
59,target,55,-0.27578794956207275,-0.6441392302513123,1.0103328227996826
59,target,56,-0.2730700373649597,-0.6500542163848877,1.011213779449463
59,target,57,-0.28254932165145874,-0.6488361358642578,1.0104405879974365
59,target,58,-0.286408007144928,-0.6465809941291809,1.0108712911605835
59,target,59,-0.28288036584854126,-0.6509201526641846,1.0151513814926147
59,target,60,-0.29424673318862915,-0.6446564793586731,1.0134787559509277
59,target,61,-0.2908650040626526,-0.6447621583938599,1.0188734531402588
59,target,62,-0.293428897857666,-0.6431444883346558,1.0104414224624634
59,target,63,-0.28590208292007446,-0.652901828289032,1.0100619792938232
60,source,0,-0.31867873668670654,-0.6443099975585938,1.0236026048660278
60,source,1,-0.31294625997543335,-0.6448594331741333,1.020416498184204
60,source,2,-0.3166232705116272,-0.6441399455070496,1.0168031454086304
60,source,3,-0.3089345097541809,-0.6537633538246155,1.0127527713775635
60,source,4,-0.3121030926704407,-0.6496862173080444,1.0167655944824219
60,source,5,-0.315657377243042,-0.650693416595459,1.0155688524246216
60,source,6,-0.31686192750930786,-0.6466702222824097,1.0167309045791626
60,source,7,-0.3134617805480957,-0.6489241719245911,1.0145732164382935
60,source,8,-0.315540611743927,-0.6487250924110413,1.0143333673477173
60,source,9,-0.31764817237854004,-0.6445294618606567,1.0173559188842773
60,source,10,-0.31150829792022705,-0.6406156420707703,1.0174262523651123
60,source,11,-0.31923896074295044,-0.6501585245132446,1.0183348655700684
60,source,12,-0.315562903881073,-0.6442602276802063,1.019494891166687
60,source,13,-0.31432563066482544,-0.6513828039169312,1.0135431289672852
60,source,14,-0.30822014808654785,-0.6501384973526001,1.0174731016159058
60,source,15,-0.30712783336639404,-0.6425781846046448,1.0221505165100098
60,source,16,-0.3055209219455719,-0.6513894200325012,1.0148239135742188
60,source,17,-0.306380033493042,-0.6473422050476074,1.0152959823608398
60,source,18,-0.30843544006347656,-0.6485170722007751,1.0167553424835205
60,source,19,-0.31213605403900146,-0.6442843675613403,1.0192211866378784
60,source,20,-0.3043513298034668,-0.6567562818527222,1.0097826719284058
60,source,21,-0.3063943386077881,-0.6448268294334412,1.0145851373672485
60,source,22,-0.30472952127456665,-0.6563615202903748,1.0134308338165283
60,source,23,-0.30785977840423584,-0.6477536559104919,1.0154415369033813
60,source,24,-0.3121207356452942,-0.6495150327682495,1.0176477432250977
60,source,25,-0.3122870922088623,-0.6446808576583862,1.0234891176223755
60,source,26,-0.3114657402038574,-0.6491937637329102,1.0178405046463013
60,source,27,-0.3069037199020386,-0.6392773985862732,1.0181586742401123
60,source,28,-0.30591756105422974,-0.6372880935668945,1.0170211791992188
60,source,29,-0.31499701738357544,-0.6428176760673523,1.0207059383392334
60,source,30,-0.32188040018081665,-0.6465741395950317,1.018813967704773
60,source,31,-0.3191351294517517,-0.6429991722106934,1.017792820930481
60,source,32,-0.31760913133621216,-0.652377724647522,1.0173192024230957
60,source,33,-0.3173096179962158,-0.6506847739219666,1.0187764167785645
60,source,34,-0.3232353925704956,-0.6478130221366882,1.023978352546692
60,source,35,-0.3158395290374756,-0.6396472454071045,1.021262526512146
60,source,36,-0.3081265091896057,-0.6399047374725342,1.0136620998382568
60,source,37,-0.3108949661254883,-0.6504895091056824,1.021092414855957
60,source,38,-0.3098031282424927,-0.6473512053489685,1.0179704427719116
60,source,39,-0.30920863151550293,-0.6496549248695374,1.0175646543502808
60,source,40,-0.3097243309020996,-0.6371208429336548,1.0196905136108398
60,source,41,-0.312503457069397,-0.6450563073158264,1.0116959810256958
60,source,42,-0.31079041957855225,-0.6488244533538818,1.0116914510726929
60,source,43,-0.31238800287246704,-0.6415555477142334,1.0141782760620117
60,source,44,-0.30574679374694824,-0.6529250741004944,1.0107614994049072
60,source,45,-0.30781280994415283,-0.6521757245063782,1.0156898498535156
60,source,46,-0.3134891986846924,-0.6510971784591675,1.0178972482681274
60,source,47,-0.31721001863479614,-0.646652102470398,1.0205610990524292
60,source,48,-0.3100823163986206,-0.6545019149780273,1.0122617483139038
60,source,49,-0.3132917881011963,-0.6449376940727234,1.023017168045044
60,source,50,-0.31698209047317505,-0.6390345692634583,1.0278862714767456
60,source,51,-0.3111385107040405,-0.6384536027908325,1.020782470703125
60,source,52,-0.31526196002960205,-0.6400459408760071,1.0208429098129272
60,source,53,-0.31169307231903076,-0.6507334113121033,1.0145000219345093
60,source,54,-0.312194287776947,-0.6397784948348999,1.015650987625122
60,source,55,-0.3135563135147095,-0.6472958326339722,1.0186011791229248
60,source,56,-0.31458622217178345,-0.6442757248878479,1.0168627500534058
60,source,57,-0.312452495098114,-0.6433050632476807,1.0156762599945068
60,source,58,-0.31250089406967163,-0.6455225348472595,1.019268274307251
60,source,59,-0.31520581245422363,-0.6445537209510803,1.0195086002349854
60,source,60,-0.3151895999908447,-0.6362630128860474,1.0188498497009277
60,source,61,-0.3157057762145996,-0.6465066075325012,1.0182616710662842
60,source,62,-0.3144068121910095,-0.6388298869132996,1.0216729640960693
60,source,63,-0.3128918409347534,-0.6432016491889954,1.0155619382858276
60,target,0,-0.2882958650588989,-0.6561877727508545,1.0130939483642578
60,target,1,-0.31321316957473755,-0.6436368823051453,1.019357442855835
60,target,2,-0.3107506036758423,-0.6453244090080261,1.0137643814086914
60,target,3,-0.30053436756134033,-0.6531919836997986,1.0086543560028076
60,target,4,-0.3115559220314026,-0.6390056014060974,1.0154576301574707
60,target,5,-0.3138030767440796,-0.6170198917388916,1.018003225326538
60,target,6,-0.328003466129303,-0.6136505007743835,1.0218150615692139
60,target,7,-0.313204288482666,-0.6194743514060974,1.0134077072143555
60,target,8,-0.3157382011413574,-0.6237503290176392,1.0147632360458374
60,target,9,-0.29868650436401367,-0.631305992603302,1.0116727352142334
60,target,10,-0.29880887269973755,-0.6239235997200012,1.0113788843154907
60,target,11,-0.30965858697891235,-0.6202503442764282,1.0158733129501343
60,target,12,-0.30792248249053955,-0.6282586455345154,1.0088080167770386
60,target,13,-0.2957349717617035,-0.6384748220443726,1.0198439359664917
60,target,14,-0.3043309450149536,-0.6389010548591614,1.015440821647644
60,target,15,-0.30743855237960815,-0.6423404216766357,1.0143262147903442
60,target,16,-0.31315845251083374,-0.64015793800354,1.0143342018127441
60,target,17,-0.3122212290763855,-0.635761022567749,1.014910340309143
60,target,18,-0.3214811682701111,-0.6366241574287415,1.0208057165145874
60,target,19,-0.31390535831451416,-0.6366456747055054,1.0160621404647827
60,target,20,-0.3207591772079468,-0.6316797733306885,1.022465467453003
60,target,21,-0.3183891773223877,-0.623102068901062,1.022964358329773
60,target,22,-0.30647820234298706,-0.6326220631599426,1.013397455215454
60,target,23,-0.3019070625305176,-0.6339055299758911,1.0087631940841675
60,target,24,-0.3135339021682739,-0.6309584975242615,1.0200494527816772
60,target,25,-0.30800777673721313,-0.643645703792572,1.014196753501892
60,target,26,-0.3114515542984009,-0.6444769501686096,1.0186090469360352
60,target,27,-0.30828994512557983,-0.6434876918792725,1.0128252506256104
60,target,28,-0.31702351570129395,-0.6533745527267456,1.0168510675430298
60,target,29,-0.3069974184036255,-0.6423019170761108,1.0185980796813965
60,target,30,-0.3081822395324707,-0.6477892398834229,1.0168198347091675
60,target,31,-0.3210974931716919,-0.6307007670402527,1.0131587982177734
60,target,32,-0.31840914487838745,-0.6335635781288147,1.0163719654083252
60,target,33,-0.3132391571998596,-0.641979992389679,1.0140029191970825
60,target,34,-0.3076150417327881,-0.6392613649368286,1.0118399858474731
60,target,35,-0.3192753195762634,-0.6433228850364685,1.0172616243362427
60,target,36,-0.31280553340911865,-0.6364913582801819,1.0114645957946777
60,target,37,-0.310403048992157,-0.644832968711853,1.0136622190475464
60,target,38,-0.3174774646759033,-0.6328288316726685,1.0161837339401245
60,target,39,-0.3074297308921814,-0.6421124935150146,1.0127767324447632
60,target,40,-0.3058326244354248,-0.6422342658042908,1.0174216032028198
60,target,41,-0.30021703243255615,-0.6404200196266174,1.0156214237213135
60,target,42,-0.3071545958518982,-0.6423962712287903,1.007820725440979
60,target,43,-0.3054521083831787,-0.6532697081565857,1.013368010520935
60,target,44,-0.30712366104125977,-0.6517111659049988,1.0128790140151978
60,target,45,-0.30941981077194214,-0.6499764323234558,1.0128977298736572
60,target,46,-0.2879921793937683,-0.6796144843101501,1.0406734943389893
60,target,47,-0.27974754571914673,-0.6607710123062134,1.0122332572937012
60,target,48,-0.27436792850494385,-0.6621351838111877,1.012881875038147
60,target,49,-0.28623276948928833,-0.6800305247306824,1.0417777299880981
60,target,50,-0.3050563931465149,-0.6478095054626465,1.03853178024292
60,target,51,-0.3032790720462799,-0.6455499529838562,1.0189770460128784
60,target,52,-0.2966305613517761,-0.6462020874023438,1.0157577991485596
60,target,53,-0.3044956922531128,-0.649660050868988,1.0147171020507812
60,target,54,-0.2997884452342987,-0.640887439250946,1.01603364944458
60,target,55,-0.284515917301178,-0.6516262888908386,1.0096267461776733
60,target,56,-0.28152215480804443,-0.65528404712677,1.0087321996688843
60,target,57,-0.2923453748226166,-0.6503917574882507,1.012056827545166
60,target,58,-0.2939234972000122,-0.6483688950538635,1.0093401670455933
60,target,59,-0.29067540168762207,-0.6530927419662476,1.0133581161499023
60,target,60,-0.2984306216239929,-0.6514580249786377,1.0147349834442139
60,target,61,-0.29487165808677673,-0.6508408784866333,1.0169272422790527
60,target,62,-0.2984992265701294,-0.6542593240737915,1.0152584314346313
60,target,63,-0.29203999042510986,-0.6577903032302856,1.01026451587677
61,source,0,-0.3228952884674072,-0.6532811522483826,1.0228819847106934
61,source,1,-0.3161093592643738,-0.6544886827468872,1.0186816453933716
61,source,2,-0.3190802335739136,-0.6561943888664246,1.0176550149917603
61,source,3,-0.3146187663078308,-0.6611499190330505,1.013051986694336
61,source,4,-0.3162628412246704,-0.6573378443717957,1.0159111022949219
61,source,5,-0.31811755895614624,-0.6575796008110046,1.0165379047393799
61,source,6,-0.31833189725875854,-0.6569721698760986,1.0180022716522217
61,source,7,-0.31638771295547485,-0.6593620181083679,1.0163480043411255
61,source,8,-0.3187345266342163,-0.6591764688491821,1.0150282382965088
61,source,9,-0.31910473108291626,-0.6558272838592529,1.0166890621185303
61,source,10,-0.3182225823402405,-0.6541681885719299,1.0211284160614014
61,source,11,-0.32201480865478516,-0.6604872941970825,1.0178462266921997
61,source,12,-0.32136309146881104,-0.6544154286384583,1.020567536354065
61,source,13,-0.31786978244781494,-0.6577196717262268,1.0137848854064941
61,source,14,-0.3111419081687927,-0.6545807123184204,1.016270399093628
61,source,15,-0.3141123056411743,-0.6513223052024841,1.0204980373382568
61,source,16,-0.31320905685424805,-0.6568673253059387,1.015828013420105
61,source,17,-0.31378424167633057,-0.654564619064331,1.0152664184570312
61,source,18,-0.3153562545776367,-0.655830442905426,1.0178524255752563
61,source,19,-0.3180711269378662,-0.6528967618942261,1.019239068031311
61,source,20,-0.3120232820510864,-0.6608232855796814,1.0122284889221191
61,source,21,-0.31345802545547485,-0.652793288230896,1.0137760639190674
61,source,22,-0.313416063785553,-0.6618108153343201,1.0141894817352295
61,source,23,-0.31319087743759155,-0.6546245217323303,1.0148308277130127
61,source,24,-0.3161706328392029,-0.6575360894203186,1.0162277221679688
61,source,25,-0.3167204260826111,-0.6551757454872131,1.0207582712173462
61,source,26,-0.3170270323753357,-0.6538967490196228,1.017271876335144
61,source,27,-0.31277209520339966,-0.6430400013923645,1.0178474187850952
61,source,28,-0.3148547410964966,-0.6429080963134766,1.0179537534713745
61,source,29,-0.3211495280265808,-0.6544604897499084,1.0217604637145996
61,source,30,-0.32261359691619873,-0.6604886651039124,1.0176962614059448
61,source,31,-0.32144981622695923,-0.656878650188446,1.0195345878601074
61,source,32,-0.31953513622283936,-0.6618347764015198,1.0174877643585205
61,source,33,-0.3180299997329712,-0.6594820022583008,1.017383098602295
61,source,34,-0.323108434677124,-0.6608431339263916,1.0207701921463013
61,source,35,-0.316641628742218,-0.6499853134155273,1.0183093547821045
61,source,36,-0.3134710192680359,-0.6482419371604919,1.0145925283432007
61,source,37,-0.3156002163887024,-0.6540845632553101,1.0195437669754028
61,source,38,-0.31642693281173706,-0.6543676257133484,1.018094778060913
61,source,39,-0.312275767326355,-0.6592631340026855,1.0158264636993408
61,source,40,-0.3147539496421814,-0.6481011509895325,1.0189751386642456
61,source,41,-0.3168522119522095,-0.6548007130622864,1.0134663581848145
61,source,42,-0.314297080039978,-0.6567078232765198,1.0132826566696167
61,source,43,-0.31702226400375366,-0.6501281261444092,1.0165603160858154
61,source,44,-0.3113447427749634,-0.6557409763336182,1.0116040706634521
61,source,45,-0.31516337394714355,-0.6598834991455078,1.0180269479751587
61,source,46,-0.3168400526046753,-0.6580190658569336,1.016623854637146
61,source,47,-0.3217889070510864,-0.6562371850013733,1.0192177295684814
61,source,48,-0.31495440006256104,-0.6641160845756531,1.0131019353866577
61,source,49,-0.31818294525146484,-0.6533469557762146,1.0207033157348633
61,source,50,-0.32101893424987793,-0.6484113931655884,1.0216618776321411
61,source,51,-0.3184899091720581,-0.6442820429801941,1.0120391845703125
61,source,52,-0.3186272978782654,-0.6450389623641968,1.012594223022461
61,source,53,-0.3158838152885437,-0.6531780362129211,1.0084670782089233
61,source,54,-0.3177027106285095,-0.6478325128555298,1.0115571022033691
61,source,55,-0.3199865221977234,-0.6526004076004028,1.0113821029663086
61,source,56,-0.3198699355125427,-0.6510883569717407,1.0110331773757935
61,source,57,-0.3188883066177368,-0.6498732566833496,1.008421778678894
61,source,58,-0.3187216520309448,-0.6513768434524536,1.013730764389038
61,source,59,-0.3207795023918152,-0.6493951678276062,1.0119197368621826
61,source,60,-0.3223002552986145,-0.6463197469711304,1.0145691633224487
61,source,61,-0.3225520849227905,-0.650407612323761,1.012037754058838
61,source,62,-0.32293206453323364,-0.6467814445495605,1.0158624649047852
61,source,63,-0.3197706937789917,-0.6446330547332764,1.010155439376831
61,target,0,-0.29613736271858215,-0.656095564365387,1.0103679895401
61,target,1,-0.3175579905509949,-0.6514776945114136,1.0155082941055298
61,target,2,-0.31799638271331787,-0.6499283909797668,1.0139970779418945
61,target,3,-0.3096461296081543,-0.6590788960456848,1.0109795331954956
61,target,4,-0.31729817390441895,-0.6416544914245605,1.011207103729248
61,target,5,-0.3203244209289551,-0.6215550303459167,1.0147156715393066
61,target,6,-0.32997268438339233,-0.6231720447540283,1.0179359912872314
61,target,7,-0.3206213116645813,-0.6273415684700012,1.014507532119751
61,target,8,-0.3232090473175049,-0.6381622552871704,1.0149532556533813
61,target,9,-0.30892330408096313,-0.6363641023635864,1.0114651918411255
61,target,10,-0.3113750219345093,-0.6285470128059387,1.0114095211029053
61,target,11,-0.31714779138565063,-0.6286872029304504,1.0131582021713257
61,target,12,-0.31711381673812866,-0.6349897384643555,1.0080431699752808
61,target,13,-0.3055577278137207,-0.6373955011367798,1.016392707824707
61,target,14,-0.3087007403373718,-0.6396823525428772,1.014128565788269
61,target,15,-0.3084876537322998,-0.6394062042236328,1.0080267190933228
61,target,16,-0.3161948323249817,-0.6417256593704224,1.0100750923156738
61,target,17,-0.3201325535774231,-0.6374464631080627,1.0119903087615967
61,target,18,-0.3267720341682434,-0.6390671730041504,1.017686367034912
61,target,19,-0.3177534341812134,-0.6404995918273926,1.0088708400726318
61,target,20,-0.3249070644378662,-0.6350023746490479,1.0180808305740356
61,target,21,-0.3222219944000244,-0.6283783912658691,1.0238335132598877
61,target,22,-0.3144846558570862,-0.6368677616119385,1.0089221000671387
61,target,23,-0.3095170259475708,-0.638770341873169,1.0081833600997925
61,target,24,-0.3195652961730957,-0.6353447437286377,1.0175471305847168
61,target,25,-0.3128699064254761,-0.6498407125473022,1.0138437747955322
61,target,26,-0.3172007203102112,-0.655083954334259,1.0164554119110107
61,target,27,-0.3145408034324646,-0.6451088786125183,1.0086445808410645
61,target,28,-0.3251826763153076,-0.6531680822372437,1.01699697971344
61,target,29,-0.31120145320892334,-0.6483269333839417,1.0165865421295166
61,target,30,-0.31581151485443115,-0.6489460468292236,1.0151606798171997
61,target,31,-0.3235354423522949,-0.6380283832550049,1.0098837614059448
61,target,32,-0.32287490367889404,-0.6429106593132019,1.0165678262710571
61,target,33,-0.32183200120925903,-0.6493414640426636,1.0154850482940674
61,target,34,-0.31647002696990967,-0.6466063261032104,1.0103225708007812
61,target,35,-0.32369357347488403,-0.6478937268257141,1.015022873878479
61,target,36,-0.31830883026123047,-0.6458348631858826,1.0098497867584229
61,target,37,-0.31739795207977295,-0.6452353000640869,1.0117489099502563
61,target,38,-0.3214094638824463,-0.6445953249931335,1.0148698091506958
61,target,39,-0.316949725151062,-0.6497763395309448,1.0115938186645508
61,target,40,-0.31416547298431396,-0.6480011343955994,1.0127278566360474
61,target,41,-0.3090783357620239,-0.6425732374191284,1.0112978219985962
61,target,42,-0.31386369466781616,-0.6512593030929565,1.0052521228790283
61,target,43,-0.3091256022453308,-0.661195695400238,1.0095505714416504
61,target,44,-0.31090956926345825,-0.660068929195404,1.0127458572387695
61,target,45,-0.3128528594970703,-0.6553932428359985,1.0088318586349487
61,target,46,-0.29923462867736816,-0.6885682344436646,1.0410003662109375
61,target,47,-0.2883926033973694,-0.6714717149734497,1.0140628814697266
61,target,48,-0.27910006046295166,-0.6688763499259949,1.015426516532898
61,target,49,-0.29772138595581055,-0.6817757487297058,1.0397875308990479
61,target,50,-0.31240302324295044,-0.6504330635070801,1.0375490188598633
61,target,51,-0.3082019090652466,-0.6551230549812317,1.017454743385315
61,target,52,-0.3045545220375061,-0.6565746665000916,1.0139235258102417
61,target,53,-0.30816078186035156,-0.6571395397186279,1.011370062828064
61,target,54,-0.3060778081417084,-0.6463416814804077,1.0154176950454712
61,target,55,-0.2909610867500305,-0.653253436088562,1.0094499588012695
61,target,56,-0.2876468300819397,-0.6594526171684265,1.0090923309326172
61,target,57,-0.2986983060836792,-0.6593970656394958,1.0107311010360718
61,target,58,-0.29914307594299316,-0.6533088088035583,1.0091766119003296
61,target,59,-0.29908597469329834,-0.6616867184638977,1.0152640342712402
61,target,60,-0.30457186698913574,-0.6620582342147827,1.0148762464523315
61,target,61,-0.30411267280578613,-0.6594134569168091,1.019116759300232
61,target,62,-0.3079938292503357,-0.6636970043182373,1.0163198709487915
61,target,63,-0.2989468276500702,-0.6656796932220459,1.0102784633636475
62,source,0,-0.3167879581451416,-0.6399112939834595,1.0227503776550293
62,source,1,-0.31286925077438354,-0.641690731048584,1.0214143991470337
62,source,2,-0.31492847204208374,-0.6393921971321106,1.0172630548477173
62,source,3,-0.3116489052772522,-0.6468451023101807,1.014003872871399
62,source,4,-0.31154847145080566,-0.6429847478866577,1.0186505317687988
62,source,5,-0.3134976625442505,-0.6458417177200317,1.0166277885437012
62,source,6,-0.3127351999282837,-0.6470935940742493,1.0192019939422607
62,source,7,-0.30994725227355957,-0.6489152908325195,1.0162769556045532
62,source,8,-0.3137766718864441,-0.6469368934631348,1.0157097578048706
62,source,9,-0.31242358684539795,-0.6436622142791748,1.016972541809082
62,source,10,-0.3120654821395874,-0.639714777469635,1.022216796875
62,source,11,-0.31662577390670776,-0.6468811631202698,1.0175200700759888
62,source,12,-0.3149683475494385,-0.6418393850326538,1.0202745199203491
62,source,13,-0.315116286277771,-0.6420260071754456,1.0162326097488403
62,source,14,-0.306304931640625,-0.6411328911781311,1.0183656215667725
62,source,15,-0.3083929419517517,-0.6375074982643127,1.0236246585845947
62,source,16,-0.3073856234550476,-0.6433791518211365,1.0179837942123413
62,source,17,-0.30850714445114136,-0.6390193104743958,1.0185301303863525
62,source,18,-0.3086392879486084,-0.642074704170227,1.019551157951355
62,source,19,-0.3143933415412903,-0.6423423886299133,1.0220202207565308
62,source,20,-0.3083808422088623,-0.6442680358886719,1.014994740486145
62,source,21,-0.3072053790092468,-0.6360208988189697,1.0188976526260376
62,source,22,-0.30706238746643066,-0.6441109776496887,1.016533613204956
62,source,23,-0.3075367212295532,-0.6391122341156006,1.0178505182266235
62,source,24,-0.31128060817718506,-0.6418423652648926,1.018422245979309
62,source,25,-0.3125174045562744,-0.6379111409187317,1.0228748321533203
62,source,26,-0.31102144718170166,-0.6381045579910278,1.0194096565246582
62,source,27,-0.3104327917098999,-0.6306357383728027,1.0222477912902832
62,source,28,-0.3094945549964905,-0.6260286569595337,1.019950032234192
62,source,29,-0.31706714630126953,-0.6409457921981812,1.0216915607452393
62,source,30,-0.31548458337783813,-0.6473933458328247,1.0169987678527832
62,source,31,-0.31610792875289917,-0.6396276950836182,1.0181825160980225
62,source,32,-0.31422412395477295,-0.6453884840011597,1.0185089111328125
62,source,33,-0.3131060004234314,-0.6466584801673889,1.0167523622512817
62,source,34,-0.3180314302444458,-0.64729243516922,1.019097089767456
62,source,35,-0.3105822205543518,-0.638523280620575,1.018958568572998
62,source,36,-0.31085115671157837,-0.6326356530189514,1.019451379776001
62,source,37,-0.312256395816803,-0.6389685869216919,1.0235421657562256
62,source,38,-0.31075334548950195,-0.6421372890472412,1.0214788913726807
62,source,39,-0.3067156672477722,-0.642993152141571,1.017231822013855
62,source,40,-0.3102875351905823,-0.6363292932510376,1.0221543312072754
62,source,41,-0.3094886541366577,-0.6421569585800171,1.0129870176315308
62,source,42,-0.30783677101135254,-0.644317626953125,1.0134575366973877
62,source,43,-0.3127749562263489,-0.6403777003288269,1.0187181234359741
62,source,44,-0.307478666305542,-0.6391656398773193,1.0173386335372925
62,source,45,-0.3125891089439392,-0.6448466777801514,1.0201177597045898
62,source,46,-0.3150932788848877,-0.6449192762374878,1.0206419229507446
62,source,47,-0.3174782991409302,-0.6427977085113525,1.0209367275238037
62,source,48,-0.31136953830718994,-0.6484028697013855,1.0129963159561157
62,source,49,-0.31467634439468384,-0.6402311325073242,1.0231261253356934
62,source,50,-0.31559181213378906,-0.6362226605415344,1.0237479209899902
62,source,51,-0.3117016553878784,-0.6347904801368713,1.0160831212997437
62,source,52,-0.3161945343017578,-0.6310722231864929,1.0176527500152588
62,source,53,-0.3142251968383789,-0.6412449479103088,1.012980580329895
62,source,54,-0.31492143869400024,-0.630914032459259,1.0175063610076904
62,source,55,-0.31643491983413696,-0.6389743089675903,1.0163111686706543
62,source,56,-0.31540894508361816,-0.6376988291740417,1.0130070447921753
62,source,57,-0.3150804042816162,-0.6381163597106934,1.0126436948776245
62,source,58,-0.31732332706451416,-0.6358970403671265,1.0168735980987549
62,source,59,-0.31803667545318604,-0.63783860206604,1.0159770250320435
62,source,60,-0.31949323415756226,-0.6320726275444031,1.020226240158081
62,source,61,-0.3195141553878784,-0.6402210593223572,1.0174793004989624
62,source,62,-0.320595383644104,-0.6319529414176941,1.0209853649139404
62,source,63,-0.3174482583999634,-0.6341717839241028,1.0174778699874878
62,target,0,-0.2906814217567444,-0.6491963267326355,1.0164145231246948
62,target,1,-0.31588125228881836,-0.6399279236793518,1.0215309858322144
62,target,2,-0.3161497712135315,-0.6419230103492737,1.016844630241394
62,target,3,-0.302450954914093,-0.6512143611907959,1.0113390684127808
62,target,4,-0.3168378472328186,-0.6285567283630371,1.01796293258667
62,target,5,-0.32090526819229126,-0.6011804342269897,1.0200273990631104
62,target,6,-0.32812273502349854,-0.6064583659172058,1.0218584537506104
62,target,7,-0.3160351514816284,-0.6085917353630066,1.0191271305084229
62,target,8,-0.31688618659973145,-0.613949179649353,1.0167899131774902
62,target,9,-0.30530256032943726,-0.6267363429069519,1.0176379680633545
62,target,10,-0.3059491515159607,-0.6157466769218445,1.0181854963302612
62,target,11,-0.3112190365791321,-0.6097034215927124,1.0205281972885132
62,target,12,-0.312641441822052,-0.625558614730835,1.0142014026641846
62,target,13,-0.3031659722328186,-0.6316238641738892,1.0230494737625122
62,target,14,-0.3049577474594116,-0.6296599507331848,1.0174498558044434
62,target,15,-0.3077126145362854,-0.6323513984680176,1.0150984525680542
62,target,16,-0.31350940465927124,-0.6338831186294556,1.0160057544708252
62,target,17,-0.3164423108100891,-0.6216582655906677,1.017349123954773
62,target,18,-0.3256962299346924,-0.6271215677261353,1.0215554237365723
62,target,19,-0.31751930713653564,-0.6328567862510681,1.0155903100967407
62,target,20,-0.32252490520477295,-0.6233494877815247,1.0223474502563477
62,target,21,-0.3191206455230713,-0.6144137978553772,1.0254372358322144
62,target,22,-0.31250447034835815,-0.6213557720184326,1.01859450340271
62,target,23,-0.30580437183380127,-0.6244902014732361,1.0133936405181885
62,target,24,-0.3148168921470642,-0.6232011914253235,1.0211827754974365
62,target,25,-0.31143510341644287,-0.6383411288261414,1.0193705558776855
62,target,26,-0.31217628717422485,-0.6404802203178406,1.0192304849624634
62,target,27,-0.3139837980270386,-0.6421497464179993,1.0193326473236084
62,target,28,-0.3245803117752075,-0.6456774473190308,1.0216450691223145
62,target,29,-0.3049316108226776,-0.6331982612609863,1.0179121494293213
62,target,30,-0.3089706301689148,-0.6379354000091553,1.0160198211669922
62,target,31,-0.32136547565460205,-0.6251572966575623,1.0139985084533691
62,target,32,-0.31841957569122314,-0.6310213208198547,1.0177137851715088
62,target,33,-0.3154231309890747,-0.6380801796913147,1.0151774883270264
62,target,34,-0.3116312623023987,-0.6358461380004883,1.0135411024093628
62,target,35,-0.3184860348701477,-0.6386518478393555,1.017650842666626
62,target,36,-0.31727784872055054,-0.6305806636810303,1.0129731893539429
62,target,37,-0.31663578748703003,-0.639875590801239,1.0168406963348389
62,target,38,-0.31364715099334717,-0.6326057314872742,1.0165019035339355
62,target,39,-0.3167421221733093,-0.6370486617088318,1.0142642259597778
62,target,40,-0.3120030164718628,-0.6328834891319275,1.017788290977478
62,target,41,-0.3068462014198303,-0.6257887482643127,1.0179754495620728
62,target,42,-0.30787158012390137,-0.6328861713409424,1.0061450004577637
62,target,43,-0.3040618300437927,-0.6438807249069214,1.0118428468704224
62,target,44,-0.3063012361526489,-0.6456679701805115,1.0136667490005493
62,target,45,-0.3083082437515259,-0.6368135809898376,1.0093810558319092
62,target,46,-0.29422682523727417,-0.6713080406188965,1.042078971862793
62,target,47,-0.2825506329536438,-0.6613664627075195,1.0151994228363037
62,target,48,-0.2751726508140564,-0.6600983738899231,1.0167536735534668
62,target,49,-0.29352444410324097,-0.6708596348762512,1.0466171503067017
62,target,50,-0.3100680112838745,-0.6425251364707947,1.0422985553741455
62,target,51,-0.3036666512489319,-0.6445470452308655,1.0178678035736084
62,target,52,-0.2988399267196655,-0.6436287760734558,1.0147379636764526
62,target,53,-0.3061617612838745,-0.6460673213005066,1.0146121978759766
62,target,54,-0.30427980422973633,-0.6374927163124084,1.020434856414795
62,target,55,-0.2892652750015259,-0.6438696980476379,1.0146178007125854
62,target,56,-0.28351134061813354,-0.6498111486434937,1.0107004642486572
62,target,57,-0.2947867214679718,-0.648263692855835,1.0131018161773682
62,target,58,-0.2966504991054535,-0.6415300369262695,1.0113725662231445
62,target,59,-0.29208993911743164,-0.6489076614379883,1.0145567655563354
62,target,60,-0.2995685636997223,-0.6486006379127502,1.0153378248214722
62,target,61,-0.2965953052043915,-0.6514357924461365,1.0191543102264404
62,target,62,-0.30094438791275024,-0.6535717844963074,1.015345573425293
62,target,63,-0.29325419664382935,-0.6530137658119202,1.0115095376968384
63,source,0,-0.3118377923965454,-0.6424576044082642,1.0192065238952637
63,source,1,-0.3043215870857239,-0.6452242732048035,1.0153357982635498
63,source,2,-0.3079129457473755,-0.6470097303390503,1.0144314765930176
63,source,3,-0.3063727021217346,-0.6494834423065186,1.0086109638214111
63,source,4,-0.302477091550827,-0.6458374857902527,1.0105935335159302
63,source,5,-0.3084718585014343,-0.6509862542152405,1.0123845338821411
63,source,6,-0.3070485591888428,-0.6481814384460449,1.0136758089065552
63,source,7,-0.3039393126964569,-0.6498772501945496,1.0114305019378662
63,source,8,-0.30513685941696167,-0.6497094035148621,1.0112638473510742
63,source,9,-0.3057638108730316,-0.6474116444587708,1.0108797550201416
63,source,10,-0.303552508354187,-0.6414660811424255,1.0148451328277588
63,source,11,-0.31303101778030396,-0.6497550010681152,1.0139131546020508
63,source,12,-0.3071638345718384,-0.6440008282661438,1.0167512893676758
63,source,13,-0.30485057830810547,-0.6470199227333069,1.00927734375
63,source,14,-0.2989797592163086,-0.6432310342788696,1.0140162706375122
63,source,15,-0.3037734627723694,-0.6384902596473694,1.0191665887832642
63,source,16,-0.3025555908679962,-0.6434967517852783,1.0121926069259644
63,source,17,-0.3026527166366577,-0.6415523886680603,1.0151174068450928
63,source,18,-0.3016021251678467,-0.6463325023651123,1.013836145401001
63,source,19,-0.3050653636455536,-0.6435258388519287,1.0157703161239624
63,source,20,-0.3013419210910797,-0.6468250155448914,1.008122444152832
63,source,21,-0.29486262798309326,-0.6373810768127441,1.0114505290985107
63,source,22,-0.2986408770084381,-0.6414574384689331,1.0116078853607178
63,source,23,-0.2998948097229004,-0.6413750648498535,1.0119911432266235
63,source,24,-0.30423134565353394,-0.6437016725540161,1.0136948823928833
63,source,25,-0.3036361038684845,-0.6423559188842773,1.0172417163848877
63,source,26,-0.3058270215988159,-0.6430630683898926,1.0156644582748413
63,source,27,-0.2995356023311615,-0.6360456347465515,1.0172648429870605
63,source,28,-0.29853054881095886,-0.6314570307731628,1.0153943300247192
63,source,29,-0.3094949722290039,-0.6445896625518799,1.016922116279602
63,source,30,-0.3110659122467041,-0.6486340761184692,1.011767864227295
63,source,31,-0.3106909394264221,-0.6439582705497742,1.0135056972503662
63,source,32,-0.30705535411834717,-0.6488243341445923,1.0122569799423218
63,source,33,-0.30862975120544434,-0.6504834294319153,1.0138959884643555
63,source,34,-0.3132866621017456,-0.649836003780365,1.0138776302337646
63,source,35,-0.30530059337615967,-0.6382577419281006,1.0165307521820068
63,source,36,-0.3016045093536377,-0.6380768418312073,1.0122096538543701
63,source,37,-0.30654942989349365,-0.6382758021354675,1.0193572044372559
63,source,38,-0.30289727449417114,-0.6418184638023376,1.0155259370803833
63,source,39,-0.30134961009025574,-0.6405090093612671,1.0131067037582397
63,source,40,-0.299030601978302,-0.644574761390686,1.013753056526184
63,source,41,-0.30145248770713806,-0.6476110816001892,1.0076334476470947
63,source,42,-0.29871928691864014,-0.6487556099891663,1.006352186203003
63,source,43,-0.30129608511924744,-0.6456952095031738,1.0112175941467285
63,source,44,-0.30043333768844604,-0.6411197185516357,1.0110222101211548
63,source,45,-0.30490925908088684,-0.6459800004959106,1.0160390138626099
63,source,46,-0.3049996495246887,-0.6484906673431396,1.013986587524414
63,source,47,-0.31200122833251953,-0.6450053453445435,1.0164973735809326
63,source,48,-0.3063693046569824,-0.6511398553848267,1.0078403949737549
63,source,49,-0.30352556705474854,-0.644504189491272,1.0148369073867798
63,source,50,-0.30877989530563354,-0.6423031687736511,1.0175950527191162
63,source,51,-0.30676645040512085,-0.641351044178009,1.0104038715362549
63,source,52,-0.31126922369003296,-0.6419362425804138,1.0101850032806396
63,source,53,-0.31136947870254517,-0.6493698358535767,1.0066430568695068
63,source,54,-0.30787599086761475,-0.6396887302398682,1.0095696449279785
63,source,55,-0.31388914585113525,-0.6486542820930481,1.011771559715271
63,source,56,-0.3105754852294922,-0.6479215025901794,1.0068509578704834
63,source,57,-0.30840247869491577,-0.6463674902915955,1.0056232213974
63,source,58,-0.3105725646018982,-0.6447594165802002,1.0114367008209229
63,source,59,-0.31415992975234985,-0.6453303098678589,1.0109994411468506
63,source,60,-0.31414830684661865,-0.6385225653648376,1.0136135816574097
63,source,61,-0.3167988061904907,-0.6476535797119141,1.0111799240112305
63,source,62,-0.3162115216255188,-0.6380188465118408,1.0156276226043701
63,source,63,-0.3109737038612366,-0.6429261565208435,1.0103663206100464
63,target,0,-0.2809221148490906,-0.6449652910232544,1.0057504177093506
63,target,1,-0.31009113788604736,-0.6439366936683655,1.0163449048995972
63,target,2,-0.3080448508262634,-0.6435785293579102,1.0107855796813965
63,target,3,-0.29679059982299805,-0.6501560807228088,1.006064534187317
63,target,4,-0.3090795874595642,-0.6286665201187134,1.011484146118164
63,target,5,-0.31147193908691406,-0.6094923615455627,1.0120052099227905
63,target,6,-0.32823020219802856,-0.6113793253898621,1.0177712440490723
63,target,7,-0.30993568897247314,-0.6065170764923096,1.0114508867263794
63,target,8,-0.3132888674736023,-0.6161447167396545,1.0101779699325562
63,target,9,-0.2933129072189331,-0.6231527328491211,1.0068471431732178
63,target,10,-0.2929607033729553,-0.6149266958236694,1.0075815916061401
63,target,11,-0.3063685894012451,-0.6147351861000061,1.0118231773376465
63,target,12,-0.3076232075691223,-0.624234139919281,1.0073758363723755
63,target,13,-0.2899569869041443,-0.6304255723953247,1.0179141759872437
63,target,14,-0.29651767015457153,-0.6302001476287842,1.0138040781021118
63,target,15,-0.3017478883266449,-0.6272068023681641,1.013228178024292
63,target,16,-0.30461937189102173,-0.6283566355705261,1.0134589672088623
63,target,17,-0.31235331296920776,-0.6283782720565796,1.0123999118804932
63,target,18,-0.3219139575958252,-0.6294485330581665,1.017183780670166
63,target,19,-0.31164562702178955,-0.6359893083572388,1.0154510736465454
63,target,20,-0.31691527366638184,-0.6273671388626099,1.0192933082580566
63,target,21,-0.31857311725616455,-0.6168599128723145,1.0209190845489502
63,target,22,-0.3020371198654175,-0.6229696273803711,1.0119613409042358
63,target,23,-0.29788458347320557,-0.6246179342269897,1.0085705518722534
63,target,24,-0.3113359212875366,-0.6261511445045471,1.0169318914413452
63,target,25,-0.3032599687576294,-0.6402192711830139,1.0135000944137573
63,target,26,-0.30549225211143494,-0.6388044953346252,1.0165374279022217
63,target,27,-0.3062668442726135,-0.636603832244873,1.016697645187378
63,target,28,-0.3203250765800476,-0.6443637013435364,1.024917721748352
63,target,29,-0.2994467318058014,-0.6357839703559875,1.0110217332839966
63,target,30,-0.30625683069229126,-0.6384795308113098,1.012859582901001
63,target,31,-0.31401383876800537,-0.6320523619651794,1.0058327913284302
63,target,32,-0.31083643436431885,-0.6347254514694214,1.0110490322113037
63,target,33,-0.3089890480041504,-0.641050398349762,1.0064697265625
63,target,34,-0.30678635835647583,-0.6355546116828918,1.0058014392852783
63,target,35,-0.3129448890686035,-0.6422478556632996,1.0108935832977295
63,target,36,-0.31035321950912476,-0.6347278356552124,1.0070983171463013
63,target,37,-0.3100687861442566,-0.6408622860908508,1.0125970840454102
63,target,38,-0.3104814887046814,-0.6318113207817078,1.0106291770935059
63,target,39,-0.3106508255004883,-0.637148380279541,1.0075875520706177
63,target,40,-0.30454421043395996,-0.6335841417312622,1.0091910362243652
63,target,41,-0.2989826798439026,-0.6320716142654419,1.0084576606750488
63,target,42,-0.30495136976242065,-0.6388959884643555,1.0031226873397827
63,target,43,-0.301441490650177,-0.6432549953460693,1.0073338747024536
63,target,44,-0.3024354577064514,-0.6481923460960388,1.0070874691009521
63,target,45,-0.307513952255249,-0.6373531818389893,1.0076099634170532
63,target,46,-0.28490322828292847,-0.6732478737831116,1.0343376398086548
63,target,47,-0.27637726068496704,-0.658036470413208,1.0052968263626099
63,target,48,-0.2635345458984375,-0.6543630957603455,1.0057721138000488
63,target,49,-0.2835979461669922,-0.6704825162887573,1.0384576320648193
63,target,50,-0.303119421005249,-0.6431562304496765,1.0394331216812134
63,target,51,-0.3018715977668762,-0.6466516852378845,1.0141040086746216
63,target,52,-0.29442697763442993,-0.6453572511672974,1.0117863416671753
63,target,53,-0.30205297470092773,-0.6496821641921997,1.0113776922225952
63,target,54,-0.2932964563369751,-0.6349214315414429,1.014527440071106
63,target,55,-0.2811150550842285,-0.6447147130966187,1.007952094078064
63,target,56,-0.27516770362854004,-0.6504002809524536,1.000773310661316
63,target,57,-0.2863619327545166,-0.6502659320831299,1.004852056503296
63,target,58,-0.28934210538864136,-0.6456097364425659,1.0038586854934692
63,target,59,-0.287140429019928,-0.6502766609191895,1.0085954666137695
63,target,60,-0.2964761257171631,-0.6511678099632263,1.0098611116409302
63,target,61,-0.29217246174812317,-0.6496166586875916,1.014183759689331
63,target,62,-0.2982776165008545,-0.656152606010437,1.0104948282241821
63,target,63,-0.2875378727912903,-0.6553738713264465,1.0038880109786987
64,source,0,-0.3066510558128357,-0.6481806635856628,1.0108070373535156
64,source,1,-0.29999804496765137,-0.6511611342430115,1.0094516277313232
64,source,2,-0.30498355627059937,-0.6502700448036194,1.007554292678833
64,source,3,-0.3031320571899414,-0.6556003093719482,1.0070197582244873
64,source,4,-0.30445629358291626,-0.6494193077087402,1.006730079650879
64,source,5,-0.305902898311615,-0.6530305743217468,1.0060356855392456
64,source,6,-0.30436575412750244,-0.6524315476417542,1.007802128791809
64,source,7,-0.3002980351448059,-0.6546677947044373,1.0056278705596924
64,source,8,-0.30470192432403564,-0.6546234488487244,1.005748987197876
64,source,9,-0.30361273884773254,-0.6515346765518188,1.0059856176376343
64,source,10,-0.3021725118160248,-0.6483197212219238,1.0114924907684326
64,source,11,-0.306623637676239,-0.656328558921814,1.0087946653366089
64,source,12,-0.30028653144836426,-0.6513857841491699,1.0084755420684814
64,source,13,-0.3027893006801605,-0.6560101509094238,1.0061763525009155
64,source,14,-0.29711785912513733,-0.652407705783844,1.007508397102356
64,source,15,-0.3023400604724884,-0.6471648216247559,1.015512466430664
64,source,16,-0.29855799674987793,-0.6530643701553345,1.0069712400436401
64,source,17,-0.29959234595298767,-0.649660587310791,1.0104012489318848
64,source,18,-0.29908958077430725,-0.6510095596313477,1.008628487586975
64,source,19,-0.3018046021461487,-0.6514015197753906,1.0097633600234985
64,source,20,-0.29824507236480713,-0.656974196434021,1.0048781633377075
64,source,21,-0.299191415309906,-0.6487739086151123,1.0084283351898193
64,source,22,-0.2988017797470093,-0.6529263257980347,1.0089954137802124
64,source,23,-0.30020228028297424,-0.6507956385612488,1.008541464805603
64,source,24,-0.303951621055603,-0.6513922810554504,1.008649230003357
64,source,25,-0.30429720878601074,-0.6492326259613037,1.0128250122070312
64,source,26,-0.30416083335876465,-0.6489001512527466,1.0101734399795532
64,source,27,-0.2948082685470581,-0.641432523727417,1.0110563039779663
64,source,28,-0.29898953437805176,-0.6372154951095581,1.0084937810897827
64,source,29,-0.3021831810474396,-0.6535643935203552,1.007847547531128
64,source,30,-0.3084833025932312,-0.6526742577552795,1.006516695022583
64,source,31,-0.3066082000732422,-0.6497965455055237,1.0079962015151978
64,source,32,-0.30632710456848145,-0.6530596017837524,1.0076267719268799
64,source,33,-0.30623358488082886,-0.6562568545341492,1.007012128829956
64,source,34,-0.31356626749038696,-0.65315842628479,1.009257435798645
64,source,35,-0.30342525243759155,-0.6440370082855225,1.0096020698547363
64,source,36,-0.297157347202301,-0.6429504752159119,1.006913423538208
64,source,37,-0.30577313899993896,-0.6452890038490295,1.0159204006195068
64,source,38,-0.3041025400161743,-0.6489956974983215,1.0115560293197632
64,source,39,-0.30156877636909485,-0.6507828831672668,1.0084346532821655
64,source,40,-0.29563409090042114,-0.6486659049987793,1.0091832876205444
64,source,41,-0.2985893487930298,-0.6525452136993408,1.0035264492034912
64,source,42,-0.29601728916168213,-0.652684211730957,1.0024480819702148
64,source,43,-0.2971903383731842,-0.6520636081695557,1.005152940750122
64,source,44,-0.2997952699661255,-0.650628924369812,1.0093846321105957
64,source,45,-0.29925113916397095,-0.6551589369773865,1.010839581489563
64,source,46,-0.30098551511764526,-0.6546403169631958,1.0088282823562622
64,source,47,-0.30754733085632324,-0.6481718420982361,1.0113542079925537
64,source,48,-0.3023911118507385,-0.6558034420013428,1.0054008960723877
64,source,49,-0.30353063344955444,-0.6518157124519348,1.0123093128204346
64,source,50,-0.306671679019928,-0.6452943086624146,1.0133377313613892
64,source,51,-0.3042619824409485,-0.6440053582191467,1.0077941417694092
64,source,52,-0.3072746992111206,-0.6391319632530212,1.0063493251800537
64,source,53,-0.30774885416030884,-0.6490938663482666,1.0063120126724243
64,source,54,-0.30757200717926025,-0.6407532691955566,1.009459376335144
64,source,55,-0.3102601170539856,-0.6475789546966553,1.0082755088806152
64,source,56,-0.30984777212142944,-0.6453480124473572,1.004919409751892
64,source,57,-0.30694472789764404,-0.6453348398208618,1.0046287775039673
64,source,58,-0.3082835078239441,-0.6449708938598633,1.008642554283142
64,source,59,-0.31115174293518066,-0.6439876556396484,1.0063908100128174
64,source,60,-0.310233473777771,-0.6401375532150269,1.0114079713821411
64,source,61,-0.31318193674087524,-0.6488065123558044,1.0102546215057373
64,source,62,-0.3096219301223755,-0.6400331258773804,1.0097380876541138
64,source,63,-0.3091743588447571,-0.6438726186752319,1.0085660219192505
64,target,0,-0.27812451124191284,-0.655724048614502,1.0087851285934448
64,target,1,-0.3009272813796997,-0.6494481563568115,1.014000415802002
64,target,2,-0.30131205916404724,-0.6517975330352783,1.0088295936584473
64,target,3,-0.28790906071662903,-0.659932553768158,1.0041502714157104
64,target,4,-0.30116021633148193,-0.6365292072296143,1.0085132122039795
64,target,5,-0.3066447973251343,-0.6133978962898254,1.003675103187561
64,target,6,-0.3151487708091736,-0.6188263297080994,1.0060327053070068
64,target,7,-0.3080637454986572,-0.6157916784286499,1.0044516324996948
64,target,8,-0.3101274371147156,-0.626574695110321,1.002997875213623
64,target,9,-0.29308924078941345,-0.6325744986534119,1.0084532499313354
64,target,10,-0.2924087643623352,-0.6227288842201233,1.0070385932922363
64,target,11,-0.3023614287376404,-0.6209898591041565,1.007720708847046
64,target,12,-0.3029148578643799,-0.6309618949890137,1.0063456296920776
64,target,13,-0.290929913520813,-0.6391713619232178,1.0154564380645752
64,target,14,-0.29281216859817505,-0.6383492350578308,1.0072836875915527
64,target,15,-0.29799869656562805,-0.6414555311203003,1.0071523189544678
64,target,16,-0.2999773621559143,-0.6441997289657593,1.0082594156265259
64,target,17,-0.3069953918457031,-0.6325563788414001,1.0052239894866943
64,target,18,-0.31770390272140503,-0.6329728364944458,1.0097227096557617
64,target,19,-0.305173397064209,-0.6387230157852173,1.0048719644546509
64,target,20,-0.313973605632782,-0.6286706924438477,1.009887933731079
64,target,21,-0.31019842624664307,-0.6244996786117554,1.0106053352355957
64,target,22,-0.3019753098487854,-0.6270546317100525,1.00534987449646
64,target,23,-0.29455456137657166,-0.6334730982780457,1.0049004554748535
64,target,24,-0.30634981393814087,-0.6308773159980774,1.0089972019195557
64,target,25,-0.2991276681423187,-0.6470744609832764,1.0105252265930176
64,target,26,-0.300199955701828,-0.6505014300346375,1.013601303100586
64,target,27,-0.2953752279281616,-0.6487231850624084,1.0103191137313843
64,target,28,-0.3094162940979004,-0.6545249819755554,1.0134637355804443
64,target,29,-0.2957824170589447,-0.6390825510025024,1.009711503982544
64,target,30,-0.2972106635570526,-0.645348846912384,1.0078606605529785
64,target,31,-0.3104630708694458,-0.6385651230812073,1.0060564279556274
64,target,32,-0.3066980838775635,-0.6426761150360107,1.0082998275756836
64,target,33,-0.30194520950317383,-0.6502023935317993,1.0099601745605469
64,target,34,-0.2981426417827606,-0.6437279582023621,1.0074883699417114
64,target,35,-0.3052443861961365,-0.6485500931739807,1.010092854499817
64,target,36,-0.30510634183883667,-0.6393615007400513,1.0043468475341797
64,target,37,-0.3024638295173645,-0.6507735252380371,1.0077744722366333
64,target,38,-0.30384761095046997,-0.6390644311904907,1.011744499206543
64,target,39,-0.304324209690094,-0.6458879113197327,1.0072280168533325
64,target,40,-0.3000457286834717,-0.6395903825759888,1.006604790687561
64,target,41,-0.29394713044166565,-0.6361649036407471,1.0042060613632202
64,target,42,-0.2972339391708374,-0.6488421559333801,0.9949877858161926
64,target,43,-0.2962178885936737,-0.6545957326889038,0.9986704587936401
64,target,44,-0.2961011528968811,-0.6569350361824036,1.0009139776229858
64,target,45,-0.30238279700279236,-0.6510784029960632,0.9997774362564087
64,target,46,-0.28050142526626587,-0.6768391132354736,1.0361907482147217
64,target,47,-0.2682381868362427,-0.6667486429214478,1.0057740211486816
64,target,48,-0.2617707848548889,-0.6621519327163696,1.0100899934768677
64,target,49,-0.2810198962688446,-0.676246702671051,1.040013074874878
64,target,50,-0.2953898310661316,-0.6465381979942322,1.0313365459442139
64,target,51,-0.2920742630958557,-0.6531988978385925,1.0114027261734009
64,target,52,-0.2853237986564636,-0.6531996726989746,1.0087337493896484
64,target,53,-0.29241764545440674,-0.6524690389633179,1.006292700767517
64,target,54,-0.2888984978199005,-0.6433449387550354,1.0118613243103027
64,target,55,-0.27769678831100464,-0.6484679579734802,1.0047588348388672
64,target,56,-0.2691059112548828,-0.6555176377296448,0.9989650249481201
64,target,57,-0.28170067071914673,-0.6567897200584412,1.0036377906799316
64,target,58,-0.2827492654323578,-0.651237964630127,0.9999943971633911
64,target,59,-0.27810561656951904,-0.6589675545692444,1.005326747894287
64,target,60,-0.28720468282699585,-0.6564767360687256,1.0069499015808105
64,target,61,-0.2838124632835388,-0.656867265701294,1.0120443105697632
64,target,62,-0.28812700510025024,-0.6623805165290833,1.0074273347854614
64,target,63,-0.27904075384140015,-0.6634151339530945,0.9992660284042358
65,source,0,-0.31644105911254883,-0.6417276859283447,1.0217223167419434
65,source,1,-0.31027311086654663,-0.6408422589302063,1.0200177431106567
65,source,2,-0.31217390298843384,-0.6456350684165955,1.0194530487060547
65,source,3,-0.3093287944793701,-0.6516844034194946,1.0161546468734741
65,source,4,-0.31325334310531616,-0.6451391577720642,1.0190356969833374
65,source,5,-0.31328630447387695,-0.6482707262039185,1.0166993141174316
65,source,6,-0.31169044971466064,-0.644165575504303,1.0166842937469482
65,source,7,-0.307572603225708,-0.6452601552009583,1.0144225358963013
65,source,8,-0.31154829263687134,-0.6464871764183044,1.0156400203704834
65,source,9,-0.3103071451187134,-0.6445159316062927,1.0155744552612305
65,source,10,-0.3102191686630249,-0.6424350738525391,1.022279143333435
65,source,11,-0.3147432804107666,-0.6504849791526794,1.0196921825408936
65,source,12,-0.31158214807510376,-0.6449193358421326,1.0203927755355835
65,source,13,-0.31287556886672974,-0.649767279624939,1.0158213376998901
65,source,14,-0.3093287944793701,-0.6429638862609863,1.0207074880599976
65,source,15,-0.31088757514953613,-0.6362115740776062,1.0255496501922607
65,source,16,-0.3082614541053772,-0.6445334553718567,1.0172940492630005
65,source,17,-0.3097463846206665,-0.643897533416748,1.0205563306808472
65,source,18,-0.31107097864151,-0.6458529829978943,1.0204644203186035
65,source,19,-0.3114655017852783,-0.6434199213981628,1.0210425853729248
65,source,20,-0.3068424463272095,-0.6508117318153381,1.015897274017334
65,source,21,-0.30528557300567627,-0.6427177786827087,1.0182405710220337
65,source,22,-0.3059919476509094,-0.646678626537323,1.0178736448287964
65,source,23,-0.30876511335372925,-0.6443054676055908,1.0190012454986572
65,source,24,-0.31139886379241943,-0.645206868648529,1.019356608390808
65,source,25,-0.31285732984542847,-0.640414834022522,1.0245912075042725
65,source,26,-0.31339186429977417,-0.6434680223464966,1.0210570096969604
65,source,27,-0.3078896403312683,-0.6344053149223328,1.0208395719528198
65,source,28,-0.3073543906211853,-0.6361707448959351,1.0199412107467651
65,source,29,-0.31427693367004395,-0.6443086862564087,1.0211632251739502
65,source,30,-0.316275417804718,-0.6482183337211609,1.0175416469573975
65,source,31,-0.3133394718170166,-0.6444112062454224,1.0185223817825317
65,source,32,-0.3133186101913452,-0.648797333240509,1.0184391736984253
65,source,33,-0.31316429376602173,-0.6471095085144043,1.017654299736023
65,source,34,-0.317965030670166,-0.6480454206466675,1.0206142663955688
65,source,35,-0.3119797110557556,-0.6384494304656982,1.0190925598144531
65,source,36,-0.3081231117248535,-0.6378381848335266,1.0169577598571777
65,source,37,-0.3137902021408081,-0.6396852135658264,1.0264978408813477
65,source,38,-0.31288474798202515,-0.6414781808853149,1.0212762355804443
65,source,39,-0.30899137258529663,-0.6449488997459412,1.018699288368225
65,source,40,-0.3054862916469574,-0.6374312043190002,1.0193902254104614
65,source,41,-0.30769455432891846,-0.6441879272460938,1.0148266553878784
65,source,42,-0.3054499626159668,-0.6444692611694336,1.0138229131698608
65,source,43,-0.30879807472229004,-0.6419236660003662,1.0186331272125244
65,source,44,-0.3079797625541687,-0.646909773349762,1.020526647567749
65,source,45,-0.30975139141082764,-0.647767961025238,1.0226881504058838
65,source,46,-0.3134814500808716,-0.6466580629348755,1.0204187631607056
65,source,47,-0.31641268730163574,-0.6447057723999023,1.0226577520370483
65,source,48,-0.31029683351516724,-0.6530089378356934,1.0158123970031738
65,source,49,-0.3125516176223755,-0.642732560634613,1.0222206115722656
65,source,50,-0.31573545932769775,-0.639768123626709,1.0219767093658447
65,source,51,-0.31422877311706543,-0.6374195218086243,1.0159368515014648
65,source,52,-0.3177550435066223,-0.6361826658248901,1.0168709754943848
65,source,53,-0.31934356689453125,-0.6473343968391418,1.0176423788070679
65,source,54,-0.3169322609901428,-0.6370291113853455,1.0182154178619385
65,source,55,-0.3192988634109497,-0.6439049243927002,1.0169329643249512
65,source,56,-0.3174530267715454,-0.6394504904747009,1.0122935771942139
65,source,57,-0.31585079431533813,-0.6391647458076477,1.0118227005004883
65,source,58,-0.3179965615272522,-0.6381204128265381,1.0172501802444458
65,source,59,-0.31939697265625,-0.6381761431694031,1.0144274234771729
65,source,60,-0.31783634424209595,-0.6394792795181274,1.020244836807251
65,source,61,-0.3223816752433777,-0.6454454064369202,1.018416166305542
65,source,62,-0.319160521030426,-0.6386232376098633,1.0199558734893799
65,source,63,-0.3197140097618103,-0.642456591129303,1.0201239585876465
65,target,0,-0.2926112413406372,-0.6488060355186462,1.0192553997039795
65,target,1,-0.31468361616134644,-0.6384739279747009,1.0219131708145142
65,target,2,-0.3173404335975647,-0.6440991759300232,1.0196261405944824
65,target,3,-0.30127692222595215,-0.6529859304428101,1.012882947921753
65,target,4,-0.3131963610649109,-0.6367329955101013,1.0169082880020142
65,target,5,-0.31228524446487427,-0.613275408744812,1.0194060802459717
65,target,6,-0.32459402084350586,-0.6133212447166443,1.0166029930114746
65,target,7,-0.3134387731552124,-0.6137186884880066,1.0110443830490112
65,target,8,-0.3151642680168152,-0.6203842163085938,1.0098764896392822
65,target,9,-0.30369889736175537,-0.6295072436332703,1.0162593126296997
65,target,10,-0.3059271574020386,-0.6253714561462402,1.017591118812561
65,target,11,-0.3121940493583679,-0.623806357383728,1.018972396850586
65,target,12,-0.31129419803619385,-0.6310391426086426,1.0137940645217896
65,target,13,-0.30534684658050537,-0.637010395526886,1.025866150856018
65,target,14,-0.30540144443511963,-0.6336368918418884,1.0176138877868652
65,target,15,-0.3113810420036316,-0.6372297406196594,1.0159848928451538
65,target,16,-0.31275612115859985,-0.6365628242492676,1.0179976224899292
65,target,17,-0.3141714930534363,-0.633124053478241,1.0157229900360107
65,target,18,-0.32013386487960815,-0.632396399974823,1.0179705619812012
65,target,19,-0.3135905861854553,-0.6301701664924622,1.0118558406829834
65,target,20,-0.31608492136001587,-0.6274399757385254,1.0165038108825684
65,target,21,-0.31730562448501587,-0.6198282837867737,1.0194414854049683
65,target,22,-0.3070623278617859,-0.629743218421936,1.0161826610565186
65,target,23,-0.3034161925315857,-0.6286042928695679,1.0102448463439941
65,target,24,-0.3126547932624817,-0.627341628074646,1.0168756246566772
65,target,25,-0.30864280462265015,-0.6375250816345215,1.0176736116409302
65,target,26,-0.31178152561187744,-0.6438220739364624,1.0197328329086304
65,target,27,-0.31371861696243286,-0.6374949812889099,1.0177546739578247
65,target,28,-0.3296847343444824,-0.6464623212814331,1.028294324874878
65,target,29,-0.30193501710891724,-0.6382164359092712,1.017276406288147
65,target,30,-0.31023329496383667,-0.6405667662620544,1.0175321102142334
65,target,31,-0.3156248927116394,-0.6326456069946289,1.0115505456924438
65,target,32,-0.31305932998657227,-0.6354648470878601,1.0150103569030762
65,target,33,-0.315557599067688,-0.6402849555015564,1.0180275440216064
65,target,34,-0.3113921880722046,-0.6396164894104004,1.0156301259994507
65,target,35,-0.31771159172058105,-0.6449000239372253,1.02155601978302
65,target,36,-0.31387442350387573,-0.63665771484375,1.0123790502548218
65,target,37,-0.3157060742378235,-0.64387047290802,1.0172706842422485
65,target,38,-0.3156512975692749,-0.636425256729126,1.0176265239715576
65,target,39,-0.3160315752029419,-0.6396486163139343,1.014650583267212
65,target,40,-0.3071078062057495,-0.6369652152061462,1.0173132419586182
65,target,41,-0.3039526045322418,-0.635959804058075,1.0175045728683472
65,target,42,-0.3084678649902344,-0.6426596641540527,1.0067877769470215
65,target,43,-0.3034459352493286,-0.648491382598877,1.0096330642700195
65,target,44,-0.30596601963043213,-0.6516725420951843,1.0134156942367554
65,target,45,-0.3073611259460449,-0.6459242105484009,1.0101202726364136
65,target,46,-0.29396432638168335,-0.6650814414024353,1.0424493551254272
65,target,47,-0.2801814675331116,-0.6591606140136719,1.0133731365203857
65,target,48,-0.2720569372177124,-0.6554521322250366,1.015773057937622
65,target,49,-0.29281729459762573,-0.666187047958374,1.0454858541488647
65,target,50,-0.30922752618789673,-0.6386982202529907,1.0400208234786987
65,target,51,-0.30229365825653076,-0.645504355430603,1.0188841819763184
65,target,52,-0.2964005768299103,-0.6440311670303345,1.0163854360580444
65,target,53,-0.30331283807754517,-0.6459689140319824,1.015359878540039
65,target,54,-0.30171307921409607,-0.638139545917511,1.0201905965805054
65,target,55,-0.28694695234298706,-0.6455233693122864,1.0140718221664429
65,target,56,-0.281774640083313,-0.6473404169082642,1.0102872848510742
65,target,57,-0.2908836901187897,-0.648199737071991,1.012534499168396
65,target,58,-0.2931702435016632,-0.6448724269866943,1.0113469362258911
65,target,59,-0.28919535875320435,-0.6484017968177795,1.0155774354934692
65,target,60,-0.2995412051677704,-0.6495493054389954,1.0173981189727783
65,target,61,-0.29717206954956055,-0.6489728093147278,1.021323561668396
65,target,62,-0.3031099736690521,-0.6512723565101624,1.018561601638794
65,target,63,-0.29126375913619995,-0.6550540328025818,1.0107464790344238
66,source,0,-0.3169599175453186,-0.644433856010437,1.0249518156051636
66,source,1,-0.30944526195526123,-0.6451091170310974,1.0226671695709229
66,source,2,-0.31332939863204956,-0.6439498662948608,1.0217158794403076
66,source,3,-0.3100389242172241,-0.650738000869751,1.0182396173477173
66,source,4,-0.30991196632385254,-0.6477465629577637,1.0188398361206055
66,source,5,-0.31380218267440796,-0.6482725143432617,1.0183372497558594
66,source,6,-0.31340187788009644,-0.646267294883728,1.020305871963501
66,source,7,-0.3098466396331787,-0.6474967002868652,1.0179084539413452
66,source,8,-0.31319761276245117,-0.6482442021369934,1.0178793668746948
66,source,9,-0.31347525119781494,-0.6451830863952637,1.0188103914260864
66,source,10,-0.3109709620475769,-0.6445825695991516,1.0242769718170166
66,source,11,-0.31513452529907227,-0.6516533493995667,1.0228018760681152
66,source,12,-0.3135620951652527,-0.6425040364265442,1.025361180305481
66,source,13,-0.31476444005966187,-0.6477577090263367,1.020398497581482
66,source,14,-0.3090953230857849,-0.6453090906143188,1.0216197967529297
66,source,15,-0.31035834550857544,-0.6418059468269348,1.0263149738311768
66,source,16,-0.3078341484069824,-0.6458920836448669,1.0207504034042358
66,source,17,-0.30944472551345825,-0.6447158455848694,1.0233526229858398
66,source,18,-0.310921311378479,-0.6460917592048645,1.0241116285324097
66,source,19,-0.3126068711280823,-0.6429552435874939,1.024285078048706
66,source,20,-0.30867910385131836,-0.6503266096115112,1.019759178161621
66,source,21,-0.3063449263572693,-0.6441512107849121,1.0214895009994507
66,source,22,-0.30592960119247437,-0.6489714980125427,1.0197503566741943
66,source,23,-0.30824917554855347,-0.6461838483810425,1.0202385187149048
66,source,24,-0.31227779388427734,-0.6456199288368225,1.0205727815628052
66,source,25,-0.31440818309783936,-0.6425458192825317,1.0265593528747559
66,source,26,-0.3128448724746704,-0.6445886492729187,1.0232951641082764
66,source,27,-0.3083602786064148,-0.636396586894989,1.0250723361968994
66,source,28,-0.30596596002578735,-0.6360538601875305,1.02101731300354
66,source,29,-0.3132389783859253,-0.6445067524909973,1.0238488912582397
66,source,30,-0.3176097273826599,-0.6478103399276733,1.0207771062850952
66,source,31,-0.31447911262512207,-0.6435936689376831,1.0206899642944336
66,source,32,-0.3137786388397217,-0.6486545205116272,1.0212877988815308
66,source,33,-0.3144839406013489,-0.6482830047607422,1.0205838680267334
66,source,34,-0.3183598518371582,-0.6495649218559265,1.0216938257217407
66,source,35,-0.3102865219116211,-0.6414476037025452,1.021092176437378
66,source,36,-0.30915313959121704,-0.6399272084236145,1.0195894241333008
66,source,37,-0.3131716847419739,-0.6463125944137573,1.0262023210525513
66,source,38,-0.3122841715812683,-0.6412200331687927,1.0219284296035767
66,source,39,-0.31051570177078247,-0.645834743976593,1.0216867923736572
66,source,40,-0.3066849112510681,-0.6415315270423889,1.0206053256988525
66,source,41,-0.30924439430236816,-0.6454411149024963,1.0169050693511963
66,source,42,-0.30779892206192017,-0.6457575559616089,1.0163594484329224
66,source,43,-0.31009018421173096,-0.6442686915397644,1.020246148109436
66,source,44,-0.30943429470062256,-0.6466883420944214,1.0221986770629883
66,source,45,-0.31146717071533203,-0.6490813493728638,1.0249006748199463
66,source,46,-0.3132397532463074,-0.647566020488739,1.0242301225662231
66,source,47,-0.31659650802612305,-0.6460033655166626,1.0243663787841797
66,source,48,-0.31097954511642456,-0.6523464918136597,1.0173993110656738
66,source,49,-0.31237363815307617,-0.6459925770759583,1.0230077505111694
66,source,50,-0.31477779150009155,-0.6438964605331421,1.0244086980819702
66,source,51,-0.31386756896972656,-0.6403554677963257,1.0195063352584839
66,source,52,-0.3166272044181824,-0.6405364274978638,1.0178823471069336
66,source,53,-0.31515032052993774,-0.6514988541603088,1.0182368755340576
66,source,54,-0.316175639629364,-0.6394465565681458,1.0184661149978638
66,source,55,-0.3170573115348816,-0.645715594291687,1.0183062553405762
66,source,56,-0.3165431022644043,-0.641982913017273,1.015129804611206
66,source,57,-0.31469255685806274,-0.6419602632522583,1.0149743556976318
66,source,58,-0.31565386056900024,-0.6418730020523071,1.017951250076294
66,source,59,-0.3166571855545044,-0.6418013572692871,1.0158697366714478
66,source,60,-0.3165897727012634,-0.6393136978149414,1.0215299129486084
66,source,61,-0.31988173723220825,-0.6477584838867188,1.0199764966964722
66,source,62,-0.31990355253219604,-0.6380156874656677,1.0213690996170044
66,source,63,-0.31790733337402344,-0.6430282592773438,1.0219089984893799
66,target,0,-0.2926059067249298,-0.650547206401825,1.017411231994629
66,target,1,-0.31744563579559326,-0.6421781778335571,1.0233880281448364
66,target,2,-0.31631362438201904,-0.6434338688850403,1.021905779838562
66,target,3,-0.3039780557155609,-0.651828944683075,1.0143722295761108
66,target,4,-0.3122636079788208,-0.6345040202140808,1.018067479133606
66,target,5,-0.31346595287323,-0.6133683323860168,1.0178580284118652
66,target,6,-0.321347713470459,-0.6185197830200195,1.017455816268921
66,target,7,-0.31208038330078125,-0.6165511012077332,1.0145519971847534
66,target,8,-0.3120601773262024,-0.6235129237174988,1.0130329132080078
66,target,9,-0.3027040362358093,-0.6310570240020752,1.0160577297210693
66,target,10,-0.3011150360107422,-0.6228401064872742,1.013132095336914
66,target,11,-0.3102700114250183,-0.6214559674263,1.0149434804916382
66,target,12,-0.3101596236228943,-0.6282668113708496,1.0118168592453003
66,target,13,-0.30182671546936035,-0.638002872467041,1.0254292488098145
66,target,14,-0.3028169572353363,-0.6378932595252991,1.0174012184143066
66,target,15,-0.30690306425094604,-0.6393631100654602,1.0158419609069824
66,target,16,-0.31133514642715454,-0.6402032971382141,1.0193307399749756
66,target,17,-0.3122867941856384,-0.632910966873169,1.0166816711425781
66,target,18,-0.3202019929885864,-0.6346998810768127,1.019924283027649
66,target,19,-0.31399184465408325,-0.6321108937263489,1.0138134956359863
66,target,20,-0.3193167448043823,-0.6322312355041504,1.019671082496643
66,target,21,-0.3143537640571594,-0.6252044439315796,1.0215024948120117
66,target,22,-0.30813437700271606,-0.6279981136322021,1.014648675918579
66,target,23,-0.3051108419895172,-0.6286184191703796,1.0141324996948242
66,target,24,-0.31065618991851807,-0.634634792804718,1.0182092189788818
66,target,25,-0.31149977445602417,-0.6415865421295166,1.0207806825637817
66,target,26,-0.3129577040672302,-0.6458063721656799,1.020513653755188
66,target,27,-0.3124333620071411,-0.6414783596992493,1.0189712047576904
66,target,28,-0.3238385319709778,-0.6506215333938599,1.025673270225525
66,target,29,-0.3049445152282715,-0.6417903304100037,1.0206241607666016
66,target,30,-0.3059523403644562,-0.6399579048156738,1.0190409421920776
66,target,31,-0.31738585233688354,-0.632148265838623,1.0153850317001343
66,target,32,-0.31514883041381836,-0.6381105184555054,1.018934965133667
66,target,33,-0.31360727548599243,-0.6431840062141418,1.0195794105529785
66,target,34,-0.3106571435928345,-0.6386836171150208,1.016678810119629
66,target,35,-0.3147454857826233,-0.641187846660614,1.017095923423767
66,target,36,-0.312765896320343,-0.6388029456138611,1.0144487619400024
66,target,37,-0.31581681966781616,-0.6402688026428223,1.0190610885620117
66,target,38,-0.31228935718536377,-0.6373491287231445,1.0191264152526855
66,target,39,-0.31225019693374634,-0.6417248845100403,1.0185858011245728
66,target,40,-0.3073731064796448,-0.6386078000068665,1.015528678894043
66,target,41,-0.30334264039993286,-0.6348367929458618,1.0150609016418457
66,target,42,-0.30659574270248413,-0.6408199071884155,1.0093134641647339
66,target,43,-0.30179810523986816,-0.6488970518112183,1.0116409063339233
66,target,44,-0.30378299951553345,-0.6494874358177185,1.0140187740325928
66,target,45,-0.30475276708602905,-0.6428318023681641,1.0106598138809204
66,target,46,-0.29522526264190674,-0.6720688343048096,1.0443555116653442
66,target,47,-0.28582966327667236,-0.6564609408378601,1.0168476104736328
66,target,48,-0.2744249701499939,-0.6563513875007629,1.0170782804489136
66,target,49,-0.2945865988731384,-0.6711885929107666,1.047995924949646
66,target,50,-0.3108775019645691,-0.6465672254562378,1.0433002710342407
66,target,51,-0.3048442602157593,-0.6453443169593811,1.0217008590698242
66,target,52,-0.2986208498477936,-0.645958423614502,1.019111156463623
66,target,53,-0.3057473301887512,-0.6467145085334778,1.017114520072937
66,target,54,-0.3038739860057831,-0.6382522583007812,1.021549940109253
66,target,55,-0.29087623953819275,-0.6456332802772522,1.0175420045852661
66,target,56,-0.28717851638793945,-0.6494835615158081,1.0138601064682007
66,target,57,-0.2924731969833374,-0.6498204469680786,1.014092206954956
66,target,58,-0.29532626271247864,-0.6479361653327942,1.0144739151000977
66,target,59,-0.2921714782714844,-0.6504903435707092,1.0172615051269531
66,target,60,-0.30024808645248413,-0.6512582302093506,1.018046259880066
66,target,61,-0.29649001359939575,-0.6493626236915588,1.021302342414856
66,target,62,-0.3022242486476898,-0.655438244342804,1.0211403369903564
66,target,63,-0.2934421896934509,-0.6555384397506714,1.0140118598937988
67,source,0,-0.31321918964385986,-0.6412665843963623,1.0206117630004883
67,source,1,-0.3081149458885193,-0.6426263451576233,1.018816590309143
67,source,2,-0.3093726634979248,-0.6436992287635803,1.016115427017212
67,source,3,-0.3069051504135132,-0.6480637788772583,1.0136799812316895
67,source,4,-0.3085826635360718,-0.6450712084770203,1.0156992673873901
67,source,5,-0.3090741038322449,-0.6492081880569458,1.0135451555252075
67,source,6,-0.3086763620376587,-0.6452829241752625,1.013350009918213
67,source,7,-0.30546581745147705,-0.6470396518707275,1.0123292207717896
67,source,8,-0.30762243270874023,-0.6467353701591492,1.0126014947891235
67,source,9,-0.3079829216003418,-0.6437028646469116,1.0131372213363647
67,source,10,-0.3059144914150238,-0.6423455476760864,1.0165581703186035
67,source,11,-0.3103621006011963,-0.6475767493247986,1.0150190591812134
67,source,12,-0.3094561696052551,-0.6402990818023682,1.01814603805542
67,source,13,-0.3075503706932068,-0.6445591449737549,1.01212477684021
67,source,14,-0.306837797164917,-0.6447038054466248,1.0177634954452515
67,source,15,-0.30492788553237915,-0.6409645080566406,1.0220962762832642
67,source,16,-0.3033413290977478,-0.6459019780158997,1.0176889896392822
67,source,17,-0.3042221963405609,-0.6444084048271179,1.0182512998580933
67,source,18,-0.3069080114364624,-0.6454581022262573,1.0198707580566406
67,source,19,-0.3091486692428589,-0.6435080766677856,1.0204559564590454
67,source,20,-0.3034844994544983,-0.6485997438430786,1.0119267702102661
67,source,21,-0.3005537986755371,-0.6403467655181885,1.012176275253296
67,source,22,-0.30185359716415405,-0.6463371515274048,1.0133846998214722
67,source,23,-0.3045318126678467,-0.6441763639450073,1.016082763671875
67,source,24,-0.30626118183135986,-0.6468364000320435,1.0175228118896484
67,source,25,-0.3090819716453552,-0.6399569511413574,1.0224227905273438
67,source,26,-0.3092993497848511,-0.6431467533111572,1.0180410146713257
67,source,27,-0.3054351508617401,-0.6319218873977661,1.0205925703048706
67,source,28,-0.3018602132797241,-0.6289071440696716,1.0130436420440674
67,source,29,-0.3089240789413452,-0.643643319606781,1.0184277296066284
67,source,30,-0.3130488991737366,-0.6448189616203308,1.0149422883987427
67,source,31,-0.30979853868484497,-0.642123818397522,1.0143324136734009
67,source,32,-0.3103148937225342,-0.6461681127548218,1.014981985092163
67,source,33,-0.3097004294395447,-0.6470671892166138,1.0149576663970947
67,source,34,-0.31310051679611206,-0.6473057866096497,1.0174517631530762
67,source,35,-0.30718910694122314,-0.6381319761276245,1.016553521156311
67,source,36,-0.3046134412288666,-0.6387083530426025,1.0141832828521729
67,source,37,-0.30885064601898193,-0.6429363489151001,1.022418737411499
67,source,38,-0.30696582794189453,-0.6409910917282104,1.0186960697174072
67,source,39,-0.3057706356048584,-0.6455544829368591,1.0160616636276245
67,source,40,-0.3039017915725708,-0.6380093097686768,1.0178472995758057
67,source,41,-0.3037320375442505,-0.6419554352760315,1.0104975700378418
67,source,42,-0.3021659851074219,-0.6420220732688904,1.0098638534545898
67,source,43,-0.30540817975997925,-0.6394309997558594,1.0147446393966675
67,source,44,-0.30537474155426025,-0.6438525319099426,1.0162501335144043
67,source,45,-0.3057577908039093,-0.6469455361366272,1.0196270942687988
67,source,46,-0.3106563091278076,-0.6439833641052246,1.0185798406600952
67,source,47,-0.3125835657119751,-0.6419556140899658,1.0185679197311401
67,source,48,-0.30556362867355347,-0.6508907079696655,1.0131484270095825
67,source,49,-0.3095863461494446,-0.6412596702575684,1.0192389488220215
67,source,50,-0.30932945013046265,-0.6393867135047913,1.0228040218353271
67,source,51,-0.30906355381011963,-0.6362589001655579,1.0170323848724365
67,source,52,-0.3103472590446472,-0.6365261673927307,1.012860655784607
67,source,53,-0.3127521276473999,-0.6481190323829651,1.017204761505127
67,source,54,-0.30866503715515137,-0.6352725625038147,1.0132489204406738
67,source,55,-0.311717689037323,-0.6433461904525757,1.0159225463867188
67,source,56,-0.3086639642715454,-0.6386145949363708,1.010132074356079
67,source,57,-0.30709898471832275,-0.6378198266029358,1.0102040767669678
67,source,58,-0.30936139822006226,-0.6381808519363403,1.015100121498108
67,source,59,-0.31234776973724365,-0.6388124823570251,1.014351725578308
67,source,60,-0.3110734820365906,-0.6366509199142456,1.0174133777618408
67,source,61,-0.31254297494888306,-0.6436476707458496,1.0167053937911987
67,source,62,-0.31387144327163696,-0.6345629096031189,1.0189714431762695
67,source,63,-0.31208300590515137,-0.6377432942390442,1.0181593894958496
67,target,0,-0.2894716262817383,-0.6441139578819275,1.019754409790039
67,target,1,-0.30707836151123047,-0.6380132436752319,1.0192545652389526
67,target,2,-0.31016963720321655,-0.6439217925071716,1.016419529914856
67,target,3,-0.2975006699562073,-0.6513990163803101,1.014862060546875
67,target,4,-0.30754798650741577,-0.6306650042533875,1.01511812210083
67,target,5,-0.309404194355011,-0.602060079574585,1.015092134475708
67,target,6,-0.3201393485069275,-0.6117240786552429,1.0176725387573242
67,target,7,-0.3093429207801819,-0.6038603186607361,1.010615348815918
67,target,8,-0.31242072582244873,-0.6183345317840576,1.009436845779419
67,target,9,-0.2966015338897705,-0.6234350204467773,1.0157289505004883
67,target,10,-0.2988628149032593,-0.6152206063270569,1.0148155689239502
67,target,11,-0.30420982837677,-0.6107639670372009,1.0146523714065552
67,target,12,-0.3059699833393097,-0.6214504241943359,1.0131760835647583
67,target,13,-0.29935264587402344,-0.6300733089447021,1.022584080696106
67,target,14,-0.2996402978897095,-0.6296659111976624,1.0149327516555786
67,target,15,-0.30387401580810547,-0.634161114692688,1.0142608880996704
67,target,16,-0.3069235682487488,-0.6348713040351868,1.0134127140045166
67,target,17,-0.3094558119773865,-0.6276916265487671,1.012974739074707
67,target,18,-0.316819429397583,-0.6253349781036377,1.0160307884216309
67,target,19,-0.30601590871810913,-0.6259252429008484,1.010559320449829
67,target,20,-0.31355130672454834,-0.621956467628479,1.015053629875183
67,target,21,-0.31452804803848267,-0.6141353249549866,1.0185686349868774
67,target,22,-0.3034946024417877,-0.6208415627479553,1.011388897895813
67,target,23,-0.2968756854534149,-0.6226969361305237,1.0087777376174927
67,target,24,-0.30983805656433105,-0.6243726015090942,1.015413522720337
67,target,25,-0.3043852746486664,-0.6350882649421692,1.0166921615600586
67,target,26,-0.3048217296600342,-0.6414486169815063,1.0200660228729248
67,target,27,-0.3042575716972351,-0.6366889476776123,1.0131045579910278
67,target,28,-0.31998640298843384,-0.6513325572013855,1.024044156074524
67,target,29,-0.30270975828170776,-0.6342164874076843,1.0192439556121826
67,target,30,-0.30427756905555725,-0.6382396817207336,1.0178022384643555
67,target,31,-0.31055837869644165,-0.6238111853599548,1.007578730583191
67,target,32,-0.3085557818412781,-0.6292111277580261,1.0130596160888672
67,target,33,-0.30606135725975037,-0.6368039846420288,1.0119845867156982
67,target,34,-0.30361267924308777,-0.6361348032951355,1.0125371217727661
67,target,35,-0.3140857219696045,-0.63736492395401,1.0177563428878784
67,target,36,-0.30801403522491455,-0.6353702545166016,1.0076274871826172
67,target,37,-0.311831533908844,-0.6400752067565918,1.0165722370147705
67,target,38,-0.30554887652397156,-0.6338321566581726,1.015911340713501
67,target,39,-0.3071930408477783,-0.6379599571228027,1.0134588479995728
67,target,40,-0.30401408672332764,-0.632380485534668,1.0173312425613403
67,target,41,-0.29872995615005493,-0.6263157725334167,1.0159029960632324
67,target,42,-0.2994607090950012,-0.6399495005607605,1.0061063766479492
67,target,43,-0.29830142855644226,-0.6491101980209351,1.01093327999115
67,target,44,-0.297787606716156,-0.6476379036903381,1.0111756324768066
67,target,45,-0.3016469478607178,-0.6442973017692566,1.0086874961853027
67,target,46,-0.2899343967437744,-0.6625829339027405,1.0439397096633911
67,target,47,-0.2792150378227234,-0.6575062870979309,1.0165339708328247
67,target,48,-0.2712516188621521,-0.649909496307373,1.0163944959640503
67,target,49,-0.2923520803451538,-0.6604945659637451,1.0490176677703857
67,target,50,-0.30576765537261963,-0.6373224258422852,1.0421596765518188
67,target,51,-0.29728060960769653,-0.6454565525054932,1.0203207731246948
67,target,52,-0.2926645874977112,-0.6451116800308228,1.0161932706832886
67,target,53,-0.2993375062942505,-0.6460235714912415,1.0168185234069824
67,target,54,-0.29483404755592346,-0.6338765025138855,1.015883207321167
67,target,55,-0.2829226851463318,-0.6397560834884644,1.0126715898513794
67,target,56,-0.28286468982696533,-0.6479041576385498,1.0140680074691772
67,target,57,-0.28961455821990967,-0.6470770239830017,1.014089584350586
67,target,58,-0.291347861289978,-0.6424008011817932,1.0137035846710205
67,target,59,-0.2883952856063843,-0.6477246284484863,1.0161850452423096
67,target,60,-0.2950105369091034,-0.6482039093971252,1.0174436569213867
67,target,61,-0.29335641860961914,-0.6487720012664795,1.0225703716278076
67,target,62,-0.29819369316101074,-0.6535025835037231,1.017683744430542
67,target,63,-0.28897762298583984,-0.6516808271408081,1.012485384941101
68,source,0,-0.3210270404815674,-0.6409152746200562,1.019864559173584
68,source,1,-0.3160591721534729,-0.6418818831443787,1.017818570137024
68,source,2,-0.31677860021591187,-0.6410493850708008,1.0158718824386597
68,source,3,-0.3155776858329773,-0.6452475786209106,1.0113641023635864
68,source,4,-0.31788551807403564,-0.6435450911521912,1.0141477584838867
68,source,5,-0.3193087577819824,-0.6455678343772888,1.0140787363052368
68,source,6,-0.31829220056533813,-0.6424958109855652,1.0133507251739502
68,source,7,-0.31616389751434326,-0.6441593766212463,1.010762333869934
68,source,8,-0.31828850507736206,-0.6433432698249817,1.011923909187317
68,source,9,-0.31890392303466797,-0.6400373578071594,1.0136518478393555
68,source,10,-0.31715691089630127,-0.641141951084137,1.0162571668624878
68,source,11,-0.3209403157234192,-0.6449089050292969,1.015386939048767
68,source,12,-0.3179502487182617,-0.6422973275184631,1.0185668468475342
68,source,13,-0.3171728849411011,-0.6450244784355164,1.0124835968017578
68,source,14,-0.3134309649467468,-0.6381948590278625,1.018531084060669
68,source,15,-0.3135868310928345,-0.639042854309082,1.0202150344848633
68,source,16,-0.3122020959854126,-0.6418821811676025,1.015360951423645
68,source,17,-0.31253302097320557,-0.6419261693954468,1.0162497758865356
68,source,18,-0.3136318325996399,-0.6437615752220154,1.0168334245681763
68,source,19,-0.31896722316741943,-0.6437366604804993,1.0188847780227661
68,source,20,-0.3117464780807495,-0.6457777619361877,1.010546088218689
68,source,21,-0.3100544214248657,-0.6382316946983337,1.0125787258148193
68,source,22,-0.3126745820045471,-0.642047107219696,1.0154057741165161
68,source,23,-0.31307291984558105,-0.6408959031105042,1.0166059732437134
68,source,24,-0.31706881523132324,-0.6441648006439209,1.016620397567749
68,source,25,-0.3179932236671448,-0.6405472159385681,1.0206992626190186
68,source,26,-0.31870269775390625,-0.6410388350486755,1.0184794664382935
68,source,27,-0.3119191527366638,-0.6320526599884033,1.0191985368728638
68,source,28,-0.3114108443260193,-0.6300003528594971,1.0163031816482544
68,source,29,-0.31971877813339233,-0.6418930292129517,1.0171070098876953
68,source,30,-0.32298368215560913,-0.640673816204071,1.0152643918991089
68,source,31,-0.32107752561569214,-0.6386327743530273,1.015660047531128
68,source,32,-0.31935596466064453,-0.644227921962738,1.0136579275131226
68,source,33,-0.318892240524292,-0.6438257098197937,1.014803409576416
68,source,34,-0.32363879680633545,-0.6410915851593018,1.0168285369873047
68,source,35,-0.3155626654624939,-0.6391207575798035,1.0178300142288208
68,source,36,-0.31106632947921753,-0.6373622417449951,1.0140483379364014
68,source,37,-0.3178545832633972,-0.6401882767677307,1.0210906267166138
68,source,38,-0.31604301929473877,-0.6402502655982971,1.0186867713928223
68,source,39,-0.3136403560638428,-0.6414912939071655,1.0167194604873657
68,source,40,-0.3135220408439636,-0.6397777199745178,1.0137215852737427
68,source,41,-0.3149488568305969,-0.6400681138038635,1.0114234685897827
68,source,42,-0.3115537762641907,-0.6419519186019897,1.0097311735153198
68,source,43,-0.3149058222770691,-0.6401828527450562,1.014312505722046
68,source,44,-0.3116142153739929,-0.6422380208969116,1.0145264863967896
68,source,45,-0.31506073474884033,-0.6467265486717224,1.017060399055481
68,source,46,-0.3170146346092224,-0.6444079875946045,1.0162410736083984
68,source,47,-0.3214230537414551,-0.6405105590820312,1.0186480283737183
68,source,48,-0.31593048572540283,-0.6467705965042114,1.0122159719467163
68,source,49,-0.3190634250640869,-0.6411523222923279,1.0173078775405884
68,source,50,-0.317551851272583,-0.6405220031738281,1.0191173553466797
68,source,51,-0.31569308042526245,-0.6369574666023254,1.011495590209961
68,source,52,-0.31871742010116577,-0.6359806060791016,1.0123002529144287
68,source,53,-0.319749116897583,-0.6443790197372437,1.0124872922897339
68,source,54,-0.3188084363937378,-0.6362766623497009,1.0137637853622437
68,source,55,-0.3206672668457031,-0.6434893608093262,1.0145361423492432
68,source,56,-0.31770873069763184,-0.6398409605026245,1.0082135200500488
68,source,57,-0.316831111907959,-0.6407412886619568,1.0072157382965088
68,source,58,-0.31916260719299316,-0.6385524868965149,1.0127372741699219
68,source,59,-0.3206721544265747,-0.6376401782035828,1.0110211372375488
68,source,60,-0.31885528564453125,-0.6357869505882263,1.0159003734588623
68,source,61,-0.3231341242790222,-0.6406654119491577,1.0121798515319824
68,source,62,-0.32085108757019043,-0.6354666352272034,1.0149980783462524
68,source,63,-0.3186473250389099,-0.6372887492179871,1.0138843059539795
68,target,0,-0.2943825125694275,-0.6453870534896851,1.0127027034759521
68,target,1,-0.31596797704696655,-0.6417679786682129,1.0178390741348267
68,target,2,-0.31673043966293335,-0.6442031860351562,1.015680193901062
68,target,3,-0.30827099084854126,-0.6496283411979675,1.0122791528701782
68,target,4,-0.3123408555984497,-0.6316043138504028,1.0129464864730835
68,target,5,-0.3174300193786621,-0.6070354580879211,1.0180637836456299
68,target,6,-0.32406240701675415,-0.6113430261611938,1.0144392251968384
68,target,7,-0.31493479013442993,-0.6025959253311157,1.0078667402267456
68,target,8,-0.3162773847579956,-0.6136392951011658,1.0077115297317505
68,target,9,-0.30410152673721313,-0.6250005960464478,1.0096379518508911
68,target,10,-0.3058137893676758,-0.6169583797454834,1.0108046531677246
68,target,11,-0.3112366199493408,-0.6160541772842407,1.0096784830093384
68,target,12,-0.3139253258705139,-0.6202080845832825,1.0076695680618286
68,target,13,-0.3028191328048706,-0.6339865922927856,1.0205715894699097
68,target,14,-0.3054794669151306,-0.631856381893158,1.0137218236923218
68,target,15,-0.3090490698814392,-0.6356326937675476,1.0123838186264038
68,target,16,-0.3133760094642639,-0.6384493112564087,1.0138837099075317
68,target,17,-0.31673526763916016,-0.6274160146713257,1.0119473934173584
68,target,18,-0.3251824975013733,-0.6252465844154358,1.0161436796188354
68,target,19,-0.31783419847488403,-0.630889892578125,1.0100164413452148
68,target,20,-0.3216509222984314,-0.6267956495285034,1.0161501169204712
68,target,21,-0.3190609812736511,-0.6159408092498779,1.0163202285766602
68,target,22,-0.3133729100227356,-0.6229537129402161,1.0146530866622925
68,target,23,-0.30736303329467773,-0.6252790689468384,1.0067460536956787
68,target,24,-0.31434035301208496,-0.6226213574409485,1.0149518251419067
68,target,25,-0.3139021396636963,-0.6420265436172485,1.017920732498169
68,target,26,-0.3161025047302246,-0.6450649499893188,1.0173890590667725
68,target,27,-0.31323641538619995,-0.6422986388206482,1.0143877267837524
68,target,28,-0.3276273012161255,-0.6526409983634949,1.023118495941162
68,target,29,-0.3103390336036682,-0.6410204768180847,1.0190905332565308
68,target,30,-0.3120570182800293,-0.6455317139625549,1.0158436298370361
68,target,31,-0.3233616352081299,-0.6298775672912598,1.0117614269256592
68,target,32,-0.3211480975151062,-0.6356539130210876,1.0139223337173462
68,target,33,-0.3157075047492981,-0.640645444393158,1.012610912322998
68,target,34,-0.3129006028175354,-0.6332945227622986,1.0109550952911377
68,target,35,-0.31752389669418335,-0.6329929828643799,1.0131163597106934
68,target,36,-0.31536203622817993,-0.6331963539123535,1.0054844617843628
68,target,37,-0.31574833393096924,-0.6375086903572083,1.0129058361053467
68,target,38,-0.3143601417541504,-0.6302019953727722,1.0124787092208862
68,target,39,-0.31498515605926514,-0.6356590390205383,1.0091596841812134
68,target,40,-0.3102385401725769,-0.6327003836631775,1.0138529539108276
68,target,41,-0.30471929907798767,-0.6288800239562988,1.012247085571289
68,target,42,-0.3097689747810364,-0.6374317407608032,1.003023624420166
68,target,43,-0.30574485659599304,-0.6475895643234253,1.004672884941101
68,target,44,-0.3078343868255615,-0.6490564942359924,1.006734013557434
68,target,45,-0.3105663061141968,-0.6405471563339233,1.0057367086410522
68,target,46,-0.294389009475708,-0.6720094680786133,1.039452314376831
68,target,47,-0.2869872450828552,-0.6613757610321045,1.0144002437591553
68,target,48,-0.2795149087905884,-0.6544341444969177,1.013113260269165
68,target,49,-0.29609501361846924,-0.6725603342056274,1.0439387559890747
68,target,50,-0.31027764081954956,-0.6454302072525024,1.0373855829238892
68,target,51,-0.3102226257324219,-0.6482403874397278,1.0205117464065552
68,target,52,-0.3032664656639099,-0.6486865878105164,1.0153924226760864
68,target,53,-0.310884952545166,-0.6509811878204346,1.0163397789001465
68,target,54,-0.30906397104263306,-0.6378035545349121,1.0174791812896729
68,target,55,-0.2973838448524475,-0.646744966506958,1.013472080230713
68,target,56,-0.2917073965072632,-0.6546531319618225,1.011950969696045
68,target,57,-0.2993476390838623,-0.6520788669586182,1.0119588375091553
68,target,58,-0.3010481595993042,-0.6502473950386047,1.0122177600860596
68,target,59,-0.29755064845085144,-0.6545077562332153,1.0166198015213013
68,target,60,-0.30444037914276123,-0.6525475978851318,1.0160937309265137
68,target,61,-0.30277442932128906,-0.6513568162918091,1.019689917564392
68,target,62,-0.3054635226726532,-0.6552192568778992,1.013830542564392
68,target,63,-0.2989640533924103,-0.6568941473960876,1.010892391204834
69,source,0,-0.3102771043777466,-0.638862133026123,1.0173184871673584
69,source,1,-0.30506861209869385,-0.6402825713157654,1.0167633295059204
69,source,2,-0.3071759343147278,-0.6376747488975525,1.0141252279281616
69,source,3,-0.3036274313926697,-0.6440383791923523,1.008716344833374
69,source,4,-0.307256817817688,-0.6422981023788452,1.0133012533187866
69,source,5,-0.3089086413383484,-0.64762282371521,1.0133459568023682
69,source,6,-0.30872708559036255,-0.6424452662467957,1.0138938426971436
69,source,7,-0.3065178394317627,-0.6454238295555115,1.0117595195770264
69,source,8,-0.3072868585586548,-0.6458250284194946,1.0118581056594849
69,source,9,-0.30756664276123047,-0.6424232721328735,1.0133551359176636
69,source,10,-0.30489614605903625,-0.6375241279602051,1.0168285369873047
69,source,11,-0.30975741147994995,-0.6421958208084106,1.013725757598877
69,source,12,-0.3058786988258362,-0.6406746506690979,1.0154002904891968
69,source,13,-0.3062058687210083,-0.6408618092536926,1.010122537612915
69,source,14,-0.3024228811264038,-0.6389225721359253,1.0149508714675903
69,source,15,-0.3036764860153198,-0.6388748288154602,1.0197800397872925
69,source,16,-0.3011922240257263,-0.6410709023475647,1.0126574039459229
69,source,17,-0.3023378551006317,-0.6370391845703125,1.0148760080337524
69,source,18,-0.3036850690841675,-0.6408741474151611,1.0153928995132446
69,source,19,-0.3070981502532959,-0.6413142681121826,1.0171107053756714
69,source,20,-0.3017740249633789,-0.639918863773346,1.0096074342727661
69,source,21,-0.2986544668674469,-0.6348199248313904,1.0112757682800293
69,source,22,-0.30131441354751587,-0.6406409740447998,1.0137100219726562
69,source,23,-0.301993191242218,-0.6393731236457825,1.0144240856170654
69,source,24,-0.3061527907848358,-0.6427515149116516,1.0156375169754028
69,source,25,-0.30631154775619507,-0.6397947072982788,1.0201550722122192
69,source,26,-0.3076854348182678,-0.64057457447052,1.0174787044525146
69,source,27,-0.30080094933509827,-0.6302669644355774,1.019358515739441
69,source,28,-0.2988753914833069,-0.6296738982200623,1.0121681690216064
69,source,29,-0.3075849413871765,-0.6399750113487244,1.0156348943710327
69,source,30,-0.3111225366592407,-0.6404227018356323,1.0141146183013916
69,source,31,-0.3087270259857178,-0.6366241574287415,1.0148351192474365
69,source,32,-0.30945736169815063,-0.6445114612579346,1.0147563219070435
69,source,33,-0.309562087059021,-0.6445269584655762,1.0145725011825562
69,source,34,-0.31211358308792114,-0.6422619819641113,1.0164575576782227
69,source,35,-0.30410701036453247,-0.6369878053665161,1.0173205137252808
69,source,36,-0.3007444143295288,-0.6370925307273865,1.0133581161499023
69,source,37,-0.3081137537956238,-0.6400715708732605,1.0211938619613647
69,source,38,-0.30543094873428345,-0.6398516893386841,1.018248200416565
69,source,39,-0.3044097423553467,-0.6409217119216919,1.0153182744979858
69,source,40,-0.30242860317230225,-0.6381235718727112,1.0167169570922852
69,source,41,-0.3036242723464966,-0.6401986479759216,1.0107741355895996
69,source,42,-0.3018633723258972,-0.6435940861701965,1.0089703798294067
69,source,43,-0.30291712284088135,-0.6405588984489441,1.0121935606002808
69,source,44,-0.301372230052948,-0.6368865370750427,1.0116921663284302
69,source,45,-0.3036961555480957,-0.6425197720527649,1.0160459280014038
69,source,46,-0.30614757537841797,-0.6418073177337646,1.0128192901611328
69,source,47,-0.30988675355911255,-0.6379377245903015,1.0165646076202393
69,source,48,-0.3047919273376465,-0.6451969742774963,1.0097906589508057
69,source,49,-0.30690789222717285,-0.642929196357727,1.0178701877593994
69,source,50,-0.30743616819381714,-0.6377260684967041,1.0162204504013062
69,source,51,-0.30684274435043335,-0.6345258951187134,1.011755347251892
69,source,52,-0.3069879412651062,-0.6346913576126099,1.0105241537094116
69,source,53,-0.308257520198822,-0.6421923041343689,1.008971095085144
69,source,54,-0.30761200189590454,-0.6350117325782776,1.0128220319747925
69,source,55,-0.31131279468536377,-0.6439785361289978,1.0129698514938354
69,source,56,-0.3090575337409973,-0.6377723217010498,1.0066397190093994
69,source,57,-0.3075254559516907,-0.6397104859352112,1.0057936906814575
69,source,58,-0.3075268268585205,-0.6383147239685059,1.0108120441436768
69,source,59,-0.3109130263328552,-0.635823130607605,1.0100678205490112
69,source,60,-0.3079797625541687,-0.6288353800773621,1.0146507024765015
69,source,61,-0.31269949674606323,-0.6369727849960327,1.010865330696106
69,source,62,-0.312075138092041,-0.6343411803245544,1.013646125793457
69,source,63,-0.3104180693626404,-0.6358228921890259,1.012355089187622
69,target,0,-0.2866384983062744,-0.6454529166221619,1.0127549171447754
69,target,1,-0.3076363205909729,-0.6400415301322937,1.0173054933547974
69,target,2,-0.306992769241333,-0.6390756368637085,1.0126168727874756
69,target,3,-0.2988129258155823,-0.6478394865989685,1.0124645233154297
69,target,4,-0.3037267327308655,-0.6312464475631714,1.014444351196289
69,target,5,-0.30487120151519775,-0.6114004850387573,1.018785834312439
69,target,6,-0.31093400716781616,-0.6147778034210205,1.0143414735794067
69,target,7,-0.30380821228027344,-0.6101934313774109,1.007384181022644
69,target,8,-0.3055684566497803,-0.6201379299163818,1.0059154033660889
69,target,9,-0.29275283217430115,-0.6218863129615784,1.010279893875122
69,target,10,-0.29319143295288086,-0.6167351007461548,1.0105749368667603
69,target,11,-0.3003789186477661,-0.6165505051612854,1.0110810995101929
69,target,12,-0.30129069089889526,-0.6213703155517578,1.0082417726516724
69,target,13,-0.29562199115753174,-0.6331101059913635,1.0191423892974854
69,target,14,-0.29971039295196533,-0.6323286294937134,1.0169475078582764
69,target,15,-0.304257869720459,-0.6361129879951477,1.015330195426941
69,target,16,-0.306765615940094,-0.6340286731719971,1.0170276165008545
69,target,17,-0.3047958016395569,-0.6297686696052551,1.0089333057403564
69,target,18,-0.3129872679710388,-0.6295814514160156,1.0158592462539673
69,target,19,-0.3037339150905609,-0.632352352142334,1.0085047483444214
69,target,20,-0.30998361110687256,-0.629819393157959,1.0161141157150269
69,target,21,-0.3059313893318176,-0.6219101548194885,1.015151858329773
69,target,22,-0.30201148986816406,-0.6276763081550598,1.0113346576690674
69,target,23,-0.2955831289291382,-0.6266055107116699,1.0083355903625488
69,target,24,-0.304381787776947,-0.6278786659240723,1.0126415491104126
69,target,25,-0.3031421899795532,-0.6403021812438965,1.0155599117279053
69,target,26,-0.30644679069519043,-0.6430297493934631,1.018621563911438
69,target,27,-0.30291515588760376,-0.6392133831977844,1.0131592750549316
69,target,28,-0.3162180781364441,-0.6441827416419983,1.0220606327056885
69,target,29,-0.30283424258232117,-0.6401799321174622,1.019995093345642
69,target,30,-0.30351972579956055,-0.6444492936134338,1.016629934310913
69,target,31,-0.3074185252189636,-0.6330347061157227,1.012437105178833
69,target,32,-0.3071727752685547,-0.6373108625411987,1.0152567625045776
69,target,33,-0.30685269832611084,-0.6330304741859436,1.0098744630813599
69,target,34,-0.30506378412246704,-0.6326172947883606,1.0118327140808105
69,target,35,-0.30731648206710815,-0.6337148547172546,1.0083380937576294
69,target,36,-0.30508410930633545,-0.6298266649246216,1.0045422315597534
69,target,37,-0.30628079175949097,-0.6340522170066833,1.0093584060668945
69,target,38,-0.30427980422973633,-0.6293032765388489,1.01226806640625
69,target,39,-0.3026488721370697,-0.6328649520874023,1.0070582628250122
69,target,40,-0.29933515191078186,-0.6312691569328308,1.0104990005493164
69,target,41,-0.2944889962673187,-0.6303641200065613,1.0085668563842773
69,target,42,-0.29895713925361633,-0.6342241168022156,1.0026421546936035
69,target,43,-0.2945397198200226,-0.6397677659988403,1.0052413940429688
69,target,44,-0.2987217307090759,-0.6439653038978577,1.0090436935424805
69,target,45,-0.30113673210144043,-0.6364912986755371,1.0056763887405396
69,target,46,-0.28723493218421936,-0.667030394077301,1.039588451385498
69,target,47,-0.2796880602836609,-0.6534683108329773,1.0134836435317993
69,target,48,-0.2717133164405823,-0.6510307192802429,1.013916015625
69,target,49,-0.2881728410720825,-0.6657697558403015,1.043731451034546
69,target,50,-0.3006085753440857,-0.6445931196212769,1.0363370180130005
69,target,51,-0.2985772490501404,-0.6443303823471069,1.017905831336975
69,target,52,-0.29349690675735474,-0.6454659104347229,1.0150667428970337
69,target,53,-0.2998734712600708,-0.646435558795929,1.0149989128112793
69,target,54,-0.29546159505844116,-0.6349380016326904,1.015150547027588
69,target,55,-0.2836218476295471,-0.6445064544677734,1.0122323036193848
69,target,56,-0.28096336126327515,-0.6487532258033752,1.0100593566894531
69,target,57,-0.2889934480190277,-0.6486297249794006,1.0115931034088135
69,target,58,-0.29110896587371826,-0.6473051905632019,1.0124176740646362
69,target,59,-0.288083553314209,-0.6508620977401733,1.0157294273376465
69,target,60,-0.293889582157135,-0.6472638249397278,1.0145806074142456
69,target,61,-0.29218417406082153,-0.6456031799316406,1.0193397998809814
69,target,62,-0.29573965072631836,-0.6483643054962158,1.0133637189865112
69,target,63,-0.28970062732696533,-0.6542627811431885,1.0105361938476562
70,source,0,-0.3241327404975891,-0.6453075408935547,1.0300654172897339
70,source,1,-0.3167453408241272,-0.6425261497497559,1.0246009826660156
70,source,2,-0.3197910189628601,-0.6398639678955078,1.024819254875183
70,source,3,-0.3164202570915222,-0.6450161933898926,1.0195021629333496
70,source,4,-0.31712889671325684,-0.6422456502914429,1.0220739841461182
70,source,5,-0.320328950881958,-0.647746205329895,1.0229994058609009
70,source,6,-0.321916401386261,-0.6456347107887268,1.0240577459335327
70,source,7,-0.31834203004837036,-0.6482973098754883,1.022587537765503
70,source,8,-0.3188210725784302,-0.6442468762397766,1.0195368528366089
70,source,9,-0.32038623094558716,-0.6445794701576233,1.0228755474090576
70,source,10,-0.3153156042098999,-0.6405497789382935,1.0260273218154907
70,source,11,-0.32391345500946045,-0.6456654071807861,1.0252413749694824
70,source,12,-0.31746572256088257,-0.6435708999633789,1.026731252670288
70,source,13,-0.31878572702407837,-0.6426648497581482,1.0207936763763428
70,source,14,-0.31541943550109863,-0.6435419321060181,1.026109218597412
70,source,15,-0.3153120279312134,-0.6343551874160767,1.0281858444213867
70,source,16,-0.31378257274627686,-0.6437418460845947,1.0221019983291626
70,source,17,-0.31393951177597046,-0.6404685974121094,1.0253102779388428
70,source,18,-0.3152921795845032,-0.6426582336425781,1.0256625413894653
70,source,19,-0.3187573552131653,-0.6433541178703308,1.0269460678100586
70,source,20,-0.3124331831932068,-0.6421604752540588,1.0192468166351318
70,source,21,-0.3086143732070923,-0.6364975571632385,1.0224336385726929
70,source,22,-0.31095021963119507,-0.6435515880584717,1.0236574411392212
70,source,23,-0.31303972005844116,-0.6396862864494324,1.023499846458435
70,source,24,-0.3185109496116638,-0.6427890062332153,1.0252819061279297
70,source,25,-0.3177104592323303,-0.6420782804489136,1.029545545578003
70,source,26,-0.31591522693634033,-0.6422708034515381,1.0257549285888672
70,source,27,-0.31375283002853394,-0.6343095302581787,1.0290486812591553
70,source,28,-0.31131649017333984,-0.6288903951644897,1.024407982826233
70,source,29,-0.3215378522872925,-0.6415103673934937,1.026357650756836
70,source,30,-0.32558393478393555,-0.6457692980766296,1.0257318019866943
70,source,31,-0.32307928800582886,-0.6419076323509216,1.025781512260437
70,source,32,-0.32092511653900146,-0.6467178463935852,1.0239540338516235
70,source,33,-0.3219512701034546,-0.6452188491821289,1.023392915725708
70,source,34,-0.32742011547088623,-0.6450777649879456,1.0269110202789307
70,source,35,-0.3178144693374634,-0.6402137875556946,1.0259712934494019
70,source,36,-0.3150680661201477,-0.638618528842926,1.023311972618103
70,source,37,-0.3194844126701355,-0.6398377418518066,1.0293126106262207
70,source,38,-0.318351686000824,-0.6417222023010254,1.0266010761260986
70,source,39,-0.3156130313873291,-0.6434512734413147,1.0238721370697021
70,source,40,-0.31396424770355225,-0.6387925744056702,1.0278074741363525
70,source,41,-0.3170279860496521,-0.6432371139526367,1.0220363140106201
70,source,42,-0.3134880065917969,-0.6451621651649475,1.0206049680709839
70,source,43,-0.3153286576271057,-0.6409664750099182,1.023611307144165
70,source,44,-0.3125510811805725,-0.6386353373527527,1.0211763381958008
70,source,45,-0.3145464062690735,-0.6418174505233765,1.0240696668624878
70,source,46,-0.3204570412635803,-0.6448375582695007,1.0268069505691528
70,source,47,-0.32377326488494873,-0.6404908299446106,1.0278500318527222
70,source,48,-0.3165547847747803,-0.6454662680625916,1.019853115081787
70,source,49,-0.31719017028808594,-0.6424834132194519,1.0264575481414795
70,source,50,-0.3214160203933716,-0.6418586373329163,1.0284994840621948
70,source,51,-0.3188556432723999,-0.6366866827011108,1.021288514137268
70,source,52,-0.3183249831199646,-0.6325582265853882,1.019484519958496
70,source,53,-0.31777632236480713,-0.6415998339653015,1.0191078186035156
70,source,54,-0.3159634470939636,-0.6279374361038208,1.0181819200515747
70,source,55,-0.3211384415626526,-0.6403561234474182,1.0208913087844849
70,source,56,-0.3191577196121216,-0.638956606388092,1.0172545909881592
70,source,57,-0.31739556789398193,-0.6383634209632874,1.0152926445007324
70,source,58,-0.31848347187042236,-0.6374449729919434,1.019467830657959
70,source,59,-0.3214426636695862,-0.6354490518569946,1.0183898210525513
70,source,60,-0.31630003452301025,-0.6322814226150513,1.0210983753204346
70,source,61,-0.3210878372192383,-0.6393444538116455,1.0183165073394775
70,source,62,-0.32344794273376465,-0.6350101828575134,1.0218799114227295
70,source,63,-0.3220401406288147,-0.6371251344680786,1.0199517011642456
70,target,0,-0.2920982837677002,-0.6457908749580383,1.017138957977295
70,target,1,-0.31650352478027344,-0.6441397070884705,1.0240296125411987
70,target,2,-0.3182374835014343,-0.644167959690094,1.021225929260254
70,target,3,-0.3047659695148468,-0.6528456211090088,1.0181524753570557
70,target,4,-0.3105539083480835,-0.6343681812286377,1.0195742845535278
70,target,5,-0.3191140294075012,-0.6131051182746887,1.0257177352905273
70,target,6,-0.32563918828964233,-0.6172412037849426,1.0245461463928223
70,target,7,-0.31101667881011963,-0.6076115965843201,1.0191432237625122
70,target,8,-0.3138584494590759,-0.6185985803604126,1.0184122323989868
70,target,9,-0.3014581799507141,-0.6236396431922913,1.0166963338851929
70,target,10,-0.30309247970581055,-0.6195352077484131,1.0169439315795898
70,target,11,-0.3117602467536926,-0.6210589408874512,1.0199236869812012
70,target,12,-0.311062216758728,-0.6242408752441406,1.0150682926177979
70,target,13,-0.30354049801826477,-0.6355224251747131,1.0260326862335205
70,target,14,-0.30757153034210205,-0.6341936588287354,1.0205727815628052
70,target,15,-0.31240004301071167,-0.6407691836357117,1.0197060108184814
70,target,16,-0.3168541193008423,-0.6415050625801086,1.0213804244995117
70,target,17,-0.3171677589416504,-0.6301277279853821,1.0178053379058838
70,target,18,-0.3220054507255554,-0.6305630803108215,1.0241615772247314
70,target,19,-0.3119412064552307,-0.6294038891792297,1.016654133796692
70,target,20,-0.32022231817245483,-0.6309282779693604,1.0257785320281982
70,target,21,-0.31449204683303833,-0.6243529915809631,1.0287283658981323
70,target,22,-0.3133416175842285,-0.6283243894577026,1.0218799114227295
70,target,23,-0.3016236424446106,-0.629067063331604,1.0130234956741333
70,target,24,-0.3149682283401489,-0.6268136501312256,1.0248498916625977
70,target,25,-0.31419986486434937,-0.6430414915084839,1.0223790407180786
70,target,26,-0.31596988439559937,-0.6475396752357483,1.0246576070785522
70,target,27,-0.31536078453063965,-0.6422399878501892,1.0194822549819946
70,target,28,-0.3299487233161926,-0.64990234375,1.0267878770828247
70,target,29,-0.31019818782806396,-0.6402596831321716,1.0235228538513184
70,target,30,-0.3132215142250061,-0.643182098865509,1.019690990447998
70,target,31,-0.32003724575042725,-0.6345584392547607,1.0191991329193115
70,target,32,-0.3186737298965454,-0.6378263235092163,1.0207953453063965
70,target,33,-0.31746190786361694,-0.6392244100570679,1.018242359161377
70,target,34,-0.31243079900741577,-0.6387351155281067,1.0204579830169678
70,target,35,-0.32069939374923706,-0.6418440937995911,1.0203973054885864
70,target,36,-0.31316548585891724,-0.6316725015640259,1.0117523670196533
70,target,37,-0.31586432456970215,-0.6391335725784302,1.0167021751403809
70,target,38,-0.31487107276916504,-0.6357443332672119,1.0216002464294434
70,target,39,-0.3137747049331665,-0.6357992887496948,1.015864610671997
70,target,40,-0.3090130090713501,-0.6326148509979248,1.018868088722229
70,target,41,-0.30463945865631104,-0.6318535208702087,1.0187883377075195
70,target,42,-0.31001996994018555,-0.6327912211418152,1.012070894241333
70,target,43,-0.3084889054298401,-0.6388552784919739,1.013366937637329
70,target,44,-0.31219255924224854,-0.6407294869422913,1.0166165828704834
70,target,45,-0.314414918422699,-0.6351894736289978,1.0168507099151611
70,target,46,-0.29705268144607544,-0.6704357862472534,1.0457900762557983
70,target,47,-0.28313660621643066,-0.659329354763031,1.016387701034546
70,target,48,-0.2751968502998352,-0.6536467671394348,1.0149036645889282
70,target,49,-0.2955777049064636,-0.6691555380821228,1.0464072227478027
70,target,50,-0.31165194511413574,-0.6418806314468384,1.0457172393798828
70,target,51,-0.308696448802948,-0.6470475792884827,1.0251448154449463
70,target,52,-0.3016846776008606,-0.6477875113487244,1.0193042755126953
70,target,53,-0.31008225679397583,-0.6484894752502441,1.0198183059692383
70,target,54,-0.30494141578674316,-0.6383447647094727,1.019088864326477
70,target,55,-0.29200828075408936,-0.6456077098846436,1.015264630317688
70,target,56,-0.28886350989341736,-0.6497212052345276,1.01284658908844
70,target,57,-0.29745784401893616,-0.6507206559181213,1.0157610177993774
70,target,58,-0.3005465567111969,-0.647070586681366,1.0139377117156982
70,target,59,-0.2949269413948059,-0.6535080671310425,1.018123984336853
70,target,60,-0.30261239409446716,-0.6526622772216797,1.0205843448638916
70,target,61,-0.3012171685695648,-0.6489118337631226,1.0244793891906738
70,target,62,-0.30496153235435486,-0.6527360677719116,1.0202584266662598
70,target,63,-0.2964255213737488,-0.6545467972755432,1.0133092403411865
71,source,0,-0.31340491771698,-0.6401292681694031,1.0221196413040161
71,source,1,-0.3083210587501526,-0.6373770236968994,1.019646167755127
71,source,2,-0.30766361951828003,-0.6401791572570801,1.016064167022705
71,source,3,-0.30628514289855957,-0.6413407921791077,1.0137771368026733
71,source,4,-0.3071860671043396,-0.6399959921836853,1.0137453079223633
71,source,5,-0.30944716930389404,-0.6424574255943298,1.0141315460205078
71,source,6,-0.31065505743026733,-0.640251636505127,1.0149894952774048
71,source,7,-0.3073399066925049,-0.6436477899551392,1.0136833190917969
71,source,8,-0.30911362171173096,-0.639040470123291,1.0131837129592896
71,source,9,-0.30949920415878296,-0.6402069926261902,1.0142043828964233
71,source,10,-0.3062477707862854,-0.6379329562187195,1.019256353378296
71,source,11,-0.31185925006866455,-0.6420060992240906,1.016526699066162
71,source,12,-0.3103150725364685,-0.6386814117431641,1.0193793773651123
71,source,13,-0.31007927656173706,-0.6378661394119263,1.014036774635315
71,source,14,-0.30553215742111206,-0.6369197964668274,1.0185303688049316
71,source,15,-0.30575796961784363,-0.6332487463951111,1.0223416090011597
71,source,16,-0.304119348526001,-0.6395506858825684,1.0151598453521729
71,source,17,-0.3053252696990967,-0.6360639333724976,1.017079472541809
71,source,18,-0.30644428730010986,-0.6388814449310303,1.0178290605545044
71,source,19,-0.3100946545600891,-0.6384035348892212,1.0197798013687134
71,source,20,-0.30346351861953735,-0.639714777469635,1.0132583379745483
71,source,21,-0.30086749792099,-0.634667158126831,1.016762614250183
71,source,22,-0.3026354908943176,-0.6399349570274353,1.0155525207519531
71,source,23,-0.30257394909858704,-0.6374819874763489,1.0154213905334473
71,source,24,-0.3074571490287781,-0.6377624869346619,1.0176770687103271
71,source,25,-0.3082554340362549,-0.6370663642883301,1.0219371318817139
71,source,26,-0.3082903027534485,-0.6369363069534302,1.0196516513824463
71,source,27,-0.30566561222076416,-0.6299026012420654,1.0201866626739502
71,source,28,-0.3030495047569275,-0.6263060569763184,1.0159242153167725
71,source,29,-0.31245434284210205,-0.6362820863723755,1.0198578834533691
71,source,30,-0.3123939037322998,-0.6408382654190063,1.015842318534851
71,source,31,-0.3089143633842468,-0.63759446144104,1.0161762237548828
71,source,32,-0.3111124634742737,-0.6439878940582275,1.015794277191162
71,source,33,-0.312313437461853,-0.6410589814186096,1.0148108005523682
71,source,34,-0.3124659061431885,-0.6398731470108032,1.0169281959533691
71,source,35,-0.3063536286354065,-0.6359080076217651,1.0184162855148315
71,source,36,-0.30607813596725464,-0.6333982348442078,1.0162420272827148
71,source,37,-0.30803215503692627,-0.6346928477287292,1.0208741426467896
71,source,38,-0.30768024921417236,-0.6359989047050476,1.019179105758667
71,source,39,-0.30517375469207764,-0.6386169791221619,1.0163623094558716
71,source,40,-0.30574679374694824,-0.6361072063446045,1.0199737548828125
71,source,41,-0.30760085582733154,-0.6392927765846252,1.0130939483642578
71,source,42,-0.3046613335609436,-0.6426646709442139,1.0124249458312988
71,source,43,-0.3083195686340332,-0.6375940442085266,1.016583800315857
71,source,44,-0.303112268447876,-0.6363216042518616,1.0152617692947388
71,source,45,-0.30655157566070557,-0.6386901140213013,1.0190128087997437
71,source,46,-0.31158673763275146,-0.6393126249313354,1.0178675651550293
71,source,47,-0.3117038607597351,-0.6368407011032104,1.019228458404541
71,source,48,-0.3057805895805359,-0.6439868211746216,1.0138521194458008
71,source,49,-0.3084567189216614,-0.638778030872345,1.0208749771118164
71,source,50,-0.3109400272369385,-0.6343010067939758,1.0200738906860352
71,source,51,-0.3101329803466797,-0.6313270926475525,1.014503836631775
71,source,52,-0.3097294569015503,-0.6303167939186096,1.0120538473129272
71,source,53,-0.3094556927680969,-0.6373287439346313,1.0128709077835083
71,source,54,-0.3094136118888855,-0.6324500441551208,1.0136847496032715
71,source,55,-0.31271493434906006,-0.6386471390724182,1.0140949487686157
71,source,56,-0.31118106842041016,-0.6372528076171875,1.010900616645813
71,source,57,-0.31028181314468384,-0.6363915205001831,1.009714961051941
71,source,58,-0.31094616651535034,-0.6352230906486511,1.0140329599380493
71,source,59,-0.3130795359611511,-0.6333230137825012,1.011164903640747
71,source,60,-0.30970853567123413,-0.6316136121749878,1.0144634246826172
71,source,61,-0.3123224377632141,-0.6370158195495605,1.0133962631225586
71,source,62,-0.3145393133163452,-0.6314610242843628,1.0161049365997314
71,source,63,-0.31480956077575684,-0.6322430372238159,1.01400625705719
71,target,0,-0.28831133246421814,-0.6424445509910583,1.0123286247253418
71,target,1,-0.3139954209327698,-0.6369638442993164,1.021128535270691
71,target,2,-0.31470638513565063,-0.6362743377685547,1.0155572891235352
71,target,3,-0.29879552125930786,-0.6462742686271667,1.0122997760772705
71,target,4,-0.3064357042312622,-0.6314190626144409,1.012831211090088
71,target,5,-0.31317979097366333,-0.6109877228736877,1.0212891101837158
71,target,6,-0.3216645121574402,-0.6153172254562378,1.0165807008743286
71,target,7,-0.3047442138195038,-0.6088848114013672,1.012315034866333
71,target,8,-0.30829715728759766,-0.6193242073059082,1.0115466117858887
71,target,9,-0.2923971116542816,-0.6221897602081299,1.009050726890564
71,target,10,-0.2957347631454468,-0.615824818611145,1.0106289386749268
71,target,11,-0.30319976806640625,-0.6181968450546265,1.0121610164642334
71,target,12,-0.3018794655799866,-0.6201805472373962,1.0083577632904053
71,target,13,-0.2971290349960327,-0.6297352910041809,1.0206067562103271
71,target,14,-0.30002421140670776,-0.6301676630973816,1.0132544040679932
71,target,15,-0.30345720052719116,-0.6327535510063171,1.0101828575134277
71,target,16,-0.3080386519432068,-0.6331183314323425,1.012143611907959
71,target,17,-0.3082469701766968,-0.6251052618026733,1.0109963417053223
71,target,18,-0.3135737180709839,-0.626020073890686,1.0176661014556885
71,target,19,-0.30985569953918457,-0.6276435256004333,1.012807846069336
71,target,20,-0.31260013580322266,-0.6275140047073364,1.0184540748596191
71,target,21,-0.31354355812072754,-0.6194184422492981,1.0239012241363525
71,target,22,-0.30672985315322876,-0.6245628595352173,1.0154831409454346
71,target,23,-0.29655689001083374,-0.6251459121704102,1.00761878490448
71,target,24,-0.30943673849105835,-0.6258283257484436,1.018295168876648
71,target,25,-0.3085606098175049,-0.6357381939888,1.0186837911605835
71,target,26,-0.3086269497871399,-0.6373759508132935,1.0152608156204224
71,target,27,-0.3113325238227844,-0.6337762475013733,1.0139716863632202
71,target,28,-0.3250959515571594,-0.6419937014579773,1.0253591537475586
71,target,29,-0.30155158042907715,-0.636454701423645,1.0170878171920776
71,target,30,-0.30842113494873047,-0.6375228762626648,1.015915870666504
71,target,31,-0.3119601011276245,-0.6290015578269958,1.0128554105758667
71,target,32,-0.3105992078781128,-0.6334277391433716,1.0155128240585327
71,target,33,-0.3111310601234436,-0.6334273219108582,1.0105443000793457
71,target,34,-0.3050984740257263,-0.6339070200920105,1.0124765634536743
71,target,35,-0.311761736869812,-0.634285569190979,1.0125421285629272
71,target,36,-0.309262752532959,-0.6269651055335999,1.006157398223877
71,target,37,-0.31001561880111694,-0.6341875791549683,1.0118932723999023
71,target,38,-0.3080531358718872,-0.6284856796264648,1.0120306015014648
71,target,39,-0.3071264624595642,-0.6313283443450928,1.0101251602172852
71,target,40,-0.30200883746147156,-0.6274016499519348,1.0137618780136108
71,target,41,-0.29800719022750854,-0.6272784471511841,1.0138510465621948
71,target,42,-0.30310019850730896,-0.630500316619873,1.0035330057144165
71,target,43,-0.298504114151001,-0.6361437439918518,1.0082725286483765
71,target,44,-0.3017088770866394,-0.6375254988670349,1.0098258256912231
71,target,45,-0.3021261692047119,-0.6328116655349731,1.0069383382797241
71,target,46,-0.2930484414100647,-0.6629562377929688,1.039992094039917
71,target,47,-0.2800789475440979,-0.6548823118209839,1.0139180421829224
71,target,48,-0.2720607817173004,-0.6494224667549133,1.0098872184753418
71,target,49,-0.29474085569381714,-0.6623796224594116,1.0443311929702759
71,target,50,-0.3071625232696533,-0.6365585923194885,1.039690613746643
71,target,51,-0.3014364540576935,-0.6418468356132507,1.0181902647018433
71,target,52,-0.2948554754257202,-0.6439012289047241,1.0156623125076294
71,target,53,-0.3026370406150818,-0.6430367231369019,1.0148366689682007
71,target,54,-0.3001345098018646,-0.6325626969337463,1.014309287071228
71,target,55,-0.2881154417991638,-0.6421118378639221,1.0113935470581055
71,target,56,-0.28305941820144653,-0.646884024143219,1.0088988542556763
71,target,57,-0.29038071632385254,-0.645915687084198,1.0125086307525635
71,target,58,-0.2911919355392456,-0.6437695026397705,1.0104871988296509
71,target,59,-0.28926870226860046,-0.6474040746688843,1.0138494968414307
71,target,60,-0.2964193820953369,-0.6474471688270569,1.0155028104782104
71,target,61,-0.2952476739883423,-0.6447356939315796,1.0190783739089966
71,target,62,-0.29871973395347595,-0.6488586664199829,1.0132805109024048
71,target,63,-0.2912188172340393,-0.6491061449050903,1.0098286867141724
72,source,0,-0.31722939014434814,-0.6450364589691162,1.0295675992965698
72,source,1,-0.3109496235847473,-0.643638551235199,1.0266162157058716
72,source,2,-0.31221330165863037,-0.6451900005340576,1.023559808731079
72,source,3,-0.3106897473335266,-0.6481034755706787,1.0229122638702393
72,source,4,-0.3112502694129944,-0.6454360485076904,1.0222032070159912
72,source,5,-0.31464940309524536,-0.6485732793807983,1.023364782333374
72,source,6,-0.31332314014434814,-0.6451908946037292,1.0233261585235596
72,source,7,-0.31050175428390503,-0.6469420194625854,1.0224370956420898
72,source,8,-0.3129197359085083,-0.6462362408638,1.022127628326416
72,source,9,-0.3140905499458313,-0.6450151801109314,1.0226466655731201
72,source,10,-0.3088299036026001,-0.6445885300636292,1.025980830192566
72,source,11,-0.31507617235183716,-0.6469860076904297,1.0241619348526
72,source,12,-0.31151747703552246,-0.6453064680099487,1.0262291431427002
72,source,13,-0.3120291233062744,-0.645452618598938,1.0215131044387817
72,source,14,-0.3107278347015381,-0.645710289478302,1.0253283977508545
72,source,15,-0.3084702491760254,-0.6403107643127441,1.02744722366333
72,source,16,-0.309043288230896,-0.6449583172798157,1.023758888244629
72,source,17,-0.30872273445129395,-0.6443327069282532,1.025974154472351
72,source,18,-0.3102976083755493,-0.6476946473121643,1.0249783992767334
72,source,19,-0.3125743865966797,-0.6452491283416748,1.0276468992233276
72,source,20,-0.3082119822502136,-0.647737443447113,1.0210213661193848
72,source,21,-0.30565980076789856,-0.6437252759933472,1.0233795642852783
72,source,22,-0.30813753604888916,-0.6479847431182861,1.023325800895691
72,source,23,-0.310408353805542,-0.6464155912399292,1.0236707925796509
72,source,24,-0.31329184770584106,-0.6463905572891235,1.0249879360198975
72,source,25,-0.3131207823753357,-0.645632803440094,1.0301567316055298
72,source,26,-0.31157058477401733,-0.6468057036399841,1.02644681930542
72,source,27,-0.3072963356971741,-0.638645589351654,1.0264132022857666
72,source,28,-0.308063805103302,-0.6387410759925842,1.0243533849716187
72,source,29,-0.3130330443382263,-0.6441914439201355,1.0262221097946167
72,source,30,-0.3169859051704407,-0.6456460356712341,1.0238288640975952
72,source,31,-0.3155781626701355,-0.642807126045227,1.0238019227981567
72,source,32,-0.313901424407959,-0.6503720283508301,1.0244910717010498
72,source,33,-0.3163851499557495,-0.6475895047187805,1.0237798690795898
72,source,34,-0.3191189169883728,-0.6466546058654785,1.0264575481414795
72,source,35,-0.31234651803970337,-0.6425975561141968,1.0258959531784058
72,source,36,-0.30747997760772705,-0.6417072415351868,1.0234419107437134
72,source,37,-0.31392133235931396,-0.6425089836120605,1.028285264968872
72,source,38,-0.31156420707702637,-0.6433876752853394,1.0277585983276367
72,source,39,-0.31070423126220703,-0.6469457745552063,1.0244100093841553
72,source,40,-0.3065145015716553,-0.6416648626327515,1.0246336460113525
72,source,41,-0.30965089797973633,-0.6421539187431335,1.0207995176315308
72,source,42,-0.30851614475250244,-0.645966112613678,1.0205644369125366
72,source,43,-0.30999356508255005,-0.6418420672416687,1.0235921144485474
72,source,44,-0.30937373638153076,-0.6442195177078247,1.0235633850097656
72,source,45,-0.3090447783470154,-0.6472526788711548,1.0258169174194336
72,source,46,-0.31335216760635376,-0.6475326418876648,1.0253698825836182
72,source,47,-0.31513863801956177,-0.6444747447967529,1.0276212692260742
72,source,48,-0.31130969524383545,-0.6485863327980042,1.0211735963821411
72,source,49,-0.3114408850669861,-0.6451568007469177,1.027300477027893
72,source,50,-0.3169427514076233,-0.6435919404029846,1.0280635356903076
72,source,51,-0.3158571124076843,-0.639556348323822,1.024539828300476
72,source,52,-0.3161661624908447,-0.637306272983551,1.0204471349716187
72,source,53,-0.31669706106185913,-0.6439192295074463,1.020735263824463
72,source,54,-0.3164283037185669,-0.6353968977928162,1.0204986333847046
72,source,55,-0.3198438286781311,-0.6426385045051575,1.0219959020614624
72,source,56,-0.3173567056655884,-0.640904426574707,1.0203810930252075
72,source,57,-0.3160545825958252,-0.6413048505783081,1.018833041191101
72,source,58,-0.3172301650047302,-0.638945460319519,1.0230176448822021
72,source,59,-0.32034432888031006,-0.6368338465690613,1.0225306749343872
72,source,60,-0.3151998519897461,-0.6375320553779602,1.0210771560668945
72,source,61,-0.3167837858200073,-0.6434280276298523,1.0209165811538696
72,source,62,-0.3188397288322449,-0.6405166387557983,1.0230891704559326
72,source,63,-0.31728869676589966,-0.6400447487831116,1.0225255489349365
72,target,0,-0.2973187267780304,-0.6534188389778137,1.025901436805725
72,target,1,-0.31693994998931885,-0.6481829881668091,1.0316293239593506
72,target,2,-0.31580108404159546,-0.6479008793830872,1.0263618230819702
72,target,3,-0.30418434739112854,-0.6527318954467773,1.0218250751495361
72,target,4,-0.31159377098083496,-0.6359164714813232,1.0228891372680664
72,target,5,-0.31583094596862793,-0.6174996495246887,1.0250425338745117
72,target,6,-0.32393187284469604,-0.6205727458000183,1.0236732959747314
72,target,7,-0.3104785084724426,-0.6180972456932068,1.019472599029541
72,target,8,-0.3120732307434082,-0.6265683770179749,1.0191770792007446
72,target,9,-0.3027544915676117,-0.6318539977073669,1.0192763805389404
72,target,10,-0.30547812581062317,-0.6250061988830566,1.0218157768249512
72,target,11,-0.3093879818916321,-0.6272899508476257,1.0220792293548584
72,target,12,-0.31073278188705444,-0.6300147175788879,1.0190092325210571
72,target,13,-0.3021634817123413,-0.6429159045219421,1.0286130905151367
72,target,14,-0.3040192425251007,-0.6376107931137085,1.0214024782180786
72,target,15,-0.30753493309020996,-0.639644205570221,1.0183286666870117
72,target,16,-0.31188029050827026,-0.639028012752533,1.0210589170455933
72,target,17,-0.31321847438812256,-0.6331409811973572,1.0199577808380127
72,target,18,-0.3185797333717346,-0.6345564126968384,1.0231250524520874
72,target,19,-0.3155044913291931,-0.636925220489502,1.022063136100769
72,target,20,-0.31986188888549805,-0.6358739137649536,1.024856448173523
72,target,21,-0.31468701362609863,-0.6293138861656189,1.0276293754577637
72,target,22,-0.3120651841163635,-0.63393634557724,1.022425651550293
72,target,23,-0.30352771282196045,-0.6354902982711792,1.0185606479644775
72,target,24,-0.3146960735321045,-0.6320546269416809,1.0241632461547852
72,target,25,-0.31117457151412964,-0.6462364196777344,1.0279903411865234
72,target,26,-0.31600064039230347,-0.6444616913795471,1.0274875164031982
72,target,27,-0.3125349283218384,-0.6450782418251038,1.0246546268463135
72,target,28,-0.3220157027244568,-0.6490514874458313,1.0299022197723389
72,target,29,-0.3086523413658142,-0.6423935890197754,1.0267025232315063
72,target,30,-0.30797290802001953,-0.6449222564697266,1.022608995437622
72,target,31,-0.3161187171936035,-0.6361937522888184,1.0217466354370117
72,target,32,-0.3139148950576782,-0.6398706436157227,1.0230154991149902
72,target,33,-0.3142890930175781,-0.6422696709632874,1.0227680206298828
72,target,34,-0.3089998960494995,-0.6385527849197388,1.022567629814148
72,target,35,-0.3190078139305115,-0.645031750202179,1.0225201845169067
72,target,36,-0.3134579062461853,-0.636553168296814,1.016664743423462
72,target,37,-0.3146709203720093,-0.6431666016578674,1.0210275650024414
72,target,38,-0.31247270107269287,-0.6383916139602661,1.022934079170227
72,target,39,-0.3134152293205261,-0.6403660774230957,1.020601749420166
72,target,40,-0.31176841259002686,-0.6364899277687073,1.0231250524520874
72,target,41,-0.30815768241882324,-0.6376540064811707,1.0242810249328613
72,target,42,-0.3058564066886902,-0.6404554843902588,1.0124496221542358
72,target,43,-0.3047599196434021,-0.6448886394500732,1.0156959295272827
72,target,44,-0.3061572313308716,-0.6466203331947327,1.018280029296875
72,target,45,-0.3082926273345947,-0.6408631205558777,1.0147755146026611
72,target,46,-0.296947717666626,-0.6709986925125122,1.0497817993164062
72,target,47,-0.2856138348579407,-0.6622991561889648,1.0237826108932495
72,target,48,-0.2799408435821533,-0.6585246920585632,1.0227069854736328
72,target,49,-0.29592975974082947,-0.6695005893707275,1.0527708530426025
72,target,50,-0.31068456172943115,-0.6500210165977478,1.0495280027389526
72,target,51,-0.3043185770511627,-0.6484299302101135,1.0272396802902222
72,target,52,-0.300321102142334,-0.6515565514564514,1.0254590511322021
72,target,53,-0.30580151081085205,-0.649308443069458,1.0244842767715454
72,target,54,-0.301514595746994,-0.6426239013671875,1.0238960981369019
72,target,55,-0.29093581438064575,-0.6475529074668884,1.0209296941757202
72,target,56,-0.289724737405777,-0.6530006527900696,1.0210727453231812
72,target,57,-0.2949954867362976,-0.6527124047279358,1.021781086921692
72,target,58,-0.29686886072158813,-0.6492624878883362,1.0217652320861816
72,target,59,-0.2953006625175476,-0.6533373594284058,1.0247231721878052
72,target,60,-0.30130138993263245,-0.6541804075241089,1.0275423526763916
72,target,61,-0.3007204234600067,-0.6518441438674927,1.0313516855239868
72,target,62,-0.30324721336364746,-0.6548713445663452,1.0252177715301514
72,target,63,-0.2975856363773346,-0.6554889678955078,1.022436261177063
73,source,0,-0.31727564334869385,-0.6460166573524475,1.0233054161071777
73,source,1,-0.31118667125701904,-0.6439628005027771,1.01943039894104
73,source,2,-0.3128858208656311,-0.6455300450325012,1.018458604812622
73,source,3,-0.31151968240737915,-0.6479549407958984,1.0169767141342163
73,source,4,-0.3121960759162903,-0.6466010212898254,1.0194318294525146
73,source,5,-0.3137938380241394,-0.6501220464706421,1.017714500427246
73,source,6,-0.31367456912994385,-0.6462610363960266,1.017411231994629
73,source,7,-0.30995094776153564,-0.6479102373123169,1.0157512426376343
73,source,8,-0.3135002851486206,-0.6483237147331238,1.0175338983535767
73,source,9,-0.31396323442459106,-0.6460422277450562,1.017777919769287
73,source,10,-0.3112083673477173,-0.6460550427436829,1.0220860242843628
73,source,11,-0.31618720293045044,-0.649510383605957,1.0206332206726074
73,source,12,-0.31459593772888184,-0.644535481929779,1.0213072299957275
73,source,13,-0.3133775591850281,-0.6473746299743652,1.0176273584365845
73,source,14,-0.3098546266555786,-0.6449109315872192,1.0194482803344727
73,source,15,-0.3091903328895569,-0.6421855092048645,1.022520899772644
73,source,16,-0.3088276982307434,-0.6469969749450684,1.0179462432861328
73,source,17,-0.3090689778327942,-0.6457608342170715,1.0202580690383911
73,source,18,-0.30931299924850464,-0.6482418179512024,1.0190422534942627
73,source,19,-0.31546539068222046,-0.647520124912262,1.0226014852523804
73,source,20,-0.3110634684562683,-0.6470116972923279,1.017378807067871
73,source,21,-0.30849653482437134,-0.6436923742294312,1.0194122791290283
73,source,22,-0.3100482225418091,-0.6478896141052246,1.020203709602356
73,source,23,-0.31097733974456787,-0.6445294618606567,1.0204468965530396
73,source,24,-0.313717782497406,-0.6462501287460327,1.0212550163269043
73,source,25,-0.31389546394348145,-0.6452952027320862,1.02351975440979
73,source,26,-0.3143380284309387,-0.6435468792915344,1.02218496799469
73,source,27,-0.308157742023468,-0.6389108896255493,1.0205373764038086
73,source,28,-0.3077685832977295,-0.635246217250824,1.0183472633361816
73,source,29,-0.31600284576416016,-0.6477888822555542,1.0219297409057617
73,source,30,-0.3176758885383606,-0.6471841335296631,1.0197227001190186
73,source,31,-0.3160010576248169,-0.6452364325523376,1.020404577255249
73,source,32,-0.3158861994743347,-0.6524247527122498,1.0209838151931763
73,source,33,-0.3151633143424988,-0.6493977904319763,1.0196571350097656
73,source,34,-0.31864750385284424,-0.6470510363578796,1.0213991403579712
73,source,35,-0.31209057569503784,-0.6415138840675354,1.0198431015014648
73,source,36,-0.30788326263427734,-0.6411411762237549,1.0173648595809937
73,source,37,-0.3146663308143616,-0.6426053047180176,1.0247896909713745
73,source,38,-0.31254202127456665,-0.6437179446220398,1.0216336250305176
73,source,39,-0.3113405108451843,-0.6481205224990845,1.0208789110183716
73,source,40,-0.30721163749694824,-0.6420148015022278,1.0198190212249756
73,source,41,-0.31014466285705566,-0.6424965262413025,1.01625657081604
73,source,42,-0.3087835907936096,-0.6456592679023743,1.0153800249099731
73,source,43,-0.31146156787872314,-0.6430390477180481,1.0182231664657593
73,source,44,-0.31134772300720215,-0.6462542414665222,1.019654393196106
73,source,45,-0.31211698055267334,-0.6477094888687134,1.0206208229064941
73,source,46,-0.31347256898880005,-0.6493927240371704,1.0201410055160522
73,source,47,-0.3164907693862915,-0.6442139148712158,1.0225169658660889
73,source,48,-0.31242072582244873,-0.6491904854774475,1.0169733762741089
73,source,49,-0.3146745562553406,-0.6456058025360107,1.0222336053848267
73,source,50,-0.31311750411987305,-0.6428337097167969,1.0237489938735962
73,source,51,-0.31244564056396484,-0.6405320763587952,1.0185528993606567
73,source,52,-0.3130108118057251,-0.6376980543136597,1.0167145729064941
73,source,53,-0.31504082679748535,-0.643854558467865,1.0183703899383545
73,source,54,-0.31444597244262695,-0.6392142176628113,1.0182785987854004
73,source,55,-0.3167707920074463,-0.6448289752006531,1.0186372995376587
73,source,56,-0.31468677520751953,-0.6438913345336914,1.0152283906936646
73,source,57,-0.3133997917175293,-0.6440718173980713,1.0141643285751343
73,source,58,-0.3157893419265747,-0.6421142816543579,1.0186847448349
73,source,59,-0.31798529624938965,-0.6395665407180786,1.0179469585418701
73,source,60,-0.31534022092819214,-0.6404722929000854,1.0198341608047485
73,source,61,-0.3161352276802063,-0.6449238657951355,1.019352912902832
73,source,62,-0.31881481409072876,-0.6412020325660706,1.0208631753921509
73,source,63,-0.31617146730422974,-0.6435714960098267,1.0187158584594727
73,target,0,-0.2947993874549866,-0.6505927443504333,1.0192811489105225
73,target,1,-0.31551653146743774,-0.6452493667602539,1.024275541305542
73,target,2,-0.3120386600494385,-0.6460378766059875,1.0176247358322144
73,target,3,-0.3030402660369873,-0.6518169641494751,1.017519235610962
73,target,4,-0.31010931730270386,-0.6389259099960327,1.0179483890533447
73,target,5,-0.31580978631973267,-0.6148749589920044,1.022064447402954
73,target,6,-0.32293665409088135,-0.6197199821472168,1.0186344385147095
73,target,7,-0.311232328414917,-0.6161030530929565,1.0146992206573486
73,target,8,-0.31186163425445557,-0.6211271286010742,1.0101776123046875
73,target,9,-0.3010253310203552,-0.6314318776130676,1.016279697418213
73,target,10,-0.3037049174308777,-0.6268731355667114,1.0160586833953857
73,target,11,-0.30900537967681885,-0.62751704454422,1.0178464651107788
73,target,12,-0.31055861711502075,-0.6337344646453857,1.015108585357666
73,target,13,-0.3012597858905792,-0.6379697322845459,1.0247541666030884
73,target,14,-0.30295273661613464,-0.6371026635169983,1.0187783241271973
73,target,15,-0.3054584264755249,-0.6415936350822449,1.0155326128005981
73,target,16,-0.3089788556098938,-0.6401430368423462,1.0172865390777588
73,target,17,-0.3119073510169983,-0.6359966993331909,1.0141526460647583
73,target,18,-0.31773841381073,-0.6358091235160828,1.0197910070419312
73,target,19,-0.3162737488746643,-0.6369366645812988,1.01832914352417
73,target,20,-0.31803202629089355,-0.6344805359840393,1.0225913524627686
73,target,21,-0.31459909677505493,-0.6251501441001892,1.022396206855774
73,target,22,-0.31081998348236084,-0.6329470872879028,1.0183424949645996
73,target,23,-0.3064970374107361,-0.6345663070678711,1.013077974319458
73,target,24,-0.31178462505340576,-0.6278606653213501,1.020012617111206
73,target,25,-0.3096972703933716,-0.6427083611488342,1.0204983949661255
73,target,26,-0.31361788511276245,-0.6483924388885498,1.0218883752822876
73,target,27,-0.30738943815231323,-0.6439098119735718,1.0172548294067383
73,target,28,-0.3187710642814636,-0.6525551080703735,1.0244114398956299
73,target,29,-0.30889832973480225,-0.6440586447715759,1.0257941484451294
73,target,30,-0.30809301137924194,-0.6482030153274536,1.0223767757415771
73,target,31,-0.31841015815734863,-0.6391807198524475,1.0188449621200562
73,target,32,-0.3155897855758667,-0.6408684253692627,1.020656704902649
73,target,33,-0.3127650022506714,-0.6436976790428162,1.0177834033966064
73,target,34,-0.3108108639717102,-0.6406347155570984,1.0191514492034912
73,target,35,-0.31553298234939575,-0.6463021039962769,1.0204061269760132
73,target,36,-0.3082699179649353,-0.6366335153579712,1.009190320968628
73,target,37,-0.3109838366508484,-0.6436535716056824,1.0138804912567139
73,target,38,-0.3132314682006836,-0.6386100053787231,1.0185201168060303
73,target,39,-0.30840933322906494,-0.6412228345870972,1.0144298076629639
73,target,40,-0.30638307332992554,-0.6391255855560303,1.0178550481796265
73,target,41,-0.30370622873306274,-0.6373406648635864,1.015386939048767
73,target,42,-0.30565232038497925,-0.6406390070915222,1.0057778358459473
73,target,43,-0.3050187826156616,-0.6464734077453613,1.010910987854004
73,target,44,-0.3064221739768982,-0.6488215923309326,1.0142101049423218
73,target,45,-0.30932819843292236,-0.6425994634628296,1.0102123022079468
73,target,46,-0.29667913913726807,-0.6686778664588928,1.0409272909164429
73,target,47,-0.28712528944015503,-0.6595249176025391,1.019228458404541
73,target,48,-0.28064870834350586,-0.6554550528526306,1.0183736085891724
73,target,49,-0.29801470041275024,-0.6682533621788025,1.0436193943023682
73,target,50,-0.31057316064834595,-0.6426105499267578,1.0417566299438477
73,target,51,-0.3063403367996216,-0.6488054990768433,1.024362325668335
73,target,52,-0.3011685311794281,-0.6497424244880676,1.0215671062469482
73,target,53,-0.30510756373405457,-0.6511268019676208,1.020222783088684
73,target,54,-0.30596858263015747,-0.6425050497055054,1.0223774909973145
73,target,55,-0.29351675510406494,-0.6458542346954346,1.0180625915527344
73,target,56,-0.28889402747154236,-0.6528943777084351,1.0160540342330933
73,target,57,-0.2963356375694275,-0.6535681486129761,1.0189099311828613
73,target,58,-0.29882505536079407,-0.6500119566917419,1.0171887874603271
73,target,59,-0.295734167098999,-0.6530844569206238,1.021301507949829
73,target,60,-0.3030071258544922,-0.6542671322822571,1.0226104259490967
73,target,61,-0.30189377069473267,-0.6515724658966064,1.0258457660675049
73,target,62,-0.3039362132549286,-0.6544328927993774,1.019120454788208
73,target,63,-0.2963584065437317,-0.6575387716293335,1.0161643028259277
74,source,0,-0.3129009008407593,-0.648524284362793,1.0271084308624268
74,source,1,-0.3078140616416931,-0.6464272141456604,1.0247938632965088
74,source,2,-0.3069832921028137,-0.648177444934845,1.0214817523956299
74,source,3,-0.30558347702026367,-0.6474846601486206,1.0179437398910522
74,source,4,-0.3067774772644043,-0.6465876698493958,1.0207030773162842
74,source,5,-0.30775684118270874,-0.649804949760437,1.0196166038513184
74,source,6,-0.3093739151954651,-0.6480004191398621,1.020222544670105
74,source,7,-0.3056026101112366,-0.6486483216285706,1.0193907022476196
74,source,8,-0.3079080581665039,-0.6478692293167114,1.0192139148712158
74,source,9,-0.30899757146835327,-0.6475092768669128,1.0214512348175049
74,source,10,-0.3059583902359009,-0.6452213525772095,1.0234174728393555
74,source,11,-0.3111146092414856,-0.6499367356300354,1.02330482006073
74,source,12,-0.30938392877578735,-0.6456203460693359,1.0241361856460571
74,source,13,-0.3087884783744812,-0.6483201384544373,1.0205975770950317
74,source,14,-0.30428022146224976,-0.6500661969184875,1.0257627964019775
74,source,15,-0.3060287833213806,-0.6438537240028381,1.027099847793579
74,source,16,-0.3049025535583496,-0.6499590277671814,1.0227199792861938
74,source,17,-0.30579543113708496,-0.6481791138648987,1.0239471197128296
74,source,18,-0.3058789074420929,-0.6498027443885803,1.0241891145706177
74,source,19,-0.31075841188430786,-0.6473443508148193,1.0263031721115112
74,source,20,-0.3052230477333069,-0.6486234068870544,1.018797516822815
74,source,21,-0.3016655445098877,-0.6462754011154175,1.0213580131530762
74,source,22,-0.30299240350723267,-0.6527320146560669,1.0244914293289185
74,source,23,-0.30360686779022217,-0.6492703557014465,1.0244009494781494
74,source,24,-0.3086225390434265,-0.6506312489509583,1.0255072116851807
74,source,25,-0.30778831243515015,-0.6498189568519592,1.0281100273132324
74,source,26,-0.30790281295776367,-0.6463480591773987,1.0252927541732788
74,source,27,-0.30582839250564575,-0.6408792734146118,1.0261871814727783
74,source,28,-0.30461403727531433,-0.6379599571228027,1.0233755111694336
74,source,29,-0.3107007145881653,-0.6457067131996155,1.0248559713363647
74,source,30,-0.310355544090271,-0.6483293771743774,1.0204354524612427
74,source,31,-0.30959105491638184,-0.6472344994544983,1.0219495296478271
74,source,32,-0.3092496395111084,-0.6504972577095032,1.0220545530319214
74,source,33,-0.3088613748550415,-0.6507192254066467,1.0215610265731812
74,source,34,-0.3137935996055603,-0.6497329473495483,1.026910424232483
74,source,35,-0.3065795302391052,-0.6422051787376404,1.022438406944275
74,source,36,-0.30528298020362854,-0.6447589993476868,1.0223199129104614
74,source,37,-0.3086327910423279,-0.6445561051368713,1.0273841619491577
74,source,38,-0.3076871633529663,-0.6472785472869873,1.0260742902755737
74,source,39,-0.30519574880599976,-0.6508781313896179,1.0244306325912476
74,source,40,-0.30278944969177246,-0.6423919200897217,1.0224579572677612
74,source,41,-0.3053284287452698,-0.6465303301811218,1.019412875175476
74,source,42,-0.3042563498020172,-0.649242103099823,1.0183528661727905
74,source,43,-0.3064744472503662,-0.6449951529502869,1.0205779075622559
74,source,44,-0.3045307695865631,-0.6478726267814636,1.0212020874023438
74,source,45,-0.30690938234329224,-0.6476344466209412,1.0238221883773804
74,source,46,-0.30856138467788696,-0.6510544419288635,1.0226256847381592
74,source,47,-0.3111681342124939,-0.6460943222045898,1.024088978767395
74,source,48,-0.30638933181762695,-0.6503354907035828,1.0180940628051758
74,source,49,-0.30820006132125854,-0.6459888815879822,1.0238986015319824
74,source,50,-0.31158095598220825,-0.6423467397689819,1.0255184173583984
74,source,51,-0.31037747859954834,-0.6399023532867432,1.021627426147461
74,source,52,-0.30991649627685547,-0.6367013454437256,1.016849160194397
74,source,53,-0.3100879192352295,-0.6424989104270935,1.016710638999939
74,source,54,-0.3103711009025574,-0.6362139582633972,1.018619179725647
74,source,55,-0.31296026706695557,-0.6440445184707642,1.0187615156173706
74,source,56,-0.31149792671203613,-0.6437502503395081,1.016614317893982
74,source,57,-0.3103775978088379,-0.6430918574333191,1.0157809257507324
74,source,58,-0.3120127320289612,-0.6415377855300903,1.0190434455871582
74,source,59,-0.312966525554657,-0.6392161846160889,1.0187923908233643
74,source,60,-0.30995750427246094,-0.6382196545600891,1.018472671508789
74,source,61,-0.31191784143447876,-0.6425697207450867,1.0174790620803833
74,source,62,-0.3146911859512329,-0.6388475894927979,1.0209144353866577
74,source,63,-0.3118475079536438,-0.6405421495437622,1.0185664892196655
74,target,0,-0.2899141311645508,-0.6491096615791321,1.0202547311782837
74,target,1,-0.3111041784286499,-0.6450177431106567,1.0263484716415405
74,target,2,-0.30899322032928467,-0.6455628275871277,1.0197277069091797
74,target,3,-0.3003373444080353,-0.6492622494697571,1.0190060138702393
74,target,4,-0.3053063154220581,-0.6373769044876099,1.0185818672180176
74,target,5,-0.31613099575042725,-0.6202749609947205,1.0249912738800049
74,target,6,-0.3229098916053772,-0.6245858669281006,1.0217653512954712
74,target,7,-0.30861395597457886,-0.6209485530853271,1.0143147706985474
74,target,8,-0.3115164041519165,-0.6262686252593994,1.015627384185791
74,target,9,-0.2963758111000061,-0.6321735382080078,1.0170196294784546
74,target,10,-0.2961946129798889,-0.6296207308769226,1.0142748355865479
74,target,11,-0.30479514598846436,-0.6291419267654419,1.017057180404663
74,target,12,-0.3015645742416382,-0.6356990337371826,1.0123993158340454
74,target,13,-0.30022138357162476,-0.638684093952179,1.0264005661010742
74,target,14,-0.3015650510787964,-0.6388809084892273,1.02001953125
74,target,15,-0.30474144220352173,-0.6397848725318909,1.0172909498214722
74,target,16,-0.30756330490112305,-0.6395360827445984,1.0198493003845215
74,target,17,-0.3098376989364624,-0.6352425813674927,1.017118215560913
74,target,18,-0.3170735239982605,-0.6392833590507507,1.0212798118591309
74,target,19,-0.3120284676551819,-0.6380780935287476,1.0177499055862427
74,target,20,-0.3174450993537903,-0.6370423436164856,1.0228204727172852
74,target,21,-0.31462448835372925,-0.6269147396087646,1.023602843284607
74,target,22,-0.30722349882125854,-0.6348718404769897,1.0179635286331177
74,target,23,-0.29997944831848145,-0.636259138584137,1.0147395133972168
74,target,24,-0.31230688095092773,-0.6333490014076233,1.02088463306427
74,target,25,-0.3090193271636963,-0.643738329410553,1.0253093242645264
74,target,26,-0.30791550874710083,-0.6474372744560242,1.0227508544921875
74,target,27,-0.3056914806365967,-0.6436704397201538,1.0195930004119873
74,target,28,-0.31988298892974854,-0.6511952877044678,1.0278998613357544
74,target,29,-0.30427345633506775,-0.6434534192085266,1.0245563983917236
74,target,30,-0.30791646242141724,-0.6429706811904907,1.023353934288025
74,target,31,-0.3153039216995239,-0.6390309929847717,1.0188864469528198
74,target,32,-0.31176096200942993,-0.641501247882843,1.021466851234436
74,target,33,-0.3054337501525879,-0.6413787007331848,1.0145995616912842
74,target,34,-0.30553457140922546,-0.6398330926895142,1.0188257694244385
74,target,35,-0.30856406688690186,-0.644801914691925,1.0149989128112793
74,target,36,-0.3097314238548279,-0.6367570161819458,1.012797236442566
74,target,37,-0.3064877390861511,-0.6419639587402344,1.0142852067947388
74,target,38,-0.3055025637149811,-0.6381271481513977,1.0161097049713135
74,target,39,-0.30533504486083984,-0.6396568417549133,1.0144115686416626
74,target,40,-0.30350446701049805,-0.6404333114624023,1.0175694227218628
74,target,41,-0.29927462339401245,-0.6379492878913879,1.0155034065246582
74,target,42,-0.3037247061729431,-0.6393498778343201,1.009685754776001
74,target,43,-0.30204150080680847,-0.6452018618583679,1.0144591331481934
74,target,44,-0.3031874895095825,-0.6469300985336304,1.0162248611450195
74,target,45,-0.3056975305080414,-0.6433529853820801,1.0122861862182617
74,target,46,-0.2917088270187378,-0.6666145920753479,1.0439586639404297
74,target,47,-0.2814372777938843,-0.657223105430603,1.0188506841659546
74,target,48,-0.2743029296398163,-0.65183025598526,1.016897201538086
74,target,49,-0.2940290570259094,-0.6653760075569153,1.0450730323791504
74,target,50,-0.30721789598464966,-0.6458927392959595,1.0414774417877197
74,target,51,-0.29992252588272095,-0.6474118232727051,1.0237622261047363
74,target,52,-0.2963126301765442,-0.6487076282501221,1.0221610069274902
74,target,53,-0.301120787858963,-0.649267852306366,1.0201315879821777
74,target,54,-0.2982292175292969,-0.6406041383743286,1.022428035736084
74,target,55,-0.2895541191101074,-0.6455556750297546,1.0190023183822632
74,target,56,-0.2843388319015503,-0.6526741981506348,1.0160694122314453
74,target,57,-0.2924627661705017,-0.6507746577262878,1.0186101198196411
74,target,58,-0.29450321197509766,-0.650484025478363,1.017627477645874
74,target,59,-0.2907199263572693,-0.6511432528495789,1.0212996006011963
74,target,60,-0.2954897880554199,-0.6516101956367493,1.0200200080871582
74,target,61,-0.2948637306690216,-0.6486256122589111,1.0230880975723267
74,target,62,-0.2969415783882141,-0.6539784669876099,1.0177541971206665
74,target,63,-0.2880955934524536,-0.6542631387710571,1.0132604837417603
75,source,0,-0.3145952820777893,-0.6519384384155273,1.0256130695343018
75,source,1,-0.30995476245880127,-0.6513352990150452,1.022755742073059
75,source,2,-0.30987489223480225,-0.6529695987701416,1.0205137729644775
75,source,3,-0.3087491989135742,-0.6535869240760803,1.0166528224945068
75,source,4,-0.31030285358428955,-0.6547740697860718,1.019895315170288
75,source,5,-0.3107084035873413,-0.6574142575263977,1.0196996927261353
75,source,6,-0.3096771836280823,-0.652710497379303,1.0182948112487793
75,source,7,-0.308587908744812,-0.6562497615814209,1.0192713737487793
75,source,8,-0.3108253479003906,-0.6553952097892761,1.018645167350769
75,source,9,-0.31102317571640015,-0.6528887152671814,1.0202090740203857
75,source,10,-0.3095657229423523,-0.6522938013076782,1.0222643613815308
75,source,11,-0.3126739263534546,-0.6545338034629822,1.0204648971557617
75,source,12,-0.3106324076652527,-0.6513761281967163,1.0222768783569336
75,source,13,-0.3092709183692932,-0.6516611576080322,1.0168814659118652
75,source,14,-0.30797457695007324,-0.6556384563446045,1.0247914791107178
75,source,15,-0.3078516721725464,-0.6532396674156189,1.0241129398345947
75,source,16,-0.30627870559692383,-0.6555960774421692,1.0208218097686768
75,source,17,-0.30690979957580566,-0.6545102596282959,1.0213991403579712
75,source,18,-0.3085433840751648,-0.6556020975112915,1.0238510370254517
75,source,19,-0.31461524963378906,-0.6532420516014099,1.0259798765182495
75,source,20,-0.30693215131759644,-0.654254674911499,1.0166900157928467
75,source,21,-0.3063086271286011,-0.651475191116333,1.0203652381896973
75,source,22,-0.3073429465293884,-0.6587043404579163,1.0221378803253174
75,source,23,-0.30836981534957886,-0.6566542983055115,1.0241771936416626
75,source,24,-0.31127262115478516,-0.656489908695221,1.0234110355377197
75,source,25,-0.31131476163864136,-0.6550441384315491,1.0278995037078857
75,source,26,-0.3116116523742676,-0.6549611687660217,1.0250184535980225
75,source,27,-0.3074495196342468,-0.6446948051452637,1.0243066549301147
75,source,28,-0.30616411566734314,-0.6445245146751404,1.0210356712341309
75,source,29,-0.31383949518203735,-0.6532871723175049,1.0237354040145874
75,source,30,-0.3125007152557373,-0.653168797492981,1.0186265707015991
75,source,31,-0.3126369118690491,-0.6513993144035339,1.0205683708190918
75,source,32,-0.3122016191482544,-0.6570612788200378,1.0205163955688477
75,source,33,-0.3106589913368225,-0.657278835773468,1.0210659503936768
75,source,34,-0.3150537610054016,-0.655851423740387,1.024337887763977
75,source,35,-0.310611367225647,-0.6499144434928894,1.0234601497650146
75,source,36,-0.30737823247909546,-0.6484517455101013,1.0191771984100342
75,source,37,-0.31177735328674316,-0.6525903940200806,1.0268728733062744
75,source,38,-0.3101648688316345,-0.6526217460632324,1.0248761177062988
75,source,39,-0.30817681550979614,-0.6581005454063416,1.022219181060791
75,source,40,-0.3069609999656677,-0.651073694229126,1.024296522140503
75,source,41,-0.30783671140670776,-0.6510617733001709,1.018681526184082
75,source,42,-0.30712366104125977,-0.6538164615631104,1.0184276103973389
75,source,43,-0.30974751710891724,-0.648844838142395,1.0213865041732788
75,source,44,-0.30628544092178345,-0.653485894203186,1.0186231136322021
75,source,45,-0.30975884199142456,-0.6545014381408691,1.0225061178207397
75,source,46,-0.3110303282737732,-0.6546941995620728,1.0209392309188843
75,source,47,-0.3134313225746155,-0.6522680521011353,1.0229578018188477
75,source,48,-0.31017041206359863,-0.6582531332969666,1.0168601274490356
75,source,49,-0.3131556510925293,-0.6530073881149292,1.0246422290802002
75,source,50,-0.3141633868217468,-0.6471959352493286,1.0272177457809448
75,source,51,-0.3119034767150879,-0.6439269781112671,1.020544171333313
75,source,52,-0.31282734870910645,-0.6436205506324768,1.0187194347381592
75,source,53,-0.31265097856521606,-0.6508811712265015,1.0182298421859741
75,source,54,-0.31362688541412354,-0.6438029408454895,1.0195488929748535
75,source,55,-0.3138691186904907,-0.6490688920021057,1.0191243886947632
75,source,56,-0.31122899055480957,-0.6465722918510437,1.0155484676361084
75,source,57,-0.31156784296035767,-0.6465660929679871,1.0155138969421387
75,source,58,-0.3137359619140625,-0.6469823122024536,1.0194096565246582
75,source,59,-0.31456851959228516,-0.6450141668319702,1.0186644792556763
75,source,60,-0.3125390410423279,-0.6444175243377686,1.0193376541137695
75,source,61,-0.31521785259246826,-0.6492098569869995,1.0180553197860718
75,source,62,-0.3159968852996826,-0.6464512944221497,1.0207804441452026
75,source,63,-0.3142516613006592,-0.6476963758468628,1.0191453695297241
75,target,0,-0.2990245223045349,-0.656701922416687,1.0251723527908325
75,target,1,-0.31635910272598267,-0.6532079577445984,1.0302133560180664
75,target,2,-0.31461817026138306,-0.6523897051811218,1.0239009857177734
75,target,3,-0.3070675730705261,-0.6562697887420654,1.0221158266067505
75,target,4,-0.3115934729576111,-0.6446260809898376,1.0207871198654175
75,target,5,-0.3135349154472351,-0.6263620853424072,1.0227177143096924
75,target,6,-0.32059019804000854,-0.6306301355361938,1.0203375816345215
75,target,7,-0.30611512064933777,-0.6216220259666443,1.0108839273452759
75,target,8,-0.3093529939651489,-0.628925085067749,1.0107078552246094
75,target,9,-0.30063629150390625,-0.6360911130905151,1.0186399221420288
75,target,10,-0.30193015933036804,-0.6347518563270569,1.0187214612960815
75,target,11,-0.3083343505859375,-0.6362698674201965,1.0176820755004883
75,target,12,-0.3082306981086731,-0.6361712217330933,1.0143450498580933
75,target,13,-0.3049773871898651,-0.6470692157745361,1.0281366109848022
75,target,14,-0.3077154755592346,-0.6462928056716919,1.0240894556045532
75,target,15,-0.31109338998794556,-0.6499102115631104,1.0208288431167603
75,target,16,-0.3139075040817261,-0.6476258635520935,1.0226614475250244
75,target,17,-0.31281423568725586,-0.6417392492294312,1.0172544717788696
75,target,18,-0.3195219039916992,-0.6453573703765869,1.0230156183242798
75,target,19,-0.31307899951934814,-0.6419567465782166,1.0185136795043945
75,target,20,-0.3210691809654236,-0.6440144181251526,1.0250732898712158
75,target,21,-0.31504350900650024,-0.6339977979660034,1.0234930515289307
75,target,22,-0.311023473739624,-0.6406173706054688,1.019790768623352
75,target,23,-0.30292028188705444,-0.6415805816650391,1.0136874914169312
75,target,24,-0.31259721517562866,-0.6383378505706787,1.017960548400879
75,target,25,-0.31372445821762085,-0.6523728966712952,1.0273163318634033
75,target,26,-0.31365495920181274,-0.6514049768447876,1.0244981050491333
75,target,27,-0.3130570650100708,-0.6500378847122192,1.0241036415100098
75,target,28,-0.32434433698654175,-0.656624436378479,1.0333364009857178
75,target,29,-0.31111735105514526,-0.65097576379776,1.0300792455673218
75,target,30,-0.31234729290008545,-0.654731810092926,1.0289775133132935
75,target,31,-0.3160400390625,-0.6438145637512207,1.0214964151382446
75,target,32,-0.31590938568115234,-0.6487353444099426,1.0256165266036987
75,target,33,-0.315890908241272,-0.6493978500366211,1.0204874277114868
75,target,34,-0.3118184804916382,-0.6453452110290527,1.021594524383545
75,target,35,-0.317999005317688,-0.6544350981712341,1.0232547521591187
75,target,36,-0.31183773279190063,-0.6436014771461487,1.01084303855896
75,target,37,-0.3111247420310974,-0.648239016532898,1.016540765762329
75,target,38,-0.31403863430023193,-0.6450424790382385,1.0202149152755737
75,target,39,-0.3100374937057495,-0.645696759223938,1.0163096189498901
75,target,40,-0.309733510017395,-0.646407961845398,1.0217219591140747
75,target,41,-0.3042663335800171,-0.6436398029327393,1.0176218748092651
75,target,42,-0.3035394549369812,-0.6397387385368347,1.0081987380981445
75,target,43,-0.3005610704421997,-0.6462941765785217,1.0140433311462402
75,target,44,-0.30341219902038574,-0.6490440368652344,1.016540288925171
75,target,45,-0.30526411533355713,-0.6442434787750244,1.0123908519744873
75,target,46,-0.2977217733860016,-0.6754034757614136,1.0517827272415161
75,target,47,-0.2895287871360779,-0.6641989946365356,1.025303602218628
75,target,48,-0.28345802426338196,-0.6615075469017029,1.0245277881622314
75,target,49,-0.3021332025527954,-0.6760667562484741,1.0563302040100098
75,target,50,-0.3114888668060303,-0.650806188583374,1.0447227954864502
75,target,51,-0.307899534702301,-0.6544634699821472,1.029335856437683
75,target,52,-0.3040323257446289,-0.6532856822013855,1.0273451805114746
75,target,53,-0.30755120515823364,-0.6581730246543884,1.026557207107544
75,target,54,-0.30746591091156006,-0.649899423122406,1.0269443988800049
75,target,55,-0.2970009744167328,-0.6539626717567444,1.0235916376113892
75,target,56,-0.29036784172058105,-0.6566997766494751,1.022114634513855
75,target,57,-0.2989175319671631,-0.6568655967712402,1.0232583284378052
75,target,58,-0.30233079195022583,-0.6565560698509216,1.023767113685608
75,target,59,-0.29834866523742676,-0.6580348610877991,1.0275967121124268
75,target,60,-0.30442261695861816,-0.658967912197113,1.0254565477371216
75,target,61,-0.30319344997406006,-0.6567473411560059,1.029462456703186
75,target,62,-0.3068697452545166,-0.6601296067237854,1.0240635871887207
75,target,63,-0.2993174195289612,-0.6605819463729858,1.0220211744308472
76,source,0,-0.3122224807739258,-0.6450333595275879,1.023858904838562
76,source,1,-0.3087330460548401,-0.6448458433151245,1.0222265720367432
76,source,2,-0.30915796756744385,-0.6445664763450623,1.0193361043930054
76,source,3,-0.30888885259628296,-0.6466355323791504,1.0154151916503906
76,source,4,-0.3091461658477783,-0.6468009352684021,1.01797354221344
76,source,5,-0.30994266271591187,-0.6482190489768982,1.0184231996536255
76,source,6,-0.30868667364120483,-0.6451655030250549,1.01898992061615
76,source,7,-0.30680036544799805,-0.6470678448677063,1.0173852443695068
76,source,8,-0.31015902757644653,-0.6452237963676453,1.0177149772644043
76,source,9,-0.3094841241836548,-0.6445064544677734,1.0180612802505493
76,source,10,-0.3082786798477173,-0.6423574686050415,1.0217655897140503
76,source,11,-0.31283313035964966,-0.6457267999649048,1.0196256637573242
76,source,12,-0.30869948863983154,-0.6423549056053162,1.0202170610427856
76,source,13,-0.31129610538482666,-0.6435031890869141,1.017524242401123
76,source,14,-0.30704164505004883,-0.6471499800682068,1.0200129747390747
76,source,15,-0.3072379231452942,-0.6449063420295715,1.023665189743042
76,source,16,-0.30678796768188477,-0.6463634967803955,1.0184850692749023
76,source,17,-0.30800873041152954,-0.6456037759780884,1.0200097560882568
76,source,18,-0.30656343698501587,-0.6476396322250366,1.0191963911056519
76,source,19,-0.311351478099823,-0.645845890045166,1.023179292678833
76,source,20,-0.30801457166671753,-0.643899142742157,1.016007423400879
76,source,21,-0.3055431842803955,-0.643574059009552,1.0181071758270264
76,source,22,-0.306235134601593,-0.6487207412719727,1.019529104232788
76,source,23,-0.3081461787223816,-0.6471882462501526,1.0202689170837402
76,source,24,-0.3103880286216736,-0.647835373878479,1.020686149597168
76,source,25,-0.30879950523376465,-0.6490161418914795,1.0250362157821655
76,source,26,-0.3110593557357788,-0.6451442837715149,1.0218459367752075
76,source,27,-0.3052636384963989,-0.6399956345558167,1.0235646963119507
76,source,28,-0.30640465021133423,-0.6348748803138733,1.0189369916915894
76,source,29,-0.3114764094352722,-0.644792914390564,1.023026466369629
76,source,30,-0.3122602701187134,-0.6458899974822998,1.0166661739349365
76,source,31,-0.31231462955474854,-0.6440922021865845,1.0204873085021973
76,source,32,-0.31124937534332275,-0.648669958114624,1.0192978382110596
76,source,33,-0.31172072887420654,-0.6461204290390015,1.019038438796997
76,source,34,-0.31451737880706787,-0.6472866535186768,1.0224721431732178
76,source,35,-0.3077573776245117,-0.6417494416236877,1.0214766263961792
76,source,36,-0.30722570419311523,-0.6410992741584778,1.0201544761657715
76,source,37,-0.3108956217765808,-0.6441831588745117,1.0239039659500122
76,source,38,-0.3085283041000366,-0.643528938293457,1.0223009586334229
76,source,39,-0.30768829584121704,-0.6478734016418457,1.0199053287506104
76,source,40,-0.30308496952056885,-0.6445618271827698,1.0229735374450684
76,source,41,-0.3072056174278259,-0.6441600322723389,1.0167186260223389
76,source,42,-0.306196928024292,-0.6460145711898804,1.0155259370803833
76,source,43,-0.30842792987823486,-0.6436756253242493,1.0211257934570312
76,source,44,-0.30748116970062256,-0.6438310742378235,1.017981767654419
76,source,45,-0.30816107988357544,-0.6461702585220337,1.0204918384552002
76,source,46,-0.3100152015686035,-0.6480673551559448,1.0196782350540161
76,source,47,-0.31277304887771606,-0.6441330313682556,1.0214108228683472
76,source,48,-0.3103036880493164,-0.6484636068344116,1.015732765197754
76,source,49,-0.31064701080322266,-0.6468421816825867,1.0225417613983154
76,source,50,-0.3114621639251709,-0.6445534825325012,1.0228031873703003
76,source,51,-0.3095437288284302,-0.6415171027183533,1.019065022468567
76,source,52,-0.3115542531013489,-0.6390861868858337,1.0149091482162476
76,source,53,-0.312015175819397,-0.6446781754493713,1.0173416137695312
76,source,54,-0.31199920177459717,-0.6384013295173645,1.0166904926300049
76,source,55,-0.31406599283218384,-0.6459233164787292,1.017846703529358
76,source,56,-0.3111117482185364,-0.6419605612754822,1.0142769813537598
76,source,57,-0.3104128837585449,-0.6418156623840332,1.013547658920288
76,source,58,-0.31316620111465454,-0.6414229273796082,1.0178062915802002
76,source,59,-0.31304895877838135,-0.6392781138420105,1.014680027961731
76,source,60,-0.31198883056640625,-0.6401181817054749,1.0170702934265137
76,source,61,-0.3125712275505066,-0.6437550187110901,1.0162551403045654
76,source,62,-0.31262636184692383,-0.640617311000824,1.0176756381988525
76,source,63,-0.31290048360824585,-0.6434084177017212,1.0167077779769897
76,target,0,-0.2946341633796692,-0.6506285071372986,1.0174678564071655
76,target,1,-0.3145250678062439,-0.6500154137611389,1.02451491355896
76,target,2,-0.3108402490615845,-0.6484037041664124,1.0203109979629517
76,target,3,-0.30444133281707764,-0.6519151926040649,1.018322229385376
76,target,4,-0.30783772468566895,-0.6398110389709473,1.0191460847854614
76,target,5,-0.3114194869995117,-0.6263344287872314,1.0224970579147339
76,target,6,-0.3166027069091797,-0.626785397529602,1.0207961797714233
76,target,7,-0.30515116453170776,-0.6184638738632202,1.0147227048873901
76,target,8,-0.3077746629714966,-0.6239328980445862,1.0138400793075562
76,target,9,-0.2991970181465149,-0.6321690082550049,1.0159662961959839
76,target,10,-0.30214765667915344,-0.6309765577316284,1.017173171043396
76,target,11,-0.30525290966033936,-0.6341545581817627,1.0180563926696777
76,target,12,-0.30674266815185547,-0.6348267197608948,1.0142136812210083
76,target,13,-0.29979926347732544,-0.6416603326797485,1.0226484537124634
76,target,14,-0.30235201120376587,-0.6398591995239258,1.0176955461502075
76,target,15,-0.304069459438324,-0.6436605453491211,1.0155638456344604
76,target,16,-0.3078771233558655,-0.6418649554252625,1.0171046257019043
76,target,17,-0.3090093731880188,-0.634880006313324,1.0152158737182617
76,target,18,-0.3147076964378357,-0.6378679275512695,1.0204966068267822
76,target,19,-0.31163328886032104,-0.6401332020759583,1.0152348279953003
76,target,20,-0.31517189741134644,-0.6383911967277527,1.022836446762085
76,target,21,-0.3108600974082947,-0.6269006133079529,1.0245286226272583
76,target,22,-0.30941611528396606,-0.6385482549667358,1.0185385942459106
76,target,23,-0.2995617389678955,-0.6381201148033142,1.0123472213745117
76,target,24,-0.3079357147216797,-0.6307292580604553,1.016668438911438
76,target,25,-0.30668342113494873,-0.6483432650566101,1.021423578262329
76,target,26,-0.31020867824554443,-0.6486458778381348,1.0195738077163696
76,target,27,-0.3069137930870056,-0.647567629814148,1.0152441263198853
76,target,28,-0.32115602493286133,-0.6543006300926208,1.0293164253234863
76,target,29,-0.306062251329422,-0.644553542137146,1.0242691040039062
76,target,30,-0.30487972497940063,-0.6499780416488647,1.0228859186172485
76,target,31,-0.3114483952522278,-0.6406248807907104,1.0189855098724365
76,target,32,-0.31271952390670776,-0.6423937678337097,1.0230318307876587
76,target,33,-0.31160593032836914,-0.6437974572181702,1.020883560180664
76,target,34,-0.3084990382194519,-0.6410033702850342,1.0184847116470337
76,target,35,-0.3129822015762329,-0.6440612077713013,1.0179940462112427
76,target,36,-0.30795013904571533,-0.6376156806945801,1.0130175352096558
76,target,37,-0.30875200033187866,-0.6438491344451904,1.0143765211105347
76,target,38,-0.31139320135116577,-0.6397389769554138,1.019071340560913
76,target,39,-0.3072736859321594,-0.6417447924613953,1.0156344175338745
76,target,40,-0.3069629669189453,-0.6400495171546936,1.017386555671692
76,target,41,-0.303631454706192,-0.6396452784538269,1.016823410987854
76,target,42,-0.30440568923950195,-0.6366500854492188,1.008335828781128
76,target,43,-0.3033949136734009,-0.6425515413284302,1.0143343210220337
76,target,44,-0.30508890748023987,-0.6425032019615173,1.0153446197509766
76,target,45,-0.30809879302978516,-0.6375673413276672,1.0126241445541382
76,target,46,-0.29412132501602173,-0.6700069904327393,1.0410699844360352
76,target,47,-0.2875836491584778,-0.6600663065910339,1.0174273252487183
76,target,48,-0.2816586494445801,-0.6574413180351257,1.0171570777893066
76,target,49,-0.29380089044570923,-0.6714690327644348,1.0442783832550049
76,target,50,-0.307464599609375,-0.6442743539810181,1.0365016460418701
76,target,51,-0.30439794063568115,-0.652819037437439,1.0237222909927368
76,target,52,-0.3003620505332947,-0.6498506665229797,1.0205068588256836
76,target,53,-0.3047736883163452,-0.6529880166053772,1.0191086530685425
76,target,54,-0.302612841129303,-0.6456635594367981,1.0211365222930908
76,target,55,-0.2933422327041626,-0.6521932482719421,1.0176142454147339
76,target,56,-0.28878462314605713,-0.6546398997306824,1.0151143074035645
76,target,57,-0.2944880425930023,-0.653110921382904,1.0165817737579346
76,target,58,-0.2986293435096741,-0.6512759327888489,1.0164470672607422
76,target,59,-0.2952665686607361,-0.654742956161499,1.0202763080596924
76,target,60,-0.301883339881897,-0.6530156135559082,1.0198018550872803
76,target,61,-0.2987977862358093,-0.6505922675132751,1.0222043991088867
76,target,62,-0.3030761778354645,-0.6548671722412109,1.0197819471359253
76,target,63,-0.2968982458114624,-0.6558656692504883,1.014958143234253
77,source,0,-0.31231415271759033,-0.6477746367454529,1.0240660905838013
77,source,1,-0.30626440048217773,-0.646152675151825,1.0205267667770386
77,source,2,-0.3057788610458374,-0.6477915048599243,1.018095850944519
77,source,3,-0.3046388626098633,-0.6509426832199097,1.0155636072158813
77,source,4,-0.30642640590667725,-0.6492643356323242,1.0180679559707642
77,source,5,-0.30718857049942017,-0.6526093482971191,1.0177149772644043
77,source,6,-0.3081963062286377,-0.6489109992980957,1.0180600881576538
77,source,7,-0.3059643805027008,-0.6513146162033081,1.01654052734375
77,source,8,-0.30858731269836426,-0.6496522426605225,1.0170236825942993
77,source,9,-0.3063480257987976,-0.6464753746986389,1.016048550605774
77,source,10,-0.30610957741737366,-0.6470707654953003,1.0217645168304443
77,source,11,-0.3086773157119751,-0.6502966284751892,1.018269419670105
77,source,12,-0.30783796310424805,-0.6470357775688171,1.0210362672805786
77,source,13,-0.30700528621673584,-0.6480764746665955,1.0164822340011597
77,source,14,-0.30256879329681396,-0.6486431360244751,1.0183744430541992
77,source,15,-0.3031861484050751,-0.6474867463111877,1.0222725868225098
77,source,16,-0.30246227979660034,-0.6491363644599915,1.0159475803375244
77,source,17,-0.30288368463516235,-0.6482967734336853,1.0182615518569946
77,source,18,-0.3033972382545471,-0.6500435471534729,1.0184576511383057
77,source,19,-0.30879467725753784,-0.6482371091842651,1.0229427814483643
77,source,20,-0.30287158489227295,-0.6495362520217896,1.0141491889953613
77,source,21,-0.3020535111427307,-0.6450105905532837,1.017462968826294
77,source,22,-0.3024420142173767,-0.6511266827583313,1.0174696445465088
77,source,23,-0.30391937494277954,-0.6469252109527588,1.0171830654144287
77,source,24,-0.3065251111984253,-0.6515230536460876,1.0186259746551514
77,source,25,-0.3074023723602295,-0.6513054370880127,1.0238196849822998
77,source,26,-0.3074187636375427,-0.6483858823776245,1.0211384296417236
77,source,27,-0.30322250723838806,-0.6415731906890869,1.0213534832000732
77,source,28,-0.3024805188179016,-0.6370092034339905,1.0185463428497314
77,source,29,-0.3090904951095581,-0.648764431476593,1.0224210023880005
77,source,30,-0.3094477653503418,-0.6482704877853394,1.0171706676483154
77,source,31,-0.3089303970336914,-0.6474170684814453,1.0191936492919922
77,source,32,-0.30897313356399536,-0.6519213914871216,1.0199552774429321
77,source,33,-0.30954980850219727,-0.6509447693824768,1.0192606449127197
77,source,34,-0.3107597231864929,-0.6505020260810852,1.0215270519256592
77,source,35,-0.3058024048805237,-0.6445014476776123,1.0203592777252197
77,source,36,-0.30438193678855896,-0.6434704065322876,1.0183039903640747
77,source,37,-0.30697304010391235,-0.6450323462486267,1.022721290588379
77,source,38,-0.3049291968345642,-0.6458825469017029,1.0207164287567139
77,source,39,-0.3037698268890381,-0.6518070101737976,1.0186642408370972
77,source,40,-0.3028542995452881,-0.6450135707855225,1.020957589149475
77,source,41,-0.3058457374572754,-0.6464924812316895,1.015634298324585
77,source,42,-0.3044980764389038,-0.6466416716575623,1.0139660835266113
77,source,43,-0.3070330023765564,-0.6440277099609375,1.0190850496292114
77,source,44,-0.3027527928352356,-0.6448890566825867,1.015512466430664
77,source,45,-0.30463099479675293,-0.6507111191749573,1.0181927680969238
77,source,46,-0.3063929080963135,-0.6499783396720886,1.0188757181167603
77,source,47,-0.3090963363647461,-0.6467628479003906,1.0205810070037842
77,source,48,-0.3060309886932373,-0.6525737643241882,1.0157376527786255
77,source,49,-0.3084695339202881,-0.6479555368423462,1.022934079170227
77,source,50,-0.3085973858833313,-0.6435273885726929,1.022153615951538
77,source,51,-0.30516988039016724,-0.6408313512802124,1.0184012651443481
77,source,52,-0.30847853422164917,-0.6387374401092529,1.0153940916061401
77,source,53,-0.30843305587768555,-0.6457335352897644,1.017014741897583
77,source,54,-0.30933505296707153,-0.6396079063415527,1.0169061422348022
77,source,55,-0.3105221390724182,-0.6439528465270996,1.0158820152282715
77,source,56,-0.30780673027038574,-0.6423434019088745,1.0133236646652222
77,source,57,-0.3069077730178833,-0.6412878632545471,1.0115554332733154
77,source,58,-0.3085845708847046,-0.639383852481842,1.0145220756530762
77,source,59,-0.3101058006286621,-0.6379072070121765,1.0142139196395874
77,source,60,-0.3085053563117981,-0.6398162245750427,1.0183374881744385
77,source,61,-0.30956363677978516,-0.6439006328582764,1.0160622596740723
77,source,62,-0.31004762649536133,-0.6411668062210083,1.0179378986358643
77,source,63,-0.308668315410614,-0.6435714364051819,1.0161497592926025
77,target,0,-0.29062020778656006,-0.6510124206542969,1.0186502933502197
77,target,1,-0.3099890351295471,-0.6464991569519043,1.026147723197937
77,target,2,-0.3104262351989746,-0.6484959721565247,1.021955132484436
77,target,3,-0.3009677529335022,-0.6532126665115356,1.0190361738204956
77,target,4,-0.30621811747550964,-0.6392320394515991,1.0194966793060303
77,target,5,-0.31086498498916626,-0.6152735948562622,1.0204734802246094
77,target,6,-0.3176783323287964,-0.6213958263397217,1.0190671682357788
77,target,7,-0.30636006593704224,-0.615784227848053,1.0143871307373047
77,target,8,-0.307853639125824,-0.6236040592193604,1.0117857456207275
77,target,9,-0.29593050479888916,-0.6336885094642639,1.0156965255737305
77,target,10,-0.3005180358886719,-0.6303784251213074,1.0185353755950928
77,target,11,-0.3041892647743225,-0.6282930374145508,1.017874836921692
77,target,12,-0.30510544776916504,-0.6342336535453796,1.014801025390625
77,target,13,-0.29779669642448425,-0.6412659883499146,1.0270055532455444
77,target,14,-0.30045586824417114,-0.6365328431129456,1.0188928842544556
77,target,15,-0.30238792300224304,-0.6424019932746887,1.016218662261963
77,target,16,-0.30623897910118103,-0.6402084231376648,1.0177621841430664
77,target,17,-0.3098141551017761,-0.6325826644897461,1.0149636268615723
77,target,18,-0.31851303577423096,-0.6351153254508972,1.0194686651229858
77,target,19,-0.3105618953704834,-0.6364675164222717,1.0178385972976685
77,target,20,-0.31740057468414307,-0.6327213048934937,1.0214921236038208
77,target,21,-0.31344807147979736,-0.6260966658592224,1.0232223272323608
77,target,22,-0.30755048990249634,-0.6335350275039673,1.0178303718566895
77,target,23,-0.3000549077987671,-0.6347722411155701,1.0145360231399536
77,target,24,-0.30759942531585693,-0.6277231574058533,1.0168445110321045
77,target,25,-0.303579717874527,-0.6434599161148071,1.021216869354248
77,target,26,-0.3085991144180298,-0.6483702063560486,1.0212061405181885
77,target,27,-0.30669063329696655,-0.6448989510536194,1.0187604427337646
77,target,28,-0.319984495639801,-0.6497973799705505,1.0287628173828125
77,target,29,-0.3047811686992645,-0.6427817344665527,1.0231598615646362
77,target,30,-0.30376961827278137,-0.6492089629173279,1.022056221961975
77,target,31,-0.3137155771255493,-0.6389279961585999,1.0188560485839844
77,target,32,-0.3122013807296753,-0.6408679485321045,1.022027611732483
77,target,33,-0.31119972467422485,-0.6450772881507874,1.0216383934020996
77,target,34,-0.306591272354126,-0.6428202390670776,1.018343448638916
77,target,35,-0.310899019241333,-0.6457886695861816,1.0200797319412231
77,target,36,-0.3066801428794861,-0.6336732506752014,1.0108671188354492
77,target,37,-0.30692291259765625,-0.6432896852493286,1.01485013961792
77,target,38,-0.31022804975509644,-0.6400032043457031,1.0199552774429321
77,target,39,-0.30887824296951294,-0.6403041481971741,1.015891432762146
77,target,40,-0.3042830526828766,-0.637405276298523,1.0177150964736938
77,target,41,-0.29976147413253784,-0.634938657283783,1.0159324407577515
77,target,42,-0.3028886914253235,-0.6388527154922485,1.0069122314453125
77,target,43,-0.30046117305755615,-0.6476154923439026,1.0130503177642822
77,target,44,-0.3013641834259033,-0.6494718790054321,1.0154823064804077
77,target,45,-0.30397719144821167,-0.6436643004417419,1.0108354091644287
77,target,46,-0.29111212491989136,-0.6711475253105164,1.0430331230163574
77,target,47,-0.2841135263442993,-0.6634840369224548,1.0207850933074951
77,target,48,-0.2774074673652649,-0.6605598330497742,1.0191607475280762
77,target,49,-0.28999316692352295,-0.6728288531303406,1.0465068817138672
77,target,50,-0.30235394835472107,-0.6474817395210266,1.0433701276779175
77,target,51,-0.301788330078125,-0.6526692509651184,1.0239403247833252
77,target,52,-0.29789116978645325,-0.6519993543624878,1.021014928817749
77,target,53,-0.30069786310195923,-0.651144802570343,1.0182150602340698
77,target,54,-0.2988213896751404,-0.6436214447021484,1.0233877897262573
77,target,55,-0.2896328568458557,-0.6506333351135254,1.0189234018325806
77,target,56,-0.2843208909034729,-0.6552717089653015,1.0164819955825806
77,target,57,-0.29046860337257385,-0.6530480980873108,1.0162841081619263
77,target,58,-0.2952255606651306,-0.6501959562301636,1.0169429779052734
77,target,59,-0.29118871688842773,-0.6562331318855286,1.0209230184555054
77,target,60,-0.2982073128223419,-0.6540752053260803,1.0211914777755737
77,target,61,-0.2967783212661743,-0.652697741985321,1.0243853330612183
77,target,62,-0.3023245334625244,-0.6576029658317566,1.0224953889846802
77,target,63,-0.2935766279697418,-0.6588416695594788,1.0173883438110352
78,source,0,-0.31730830669403076,-0.6485236883163452,1.0261770486831665
78,source,1,-0.312589168548584,-0.6489381194114685,1.0243895053863525
78,source,2,-0.3126267194747925,-0.6489730477333069,1.0217041969299316
78,source,3,-0.31213241815567017,-0.6509389281272888,1.0186227560043335
78,source,4,-0.3144386410713196,-0.6524074673652649,1.0236594676971436
78,source,5,-0.3145385980606079,-0.6550533175468445,1.0212838649749756
78,source,6,-0.314538836479187,-0.650489330291748,1.0206615924835205
78,source,7,-0.3127018213272095,-0.6535734534263611,1.0200787782669067
78,source,8,-0.3146725296974182,-0.6522310376167297,1.0203317403793335
78,source,9,-0.3138898015022278,-0.6491552591323853,1.0210273265838623
78,source,10,-0.31373900175094604,-0.6487722396850586,1.0258305072784424
78,source,11,-0.31610167026519775,-0.651026725769043,1.0229244232177734
78,source,12,-0.3153676986694336,-0.6454019546508789,1.0249178409576416
78,source,13,-0.3153221011161804,-0.6481171250343323,1.0207271575927734
78,source,14,-0.3104165196418762,-0.6501035690307617,1.0233726501464844
78,source,15,-0.3096790313720703,-0.6506711840629578,1.0275473594665527
78,source,16,-0.3086514472961426,-0.6499138474464417,1.0209497213363647
78,source,17,-0.3101961016654968,-0.6491323113441467,1.0233500003814697
78,source,18,-0.3109278082847595,-0.6509553790092468,1.0237528085708618
78,source,19,-0.3152635097503662,-0.6497117280960083,1.0279048681259155
78,source,20,-0.3105428218841553,-0.6508585810661316,1.0208375453948975
78,source,21,-0.3101961612701416,-0.6500871181488037,1.0227628946304321
78,source,22,-0.30950450897216797,-0.6548507809638977,1.0228400230407715
78,source,23,-0.31016087532043457,-0.6495164036750793,1.0244438648223877
78,source,24,-0.31413787603378296,-0.6533387303352356,1.0246353149414062
78,source,25,-0.31425756216049194,-0.6534717679023743,1.028679609298706
78,source,26,-0.3152228593826294,-0.6489721536636353,1.0269529819488525
78,source,27,-0.311057448387146,-0.6421129107475281,1.0255765914916992
78,source,28,-0.3110695481300354,-0.6422759294509888,1.0247794389724731
78,source,29,-0.3158491253852844,-0.6491832733154297,1.0253453254699707
78,source,30,-0.31726884841918945,-0.6497196555137634,1.0210322141647339
78,source,31,-0.31619352102279663,-0.6492485404014587,1.023457646369934
78,source,32,-0.3171113133430481,-0.6536356210708618,1.0234156847000122
78,source,33,-0.3164041042327881,-0.6544662714004517,1.0225709676742554
78,source,34,-0.3181244134902954,-0.6521031260490417,1.026946783065796
78,source,35,-0.31259673833847046,-0.646670401096344,1.0249788761138916
78,source,36,-0.3105233311653137,-0.6439075469970703,1.0219907760620117
78,source,37,-0.314139723777771,-0.6499015092849731,1.02886962890625
78,source,38,-0.31230074167251587,-0.6500239968299866,1.0262064933776855
78,source,39,-0.3115960359573364,-0.6546924710273743,1.0244542360305786
78,source,40,-0.30876803398132324,-0.6468379497528076,1.0263514518737793
78,source,41,-0.3125728964805603,-0.6465234160423279,1.0203187465667725
78,source,42,-0.3116004467010498,-0.6492842435836792,1.0198442935943604
78,source,43,-0.3139458894729614,-0.6451352834701538,1.0240302085876465
78,source,44,-0.31059300899505615,-0.6483097076416016,1.0218861103057861
78,source,45,-0.31234264373779297,-0.6514565348625183,1.023564338684082
78,source,46,-0.31425976753234863,-0.6502664089202881,1.0221269130706787
78,source,47,-0.31611472368240356,-0.6490266919136047,1.0251044034957886
78,source,48,-0.31310397386550903,-0.6530106663703918,1.0192270278930664
78,source,49,-0.31572896242141724,-0.65032559633255,1.026637077331543
78,source,50,-0.3143637180328369,-0.6514173746109009,1.0277152061462402
78,source,51,-0.31227779388427734,-0.6490083336830139,1.0240776538848877
78,source,52,-0.3153809905052185,-0.645203709602356,1.0205799341201782
78,source,53,-0.31549954414367676,-0.6498229503631592,1.0217609405517578
78,source,54,-0.315781831741333,-0.6452216506004333,1.023226261138916
78,source,55,-0.3178868293762207,-0.6498219966888428,1.0212805271148682
78,source,56,-0.3148508667945862,-0.648535966873169,1.017898678779602
78,source,57,-0.31405919790267944,-0.6483249068260193,1.0166230201721191
78,source,58,-0.3153834939002991,-0.6473336219787598,1.0201094150543213
78,source,59,-0.3169131278991699,-0.6442584991455078,1.0195645093917847
78,source,60,-0.3157082796096802,-0.6469216346740723,1.0233769416809082
78,source,61,-0.31692618131637573,-0.6503344178199768,1.022066593170166
78,source,62,-0.31734412908554077,-0.6471813321113586,1.0247153043746948
78,source,63,-0.31568312644958496,-0.647925853729248,1.0225447416305542
78,target,0,-0.2979823052883148,-0.6580298542976379,1.0262980461120605
78,target,1,-0.316137433052063,-0.6528286933898926,1.030213475227356
78,target,2,-0.31710559129714966,-0.6524428725242615,1.0269064903259277
78,target,3,-0.30607128143310547,-0.6573584079742432,1.023475170135498
78,target,4,-0.3138372302055359,-0.6452698707580566,1.0257136821746826
78,target,5,-0.3148677945137024,-0.6246915459632874,1.026573657989502
78,target,6,-0.3203795552253723,-0.6279401779174805,1.0227620601654053
78,target,7,-0.31296318769454956,-0.6244052648544312,1.0192763805389404
78,target,8,-0.3138424754142761,-0.630828320980072,1.0169063806533813
78,target,9,-0.30470436811447144,-0.6411484479904175,1.0243096351623535
78,target,10,-0.3062334954738617,-0.6350275874137878,1.026323914527893
78,target,11,-0.30912405252456665,-0.634167492389679,1.0243321657180786
78,target,12,-0.31136423349380493,-0.6405813097953796,1.0211652517318726
78,target,13,-0.3056992292404175,-0.6465073823928833,1.0322210788726807
78,target,14,-0.30670928955078125,-0.6433925628662109,1.0244872570037842
78,target,15,-0.30824458599090576,-0.6472204923629761,1.021182656288147
78,target,16,-0.3114193081855774,-0.6468026638031006,1.0225189924240112
78,target,17,-0.31559979915618896,-0.639745831489563,1.020241379737854
78,target,18,-0.3203577399253845,-0.6401848793029785,1.02348792552948
78,target,19,-0.31661534309387207,-0.6449988484382629,1.0194953680038452
78,target,20,-0.32039254903793335,-0.6389633417129517,1.024132251739502
78,target,21,-0.3186042904853821,-0.6312582492828369,1.0268092155456543
78,target,22,-0.3114665150642395,-0.6404525637626648,1.0237256288528442
78,target,23,-0.3068358302116394,-0.6435773968696594,1.0190210342407227
78,target,24,-0.31403809785842896,-0.6343927979469299,1.0201749801635742
78,target,25,-0.3102925419807434,-0.6497717499732971,1.0255223512649536
78,target,26,-0.31351637840270996,-0.6543524265289307,1.026193618774414
78,target,27,-0.3145291805267334,-0.651435375213623,1.0245097875595093
78,target,28,-0.3249513506889343,-0.6537333130836487,1.0297459363937378
78,target,29,-0.3082665801048279,-0.649991512298584,1.0274505615234375
78,target,30,-0.31091243028640747,-0.6532163619995117,1.0282031297683716
78,target,31,-0.3147242069244385,-0.6450659036636353,1.0225342512130737
78,target,32,-0.31407755613327026,-0.6460638046264648,1.0263127088546753
78,target,33,-0.3189125657081604,-0.6494218111038208,1.0268254280090332
78,target,34,-0.31373298168182373,-0.6472683548927307,1.024587869644165
78,target,35,-0.3184015154838562,-0.6510641574859619,1.0276155471801758
78,target,36,-0.31481409072875977,-0.6421332955360413,1.0189619064331055
78,target,37,-0.3164762258529663,-0.6489161849021912,1.0242232084274292
78,target,38,-0.3156014084815979,-0.6453471779823303,1.0261640548706055
78,target,39,-0.3157312273979187,-0.6474584937095642,1.0234334468841553
78,target,40,-0.3123711943626404,-0.6477587223052979,1.0253360271453857
78,target,41,-0.3087870478630066,-0.6440187692642212,1.0241281986236572
78,target,42,-0.31050020456314087,-0.6406312584877014,1.0113040208816528
78,target,43,-0.3073119521141052,-0.6487157940864563,1.0167498588562012
78,target,44,-0.3093843460083008,-0.6480141878128052,1.0183932781219482
78,target,45,-0.3103681206703186,-0.6458009481430054,1.0153206586837769
78,target,46,-0.29712000489234924,-0.6776716709136963,1.0503345727920532
78,target,47,-0.2899200916290283,-0.6661736369132996,1.0252710580825806
78,target,48,-0.28290778398513794,-0.6658208966255188,1.0244683027267456
78,target,49,-0.2973117530345917,-0.6756275296211243,1.0538398027420044
78,target,50,-0.3093373775482178,-0.6515599489212036,1.044452428817749
78,target,51,-0.30518054962158203,-0.6572926044464111,1.027042031288147
78,target,52,-0.3032107949256897,-0.6569568514823914,1.0271620750427246
78,target,53,-0.305814266204834,-0.6581511497497559,1.0220234394073486
78,target,54,-0.3054131865501404,-0.6505759358406067,1.0262835025787354
78,target,55,-0.29439008235931396,-0.6567720174789429,1.021618127822876
78,target,56,-0.29040098190307617,-0.6610768437385559,1.0205953121185303
78,target,57,-0.2976342737674713,-0.6590607166290283,1.0223907232284546
78,target,58,-0.3001787066459656,-0.6548888683319092,1.021569848060608
78,target,59,-0.29695451259613037,-0.6616209745407104,1.0261032581329346
78,target,60,-0.3026213049888611,-0.6598027348518372,1.0232621431350708
78,target,61,-0.3011959195137024,-0.6589969992637634,1.0267891883850098
78,target,62,-0.30708563327789307,-0.6603403687477112,1.0251688957214355
78,target,63,-0.2993919849395752,-0.6637261509895325,1.0202300548553467
79,source,0,-0.32043808698654175,-0.6540437936782837,1.0375139713287354
79,source,1,-0.31342315673828125,-0.6549833416938782,1.0341852903366089
79,source,2,-0.3161882162094116,-0.6555034518241882,1.0324043035507202
79,source,3,-0.3131033778190613,-0.657861053943634,1.0274147987365723
79,source,4,-0.31397050619125366,-0.658229649066925,1.0322470664978027
79,source,5,-0.31636476516723633,-0.6605032086372375,1.0317466259002686
79,source,6,-0.317953884601593,-0.6563698053359985,1.0326447486877441
79,source,7,-0.31519126892089844,-0.6596162915229797,1.0311739444732666
79,source,8,-0.3168919086456299,-0.6572573184967041,1.0304971933364868
79,source,9,-0.3158249258995056,-0.6565743088722229,1.0315121412277222
79,source,10,-0.3138837218284607,-0.6529046893119812,1.0328865051269531
79,source,11,-0.31710535287857056,-0.6567118167877197,1.0310946702957153
79,source,12,-0.31668585538864136,-0.6513993144035339,1.0350295305252075
79,source,13,-0.3168361783027649,-0.6549851894378662,1.0302915573120117
79,source,14,-0.3133907914161682,-0.6547437310218811,1.0317848920822144
79,source,15,-0.3111400008201599,-0.6515215039253235,1.0351334810256958
79,source,16,-0.3117917776107788,-0.6577436327934265,1.031398057937622
79,source,17,-0.3124527931213379,-0.6533410549163818,1.0327595472335815
79,source,18,-0.3129897117614746,-0.6566860675811768,1.0328829288482666
79,source,19,-0.31508809328079224,-0.6545141935348511,1.0350171327590942
79,source,20,-0.3120758533477783,-0.6569831371307373,1.0277576446533203
79,source,21,-0.31081104278564453,-0.6534286737442017,1.0310168266296387
79,source,22,-0.3118014335632324,-0.6587518453598022,1.030778408050537
79,source,23,-0.31213194131851196,-0.6541637182235718,1.0312106609344482
79,source,24,-0.3150175213813782,-0.6579868197441101,1.03194260597229
79,source,25,-0.3148690462112427,-0.657583475112915,1.0371836423873901
79,source,26,-0.3143564462661743,-0.6527463793754578,1.0334805250167847
79,source,27,-0.31162989139556885,-0.6456215977668762,1.036109447479248
79,source,28,-0.310735821723938,-0.6459420919418335,1.0319331884384155
79,source,29,-0.3169534206390381,-0.6545777916908264,1.0347404479980469
79,source,30,-0.31855690479278564,-0.6572744846343994,1.0305116176605225
79,source,31,-0.31736236810684204,-0.6548740863800049,1.031882405281067
79,source,32,-0.3174138069152832,-0.6600289940834045,1.0324759483337402
79,source,33,-0.318609356880188,-0.6598357558250427,1.0316698551177979
79,source,34,-0.3187716007232666,-0.6578772664070129,1.0357435941696167
79,source,35,-0.3135737180709839,-0.6511825323104858,1.0325310230255127
79,source,36,-0.31328314542770386,-0.6492116451263428,1.0310746431350708
79,source,37,-0.31383413076400757,-0.6520431041717529,1.0354318618774414
79,source,38,-0.31278955936431885,-0.6540098786354065,1.0339837074279785
79,source,39,-0.31258559226989746,-0.6576880216598511,1.032018780708313
79,source,40,-0.31057095527648926,-0.6508224010467529,1.0347298383712769
79,source,41,-0.31419748067855835,-0.6521415114402771,1.029360055923462
79,source,42,-0.31393128633499146,-0.6543692350387573,1.028859257698059
79,source,43,-0.3146079182624817,-0.650936484336853,1.0327692031860352
79,source,44,-0.31304818391799927,-0.6542754769325256,1.0295625925064087
79,source,45,-0.31326842308044434,-0.6551979184150696,1.031982421875
79,source,46,-0.3163788318634033,-0.657627284526825,1.0331087112426758
79,source,47,-0.3174249529838562,-0.6545957922935486,1.0341846942901611
79,source,48,-0.31367188692092896,-0.6593694686889648,1.0271055698394775
79,source,49,-0.31551051139831543,-0.6555020213127136,1.0355087518692017
79,source,50,-0.3163071274757385,-0.6542572975158691,1.0341265201568604
79,source,51,-0.314333975315094,-0.6508370637893677,1.0315529108047485
79,source,52,-0.3165307641029358,-0.6487471461296082,1.027659296989441
79,source,53,-0.315091609954834,-0.6549898386001587,1.0285348892211914
79,source,54,-0.3168560266494751,-0.6492464542388916,1.0284972190856934
79,source,55,-0.31909501552581787,-0.655236005783081,1.0276421308517456
79,source,56,-0.3174598813056946,-0.6528621912002563,1.0236990451812744
79,source,57,-0.31646597385406494,-0.6532340049743652,1.0230050086975098
79,source,58,-0.31747347116470337,-0.6514221429824829,1.0272282361984253
79,source,59,-0.31816941499710083,-0.6480182409286499,1.0258957147598267
79,source,60,-0.3181312084197998,-0.6501869559288025,1.0312206745147705
79,source,61,-0.31770747900009155,-0.654742956161499,1.0288097858428955
79,source,62,-0.31912893056869507,-0.6510487198829651,1.030030608177185
79,source,63,-0.31890618801116943,-0.6513214707374573,1.0305767059326172
79,target,0,-0.29956990480422974,-0.6550151109695435,1.0319346189498901
79,target,1,-0.3157236576080322,-0.6533995866775513,1.0369410514831543
79,target,2,-0.3173649311065674,-0.6559831500053406,1.0353705883026123
79,target,3,-0.3055674731731415,-0.6583548188209534,1.0285634994506836
79,target,4,-0.31642723083496094,-0.6462209224700928,1.0319924354553223
79,target,5,-0.3167899250984192,-0.6308861970901489,1.0318161249160767
79,target,6,-0.3254428505897522,-0.6320744156837463,1.0313096046447754
79,target,7,-0.3152090907096863,-0.6317278146743774,1.0294370651245117
79,target,8,-0.31652408838272095,-0.6403139233589172,1.0267086029052734
79,target,9,-0.3069964647293091,-0.642279326915741,1.030548334121704
79,target,10,-0.3095262050628662,-0.6382038593292236,1.032146692276001
79,target,11,-0.3125726580619812,-0.6406524777412415,1.0318350791931152
79,target,12,-0.3131658434867859,-0.6433080434799194,1.0291434526443481
79,target,13,-0.30842530727386475,-0.6481766104698181,1.040606141090393
79,target,14,-0.3087088465690613,-0.6461161375045776,1.0307403802871704
79,target,15,-0.31036466360092163,-0.6503675580024719,1.0291032791137695
79,target,16,-0.3134053349494934,-0.6486576795578003,1.0292893648147583
79,target,17,-0.31669366359710693,-0.642261803150177,1.0264530181884766
79,target,18,-0.32117873430252075,-0.6451957821846008,1.0306061506271362
79,target,19,-0.31675517559051514,-0.648887574672699,1.0281282663345337
79,target,20,-0.32167571783065796,-0.6426475048065186,1.0318913459777832
79,target,21,-0.32286280393600464,-0.638145923614502,1.036365270614624
79,target,22,-0.3140241503715515,-0.6446636915206909,1.029154658317566
79,target,23,-0.3090588450431824,-0.6468160152435303,1.0277941226959229
79,target,24,-0.3188585042953491,-0.6439288258552551,1.0313074588775635
79,target,25,-0.31161439418792725,-0.6526014804840088,1.0325124263763428
79,target,26,-0.3145791292190552,-0.656226396560669,1.0325583219528198
79,target,27,-0.31400251388549805,-0.6536266803741455,1.0290359258651733
79,target,28,-0.3266286253929138,-0.6550962328910828,1.0376627445220947
79,target,29,-0.30597227811813354,-0.650575578212738,1.0315923690795898
79,target,30,-0.31362855434417725,-0.6529875993728638,1.0326566696166992
79,target,31,-0.3153289556503296,-0.6466469168663025,1.0265083312988281
79,target,32,-0.3157966136932373,-0.6495753526687622,1.0312877893447876
79,target,33,-0.31729692220687866,-0.6520102024078369,1.0333006381988525
79,target,34,-0.31414133310317993,-0.6489546895027161,1.0315418243408203
79,target,35,-0.31887757778167725,-0.6549030542373657,1.0338860750198364
79,target,36,-0.3169253468513489,-0.6480985879898071,1.0276412963867188
79,target,37,-0.31604504585266113,-0.6520262360572815,1.0307130813598633
79,target,38,-0.315279483795166,-0.6491996049880981,1.0337698459625244
79,target,39,-0.3151213526725769,-0.6494017243385315,1.0301762819290161
79,target,40,-0.31212300062179565,-0.6498324871063232,1.0326238870620728
79,target,41,-0.3105740547180176,-0.6459777355194092,1.030822992324829
79,target,42,-0.3099415898323059,-0.6466448903083801,1.0198720693588257
79,target,43,-0.3070707321166992,-0.653900146484375,1.0247583389282227
79,target,44,-0.3096230626106262,-0.6531359553337097,1.026911973953247
79,target,45,-0.31084638833999634,-0.6507744789123535,1.022373914718628
79,target,46,-0.296491801738739,-0.6757254004478455,1.0535163879394531
79,target,47,-0.28899621963500977,-0.6659610271453857,1.028451919555664
79,target,48,-0.2822723984718323,-0.6623789668083191,1.0272036790847778
79,target,49,-0.2964784801006317,-0.6735954284667969,1.0569572448730469
79,target,50,-0.3118848204612732,-0.6496368646621704,1.0535054206848145
79,target,51,-0.30393123626708984,-0.6565341353416443,1.031039834022522
79,target,52,-0.3036816418170929,-0.6568988561630249,1.030260682106018
79,target,53,-0.3051181733608246,-0.6559522747993469,1.0268542766571045
79,target,54,-0.3047711253166199,-0.6497417092323303,1.0312402248382568
79,target,55,-0.29310035705566406,-0.6536413431167603,1.0255767107009888
79,target,56,-0.28967952728271484,-0.6582505702972412,1.0247472524642944
79,target,57,-0.29603445529937744,-0.6576328873634338,1.0245617628097534
79,target,58,-0.29932481050491333,-0.6551949381828308,1.0241987705230713
79,target,59,-0.29580026865005493,-0.6597045063972473,1.0289201736450195
79,target,60,-0.303114652633667,-0.6585387587547302,1.0300730466842651
79,target,61,-0.3001341223716736,-0.658747673034668,1.0330755710601807
79,target,62,-0.30821651220321655,-0.6606178283691406,1.031704068183899
79,target,63,-0.29969435930252075,-0.6626206636428833,1.0259287357330322
80,source,0,-0.3113965392112732,-0.6438994407653809,1.0229923725128174
80,source,1,-0.3059654235839844,-0.6452851295471191,1.0208511352539062
80,source,2,-0.3055553436279297,-0.6448965072631836,1.0190989971160889
80,source,3,-0.30434149503707886,-0.6467256546020508,1.0156996250152588
80,source,4,-0.3061557412147522,-0.6471806764602661,1.0188467502593994
80,source,5,-0.30670905113220215,-0.646727442741394,1.017731785774231
80,source,6,-0.3087199330329895,-0.6431898474693298,1.01914644241333
80,source,7,-0.3056422472000122,-0.6458849310874939,1.0168626308441162
80,source,8,-0.30817675590515137,-0.6452922224998474,1.0171536207199097
80,source,9,-0.3081943392753601,-0.6438887715339661,1.0187972784042358
80,source,10,-0.30539509654045105,-0.6435596942901611,1.02164626121521
80,source,11,-0.30788910388946533,-0.6480579972267151,1.0195155143737793
80,source,12,-0.3070138692855835,-0.6427216529846191,1.020945429801941
80,source,13,-0.30690014362335205,-0.6441776156425476,1.017382264137268
80,source,14,-0.30428099632263184,-0.6440122723579407,1.0192854404449463
80,source,15,-0.3037899434566498,-0.6440133452415466,1.0225975513458252
80,source,16,-0.3031434416770935,-0.6471225023269653,1.0191231966018677
80,source,17,-0.3034806251525879,-0.6452169418334961,1.0204802751541138
80,source,18,-0.302911639213562,-0.646852970123291,1.0194329023361206
80,source,19,-0.30706512928009033,-0.6461918950080872,1.0222761631011963
80,source,20,-0.3026353120803833,-0.6471025347709656,1.0175442695617676
80,source,21,-0.302135705947876,-0.6440235376358032,1.0180550813674927
80,source,22,-0.3021863102912903,-0.6486888527870178,1.018695592880249
80,source,23,-0.30395203828811646,-0.6449201703071594,1.0192996263504028
80,source,24,-0.3073986768722534,-0.6484056115150452,1.0197858810424805
80,source,25,-0.3082846403121948,-0.6471700668334961,1.0238077640533447
80,source,26,-0.30639374256134033,-0.6446728110313416,1.0207669734954834
80,source,27,-0.3028281033039093,-0.6380380988121033,1.021966576576233
80,source,28,-0.3037063777446747,-0.6388565301895142,1.0193281173706055
80,source,29,-0.30711764097213745,-0.6455929279327393,1.0204861164093018
80,source,30,-0.30989915132522583,-0.6454800963401794,1.0179346799850464
80,source,31,-0.3081943988800049,-0.6451097130775452,1.0195143222808838
80,source,32,-0.3081986904144287,-0.648856520652771,1.0187218189239502
80,source,33,-0.30843865871429443,-0.6459017395973206,1.0178765058517456
80,source,34,-0.31249696016311646,-0.6470898985862732,1.0219426155090332
80,source,35,-0.3049587607383728,-0.6429677605628967,1.0195096731185913
80,source,36,-0.3037875294685364,-0.6407071352005005,1.017037272453308
80,source,37,-0.30620038509368896,-0.6434620022773743,1.0231149196624756
80,source,38,-0.30601000785827637,-0.6435246467590332,1.0205025672912598
80,source,39,-0.3046053647994995,-0.6478661894798279,1.0203489065170288
80,source,40,-0.30168384313583374,-0.643316388130188,1.0220274925231934
80,source,41,-0.3047742247581482,-0.6436084508895874,1.0169706344604492
80,source,42,-0.3045904040336609,-0.6458159685134888,1.017547845840454
80,source,43,-0.3063385486602783,-0.643947958946228,1.0201365947723389
80,source,44,-0.303721159696579,-0.6457870602607727,1.0190660953521729
80,source,45,-0.30393677949905396,-0.6479605436325073,1.0208137035369873
80,source,46,-0.3066170811653137,-0.6464719176292419,1.019091010093689
80,source,47,-0.309609591960907,-0.6453990340232849,1.0212769508361816
80,source,48,-0.304728239774704,-0.6494671702384949,1.0147820711135864
80,source,49,-0.3057714104652405,-0.6462794542312622,1.0205742120742798
80,source,50,-0.30956506729125977,-0.6432880759239197,1.0231561660766602
80,source,51,-0.3080822825431824,-0.63979172706604,1.0190320014953613
80,source,52,-0.3081800937652588,-0.6391356587409973,1.0167217254638672
80,source,53,-0.30763769149780273,-0.6461157202720642,1.017659306526184
80,source,54,-0.30850839614868164,-0.6384660601615906,1.01715087890625
80,source,55,-0.30983400344848633,-0.6421017646789551,1.0152876377105713
80,source,56,-0.3096036911010742,-0.640978217124939,1.0135581493377686
80,source,57,-0.3075864315032959,-0.6406828165054321,1.0117287635803223
80,source,58,-0.30927979946136475,-0.640544593334198,1.016182541847229
80,source,59,-0.30987679958343506,-0.6366695165634155,1.0142285823822021
80,source,60,-0.30919569730758667,-0.6391493678092957,1.0193220376968384
80,source,61,-0.309692919254303,-0.6431434750556946,1.0175514221191406
80,source,62,-0.3101411461830139,-0.6403617858886719,1.0184757709503174
80,source,63,-0.309687077999115,-0.6426002383232117,1.0170096158981323
80,target,0,-0.29291290044784546,-0.647509753704071,1.020095705986023
80,target,1,-0.30930912494659424,-0.6423495411872864,1.0240752696990967
80,target,2,-0.31119680404663086,-0.6453225016593933,1.0217677354812622
80,target,3,-0.29953789710998535,-0.6490224003791809,1.017578125
80,target,4,-0.3064197301864624,-0.6374284029006958,1.018498420715332
80,target,5,-0.30915337800979614,-0.6231998205184937,1.0213409662246704
80,target,6,-0.3143479824066162,-0.6249781250953674,1.0204716920852661
80,target,7,-0.3055451512336731,-0.6225663423538208,1.0165648460388184
80,target,8,-0.30749666690826416,-0.6284794211387634,1.014236330986023
80,target,9,-0.296627938747406,-0.6332218647003174,1.0162665843963623
80,target,10,-0.2980169653892517,-0.6279258728027344,1.0190294981002808
80,target,11,-0.3030565083026886,-0.6286117434501648,1.0181833505630493
80,target,12,-0.30264317989349365,-0.6329786777496338,1.01536226272583
80,target,13,-0.29973241686820984,-0.640049934387207,1.0253982543945312
80,target,14,-0.3016241192817688,-0.639154851436615,1.018824815750122
80,target,15,-0.3026677370071411,-0.6423514485359192,1.0170890092849731
80,target,16,-0.3061031699180603,-0.6403492093086243,1.0174486637115479
80,target,17,-0.30777132511138916,-0.633572518825531,1.0153074264526367
80,target,18,-0.313334584236145,-0.638882577419281,1.0209670066833496
80,target,19,-0.3079953193664551,-0.6360532641410828,1.0154801607131958
80,target,20,-0.3150579333305359,-0.6343916654586792,1.0216871500015259
80,target,21,-0.30941224098205566,-0.6315297484397888,1.0229507684707642
80,target,22,-0.30631762742996216,-0.6343565583229065,1.0171046257019043
80,target,23,-0.30097877979278564,-0.6354086995124817,1.0148391723632812
80,target,24,-0.3095182180404663,-0.6324087381362915,1.0196083784103394
80,target,25,-0.3045016825199127,-0.6427408456802368,1.0195602178573608
80,target,26,-0.3034728765487671,-0.6448644399642944,1.0198423862457275
80,target,27,-0.3074374198913574,-0.643478512763977,1.019222617149353
80,target,28,-0.3184739947319031,-0.6475441455841064,1.0260287523269653
80,target,29,-0.2999131679534912,-0.6416285634040833,1.019956350326538
80,target,30,-0.30700379610061646,-0.6447468996047974,1.021270751953125
80,target,31,-0.3099895715713501,-0.6387616395950317,1.0159327983856201
80,target,32,-0.30930447578430176,-0.6383543610572815,1.0189824104309082
80,target,33,-0.31002968549728394,-0.6391280293464661,1.018561840057373
80,target,34,-0.30714094638824463,-0.6403623819351196,1.0197219848632812
80,target,35,-0.31110215187072754,-0.6468439698219299,1.0223489999771118
80,target,36,-0.3074798583984375,-0.6369621157646179,1.0135539770126343
80,target,37,-0.30722635984420776,-0.6420852541923523,1.0175873041152954
80,target,38,-0.31058770418167114,-0.6363242268562317,1.0224989652633667
80,target,39,-0.308465838432312,-0.6382836699485779,1.0183528661727905
80,target,40,-0.3019927442073822,-0.6376416683197021,1.0187082290649414
80,target,41,-0.2996891140937805,-0.6353373527526855,1.018668293952942
80,target,42,-0.30168601870536804,-0.6374972462654114,1.0109976530075073
80,target,43,-0.29971951246261597,-0.6431608200073242,1.014706015586853
80,target,44,-0.29925402998924255,-0.6439908742904663,1.0154367685317993
80,target,45,-0.3031899929046631,-0.6413227319717407,1.0128782987594604
80,target,46,-0.29375287890434265,-0.6633390784263611,1.0388473272323608
80,target,47,-0.2842942774295807,-0.6559234857559204,1.0164207220077515
80,target,48,-0.2766924500465393,-0.651564359664917,1.0147852897644043
80,target,49,-0.2923460602760315,-0.6634448170661926,1.039278507232666
80,target,50,-0.30618056654930115,-0.6405268311500549,1.0368826389312744
80,target,51,-0.2998289167881012,-0.6484699249267578,1.0204174518585205
80,target,52,-0.29818254709243774,-0.6472032070159912,1.019157886505127
80,target,53,-0.3004562258720398,-0.6458336114883423,1.0159529447555542
80,target,54,-0.29939281940460205,-0.6426788568496704,1.0188652276992798
80,target,55,-0.2873663306236267,-0.64551842212677,1.0131347179412842
80,target,56,-0.28496313095092773,-0.6492674350738525,1.0133901834487915
80,target,57,-0.291553258895874,-0.6471437215805054,1.0141147375106812
80,target,58,-0.2960411012172699,-0.6438003182411194,1.014482855796814
80,target,59,-0.2913309931755066,-0.64875328540802,1.016966462135315
80,target,60,-0.29811525344848633,-0.6480531096458435,1.0183944702148438
80,target,61,-0.29444366693496704,-0.6483790278434753,1.0199388265609741
80,target,62,-0.3003388047218323,-0.6489273309707642,1.017560601234436
80,target,63,-0.2931559681892395,-0.6517120003700256,1.0129523277282715
81,source,0,-0.314608633518219,-0.6325904726982117,1.0206046104431152
81,source,1,-0.306394100189209,-0.6307922601699829,1.0155858993530273
81,source,2,-0.3077593445777893,-0.6303790807723999,1.013073444366455
81,source,3,-0.30609747767448425,-0.6332966685295105,1.0100319385528564
81,source,4,-0.30726999044418335,-0.6329851150512695,1.0133168697357178
81,source,5,-0.3092513084411621,-0.6312375068664551,1.011795997619629
81,source,6,-0.31014537811279297,-0.6305364370346069,1.0142168998718262
81,source,7,-0.3060152530670166,-0.6309450268745422,1.0105401277542114
81,source,8,-0.3087027668952942,-0.6296895146369934,1.0108590126037598
81,source,9,-0.3092769980430603,-0.6298598051071167,1.0127370357513428
81,source,10,-0.3058534860610962,-0.6305270791053772,1.0164833068847656
81,source,11,-0.3097515106201172,-0.6332075595855713,1.015181541442871
81,source,12,-0.30873382091522217,-0.6285837888717651,1.0169668197631836
81,source,13,-0.3097265958786011,-0.6326368451118469,1.0128711462020874
81,source,14,-0.30464351177215576,-0.629630446434021,1.0154160261154175
81,source,15,-0.30332624912261963,-0.6285093426704407,1.0176563262939453
81,source,16,-0.3027164936065674,-0.6306244730949402,1.013191819190979
81,source,17,-0.303849995136261,-0.630506157875061,1.0146437883377075
81,source,18,-0.3036508560180664,-0.6323032379150391,1.0142937898635864
81,source,19,-0.30768871307373047,-0.6309468150138855,1.0172605514526367
81,source,20,-0.30262523889541626,-0.6290873885154724,1.0093032121658325
81,source,21,-0.30296790599823,-0.6289592385292053,1.012336254119873
81,source,22,-0.3012741804122925,-0.6337903738021851,1.012193202972412
81,source,23,-0.3053783178329468,-0.628382682800293,1.0149016380310059
81,source,24,-0.3074975609779358,-0.6337255835533142,1.0145865678787231
81,source,25,-0.3079947829246521,-0.6318894028663635,1.0177500247955322
81,source,26,-0.3080598711967468,-0.6284588575363159,1.0168284177780151
81,source,27,-0.3054567277431488,-0.6244098544120789,1.0177085399627686
81,source,28,-0.3035224974155426,-0.6222635507583618,1.01272714138031
81,source,29,-0.3092740774154663,-0.6321680545806885,1.0177462100982666
81,source,30,-0.31119346618652344,-0.6327736973762512,1.0139285326004028
81,source,31,-0.309617280960083,-0.6298114657402039,1.014103889465332
81,source,32,-0.30954259634017944,-0.6372877359390259,1.0142686367034912
81,source,33,-0.30970120429992676,-0.6322652697563171,1.0128672122955322
81,source,34,-0.31356823444366455,-0.632361114025116,1.0177191495895386
81,source,35,-0.30544301867485046,-0.6267102360725403,1.0134251117706299
81,source,36,-0.3069807291030884,-0.6289092302322388,1.0160331726074219
81,source,37,-0.30804240703582764,-0.629642903804779,1.01877760887146
81,source,38,-0.3075682520866394,-0.6288449764251709,1.0175447463989258
81,source,39,-0.304847776889801,-0.6325690746307373,1.014782428741455
81,source,40,-0.30198729038238525,-0.6293133497238159,1.0167149305343628
81,source,41,-0.30729901790618896,-0.6315571069717407,1.0122052431106567
81,source,42,-0.30685317516326904,-0.6298673748970032,1.0120307207107544
81,source,43,-0.30829060077667236,-0.6287333965301514,1.0150973796844482
81,source,44,-0.3043665885925293,-0.6308608651161194,1.0124244689941406
81,source,45,-0.30467671155929565,-0.6317633986473083,1.0135458707809448
81,source,46,-0.30821847915649414,-0.6333962678909302,1.0150712728500366
81,source,47,-0.31067198514938354,-0.6309767365455627,1.0170080661773682
81,source,48,-0.3075026869773865,-0.6357413530349731,1.0099459886550903
81,source,49,-0.3072814345359802,-0.6329488754272461,1.0159388780593872
81,source,50,-0.31025034189224243,-0.6329695582389832,1.0181584358215332
81,source,51,-0.30922985076904297,-0.6293012499809265,1.0151972770690918
81,source,52,-0.309492826461792,-0.6270056366920471,1.0119646787643433
81,source,53,-0.308707594871521,-0.6327380537986755,1.0117506980895996
81,source,54,-0.3080211281776428,-0.6253955364227295,1.0106679201126099
81,source,55,-0.30874043703079224,-0.6289700269699097,1.0096697807312012
81,source,56,-0.308946430683136,-0.6284016370773315,1.0070512294769287
81,source,57,-0.30700182914733887,-0.6280530095100403,1.006284236907959
81,source,58,-0.307922899723053,-0.6256479620933533,1.0093374252319336
81,source,59,-0.31021976470947266,-0.6234656572341919,1.008895754814148
81,source,60,-0.30863291025161743,-0.627551794052124,1.012858510017395
81,source,61,-0.3115682005882263,-0.6306602954864502,1.012738585472107
81,source,62,-0.311328649520874,-0.6296508312225342,1.014803409576416
81,source,63,-0.3094139099121094,-0.630557656288147,1.013920545578003
81,target,0,-0.290414959192276,-0.6340052485466003,1.0133147239685059
81,target,1,-0.30974280834198,-0.6333197951316833,1.020090937614441
81,target,2,-0.30974453687667847,-0.6328122615814209,1.0166441202163696
81,target,3,-0.3000113070011139,-0.6397418975830078,1.0115735530853271
81,target,4,-0.3056457042694092,-0.628187894821167,1.0139710903167725
81,target,5,-0.3100987672805786,-0.6094329357147217,1.0185030698776245
81,target,6,-0.31574511528015137,-0.6140642166137695,1.0195597410202026
81,target,7,-0.3052794337272644,-0.6036434769630432,1.0136337280273438
81,target,8,-0.3085089325904846,-0.6109352707862854,1.0113296508789062
81,target,9,-0.2954585552215576,-0.6173660755157471,1.010097861289978
81,target,10,-0.29565489292144775,-0.6105875968933105,1.0124977827072144
81,target,11,-0.3011981248855591,-0.6135779619216919,1.0132956504821777
81,target,12,-0.30278950929641724,-0.6191679239273071,1.0119056701660156
81,target,13,-0.298015832901001,-0.6251434683799744,1.0205351114273071
81,target,14,-0.30086782574653625,-0.6269167065620422,1.0142462253570557
81,target,15,-0.30184006690979004,-0.633143424987793,1.0113918781280518
81,target,16,-0.30467677116394043,-0.6300977468490601,1.011647343635559
81,target,17,-0.305533766746521,-0.6167998909950256,1.011007308959961
81,target,18,-0.31326234340667725,-0.6246309280395508,1.0169615745544434
81,target,19,-0.3073766231536865,-0.6226836442947388,1.010789155960083
81,target,20,-0.3131864070892334,-0.6222493648529053,1.0170458555221558
81,target,21,-0.31000643968582153,-0.6180728077888489,1.0202194452285767
81,target,22,-0.3065876364707947,-0.6199513077735901,1.0145199298858643
81,target,23,-0.298793762922287,-0.6225700974464417,1.009907841682434
81,target,24,-0.30793100595474243,-0.6154741644859314,1.014561653137207
81,target,25,-0.3051796853542328,-0.6323849558830261,1.0167195796966553
81,target,26,-0.30763185024261475,-0.6371336579322815,1.015310525894165
81,target,27,-0.3061732053756714,-0.6316748857498169,1.0127384662628174
81,target,28,-0.3190508484840393,-0.6366495490074158,1.0231646299362183
81,target,29,-0.29982903599739075,-0.6303966045379639,1.01559317111969
81,target,30,-0.30336207151412964,-0.6337175369262695,1.0142898559570312
81,target,31,-0.3079691529273987,-0.6295455694198608,1.0118911266326904
81,target,32,-0.30873072147369385,-0.6291210055351257,1.0154352188110352
81,target,33,-0.3069846034049988,-0.6302157044410706,1.0150941610336304
81,target,34,-0.306701123714447,-0.6289344429969788,1.0147465467453003
81,target,35,-0.3120355010032654,-0.6358538269996643,1.0164581537246704
81,target,36,-0.30636757612228394,-0.6240743398666382,1.0100841522216797
81,target,37,-0.30609241127967834,-0.6299576163291931,1.0112966299057007
81,target,38,-0.31187301874160767,-0.628200352191925,1.019850730895996
81,target,39,-0.3040870428085327,-0.6262421607971191,1.0136301517486572
81,target,40,-0.3020772337913513,-0.6213921904563904,1.0144940614700317
81,target,41,-0.2996740937232971,-0.6181837320327759,1.0135146379470825
81,target,42,-0.3022177219390869,-0.6198241710662842,1.0036250352859497
81,target,43,-0.3011266589164734,-0.6278955936431885,1.0102224349975586
81,target,44,-0.3009932339191437,-0.6294428110122681,1.010529637336731
81,target,45,-0.30481719970703125,-0.6250640749931335,1.006557822227478
81,target,46,-0.2902297079563141,-0.6490245461463928,1.0339635610580444
81,target,47,-0.2837526202201843,-0.6431792974472046,1.012265682220459
81,target,48,-0.2742135226726532,-0.6407654285430908,1.0082669258117676
81,target,49,-0.2884202301502228,-0.6534525156021118,1.0356760025024414
81,target,50,-0.30339139699935913,-0.6289790868759155,1.0340677499771118
81,target,51,-0.300489604473114,-0.637537956237793,1.0171014070510864
81,target,52,-0.29741761088371277,-0.6346309781074524,1.0141979455947876
81,target,53,-0.3015865981578827,-0.6354997754096985,1.012708067893982
81,target,54,-0.2973809838294983,-0.6300789713859558,1.014012098312378
81,target,55,-0.28747570514678955,-0.6340922713279724,1.0104625225067139
81,target,56,-0.2838554382324219,-0.6342170834541321,1.0072516202926636
81,target,57,-0.2919631600379944,-0.6349206566810608,1.0100172758102417
81,target,58,-0.2934361696243286,-0.632097601890564,1.0098471641540527
81,target,59,-0.2910560667514801,-0.6357632875442505,1.0129129886627197
81,target,60,-0.29751455783843994,-0.6367397904396057,1.0152148008346558
81,target,61,-0.29460811614990234,-0.6337658166885376,1.0165780782699585
81,target,62,-0.3010076880455017,-0.636714518070221,1.0158816576004028
81,target,63,-0.29255369305610657,-0.6375808119773865,1.0089513063430786
82,source,0,-0.31352412700653076,-0.6327998638153076,1.024045467376709
82,source,1,-0.30707496404647827,-0.6326284408569336,1.0212141275405884
82,source,2,-0.3073539733886719,-0.6299309134483337,1.0174016952514648
82,source,3,-0.30499058961868286,-0.6321700811386108,1.015561580657959
82,source,4,-0.30785518884658813,-0.6337406039237976,1.0181853771209717
82,source,5,-0.3095029592514038,-0.6330061554908752,1.0189733505249023
82,source,6,-0.3090757727622986,-0.6305439472198486,1.0195919275283813
82,source,7,-0.3068217635154724,-0.633215606212616,1.0175504684448242
82,source,8,-0.308347225189209,-0.6318411231040955,1.0167889595031738
82,source,9,-0.3085670471191406,-0.6313377618789673,1.0184916257858276
82,source,10,-0.3063179850578308,-0.6297460198402405,1.022502064704895
82,source,11,-0.3114851117134094,-0.6337556838989258,1.0206612348556519
82,source,12,-0.3092499375343323,-0.6284952759742737,1.0222476720809937
82,source,13,-0.3097783923149109,-0.6294471621513367,1.0189261436462402
82,source,14,-0.3053213357925415,-0.6293718218803406,1.018725872039795
82,source,15,-0.30208733677864075,-0.628182053565979,1.0222245454788208
82,source,16,-0.3026125133037567,-0.630800724029541,1.0176969766616821
82,source,17,-0.30347758531570435,-0.6306307911872864,1.0191030502319336
82,source,18,-0.30347949266433716,-0.6315076947212219,1.0196031332015991
82,source,19,-0.306679368019104,-0.6312963962554932,1.0222537517547607
82,source,20,-0.3031427264213562,-0.6308327317237854,1.0156123638153076
82,source,21,-0.3020106554031372,-0.6289461255073547,1.0175373554229736
82,source,22,-0.30083954334259033,-0.6350736618041992,1.0162159204483032
82,source,23,-0.3047194182872772,-0.6306856274604797,1.0195000171661377
82,source,24,-0.30592599511146545,-0.633433997631073,1.0188926458358765
82,source,25,-0.3069242835044861,-0.633476734161377,1.0222949981689453
82,source,26,-0.3085362911224365,-0.6289840936660767,1.0221140384674072
82,source,27,-0.3042438328266144,-0.6222184300422668,1.0213468074798584
82,source,28,-0.3037037253379822,-0.6227672696113586,1.0194158554077148
82,source,29,-0.309772789478302,-0.6317434310913086,1.022789478302002
82,source,30,-0.31247806549072266,-0.6325936317443848,1.0191618204116821
82,source,31,-0.3101578950881958,-0.6311203837394714,1.0198837518692017
82,source,32,-0.3095661997795105,-0.6362257599830627,1.019627571105957
82,source,33,-0.3088838458061218,-0.6329591870307922,1.0183677673339844
82,source,34,-0.3132398724555969,-0.6337013840675354,1.0231685638427734
82,source,35,-0.30570608377456665,-0.6273543834686279,1.0184674263000488
82,source,36,-0.3062601089477539,-0.6249275803565979,1.019761562347412
82,source,37,-0.3074653148651123,-0.6311328411102295,1.0231837034225464
82,source,38,-0.3052123486995697,-0.6302407383918762,1.0206786394119263
82,source,39,-0.30358943343162537,-0.6337790489196777,1.018362045288086
82,source,40,-0.3029288053512573,-0.6303861141204834,1.021669864654541
82,source,41,-0.30703240633010864,-0.6303586959838867,1.016167402267456
82,source,42,-0.3062877058982849,-0.6316491365432739,1.0163044929504395
82,source,43,-0.3081322908401489,-0.6301772594451904,1.020705223083496
82,source,44,-0.30445823073387146,-0.6296448111534119,1.0181933641433716
82,source,45,-0.30494236946105957,-0.6325733661651611,1.0193452835083008
82,source,46,-0.30819445848464966,-0.6327860951423645,1.0195565223693848
82,source,47,-0.3101798892021179,-0.6311356425285339,1.0219700336456299
82,source,48,-0.30780839920043945,-0.6348416209220886,1.016174077987671
82,source,49,-0.30816543102264404,-0.6338073015213013,1.0220903158187866
82,source,50,-0.30841487646102905,-0.6323667168617249,1.0220149755477905
82,source,51,-0.3070199489593506,-0.6266483664512634,1.0172325372695923
82,source,52,-0.3093002438545227,-0.6255779266357422,1.0161093473434448
82,source,53,-0.30856555700302124,-0.6316642761230469,1.0164660215377808
82,source,54,-0.30828404426574707,-0.6267066597938538,1.0167254209518433
82,source,55,-0.3095274567604065,-0.6296426057815552,1.0159096717834473
82,source,56,-0.309528648853302,-0.6281245946884155,1.0132044553756714
82,source,57,-0.3076409101486206,-0.6269124150276184,1.0114959478378296
82,source,58,-0.30790722370147705,-0.6266170144081116,1.0157759189605713
82,source,59,-0.3097761273384094,-0.6239844560623169,1.0148776769638062
82,source,60,-0.3079158067703247,-0.6261824369430542,1.0170581340789795
82,source,61,-0.31020307540893555,-0.629836916923523,1.0160109996795654
82,source,62,-0.31040263175964355,-0.6278541088104248,1.01789128780365
82,source,63,-0.31016337871551514,-0.6279919147491455,1.0191105604171753
82,target,0,-0.2897741496562958,-0.6365970373153687,1.0212069749832153
82,target,1,-0.31021177768707275,-0.6333498954772949,1.0255353450775146
82,target,2,-0.3095657229423523,-0.6308974027633667,1.0215224027633667
82,target,3,-0.29795128107070923,-0.639398992061615,1.0154476165771484
82,target,4,-0.30722564458847046,-0.6248573064804077,1.0175048112869263
82,target,5,-0.31285637617111206,-0.6095763444900513,1.0240273475646973
82,target,6,-0.31855446100234985,-0.6111132502555847,1.023796558380127
82,target,7,-0.3069506883621216,-0.6043744087219238,1.0180615186691284
82,target,8,-0.3101493716239929,-0.6112795472145081,1.014992117881775
82,target,9,-0.2952406406402588,-0.6176578402519226,1.0155119895935059
82,target,10,-0.29605281352996826,-0.6123963594436646,1.016043782234192
82,target,11,-0.302176833152771,-0.6123473048210144,1.0164177417755127
82,target,12,-0.30378812551498413,-0.618293285369873,1.0143725872039795
82,target,13,-0.29653871059417725,-0.6264384984970093,1.0246468782424927
82,target,14,-0.2998847961425781,-0.6273742318153381,1.0179316997528076
82,target,15,-0.30298325419425964,-0.6302021145820618,1.0164463520050049
82,target,16,-0.3057924807071686,-0.6268741488456726,1.0164400339126587
82,target,17,-0.30687838792800903,-0.6195806860923767,1.015702486038208
82,target,18,-0.31419533491134644,-0.6239657402038574,1.0217829942703247
82,target,19,-0.3066893219947815,-0.6224203109741211,1.0170284509658813
82,target,20,-0.3140246272087097,-0.6242637634277344,1.0234978199005127
82,target,21,-0.31214284896850586,-0.6175402998924255,1.0251307487487793
82,target,22,-0.30510449409484863,-0.6240726113319397,1.0193978548049927
82,target,23,-0.2978760600090027,-0.6217824220657349,1.0140454769134521
82,target,24,-0.30743592977523804,-0.6201803088188171,1.0190255641937256
82,target,25,-0.3032383918762207,-0.6338123679161072,1.0193893909454346
82,target,26,-0.30590927600860596,-0.6321732997894287,1.0184829235076904
82,target,27,-0.30750197172164917,-0.6299494504928589,1.0190891027450562
82,target,28,-0.3223358988761902,-0.6371070146560669,1.028411626815796
82,target,29,-0.2989695966243744,-0.6344497203826904,1.0207021236419678
82,target,30,-0.30372756719589233,-0.6300534605979919,1.016390085220337
82,target,31,-0.3113532066345215,-0.6266428828239441,1.016638159751892
82,target,32,-0.3082951307296753,-0.6267748475074768,1.0183846950531006
82,target,33,-0.3077855706214905,-0.6267523765563965,1.0196564197540283
82,target,34,-0.30527442693710327,-0.6271569728851318,1.0187411308288574
82,target,35,-0.3097119927406311,-0.6356483697891235,1.0213655233383179
82,target,36,-0.30580058693885803,-0.6209331154823303,1.014853835105896
82,target,37,-0.306690514087677,-0.6270921230316162,1.0168510675430298
82,target,38,-0.3103336691856384,-0.6223633885383606,1.0224958658218384
82,target,39,-0.30493927001953125,-0.6251702904701233,1.0185695886611938
82,target,40,-0.30062127113342285,-0.6256886720657349,1.0195368528366089
82,target,41,-0.29835763573646545,-0.6226171851158142,1.0197886228561401
82,target,42,-0.3028198480606079,-0.6198925375938416,1.0093146562576294
82,target,43,-0.30065667629241943,-0.6275060772895813,1.0146039724349976
82,target,44,-0.302554190158844,-0.6278043985366821,1.0172231197357178
82,target,45,-0.304726243019104,-0.6239988207817078,1.0133442878723145
82,target,46,-0.2855289578437805,-0.6553831696510315,1.0394554138183594
82,target,47,-0.2815006971359253,-0.6468650698661804,1.019541621208191
82,target,48,-0.27249646186828613,-0.644155740737915,1.0165830850601196
82,target,49,-0.28317004442214966,-0.6577537655830383,1.040802001953125
82,target,50,-0.3014172911643982,-0.6337870359420776,1.0379196405410767
82,target,51,-0.29894793033599854,-0.6371093392372131,1.021406650543213
82,target,52,-0.29514080286026,-0.6364411115646362,1.0191510915756226
82,target,53,-0.2989370822906494,-0.637251615524292,1.0168774127960205
82,target,54,-0.2979164123535156,-0.6288236975669861,1.0199612379074097
82,target,55,-0.2863720655441284,-0.6347808241844177,1.0154963731765747
82,target,56,-0.28154456615448,-0.6389954090118408,1.0136055946350098
82,target,57,-0.28795957565307617,-0.6385899186134338,1.0145504474639893
82,target,58,-0.29139286279678345,-0.634823203086853,1.0144872665405273
82,target,59,-0.2865813672542572,-0.6390970349311829,1.0171325206756592
82,target,60,-0.2947347164154053,-0.6382628679275513,1.0194957256317139
82,target,61,-0.29327619075775146,-0.6378336548805237,1.0234864950180054
82,target,62,-0.2985370457172394,-0.6389667987823486,1.0199558734893799
82,target,63,-0.2883196771144867,-0.6423532962799072,1.0135207176208496
83,source,0,-0.3129844665527344,-0.6456740498542786,1.0220228433609009
83,source,1,-0.30906593799591064,-0.6463257670402527,1.0200564861297607
83,source,2,-0.30772316455841064,-0.6467764377593994,1.0175031423568726
83,source,3,-0.3075709939002991,-0.64781653881073,1.014948844909668
83,source,4,-0.30897659063339233,-0.6476629972457886,1.0183987617492676
83,source,5,-0.30985045433044434,-0.6476704478263855,1.0174627304077148
83,source,6,-0.30991852283477783,-0.6455581784248352,1.0176693201065063
83,source,7,-0.30818748474121094,-0.6472976803779602,1.0161285400390625
83,source,8,-0.31115812063217163,-0.646780788898468,1.0165770053863525
83,source,9,-0.30996155738830566,-0.6460070610046387,1.0176408290863037
83,source,10,-0.3088887333869934,-0.6454765200614929,1.0216907262802124
83,source,11,-0.31252729892730713,-0.6494057178497314,1.0198012590408325
83,source,12,-0.31007784605026245,-0.6448445320129395,1.0203642845153809
83,source,13,-0.3105419874191284,-0.6468986868858337,1.0177878141403198
83,source,14,-0.30567070841789246,-0.6458446979522705,1.0196789503097534
83,source,15,-0.3045157492160797,-0.6444839239120483,1.020984411239624
83,source,16,-0.30460673570632935,-0.6469264626502991,1.0171639919281006
83,source,17,-0.3052527904510498,-0.6452091932296753,1.0190162658691406
83,source,18,-0.3048762083053589,-0.6462119221687317,1.0185173749923706
83,source,19,-0.31019049882888794,-0.6465030908584595,1.0228184461593628
83,source,20,-0.30599522590637207,-0.6478258371353149,1.0165400505065918
83,source,21,-0.30435091257095337,-0.643405020236969,1.0175267457962036
83,source,22,-0.30476224422454834,-0.6497963666915894,1.018054723739624
83,source,23,-0.30572807788848877,-0.645179808139801,1.0190197229385376
83,source,24,-0.30958157777786255,-0.6486347317695618,1.019770622253418
83,source,25,-0.3096778392791748,-0.6481164693832397,1.0232183933258057
83,source,26,-0.31110817193984985,-0.6449040770530701,1.0221282243728638
83,source,27,-0.30471107363700867,-0.6389120817184448,1.0200756788253784
83,source,28,-0.30368131399154663,-0.6377527117729187,1.0174940824508667
83,source,29,-0.31155824661254883,-0.6472300291061401,1.021363615989685
83,source,30,-0.3134461045265198,-0.6458885669708252,1.0179086923599243
83,source,31,-0.31282275915145874,-0.6464750170707703,1.0193008184432983
83,source,32,-0.3112044930458069,-0.6496708393096924,1.0192054510116577
83,source,33,-0.3106047511100769,-0.646851658821106,1.0180635452270508
83,source,34,-0.3139205574989319,-0.6483165621757507,1.0224870443344116
83,source,35,-0.30882900953292847,-0.6426823735237122,1.01968514919281
83,source,36,-0.3052963614463806,-0.6421976685523987,1.0171700716018677
83,source,37,-0.30976539850234985,-0.6447139978408813,1.0234745740890503
83,source,38,-0.3076953887939453,-0.6441509127616882,1.020146131515503
83,source,39,-0.3063703179359436,-0.6491032242774963,1.0188534259796143
83,source,40,-0.3051299452781677,-0.6445245146751404,1.020556926727295
83,source,41,-0.30760449171066284,-0.6455731987953186,1.0149401426315308
83,source,42,-0.30682384967803955,-0.6462806463241577,1.0150021314620972
83,source,43,-0.3098967671394348,-0.6450100541114807,1.018611192703247
83,source,44,-0.3060852587223053,-0.6450597047805786,1.017263650894165
83,source,45,-0.3077443838119507,-0.6493446826934814,1.0199408531188965
83,source,46,-0.3090388774871826,-0.6468780636787415,1.019034504890442
83,source,47,-0.3114590048789978,-0.646436333656311,1.0208740234375
83,source,48,-0.3092684745788574,-0.6500694155693054,1.0161384344100952
83,source,49,-0.31093263626098633,-0.6459616422653198,1.020923137664795
83,source,50,-0.3104797601699829,-0.6416339874267578,1.0205446481704712
83,source,51,-0.3091855049133301,-0.6380607485771179,1.0140941143035889
83,source,52,-0.31044405698776245,-0.6376184821128845,1.013647198677063
83,source,53,-0.3109642267227173,-0.6437812447547913,1.0160043239593506
83,source,54,-0.31136947870254517,-0.6375184655189514,1.016295313835144
83,source,55,-0.31230682134628296,-0.6422930359840393,1.016381025314331
83,source,56,-0.3110005259513855,-0.6394094824790955,1.0128651857376099
83,source,57,-0.3096795082092285,-0.6396284699440002,1.0108641386032104
83,source,58,-0.3117498755455017,-0.6406601667404175,1.0161519050598145
83,source,59,-0.3121296763420105,-0.6364960074424744,1.0139416456222534
83,source,60,-0.3113277554512024,-0.6391716003417969,1.0173778533935547
83,source,61,-0.312949538230896,-0.6415688991546631,1.016585111618042
83,source,62,-0.31329911947250366,-0.6400352716445923,1.017521858215332
83,source,63,-0.31268101930618286,-0.640354573726654,1.016757607460022
83,target,0,-0.2934281826019287,-0.6471271514892578,1.0177276134490967
83,target,1,-0.3109477758407593,-0.6416446566581726,1.0236921310424805
83,target,2,-0.3123818039894104,-0.64191073179245,1.0207501649856567
83,target,3,-0.30285245180130005,-0.6478151082992554,1.0169930458068848
83,target,4,-0.3084856867790222,-0.6368394494056702,1.01572585105896
83,target,5,-0.3132755160331726,-0.624614953994751,1.021963119506836
83,target,6,-0.31750285625457764,-0.6256237626075745,1.019479513168335
83,target,7,-0.30518078804016113,-0.61769700050354,1.0128413438796997
83,target,8,-0.3083237409591675,-0.6258114576339722,1.0106526613235474
83,target,9,-0.29625922441482544,-0.6290460228919983,1.0130000114440918
83,target,10,-0.29900074005126953,-0.6255332231521606,1.0139100551605225
83,target,11,-0.30402863025665283,-0.625709056854248,1.015217661857605
83,target,12,-0.3043394088745117,-0.6307725310325623,1.011474609375
83,target,13,-0.29851633310317993,-0.6374020576477051,1.022929072380066
83,target,14,-0.3005722761154175,-0.6355845332145691,1.0169930458068848
83,target,15,-0.3026004433631897,-0.640142023563385,1.013913869857788
83,target,16,-0.30672013759613037,-0.6375449895858765,1.016357421875
83,target,17,-0.30833345651626587,-0.6330718398094177,1.0149818658828735
83,target,18,-0.31563323736190796,-0.6374315619468689,1.0199767351150513
83,target,19,-0.30839109420776367,-0.6334611773490906,1.0149213075637817
83,target,20,-0.3151361346244812,-0.6350669860839844,1.0205849409103394
83,target,21,-0.31295251846313477,-0.62912517786026,1.0224697589874268
83,target,22,-0.307330846786499,-0.6352289915084839,1.0174237489700317
83,target,23,-0.29953235387802124,-0.6333332061767578,1.0115149021148682
83,target,24,-0.3085818886756897,-0.6313979625701904,1.0169116258621216
83,target,25,-0.30574601888656616,-0.641344428062439,1.0202842950820923
83,target,26,-0.307864785194397,-0.6434137225151062,1.0167800188064575
83,target,27,-0.3076398968696594,-0.6373388767242432,1.016770839691162
83,target,28,-0.3217024803161621,-0.6469226479530334,1.0263609886169434
83,target,29,-0.3034088611602783,-0.6445630192756653,1.0227992534637451
83,target,30,-0.30675721168518066,-0.6432285308837891,1.0189741849899292
83,target,31,-0.3128061890602112,-0.6384923458099365,1.0167829990386963
83,target,32,-0.3110058307647705,-0.638038158416748,1.020666241645813
83,target,33,-0.3116282820701599,-0.6402632594108582,1.0178312063217163
83,target,34,-0.30860280990600586,-0.6368385553359985,1.0173810720443726
83,target,35,-0.31290102005004883,-0.6439477205276489,1.0200313329696655
83,target,36,-0.3083203434944153,-0.6357292532920837,1.0139240026474
83,target,37,-0.30956292152404785,-0.6393691301345825,1.0167361497879028
83,target,38,-0.3122822642326355,-0.6342391967773438,1.0183237791061401
83,target,39,-0.30775535106658936,-0.6370689272880554,1.0150326490402222
83,target,40,-0.303977906703949,-0.6364437937736511,1.0172990560531616
83,target,41,-0.3016487956047058,-0.6354721188545227,1.0167748928070068
83,target,42,-0.3041071891784668,-0.6373856067657471,1.0083930492401123
83,target,43,-0.3033944368362427,-0.6446115970611572,1.014136552810669
83,target,44,-0.3049062490463257,-0.6454993486404419,1.0164120197296143
83,target,45,-0.3071894645690918,-0.6404736042022705,1.012885332107544
83,target,46,-0.29297155141830444,-0.6645195484161377,1.0392776727676392
83,target,47,-0.28532201051712036,-0.6547197699546814,1.017850637435913
83,target,48,-0.2790980041027069,-0.651984453201294,1.0156314373016357
83,target,49,-0.29085326194763184,-0.6663267612457275,1.041150450706482
83,target,50,-0.30390334129333496,-0.640516459941864,1.037297010421753
83,target,51,-0.30359333753585815,-0.6473662257194519,1.0226162672042847
83,target,52,-0.29986894130706787,-0.6471031308174133,1.020554542541504
83,target,53,-0.3024783134460449,-0.6471832990646362,1.0181101560592651
83,target,54,-0.3022683262825012,-0.639729917049408,1.020681381225586
83,target,55,-0.2906263470649719,-0.6446180939674377,1.0154362916946411
83,target,56,-0.2855879068374634,-0.6500318646430969,1.0141527652740479
83,target,57,-0.29184865951538086,-0.6499104499816895,1.0151797533035278
83,target,58,-0.29411888122558594,-0.6460825204849243,1.015466570854187
83,target,59,-0.2922704219818115,-0.6487182974815369,1.0197399854660034
83,target,60,-0.29876911640167236,-0.6478700637817383,1.0193114280700684
83,target,61,-0.29792720079421997,-0.6476231813430786,1.0233372449874878
83,target,62,-0.3041946291923523,-0.6499847769737244,1.019972562789917
83,target,63,-0.2949788570404053,-0.6540628671646118,1.015877604484558
84,source,0,-0.3156699538230896,-0.648850679397583,1.0272434949874878
84,source,1,-0.311154305934906,-0.6475889086723328,1.0251765251159668
84,source,2,-0.31036150455474854,-0.6479259729385376,1.023450255393982
84,source,3,-0.3102610111236572,-0.649596095085144,1.0197255611419678
84,source,4,-0.312375009059906,-0.6489260792732239,1.02230966091156
84,source,5,-0.3135179877281189,-0.6482754945755005,1.022441029548645
84,source,6,-0.3139129877090454,-0.6483304500579834,1.023781418800354
84,source,7,-0.3121758699417114,-0.6496053338050842,1.0222818851470947
84,source,8,-0.314020037651062,-0.6492286324501038,1.0223777294158936
84,source,9,-0.3125501871109009,-0.6469765305519104,1.0225871801376343
84,source,10,-0.31130731105804443,-0.6469157338142395,1.0258400440216064
84,source,11,-0.31444263458251953,-0.651202380657196,1.0243334770202637
84,source,12,-0.3126752972602844,-0.64827561378479,1.0248146057128906
84,source,13,-0.3130838871002197,-0.6485283374786377,1.0221242904663086
84,source,14,-0.3089746832847595,-0.6481528282165527,1.0233752727508545
84,source,15,-0.30848878622055054,-0.6467090845108032,1.025814414024353
84,source,16,-0.3083864450454712,-0.6487742066383362,1.0222591161727905
84,source,17,-0.30826103687286377,-0.6467797756195068,1.022310733795166
84,source,18,-0.3079363703727722,-0.6489763259887695,1.0228570699691772
84,source,19,-0.31166166067123413,-0.6483269333839417,1.0260093212127686
84,source,20,-0.3068947196006775,-0.649118959903717,1.0195543766021729
84,source,21,-0.3063262104988098,-0.6446176767349243,1.0208628177642822
84,source,22,-0.30648428201675415,-0.6498200297355652,1.02146577835083
84,source,23,-0.30732405185699463,-0.6462523341178894,1.0217430591583252
84,source,24,-0.3122894763946533,-0.6500040888786316,1.0228166580200195
84,source,25,-0.31155645847320557,-0.6489521861076355,1.0265018939971924
84,source,26,-0.31278151273727417,-0.6472541093826294,1.0251471996307373
84,source,27,-0.30848807096481323,-0.6424975395202637,1.0252631902694702
84,source,28,-0.3065187335014343,-0.6389707326889038,1.0210355520248413
84,source,29,-0.31342488527297974,-0.649094820022583,1.0254647731781006
84,source,30,-0.3155222535133362,-0.6491062641143799,1.0222203731536865
84,source,31,-0.3145350217819214,-0.6483438014984131,1.0235538482666016
84,source,32,-0.31461793184280396,-0.6512026190757751,1.0241174697875977
84,source,33,-0.31461089849472046,-0.6487650275230408,1.0232778787612915
84,source,34,-0.3165152072906494,-0.6497456431388855,1.0269259214401245
84,source,35,-0.31007319688796997,-0.6453068256378174,1.0228058099746704
84,source,36,-0.308479905128479,-0.645395040512085,1.0227084159851074
84,source,37,-0.3124534487724304,-0.6460942029953003,1.027104377746582
84,source,38,-0.31041330099105835,-0.645782470703125,1.0238549709320068
84,source,39,-0.3092576861381531,-0.6491184830665588,1.0227724313735962
84,source,40,-0.309028685092926,-0.6456676125526428,1.0271995067596436
84,source,41,-0.3113226890563965,-0.6475751399993896,1.0217878818511963
84,source,42,-0.3096044063568115,-0.6482095718383789,1.02035653591156
84,source,43,-0.3127472400665283,-0.6467924118041992,1.0245633125305176
84,source,44,-0.3078497648239136,-0.6465937495231628,1.0204757452011108
84,source,45,-0.309161901473999,-0.6506033539772034,1.0234313011169434
84,source,46,-0.3123396039009094,-0.6498429179191589,1.0231750011444092
84,source,47,-0.3138079047203064,-0.6484355330467224,1.0255308151245117
84,source,48,-0.31263458728790283,-0.6516993045806885,1.0199261903762817
84,source,49,-0.3122597336769104,-0.6475809812545776,1.0246913433074951
84,source,50,-0.31418877840042114,-0.6478086113929749,1.027551531791687
84,source,51,-0.31161069869995117,-0.6450295448303223,1.0221731662750244
84,source,52,-0.3138919472694397,-0.6445978879928589,1.0217249393463135
84,source,53,-0.31553882360458374,-0.6496886014938354,1.023314118385315
84,source,54,-0.3138806223869324,-0.6421021819114685,1.0231029987335205
84,source,55,-0.31549614667892456,-0.6472145318984985,1.0225943326950073
84,source,56,-0.31395936012268066,-0.6455402374267578,1.0201332569122314
84,source,57,-0.3143223524093628,-0.6461339592933655,1.0189402103424072
84,source,58,-0.31501007080078125,-0.6444072723388672,1.021992802619934
84,source,59,-0.3154749870300293,-0.6425093412399292,1.020416021347046
84,source,60,-0.31273990869522095,-0.6440529227256775,1.023754358291626
84,source,61,-0.3157581090927124,-0.6480002403259277,1.0227009057998657
84,source,62,-0.31536388397216797,-0.6468266844749451,1.023460030555725
84,source,63,-0.3148702383041382,-0.6479485034942627,1.023173213005066
84,target,0,-0.2966327369213104,-0.6494780778884888,1.024929165840149
84,target,1,-0.31155192852020264,-0.6462712287902832,1.0276095867156982
84,target,2,-0.3137427568435669,-0.6494888067245483,1.026727318763733
84,target,3,-0.30410465598106384,-0.6529558300971985,1.0224558115005493
84,target,4,-0.3104754090309143,-0.6421387195587158,1.02298903465271
84,target,5,-0.3153638243675232,-0.6262186169624329,1.024911642074585
84,target,6,-0.31936490535736084,-0.6300614476203918,1.0253270864486694
84,target,7,-0.30962276458740234,-0.6234568953514099,1.020704984664917
84,target,8,-0.31112152338027954,-0.628856360912323,1.0186328887939453
84,target,9,-0.30111420154571533,-0.6335402727127075,1.0213234424591064
84,target,10,-0.3019096255302429,-0.6291767358779907,1.0213890075683594
84,target,11,-0.3079063892364502,-0.6298503875732422,1.0199567079544067
84,target,12,-0.307689368724823,-0.6350892186164856,1.020254373550415
84,target,13,-0.30318981409072876,-0.6420336365699768,1.0291630029678345
84,target,14,-0.30480992794036865,-0.6414864659309387,1.0232248306274414
84,target,15,-0.3068348169326782,-0.6452932953834534,1.0216623544692993
84,target,16,-0.3106333613395691,-0.6440349817276001,1.0234256982803345
84,target,17,-0.3101990818977356,-0.6387341022491455,1.0210455656051636
84,target,18,-0.3179700970649719,-0.6404832601547241,1.0256203413009644
84,target,19,-0.3097144365310669,-0.6377801299095154,1.0208008289337158
84,target,20,-0.3174940347671509,-0.6375061273574829,1.025744080543518
84,target,21,-0.3140102028846741,-0.6353104114532471,1.0281827449798584
84,target,22,-0.3104044795036316,-0.6383455991744995,1.0232617855072021
84,target,23,-0.3021923303604126,-0.6365916132926941,1.0202252864837646
84,target,24,-0.3118916153907776,-0.6361821293830872,1.0253708362579346
84,target,25,-0.30823230743408203,-0.645479142665863,1.02384352684021
84,target,26,-0.30989331007003784,-0.645984411239624,1.023309588432312
84,target,27,-0.30934780836105347,-0.6438108682632446,1.0235366821289062
84,target,28,-0.3230087161064148,-0.6520406603813171,1.031899333000183
84,target,29,-0.30583876371383667,-0.647448718547821,1.0281941890716553
84,target,30,-0.31084156036376953,-0.649840772151947,1.0259217023849487
84,target,31,-0.31524229049682617,-0.6422700881958008,1.0222997665405273
84,target,32,-0.31323468685150146,-0.642802894115448,1.0254290103912354
84,target,33,-0.31163299083709717,-0.6461844444274902,1.0241482257843018
84,target,34,-0.3088086247444153,-0.6423583626747131,1.0231947898864746
84,target,35,-0.31468677520751953,-0.649635910987854,1.0249316692352295
84,target,36,-0.309705913066864,-0.6392147541046143,1.0194319486618042
84,target,37,-0.3109663128852844,-0.6454039812088013,1.0237336158752441
84,target,38,-0.31152212619781494,-0.6391448974609375,1.023836374282837
84,target,39,-0.3077109456062317,-0.6441839337348938,1.0219054222106934
84,target,40,-0.3053940534591675,-0.6377125978469849,1.0237294435501099
84,target,41,-0.3035767674446106,-0.6366140246391296,1.0212719440460205
84,target,42,-0.30622124671936035,-0.6399843096733093,1.0145169496536255
84,target,43,-0.30653613805770874,-0.6451744437217712,1.0199328660964966
84,target,44,-0.3069533109664917,-0.6464525461196899,1.020658254623413
84,target,45,-0.3086664080619812,-0.6418172717094421,1.0166347026824951
84,target,46,-0.2971397340297699,-0.6655479669570923,1.0456252098083496
84,target,47,-0.28911590576171875,-0.6554771065711975,1.0241459608078003
84,target,48,-0.28400087356567383,-0.6539235711097717,1.0237393379211426
84,target,49,-0.29538071155548096,-0.6633480787277222,1.0471034049987793
84,target,50,-0.30762189626693726,-0.643081784248352,1.0417366027832031
84,target,51,-0.30482256412506104,-0.6502386331558228,1.0271813869476318
84,target,52,-0.30123597383499146,-0.6494424343109131,1.0255895853042603
84,target,53,-0.30563777685165405,-0.6493926048278809,1.023749589920044
84,target,54,-0.3040091097354889,-0.643730640411377,1.0258152484893799
84,target,55,-0.2938717007637024,-0.6468936800956726,1.0218658447265625
84,target,56,-0.2900643050670624,-0.6510739922523499,1.0221021175384521
84,target,57,-0.29591935873031616,-0.6515375375747681,1.0225449800491333
84,target,58,-0.2990518808364868,-0.6488693356513977,1.0227974653244019
84,target,59,-0.29472488164901733,-0.6506844162940979,1.024958610534668
84,target,60,-0.3012980818748474,-0.6507806777954102,1.0254491567611694
84,target,61,-0.29930147528648376,-0.6502224206924438,1.02885103225708
84,target,62,-0.3061668872833252,-0.654816210269928,1.0274792909622192
84,target,63,-0.2979550361633301,-0.6546527147293091,1.0221660137176514
85,source,0,-0.31377023458480835,-0.644976794719696,1.024652361869812
85,source,1,-0.3092220425605774,-0.6432846784591675,1.022664189338684
85,source,2,-0.30665647983551025,-0.6426867842674255,1.018894910812378
85,source,3,-0.3075469136238098,-0.6453800797462463,1.0156300067901611
85,source,4,-0.3086084723472595,-0.6469007134437561,1.0208262205123901
85,source,5,-0.3092231750488281,-0.6460461616516113,1.0184558629989624
85,source,6,-0.3105531930923462,-0.641433596611023,1.0187617540359497
85,source,7,-0.30798715353012085,-0.6444681882858276,1.0170643329620361
85,source,8,-0.30922698974609375,-0.6434442400932312,1.017224669456482
85,source,9,-0.3100307583808899,-0.6424173712730408,1.0188971757888794
85,source,10,-0.3086639642715454,-0.6420921683311462,1.0227361917495728
85,source,11,-0.3118658661842346,-0.645328164100647,1.020559310913086
85,source,12,-0.3102031350135803,-0.6414960026741028,1.020766258239746
85,source,13,-0.31104153394699097,-0.643227756023407,1.0187100172042847
85,source,14,-0.30721843242645264,-0.6439573168754578,1.0199532508850098
85,source,15,-0.3054836690425873,-0.6432368755340576,1.022920846939087
85,source,16,-0.3048156499862671,-0.6449110507965088,1.018376111984253
85,source,17,-0.30623921751976013,-0.6426016688346863,1.0192583799362183
85,source,18,-0.30604833364486694,-0.6453472375869751,1.0197596549987793
85,source,19,-0.3096916675567627,-0.6444872617721558,1.0229105949401855
85,source,20,-0.30513912439346313,-0.6440629959106445,1.0175974369049072
85,source,21,-0.3037731647491455,-0.6425555944442749,1.0191055536270142
85,source,22,-0.3050048351287842,-0.6465221047401428,1.018393635749817
85,source,23,-0.3067983388900757,-0.6440108418464661,1.0198944807052612
85,source,24,-0.30826330184936523,-0.6458912491798401,1.0200400352478027
85,source,25,-0.309337854385376,-0.6456361413002014,1.024132490158081
85,source,26,-0.31023555994033813,-0.6433426141738892,1.022907018661499
85,source,27,-0.30474984645843506,-0.6361956596374512,1.0209956169128418
85,source,28,-0.30296790599823,-0.6360951662063599,1.018549919128418
85,source,29,-0.3114486336708069,-0.6443104147911072,1.02215576171875
85,source,30,-0.3134925961494446,-0.6448044180870056,1.0197407007217407
85,source,31,-0.3114607334136963,-0.6435068249702454,1.0208979845046997
85,source,32,-0.311248779296875,-0.6480327248573303,1.0207009315490723
85,source,33,-0.3109514117240906,-0.6453300714492798,1.0187686681747437
85,source,34,-0.31374794244766235,-0.646464467048645,1.0238956212997437
85,source,35,-0.3086280822753906,-0.6408286690711975,1.0203406810760498
85,source,36,-0.3054336905479431,-0.6386338472366333,1.0182257890701294
85,source,37,-0.3089263439178467,-0.6432474851608276,1.0249584913253784
85,source,38,-0.30813169479370117,-0.6423647403717041,1.0216199159622192
85,source,39,-0.3069746494293213,-0.6462222933769226,1.0201184749603271
85,source,40,-0.30474430322647095,-0.641353964805603,1.0226508378982544
85,source,41,-0.3081560730934143,-0.6417310237884521,1.0169645547866821
85,source,42,-0.3065914511680603,-0.6423333287239075,1.0160703659057617
85,source,43,-0.3101027011871338,-0.639153778553009,1.0206468105316162
85,source,44,-0.3060755133628845,-0.6423152089118958,1.0192642211914062
85,source,45,-0.30620861053466797,-0.6439162492752075,1.0193490982055664
85,source,46,-0.3093276619911194,-0.6450507640838623,1.019508957862854
85,source,47,-0.31102311611175537,-0.6438337564468384,1.022148609161377
85,source,48,-0.30832958221435547,-0.6472122073173523,1.0166351795196533
85,source,49,-0.31002771854400635,-0.6447616219520569,1.0226768255233765
85,source,50,-0.31164735555648804,-0.6445931196212769,1.023597002029419
85,source,51,-0.30877119302749634,-0.6403725743293762,1.017643690109253
85,source,52,-0.3098944425582886,-0.6405346393585205,1.0167717933654785
85,source,53,-0.3111460208892822,-0.6453524231910706,1.0184673070907593
85,source,54,-0.3104848265647888,-0.6403437852859497,1.019343614578247
85,source,55,-0.31172406673431396,-0.642790675163269,1.0170685052871704
85,source,56,-0.30996155738830566,-0.6406121253967285,1.0142215490341187
85,source,57,-0.309489369392395,-0.6423852443695068,1.0133754014968872
85,source,58,-0.31105273962020874,-0.641032874584198,1.0172667503356934
85,source,59,-0.3123515248298645,-0.6384344696998596,1.016087532043457
85,source,60,-0.31037575006484985,-0.6395491361618042,1.0190191268920898
85,source,61,-0.31181782484054565,-0.643195390701294,1.0176467895507812
85,source,62,-0.3123236894607544,-0.6411772966384888,1.0185688734054565
85,source,63,-0.31198811531066895,-0.6424748301506042,1.018372893333435
85,target,0,-0.29234176874160767,-0.6502596139907837,1.0203980207443237
85,target,1,-0.310111939907074,-0.6460070610046387,1.026097297668457
85,target,2,-0.3115916848182678,-0.6445897817611694,1.0228582620620728
85,target,3,-0.30179134011268616,-0.6518557071685791,1.0191926956176758
85,target,4,-0.3083880543708801,-0.6380343437194824,1.0188730955123901
85,target,5,-0.31130826473236084,-0.619462788105011,1.0218703746795654
85,target,6,-0.3161223530769348,-0.6217345595359802,1.0208736658096313
85,target,7,-0.30335402488708496,-0.6135179400444031,1.0150582790374756
85,target,8,-0.3057636320590973,-0.6217101216316223,1.0138860940933228
85,target,9,-0.2979188859462738,-0.6321233510971069,1.0167728662490845
85,target,10,-0.30085790157318115,-0.6271555423736572,1.0186609029769897
85,target,11,-0.30386221408843994,-0.6273239850997925,1.0177621841430664
85,target,12,-0.30582767724990845,-0.6336156129837036,1.0165786743164062
85,target,13,-0.2984796166419983,-0.6365430355072021,1.0245755910873413
85,target,14,-0.3005320131778717,-0.6356490254402161,1.0178314447402954
85,target,15,-0.3018609285354614,-0.6392833590507507,1.0159356594085693
85,target,16,-0.30604737997055054,-0.6371885538101196,1.0181461572647095
85,target,17,-0.3080654740333557,-0.6331852674484253,1.0170059204101562
85,target,18,-0.3164483308792114,-0.6355027556419373,1.0226094722747803
85,target,19,-0.30608242750167847,-0.6338780522346497,1.0179723501205444
85,target,20,-0.31314677000045776,-0.6303624510765076,1.0222820043563843
85,target,21,-0.31099432706832886,-0.6264195442199707,1.0235060453414917
85,target,22,-0.3067358732223511,-0.6327582001686096,1.0206440687179565
85,target,23,-0.29769566655158997,-0.6320854425430298,1.0150728225708008
85,target,24,-0.30765193700790405,-0.6283148527145386,1.0207692384719849
85,target,25,-0.306282639503479,-0.6427162885665894,1.0217339992523193
85,target,26,-0.3093702793121338,-0.6479412913322449,1.0215296745300293
85,target,27,-0.30691760778427124,-0.6406875848770142,1.020005702972412
85,target,28,-0.32293063402175903,-0.6471437215805054,1.028372049331665
85,target,29,-0.30306458473205566,-0.6429397463798523,1.0220192670822144
85,target,30,-0.30861377716064453,-0.6423473954200745,1.0207313299179077
85,target,31,-0.3148832321166992,-0.6368159651756287,1.0193994045257568
85,target,32,-0.312389612197876,-0.6392083764076233,1.0215051174163818
85,target,33,-0.31133925914764404,-0.6428012847900391,1.0210338830947876
85,target,34,-0.3087370991706848,-0.6403315663337708,1.0192580223083496
85,target,35,-0.3125978708267212,-0.6467887163162231,1.0218408107757568
85,target,36,-0.3082459568977356,-0.6345553994178772,1.0166897773742676
85,target,37,-0.3088783025741577,-0.6423274278640747,1.0194329023361206
85,target,38,-0.31060272455215454,-0.6386772990226746,1.0206058025360107
85,target,39,-0.3060320019721985,-0.6399515867233276,1.0170626640319824
85,target,40,-0.30433204770088196,-0.6383846998214722,1.021891713142395
85,target,41,-0.30074426531791687,-0.6340672969818115,1.0200843811035156
85,target,42,-0.3014858365058899,-0.6361139416694641,1.0098472833633423
85,target,43,-0.3020871877670288,-0.6441184878349304,1.0152275562286377
85,target,44,-0.30327820777893066,-0.643012285232544,1.0167720317840576
85,target,45,-0.30464819073677063,-0.6404693126678467,1.0126417875289917
85,target,46,-0.2951207160949707,-0.6655182242393494,1.0420387983322144
85,target,47,-0.28738322854042053,-0.6587746739387512,1.0204297304153442
85,target,48,-0.27953359484672546,-0.6569384932518005,1.018595576286316
85,target,49,-0.29231053590774536,-0.6674912571907043,1.0439856052398682
85,target,50,-0.30581849813461304,-0.6399378180503845,1.0400903224945068
85,target,51,-0.3027874231338501,-0.6479151248931885,1.0227251052856445
85,target,52,-0.29969048500061035,-0.648386538028717,1.020358681678772
85,target,53,-0.3031593859195709,-0.6477946639060974,1.018334984779358
85,target,54,-0.3010469675064087,-0.6402438282966614,1.0212634801864624
85,target,55,-0.2911728024482727,-0.6453924179077148,1.0168617963790894
85,target,56,-0.28802481293678284,-0.6509755253791809,1.0165441036224365
85,target,57,-0.292960524559021,-0.6498726606369019,1.0168159008026123
85,target,58,-0.29777777194976807,-0.6484337449073792,1.018193244934082
85,target,59,-0.29408538341522217,-0.6522108316421509,1.0206842422485352
85,target,60,-0.2998201847076416,-0.6516231298446655,1.021599531173706
85,target,61,-0.2973090708255768,-0.6498818397521973,1.0235238075256348
85,target,62,-0.30296051502227783,-0.6513403058052063,1.0208333730697632
85,target,63,-0.2944241762161255,-0.6545810699462891,1.0159165859222412
86,source,0,-0.3187522292137146,-0.6569227576255798,1.032307744026184
86,source,1,-0.3145601153373718,-0.6550058722496033,1.029667615890503
86,source,2,-0.3121582865715027,-0.6556811332702637,1.0263736248016357
86,source,3,-0.3120434880256653,-0.6551747918128967,1.0230419635772705
86,source,4,-0.31369781494140625,-0.6573998928070068,1.0274121761322021
86,source,5,-0.3138672709465027,-0.656623363494873,1.0255779027938843
86,source,6,-0.31544023752212524,-0.6556828022003174,1.027525782585144
86,source,7,-0.3132772445678711,-0.6569491028785706,1.025450587272644
86,source,8,-0.3146970868110657,-0.6556299924850464,1.0247145891189575
86,source,9,-0.31458836793899536,-0.6546602845191956,1.0263936519622803
86,source,10,-0.3140556216239929,-0.6551538705825806,1.030549168586731
86,source,11,-0.3166518807411194,-0.6580256819725037,1.0278924703598022
86,source,12,-0.3151363134384155,-0.6550558805465698,1.028744101524353
86,source,13,-0.31509649753570557,-0.6552678942680359,1.0265824794769287
86,source,14,-0.31141048669815063,-0.6552708745002747,1.02797269821167
86,source,15,-0.3102502226829529,-0.6540496349334717,1.029390811920166
86,source,16,-0.3102445602416992,-0.6559021472930908,1.0258333683013916
86,source,17,-0.31077539920806885,-0.6538721323013306,1.0261212587356567
86,source,18,-0.3104567527770996,-0.655573844909668,1.027099370956421
86,source,19,-0.31443530321121216,-0.6555964946746826,1.0301164388656616
86,source,20,-0.3111112713813782,-0.6560677886009216,1.02507746219635
86,source,21,-0.3098306655883789,-0.6541064977645874,1.026426911354065
86,source,22,-0.30994367599487305,-0.6591001152992249,1.0254130363464355
86,source,23,-0.31090182065963745,-0.6547892689704895,1.0274505615234375
86,source,24,-0.3131709098815918,-0.6570351719856262,1.0270882844924927
86,source,25,-0.31355804204940796,-0.6571256518363953,1.030363917350769
86,source,26,-0.31519538164138794,-0.6542660593986511,1.0293152332305908
86,source,27,-0.3099226951599121,-0.6487762928009033,1.0291693210601807
86,source,28,-0.309886634349823,-0.6483210921287537,1.0272445678710938
86,source,29,-0.31604230403900146,-0.6561574935913086,1.029522180557251
86,source,30,-0.3184692859649658,-0.6562564373016357,1.0268993377685547
86,source,31,-0.3175402283668518,-0.65520179271698,1.028607964515686
86,source,32,-0.3162418603897095,-0.6589282155036926,1.0274821519851685
86,source,33,-0.31572407484054565,-0.6558641791343689,1.0269170999526978
86,source,34,-0.31904536485671997,-0.6578623056411743,1.0313234329223633
86,source,35,-0.3132709860801697,-0.6526644229888916,1.0277241468429565
86,source,36,-0.31107741594314575,-0.6511213183403015,1.0264825820922852
86,source,37,-0.31479185819625854,-0.6531563401222229,1.0317327976226807
86,source,38,-0.3132222890853882,-0.6530913710594177,1.028721809387207
86,source,39,-0.3118395209312439,-0.6574468016624451,1.0269466638565063
86,source,40,-0.31062978506088257,-0.6554031372070312,1.0300662517547607
86,source,41,-0.3138729929924011,-0.6560903191566467,1.0254448652267456
86,source,42,-0.3119128942489624,-0.6562895774841309,1.0247617959976196
86,source,43,-0.3144763112068176,-0.6541821360588074,1.0284448862075806
86,source,44,-0.3120308518409729,-0.653412401676178,1.026448130607605
86,source,45,-0.3120303750038147,-0.6575160026550293,1.0274183750152588
86,source,46,-0.3137097954750061,-0.6554572582244873,1.0272036790847778
86,source,47,-0.3158338665962219,-0.6549926996231079,1.0292181968688965
86,source,48,-0.3130984306335449,-0.6567996740341187,1.0238289833068848
86,source,49,-0.31501275300979614,-0.6550634503364563,1.0288814306259155
86,source,50,-0.3163352608680725,-0.6537304520606995,1.0319308042526245
86,source,51,-0.31495118141174316,-0.6501412391662598,1.0259199142456055
86,source,52,-0.3156706690788269,-0.6497513651847839,1.0251696109771729
86,source,53,-0.3156830668449402,-0.6524362564086914,1.025189757347107
86,source,54,-0.3168216347694397,-0.6508789658546448,1.0275840759277344
86,source,55,-0.31774091720581055,-0.6536539793014526,1.026474118232727
86,source,56,-0.31651395559310913,-0.6521380543708801,1.0237666368484497
86,source,57,-0.31500792503356934,-0.652688205242157,1.0227000713348389
86,source,58,-0.3174580931663513,-0.6515023112297058,1.0261971950531006
86,source,59,-0.31851911544799805,-0.6487730145454407,1.024971842765808
86,source,60,-0.316583514213562,-0.6510132551193237,1.0270055532455444
86,source,61,-0.3177104592323303,-0.652035117149353,1.0263603925704956
86,source,62,-0.31764256954193115,-0.6504926681518555,1.0271928310394287
86,source,63,-0.3178024888038635,-0.6512317061424255,1.0270612239837646
86,target,0,-0.2991184592247009,-0.656304121017456,1.0277678966522217
86,target,1,-0.3149440884590149,-0.6526332497596741,1.0319697856903076
86,target,2,-0.3153013586997986,-0.6530005931854248,1.0303810834884644
86,target,3,-0.3082161545753479,-0.6583038568496704,1.025930643081665
86,target,4,-0.31137025356292725,-0.6489309668540955,1.0269181728363037
86,target,5,-0.3135565519332886,-0.6288726329803467,1.031307578086853
86,target,6,-0.32073962688446045,-0.6350585222244263,1.0291064977645874
86,target,7,-0.31043386459350586,-0.6298845410346985,1.023088812828064
86,target,8,-0.31320106983184814,-0.6376020908355713,1.0225272178649902
86,target,9,-0.3050260841846466,-0.6417461633682251,1.0253350734710693
86,target,10,-0.306721031665802,-0.6377215385437012,1.0259472131729126
86,target,11,-0.3107035756111145,-0.6386268138885498,1.026561975479126
86,target,12,-0.31233876943588257,-0.6433751583099365,1.02293860912323
86,target,13,-0.30467450618743896,-0.6462463736534119,1.033065915107727
86,target,14,-0.3065841794013977,-0.6460224390029907,1.0266518592834473
86,target,15,-0.3082121014595032,-0.6503650546073914,1.0254219770431519
86,target,16,-0.31165796518325806,-0.6500440239906311,1.026872158050537
86,target,17,-0.3146255612373352,-0.6437944769859314,1.0254089832305908
86,target,18,-0.31957268714904785,-0.6451396346092224,1.0304498672485352
86,target,19,-0.31252026557922363,-0.6444835066795349,1.024545669555664
86,target,20,-0.31773287057876587,-0.6408712863922119,1.0301694869995117
86,target,21,-0.3157123923301697,-0.6398072838783264,1.0313684940338135
86,target,22,-0.3110954165458679,-0.6424664855003357,1.0287114381790161
86,target,23,-0.3058662414550781,-0.6433244943618774,1.0222960710525513
86,target,24,-0.3143225908279419,-0.6427898406982422,1.029649257659912
86,target,25,-0.3110550045967102,-0.6511622071266174,1.0291863679885864
86,target,26,-0.31370019912719727,-0.6548095941543579,1.0278875827789307
86,target,27,-0.31151527166366577,-0.6498638391494751,1.0278559923171997
86,target,28,-0.3251298666000366,-0.656162679195404,1.0357632637023926
86,target,29,-0.3087083697319031,-0.6523330211639404,1.0311635732650757
86,target,30,-0.3120923638343811,-0.6570622324943542,1.0291614532470703
86,target,31,-0.3185776472091675,-0.6478822231292725,1.0273547172546387
86,target,32,-0.3175997734069824,-0.6503039598464966,1.0296249389648438
86,target,33,-0.3148196339607239,-0.6512091755867004,1.0280735492706299
86,target,34,-0.31291091442108154,-0.6503812670707703,1.026875376701355
86,target,35,-0.31570929288864136,-0.6549372673034668,1.0290719270706177
86,target,36,-0.3140351176261902,-0.6450906991958618,1.0233346223831177
86,target,37,-0.3129121661186218,-0.6509749293327332,1.0258216857910156
86,target,38,-0.3167768120765686,-0.6485147476196289,1.0281951427459717
86,target,39,-0.3105275630950928,-0.6486195921897888,1.023796558380127
86,target,40,-0.3093234896659851,-0.6455801725387573,1.0288670063018799
86,target,41,-0.30716943740844727,-0.6434943079948425,1.0266715288162231
86,target,42,-0.3089179992675781,-0.6469368934631348,1.0174708366394043
86,target,43,-0.3069600462913513,-0.653217077255249,1.0237631797790527
86,target,44,-0.3100348711013794,-0.653607189655304,1.0259343385696411
86,target,45,-0.3107959032058716,-0.6508322358131409,1.021533727645874
86,target,46,-0.29751139879226685,-0.6740726232528687,1.049112319946289
86,target,47,-0.29149550199508667,-0.6634781956672668,1.0273094177246094
86,target,48,-0.285772442817688,-0.6609205007553101,1.0262904167175293
86,target,49,-0.2963402271270752,-0.6722832918167114,1.0511447191238403
86,target,50,-0.3107595443725586,-0.6501659750938416,1.0465517044067383
86,target,51,-0.307691752910614,-0.6568893194198608,1.0303078889846802
86,target,52,-0.3038814663887024,-0.6563441753387451,1.0291359424591064
86,target,53,-0.3083251118659973,-0.6558215022087097,1.0268070697784424
86,target,54,-0.308146595954895,-0.6487217545509338,1.028436541557312
86,target,55,-0.29843032360076904,-0.6522819399833679,1.026414394378662
86,target,56,-0.2937087416648865,-0.6577755808830261,1.0249478816986084
86,target,57,-0.29990503191947937,-0.6576290726661682,1.0262457132339478
86,target,58,-0.3023776113986969,-0.6547657251358032,1.0262296199798584
86,target,59,-0.29791176319122314,-0.6578124165534973,1.0284408330917358
86,target,60,-0.30454277992248535,-0.6583194136619568,1.0289286375045776
86,target,61,-0.302582323551178,-0.658111035823822,1.0317554473876953
86,target,62,-0.3073686957359314,-0.6608095169067383,1.0293371677398682
86,target,63,-0.30059075355529785,-0.660431981086731,1.0249581336975098
87,source,0,-0.3204556703567505,-0.657478392124176,1.0372133255004883
87,source,1,-0.3146263360977173,-0.6545221209526062,1.0345817804336548
87,source,2,-0.3140411972999573,-0.655691385269165,1.0315147638320923
87,source,3,-0.3130919337272644,-0.6558402180671692,1.028975486755371
87,source,4,-0.31411153078079224,-0.6565951704978943,1.032393217086792
87,source,5,-0.31607627868652344,-0.6568970084190369,1.031703233718872
87,source,6,-0.31656497716903687,-0.6536439061164856,1.0318971872329712
87,source,7,-0.3141617774963379,-0.6557257771492004,1.030246376991272
87,source,8,-0.3155769109725952,-0.6556648015975952,1.031000018119812
87,source,9,-0.31534045934677124,-0.6546967625617981,1.031719446182251
87,source,10,-0.3146873712539673,-0.6540151834487915,1.0346922874450684
87,source,11,-0.31774193048477173,-0.6584398746490479,1.0337715148925781
87,source,12,-0.3171505331993103,-0.6551824808120728,1.034659504890442
87,source,13,-0.31592053174972534,-0.6568719148635864,1.0315275192260742
87,source,14,-0.31227558851242065,-0.6555257439613342,1.0330075025558472
87,source,15,-0.31173741817474365,-0.6540841460227966,1.0354642868041992
87,source,16,-0.31115812063217163,-0.6570515632629395,1.0325809717178345
87,source,17,-0.3122659921646118,-0.6545572280883789,1.031919240951538
87,source,18,-0.3131622076034546,-0.6568427681922913,1.0336095094680786
87,source,19,-0.31492894887924194,-0.6550360321998596,1.0359623432159424
87,source,20,-0.31100010871887207,-0.6579927802085876,1.030618667602539
87,source,21,-0.31015658378601074,-0.6551587581634521,1.0317373275756836
87,source,22,-0.3109897971153259,-0.6603663563728333,1.0319600105285645
87,source,23,-0.31205570697784424,-0.6565344929695129,1.0336970090866089
87,source,24,-0.3144224286079407,-0.6581680774688721,1.033001184463501
87,source,25,-0.3149149417877197,-0.6577351689338684,1.037743091583252
87,source,26,-0.31669437885284424,-0.6560149192810059,1.0352847576141357
87,source,27,-0.31150132417678833,-0.6504155993461609,1.0336552858352661
87,source,28,-0.3116413354873657,-0.6503938436508179,1.0331933498382568
87,source,29,-0.3171488046646118,-0.6568896770477295,1.0342155694961548
87,source,30,-0.3195416331291199,-0.6576957702636719,1.0326824188232422
87,source,31,-0.31830161809921265,-0.6560818552970886,1.0336205959320068
87,source,32,-0.3174715042114258,-0.6584160923957825,1.0329701900482178
87,source,33,-0.3167434334754944,-0.6564036011695862,1.0316801071166992
87,source,34,-0.320777952671051,-0.6600325703620911,1.0376522541046143
87,source,35,-0.3148276209831238,-0.6540945172309875,1.0324705839157104
87,source,36,-0.31277304887771606,-0.6527721285820007,1.0305535793304443
87,source,37,-0.31575602293014526,-0.6555824875831604,1.0377750396728516
87,source,38,-0.3133329749107361,-0.6540610790252686,1.033803105354309
87,source,39,-0.3126211166381836,-0.6576439142227173,1.033496618270874
87,source,40,-0.3118288516998291,-0.6527148485183716,1.035781741142273
87,source,41,-0.3139970898628235,-0.6562250852584839,1.0308523178100586
87,source,42,-0.31239885091781616,-0.6551116108894348,1.0296708345413208
87,source,43,-0.31529784202575684,-0.6541154980659485,1.0334758758544922
87,source,44,-0.3126611113548279,-0.6546522378921509,1.0318831205368042
87,source,45,-0.31296485662460327,-0.6564234495162964,1.0332794189453125
87,source,46,-0.31458067893981934,-0.6572108268737793,1.03229820728302
87,source,47,-0.3167058825492859,-0.6556569337844849,1.0346258878707886
87,source,48,-0.3138729929924011,-0.6585335731506348,1.029260516166687
87,source,49,-0.31588423252105713,-0.6548682451248169,1.034484624862671
87,source,50,-0.31739747524261475,-0.6553947925567627,1.036120891571045
87,source,51,-0.3153000473976135,-0.6513249278068542,1.0304418802261353
87,source,52,-0.31602776050567627,-0.6496388912200928,1.0300335884094238
87,source,53,-0.31680572032928467,-0.6537763476371765,1.0314009189605713
87,source,54,-0.31681227684020996,-0.6493973731994629,1.0310254096984863
87,source,55,-0.3175813555717468,-0.6536920666694641,1.0317673683166504
87,source,56,-0.316184401512146,-0.6522321701049805,1.0273486375808716
87,source,57,-0.3155147433280945,-0.6531193256378174,1.027651071548462
87,source,58,-0.317020058631897,-0.6516925096511841,1.031023383140564
87,source,59,-0.31797438859939575,-0.650793731212616,1.0307989120483398
87,source,60,-0.31666868925094604,-0.6518656611442566,1.0327723026275635
87,source,61,-0.3183133602142334,-0.6553406119346619,1.0325757265090942
87,source,62,-0.31857210397720337,-0.6545662879943848,1.0326685905456543
87,source,63,-0.3180587887763977,-0.6547241806983948,1.0318024158477783
87,target,0,-0.29889532923698425,-0.6571069955825806,1.03175950050354
87,target,1,-0.31571680307388306,-0.6515628695487976,1.0356978178024292
87,target,2,-0.3155824542045593,-0.6527117490768433,1.0328701734542847
87,target,3,-0.30706191062927246,-0.6571822166442871,1.029072642326355
87,target,4,-0.31196850538253784,-0.6470834016799927,1.0303751230239868
87,target,5,-0.3163049817085266,-0.6328489184379578,1.0353062152862549
87,target,6,-0.32308995723724365,-0.6360446214675903,1.032755732536316
87,target,7,-0.313368022441864,-0.6330195665359497,1.0291755199432373
87,target,8,-0.31533557176589966,-0.6403093338012695,1.0273383855819702
87,target,9,-0.3052452802658081,-0.6425361037254333,1.0285507440567017
87,target,10,-0.3076329827308655,-0.6395912766456604,1.0312800407409668
87,target,11,-0.31189459562301636,-0.6407049298286438,1.031302571296692
87,target,12,-0.31213587522506714,-0.6454936265945435,1.0287139415740967
87,target,13,-0.3074255585670471,-0.6487327814102173,1.0386621952056885
87,target,14,-0.30803072452545166,-0.6457924246788025,1.0305259227752686
87,target,15,-0.30994802713394165,-0.6502313017845154,1.0291748046875
87,target,16,-0.31265002489089966,-0.6472615599632263,1.0299500226974487
87,target,17,-0.31441330909729004,-0.6452516317367554,1.0292081832885742
87,target,18,-0.3199623227119446,-0.6476565003395081,1.0349421501159668
87,target,19,-0.31296229362487793,-0.6459207534790039,1.0286692380905151
87,target,20,-0.31926119327545166,-0.6427470445632935,1.0347000360488892
87,target,21,-0.3178483247756958,-0.6426815390586853,1.0365041494369507
87,target,22,-0.31171226501464844,-0.6428766250610352,1.0314223766326904
87,target,23,-0.3056960999965668,-0.6448010802268982,1.0270746946334839
87,target,24,-0.31474369764328003,-0.6450941562652588,1.0333929061889648
87,target,25,-0.31171131134033203,-0.6507858633995056,1.0319907665252686
87,target,26,-0.3138992190361023,-0.6528610587120056,1.0311025381088257
87,target,27,-0.31230980157852173,-0.6468157768249512,1.0287940502166748
87,target,28,-0.32525867223739624,-0.6563426852226257,1.037716269493103
87,target,29,-0.30871397256851196,-0.6502398252487183,1.0336166620254517
87,target,30,-0.3118302822113037,-0.6546705961227417,1.0321083068847656
87,target,31,-0.3177192211151123,-0.6484172344207764,1.02995765209198
87,target,32,-0.31665873527526855,-0.6486713886260986,1.0321338176727295
87,target,33,-0.31371134519577026,-0.6513361930847168,1.0311359167099
87,target,34,-0.3113977909088135,-0.6486451029777527,1.0292083024978638
87,target,35,-0.31580960750579834,-0.6575095057487488,1.0339406728744507
87,target,36,-0.31312984228134155,-0.6474379301071167,1.0257587432861328
87,target,37,-0.3118458390235901,-0.6524680256843567,1.0286378860473633
87,target,38,-0.3142596483230591,-0.6475211977958679,1.0302997827529907
87,target,39,-0.31084388494491577,-0.6497822403907776,1.0279749631881714
87,target,40,-0.31000661849975586,-0.6494497060775757,1.0326237678527832
87,target,41,-0.3075123429298401,-0.6476733684539795,1.0314304828643799
87,target,42,-0.3095008134841919,-0.6496404409408569,1.0236849784851074
87,target,43,-0.30924171209335327,-0.6578099131584167,1.029909610748291
87,target,44,-0.3100486397743225,-0.6563029885292053,1.030489206314087
87,target,45,-0.3113994002342224,-0.6546999216079712,1.0275359153747559
87,target,46,-0.29992833733558655,-0.6724112629890442,1.0520474910736084
87,target,47,-0.2915021479129791,-0.6630191206932068,1.030644416809082
87,target,48,-0.28521865606307983,-0.6607300043106079,1.0291839838027954
87,target,49,-0.2989502549171448,-0.6697110533714294,1.053821325302124
87,target,50,-0.3104367256164551,-0.6523553729057312,1.0502821207046509
87,target,51,-0.3066279888153076,-0.6548216938972473,1.0325654745101929
87,target,52,-0.30436354875564575,-0.6557231545448303,1.0320299863815308
87,target,53,-0.3063422441482544,-0.6542471051216125,1.0284154415130615
87,target,54,-0.3061460256576538,-0.6467254757881165,1.031470537185669
87,target,55,-0.29615116119384766,-0.6517825126647949,1.029449224472046
87,target,56,-0.29235464334487915,-0.656772255897522,1.0277752876281738
87,target,57,-0.298162579536438,-0.6578465104103088,1.0284273624420166
87,target,58,-0.30181747674942017,-0.6551785469055176,1.0292531251907349
87,target,59,-0.29782629013061523,-0.6574245691299438,1.0307308435440063
87,target,60,-0.3025534152984619,-0.6562114953994751,1.0308297872543335
87,target,61,-0.3025214672088623,-0.6562110781669617,1.034597396850586
87,target,62,-0.3062903881072998,-0.6582851409912109,1.031525731086731
87,target,63,-0.298857182264328,-0.6606782078742981,1.0273380279541016
88,source,0,-0.3199582099914551,-0.6602382063865662,1.0339033603668213
88,source,1,-0.3151903748512268,-0.6565407514572144,1.0314698219299316
88,source,2,-0.3142664432525635,-0.6558682918548584,1.0280393362045288
88,source,3,-0.3140961527824402,-0.6574802398681641,1.024072289466858
88,source,4,-0.31348007917404175,-0.6579535007476807,1.0266213417053223
88,source,5,-0.3156663179397583,-0.6590366959571838,1.0271234512329102
88,source,6,-0.3159749507904053,-0.6567696332931519,1.0275424718856812
88,source,7,-0.31370770931243896,-0.6582484245300293,1.0257048606872559
88,source,8,-0.3155616521835327,-0.6578091979026794,1.0262608528137207
88,source,9,-0.3161506652832031,-0.6564410328865051,1.0279561281204224
88,source,10,-0.31452804803848267,-0.6551940441131592,1.0302798748016357
88,source,11,-0.3179970383644104,-0.6593723893165588,1.0292754173278809
88,source,12,-0.3172253370285034,-0.6564117074012756,1.0300265550613403
88,source,13,-0.3165165185928345,-0.6568136215209961,1.027565598487854
88,source,14,-0.312839150428772,-0.6550967693328857,1.030005693435669
88,source,15,-0.31069254875183105,-0.6551181077957153,1.030409336090088
88,source,16,-0.3108130097389221,-0.6569442749023438,1.027329921722412
88,source,17,-0.3120041489601135,-0.6542171239852905,1.027687907218933
88,source,18,-0.31246936321258545,-0.6560624837875366,1.0294979810714722
88,source,19,-0.3157039284706116,-0.656344473361969,1.0316917896270752
88,source,20,-0.3130216598510742,-0.6570239663124084,1.0261964797973633
88,source,21,-0.31049662828445435,-0.6543602347373962,1.026458978652954
88,source,22,-0.3112074136734009,-0.6591580510139465,1.0276333093643188
88,source,23,-0.31187689304351807,-0.6551066040992737,1.0284825563430786
88,source,24,-0.31377190351486206,-0.6578941345214844,1.0285615921020508
88,source,25,-0.3144741654396057,-0.656676173210144,1.0331544876098633
88,source,26,-0.31611359119415283,-0.6560350656509399,1.0302720069885254
88,source,27,-0.3113666772842407,-0.6511363983154297,1.0299134254455566
88,source,28,-0.3110637068748474,-0.6504281163215637,1.0288474559783936
88,source,29,-0.3172094225883484,-0.6578789949417114,1.0305463075637817
88,source,30,-0.3189735412597656,-0.6588951349258423,1.0280210971832275
88,source,31,-0.3179134726524353,-0.6568921208381653,1.0287010669708252
88,source,32,-0.3175361752510071,-0.6604111790657043,1.0286014080047607
88,source,33,-0.3165254592895508,-0.6583644151687622,1.0278480052947998
88,source,34,-0.318567156791687,-0.6611093282699585,1.031522274017334
88,source,35,-0.3139685392379761,-0.6554393768310547,1.028550624847412
88,source,36,-0.3119478225708008,-0.6523069143295288,1.026627540588379
88,source,37,-0.31499582529067993,-0.6549804210662842,1.032330870628357
88,source,38,-0.31280481815338135,-0.654150664806366,1.0295394659042358
88,source,39,-0.31222689151763916,-0.6575462818145752,1.029235601425171
88,source,40,-0.31008046865463257,-0.6548932194709778,1.0297269821166992
88,source,41,-0.3134143352508545,-0.6572921276092529,1.0256333351135254
88,source,42,-0.31198781728744507,-0.6567984223365784,1.0247092247009277
88,source,43,-0.31494587659835815,-0.6555193662643433,1.0286940336227417
88,source,44,-0.3136460781097412,-0.6540831327438354,1.0275522470474243
88,source,45,-0.3138706684112549,-0.6564686894416809,1.0286645889282227
88,source,46,-0.31532377004623413,-0.657699704170227,1.029004693031311
88,source,47,-0.3170691728591919,-0.6571630835533142,1.0304611921310425
88,source,48,-0.314228892326355,-0.6596085429191589,1.0246995687484741
88,source,49,-0.316122829914093,-0.6572152972221375,1.0296318531036377
88,source,50,-0.3172462582588196,-0.6581003665924072,1.0317777395248413
88,source,51,-0.3150089979171753,-0.6527995467185974,1.026149034500122
88,source,52,-0.3164170980453491,-0.6515577435493469,1.0255215167999268
88,source,53,-0.31737351417541504,-0.6555035710334778,1.025740623474121
88,source,54,-0.3172178268432617,-0.6505767703056335,1.0256080627441406
88,source,55,-0.31874722242355347,-0.6553166508674622,1.0261162519454956
88,source,56,-0.31716442108154297,-0.6549043655395508,1.0237337350845337
88,source,57,-0.3160196542739868,-0.6550216674804688,1.023376703262329
88,source,58,-0.317599356174469,-0.653605043888092,1.0261377096176147
88,source,59,-0.31907182931900024,-0.6518280506134033,1.025493860244751
88,source,60,-0.31807470321655273,-0.6535826325416565,1.0283721685409546
88,source,61,-0.3180869221687317,-0.6569435000419617,1.0272094011306763
88,source,62,-0.31858593225479126,-0.6552882194519043,1.0280942916870117
88,source,63,-0.31821465492248535,-0.6545612812042236,1.027510404586792
88,target,0,-0.30041202902793884,-0.6594567894935608,1.0259950160980225
88,target,1,-0.31778085231781006,-0.6579338908195496,1.0333963632583618
88,target,2,-0.31881773471832275,-0.6566516757011414,1.0323512554168701
88,target,3,-0.30905985832214355,-0.6616432070732117,1.0252865552902222
88,target,4,-0.31294912099838257,-0.6511859893798828,1.025881052017212
88,target,5,-0.3171258568763733,-0.6347242593765259,1.0300709009170532
88,target,6,-0.32105427980422974,-0.6379482746124268,1.027763843536377
88,target,7,-0.3125602602958679,-0.6359609961509705,1.0237265825271606
88,target,8,-0.31410670280456543,-0.642098069190979,1.0220589637756348
88,target,9,-0.3056974411010742,-0.6460551619529724,1.0239685773849487
88,target,10,-0.3073064088821411,-0.6430732607841492,1.026094913482666
88,target,11,-0.31027817726135254,-0.6445016860961914,1.0266129970550537
88,target,12,-0.31162017583847046,-0.6482218503952026,1.0232501029968262
88,target,13,-0.3078824281692505,-0.6505938768386841,1.0328811407089233
88,target,14,-0.3079460859298706,-0.6492930054664612,1.0261986255645752
88,target,15,-0.30793821811676025,-0.6515881419181824,1.0235702991485596
88,target,16,-0.31238991022109985,-0.6503834128379822,1.0255151987075806
88,target,17,-0.3159196972846985,-0.6484506726264954,1.0260634422302246
88,target,18,-0.3210587501525879,-0.6517041325569153,1.0294766426086426
88,target,19,-0.31515467166900635,-0.6499724984169006,1.0255411863327026
88,target,20,-0.3193061947822571,-0.6478204727172852,1.029906988143921
88,target,21,-0.31790226697921753,-0.6441764235496521,1.0316030979156494
88,target,22,-0.31329017877578735,-0.6475731730461121,1.0273277759552002
88,target,23,-0.3075946569442749,-0.6474573016166687,1.0231209993362427
88,target,24,-0.3140922784805298,-0.6464459896087646,1.0275826454162598
88,target,25,-0.3115253448486328,-0.6551720499992371,1.0284322500228882
88,target,26,-0.3147006630897522,-0.658413290977478,1.0281296968460083
88,target,27,-0.31515616178512573,-0.653948962688446,1.0285191535949707
88,target,28,-0.3235347270965576,-0.659659206867218,1.034279465675354
88,target,29,-0.31203532218933105,-0.6557379364967346,1.0308114290237427
88,target,30,-0.31470704078674316,-0.6563320755958557,1.0304718017578125
88,target,31,-0.3197880983352661,-0.6513712406158447,1.025697112083435
88,target,32,-0.3185386657714844,-0.6533803939819336,1.0285704135894775
88,target,33,-0.31503623723983765,-0.654723048210144,1.0279308557510376
88,target,34,-0.31389349699020386,-0.6522122025489807,1.026114821434021
88,target,35,-0.317815363407135,-0.6600381731987,1.0291659832000732
88,target,36,-0.3146165609359741,-0.6508570909500122,1.022485375404358
88,target,37,-0.31533342599868774,-0.6553906798362732,1.0271562337875366
88,target,38,-0.3155377507209778,-0.6515200734138489,1.0271625518798828
88,target,39,-0.3144022226333618,-0.6532089114189148,1.0257359743118286
88,target,40,-0.31026506423950195,-0.6510778665542603,1.0267934799194336
88,target,41,-0.30859148502349854,-0.6480959057807922,1.0261622667312622
88,target,42,-0.31018704175949097,-0.6502179503440857,1.018343210220337
88,target,43,-0.3084043264389038,-0.656814455986023,1.022461175918579
88,target,44,-0.31031012535095215,-0.6557533740997314,1.02483069896698
88,target,45,-0.31144410371780396,-0.6533255577087402,1.0219357013702393
88,target,46,-0.2998816967010498,-0.6743428111076355,1.0470386743545532
88,target,47,-0.29380375146865845,-0.6670010685920715,1.026828646659851
88,target,48,-0.2874023914337158,-0.6648041605949402,1.0253068208694458
88,target,49,-0.29887136816978455,-0.6731857061386108,1.0483347177505493
88,target,50,-0.3110613226890564,-0.6542035341262817,1.0473002195358276
88,target,51,-0.3103770613670349,-0.6600596308708191,1.0304350852966309
88,target,52,-0.30613499879837036,-0.6595482230186462,1.0285977125167847
88,target,53,-0.30944836139678955,-0.6594052314758301,1.026863694190979
88,target,54,-0.30943065881729126,-0.6539769768714905,1.0297876596450806
88,target,55,-0.29964059591293335,-0.657220184803009,1.0269722938537598
88,target,56,-0.2971125543117523,-0.6615123748779297,1.025381088256836
88,target,57,-0.3017336130142212,-0.6623551845550537,1.0264315605163574
88,target,58,-0.3051522672176361,-0.659002423286438,1.0265445709228516
88,target,59,-0.3013703227043152,-0.6626501679420471,1.0285677909851074
88,target,60,-0.30601173639297485,-0.6616272926330566,1.0293726921081543
88,target,61,-0.3051578402519226,-0.6609482765197754,1.0317198038101196
88,target,62,-0.310123085975647,-0.6624343395233154,1.0307084321975708
88,target,63,-0.3020164370536804,-0.6642441749572754,1.025549054145813
89,source,0,-0.3187728524208069,-0.657308042049408,1.0355186462402344
89,source,1,-0.3139125108718872,-0.6549133062362671,1.034049153327942
89,source,2,-0.31330251693725586,-0.6565561890602112,1.0308680534362793
89,source,3,-0.3130890727043152,-0.6586317420005798,1.0280187129974365
89,source,4,-0.31357210874557495,-0.6577064990997314,1.0315110683441162
89,source,5,-0.3139679431915283,-0.6591013073921204,1.0295082330703735
89,source,6,-0.31410109996795654,-0.6561785340309143,1.0302841663360596
89,source,7,-0.3127123713493347,-0.659070611000061,1.0294084548950195
89,source,8,-0.3142228126525879,-0.6581526398658752,1.0298607349395752
89,source,9,-0.31454628705978394,-0.6560395359992981,1.0305273532867432
89,source,10,-0.3138231635093689,-0.6546666622161865,1.0338480472564697
89,source,11,-0.31642472743988037,-0.6593185067176819,1.0324153900146484
89,source,12,-0.31688499450683594,-0.655462384223938,1.0334415435791016
89,source,13,-0.31550925970077515,-0.6568858623504639,1.030023217201233
89,source,14,-0.31267279386520386,-0.6544205546379089,1.0330137014389038
89,source,15,-0.3098292946815491,-0.654746949672699,1.0343070030212402
89,source,16,-0.31043726205825806,-0.6565568447113037,1.0315985679626465
89,source,17,-0.311720609664917,-0.6530223488807678,1.0312129259109497
89,source,18,-0.3120049834251404,-0.6562160849571228,1.0319797992706299
89,source,19,-0.3147740960121155,-0.6559081077575684,1.0349485874176025
89,source,20,-0.31241708993911743,-0.6578565835952759,1.0297017097473145
89,source,21,-0.30941087007522583,-0.6535884737968445,1.0304522514343262
89,source,22,-0.31074315309524536,-0.6591735482215881,1.0315001010894775
89,source,23,-0.3119627833366394,-0.6553895473480225,1.0324406623840332
89,source,24,-0.313381552696228,-0.6584870219230652,1.032074213027954
89,source,25,-0.31415629386901855,-0.6566075682640076,1.0362520217895508
89,source,26,-0.31577998399734497,-0.6549819707870483,1.0339384078979492
89,source,27,-0.31161248683929443,-0.6486037969589233,1.0346554517745972
89,source,28,-0.31069517135620117,-0.6495178937911987,1.03177809715271
89,source,29,-0.3160098195075989,-0.6572751998901367,1.0333501100540161
89,source,30,-0.31746602058410645,-0.6582632660865784,1.0307538509368896
89,source,31,-0.3167126178741455,-0.6565808057785034,1.0320439338684082
89,source,32,-0.31692516803741455,-0.6603223085403442,1.0315194129943848
89,source,33,-0.31524527072906494,-0.6585968732833862,1.0303056240081787
89,source,34,-0.3173708915710449,-0.6603923439979553,1.034642219543457
89,source,35,-0.3134658932685852,-0.6547635793685913,1.0316669940948486
89,source,36,-0.3113058805465698,-0.6505803465843201,1.0306739807128906
89,source,37,-0.3143787384033203,-0.6554276347160339,1.03623628616333
89,source,38,-0.31219422817230225,-0.6542783379554749,1.032789945602417
89,source,39,-0.3114779591560364,-0.6580505967140198,1.0323681831359863
89,source,40,-0.31100887060165405,-0.6548076272010803,1.036080002784729
89,source,41,-0.31363117694854736,-0.6574379801750183,1.0298182964324951
89,source,42,-0.3121463656425476,-0.6566135883331299,1.0288842916488647
89,source,43,-0.3147616386413574,-0.6550414562225342,1.0327951908111572
89,source,44,-0.3131336569786072,-0.6553270220756531,1.0318604707717896
89,source,45,-0.3138725161552429,-0.6579248309135437,1.0333513021469116
89,source,46,-0.3141746520996094,-0.6562615036964417,1.0314135551452637
89,source,47,-0.3149978518486023,-0.6564365029335022,1.032874345779419
89,source,48,-0.3140155076980591,-0.6611986756324768,1.0286550521850586
89,source,49,-0.31476813554763794,-0.6568666696548462,1.0334903001785278
89,source,50,-0.3163653612136841,-0.657109260559082,1.034110188484192
89,source,51,-0.31407737731933594,-0.6528081297874451,1.0297783613204956
89,source,52,-0.31558340787887573,-0.6526694893836975,1.0286997556686401
89,source,53,-0.31668156385421753,-0.6562310457229614,1.0300027132034302
89,source,54,-0.3161391615867615,-0.6502480506896973,1.0297086238861084
89,source,55,-0.31749486923217773,-0.6557352542877197,1.028945803642273
89,source,56,-0.3157190680503845,-0.6557053327560425,1.0261657238006592
89,source,57,-0.31478458642959595,-0.6566357612609863,1.0267285108566284
89,source,58,-0.3160563111305237,-0.6543988585472107,1.0288310050964355
89,source,59,-0.31675368547439575,-0.6516880989074707,1.0285698175430298
89,source,60,-0.3162367343902588,-0.6529680490493774,1.0313482284545898
89,source,61,-0.3174978494644165,-0.6567884087562561,1.0310885906219482
89,source,62,-0.317298948764801,-0.6537659168243408,1.0311644077301025
89,source,63,-0.317263662815094,-0.6533597111701965,1.0305066108703613
89,target,0,-0.29983583092689514,-0.6602377891540527,1.031018853187561
89,target,1,-0.31636708974838257,-0.6562947034835815,1.0354799032211304
89,target,2,-0.3173542022705078,-0.657681405544281,1.0353047847747803
89,target,3,-0.3081430196762085,-0.6619905829429626,1.0294711589813232
89,target,4,-0.31199610233306885,-0.6519419550895691,1.0300723314285278
89,target,5,-0.3162081837654114,-0.63531893491745,1.0322157144546509
89,target,6,-0.3219220042228699,-0.6364943385124207,1.0311959981918335
89,target,7,-0.3103429079055786,-0.6334161758422852,1.0265097618103027
89,target,8,-0.31291109323501587,-0.6396815180778503,1.0255407094955444
89,target,9,-0.30448204278945923,-0.6452596187591553,1.027895212173462
89,target,10,-0.3063073754310608,-0.641406774520874,1.0300859212875366
89,target,11,-0.3092060089111328,-0.6428205370903015,1.0290968418121338
89,target,12,-0.31059765815734863,-0.6475487947463989,1.0279736518859863
89,target,13,-0.30643904209136963,-0.6518224477767944,1.0358188152313232
89,target,14,-0.30745720863342285,-0.65181565284729,1.0288954973220825
89,target,15,-0.3091506361961365,-0.6544204950332642,1.0274418592453003
89,target,16,-0.31252485513687134,-0.6525321006774902,1.0294177532196045
89,target,17,-0.3132249116897583,-0.649064302444458,1.0290870666503906
89,target,18,-0.31991803646087646,-0.6513285040855408,1.03230881690979
89,target,19,-0.3133721947669983,-0.6477774381637573,1.0270577669143677
89,target,20,-0.31846702098846436,-0.6481224298477173,1.032936692237854
89,target,21,-0.3168337345123291,-0.6422802209854126,1.034398078918457
89,target,22,-0.31182366609573364,-0.6467609405517578,1.0304943323135376
89,target,23,-0.30450183153152466,-0.6459014415740967,1.0255953073501587
89,target,24,-0.3130141496658325,-0.646440327167511,1.0308305025100708
89,target,25,-0.31101977825164795,-0.6554320454597473,1.0322376489639282
89,target,26,-0.31273508071899414,-0.6563270688056946,1.0316063165664673
89,target,27,-0.3146011233329773,-0.6539218425750732,1.030876636505127
89,target,28,-0.32568126916885376,-0.6591921448707581,1.038132667541504
89,target,29,-0.30958229303359985,-0.6564222574234009,1.0330876111984253
89,target,30,-0.31297576427459717,-0.658325731754303,1.0336132049560547
89,target,31,-0.31772077083587646,-0.6506710648536682,1.0289955139160156
89,target,32,-0.31642836332321167,-0.6522626280784607,1.0315186977386475
89,target,33,-0.31419938802719116,-0.6540225148200989,1.0316561460494995
89,target,34,-0.3114801049232483,-0.6531463265419006,1.0305802822113037
89,target,35,-0.3177618384361267,-0.6593104600906372,1.0333425998687744
89,target,36,-0.31310129165649414,-0.6496059894561768,1.0270267724990845
89,target,37,-0.3134070634841919,-0.6555760502815247,1.0308161973953247
89,target,38,-0.31386613845825195,-0.6498532891273499,1.0313386917114258
89,target,39,-0.31319719552993774,-0.6534461975097656,1.0297855138778687
89,target,40,-0.31054967641830444,-0.6516500115394592,1.0314947366714478
89,target,41,-0.30773913860321045,-0.6485583186149597,1.030268907546997
89,target,42,-0.3088042736053467,-0.6508250832557678,1.0223671197891235
89,target,43,-0.30719757080078125,-0.6570958495140076,1.0273665189743042
89,target,44,-0.3102076053619385,-0.65817791223526,1.0302562713623047
89,target,45,-0.31096452474594116,-0.6546221375465393,1.0263051986694336
89,target,46,-0.3002484440803528,-0.6775349974632263,1.0508588552474976
89,target,47,-0.2917652130126953,-0.6680422425270081,1.030336856842041
89,target,48,-0.28558874130249023,-0.6649633049964905,1.0282764434814453
89,target,49,-0.29911598563194275,-0.6731657385826111,1.0524444580078125
89,target,50,-0.3100476861000061,-0.6554884910583496,1.0475648641586304
89,target,51,-0.3079959750175476,-0.6612915992736816,1.0329420566558838
89,target,52,-0.3040028512477875,-0.6607450842857361,1.0312957763671875
89,target,53,-0.30777621269226074,-0.6607014536857605,1.0292705297470093
89,target,54,-0.30781054496765137,-0.6539973616600037,1.0323864221572876
89,target,55,-0.2971394658088684,-0.6592365503311157,1.028725266456604
89,target,56,-0.29454535245895386,-0.6628094911575317,1.0273910760879517
89,target,57,-0.2990882396697998,-0.6633723378181458,1.0279045104980469
89,target,58,-0.30275464057922363,-0.6598830819129944,1.0280719995498657
89,target,59,-0.29864659905433655,-0.6629418134689331,1.030508041381836
89,target,60,-0.30423563718795776,-0.6631790995597839,1.0316650867462158
89,target,61,-0.30320286750793457,-0.6619898676872253,1.0341044664382935
89,target,62,-0.30790382623672485,-0.6638749837875366,1.0332400798797607
89,target,63,-0.29963141679763794,-0.6660932898521423,1.0274627208709717
90,source,0,-0.31693774461746216,-0.6538659930229187,1.031251311302185
90,source,1,-0.31219661235809326,-0.652194619178772,1.0290226936340332
90,source,2,-0.31040459871292114,-0.6529250741004944,1.0246165990829468
90,source,3,-0.3107866048812866,-0.6535069346427917,1.0223034620285034
90,source,4,-0.3117907643318176,-0.6536745429039001,1.0263075828552246
90,source,5,-0.3122534155845642,-0.6552525162696838,1.0242763757705688
90,source,6,-0.3131248950958252,-0.6520133018493652,1.0255483388900757
90,source,7,-0.3114999532699585,-0.6543980836868286,1.0241680145263672
90,source,8,-0.31297290325164795,-0.6537832617759705,1.024580717086792
90,source,9,-0.3128548264503479,-0.6518250107765198,1.0253733396530151
90,source,10,-0.3121165633201599,-0.650264322757721,1.02809476852417
90,source,11,-0.31456857919692993,-0.6544418931007385,1.0271202325820923
90,source,12,-0.31438392400741577,-0.6510536074638367,1.0281776189804077
90,source,13,-0.31361520290374756,-0.6521093845367432,1.0242140293121338
90,source,14,-0.30898451805114746,-0.651350736618042,1.0271263122558594
90,source,15,-0.3078154921531677,-0.6499798893928528,1.0288052558898926
90,source,16,-0.30757904052734375,-0.6523773074150085,1.025909423828125
90,source,17,-0.3088444471359253,-0.6495429277420044,1.0253537893295288
90,source,18,-0.30907052755355835,-0.6527156233787537,1.0261046886444092
90,source,19,-0.3132251501083374,-0.6506526470184326,1.0290656089782715
90,source,20,-0.30920130014419556,-0.6529027223587036,1.0236870050430298
90,source,21,-0.30670493841171265,-0.6500180959701538,1.0245161056518555
90,source,22,-0.30782973766326904,-0.6546450853347778,1.0257843732833862
90,source,23,-0.30855077505111694,-0.6503862142562866,1.0267292261123657
90,source,24,-0.31083929538726807,-0.6543084979057312,1.0264770984649658
90,source,25,-0.3120993375778198,-0.6521468162536621,1.030788779258728
90,source,26,-0.3134952783584595,-0.6512948274612427,1.0284547805786133
90,source,27,-0.3084254264831543,-0.6458459496498108,1.0290095806121826
90,source,28,-0.3075454831123352,-0.6450163125991821,1.0257116556167603
90,source,29,-0.3148948550224304,-0.6528000831604004,1.0280307531356812
90,source,30,-0.31578993797302246,-0.6535882353782654,1.0252420902252197
90,source,31,-0.3149191737174988,-0.6519367694854736,1.0267094373703003
90,source,32,-0.3152787685394287,-0.6559045910835266,1.0261043310165405
90,source,33,-0.31415998935699463,-0.6537081599235535,1.0250173807144165
90,source,34,-0.3161356449127197,-0.6555605530738831,1.0297558307647705
90,source,35,-0.31135112047195435,-0.6504722833633423,1.0265320539474487
90,source,36,-0.309762179851532,-0.647549569606781,1.0254647731781006
90,source,37,-0.31230849027633667,-0.650293231010437,1.0308562517166138
90,source,38,-0.31026726961135864,-0.6497652530670166,1.0276813507080078
90,source,39,-0.30904531478881836,-0.653825044631958,1.0267372131347656
90,source,40,-0.30936646461486816,-0.6499925255775452,1.0300941467285156
90,source,41,-0.31116414070129395,-0.651846170425415,1.0240617990493774
90,source,42,-0.30941706895828247,-0.6516841053962708,1.023525595664978
90,source,43,-0.31325608491897583,-0.6502556204795837,1.027721881866455
90,source,44,-0.310142457485199,-0.6499016284942627,1.0257030725479126
90,source,45,-0.3110398054122925,-0.6528510451316833,1.027476191520691
90,source,46,-0.31105226278305054,-0.6527407169342041,1.0258535146713257
90,source,47,-0.31392836570739746,-0.6523897647857666,1.027850866317749
90,source,48,-0.3114842176437378,-0.6556857824325562,1.0228253602981567
90,source,49,-0.3138158321380615,-0.6529333591461182,1.0290329456329346
90,source,50,-0.3145308494567871,-0.6519482135772705,1.0303064584732056
90,source,51,-0.312547504901886,-0.6480976343154907,1.0253450870513916
90,source,52,-0.31364715099334717,-0.6473608016967773,1.023987889289856
90,source,53,-0.3141155242919922,-0.6522231698036194,1.0245455503463745
90,source,54,-0.3140612840652466,-0.6458477973937988,1.0243513584136963
90,source,55,-0.31533169746398926,-0.651498019695282,1.0249313116073608
90,source,56,-0.3143700361251831,-0.6501221060752869,1.0216383934020996
90,source,57,-0.3129439949989319,-0.651401162147522,1.02254319190979
90,source,58,-0.3142993450164795,-0.6490903496742249,1.024674892425537
90,source,59,-0.3147314786911011,-0.6459375023841858,1.0246721506118774
90,source,60,-0.31398117542266846,-0.6476790904998779,1.0258495807647705
90,source,61,-0.3149334192276001,-0.6524734497070312,1.026233434677124
90,source,62,-0.3153039216995239,-0.649171769618988,1.0267596244812012
90,source,63,-0.3151819705963135,-0.6489121913909912,1.0250399112701416
90,target,0,-0.2976810336112976,-0.6554867029190063,1.0272105932235718
90,target,1,-0.31543004512786865,-0.6526491045951843,1.0331051349639893
90,target,2,-0.3143464922904968,-0.6526874899864197,1.0308315753936768
90,target,3,-0.3056778907775879,-0.6573292016983032,1.024979591369629
90,target,4,-0.31103503704071045,-0.6467693448066711,1.0265626907348633
90,target,5,-0.3128064274787903,-0.6291874051094055,1.0287439823150635
90,target,6,-0.3202518820762634,-0.6325101256370544,1.0277591943740845
90,target,7,-0.30819106101989746,-0.6299248933792114,1.0235041379928589
90,target,8,-0.3113464117050171,-0.6351245641708374,1.0217634439468384
90,target,9,-0.3016945719718933,-0.6402283310890198,1.0229241847991943
90,target,10,-0.3043980896472931,-0.6369185447692871,1.02534019947052
90,target,11,-0.3062403202056885,-0.6373201012611389,1.0244628190994263
90,target,12,-0.30822235345840454,-0.64188551902771,1.0222371816635132
90,target,13,-0.304086834192276,-0.6473519802093506,1.0325968265533447
90,target,14,-0.30450713634490967,-0.6458271145820618,1.02516508102417
90,target,15,-0.30621159076690674,-0.6499266028404236,1.0236504077911377
90,target,16,-0.30974066257476807,-0.64750736951828,1.0244803428649902
90,target,17,-0.311590313911438,-0.6448224186897278,1.0250076055526733
90,target,18,-0.3171144723892212,-0.6465792655944824,1.028451919555664
90,target,19,-0.31276631355285645,-0.6449263095855713,1.0246139764785767
90,target,20,-0.315607488155365,-0.6427529454231262,1.028786540031433
90,target,21,-0.31414520740509033,-0.6389434933662415,1.0313937664031982
90,target,22,-0.30889832973480225,-0.6435365080833435,1.0263910293579102
90,target,23,-0.3037266433238983,-0.6425113677978516,1.022116780281067
90,target,24,-0.3113276958465576,-0.6412959694862366,1.0283570289611816
90,target,25,-0.30816876888275146,-0.6507704257965088,1.028061032295227
90,target,26,-0.3104137182235718,-0.651961624622345,1.0264397859573364
90,target,27,-0.3109356164932251,-0.6503123641014099,1.0268809795379639
90,target,28,-0.32208681106567383,-0.6538856029510498,1.033840537071228
90,target,29,-0.30719608068466187,-0.6511908173561096,1.0290409326553345
90,target,30,-0.31040340662002563,-0.6530601978302002,1.028863549232483
90,target,31,-0.3165661096572876,-0.6461520791053772,1.0244210958480835
90,target,32,-0.31611382961273193,-0.648423433303833,1.027382254600525
90,target,33,-0.31146639585494995,-0.6502726674079895,1.0268492698669434
90,target,34,-0.3090974688529968,-0.6479412913322449,1.02561354637146
90,target,35,-0.31395572423934937,-0.6543738842010498,1.0281637907028198
90,target,36,-0.3110407590866089,-0.6450786590576172,1.0231066942214966
90,target,37,-0.31077897548675537,-0.6514889001846313,1.025884747505188
90,target,38,-0.3106047511100769,-0.6453221440315247,1.0258386135101318
90,target,39,-0.3097649812698364,-0.6492378115653992,1.024282455444336
90,target,40,-0.3060040771961212,-0.6467990875244141,1.027065396308899
90,target,41,-0.30393874645233154,-0.6444619297981262,1.0263258218765259
90,target,42,-0.30734968185424805,-0.6458174586296082,1.0171396732330322
90,target,43,-0.3046540915966034,-0.6518656015396118,1.0219755172729492
90,target,44,-0.30756139755249023,-0.6518140435218811,1.0237666368484497
90,target,45,-0.308244526386261,-0.6493481397628784,1.0206451416015625
90,target,46,-0.2988433837890625,-0.6716689467430115,1.0476257801055908
90,target,47,-0.29119354486465454,-0.6626278758049011,1.0271881818771362
90,target,48,-0.28479132056236267,-0.6593475341796875,1.0240639448165894
90,target,49,-0.2975982427597046,-0.6682024002075195,1.048987865447998
90,target,50,-0.3100605607032776,-0.6515011191368103,1.0456210374832153
90,target,51,-0.30663782358169556,-0.6551753878593445,1.0289396047592163
90,target,52,-0.3023945689201355,-0.6551035642623901,1.0280117988586426
90,target,53,-0.30599546432495117,-0.6553669571876526,1.025500774383545
90,target,54,-0.3065895438194275,-0.6490566730499268,1.0286513566970825
90,target,55,-0.29662442207336426,-0.6535422205924988,1.025659441947937
90,target,56,-0.2930053472518921,-0.6573550701141357,1.0241236686706543
90,target,57,-0.2973431348800659,-0.6587727665901184,1.024701476097107
90,target,58,-0.30011698603630066,-0.654862105846405,1.0243933200836182
90,target,59,-0.29714372754096985,-0.6578559279441833,1.0267417430877686
90,target,60,-0.3022461533546448,-0.6586143970489502,1.0279815196990967
90,target,61,-0.3015969395637512,-0.6563265323638916,1.0305615663528442
90,target,62,-0.30497485399246216,-0.6590299010276794,1.0284684896469116
90,target,63,-0.2982115149497986,-0.6612222790718079,1.0238149166107178
91,source,0,-0.32451844215393066,-0.6632692217826843,1.0424854755401611
91,source,1,-0.3177337050437927,-0.6607772707939148,1.0402040481567383
91,source,2,-0.3161128759384155,-0.6614083051681519,1.0356519222259521
91,source,3,-0.3153972625732422,-0.6645147204399109,1.033445119857788
91,source,4,-0.3172633647918701,-0.6644431352615356,1.0353317260742188
91,source,5,-0.3190993666648865,-0.6651018261909485,1.0350048542022705
91,source,6,-0.31956547498703003,-0.6613057255744934,1.0366231203079224
91,source,7,-0.3169187307357788,-0.664025068283081,1.0347421169281006
91,source,8,-0.31784588098526,-0.6643032431602478,1.0348700284957886
91,source,9,-0.31838303804397583,-0.6624430418014526,1.036138653755188
91,source,10,-0.3165690302848816,-0.6597681045532227,1.037329912185669
91,source,11,-0.32035183906555176,-0.6637747883796692,1.0381619930267334
91,source,12,-0.3200114369392395,-0.6596328616142273,1.0404410362243652
91,source,13,-0.31914573907852173,-0.6616012454032898,1.0362484455108643
91,source,14,-0.3162800669670105,-0.6604382395744324,1.0382380485534668
91,source,15,-0.31343209743499756,-0.6603664755821228,1.040283441543579
91,source,16,-0.3136466145515442,-0.6621558666229248,1.03696870803833
91,source,17,-0.31490999460220337,-0.6601487994194031,1.0368245840072632
91,source,18,-0.3154136538505554,-0.6618055701255798,1.0367405414581299
91,source,19,-0.3183560371398926,-0.6624758839607239,1.0406218767166138
91,source,20,-0.3138606548309326,-0.6650166511535645,1.0334722995758057
91,source,21,-0.3126893639564514,-0.6613823175430298,1.0347199440002441
91,source,22,-0.31288617849349976,-0.6657110452651978,1.0355626344680786
91,source,23,-0.31492704153060913,-0.6604030728340149,1.0371512174606323
91,source,24,-0.31589144468307495,-0.6644771695137024,1.0364961624145508
91,source,25,-0.316874623298645,-0.6624440550804138,1.041843295097351
91,source,26,-0.31858545541763306,-0.6606777310371399,1.0383269786834717
91,source,27,-0.31389814615249634,-0.6546084880828857,1.0407824516296387
91,source,28,-0.31263935565948486,-0.6530688405036926,1.0355267524719238
91,source,29,-0.3193848729133606,-0.6634337902069092,1.037481427192688
91,source,30,-0.32157063484191895,-0.6641087532043457,1.0359188318252563
91,source,31,-0.31979233026504517,-0.6621177196502686,1.036649465560913
91,source,32,-0.3206977844238281,-0.6671379208564758,1.0373263359069824
91,source,33,-0.31989479064941406,-0.6656293272972107,1.0360244512557983
91,source,34,-0.3221951127052307,-0.6655405759811401,1.039939522743225
91,source,35,-0.3158331513404846,-0.6588041186332703,1.0354797840118408
91,source,36,-0.31563419103622437,-0.6565526723861694,1.0366212129592896
91,source,37,-0.3178178668022156,-0.6605244278907776,1.041229009628296
91,source,38,-0.31520020961761475,-0.6596411466598511,1.0386126041412354
91,source,39,-0.315302312374115,-0.6638043522834778,1.0381428003311157
91,source,40,-0.31333309412002563,-0.6599183082580566,1.040015697479248
91,source,41,-0.31561607122421265,-0.6611620783805847,1.0355795621871948
91,source,42,-0.31443530321121216,-0.6608429551124573,1.0343056917190552
91,source,43,-0.31721317768096924,-0.65945965051651,1.038387417793274
91,source,44,-0.31604576110839844,-0.6610913872718811,1.0364621877670288
91,source,45,-0.31600362062454224,-0.6634679436683655,1.038320541381836
91,source,46,-0.3172920346260071,-0.6622828245162964,1.0369385480880737
91,source,47,-0.31894558668136597,-0.6603155732154846,1.0381826162338257
91,source,48,-0.31614112854003906,-0.6667803525924683,1.033133864402771
91,source,49,-0.3186289072036743,-0.6626937985420227,1.0379894971847534
91,source,50,-0.32028985023498535,-0.6637566089630127,1.040092945098877
91,source,51,-0.31792718172073364,-0.6602078080177307,1.0349370241165161
91,source,52,-0.31914353370666504,-0.6593635082244873,1.0337491035461426
91,source,53,-0.31945163011550903,-0.6646530628204346,1.0340951681137085
91,source,54,-0.31975430250167847,-0.656668484210968,1.0326194763183594
91,source,55,-0.3204951286315918,-0.6618844270706177,1.0335359573364258
91,source,56,-0.3189704418182373,-0.6610543727874756,1.0301709175109863
91,source,57,-0.3178231716156006,-0.6625173687934875,1.030064582824707
91,source,58,-0.31918197870254517,-0.6612855195999146,1.0332961082458496
91,source,59,-0.31980323791503906,-0.6576117277145386,1.0334782600402832
91,source,60,-0.31991755962371826,-0.6595523357391357,1.0356451272964478
91,source,61,-0.32136231660842896,-0.6650106906890869,1.0347967147827148
91,source,62,-0.3208891749382019,-0.6596245765686035,1.0355374813079834
91,source,63,-0.3207472562789917,-0.6600363850593567,1.0357043743133545
91,target,0,-0.302389919757843,-0.6638920307159424,1.0358957052230835
91,target,1,-0.31873875856399536,-0.6611899733543396,1.041956901550293
91,target,2,-0.3196520209312439,-0.6633602380752563,1.0406850576400757
91,target,3,-0.31178760528564453,-0.6660028696060181,1.0346653461456299
91,target,4,-0.3171950578689575,-0.6547244787216187,1.0375583171844482
91,target,5,-0.31758081912994385,-0.6352726221084595,1.038158655166626
91,target,6,-0.32501864433288574,-0.6413052082061768,1.0369417667388916
91,target,7,-0.31077897548675537,-0.6385109424591064,1.030590295791626
91,target,8,-0.3154689073562622,-0.645811140537262,1.0301272869110107
91,target,9,-0.3075534701347351,-0.6491268873214722,1.032707691192627
91,target,10,-0.3104431629180908,-0.6452000141143799,1.0356301069259644
91,target,11,-0.31247806549072266,-0.6463382840156555,1.0354143381118774
91,target,12,-0.31501227617263794,-0.651427686214447,1.0334446430206299
91,target,13,-0.3092731237411499,-0.6557689905166626,1.041163444519043
91,target,14,-0.3109126687049866,-0.655246913433075,1.034772276878357
91,target,15,-0.3134837746620178,-0.6587643027305603,1.0333420038223267
91,target,16,-0.31712037324905396,-0.657606840133667,1.035186767578125
91,target,17,-0.3169933557510376,-0.6531593203544617,1.0340185165405273
91,target,18,-0.3224203586578369,-0.6526774168014526,1.0365914106369019
91,target,19,-0.31608104705810547,-0.6532893776893616,1.0303210020065308
91,target,20,-0.32096052169799805,-0.6489627361297607,1.036529541015625
91,target,21,-0.31766438484191895,-0.6463189125061035,1.0395339727401733
91,target,22,-0.3143414855003357,-0.6515368223190308,1.0345197916030884
91,target,23,-0.3092029094696045,-0.6519759297370911,1.0297356843948364
91,target,24,-0.31679219007492065,-0.6516007781028748,1.0373879671096802
91,target,25,-0.3147965669631958,-0.6603250503540039,1.0374112129211426
91,target,26,-0.3184030055999756,-0.661912739276886,1.0384154319763184
91,target,27,-0.31640732288360596,-0.6590569019317627,1.036126971244812
91,target,28,-0.33250486850738525,-0.6658840179443359,1.0469200611114502
91,target,29,-0.31176286935806274,-0.658601701259613,1.03866708278656
91,target,30,-0.31548869609832764,-0.6634681820869446,1.0376477241516113
91,target,31,-0.3201422095298767,-0.6533645987510681,1.033570408821106
91,target,32,-0.3182271122932434,-0.6573691368103027,1.0361278057098389
91,target,33,-0.3172469735145569,-0.6594849824905396,1.0377305746078491
91,target,34,-0.3146930932998657,-0.6563035845756531,1.0354900360107422
91,target,35,-0.32293224334716797,-0.6656140685081482,1.0410311222076416
91,target,36,-0.3151412606239319,-0.6540166139602661,1.0304362773895264
91,target,37,-0.31566715240478516,-0.6613745093345642,1.0361483097076416
91,target,38,-0.31777918338775635,-0.6553625464439392,1.0368754863739014
91,target,39,-0.3158845901489258,-0.6595145463943481,1.034641981124878
91,target,40,-0.31303226947784424,-0.655896782875061,1.0357656478881836
91,target,41,-0.3084959387779236,-0.6526439189910889,1.0319552421569824
91,target,42,-0.30992943048477173,-0.6556496620178223,1.0239390134811401
91,target,43,-0.30829447507858276,-0.6633003950119019,1.0282928943634033
91,target,44,-0.3114132881164551,-0.6632600426673889,1.0310184955596924
91,target,45,-0.3122979998588562,-0.6622380018234253,1.0282583236694336
91,target,46,-0.3010307252407074,-0.6830917596817017,1.058272123336792
91,target,47,-0.29587289690971375,-0.670138955116272,1.0350494384765625
91,target,48,-0.2885633707046509,-0.6670119762420654,1.032861351966858
91,target,49,-0.30146199464797974,-0.679840624332428,1.05910062789917
91,target,50,-0.3136413097381592,-0.6609195470809937,1.0565105676651
91,target,51,-0.31041133403778076,-0.6638565063476562,1.0386472940444946
91,target,52,-0.30742180347442627,-0.6628034710884094,1.0372916460037231
91,target,53,-0.3094634413719177,-0.6626712679862976,1.0338274240493774
91,target,54,-0.31187158823013306,-0.6574468016624451,1.0385279655456543
91,target,55,-0.299287348985672,-0.659980833530426,1.0338146686553955
91,target,56,-0.29655519127845764,-0.6640151143074036,1.0312132835388184
91,target,57,-0.30019411444664,-0.6655378341674805,1.0313680171966553
91,target,58,-0.3031056523323059,-0.661552906036377,1.0316987037658691
91,target,59,-0.30095571279525757,-0.6655169725418091,1.035276174545288
91,target,60,-0.307211697101593,-0.6658338904380798,1.0369541645050049
91,target,61,-0.30778342485427856,-0.6645117998123169,1.0403213500976562
91,target,62,-0.31226199865341187,-0.6678110361099243,1.0393352508544922
91,target,63,-0.3028629422187805,-0.6679985523223877,1.0315717458724976
92,source,0,-0.31660640239715576,-0.6477700471878052,1.032578706741333
92,source,1,-0.31037384271621704,-0.6482904553413391,1.0305719375610352
92,source,2,-0.30916810035705566,-0.648276150226593,1.0251085758209229
92,source,3,-0.3089175820350647,-0.6503795981407166,1.0231484174728394
92,source,4,-0.31056731939315796,-0.6498953104019165,1.0257742404937744
92,source,5,-0.31251490116119385,-0.6506338119506836,1.0264486074447632
92,source,6,-0.3129829168319702,-0.6475514769554138,1.0276432037353516
92,source,7,-0.3105330467224121,-0.6496493816375732,1.026277780532837
92,source,8,-0.3114437460899353,-0.6493004560470581,1.0251379013061523
92,source,9,-0.3118900656700134,-0.649030864238739,1.0270531177520752
92,source,10,-0.31068819761276245,-0.6460508704185486,1.0264052152633667
92,source,11,-0.3132752776145935,-0.64922696352005,1.026973843574524
92,source,12,-0.3138352632522583,-0.6454426050186157,1.0306025743484497
92,source,13,-0.31237971782684326,-0.6470562815666199,1.0251731872558594
92,source,14,-0.30881720781326294,-0.6482405066490173,1.0288959741592407
92,source,15,-0.30621811747550964,-0.6452073454856873,1.0313972234725952
92,source,16,-0.30606961250305176,-0.6470283269882202,1.0270527601242065
92,source,17,-0.30711960792541504,-0.6460555195808411,1.0266307592391968
92,source,18,-0.3077048063278198,-0.6474733352661133,1.026854395866394
92,source,19,-0.3114534616470337,-0.6458197832107544,1.0299073457717896
92,source,20,-0.30717331171035767,-0.648944616317749,1.02224600315094
92,source,21,-0.3064010739326477,-0.6477434635162354,1.0255749225616455
92,source,22,-0.30566632747650146,-0.651290774345398,1.0257066488265991
92,source,23,-0.30770158767700195,-0.6451722979545593,1.0266315937042236
92,source,24,-0.3084840774536133,-0.6503596305847168,1.0266706943511963
92,source,25,-0.30890733003616333,-0.6487911343574524,1.0318540334701538
92,source,26,-0.3114106059074402,-0.6455938220024109,1.0280163288116455
92,source,27,-0.3061462640762329,-0.6428164839744568,1.0305575132369995
92,source,28,-0.30495959520339966,-0.641437828540802,1.0249171257019043
92,source,29,-0.3130883574485779,-0.6476022005081177,1.0273890495300293
92,source,30,-0.3153993487358093,-0.6499840617179871,1.0265767574310303
92,source,31,-0.3135839104652405,-0.6469656229019165,1.0268555879592896
92,source,32,-0.3133302330970764,-0.6516047120094299,1.0257272720336914
92,source,33,-0.3133958578109741,-0.6500370502471924,1.026698112487793
92,source,34,-0.3147742748260498,-0.651458740234375,1.029710292816162
92,source,35,-0.30811095237731934,-0.6441421508789062,1.02604079246521
92,source,36,-0.3089457154273987,-0.6437793970108032,1.0263985395431519
92,source,37,-0.31067168712615967,-0.6461989879608154,1.0309967994689941
92,source,38,-0.30819618701934814,-0.6458585858345032,1.0293614864349365
92,source,39,-0.3077183961868286,-0.6489015817642212,1.0278838872909546
92,source,40,-0.3078653812408447,-0.6454982161521912,1.030998706817627
92,source,41,-0.3097544312477112,-0.6464624404907227,1.0266894102096558
92,source,42,-0.30906563997268677,-0.6465573310852051,1.0256223678588867
92,source,43,-0.3112525939941406,-0.6451536417007446,1.029442548751831
92,source,44,-0.30923593044281006,-0.6460236310958862,1.0254772901535034
92,source,45,-0.30971014499664307,-0.6473881006240845,1.0273150205612183
92,source,46,-0.31005775928497314,-0.648606538772583,1.02791166305542
92,source,47,-0.31228119134902954,-0.6460325717926025,1.0290731191635132
92,source,48,-0.30977118015289307,-0.6514628529548645,1.0233404636383057
92,source,49,-0.31283360719680786,-0.6480972766876221,1.0287833213806152
92,source,50,-0.312366783618927,-0.6475047469139099,1.0299888849258423
92,source,51,-0.31022316217422485,-0.6448162794113159,1.0260264873504639
92,source,52,-0.311348021030426,-0.6440086960792542,1.0237693786621094
92,source,53,-0.311454176902771,-0.6484925746917725,1.024255633354187
92,source,54,-0.3132648468017578,-0.6426811218261719,1.0248346328735352
92,source,55,-0.3121524453163147,-0.6469180583953857,1.024271011352539
92,source,56,-0.31091707944869995,-0.6457993388175964,1.0214420557022095
92,source,57,-0.30995118618011475,-0.6470048427581787,1.0206992626190186
92,source,58,-0.3115023374557495,-0.6459639668464661,1.0248980522155762
92,source,59,-0.3121058940887451,-0.6431512832641602,1.0238925218582153
92,source,60,-0.31266725063323975,-0.6433731317520142,1.0250210762023926
92,source,61,-0.3134608864784241,-0.6484529376029968,1.0244724750518799
92,source,62,-0.312588095664978,-0.6428683996200562,1.0245137214660645
92,source,63,-0.3125048875808716,-0.6435105800628662,1.0248868465423584
92,target,0,-0.2942259609699249,-0.650787889957428,1.025281310081482
92,target,1,-0.31116145849227905,-0.6483734250068665,1.0325666666030884
92,target,2,-0.31159454584121704,-0.6470032334327698,1.0301755666732788
92,target,3,-0.3017039895057678,-0.6525151133537292,1.0235600471496582
92,target,4,-0.30874913930892944,-0.6402749419212341,1.0256998538970947
92,target,5,-0.3106616735458374,-0.6214508414268494,1.025371789932251
92,target,6,-0.3176569938659668,-0.6270978450775146,1.0270026922225952
92,target,7,-0.3045843839645386,-0.627161979675293,1.023288607597351
92,target,8,-0.30957138538360596,-0.6328513622283936,1.023245096206665
92,target,9,-0.29971766471862793,-0.6334742307662964,1.023441195487976
92,target,10,-0.30095797777175903,-0.6295146346092224,1.02422297000885
92,target,11,-0.3035658001899719,-0.6304718255996704,1.0241825580596924
92,target,12,-0.30657899379730225,-0.6360123753547668,1.0225439071655273
92,target,13,-0.30218857526779175,-0.6395771503448486,1.0310255289077759
92,target,14,-0.30275988578796387,-0.6391374468803406,1.023860216140747
92,target,15,-0.3042098879814148,-0.6427882313728333,1.0206503868103027
92,target,16,-0.3083116412162781,-0.6409512162208557,1.0232844352722168
92,target,17,-0.30861663818359375,-0.6389113068580627,1.022911787033081
92,target,18,-0.31408125162124634,-0.6375578045845032,1.0260727405548096
92,target,19,-0.30922579765319824,-0.6406662464141846,1.023677110671997
92,target,20,-0.3131697177886963,-0.6357936859130859,1.0267889499664307
92,target,21,-0.31007611751556396,-0.6348647475242615,1.0297141075134277
92,target,22,-0.3064042329788208,-0.6368289589881897,1.024276614189148
92,target,23,-0.30155909061431885,-0.63765949010849,1.0195469856262207
92,target,24,-0.3080694079399109,-0.6386222839355469,1.0275795459747314
92,target,25,-0.3051307201385498,-0.6448788046836853,1.0266860723495483
92,target,26,-0.30817097425460815,-0.6472992300987244,1.0276384353637695
92,target,27,-0.30939429998397827,-0.6446383595466614,1.0269675254821777
92,target,28,-0.3215351104736328,-0.6497873663902283,1.0369137525558472
92,target,29,-0.3021451234817505,-0.6435099244117737,1.0257872343063354
92,target,30,-0.3061998784542084,-0.6478179097175598,1.0248245000839233
92,target,31,-0.3120267987251282,-0.6398892998695374,1.0228058099746704
92,target,32,-0.31004464626312256,-0.6426076889038086,1.0240356922149658
92,target,33,-0.30959028005599976,-0.6454293131828308,1.0264521837234497
92,target,34,-0.3072335124015808,-0.6415209174156189,1.0250552892684937
92,target,35,-0.31409525871276855,-0.648667573928833,1.0275026559829712
92,target,36,-0.30827248096466064,-0.640522301197052,1.0217941999435425
92,target,37,-0.3084506392478943,-0.645904541015625,1.0254191160202026
92,target,38,-0.3107175827026367,-0.640847384929657,1.0262572765350342
92,target,39,-0.3071144223213196,-0.645268976688385,1.0244570970535278
92,target,40,-0.304521381855011,-0.641252338886261,1.0266908407211304
92,target,41,-0.30216336250305176,-0.637383222579956,1.0247794389724731
92,target,42,-0.3053573966026306,-0.6429195404052734,1.0156694650650024
92,target,43,-0.30217236280441284,-0.6482641696929932,1.019582748413086
92,target,44,-0.3046717941761017,-0.6465116739273071,1.0196449756622314
92,target,45,-0.3065059781074524,-0.6461417078971863,1.0195229053497314
92,target,46,-0.29231971502304077,-0.6643539667129517,1.045849084854126
92,target,47,-0.28623509407043457,-0.6577490568161011,1.0234336853027344
92,target,48,-0.278624951839447,-0.6533913016319275,1.021170973777771
92,target,49,-0.2930472493171692,-0.6618472933769226,1.0471552610397339
92,target,50,-0.30584481358528137,-0.6459226012229919,1.04670250415802
92,target,51,-0.301744282245636,-0.6493011713027954,1.0279415845870972
92,target,52,-0.29988762736320496,-0.6478024125099182,1.0269899368286133
92,target,53,-0.3012270927429199,-0.6471969485282898,1.0249592065811157
92,target,54,-0.3034856915473938,-0.6424578428268433,1.0273345708847046
92,target,55,-0.29007846117019653,-0.646318256855011,1.0231266021728516
92,target,56,-0.28716734051704407,-0.6499000191688538,1.02094566822052
92,target,57,-0.29151585698127747,-0.6505459547042847,1.021466851234436
92,target,58,-0.29497408866882324,-0.6457618474960327,1.0204046964645386
92,target,59,-0.29167792201042175,-0.65091872215271,1.0237314701080322
92,target,60,-0.29809555411338806,-0.6509065628051758,1.0262752771377563
92,target,61,-0.29854434728622437,-0.6505380868911743,1.0293635129928589
92,target,62,-0.3026278018951416,-0.6532670855522156,1.026789665222168
92,target,63,-0.29288244247436523,-0.6527647972106934,1.019186019897461
93,source,0,-0.315765380859375,-0.64762282371521,1.033360242843628
93,source,1,-0.3099164366722107,-0.6475839614868164,1.0321139097213745
93,source,2,-0.30894070863723755,-0.647820770740509,1.0280742645263672
93,source,3,-0.30835509300231934,-0.649522602558136,1.0260837078094482
93,source,4,-0.31081444025039673,-0.6494905948638916,1.029090166091919
93,source,5,-0.31190407276153564,-0.6508731842041016,1.0281100273132324
93,source,6,-0.31162774562835693,-0.6469526290893555,1.0290043354034424
93,source,7,-0.31045258045196533,-0.6492599844932556,1.0277713537216187
93,source,8,-0.3107709288597107,-0.650513768196106,1.0278830528259277
93,source,9,-0.31117743253707886,-0.6494055986404419,1.0289231538772583
93,source,10,-0.31051474809646606,-0.6444059014320374,1.0298635959625244
93,source,11,-0.3125212788581848,-0.6493828296661377,1.0296927690505981
93,source,12,-0.3129653334617615,-0.6453812718391418,1.031792163848877
93,source,13,-0.3121962547302246,-0.6466630101203918,1.0273334980010986
93,source,14,-0.3077090382575989,-0.6481665372848511,1.0303761959075928
93,source,15,-0.30678683519363403,-0.6456753015518188,1.032183051109314
93,source,16,-0.306111603975296,-0.6467028856277466,1.0296659469604492
93,source,17,-0.30667293071746826,-0.6455387473106384,1.0279542207717896
93,source,18,-0.3079912066459656,-0.6477596759796143,1.0296998023986816
93,source,19,-0.3115311861038208,-0.6460624933242798,1.0323090553283691
93,source,20,-0.3075352907180786,-0.6498975157737732,1.0254789590835571
93,source,21,-0.30660396814346313,-0.6471855044364929,1.0281293392181396
93,source,22,-0.30536550283432007,-0.6523079872131348,1.0274932384490967
93,source,23,-0.3070463538169861,-0.6473034024238586,1.0285927057266235
93,source,24,-0.308475136756897,-0.649861216545105,1.0288561582565308
93,source,25,-0.30869656801223755,-0.6495301127433777,1.0340231657028198
93,source,26,-0.3124762773513794,-0.6456344127655029,1.0311497449874878
93,source,27,-0.305866539478302,-0.6399950981140137,1.0316884517669678
93,source,28,-0.3050779700279236,-0.6413806080818176,1.0279717445373535
93,source,29,-0.31284546852111816,-0.6467662453651428,1.0300008058547974
93,source,30,-0.31430965662002563,-0.6487895846366882,1.0277193784713745
93,source,31,-0.31276005506515503,-0.6469424366950989,1.0292006731033325
93,source,32,-0.3129618167877197,-0.6513938903808594,1.0287736654281616
93,source,33,-0.3122718930244446,-0.650761067867279,1.028591513633728
93,source,34,-0.314349889755249,-0.651320219039917,1.0319427251815796
93,source,35,-0.3090592622756958,-0.644815981388092,1.0284130573272705
93,source,36,-0.3090340495109558,-0.6423107981681824,1.0276403427124023
93,source,37,-0.3107573986053467,-0.6461848616600037,1.0329078435897827
93,source,38,-0.308269202709198,-0.6453671455383301,1.0309054851531982
93,source,39,-0.30728286504745483,-0.6499184966087341,1.0298489332199097
93,source,40,-0.30712276697158813,-0.6438109874725342,1.03212571144104
93,source,41,-0.3092089891433716,-0.6460294723510742,1.0276551246643066
93,source,42,-0.3076772093772888,-0.6467671990394592,1.0257066488265991
93,source,43,-0.31091469526290894,-0.6439816951751709,1.0305033922195435
93,source,44,-0.30886155366897583,-0.6472125053405762,1.0290731191635132
93,source,45,-0.3092760443687439,-0.6476868391036987,1.0301733016967773
93,source,46,-0.3096238970756531,-0.6489171981811523,1.0291266441345215
93,source,47,-0.31140828132629395,-0.646283745765686,1.0309706926345825
93,source,48,-0.3092203736305237,-0.6516186594963074,1.026050329208374
93,source,49,-0.31218111515045166,-0.6478111147880554,1.0315264463424683
93,source,50,-0.3123518228530884,-0.6484085321426392,1.031761646270752
93,source,51,-0.30965572595596313,-0.6454744338989258,1.0266766548156738
93,source,52,-0.3109641671180725,-0.6445926427841187,1.0253535509109497
93,source,53,-0.31190717220306396,-0.6493364572525024,1.0260061025619507
93,source,54,-0.3129799962043762,-0.641338050365448,1.0256435871124268
93,source,55,-0.312633752822876,-0.6468797326087952,1.0266526937484741
93,source,56,-0.31181561946868896,-0.6456791758537292,1.0232555866241455
93,source,57,-0.3106781840324402,-0.6470244526863098,1.0236096382141113
93,source,58,-0.31170618534088135,-0.6456719040870667,1.0266412496566772
93,source,59,-0.3124057650566101,-0.6439281105995178,1.0259140729904175
93,source,60,-0.3119034767150879,-0.6448500752449036,1.0267446041107178
93,source,61,-0.3133721947669983,-0.648894190788269,1.0265854597091675
93,source,62,-0.31232893466949463,-0.643375039100647,1.0259923934936523
93,source,63,-0.3134042024612427,-0.6448268294334412,1.0264649391174316
93,target,0,-0.2961289584636688,-0.6512394547462463,1.0280002355575562
93,target,1,-0.3127889037132263,-0.6495649218559265,1.0341417789459229
93,target,2,-0.3120492100715637,-0.6489546895027161,1.0312165021896362
93,target,3,-0.3047945499420166,-0.6529585123062134,1.026901125907898
93,target,4,-0.30865925550460815,-0.6390640735626221,1.0279836654663086
93,target,5,-0.31146252155303955,-0.6216027140617371,1.0286380052566528
93,target,6,-0.31841832399368286,-0.6257196664810181,1.0290699005126953
93,target,7,-0.3048079013824463,-0.62485671043396,1.0255590677261353
93,target,8,-0.3094630837440491,-0.6320075392723083,1.025281548500061
93,target,9,-0.3011694550514221,-0.6339923739433289,1.0258369445800781
93,target,10,-0.3037015199661255,-0.6306008100509644,1.0277822017669678
93,target,11,-0.30461883544921875,-0.6312797665596008,1.0266276597976685
93,target,12,-0.30809515714645386,-0.6380493640899658,1.0254586935043335
93,target,13,-0.30281245708465576,-0.6407446265220642,1.0336625576019287
93,target,14,-0.3030394911766052,-0.6393212676048279,1.0259430408477783
93,target,15,-0.3047944903373718,-0.6437327861785889,1.0242118835449219
93,target,16,-0.30929768085479736,-0.641983687877655,1.0262712240219116
93,target,17,-0.30934977531433105,-0.6386114954948425,1.0256046056747437
93,target,18,-0.31510722637176514,-0.6376949548721313,1.028540849685669
93,target,19,-0.3107460141181946,-0.6412915587425232,1.0252667665481567
93,target,20,-0.3142920136451721,-0.6356220841407776,1.0287295579910278
93,target,21,-0.3122307062149048,-0.6318985223770142,1.031885027885437
93,target,22,-0.3075984716415405,-0.6373213529586792,1.0269397497177124
93,target,23,-0.3018816113471985,-0.6388800144195557,1.0228599309921265
93,target,24,-0.30893945693969727,-0.6361883878707886,1.0293993949890137
93,target,25,-0.3074341416358948,-0.6465281248092651,1.0292190313339233
93,target,26,-0.3096519112586975,-0.6480532884597778,1.0292361974716187
93,target,27,-0.31002676486968994,-0.645389199256897,1.027381420135498
93,target,28,-0.3229406476020813,-0.65114426612854,1.0378174781799316
93,target,29,-0.3039572536945343,-0.6435701251029968,1.0287094116210938
93,target,30,-0.30663591623306274,-0.6490442752838135,1.0278213024139404
93,target,31,-0.3126680254936218,-0.6383649110794067,1.0246796607971191
93,target,32,-0.3119733929634094,-0.6438373327255249,1.0278921127319336
93,target,33,-0.3087615370750427,-0.6458722949028015,1.0274178981781006
93,target,34,-0.30562824010849,-0.641620397567749,1.0270895957946777
93,target,35,-0.31374871730804443,-0.6500285267829895,1.0296469926834106
93,target,36,-0.30804187059402466,-0.640416145324707,1.0234830379486084
93,target,37,-0.3083205223083496,-0.6468742489814758,1.0271953344345093
93,target,38,-0.3093827962875366,-0.6399255394935608,1.0276023149490356
93,target,39,-0.30575644969940186,-0.6459750533103943,1.0258262157440186
93,target,40,-0.3064189553260803,-0.6418733596801758,1.0293091535568237
93,target,41,-0.3039020299911499,-0.6385849714279175,1.0269848108291626
93,target,42,-0.3065451979637146,-0.6425371170043945,1.020632266998291
93,target,43,-0.3044162392616272,-0.6497539281845093,1.0246347188949585
93,target,44,-0.3071098327636719,-0.6475862860679626,1.02503502368927
93,target,45,-0.30836451053619385,-0.646812379360199,1.023974895477295
93,target,46,-0.294310986995697,-0.666675865650177,1.049330234527588
93,target,47,-0.2894819974899292,-0.6582433581352234,1.028096079826355
93,target,48,-0.2808149456977844,-0.654639720916748,1.024729609489441
93,target,49,-0.295096755027771,-0.6642046570777893,1.0513174533843994
93,target,50,-0.30586859583854675,-0.6465060114860535,1.0478092432022095
93,target,51,-0.3040592074394226,-0.6492220163345337,1.0301644802093506
93,target,52,-0.3008735179901123,-0.6485691070556641,1.029411792755127
93,target,53,-0.3031589388847351,-0.6488239169120789,1.0267235040664673
93,target,54,-0.3044012486934662,-0.6433007121086121,1.028982400894165
93,target,55,-0.292728066444397,-0.6467369794845581,1.0255141258239746
93,target,56,-0.2901563048362732,-0.6513488292694092,1.0248050689697266
93,target,57,-0.2932482957839966,-0.6514723896980286,1.0243268013000488
93,target,58,-0.29745975136756897,-0.646952211856842,1.0243836641311646
93,target,59,-0.2942824959754944,-0.6524726152420044,1.0273960828781128
93,target,60,-0.29992491006851196,-0.6514101624488831,1.0287859439849854
93,target,61,-0.30016982555389404,-0.6515519618988037,1.0324561595916748
93,target,62,-0.3037101626396179,-0.6531952023506165,1.0299179553985596
93,target,63,-0.2954784035682678,-0.6547003984451294,1.0229284763336182
94,source,0,-0.3132978677749634,-0.6482161283493042,1.0318748950958252
94,source,1,-0.3079613447189331,-0.64879310131073,1.0303726196289062
94,source,2,-0.3059750199317932,-0.6488328576087952,1.0256985425949097
94,source,3,-0.30572694540023804,-0.650898814201355,1.022895336151123
94,source,4,-0.3090050220489502,-0.6516966819763184,1.0283856391906738
94,source,5,-0.309795081615448,-0.6526886224746704,1.026868224143982
94,source,6,-0.310035765171051,-0.6486740112304688,1.0277259349822998
94,source,7,-0.30885326862335205,-0.6517258882522583,1.0270177125930786
94,source,8,-0.30941057205200195,-0.6517874598503113,1.0267815589904785
94,source,9,-0.3088817596435547,-0.6508164405822754,1.0275349617004395
94,source,10,-0.307675302028656,-0.6471903920173645,1.0274935960769653
94,source,11,-0.3095954656600952,-0.6498129367828369,1.0272893905639648
94,source,12,-0.31034111976623535,-0.6464242935180664,1.0295076370239258
94,source,13,-0.3093153238296509,-0.6466101408004761,1.0252593755722046
94,source,14,-0.30559617280960083,-0.6486913561820984,1.0285141468048096
94,source,15,-0.3048083782196045,-0.6465306282043457,1.0308865308761597
94,source,16,-0.3039432168006897,-0.6485260725021362,1.0277581214904785
94,source,17,-0.3046609163284302,-0.6465125679969788,1.0269323587417603
94,source,18,-0.30576393008232117,-0.6480610966682434,1.0277093648910522
94,source,19,-0.309234619140625,-0.6470094323158264,1.0301952362060547
94,source,20,-0.3037351965904236,-0.6503128409385681,1.023138165473938
94,source,21,-0.3035820722579956,-0.6482013463973999,1.0268964767456055
94,source,22,-0.3023853302001953,-0.6520141959190369,1.026108741760254
94,source,23,-0.30503612756729126,-0.6471087336540222,1.0274295806884766
94,source,24,-0.30674582719802856,-0.6509661674499512,1.0277831554412842
94,source,25,-0.3072461485862732,-0.6505606174468994,1.0318018198013306
94,source,26,-0.3093649744987488,-0.6467481851577759,1.029617190361023
94,source,27,-0.30420076847076416,-0.6408785581588745,1.0309290885925293
94,source,28,-0.3030725121498108,-0.6428154706954956,1.0268189907073975
94,source,29,-0.31069493293762207,-0.6481155157089233,1.0287227630615234
94,source,30,-0.31173384189605713,-0.6501045823097229,1.0262236595153809
94,source,31,-0.31003379821777344,-0.6485061645507812,1.0271865129470825
94,source,32,-0.31115400791168213,-0.6534509062767029,1.0274282693862915
94,source,33,-0.3103269934654236,-0.6514676809310913,1.026495099067688
94,source,34,-0.3114805817604065,-0.6522332429885864,1.0303581953048706
94,source,35,-0.3065532445907593,-0.6470593810081482,1.0273551940917969
94,source,36,-0.3067280650138855,-0.642302930355072,1.026352882385254
94,source,37,-0.3078927993774414,-0.6469030976295471,1.0312023162841797
94,source,38,-0.3066028356552124,-0.6465439200401306,1.0294452905654907
94,source,39,-0.30519014596939087,-0.6507697105407715,1.0281038284301758
94,source,40,-0.30659323930740356,-0.6471908092498779,1.0320963859558105
94,source,41,-0.30745792388916016,-0.6486679911613464,1.0263924598693848
94,source,42,-0.30652064085006714,-0.6486640572547913,1.0247459411621094
94,source,43,-0.3098318576812744,-0.6463753581047058,1.0291435718536377
94,source,44,-0.30580487847328186,-0.6466687321662903,1.0268105268478394
94,source,45,-0.30633431673049927,-0.6486751437187195,1.027674674987793
94,source,46,-0.3072161078453064,-0.6491638422012329,1.0271861553192139
94,source,47,-0.3094027638435364,-0.6475237011909485,1.0291013717651367
94,source,48,-0.3061116933822632,-0.6526827216148376,1.0232737064361572
94,source,49,-0.31027382612228394,-0.6502297520637512,1.0297472476959229
94,source,50,-0.31111109256744385,-0.6498285531997681,1.0316293239593506
94,source,51,-0.30898410081863403,-0.6464453935623169,1.0262309312820435
94,source,52,-0.30981534719467163,-0.6453425288200378,1.0247730016708374
94,source,53,-0.31015652418136597,-0.6499889492988586,1.0250053405761719
94,source,54,-0.31173741817474365,-0.643998920917511,1.0263150930404663
94,source,55,-0.3110305070877075,-0.6481324434280396,1.0253640413284302
94,source,56,-0.3103829622268677,-0.6472741961479187,1.022515058517456
94,source,57,-0.3091087341308594,-0.6481515169143677,1.022239327430725
94,source,58,-0.30997586250305176,-0.6475247740745544,1.0254961252212524
94,source,59,-0.3107612729072571,-0.6443909406661987,1.024655818939209
94,source,60,-0.3099170923233032,-0.6446531414985657,1.0258376598358154
94,source,61,-0.3113366961479187,-0.6492669582366943,1.0252598524093628
94,source,62,-0.3111690282821655,-0.6445550918579102,1.025469183921814
94,source,63,-0.31181591749191284,-0.645484983921051,1.0256834030151367
94,target,0,-0.29594993591308594,-0.6516307592391968,1.0276787281036377
94,target,1,-0.31194907426834106,-0.6505651473999023,1.0331346988677979
94,target,2,-0.3108596205711365,-0.6485961079597473,1.0300805568695068
94,target,3,-0.3032974600791931,-0.6553523540496826,1.0259027481079102
94,target,4,-0.30685073137283325,-0.6420516967773438,1.0261378288269043
94,target,5,-0.31066298484802246,-0.6252188086509705,1.028611183166504
94,target,6,-0.316935658454895,-0.6271583437919617,1.0271854400634766
94,target,7,-0.3047027587890625,-0.6273678541183472,1.0237499475479126
94,target,8,-0.3084980249404907,-0.6338552832603455,1.0232353210449219
94,target,9,-0.2997353672981262,-0.6365182995796204,1.024910569190979
94,target,10,-0.30135971307754517,-0.6328288912773132,1.0264285802841187
94,target,11,-0.3037921190261841,-0.6342957615852356,1.0256969928741455
94,target,12,-0.3054877817630768,-0.6384716629981995,1.0234659910202026
94,target,13,-0.3026212453842163,-0.6435283422470093,1.0330933332443237
94,target,14,-0.30285048484802246,-0.6435338854789734,1.0260491371154785
94,target,15,-0.3044538199901581,-0.6470999121665955,1.024377465248108
94,target,16,-0.308327317237854,-0.645811140537262,1.0269908905029297
94,target,17,-0.30765819549560547,-0.6394758224487305,1.0241138935089111
94,target,18,-0.31326454877853394,-0.6395061612129211,1.0273075103759766
94,target,19,-0.3102536201477051,-0.6426545977592468,1.0256801843643188
94,target,20,-0.31368112564086914,-0.6376476287841797,1.0282033681869507
94,target,21,-0.3100631833076477,-0.6328392624855042,1.030079960823059
94,target,22,-0.30677860975265503,-0.6397398710250854,1.0268315076828003
94,target,23,-0.30137747526168823,-0.6402836441993713,1.0223668813705444
94,target,24,-0.3077470064163208,-0.6367514729499817,1.028330683708191
94,target,25,-0.30617332458496094,-0.6475301384925842,1.0289069414138794
94,target,26,-0.3081933259963989,-0.6504590511322021,1.0289331674575806
94,target,27,-0.3113594055175781,-0.6491200923919678,1.0282862186431885
94,target,28,-0.3216928243637085,-0.6512521505355835,1.0364413261413574
94,target,29,-0.3039013743400574,-0.6465103030204773,1.0292227268218994
94,target,30,-0.30693256855010986,-0.6503212451934814,1.0273443460464478
94,target,31,-0.3122062683105469,-0.642388105392456,1.0250537395477295
94,target,32,-0.310854971408844,-0.6454563140869141,1.0280903577804565
94,target,33,-0.3074300289154053,-0.6456249952316284,1.0263872146606445
94,target,34,-0.3043931722640991,-0.643377423286438,1.0249152183532715
94,target,35,-0.3128545880317688,-0.6503592729568481,1.0283172130584717
94,target,36,-0.3070046901702881,-0.6414844989776611,1.0220208168029785
94,target,37,-0.3060794174671173,-0.6470363736152649,1.0249755382537842
94,target,38,-0.3077393174171448,-0.6412235498428345,1.025571584701538
94,target,39,-0.30463746190071106,-0.6454824209213257,1.0240716934204102
94,target,40,-0.30400997400283813,-0.6418619751930237,1.0283889770507812
94,target,41,-0.30218714475631714,-0.6391614675521851,1.0249148607254028
94,target,42,-0.3030879497528076,-0.641127347946167,1.017261028289795
94,target,43,-0.3010692894458771,-0.6493179798126221,1.022817611694336
94,target,44,-0.30249109864234924,-0.6467788219451904,1.022123098373413
94,target,45,-0.30356311798095703,-0.6464186906814575,1.0211222171783447
94,target,46,-0.2926279902458191,-0.6654954552650452,1.0455262660980225
94,target,47,-0.289032518863678,-0.6592063903808594,1.0265568494796753
94,target,48,-0.28236156702041626,-0.6564198136329651,1.0244207382202148
94,target,49,-0.293344110250473,-0.6645392179489136,1.0477380752563477
94,target,50,-0.3057829737663269,-0.6454526782035828,1.0454254150390625
94,target,51,-0.3033949136734009,-0.6521645784378052,1.0301790237426758
94,target,52,-0.3000839650630951,-0.6505063772201538,1.028026819229126
94,target,53,-0.30294930934906006,-0.6513339281082153,1.0270737409591675
94,target,54,-0.3053804636001587,-0.6471061110496521,1.0299408435821533
94,target,55,-0.2932814359664917,-0.650521993637085,1.0262987613677979
94,target,56,-0.2902293801307678,-0.6543950438499451,1.0251848697662354
94,target,57,-0.29333651065826416,-0.6551051139831543,1.0243010520935059
94,target,58,-0.2969134449958801,-0.6503284573554993,1.02447509765625
94,target,59,-0.29377222061157227,-0.6549044251441956,1.027032732963562
94,target,60,-0.29935377836227417,-0.6536262631416321,1.0280932188034058
94,target,61,-0.29903528094291687,-0.6528280377388,1.0310395956039429
94,target,62,-0.3024839162826538,-0.6535236835479736,1.028324007987976
94,target,63,-0.2955625057220459,-0.6565261483192444,1.0222604274749756
95,source,0,-0.3107292652130127,-0.6384337544441223,1.024863362312317
95,source,1,-0.304747998714447,-0.6377922296524048,1.0241292715072632
95,source,2,-0.30340975522994995,-0.6376287341117859,1.0205916166305542
95,source,3,-0.30249714851379395,-0.6391741037368774,1.0181635618209839
95,source,4,-0.30515462160110474,-0.6386774182319641,1.0206801891326904
95,source,5,-0.3071492314338684,-0.6404083967208862,1.0204054117202759
95,source,6,-0.30741578340530396,-0.6379390358924866,1.0214383602142334
95,source,7,-0.3064056634902954,-0.6396580338478088,1.0200296640396118
95,source,8,-0.30639487504959106,-0.640312135219574,1.020167589187622
95,source,9,-0.30600857734680176,-0.6392026543617249,1.0212230682373047
95,source,10,-0.30510106682777405,-0.6351558566093445,1.0224426984786987
95,source,11,-0.3071814775466919,-0.6394988894462585,1.021944284439087
95,source,12,-0.30756258964538574,-0.6355095505714417,1.0245137214660645
95,source,13,-0.3065164089202881,-0.6367623209953308,1.0201754570007324
95,source,14,-0.30207788944244385,-0.6371829509735107,1.0225257873535156
95,source,15,-0.3018878102302551,-0.6357003450393677,1.024074912071228
95,source,16,-0.3012583255767822,-0.6370320320129395,1.0223865509033203
95,source,17,-0.3017144203186035,-0.6363815665245056,1.0214295387268066
95,source,18,-0.30244535207748413,-0.6378578543663025,1.022302508354187
95,source,19,-0.30555838346481323,-0.6363375782966614,1.024437427520752
95,source,20,-0.30134719610214233,-0.6390138268470764,1.0181015729904175
95,source,21,-0.3004283010959625,-0.6365997195243835,1.0205992460250854
95,source,22,-0.2997453212738037,-0.6419487595558167,1.0204263925552368
95,source,23,-0.3020910918712616,-0.636444628238678,1.021317958831787
95,source,24,-0.3041474223136902,-0.6397308707237244,1.0214613676071167
95,source,25,-0.30413758754730225,-0.6397006511688232,1.0257210731506348
95,source,26,-0.3066309690475464,-0.6357921957969666,1.0238386392593384
95,source,27,-0.30088886618614197,-0.6297870874404907,1.0247117280960083
95,source,28,-0.30031901597976685,-0.6313368082046509,1.0201524496078491
95,source,29,-0.30728936195373535,-0.6366688013076782,1.0231053829193115
95,source,30,-0.3093034625053406,-0.6383280754089355,1.0200639963150024
95,source,31,-0.3073773980140686,-0.6360631585121155,1.02133309841156
95,source,32,-0.3080602288246155,-0.6422886252403259,1.020969271659851
95,source,33,-0.30696558952331543,-0.6403384208679199,1.020440936088562
95,source,34,-0.30918949842453003,-0.6398195624351501,1.0232816934585571
95,source,35,-0.303794801235199,-0.6352728009223938,1.02012300491333
95,source,36,-0.3033295273780823,-0.6323534250259399,1.0200097560882568
95,source,37,-0.30513453483581543,-0.6356619000434875,1.024867057800293
95,source,38,-0.3035919666290283,-0.6358135938644409,1.023154377937317
95,source,39,-0.3022884726524353,-0.6392143368721008,1.0218576192855835
95,source,40,-0.3036046624183655,-0.6340903043746948,1.0242687463760376
95,source,41,-0.30477726459503174,-0.6366868615150452,1.0191289186477661
95,source,42,-0.3034757971763611,-0.6367894411087036,1.0179041624069214
95,source,43,-0.3066976070404053,-0.6341151595115662,1.0223643779754639
95,source,44,-0.3031838536262512,-0.6357174515724182,1.021746277809143
95,source,45,-0.30386030673980713,-0.6376058459281921,1.0231781005859375
95,source,46,-0.304179310798645,-0.6381952166557312,1.0217808485031128
95,source,47,-0.30630993843078613,-0.6362558603286743,1.0230518579483032
95,source,48,-0.30374613404273987,-0.6407748460769653,1.018503189086914
95,source,49,-0.30700021982192993,-0.6382434964179993,1.0238996744155884
95,source,50,-0.30738580226898193,-0.6383450627326965,1.0232826471328735
95,source,51,-0.30477654933929443,-0.6357205510139465,1.0182632207870483
95,source,52,-0.30522945523262024,-0.6340281367301941,1.0163997411727905
95,source,53,-0.30528223514556885,-0.6384499073028564,1.016534447669983
95,source,54,-0.30768054723739624,-0.6324440836906433,1.0180013179779053
95,source,55,-0.306987464427948,-0.6367849707603455,1.0176790952682495
95,source,56,-0.306604266166687,-0.6358908414840698,1.0149418115615845
95,source,57,-0.30527955293655396,-0.6377817988395691,1.0148330926895142
95,source,58,-0.306756854057312,-0.6359214782714844,1.018046259880066
95,source,59,-0.3068787455558777,-0.6329589486122131,1.0172507762908936
95,source,60,-0.30582261085510254,-0.6332306265830994,1.0185096263885498
95,source,61,-0.30692726373672485,-0.6377851963043213,1.0172425508499146
95,source,62,-0.30702149868011475,-0.6338969469070435,1.0174074172973633
95,source,63,-0.30703914165496826,-0.6346769332885742,1.0181398391723633
95,target,0,-0.28985220193862915,-0.6407554745674133,1.0183871984481812
95,target,1,-0.30762559175491333,-0.6395202875137329,1.0248510837554932
95,target,2,-0.3058090806007385,-0.639562726020813,1.0212523937225342
95,target,3,-0.2986690104007721,-0.6435282826423645,1.017703890800476
95,target,4,-0.30264246463775635,-0.6308056116104126,1.018729567527771
95,target,5,-0.3061116337776184,-0.6151801347732544,1.0199894905090332
95,target,6,-0.3129478096961975,-0.6180766224861145,1.0187036991119385
95,target,7,-0.301466703414917,-0.6172496676445007,1.0158442258834839
95,target,8,-0.3051169216632843,-0.6232022643089294,1.015315055847168
95,target,9,-0.2949730455875397,-0.6243783831596375,1.01622474193573
95,target,10,-0.29661285877227783,-0.6213772296905518,1.01808500289917
95,target,11,-0.29902493953704834,-0.6217988729476929,1.0168746709823608
95,target,12,-0.30118894577026367,-0.6262719631195068,1.0148009061813354
95,target,13,-0.2970156967639923,-0.6324472427368164,1.0247620344161987
95,target,14,-0.29752662777900696,-0.632088303565979,1.017751693725586
95,target,15,-0.29928988218307495,-0.635676383972168,1.0157456398010254
95,target,16,-0.3033846616744995,-0.6349372863769531,1.0185796022415161
95,target,17,-0.3026324510574341,-0.6284061074256897,1.0154964923858643
95,target,18,-0.30885493755340576,-0.6297692656517029,1.0186246633529663
95,target,19,-0.30662280321121216,-0.6324313879013062,1.0176340341567993
95,target,20,-0.3090357184410095,-0.6277064681053162,1.0198336839675903
95,target,21,-0.306396484375,-0.6231192946434021,1.0213791131973267
95,target,22,-0.3026752769947052,-0.6282142400741577,1.017953634262085
95,target,23,-0.297473281621933,-0.6281337738037109,1.0140559673309326
95,target,24,-0.3036986291408539,-0.6270206570625305,1.0195810794830322
95,target,25,-0.3027254343032837,-0.6368594765663147,1.0211873054504395
95,target,26,-0.3032902479171753,-0.6374207139015198,1.0204204320907593
95,target,27,-0.30496418476104736,-0.6371378898620605,1.0204801559448242
95,target,28,-0.31748682260513306,-0.6424931287765503,1.0284528732299805
95,target,29,-0.2987716495990753,-0.6350361108779907,1.0201098918914795
95,target,30,-0.30222874879837036,-0.6393881440162659,1.0201412439346313
95,target,31,-0.3075147271156311,-0.6319447755813599,1.0173777341842651
95,target,32,-0.3062317371368408,-0.63377845287323,1.0193052291870117
95,target,33,-0.30221787095069885,-0.6342209577560425,1.017417550086975
95,target,34,-0.30012840032577515,-0.6323497891426086,1.0170378684997559
95,target,35,-0.30697429180145264,-0.6398048400878906,1.0194759368896484
95,target,36,-0.30202603340148926,-0.6303540468215942,1.0125517845153809
95,target,37,-0.30158674716949463,-0.6361566781997681,1.0168536901474
95,target,38,-0.30403584241867065,-0.6302796602249146,1.0177360773086548
95,target,39,-0.2993737459182739,-0.6346609592437744,1.0151686668395996
95,target,40,-0.2989955544471741,-0.6307400465011597,1.0192391872406006
95,target,41,-0.2969092130661011,-0.6277528405189514,1.0165307521820068
95,target,42,-0.3010232746601105,-0.6304771900177002,1.012537956237793
95,target,43,-0.2989664077758789,-0.6378958821296692,1.0168981552124023
95,target,44,-0.30093610286712646,-0.6359201669692993,1.0169118642807007
95,target,45,-0.301774263381958,-0.6348248720169067,1.0152274370193481
95,target,46,-0.2891889214515686,-0.6555914878845215,1.0386128425598145
95,target,47,-0.2832258641719818,-0.6483304500579834,1.0188730955123901
95,target,48,-0.2754337787628174,-0.6452354788780212,1.0155153274536133
95,target,49,-0.2900996208190918,-0.6543837189674377,1.0415533781051636
95,target,50,-0.30250823497772217,-0.635232150554657,1.0389271974563599
95,target,51,-0.2987307012081146,-0.6397544145584106,1.021508812904358
95,target,52,-0.294986367225647,-0.6388399004936218,1.0199846029281616
95,target,53,-0.2982752323150635,-0.6404073238372803,1.0185437202453613
95,target,54,-0.2993324398994446,-0.6358745694160461,1.0212215185165405
95,target,55,-0.2877199351787567,-0.6388730406761169,1.0176585912704468
95,target,56,-0.2845563590526581,-0.6424274444580078,1.0161577463150024
95,target,57,-0.28846898674964905,-0.6436217427253723,1.01580011844635
95,target,58,-0.29202723503112793,-0.6382394433021545,1.0154516696929932
95,target,59,-0.2885643243789673,-0.6435164213180542,1.0181879997253418
95,target,60,-0.2934763729572296,-0.6424176096916199,1.0195802450180054
95,target,61,-0.2935032248497009,-0.6412268280982971,1.023133397102356
95,target,62,-0.29700368642807007,-0.6434726715087891,1.0200389623641968
95,target,63,-0.28952163457870483,-0.6453757286071777,1.0136922597885132
96,source,0,-0.3078802227973938,-0.6357841491699219,1.02151620388031
96,source,1,-0.30196309089660645,-0.6360156536102295,1.0212044715881348
96,source,2,-0.30133116245269775,-0.635247528553009,1.0176200866699219
96,source,3,-0.3006070852279663,-0.6365628838539124,1.0143117904663086
96,source,4,-0.302989661693573,-0.6366089582443237,1.0178767442703247
96,source,5,-0.3042275309562683,-0.6375951170921326,1.0169490575790405
96,source,6,-0.3042740225791931,-0.6347068548202515,1.0176588296890259
96,source,7,-0.3027215003967285,-0.6370760202407837,1.0162802934646606
96,source,8,-0.30400514602661133,-0.6369116902351379,1.0162625312805176
96,source,9,-0.30346429347991943,-0.6366639733314514,1.017917513847351
96,source,10,-0.3028641641139984,-0.6319354772567749,1.0182061195373535
96,source,11,-0.30487358570098877,-0.6360801458358765,1.018075942993164
96,source,12,-0.30548155307769775,-0.6324557065963745,1.0210752487182617
96,source,13,-0.30481886863708496,-0.6340992450714111,1.0170730352401733
96,source,14,-0.30029571056365967,-0.6349731087684631,1.0196856260299683
96,source,15,-0.29999858140945435,-0.633437991142273,1.0216580629348755
96,source,16,-0.2990072965621948,-0.6349530816078186,1.0188789367675781
96,source,17,-0.30006998777389526,-0.6337948441505432,1.0185048580169678
96,source,18,-0.30033689737319946,-0.6354799866676331,1.0188864469528198
96,source,19,-0.3036602735519409,-0.6337299942970276,1.0213786363601685
96,source,20,-0.2993637025356293,-0.6353698968887329,1.0145301818847656
96,source,21,-0.29833194613456726,-0.6350445747375488,1.01809561252594
96,source,22,-0.2979624569416046,-0.6386674046516418,1.0173234939575195
96,source,23,-0.3001140356063843,-0.6337389945983887,1.0182565450668335
96,source,24,-0.302288293838501,-0.6372141242027283,1.019097089767456
96,source,25,-0.30175673961639404,-0.6372743248939514,1.0229358673095703
96,source,26,-0.3041374087333679,-0.6334992051124573,1.0207785367965698
96,source,27,-0.29938358068466187,-0.6280514001846313,1.0218446254730225
96,source,28,-0.2978767156600952,-0.6299740672111511,1.016550898551941
96,source,29,-0.30590009689331055,-0.6337223052978516,1.019797921180725
96,source,30,-0.30730772018432617,-0.6355225443840027,1.0165570974349976
96,source,31,-0.30499395728111267,-0.6342068314552307,1.0171364545822144
96,source,32,-0.3055630922317505,-0.6392241716384888,1.0173883438110352
96,source,33,-0.30465757846832275,-0.6373962163925171,1.0165761709213257
96,source,34,-0.30723023414611816,-0.6381157040596008,1.0201102495193481
96,source,35,-0.3012365400791168,-0.6327700018882751,1.0171962976455688
96,source,36,-0.30116260051727295,-0.6306275129318237,1.0173553228378296
96,source,37,-0.3031018078327179,-0.6333960890769958,1.0224230289459229
96,source,38,-0.30113092064857483,-0.6341281533241272,1.0201398134231567
96,source,39,-0.300004780292511,-0.6366413831710815,1.0188236236572266
96,source,40,-0.3005240559577942,-0.6316949129104614,1.0205215215682983
96,source,41,-0.30176442861557007,-0.6340359449386597,1.0159999132156372
96,source,42,-0.30056822299957275,-0.6343821883201599,1.015075922012329
96,source,43,-0.30340278148651123,-0.6315419673919678,1.0193711519241333
96,source,44,-0.3011454939842224,-0.6326524615287781,1.0182397365570068
96,source,45,-0.3018459677696228,-0.6340674161911011,1.018887996673584
96,source,46,-0.30252206325531006,-0.6357911825180054,1.0189769268035889
96,source,47,-0.30401337146759033,-0.6342604160308838,1.019599199295044
96,source,48,-0.3019365668296814,-0.6380642652511597,1.0148227214813232
96,source,49,-0.30529969930648804,-0.6353673934936523,1.0210132598876953
96,source,50,-0.3051142692565918,-0.6365246772766113,1.0211102962493896
96,source,51,-0.3029613792896271,-0.6339063048362732,1.0165621042251587
96,source,52,-0.30319568514823914,-0.6320385932922363,1.0145505666732788
96,source,53,-0.3035684823989868,-0.6366538405418396,1.0149210691452026
96,source,54,-0.30599918961524963,-0.6317443251609802,1.0164463520050049
96,source,55,-0.3050219416618347,-0.6357309818267822,1.0153675079345703
96,source,56,-0.3039723038673401,-0.633836567401886,1.012412667274475
96,source,57,-0.3033362925052643,-0.6356458067893982,1.0123255252838135
96,source,58,-0.304591566324234,-0.6346448659896851,1.0155819654464722
96,source,59,-0.3048143684864044,-0.6315546631813049,1.014721393585205
96,source,60,-0.30429553985595703,-0.6316812634468079,1.0163465738296509
96,source,61,-0.3052304685115814,-0.6359671950340271,1.0149608850479126
96,source,62,-0.3049151301383972,-0.6318866610527039,1.015650749206543
96,source,63,-0.3054284453392029,-0.6327818036079407,1.0165537595748901
96,target,0,-0.28780823945999146,-0.6389332413673401,1.0165330171585083
96,target,1,-0.3034881353378296,-0.6387656927108765,1.022127389907837
96,target,2,-0.3030300736427307,-0.6376567482948303,1.0193963050842285
96,target,3,-0.2970518171787262,-0.6414481401443481,1.0162324905395508
96,target,4,-0.3003805875778198,-0.6282123327255249,1.015895962715149
96,target,5,-0.3030220866203308,-0.6123073101043701,1.0165866613388062
96,target,6,-0.3098958730697632,-0.6154124736785889,1.0157607793807983
96,target,7,-0.2974775731563568,-0.6127138733863831,1.012248158454895
96,target,8,-0.3012394905090332,-0.6195678114891052,1.012489914894104
96,target,9,-0.29287222027778625,-0.6220850944519043,1.0138622522354126
96,target,10,-0.29491445422172546,-0.6190186738967896,1.0154826641082764
96,target,11,-0.2967245578765869,-0.6191142201423645,1.0148123502731323
96,target,12,-0.299620658159256,-0.6234492659568787,1.0121432542800903
96,target,13,-0.2949683964252472,-0.6306034922599792,1.022057056427002
96,target,14,-0.2953941226005554,-0.6298827528953552,1.0152511596679688
96,target,15,-0.297171950340271,-0.6336026191711426,1.0136864185333252
96,target,16,-0.3007732629776001,-0.6324055194854736,1.0161528587341309
96,target,17,-0.30042195320129395,-0.6260063052177429,1.012708067893982
96,target,18,-0.3062593936920166,-0.62602698802948,1.0153287649154663
96,target,19,-0.3026275634765625,-0.6293582320213318,1.013392448425293
96,target,20,-0.3056190609931946,-0.6250302195549011,1.0165257453918457
96,target,21,-0.3031337261199951,-0.6203483939170837,1.0188987255096436
96,target,22,-0.30044490098953247,-0.6256181001663208,1.0148515701293945
96,target,23,-0.295146644115448,-0.625795841217041,1.0104988813400269
96,target,24,-0.30024901032447815,-0.62424635887146,1.016737461090088
96,target,25,-0.29996150732040405,-0.6355714797973633,1.0185554027557373
96,target,26,-0.3008180260658264,-0.6357776522636414,1.0177619457244873
96,target,27,-0.30214130878448486,-0.6359164118766785,1.018251895904541
96,target,28,-0.31504517793655396,-0.6406968235969543,1.0253037214279175
96,target,29,-0.2973787188529968,-0.6339409351348877,1.0187175273895264
96,target,30,-0.3003840148448944,-0.6371743083000183,1.0179449319839478
96,target,31,-0.30495670437812805,-0.6292627453804016,1.0141433477401733
96,target,32,-0.3035918176174164,-0.6319103240966797,1.016727089881897
96,target,33,-0.30046916007995605,-0.6317180395126343,1.0156270265579224
96,target,34,-0.2984797954559326,-0.6297088861465454,1.0152597427368164
96,target,35,-0.30543720722198486,-0.636791467666626,1.016836404800415
96,target,36,-0.2992732524871826,-0.6274716854095459,1.0109131336212158
96,target,37,-0.3001094162464142,-0.6335237622261047,1.0150879621505737
96,target,38,-0.3018271327018738,-0.6269895434379578,1.0151567459106445
96,target,39,-0.298196941614151,-0.6312796473503113,1.0142024755477905
96,target,40,-0.29631373286247253,-0.6288520693778992,1.015133261680603
96,target,41,-0.29444724321365356,-0.6255955100059509,1.012168049812317
96,target,42,-0.29822811484336853,-0.6282914280891418,1.007629156112671
96,target,43,-0.29704540967941284,-0.6355897784233093,1.0123718976974487
96,target,44,-0.2988016605377197,-0.6321884393692017,1.0121467113494873
96,target,45,-0.299976646900177,-0.6318680644035339,1.0113589763641357
96,target,46,-0.2880801260471344,-0.6542449593544006,1.0364426374435425
96,target,47,-0.28226399421691895,-0.6468664407730103,1.0172207355499268
96,target,48,-0.2738329768180847,-0.6430575847625732,1.0140293836593628
96,target,49,-0.2890555262565613,-0.653215765953064,1.0392868518829346
96,target,50,-0.2994701862335205,-0.6346202492713928,1.034956693649292
96,target,51,-0.2963603138923645,-0.6380023956298828,1.0191599130630493
96,target,52,-0.29344668984413147,-0.6369308829307556,1.017440915107727
96,target,53,-0.29580846428871155,-0.6385268568992615,1.0163129568099976
96,target,54,-0.29692596197128296,-0.6338649988174438,1.0187419652938843
96,target,55,-0.28566670417785645,-0.6370446085929871,1.015185832977295
96,target,56,-0.2834566831588745,-0.6415134072303772,1.0145354270935059
96,target,57,-0.28612926602363586,-0.6419896483421326,1.0133156776428223
96,target,58,-0.29002588987350464,-0.6365161538124084,1.013021469116211
96,target,59,-0.2870531678199768,-0.6425793766975403,1.016730785369873
96,target,60,-0.2921198010444641,-0.6405013203620911,1.0171794891357422
96,target,61,-0.29218190908432007,-0.6394844055175781,1.0203551054000854
96,target,62,-0.2955191731452942,-0.6412622928619385,1.01816987991333
96,target,63,-0.2881101369857788,-0.643501341342926,1.011679768562317
97,source,0,-0.31030791997909546,-0.6408213973045349,1.026227355003357
97,source,1,-0.3048274517059326,-0.6403526663780212,1.0261178016662598
97,source,2,-0.30381566286087036,-0.6398828625679016,1.023061990737915
97,source,3,-0.30405402183532715,-0.6408616900444031,1.0199038982391357
97,source,4,-0.30570346117019653,-0.6415054202079773,1.0236767530441284
97,source,5,-0.3065583109855652,-0.6421173214912415,1.0224831104278564
97,source,6,-0.3065744638442993,-0.6394556760787964,1.0226540565490723
97,source,7,-0.3054649233818054,-0.6415610909461975,1.021449089050293
97,source,8,-0.3064659833908081,-0.6420614719390869,1.0216840505599976
97,source,9,-0.30608224868774414,-0.6411277651786804,1.023154616355896
97,source,10,-0.3054609000682831,-0.6370387673377991,1.023596167564392
97,source,11,-0.3075442910194397,-0.640634298324585,1.0236297845840454
97,source,12,-0.3076799511909485,-0.6375850439071655,1.0259535312652588
97,source,13,-0.3069695234298706,-0.6389997005462646,1.0222537517547607
97,source,14,-0.30353325605392456,-0.6400235891342163,1.0246669054031372
97,source,15,-0.30268603563308716,-0.6382609009742737,1.026666522026062
97,source,16,-0.3020951747894287,-0.6395680904388428,1.0240662097930908
97,source,17,-0.3029519319534302,-0.6387091279029846,1.023742914199829
97,source,18,-0.30381178855895996,-0.6402382850646973,1.0247159004211426
97,source,19,-0.30657124519348145,-0.6384944915771484,1.0265339612960815
97,source,20,-0.3028864860534668,-0.6400308012962341,1.0206221342086792
97,source,21,-0.301342248916626,-0.6393692493438721,1.02332603931427
97,source,22,-0.3006550073623657,-0.6429888010025024,1.0226421356201172
97,source,23,-0.3030402958393097,-0.6386591792106628,1.0238912105560303
97,source,24,-0.3047087788581848,-0.6422125697135925,1.024409532546997
97,source,25,-0.30443698167800903,-0.6418203711509705,1.0283676385879517
97,source,26,-0.3069419264793396,-0.6387964487075806,1.026252031326294
97,source,27,-0.3019372522830963,-0.6329365372657776,1.0268669128417969
97,source,28,-0.3008706569671631,-0.6355467438697815,1.0224971771240234
97,source,29,-0.3086261749267578,-0.6384766697883606,1.0251433849334717
97,source,30,-0.30946576595306396,-0.6405960321426392,1.021956443786621
97,source,31,-0.3076186776161194,-0.6392370462417603,1.0227677822113037
97,source,32,-0.30805015563964844,-0.6443213820457458,1.0229686498641968
97,source,33,-0.3066858649253845,-0.6419872641563416,1.0219191312789917
97,source,34,-0.30954039096832275,-0.642692506313324,1.0255799293518066
97,source,35,-0.30440640449523926,-0.6383243203163147,1.023076057434082
97,source,36,-0.3040119707584381,-0.6349154114723206,1.0225093364715576
97,source,37,-0.30548253655433655,-0.6383898258209229,1.027527093887329
97,source,38,-0.3035568594932556,-0.6385557055473328,1.024973750114441
97,source,39,-0.30285775661468506,-0.6410567164421082,1.0241448879241943
97,source,40,-0.3037177324295044,-0.636398434638977,1.0260512828826904
97,source,41,-0.3045576512813568,-0.6384686231613159,1.0213935375213623
97,source,42,-0.3032289743423462,-0.6388276219367981,1.0201609134674072
97,source,43,-0.3063739538192749,-0.6359459757804871,1.0248218774795532
97,source,44,-0.3037576377391815,-0.6375685930252075,1.023361325263977
97,source,45,-0.30478334426879883,-0.638512909412384,1.0248165130615234
97,source,46,-0.3045380115509033,-0.64069002866745,1.0238372087478638
97,source,47,-0.3064262866973877,-0.6387920379638672,1.0247602462768555
97,source,48,-0.30488860607147217,-0.6424195170402527,1.020093321800232
97,source,49,-0.30806034803390503,-0.6398783922195435,1.0260945558547974
97,source,50,-0.3075079917907715,-0.6412330269813538,1.0259020328521729
97,source,51,-0.3058462142944336,-0.6382694840431213,1.0214557647705078
97,source,52,-0.30601775646209717,-0.6367759704589844,1.019849181175232
97,source,53,-0.30697768926620483,-0.6406594514846802,1.0203739404678345
97,source,54,-0.30857062339782715,-0.6359776854515076,1.0219842195510864
97,source,55,-0.30732959508895874,-0.639481246471405,1.0208936929702759
97,source,56,-0.3066543936729431,-0.6384572982788086,1.0174510478973389
97,source,57,-0.3058035969734192,-0.6392005085945129,1.0176734924316406
97,source,58,-0.30703598260879517,-0.6386034488677979,1.0204921960830688
97,source,59,-0.3075387477874756,-0.6357783675193787,1.0198734998703003
97,source,60,-0.30710816383361816,-0.6358837485313416,1.0213093757629395
97,source,61,-0.3078060746192932,-0.639864444732666,1.0203675031661987
97,source,62,-0.30738723278045654,-0.6361382007598877,1.0208081007003784
97,source,63,-0.3081788420677185,-0.6373401284217834,1.0214072465896606
97,target,0,-0.29174715280532837,-0.6434938907623291,1.0222125053405762
97,target,1,-0.30714863538742065,-0.642547607421875,1.0273592472076416
97,target,2,-0.30605894327163696,-0.6408595442771912,1.0245157480239868
97,target,3,-0.30015069246292114,-0.6450963616371155,1.0208295583724976
97,target,4,-0.3033742606639862,-0.6336346864700317,1.0212258100509644
97,target,5,-0.30550095438957214,-0.619074285030365,1.0221583843231201
97,target,6,-0.31154584884643555,-0.6224254369735718,1.0211154222488403
97,target,7,-0.30104124546051025,-0.6194176077842712,1.0177967548370361
97,target,8,-0.30455654859542847,-0.6254871487617493,1.0177173614501953
97,target,9,-0.29620540142059326,-0.6279941201210022,1.0191315412521362
97,target,10,-0.2979475259780884,-0.6246734261512756,1.020660161972046
97,target,11,-0.2993435859680176,-0.6248616576194763,1.0201778411865234
97,target,12,-0.3023841977119446,-0.6289503574371338,1.0173782110214233
97,target,13,-0.2984825372695923,-0.6351915001869202,1.027559518814087
97,target,14,-0.29913800954818726,-0.6346802115440369,1.0207661390304565
97,target,15,-0.3004240095615387,-0.6382771730422974,1.018951654434204
97,target,16,-0.30420488119125366,-0.636593759059906,1.0212081670761108
97,target,17,-0.30294790863990784,-0.6311997771263123,1.0185720920562744
97,target,18,-0.3089178204536438,-0.6314751505851746,1.0207439661026
97,target,19,-0.30476441979408264,-0.6345154047012329,1.0186889171600342
97,target,20,-0.3083319067955017,-0.6306682825088501,1.0223712921142578
97,target,21,-0.3053801953792572,-0.6264639496803284,1.0242841243743896
97,target,22,-0.30365458130836487,-0.6312378644943237,1.0212973356246948
97,target,23,-0.2978394329547882,-0.6306706070899963,1.0164361000061035
97,target,24,-0.30316781997680664,-0.6297574043273926,1.0216988325119019
97,target,25,-0.30268728733062744,-0.6400576829910278,1.0237383842468262
97,target,26,-0.3036017417907715,-0.6405817866325378,1.0226300954818726
97,target,27,-0.305217981338501,-0.6404784917831421,1.022897720336914
97,target,28,-0.31690192222595215,-0.6439017057418823,1.0294325351715088
97,target,29,-0.3004921078681946,-0.6387702822685242,1.0236679315567017
97,target,30,-0.3034358024597168,-0.6423578858375549,1.022855520248413
97,target,31,-0.3077486753463745,-0.6337236762046814,1.0189317464828491
97,target,32,-0.30659109354019165,-0.636700451374054,1.021713376045227
97,target,33,-0.30334407091140747,-0.6361556053161621,1.0203317403793335
97,target,34,-0.30203890800476074,-0.6343145966529846,1.0204644203186035
97,target,35,-0.3077811002731323,-0.6406276226043701,1.0223673582077026
97,target,36,-0.3023589849472046,-0.6324865221977234,1.0157363414764404
97,target,37,-0.30317339301109314,-0.6375981569290161,1.019801139831543
97,target,38,-0.3046536147594452,-0.6317418813705444,1.0203721523284912
97,target,39,-0.3009013533592224,-0.6363488435745239,1.0196998119354248
97,target,40,-0.2992894649505615,-0.6339940428733826,1.0211817026138306
97,target,41,-0.2978222966194153,-0.630854606628418,1.01890230178833
97,target,42,-0.30121636390686035,-0.6331354379653931,1.0140984058380127
97,target,43,-0.29984551668167114,-0.6404238939285278,1.0179723501205444
97,target,44,-0.30132558941841125,-0.6377200484275818,1.018174648284912
97,target,45,-0.30263346433639526,-0.6367303729057312,1.0173567533493042
97,target,46,-0.29115647077560425,-0.6580315828323364,1.0417497158050537
97,target,47,-0.28625112771987915,-0.651469349861145,1.0228036642074585
97,target,48,-0.27796074748039246,-0.6477770209312439,1.0196470022201538
97,target,49,-0.2926376461982727,-0.6568032503128052,1.0450187921524048
97,target,50,-0.3016733229160309,-0.6383333802223206,1.0391725301742554
97,target,51,-0.2993588447570801,-0.643255352973938,1.0246516466140747
97,target,52,-0.29657018184661865,-0.6418810486793518,1.0226689577102661
97,target,53,-0.29844939708709717,-0.6434486508369446,1.0208185911178589
97,target,54,-0.30014121532440186,-0.6379113793373108,1.0234549045562744
97,target,55,-0.2890012264251709,-0.641826331615448,1.0203691720962524
97,target,56,-0.2870405912399292,-0.6456848382949829,1.0196340084075928
97,target,57,-0.28965193033218384,-0.6460307240486145,1.018608570098877
97,target,58,-0.2935382127761841,-0.6418412923812866,1.0186762809753418
97,target,59,-0.2904677391052246,-0.6465256810188293,1.0216825008392334
97,target,60,-0.2953549027442932,-0.645193338394165,1.022456169128418
97,target,61,-0.29566460847854614,-0.644561767578125,1.0259042978286743
97,target,62,-0.29870620369911194,-0.6461833119392395,1.0237445831298828
97,target,63,-0.2914760410785675,-0.6478699445724487,1.0173102617263794
98,source,0,-0.31189072132110596,-0.6454493403434753,1.0293571949005127
98,source,1,-0.30670779943466187,-0.6438281536102295,1.0290710926055908
98,source,2,-0.30524104833602905,-0.6444879174232483,1.0256643295288086
98,source,3,-0.30534422397613525,-0.6463601589202881,1.0225402116775513
98,source,4,-0.30737996101379395,-0.6463453769683838,1.0262117385864258
98,source,5,-0.3079252243041992,-0.6468137502670288,1.0251095294952393
98,source,6,-0.3077492117881775,-0.6442033648490906,1.025695562362671
98,source,7,-0.30662107467651367,-0.6458317041397095,1.024398684501648
98,source,8,-0.30814504623413086,-0.6465363502502441,1.0245211124420166
98,source,9,-0.30732667446136475,-0.6454747915267944,1.0256164073944092
98,source,10,-0.30707764625549316,-0.6420015096664429,1.02682626247406
98,source,11,-0.30928516387939453,-0.6456618905067444,1.0263652801513672
98,source,12,-0.3091767430305481,-0.6427566409111023,1.0282944440841675
98,source,13,-0.3086480498313904,-0.6436212062835693,1.0248101949691772
98,source,14,-0.3048478662967682,-0.6440162062644958,1.0270071029663086
98,source,15,-0.30414170026779175,-0.6430597901344299,1.028954029083252
98,source,16,-0.3033698499202728,-0.6446611881256104,1.0263900756835938
98,source,17,-0.30419427156448364,-0.6435935497283936,1.0259493589401245
98,source,18,-0.304787278175354,-0.6447607278823853,1.0267220735549927
98,source,19,-0.3083292245864868,-0.64329993724823,1.0294454097747803
98,source,20,-0.30467933416366577,-0.645394504070282,1.0228831768035889
98,source,21,-0.30273211002349854,-0.6437624096870422,1.025115728378296
98,source,22,-0.3018622398376465,-0.6476070284843445,1.0246442556381226
98,source,23,-0.3042393922805786,-0.6432791948318481,1.0261064767837524
98,source,24,-0.3059436082839966,-0.6468993425369263,1.0264723300933838
98,source,25,-0.30632030963897705,-0.6458758115768433,1.030784249305725
98,source,26,-0.3088288903236389,-0.6434852480888367,1.0285085439682007
98,source,27,-0.303783118724823,-0.6370445489883423,1.029996633529663
98,source,28,-0.302516907453537,-0.6386445164680481,1.0251036882400513
98,source,29,-0.31024259328842163,-0.6435592174530029,1.0282456874847412
98,source,30,-0.31124985218048096,-0.6458067893981934,1.0248193740844727
98,source,31,-0.3094513416290283,-0.6440621614456177,1.0258843898773193
98,source,32,-0.30977874994277954,-0.6489232182502747,1.0260354280471802
98,source,33,-0.30832725763320923,-0.6466462016105652,1.025099754333496
98,source,34,-0.31095725297927856,-0.6480965614318848,1.0283396244049072
98,source,35,-0.30633360147476196,-0.6430558562278748,1.0261589288711548
98,source,36,-0.3056221008300781,-0.6391842365264893,1.0251084566116333
98,source,37,-0.3074802756309509,-0.6434555053710938,1.0299862623214722
98,source,38,-0.3048802316188812,-0.6424892544746399,1.0273383855819702
98,source,39,-0.3041630685329437,-0.6457667946815491,1.0263592004776
98,source,40,-0.3055693209171295,-0.6416463851928711,1.0295144319534302
98,source,41,-0.3063710331916809,-0.64375239610672,1.024388313293457
98,source,42,-0.30458664894104004,-0.6439916491508484,1.0228030681610107
98,source,43,-0.3082471489906311,-0.6414102911949158,1.0276737213134766
98,source,44,-0.30558013916015625,-0.6428728699684143,1.0256162881851196
98,source,45,-0.3064289689064026,-0.6446484327316284,1.0273325443267822
98,source,46,-0.30643731355667114,-0.6455509066581726,1.0268434286117554
98,source,47,-0.30811625719070435,-0.6437671184539795,1.0275049209594727
98,source,48,-0.30614936351776123,-0.6481858491897583,1.0226415395736694
98,source,49,-0.30947399139404297,-0.6446835398674011,1.028703212738037
98,source,50,-0.30982327461242676,-0.6453774571418762,1.0290900468826294
98,source,51,-0.30832892656326294,-0.6420500874519348,1.0244710445404053
98,source,52,-0.3085467219352722,-0.6415250301361084,1.0233707427978516
98,source,53,-0.30946701765060425,-0.6457648277282715,1.023506999015808
98,source,54,-0.31105220317840576,-0.6402778625488281,1.0250369310379028
98,source,55,-0.31036055088043213,-0.6440305113792419,1.0241596698760986
98,source,56,-0.3092626929283142,-0.6429852843284607,1.0209037065505981
98,source,57,-0.3082863688468933,-0.6436777114868164,1.02113938331604
98,source,58,-0.30959993600845337,-0.6426383852958679,1.0240490436553955
98,source,59,-0.31018346548080444,-0.6403770446777344,1.0238306522369385
98,source,60,-0.3098387122154236,-0.6409901976585388,1.0246284008026123
98,source,61,-0.31065040826797485,-0.6448028683662415,1.0236214399337769
98,source,62,-0.3100273013114929,-0.6408789157867432,1.024064064025879
98,source,63,-0.31067657470703125,-0.6419477462768555,1.0243700742721558
98,target,0,-0.2935025095939636,-0.6468839049339294,1.024506688117981
98,target,1,-0.3090450167655945,-0.6465533375740051,1.0298418998718262
98,target,2,-0.3078356981277466,-0.6455148458480835,1.0268480777740479
98,target,3,-0.30224084854125977,-0.6497718691825867,1.0237979888916016
98,target,4,-0.30560675263404846,-0.6381028890609741,1.0245471000671387
98,target,5,-0.30909937620162964,-0.6212151646614075,1.0255271196365356
98,target,6,-0.3149414658546448,-0.6255452036857605,1.024771809577942
98,target,7,-0.30405932664871216,-0.6236385107040405,1.021579384803772
98,target,8,-0.30759888887405396,-0.6297956109046936,1.0211644172668457
98,target,9,-0.2987283170223236,-0.6327053904533386,1.0223864316940308
98,target,10,-0.3005286455154419,-0.6295379400253296,1.0236997604370117
98,target,11,-0.302431583404541,-0.6306716203689575,1.02315354347229
98,target,12,-0.30511635541915894,-0.634223461151123,1.0209490060806274
98,target,13,-0.30038487911224365,-0.6391734480857849,1.0302780866622925
98,target,14,-0.30106520652770996,-0.638688325881958,1.0237069129943848
98,target,15,-0.3026854395866394,-0.6432644724845886,1.0222927331924438
98,target,16,-0.3065875172615051,-0.6415694952011108,1.0244717597961426
98,target,17,-0.3059470057487488,-0.6355896592140198,1.0220649242401123
98,target,18,-0.3124825954437256,-0.6358814835548401,1.024384617805481
98,target,19,-0.3072635531425476,-0.6380766034126282,1.0220328569412231
98,target,20,-0.3113294243812561,-0.6345059871673584,1.0253024101257324
98,target,21,-0.30863070487976074,-0.6310009956359863,1.027916669845581
98,target,22,-0.30621784925460815,-0.6348010301589966,1.0245521068572998
98,target,23,-0.2997458875179291,-0.6351358294487,1.0199886560440063
98,target,24,-0.30602580308914185,-0.6344903707504272,1.0252009630203247
98,target,25,-0.3053961396217346,-0.6439842581748962,1.0271761417388916
98,target,26,-0.30625593662261963,-0.6455467939376831,1.0263214111328125
98,target,27,-0.3068779706954956,-0.6445593237876892,1.0261074304580688
98,target,28,-0.31966710090637207,-0.6493998169898987,1.03337824344635
98,target,29,-0.30338990688323975,-0.6430452466011047,1.0272636413574219
98,target,30,-0.3053233027458191,-0.6468878984451294,1.0259864330291748
98,target,31,-0.3108813762664795,-0.637832760810852,1.0222429037094116
98,target,32,-0.30959397554397583,-0.6415291428565979,1.025325059890747
98,target,33,-0.3052513599395752,-0.6414264440536499,1.023682951927185
98,target,34,-0.30346763134002686,-0.6394718885421753,1.0231363773345947
98,target,35,-0.3109673261642456,-0.6468608379364014,1.026274561882019
98,target,36,-0.30528682470321655,-0.6367760896682739,1.0190343856811523
98,target,37,-0.30539047718048096,-0.6427223682403564,1.0232501029968262
98,target,38,-0.3063586354255676,-0.6374587416648865,1.0237576961517334
98,target,39,-0.30284225940704346,-0.6417677998542786,1.0228476524353027
98,target,40,-0.3023291826248169,-0.6389610171318054,1.0247175693511963
98,target,41,-0.30066168308258057,-0.6348269581794739,1.0225104093551636
98,target,42,-0.30314797163009644,-0.6379876732826233,1.016704797744751
98,target,43,-0.3012259304523468,-0.6452850699424744,1.0212852954864502
98,target,44,-0.30376899242401123,-0.6431945562362671,1.021795630455017
98,target,45,-0.30499017238616943,-0.6424149870872498,1.0207905769348145
98,target,46,-0.29276174306869507,-0.6627728939056396,1.0438294410705566
98,target,47,-0.28753432631492615,-0.6546737551689148,1.025290608406067
98,target,48,-0.27948129177093506,-0.6515029072761536,1.0219498872756958
98,target,49,-0.29326337575912476,-0.6622399687767029,1.046329379081726
98,target,50,-0.303457111120224,-0.6420049667358398,1.0418779850006104
98,target,51,-0.3018725514411926,-0.6477111577987671,1.0281225442886353
98,target,52,-0.2983890771865845,-0.6463006138801575,1.025998592376709
98,target,53,-0.3007587194442749,-0.6475529670715332,1.023998737335205
98,target,54,-0.3025515079498291,-0.6420284509658813,1.0265591144561768
98,target,55,-0.2908974289894104,-0.6453673243522644,1.023602843284607
98,target,56,-0.28853839635849,-0.6487323045730591,1.0226330757141113
98,target,57,-0.2917966842651367,-0.6498652696609497,1.0218594074249268
98,target,58,-0.2953055202960968,-0.6454138159751892,1.0216455459594727
98,target,59,-0.2929183840751648,-0.6502075791358948,1.0251107215881348
98,target,60,-0.2972114682197571,-0.6493206024169922,1.0255348682403564
98,target,61,-0.2971271872520447,-0.6487860083580017,1.0289278030395508
98,target,62,-0.2999885678291321,-0.6507214903831482,1.026582956314087
98,target,63,-0.29340553283691406,-0.6514379978179932,1.0205146074295044
99,source,0,-0.31321293115615845,-0.644635021686554,1.0282716751098633
99,source,1,-0.30731505155563354,-0.6437773704528809,1.0275769233703613
99,source,2,-0.30574268102645874,-0.6432187557220459,1.0239895582199097
99,source,3,-0.3057785630226135,-0.6448776125907898,1.0211524963378906
99,source,4,-0.3078230023384094,-0.6453379392623901,1.0241142511367798
99,source,5,-0.30882012844085693,-0.6455332636833191,1.023415446281433
99,source,6,-0.3092004656791687,-0.6433538198471069,1.0243054628372192
99,source,7,-0.30730295181274414,-0.6450108885765076,1.0227060317993164
99,source,8,-0.30849599838256836,-0.6453376412391663,1.022721290588379
99,source,9,-0.3082352876663208,-0.644607424736023,1.0242520570755005
99,source,10,-0.3073408007621765,-0.6409420967102051,1.0249063968658447
99,source,11,-0.31012529134750366,-0.6443890929222107,1.0253832340240479
99,source,12,-0.30971312522888184,-0.6411710381507874,1.0270745754241943
99,source,13,-0.3096558451652527,-0.6423649787902832,1.0241550207138062
99,source,14,-0.30593788623809814,-0.6431350111961365,1.0262563228607178
99,source,15,-0.30458661913871765,-0.6419152617454529,1.0275957584381104
99,source,16,-0.30391669273376465,-0.643467128276825,1.0251544713974
99,source,17,-0.3045189380645752,-0.6423035860061646,1.0246611833572388
99,source,18,-0.3056532144546509,-0.6438875794410706,1.0259736776351929
99,source,19,-0.3084842562675476,-0.6427161693572998,1.0275415182113647
99,source,20,-0.3046337366104126,-0.6437912583351135,1.0213373899459839
99,source,21,-0.3030787408351898,-0.6426557302474976,1.0236884355545044
99,source,22,-0.3021973967552185,-0.6463128328323364,1.023192286491394
99,source,23,-0.30469805002212524,-0.6421867609024048,1.0250663757324219
99,source,24,-0.3061670958995819,-0.6461079120635986,1.024852991104126
99,source,25,-0.30632150173187256,-0.645553469657898,1.0288432836532593
99,source,26,-0.3091186285018921,-0.642261803150177,1.0266833305358887
99,source,27,-0.3046032786369324,-0.6365103125572205,1.028681755065918
99,source,28,-0.30295395851135254,-0.6375333070755005,1.0234392881393433
99,source,29,-0.31071412563323975,-0.6427786350250244,1.026089072227478
99,source,30,-0.3118601441383362,-0.6446115374565125,1.0235096216201782
99,source,31,-0.3100275993347168,-0.6431705951690674,1.0242581367492676
99,source,32,-0.3105502128601074,-0.6478981375694275,1.0244337320327759
99,source,33,-0.3090168237686157,-0.6457743644714355,1.0236881971359253
99,source,34,-0.3117237091064453,-0.6465767621994019,1.0268945693969727
99,source,35,-0.30657345056533813,-0.6415085196495056,1.0240057706832886
99,source,36,-0.30648475885391235,-0.6380287408828735,1.0242542028427124
99,source,37,-0.30763471126556396,-0.6423556804656982,1.0287904739379883
99,source,38,-0.30517005920410156,-0.6417955160140991,1.0260672569274902
99,source,39,-0.30454593896865845,-0.6448338031768799,1.0250816345214844
99,source,40,-0.3052560091018677,-0.6412335634231567,1.0269107818603516
99,source,41,-0.3068305253982544,-0.6426688432693481,1.0229403972625732
99,source,42,-0.30521726608276367,-0.6424391269683838,1.0217788219451904
99,source,43,-0.30856049060821533,-0.6401596069335938,1.0261778831481934
99,source,44,-0.30581653118133545,-0.6417069435119629,1.024832844734192
99,source,45,-0.3064514398574829,-0.6431548595428467,1.0255554914474487
99,source,46,-0.30721229314804077,-0.6442237496376038,1.0254937410354614
99,source,47,-0.30862313508987427,-0.6424773335456848,1.02590012550354
99,source,48,-0.30676835775375366,-0.6465654373168945,1.0213685035705566
99,source,49,-0.30959945917129517,-0.6440395712852478,1.026460886001587
99,source,50,-0.30974751710891724,-0.6448987722396851,1.0272878408432007
99,source,51,-0.308261513710022,-0.6418899297714233,1.0232125520706177
99,source,52,-0.3083946704864502,-0.6407510042190552,1.0214285850524902
99,source,53,-0.30890411138534546,-0.645164966583252,1.021229863166809
99,source,54,-0.31070560216903687,-0.6398344039916992,1.0227994918823242
99,source,55,-0.31029433012008667,-0.6433571577072144,1.0219982862472534
99,source,56,-0.3092862367630005,-0.6423035264015198,1.0189597606658936
99,source,57,-0.3079972267150879,-0.6429653167724609,1.0186835527420044
99,source,58,-0.30931568145751953,-0.6421351432800293,1.0216341018676758
99,source,59,-0.3102206587791443,-0.6394377946853638,1.0213299989700317
99,source,60,-0.3096616268157959,-0.6402812004089355,1.022463083267212
99,source,61,-0.31038230657577515,-0.6438484191894531,1.021213173866272
99,source,62,-0.3102349042892456,-0.6395754218101501,1.021741509437561
99,source,63,-0.3110179901123047,-0.640631377696991,1.0229769945144653
99,target,0,-0.29361653327941895,-0.6463028788566589,1.0233277082443237
99,target,1,-0.30896633863449097,-0.6457674503326416,1.028279185295105
99,target,2,-0.3087174892425537,-0.6451993584632874,1.0260015726089478
99,target,3,-0.30210810899734497,-0.649300754070282,1.0224299430847168
99,target,4,-0.30585741996765137,-0.6375560760498047,1.0230125188827515
99,target,5,-0.3089907765388489,-0.6196746826171875,1.0243149995803833
99,target,6,-0.31564390659332275,-0.6247307658195496,1.0236183404922485
99,target,7,-0.3041059672832489,-0.6227402091026306,1.0198920965194702
99,target,8,-0.30732661485671997,-0.628960132598877,1.0194638967514038
99,target,9,-0.29798245429992676,-0.6319494843482971,1.0210283994674683
99,target,10,-0.3000441789627075,-0.6283402442932129,1.0228854417800903
99,target,11,-0.3024660050868988,-0.6293796896934509,1.0224988460540771
99,target,12,-0.30519330501556396,-0.6330296397209167,1.0200423002243042
99,target,13,-0.30097001791000366,-0.6393759250640869,1.029069185256958
99,target,14,-0.30157405138015747,-0.6386617422103882,1.022580862045288
99,target,15,-0.3029826581478119,-0.6422647833824158,1.0207988023757935
99,target,16,-0.3064768314361572,-0.6408716440200806,1.0227771997451782
99,target,17,-0.30655890703201294,-0.6353352069854736,1.0207868814468384
99,target,18,-0.3127983808517456,-0.6357441544532776,1.0234121084213257
99,target,19,-0.30772554874420166,-0.6376245617866516,1.0203843116760254
99,target,20,-0.3114108443260193,-0.6344307065010071,1.0244128704071045
99,target,21,-0.3091859221458435,-0.6300776600837708,1.0261286497116089
99,target,22,-0.3057013154029846,-0.6341370940208435,1.023175835609436
99,target,23,-0.3001512587070465,-0.6345987319946289,1.018870234489441
99,target,24,-0.3065635561943054,-0.6342437267303467,1.0238620042800903
99,target,25,-0.30517879128456116,-0.643470287322998,1.024802327156067
99,target,26,-0.30640852451324463,-0.6454296112060547,1.0250433683395386
99,target,27,-0.30703842639923096,-0.643792986869812,1.024482011795044
99,target,28,-0.3204541802406311,-0.6484284996986389,1.0317047834396362
99,target,29,-0.3031049966812134,-0.6427980065345764,1.025871992111206
99,target,30,-0.3056364059448242,-0.6462484002113342,1.0235737562179565
99,target,31,-0.3107132315635681,-0.6371037364006042,1.0205950736999512
99,target,32,-0.3087922930717468,-0.6409119963645935,1.0231770277023315
99,target,33,-0.30594146251678467,-0.6418884992599487,1.0226539373397827
99,target,34,-0.3039391040802002,-0.6386722922325134,1.0217870473861694
99,target,35,-0.31142908334732056,-0.6462411284446716,1.0248007774353027
99,target,36,-0.3053054213523865,-0.6371546983718872,1.0178736448287964
99,target,37,-0.3053591847419739,-0.6426514983177185,1.0215932130813599
99,target,38,-0.30730104446411133,-0.6370302438735962,1.0227670669555664
99,target,39,-0.30341631174087524,-0.6411683559417725,1.0216773748397827
99,target,40,-0.3019992411136627,-0.6381885409355164,1.023595929145813
99,target,41,-0.30105912685394287,-0.6340954899787903,1.0212230682373047
99,target,42,-0.30313533544540405,-0.637161910533905,1.0154949426651
99,target,43,-0.3014076352119446,-0.644296407699585,1.0197207927703857
99,target,44,-0.30410435795783997,-0.6428060531616211,1.0207252502441406
99,target,45,-0.3052322268486023,-0.6416147351264954,1.0191779136657715
99,target,46,-0.29264748096466064,-0.6612100005149841,1.0422133207321167
99,target,47,-0.2873815894126892,-0.653852641582489,1.0233476161956787
99,target,48,-0.27964359521865845,-0.6503735184669495,1.0206291675567627
99,target,49,-0.29300346970558167,-0.6611611843109131,1.0442661046981812
99,target,50,-0.30418455600738525,-0.6423434019088745,1.040712833404541
99,target,51,-0.3016170859336853,-0.6469222903251648,1.0265295505523682
99,target,52,-0.29865825176239014,-0.6457196474075317,1.0243629217147827
99,target,53,-0.30049681663513184,-0.646533727645874,1.0225253105163574
99,target,54,-0.30280259251594543,-0.6421685814857483,1.025939702987671
99,target,55,-0.2907155156135559,-0.6448884010314941,1.0223174095153809
99,target,56,-0.2888290286064148,-0.6480976343154907,1.0210492610931396
99,target,57,-0.2915395498275757,-0.6486366987228394,1.0202447175979614
99,target,58,-0.2958899140357971,-0.6442335844039917,1.0204193592071533
99,target,59,-0.29268503189086914,-0.6491760611534119,1.0232304334640503
99,target,60,-0.29736173152923584,-0.6486161351203918,1.023990273475647
99,target,61,-0.2972812056541443,-0.6477948427200317,1.0272634029388428
99,target,62,-0.30023735761642456,-0.6492831707000732,1.024945855140686
99,target,63,-0.2933678925037384,-0.6505659222602844,1.0190449953079224
100,source,0,-0.31489235162734985,-0.6479895114898682,1.0303364992141724
100,source,1,-0.3094859719276428,-0.6468974947929382,1.0295217037200928
100,source,2,-0.30815690755844116,-0.6466475129127502,1.0258285999298096
100,source,3,-0.3079383969306946,-0.6482433676719666,1.0235306024551392
100,source,4,-0.30988436937332153,-0.6483787894248962,1.0261125564575195
100,source,5,-0.3110922574996948,-0.6486949324607849,1.0256847143173218
100,source,6,-0.31147074699401855,-0.6466578841209412,1.0267736911773682
100,source,7,-0.30974382162094116,-0.6482753753662109,1.0250654220581055
100,source,8,-0.31057608127593994,-0.648460328578949,1.0248762369155884
100,source,9,-0.3104727268218994,-0.6479198932647705,1.0266265869140625
100,source,10,-0.3094800114631653,-0.6442288756370544,1.0269535779953003
100,source,11,-0.3119462728500366,-0.6476147174835205,1.0273375511169434
100,source,12,-0.31174391508102417,-0.6449066400527954,1.0290967226028442
100,source,13,-0.3118753433227539,-0.6456273198127747,1.0263375043869019
100,source,14,-0.3080863952636719,-0.6465566158294678,1.028404951095581
100,source,15,-0.30680251121520996,-0.645380973815918,1.0295559167861938
100,source,16,-0.3059830069541931,-0.6469016075134277,1.027321696281433
100,source,17,-0.30695247650146484,-0.6454728841781616,1.0268003940582275
100,source,18,-0.30780917406082153,-0.6469095945358276,1.027842402458191
100,source,19,-0.3106769919395447,-0.6457080841064453,1.0293909311294556
100,source,20,-0.30684322118759155,-0.647569477558136,1.023696780204773
100,source,21,-0.30524736642837524,-0.6463330984115601,1.0257517099380493
100,source,22,-0.30487754940986633,-0.6499407291412354,1.0255095958709717
100,source,23,-0.3070531487464905,-0.6456220149993896,1.0274184942245483
100,source,24,-0.3085022568702698,-0.6490618586540222,1.0267999172210693
100,source,25,-0.3088979125022888,-0.6484666466712952,1.030866026878357
100,source,26,-0.3112620711326599,-0.6454944610595703,1.028794765472412
100,source,27,-0.30684542655944824,-0.6401012539863586,1.030794620513916
100,source,28,-0.30522939562797546,-0.6417449712753296,1.0253511667251587
100,source,29,-0.31255680322647095,-0.6459769010543823,1.0279159545898438
100,source,30,-0.31386303901672363,-0.6482020020484924,1.025898814201355
100,source,31,-0.3118777871131897,-0.6464999914169312,1.0263770818710327
100,source,32,-0.312420129776001,-0.6508637070655823,1.0264878273010254
100,source,33,-0.3113632798194885,-0.6487716436386108,1.02560293674469
100,source,34,-0.3137667179107666,-0.6498597264289856,1.0287973880767822
100,source,35,-0.30880802869796753,-0.6451995372772217,1.0261366367340088
100,source,36,-0.3084873557090759,-0.6415314674377441,1.0262973308563232
100,source,37,-0.30986618995666504,-0.6455446481704712,1.0306931734085083
100,source,38,-0.30777305364608765,-0.6452167630195618,1.028351902961731
100,source,39,-0.30691707134246826,-0.6482896208763123,1.0272724628448486
100,source,40,-0.30750900506973267,-0.6443251967430115,1.029041051864624
100,source,41,-0.3091949224472046,-0.6463150978088379,1.0255165100097656
100,source,42,-0.30774980783462524,-0.6464995741844177,1.024315595626831
100,source,43,-0.3105689287185669,-0.6441152095794678,1.0281808376312256
100,source,44,-0.3080406188964844,-0.6455428600311279,1.0268781185150146
100,source,45,-0.30872154235839844,-0.6464037895202637,1.0276646614074707
100,source,46,-0.309176504611969,-0.6476691365242004,1.027437686920166
100,source,47,-0.31098198890686035,-0.6459072828292847,1.0282500982284546
100,source,48,-0.3086865544319153,-0.6498298645019531,1.0234795808792114
100,source,49,-0.3115544319152832,-0.6471635103225708,1.0281383991241455
100,source,50,-0.3118898272514343,-0.648107647895813,1.0295429229736328
100,source,51,-0.3103843927383423,-0.6453092098236084,1.0256199836730957
100,source,52,-0.3103327751159668,-0.6436852812767029,1.0236825942993164
100,source,53,-0.3109351396560669,-0.648004949092865,1.0236701965332031
100,source,54,-0.31281566619873047,-0.6429448127746582,1.0248894691467285
100,source,55,-0.31251174211502075,-0.6465296745300293,1.0243297815322876
100,source,56,-0.31153690814971924,-0.6459311246871948,1.021660566329956
100,source,57,-0.31031620502471924,-0.6463875770568848,1.0212432146072388
100,source,58,-0.31163084506988525,-0.6454783082008362,1.0241087675094604
100,source,59,-0.3123779296875,-0.6429332494735718,1.0238875150680542
100,source,60,-0.31132280826568604,-0.6435876488685608,1.0246870517730713
100,source,61,-0.31229960918426514,-0.6471174955368042,1.0234317779541016
100,source,62,-0.3124293088912964,-0.6432958841323853,1.024178147315979
100,source,63,-0.312907338142395,-0.6444016695022583,1.0253225564956665
100,target,0,-0.29630976915359497,-0.6495241522789001,1.0257434844970703
100,target,1,-0.31108635663986206,-0.649299681186676,1.0309617519378662
100,target,2,-0.3105173110961914,-0.6481412053108215,1.0284539461135864
100,target,3,-0.3039657473564148,-0.6520892381668091,1.0246554613113403
100,target,4,-0.3079061508178711,-0.6402851939201355,1.0254827737808228
100,target,5,-0.31189751625061035,-0.6245641708374023,1.027607798576355
100,target,6,-0.3171922564506531,-0.6287946701049805,1.0260266065597534
100,target,7,-0.30668967962265015,-0.6271342039108276,1.0231072902679443
100,target,8,-0.30950433015823364,-0.6331981420516968,1.02216374874115
100,target,9,-0.3007299304008484,-0.6356320977210999,1.0233508348464966
100,target,10,-0.30264538526535034,-0.6324271559715271,1.0251476764678955
100,target,11,-0.3053343594074249,-0.6330979466438293,1.0251948833465576
100,target,12,-0.3076615333557129,-0.6369702219963074,1.022527813911438
100,target,13,-0.3036021590232849,-0.6423614621162415,1.031412124633789
100,target,14,-0.30390727519989014,-0.6413782238960266,1.0249943733215332
100,target,15,-0.3049249053001404,-0.6447405815124512,1.0230802297592163
100,target,16,-0.30872201919555664,-0.6437330842018127,1.0249518156051636
100,target,17,-0.3087858557701111,-0.6389364004135132,1.0232644081115723
100,target,18,-0.3151305913925171,-0.6395826935768127,1.0263230800628662
100,target,19,-0.30991131067276,-0.6415014266967773,1.0234910249710083
100,target,20,-0.3139277696609497,-0.6379393339157104,1.027431607246399
100,target,21,-0.3112019896507263,-0.6339921951293945,1.0282553434371948
100,target,22,-0.3081793785095215,-0.6381133198738098,1.0257763862609863
100,target,23,-0.3024747967720032,-0.6378548741340637,1.021812081336975
100,target,24,-0.3090013861656189,-0.6378060579299927,1.0266594886779785
100,target,25,-0.3072270154953003,-0.6465826034545898,1.0270391702651978
100,target,26,-0.3087928891181946,-0.6484927535057068,1.0272034406661987
100,target,27,-0.3089933395385742,-0.6469675898551941,1.0266828536987305
100,target,28,-0.32185596227645874,-0.6515839099884033,1.033300757408142
100,target,29,-0.3049948215484619,-0.6453112959861755,1.0278021097183228
100,target,30,-0.3078118562698364,-0.648424506187439,1.0259361267089844
100,target,31,-0.31261324882507324,-0.6404461860656738,1.0232478380203247
100,target,32,-0.3109174966812134,-0.6445198059082031,1.0257200002670288
100,target,33,-0.3076738715171814,-0.6445215940475464,1.0247652530670166
100,target,34,-0.30613967776298523,-0.6414578557014465,1.0241496562957764
100,target,35,-0.3120576739311218,-0.6486943960189819,1.0259804725646973
100,target,36,-0.30721455812454224,-0.6407420039176941,1.0202056169509888
100,target,37,-0.3066093921661377,-0.6459569931030273,1.02312171459198
100,target,38,-0.3091154098510742,-0.6394144296646118,1.0248571634292603
100,target,39,-0.30527591705322266,-0.6442747712135315,1.0238265991210938
100,target,40,-0.304468035697937,-0.6419616937637329,1.0260810852050781
100,target,41,-0.3033006191253662,-0.6384755373001099,1.0240070819854736
100,target,42,-0.30534952878952026,-0.641205370426178,1.018423318862915
100,target,43,-0.30408424139022827,-0.6479286551475525,1.0222489833831787
100,target,44,-0.30631083250045776,-0.646650493144989,1.0231380462646484
100,target,45,-0.30763256549835205,-0.6453647613525391,1.0217653512954712
100,target,46,-0.29552024602890015,-0.6645961403846741,1.044325828552246
100,target,47,-0.29005974531173706,-0.6567910313606262,1.0253186225891113
100,target,48,-0.28233033418655396,-0.6530384421348572,1.0225096940994263
100,target,49,-0.2963840067386627,-0.6635923981666565,1.0463491678237915
100,target,50,-0.3064867854118347,-0.6455084085464478,1.0430697202682495
100,target,51,-0.303439199924469,-0.6493011713027954,1.0279489755630493
100,target,52,-0.30106744170188904,-0.6484032273292542,1.0265079736709595
100,target,53,-0.30256277322769165,-0.6493111252784729,1.02431058883667
100,target,54,-0.30424046516418457,-0.6445813179016113,1.0274913311004639
100,target,55,-0.29299187660217285,-0.6471020579338074,1.0241978168487549
100,target,56,-0.29124200344085693,-0.6511037945747375,1.0229443311691284
100,target,57,-0.29407304525375366,-0.6518580913543701,1.0223044157028198
100,target,58,-0.29790088534355164,-0.6477987766265869,1.0226258039474487
100,target,59,-0.2949073016643524,-0.6522006988525391,1.0248661041259766
100,target,60,-0.2994529902935028,-0.6512008309364319,1.0256903171539307
100,target,61,-0.29972606897354126,-0.6507246494293213,1.028981328010559
100,target,62,-0.3024848699569702,-0.6521878838539124,1.0269231796264648
100,target,63,-0.2954258918762207,-0.6530707478523254,1.020825743675232
