epoch,domain,sample_index,pc1,pc2,pc3
0,source,0,0.6824525594711304,0.6426907777786255,-0.1328393816947937
0,source,1,0.6387003064155579,0.0588923916220665,-0.6535096764564514
0,source,2,0.18420270085334778,-0.21011903882026672,-0.9942474961280823
0,source,3,0.7012059092521667,0.33074358105659485,-0.6548201441764832
0,source,4,0.5823965072631836,-0.33858522772789,-0.14060550928115845
0,source,5,0.8105329871177673,-1.3867017030715942,1.5798391103744507
0,source,6,0.44194507598876953,-1.16097092628479,0.3209983706474304
0,source,7,0.5828548073768616,-0.32940059900283813,0.9604581594467163
0,source,8,0.30983594059944153,-0.6196545362472534,0.4880422353744507
0,source,9,0.891264021396637,0.4108324348926544,0.9434679746627808
0,source,10,0.8203179240226746,0.27332931756973267,1.0293439626693726
0,source,11,0.8803747296333313,-0.26150718331336975,1.094372034072876
0,source,12,0.6880602240562439,0.5123575925827026,1.2598767280578613
0,source,13,0.34057480096817017,0.22060063481330872,0.1938912272453308
0,source,14,0.7738313674926758,0.052972689270973206,0.20391905307769775
0,source,15,0.3888447880744934,0.022505030035972595,-0.1862015426158905
0,source,16,0.4487377405166626,-0.06302131712436676,-0.1284807324409485
0,source,17,0.6172935366630554,-0.20269879698753357,0.5138795375823975
0,source,18,0.926295816898346,-0.5871182680130005,0.45887982845306396
0,source,19,0.8229789733886719,-0.3832288682460785,0.06912046670913696
0,source,20,0.9693520069122314,-0.5655779838562012,0.11438685655593872
0,source,21,0.4707183241844177,-1.2941789627075195,-0.07765918970108032
0,source,22,0.9735738635063171,-0.1585727035999298,0.529881477355957
0,source,23,0.5631911158561707,-0.12425518035888672,0.18594998121261597
0,source,24,0.4959059953689575,-0.39000847935676575,-0.22533193230628967
0,source,25,0.6606279611587524,-0.019836798310279846,-0.7058457732200623
0,source,26,0.9050604701042175,0.3263828158378601,-0.20735976099967957
0,source,27,0.6538891792297363,0.007456779479980469,-0.48838233947753906
0,source,28,0.2884426414966583,-0.21262919902801514,-0.8712128400802612
0,source,29,0.8283981084823608,0.1641644537448883,0.22340542078018188
0,source,30,0.4429463744163513,-0.31362074613571167,-0.45329707860946655
0,source,31,1.0030938386917114,-0.806107759475708,0.550749659538269
0,source,32,0.9731685519218445,-0.6561111211776733,0.4618130922317505
0,source,33,0.31597450375556946,-0.5158118009567261,-0.6856555342674255
0,source,34,0.3110506534576416,-0.15334251523017883,-0.4540433883666992
0,source,35,0.3021538257598877,-0.3071586489677429,-0.5558857321739197
0,source,36,0.3962118625640869,-0.6021356582641602,-0.42794930934906006
0,source,37,0.3296828866004944,-0.4091416299343109,-0.7288028597831726
0,source,38,0.3902018666267395,-0.07090474665164948,-0.3812767267227173
0,source,39,0.5313115119934082,-0.3155043423175812,-0.507640540599823
0,source,40,0.8538690805435181,0.303394079208374,0.20525848865509033
0,source,41,0.6669365167617798,0.3020590543746948,0.5304834842681885
0,source,42,0.014114044606685638,0.2682872414588928,0.29401957988739014
0,source,43,0.08956748247146606,0.6528245210647583,0.359592080116272
0,source,44,-0.24315793812274933,0.5580001473426819,0.23428642749786377
0,source,45,-0.06106001138687134,0.5150322318077087,0.4242976903915405
0,source,46,0.01579996943473816,0.4559987485408783,-0.4730021357536316
0,source,47,0.830087423324585,1.0120999813079834,-0.04117119312286377
0,source,48,0.7894900441169739,0.8827352523803711,-0.04319983720779419
0,source,49,-0.22914128005504608,0.5956594944000244,-0.5353378653526306
0,source,50,-0.10563090443611145,0.484395295381546,-0.3538305461406708
0,source,51,0.8067672252655029,0.5062515735626221,-0.15453022718429565
0,source,52,0.7235448360443115,0.5736010074615479,-0.18438506126403809
0,source,53,1.0819075107574463,0.574315071105957,-0.039269328117370605
0,source,54,0.8580220937728882,0.21076136827468872,-0.012210607528686523
0,source,55,0.9530343413352966,0.5162166357040405,0.21200263500213623
0,source,56,1.1468958854675293,0.7906109094619751,0.17826366424560547
0,source,57,0.9924132823944092,0.6806633472442627,-0.060808002948760986
0,source,58,1.059416651725769,0.427886962890625,0.32030993700027466
0,source,59,1.1121128797531128,0.8757596015930176,0.05320310592651367
0,source,60,0.8530810475349426,0.9348655939102173,-0.17207688093185425
0,source,61,0.5075304508209229,0.9072970151901245,-0.13143396377563477
0,source,62,0.17416426539421082,0.4649852216243744,-0.5199088454246521
0,source,63,0.7480863332748413,0.7232258319854736,-0.28301629424095154
0,target,0,-1.0477557182312012,0.015552759170532227,0.12876933813095093
0,target,1,-0.9730560779571533,0.019580215215682983,0.11913824081420898
0,target,2,-0.9722410440444946,-0.07870310544967651,0.09184986352920532
0,target,3,-0.8088153004646301,0.16968396306037903,0.05171018838882446
0,target,4,-0.45176196098327637,-0.19010093808174133,0.22264903783798218
0,target,5,-0.7409559488296509,-0.014443859457969666,0.025213122367858887
0,target,6,-0.9858493804931641,0.040015339851379395,-0.003816664218902588
0,target,7,-0.9627265930175781,0.0393633171916008,-0.04182171821594238
0,target,8,-0.8097079396247864,0.06978287547826767,0.06578928232192993
0,target,9,-0.875072717666626,-0.003913164138793945,0.07660138607025146
0,target,10,-0.6734282374382019,0.047839194536209106,0.14129245281219482
0,target,11,-1.1403552293777466,0.12766173481941223,0.11310696601867676
0,target,12,-1.016784906387329,0.05268312245607376,-0.053874313831329346
0,target,13,-0.9957923889160156,0.07719293236732483,0.02700066566467285
0,target,14,-1.0496324300765991,0.04038500785827637,0.14401042461395264
0,target,15,-0.8438999056816101,0.05787196010351181,0.13299667835235596
0,target,16,-0.8995224237442017,0.06932573020458221,-0.08503532409667969
0,target,17,-0.906813383102417,0.0038221776485443115,-0.028013527393341064
0,target,18,-1.1333718299865723,0.01240663230419159,0.10401171445846558
0,target,19,-0.8903027772903442,0.05802253633737564,0.0612221360206604
0,target,20,-0.8634170293807983,0.13034191727638245,0.04984760284423828
0,target,21,-0.48327481746673584,-0.0143900066614151,0.152782142162323
0,target,22,-1.1238999366760254,0.19345033168792725,0.19286197423934937
0,target,23,-0.9927083253860474,0.15644966065883636,0.17546546459197998
0,target,24,-0.8820762634277344,0.06739416718482971,0.09534633159637451
0,target,25,-0.7122661471366882,-0.043882131576538086,0.09594613313674927
0,target,26,-0.7296279072761536,0.04763558506965637,0.21012729406356812
0,target,27,-0.9695446491241455,-0.013648927211761475,-0.023514926433563232
0,target,28,-0.6762049198150635,-0.22523635625839233,0.306940495967865
0,target,29,-0.7826079726219177,0.1126268208026886,0.08802264928817749
0,target,30,-0.9474115371704102,0.020051196217536926,0.11889046430587769
0,target,31,-0.8232999444007874,-0.03325521945953369,0.06126570701599121
0,target,32,-0.5345393419265747,-0.15274307131767273,0.07907801866531372
0,target,33,-0.6176061630249023,-0.04609262943267822,0.08929747343063354
0,target,34,-0.9094530940055847,-0.0015628933906555176,0.24161595106124878
0,target,35,-0.7445123195648193,-0.1568916141986847,0.1560930609703064
0,target,36,-0.8792001605033875,-0.10030344128608704,0.11287140846252441
0,target,37,-0.6753273010253906,0.14853189885616302,0.18242305517196655
0,target,38,-0.7430366277694702,0.031398847699165344,0.09260207414627075
0,target,39,-0.8718399405479431,-0.0013000965118408203,0.2531951665878296
0,target,40,-0.8496723771095276,-0.03488616645336151,-0.07186740636825562
0,target,41,-1.02777099609375,0.07621639221906662,-0.019650280475616455
0,target,42,-0.9572930335998535,-0.03449271619319916,-0.018790781497955322
0,target,43,-0.9827629327774048,0.02645750343799591,-0.08967763185501099
0,target,44,-0.6961974501609802,0.2266618311405182,0.042947232723236084
0,target,45,-0.9225116968154907,0.1627395749092102,-0.08267605304718018
0,target,46,-0.9352566003799438,0.013620719313621521,0.030572831630706787
0,target,47,-1.0185774564743042,-0.11691677570343018,0.04659914970397949
0,target,48,-0.8924039602279663,0.10706803947687149,-0.08066004514694214
0,target,49,-0.6095871329307556,-0.09418345987796783,0.01279670000076294
0,target,50,0.3375079035758972,-0.4003697335720062,-0.5439863204956055
0,target,51,0.38837456703186035,-0.43961307406425476,-0.48530054092407227
0,target,52,0.4372457265853882,-0.5863631963729858,-0.4549880027770996
0,target,53,0.22641891241073608,-0.3729758560657501,-0.48708200454711914
0,target,54,0.5876390337944031,-0.41821351647377014,-0.1670549511909485
0,target,55,0.42564302682876587,-0.485003799200058,-0.19528648257255554
0,target,56,0.4058818221092224,-0.4151791036128998,-0.2227781116962433
0,target,57,0.38553696870803833,-0.4276352822780609,-0.32097065448760986
0,target,58,0.4937218427658081,-0.3067535161972046,-0.3488248288631439
0,target,59,0.46793806552886963,-0.2976623773574829,-0.2971000075340271
0,target,60,0.3162955641746521,-0.4725211560726166,-0.24810603260993958
0,target,61,0.10761367529630661,-0.33384865522384644,-0.5041906833648682
0,target,62,0.22097456455230713,-0.45821264386177063,-0.3927684724330902
0,target,63,0.2554372549057007,-0.43248650431632996,-0.4538894295692444
1,source,0,0.9050464630126953,0.5884177684783936,0.053907573223114014
1,source,1,0.9766218066215515,0.08784536272287369,-0.428844153881073
1,source,2,0.4228397607803345,-0.11886551976203918,-0.8224681615829468
1,source,3,0.8642720580101013,0.36844754219055176,-0.4722898602485657
1,source,4,0.8794635534286499,-0.16146200895309448,-0.005020856857299805
1,source,5,0.9911434650421143,-0.9404911994934082,0.839725136756897
1,source,6,0.8764474987983704,-0.7463233470916748,-0.011305928230285645
1,source,7,1.0482356548309326,-0.3712843358516693,0.601286768913269
1,source,8,0.8113954067230225,-0.68761146068573,0.3192870616912842
1,source,9,1.1348320245742798,0.4432072341442108,0.6736127138137817
1,source,10,1.1218796968460083,0.40017884969711304,0.7478072643280029
1,source,11,1.164959192276001,-0.04620164632797241,0.8545714616775513
1,source,12,1.1789500713348389,0.5608896017074585,0.9907000064849854
1,source,13,0.6157875657081604,0.2934828996658325,-0.02948993444442749
1,source,14,1.0169882774353027,0.0876249223947525,-0.11616373062133789
1,source,15,0.7490085363388062,0.0790981873869896,-0.4234227240085602
1,source,16,0.6638324856758118,0.12495166808366776,-0.3823780119419098
1,source,17,0.9511998891830444,-0.11520662903785706,0.40946197509765625
1,source,18,1.1885231733322144,-0.4642857015132904,0.30427634716033936
1,source,19,1.0779259204864502,-0.2782529890537262,0.0275496244430542
1,source,20,1.2760906219482422,-0.4481610953807831,0.08993411064147949
1,source,21,0.846547544002533,-1.0343389511108398,-0.14604789018630981
1,source,22,1.1317263841629028,0.023725703358650208,0.4766048192977905
1,source,23,0.8878088593482971,0.05869491398334503,0.2076883316040039
1,source,24,0.8302228450775146,-0.3282473683357239,-0.13743406534194946
1,source,25,0.8367530703544617,0.016667842864990234,-0.5764131546020508
1,source,26,1.1293997764587402,0.3878227472305298,0.005783259868621826
1,source,27,1.0583685636520386,0.14524775743484497,-0.5923076868057251
1,source,28,0.3938557505607605,-0.07918058335781097,-0.7781341075897217
1,source,29,1.086665153503418,0.2998644709587097,0.178600013256073
1,source,30,0.42309504747390747,-0.11648029088973999,-0.3854271471500397
1,source,31,1.0140937566757202,-0.4199739992618561,0.3120046854019165
1,source,32,1.1516289710998535,-0.41110751032829285,0.45296335220336914
1,source,33,0.7930410504341125,-0.2640853822231293,-0.5577684044837952
1,source,34,0.7085190415382385,-0.05012211203575134,-0.29413580894470215
1,source,35,0.7751691341400146,-0.13532564043998718,-0.5793520212173462
1,source,36,0.6360387206077576,-0.5464227199554443,-0.24021285772323608
1,source,37,0.6185673475265503,-0.21080303192138672,-0.4709678590297699
1,source,38,0.9481716156005859,0.026141151785850525,-0.19684574007987976
1,source,39,0.8018067479133606,-0.17574986815452576,-0.30921536684036255
1,source,40,1.1830363273620605,0.442454993724823,0.2601003646850586
1,source,41,1.0374234914779663,0.5043529868125916,0.534447193145752
1,source,42,0.7526473999023438,0.5331363677978516,0.6667265892028809
1,source,43,0.7234843969345093,0.689353346824646,0.5923062562942505
1,source,44,0.5513544082641602,0.9522064924240112,0.757439136505127
1,source,45,0.6312141418457031,0.6683979034423828,0.676986813545227
1,source,46,0.24051302671432495,0.5404642820358276,-0.25539541244506836
1,source,47,0.988468587398529,0.9446853399276733,0.017964959144592285
1,source,48,0.9674034118652344,0.9016873836517334,0.0863715410232544
1,source,49,0.18734151124954224,0.5830736756324768,-0.26731380820274353
1,source,50,0.29110562801361084,0.45186877250671387,-0.014175593852996826
1,source,51,1.2137824296951294,0.4240609407424927,-0.11187595129013062
1,source,52,0.9222187995910645,0.5088605880737305,-0.11404311656951904
1,source,53,1.3016610145568848,0.4986846446990967,0.005153238773345947
1,source,54,1.0992205142974854,0.2722261846065521,-0.009330391883850098
1,source,55,1.1396929025650024,0.5765715837478638,0.2767629027366638
1,source,56,1.2498654127120972,0.7765370607376099,0.24223875999450684
1,source,57,1.042466402053833,0.5853707790374756,-0.012718915939331055
1,source,58,1.2872143983840942,0.4473276734352112,0.26337170600891113
1,source,59,1.1931700706481934,0.8071237802505493,0.05332833528518677
1,source,60,1.147418737411499,0.8818678855895996,-0.012194395065307617
1,source,61,0.8511548638343811,0.9923301935195923,-0.0408976674079895
1,source,62,0.5305933952331543,0.6336605548858643,-0.2529231011867523
1,source,63,0.8499584794044495,0.7943415641784668,-0.13851475715637207
1,target,0,0.2230823040008545,0.3856388032436371,0.059646666049957275
1,target,1,0.24901357293128967,0.27646321058273315,0.2828088402748108
1,target,2,0.2610485851764679,0.5201443433761597,0.07441306114196777
1,target,3,0.30775612592697144,0.6662821769714355,0.019765257835388184
1,target,4,0.5000284314155579,0.29606592655181885,0.3011689782142639
1,target,5,0.37082600593566895,0.31591400504112244,-0.01503443717956543
1,target,6,0.30983030796051025,0.3843814730644226,6.526708602905273e-05
1,target,7,0.3064052164554596,0.3324769139289856,0.00393754243850708
1,target,8,0.24971447885036469,0.3512590527534485,0.015462875366210938
1,target,9,0.3963603377342224,0.3636980950832367,0.08069878816604614
1,target,10,0.33389633893966675,0.4946235120296478,0.22148782014846802
1,target,11,0.22180454432964325,0.6434735059738159,0.149915874004364
1,target,12,0.1518321931362152,0.4368686079978943,0.14397966861724854
1,target,13,0.10189232230186462,0.33188170194625854,0.18112075328826904
1,target,14,0.19426394999027252,0.26156187057495117,0.1342613697052002
1,target,15,0.24016183614730835,0.27503350377082825,0.17449456453323364
1,target,16,0.11914872378110886,0.2987247705459595,0.024973511695861816
1,target,17,0.15205460786819458,0.3275778293609619,0.09998613595962524
1,target,18,0.18386469781398773,0.38809335231781006,0.14558196067810059
1,target,19,0.22777895629405975,0.22620254755020142,0.1899782419204712
1,target,20,0.2375992238521576,0.5254580974578857,0.005281686782836914
1,target,21,0.34071481227874756,0.4013040065765381,0.08527117967605591
1,target,22,0.2123718112707138,0.4126804769039154,0.055867791175842285
1,target,23,0.18599450588226318,0.3643016219139099,0.08089333772659302
1,target,24,0.2582508623600006,0.30575084686279297,0.029504776000976562
1,target,25,0.30948275327682495,0.245319202542305,0.20767825841903687
1,target,26,0.28767576813697815,0.3017633557319641,0.20062947273254395
1,target,27,-0.002773083746433258,0.27446720004081726,0.2938915491104126
1,target,28,0.3306911289691925,0.2513657212257385,0.3173554539680481
1,target,29,0.264348566532135,0.3210816979408264,0.23057514429092407
1,target,30,0.2785552144050598,0.49001336097717285,0.1113349199295044
1,target,31,0.2637138366699219,0.34994348883628845,0.01564115285873413
1,target,32,0.46617943048477173,0.30805057287216187,0.07954192161560059
1,target,33,0.4060559868812561,0.3179433345794678,0.021948158740997314
1,target,34,0.4135068655014038,0.35826870799064636,0.12381023168563843
1,target,35,0.4036863446235657,0.20511513948440552,0.18755406141281128
1,target,36,0.21105976402759552,0.3718920648097992,0.37939417362213135
1,target,37,0.34081268310546875,0.4000932574272156,0.13314485549926758
1,target,38,0.3297500014305115,0.34709200263023376,0.15614867210388184
1,target,39,0.29919731616973877,0.26920071244239807,0.1363651156425476
1,target,40,0.3754320740699768,0.3603644371032715,0.3212881088256836
1,target,41,0.3202430009841919,0.4613596200942993,0.21499305963516235
1,target,42,0.27929961681365967,0.3742605447769165,0.09881323575973511
1,target,43,0.27565085887908936,0.3913194537162781,0.19851350784301758
1,target,44,0.26121920347213745,0.580407977104187,0.007962942123413086
1,target,45,0.19441840052604675,0.5486019849777222,-0.037532806396484375
1,target,46,0.10913517326116562,0.3399190306663513,0.023104727268218994
1,target,47,0.19503195583820343,0.3219016194343567,0.02663397789001465
1,target,48,0.27093544602394104,0.6681989431381226,-0.09228110313415527
1,target,49,0.37315833568573,0.32301801443099976,0.19187545776367188
1,target,50,0.5162990093231201,-0.06101009249687195,-0.2965877652168274
1,target,51,0.5835237503051758,-0.17593258619308472,-0.17665016651153564
1,target,52,0.7324728965759277,-0.2932584881782532,-0.2381773293018341
1,target,53,0.5940406322479248,-0.25711286067962646,-0.26877427101135254
1,target,54,0.6348961591720581,0.01432541012763977,0.04935973882675171
1,target,55,0.5814539790153503,-0.05712312459945679,0.046740174293518066
1,target,56,0.6440586447715759,-0.2260209023952484,0.042444586753845215
1,target,57,0.6350752115249634,-0.22561216354370117,-0.07697027921676636
1,target,58,0.6111727356910706,0.008167922496795654,-0.05517059564590454
1,target,59,0.6752279996871948,-0.07118411362171173,-0.10133326053619385
1,target,60,0.47406506538391113,-0.1390724778175354,-0.08954954147338867
1,target,61,0.5837191343307495,-0.3140431046485901,-0.1669180989265442
1,target,62,0.5463845729827881,-0.3651772439479828,-0.12196230888366699
1,target,63,0.44728195667266846,-0.2954161763191223,-0.2612423896789551
2,source,0,0.7816980481147766,0.6047885417938232,-0.03472268581390381
2,source,1,0.9504430294036865,0.156896710395813,-0.42896270751953125
2,source,2,0.6050232648849487,-0.11688205599784851,-0.7806296944618225
2,source,3,0.9260814785957336,0.4639277458190918,-0.6521167159080505
2,source,4,0.8058645129203796,-0.14141491055488586,-0.2286980152130127
2,source,5,0.8257521390914917,-1.0578269958496094,0.8643685579299927
2,source,6,0.6218267679214478,-0.7304856777191162,-0.09005427360534668
2,source,7,0.8527472615242004,-0.36492428183555603,0.5582102537155151
2,source,8,0.479342520236969,-0.5612457990646362,0.2137095332145691
2,source,9,1.1339530944824219,0.3563573658466339,0.48936283588409424
2,source,10,1.1359105110168457,0.28428852558135986,0.5610506534576416
2,source,11,1.185097575187683,-0.049563080072402954,0.5823236703872681
2,source,12,1.0712952613830566,0.41591164469718933,0.6319589614868164
2,source,13,0.7711261510848999,0.1961403489112854,-0.03365558385848999
2,source,14,0.9919344782829285,0.016898542642593384,-0.1353011131286621
2,source,15,0.7657518982887268,0.07559221982955933,-0.4961615800857544
2,source,16,0.6338985562324524,0.1382145881652832,-0.4706305265426636
2,source,17,0.7299068570137024,-0.2454318404197693,0.4224812984466553
2,source,18,0.98769611120224,-0.5373767614364624,0.4805227518081665
2,source,19,0.7617891430854797,-0.1645457148551941,0.025813281536102295
2,source,20,1.0571485757827759,-0.4864497482776642,0.20796608924865723
2,source,21,0.5230261087417603,-0.8862558603286743,0.11314117908477783
2,source,22,1.0369971990585327,-0.12374129891395569,0.5208404064178467
2,source,23,0.8447051048278809,-0.01436479389667511,0.160675048828125
2,source,24,0.6714943051338196,-0.2620258629322052,0.005960226058959961
2,source,25,0.861471951007843,-0.03209811449050903,-0.6924425959587097
2,source,26,1.127676010131836,0.5113519430160522,-0.34068259596824646
2,source,27,1.022273302078247,0.15810059010982513,-0.6977180242538452
2,source,28,0.5259397625923157,0.07580844312906265,-1.0446199178695679
2,source,29,1.0599591732025146,0.2586813271045685,0.001972377300262451
2,source,30,0.6075929403305054,-0.1569816768169403,-0.50392746925354
2,source,31,1.0080146789550781,-0.5057307481765747,0.16603529453277588
2,source,32,1.0990862846374512,-0.48588868975639343,0.17534232139587402
2,source,33,0.5522991418838501,-0.23117315769195557,-0.5210506916046143
2,source,34,0.547173261642456,-0.08652558922767639,-0.4961572289466858
2,source,35,0.7013205289840698,-0.20221561193466187,-0.517019510269165
2,source,36,0.4599305987358093,-0.5354959964752197,-0.2293875515460968
2,source,37,0.40783941745758057,-0.19064071774482727,-0.3934178650379181
2,source,38,0.7606477737426758,0.028883233666419983,-0.3901154100894928
2,source,39,0.5744892954826355,-0.29177501797676086,-0.32706940174102783
2,source,40,0.8747785091400146,0.49152427911758423,0.08782285451889038
2,source,41,0.7801228165626526,0.4515971839427948,0.5124242305755615
2,source,42,0.3705505132675171,0.18751199543476105,0.19364875555038452
2,source,43,0.46124500036239624,0.42581984400749207,0.1364172101020813
2,source,44,0.27195435762405396,0.29396724700927734,0.005742430686950684
2,source,45,0.35999488830566406,0.41743460297584534,0.12119793891906738
2,source,46,0.30228424072265625,0.5497466325759888,-0.4558527171611786
2,source,47,0.9402316212654114,1.0418102741241455,-0.1022101640701294
2,source,48,0.9762868881225586,0.9602392911911011,0.025472939014434814
2,source,49,0.3435502052307129,0.614389181137085,-0.44295692443847656
2,source,50,0.45995813608169556,0.4214962422847748,-0.03672051429748535
2,source,51,1.148110032081604,0.5457842350006104,-0.22719576954841614
2,source,52,0.9298566579818726,0.5654717683792114,-0.3009472191333771
2,source,53,1.1709909439086914,0.6335549354553223,-0.15692371129989624
2,source,54,1.0476950407028198,0.24338042736053467,-0.19975215196609497
2,source,55,1.1465092897415161,0.5329939126968384,0.17251139879226685
2,source,56,1.1762231588363647,0.7976264953613281,0.1673194169998169
2,source,57,1.0610835552215576,0.6450698971748352,-0.191523015499115
2,source,58,1.2872118949890137,0.43581822514533997,0.15227437019348145
2,source,59,1.1997568607330322,0.7901837825775146,-0.024589896202087402
2,source,60,1.0237616300582886,0.8713361024856567,-0.199491947889328
2,source,61,0.7504881024360657,0.9554909467697144,-0.18843525648117065
2,source,62,0.565204918384552,0.6664276123046875,-0.450644314289093
2,source,63,0.8897068500518799,0.7540905475616455,-0.31182461977005005
2,target,0,0.3837495446205139,0.19630105793476105,-0.387973427772522
2,target,1,0.3987165093421936,0.14361107349395752,-0.1883854866027832
2,target,2,0.3367195725440979,0.23400112986564636,-0.34099280834198
2,target,3,0.34628385305404663,0.37334007024765015,-0.3877740800380707
2,target,4,0.41358786821365356,0.19839000701904297,-0.12367832660675049
2,target,5,0.49604928493499756,0.1467689424753189,-0.2924201190471649
2,target,6,0.41183507442474365,0.061866603791713715,-0.33936965465545654
2,target,7,0.4137679934501648,0.135323628783226,-0.3625723421573639
2,target,8,0.5172459483146667,0.04894676059484482,-0.3238130807876587
2,target,9,0.45191746950149536,0.1383325308561325,-0.32288751006126404
2,target,10,0.400271475315094,0.09405198693275452,-0.37206122279167175
2,target,11,0.31864604353904724,0.2631579637527466,-0.3814537525177002
2,target,12,0.2555673122406006,0.08441527932882309,-0.32337912917137146
2,target,13,0.15225379168987274,0.03491175174713135,-0.3309021294116974
2,target,14,0.309481680393219,0.17966097593307495,-0.2598179876804352
2,target,15,0.32965344190597534,0.19244404137134552,-0.17540299892425537
2,target,16,0.2257821261882782,0.2423238456249237,-0.333191454410553
2,target,17,0.3021833002567291,0.15800119936466217,-0.2575726807117462
2,target,18,0.2934111952781677,0.1958722621202469,-0.22437343001365662
2,target,19,0.38121843338012695,0.15930376946926117,-0.23362216353416443
2,target,20,0.2196570485830307,0.3002653419971466,-0.4167030453681946
2,target,21,0.3143587112426758,0.33183014392852783,-0.2383151352405548
2,target,22,0.29589664936065674,0.24044233560562134,-0.3357289135456085
2,target,23,0.3644312024116516,0.31446027755737305,-0.2694453299045563
2,target,24,0.4700564742088318,0.21875736117362976,-0.38608095049858093
2,target,25,0.4651874303817749,0.16537968814373016,-0.15921270847320557
2,target,26,0.4028322100639343,0.3030248284339905,-0.13502943515777588
2,target,27,0.08863929659128189,0.05703043192625046,-0.16486364603042603
2,target,28,0.4247779846191406,0.10975344479084015,-0.027108490467071533
2,target,29,0.41744786500930786,0.04884880781173706,-0.2747567594051361
2,target,30,0.28398579359054565,0.17400066554546356,-0.31664833426475525
2,target,31,0.4142955541610718,0.18622933328151703,-0.3639880120754242
2,target,32,0.4557257890701294,0.03540421277284622,-0.24752357602119446
2,target,33,0.4389325976371765,0.08897970616817474,-0.2775041162967682
2,target,34,0.4813699722290039,0.2642534077167511,-0.12747561931610107
2,target,35,0.466926634311676,0.17168346047401428,-0.20332542061805725
2,target,36,0.26231539249420166,0.05312294512987137,-0.21125513315200806
2,target,37,0.3879963755607605,0.3330802321434021,-0.19312834739685059
2,target,38,0.4035468101501465,0.15916737914085388,-0.20300373435020447
2,target,39,0.4037025570869446,0.23815792798995972,-0.20797187089920044
2,target,40,0.2246449887752533,0.12501370906829834,-0.15069961547851562
2,target,41,0.2255515158176422,0.14940893650054932,-0.1556728482246399
2,target,42,0.24389883875846863,0.08063720911741257,-0.17346948385238647
2,target,43,0.23286768794059753,0.07043802738189697,-0.18368464708328247
2,target,44,0.17577967047691345,0.36735281348228455,-0.3267475664615631
2,target,45,0.26874053478240967,0.2408471703529358,-0.37482619285583496
2,target,46,0.2792590856552124,0.12392669916152954,-0.3969247043132782
2,target,47,0.34747451543807983,0.11746040731668472,-0.4174274504184723
2,target,48,0.3146078586578369,0.26584452390670776,-0.49986493587493896
2,target,49,0.3629348874092102,0.19808745384216309,-0.13564658164978027
2,target,50,0.5536460876464844,-0.044701024889945984,-0.6348430514335632
2,target,51,0.4590415358543396,-0.1349581480026245,-0.50726318359375
2,target,52,0.5470109581947327,-0.2256094515323639,-0.535327672958374
2,target,53,0.2906695306301117,-0.03378182649612427,-0.3529217839241028
2,target,54,0.4702766537666321,0.06558607518672943,-0.26642364263534546
2,target,55,0.5087865591049194,0.0419842004776001,-0.22453433275222778
2,target,56,0.6620209813117981,-0.23487290740013123,-0.2826828360557556
2,target,57,0.60813307762146,-0.24611666798591614,-0.3372577428817749
2,target,58,0.5872944593429565,-0.04801097512245178,-0.30619800090789795
2,target,59,0.5907220244407654,-0.10614728927612305,-0.31469374895095825
2,target,60,0.31380173563957214,0.020083948969841003,-0.2990369498729706
2,target,61,0.5538994073867798,-0.2165532112121582,-0.35782092809677124
2,target,62,0.5546866655349731,-0.45831921696662903,-0.42150890827178955
2,target,63,0.37597036361694336,-0.3451617658138275,-0.4236864149570465
3,source,0,0.6910530924797058,0.45426905155181885,-0.03989064693450928
3,source,1,0.6750346422195435,-6.438791751861572e-05,-0.4473320543766022
3,source,2,0.30718037486076355,-0.28504011034965515,-0.5451387166976929
3,source,3,0.625908613204956,0.2255033254623413,-0.47892630100250244
3,source,4,0.7015559673309326,-0.35013285279273987,-0.12108105421066284
3,source,5,0.7965022921562195,-1.175148844718933,0.6625955104827881
3,source,6,0.4521560072898865,-0.8243066072463989,-0.0915689468383789
3,source,7,0.6744629144668579,-0.4982486665248871,0.484657883644104
3,source,8,0.35197025537490845,-0.6271166801452637,0.20111989974975586
3,source,9,0.9039484858512878,0.18876618146896362,0.5105526447296143
3,source,10,0.9132363200187683,0.08650976419448853,0.5442978143692017
3,source,11,0.7760182023048401,-0.2045762836933136,0.6080248355865479
3,source,12,0.8926752209663391,0.33207616209983826,0.6523195505142212
3,source,13,0.5949938893318176,0.05503665655851364,0.1394749879837036
3,source,14,0.8579504489898682,-0.21150347590446472,-0.04374891519546509
3,source,15,0.5825537443161011,-0.1432173252105713,-0.32875069975852966
3,source,16,0.4924127459526062,-0.03662844002246857,-0.4656069874763489
3,source,17,0.5633677244186401,-0.33896130323410034,0.39313554763793945
3,source,18,0.7150056958198547,-0.5473192930221558,0.18336480855941772
3,source,19,0.5816032290458679,-0.4027712643146515,0.016389429569244385
3,source,20,0.8326383829116821,-0.7255561351776123,0.055010318756103516
3,source,21,0.35319995880126953,-1.0959033966064453,-0.015558719635009766
3,source,22,0.8474932312965393,-0.2798045873641968,0.32677972316741943
3,source,23,0.6963045597076416,-0.0745149552822113,0.18288487195968628
3,source,24,0.5333602428436279,-0.471936970949173,-0.1845686137676239
3,source,25,0.5871981978416443,-0.1664656698703766,-0.5408611297607422
3,source,26,0.8513011336326599,0.20635932683944702,-0.20667317509651184
3,source,27,0.8023242354393005,-0.08499370515346527,-0.5831822156906128
3,source,28,0.4083212614059448,-0.15007683634757996,-0.900037407875061
3,source,29,0.8747952580451965,0.1012352854013443,-0.028813481330871582
3,source,30,0.4556747078895569,-0.26904815435409546,-0.3031197786331177
3,source,31,0.861457884311676,-0.5804672241210938,0.084902822971344
3,source,32,0.8994385004043579,-0.4706815183162689,0.16661715507507324
3,source,33,0.36993616819381714,-0.3369676172733307,-0.4687546491622925
3,source,34,0.4732401371002197,-0.09606219828128815,-0.2972346246242523
3,source,35,0.3103211522102356,-0.1502101719379425,-0.517435610294342
3,source,36,0.3347402811050415,-0.5241745710372925,-0.24572014808654785
3,source,37,0.3726024031639099,-0.2616936266422272,-0.38251376152038574
3,source,38,0.7401674389839172,-0.10607632994651794,-0.24601057171821594
3,source,39,0.39245229959487915,-0.2875311076641083,-0.27990227937698364
3,source,40,0.7671276330947876,0.25074413418769836,0.029811739921569824
3,source,41,0.7087579965591431,0.21809954941272736,0.3374987840652466
3,source,42,0.2277839332818985,0.08492366224527359,0.12280505895614624
3,source,43,0.36838871240615845,0.3577288091182709,0.17396432161331177
3,source,44,0.12668457627296448,0.21900875866413116,0.04497164487838745
3,source,45,0.2547255754470825,0.26534509658813477,0.2643424868583679
3,source,46,0.31580430269241333,0.5200024247169495,-0.3393625020980835
3,source,47,0.7821243405342102,0.8198714256286621,-0.04963350296020508
3,source,48,0.8402727842330933,0.7977404594421387,-0.036122798919677734
3,source,49,0.18848751485347748,0.5791547298431396,-0.3717305660247803
3,source,50,0.16974961757659912,0.4596485197544098,-0.05054199695587158
3,source,51,1.006598949432373,0.32424670457839966,-0.10014897584915161
3,source,52,0.8015013337135315,0.393251895904541,-0.1331447958946228
3,source,53,0.9382969737052917,0.4305397868156433,-0.18385064601898193
3,source,54,0.8498026132583618,0.13563703000545502,-0.12068039178848267
3,source,55,0.958640992641449,0.3023293614387512,0.0496101975440979
3,source,56,1.0046859979629517,0.611786961555481,-0.009370207786560059
3,source,57,0.8913554549217224,0.49551549553871155,-0.1761258840560913
3,source,58,1.071662187576294,0.30478236079216003,0.04883795976638794
3,source,59,0.9923095703125,0.6447188854217529,-0.08990722894668579
3,source,60,0.9109160900115967,0.6085342168807983,-0.15627604722976685
3,source,61,0.7705546617507935,0.737316370010376,-0.06748050451278687
3,source,62,0.4339869022369385,0.5568361282348633,-0.3147410750389099
3,source,63,0.7751191258430481,0.5567953586578369,-0.2871384918689728
3,target,0,0.16532793641090393,0.10359670221805573,-0.22535541653633118
3,target,1,0.13189421594142914,0.07141882181167603,-0.15061569213867188
3,target,2,0.1041768491268158,0.09618870913982391,-0.23735380172729492
3,target,3,0.08409402519464493,0.29475629329681396,-0.28450411558151245
3,target,4,0.2893967032432556,-0.03675641119480133,-0.0010637640953063965
3,target,5,0.2505455017089844,0.10457540303468704,-0.2565465569496155
3,target,6,0.19852402806282043,0.022831708192825317,-0.2594926953315735
3,target,7,0.18163391947746277,0.09857769310474396,-0.27669042348861694
3,target,8,0.2050049901008606,0.09210751205682755,-0.26139819622039795
3,target,9,0.23092547059059143,0.06145665794610977,-0.30300241708755493
3,target,10,0.1928812563419342,0.0850304514169693,-0.2261084020137787
3,target,11,0.04139835014939308,0.24204424023628235,-0.13656282424926758
3,target,12,0.05480627715587616,0.11040139198303223,-0.27189990878105164
3,target,13,-0.10486675798892975,0.08334724605083466,-0.16334742307662964
3,target,14,0.16879524290561676,0.10523906350135803,-0.1955266296863556
3,target,15,0.11448772251605988,0.17115943133831024,-0.12300777435302734
3,target,16,0.03984108194708824,0.25900799036026,-0.28028059005737305
3,target,17,0.0758899599313736,0.18035788834095,-0.1854850947856903
3,target,18,0.05518144369125366,0.24265950918197632,-0.15315508842468262
3,target,19,0.13665391504764557,0.17813873291015625,-0.17908018827438354
3,target,20,-0.038900963962078094,0.3121233880519867,-0.20573562383651733
3,target,21,0.17075321078300476,0.2539140582084656,-0.1921311616897583
3,target,22,0.11256811022758484,0.28542688488960266,-0.16229850053787231
3,target,23,0.11079908907413483,0.2750440239906311,-0.13777971267700195
3,target,24,0.15189512073993683,0.1918105036020279,-0.29108479619026184
3,target,25,0.13487839698791504,0.18960660696029663,-0.1811113953590393
3,target,26,0.14932024478912354,0.20095454156398773,-0.014316380023956299
3,target,27,-0.03435586392879486,-0.05508381128311157,-0.10061347484588623
3,target,28,0.2892415523529053,-0.07527825236320496,-0.07122468948364258
3,target,29,0.16091421246528625,0.0810249075293541,-0.08572548627853394
3,target,30,0.07930269092321396,0.20381590723991394,-0.32452547550201416
3,target,31,0.18769904971122742,0.13321207463741302,-0.340603232383728
3,target,32,0.30227792263031006,-0.05874261260032654,-0.18316644430160522
3,target,33,0.20562033355236053,0.0491541251540184,-0.23370295763015747
3,target,34,0.21847385168075562,0.16564275324344635,-0.22604146599769592
3,target,35,0.2928684949874878,-0.01739215850830078,-0.27064070105552673
3,target,36,0.11712956428527832,-0.01643642783164978,-0.021641910076141357
3,target,37,0.1369658261537552,0.2772916853427887,-0.13585048913955688
3,target,38,0.1871286928653717,0.17033541202545166,-0.17908385396003723
3,target,39,0.14027979969978333,0.1957470029592514,-0.11879181861877441
3,target,40,0.08848189562559128,-0.052501603960990906,-0.19354119896888733
3,target,41,0.02275216206908226,0.06644203513860703,-0.11102843284606934
3,target,42,0.009581245481967926,0.0011612027883529663,-0.13577711582183838
3,target,43,-0.02064056694507599,0.01975780725479126,-0.1308940052986145
3,target,44,-0.020944274961948395,0.3322244882583618,-0.19920223951339722
3,target,45,0.033490125089883804,0.31120193004608154,-0.3165423274040222
3,target,46,0.03130694106221199,0.11777407675981522,-0.2847135066986084
3,target,47,0.08907733857631683,0.06433811783790588,-0.3174363672733307
3,target,48,0.05785830318927765,0.33168989419937134,-0.3540557026863098
3,target,49,0.21481381356716156,0.02875109761953354,-0.1969882845878601
3,target,50,0.3564067482948303,-0.09090889990329742,-0.5093353986740112
3,target,51,0.3051352798938751,-0.1658487617969513,-0.3867948651313782
3,target,52,0.33865559101104736,-0.34157320857048035,-0.5558870434761047
3,target,53,0.22376923263072968,-0.13777071237564087,-0.44449111819267273
3,target,54,0.4203958511352539,-0.07312615215778351,-0.17663148045539856
3,target,55,0.3485320210456848,-0.08079668879508972,-0.32794082164764404
3,target,56,0.3987245559692383,-0.2303088903427124,-0.24491062760353088
3,target,57,0.36051154136657715,-0.169189453125,-0.3266904354095459
3,target,58,0.4444996118545532,-0.0764196366071701,-0.3601573705673218
3,target,59,0.4041110873222351,-0.1821776032447815,-0.3477858901023865
3,target,60,0.17774391174316406,-0.16563913226127625,-0.2659955322742462
3,target,61,0.2877170443534851,-0.1362270712852478,-0.3602794110774994
3,target,62,0.2545592188835144,-0.34275496006011963,-0.2825607657432556
3,target,63,0.17306458950042725,-0.23287642002105713,-0.2825033962726593
4,source,0,0.7428752779960632,0.6186904311180115,-0.31306952238082886
4,source,1,0.8517499566078186,0.09509245306253433,-0.8561262488365173
4,source,2,0.5185275077819824,0.06540855765342712,-0.9657596945762634
4,source,3,0.7843006253242493,0.47474145889282227,-0.8022087812423706
4,source,4,0.7190809845924377,0.045949868857860565,-0.40158963203430176
4,source,5,0.9889593124389648,-0.8257651329040527,0.7137476205825806
4,source,6,0.6797144412994385,-0.5134484767913818,-0.27491694688796997
4,source,7,0.7958535552024841,-0.2393244206905365,0.5502067804336548
4,source,8,0.352733314037323,-0.2851225733757019,0.194505512714386
4,source,9,0.8020817041397095,0.402737557888031,0.3054935932159424
4,source,10,0.8124600052833557,0.31914228200912476,0.47949469089508057
4,source,11,0.9880144596099854,0.03209216147661209,0.465360164642334
4,source,12,0.685590922832489,0.35909152030944824,0.560921311378479
4,source,13,0.6754940152168274,0.33057498931884766,-0.30224668979644775
4,source,14,0.9584450125694275,0.11144895851612091,-0.2733350396156311
4,source,15,0.667789876461029,0.25133347511291504,-0.5453965663909912
4,source,16,0.6242466568946838,0.3077775239944458,-0.578835129737854
4,source,17,0.6441976428031921,-0.14512667059898376,0.20814847946166992
4,source,18,0.8591891527175903,-0.2679787576198578,0.2198774218559265
4,source,19,0.9330065250396729,-0.21754807233810425,-0.2390580177307129
4,source,20,1.0282957553863525,-0.44246557354927063,-0.01135188341140747
4,source,21,0.397843599319458,-0.6047593355178833,0.05092787742614746
4,source,22,1.0063875913619995,-0.10455337166786194,0.4379746913909912
4,source,23,0.9015724658966064,0.12668786942958832,-0.03631776571273804
4,source,24,0.6954066753387451,-0.1963416337966919,-0.274139940738678
4,source,25,0.7996395826339722,0.05063419044017792,-0.7958889007568359
4,source,26,0.9231426119804382,0.4164540469646454,-0.45157501101493835
4,source,27,0.8672929406166077,0.18565167486667633,-0.9399628043174744
4,source,28,0.5202184915542603,0.0907202810049057,-1.061103343963623
4,source,29,0.9951465129852295,0.2888997197151184,-0.3295556902885437
4,source,30,0.525881290435791,0.03386513888835907,-0.6419884562492371
4,source,31,1.019361138343811,-0.2989247739315033,-0.053909897804260254
4,source,32,1.0052800178527832,-0.24359366297721863,-0.15401625633239746
4,source,33,0.34807008504867554,0.014724433422088623,-0.8240149021148682
4,source,34,0.47241997718811035,0.35362327098846436,-0.6745510697364807
4,source,35,0.34721821546554565,-0.05387048423290253,-0.7574173808097839
4,source,36,0.6045922636985779,-0.28306499123573303,-0.5196089744567871
4,source,37,0.31934428215026855,0.053599387407302856,-0.6198492050170898
4,source,38,0.630371630191803,0.23735874891281128,-0.5174569487571716
4,source,39,0.5218181014060974,0.05424340069293976,-0.5930315852165222
4,source,40,0.8174014091491699,0.3132238984107971,-0.14220046997070312
4,source,41,0.7786587476730347,0.3659474849700928,0.19263863563537598
4,source,42,0.10603144764900208,0.2731306552886963,-0.2802109122276306
4,source,43,0.2185600847005844,0.47162774205207825,-0.16941404342651367
4,source,44,-0.08014936745166779,0.35878634452819824,-0.2715802788734436
4,source,45,0.09054861217737198,0.406634122133255,-0.0974169373512268
4,source,46,0.3431409001350403,0.6525559425354004,-0.8354753851890564
4,source,47,0.9171440601348877,1.0354410409927368,-0.4245203733444214
4,source,48,0.9197221398353577,0.8657394647598267,-0.39431992173194885
4,source,49,0.2771309018135071,0.6423336267471313,-0.8274635076522827
4,source,50,0.3659318685531616,0.45312920212745667,-0.47193437814712524
4,source,51,1.0244802236557007,0.49745503067970276,-0.48613986372947693
4,source,52,0.9077872633934021,0.5448108315467834,-0.5001368522644043
4,source,53,1.0644789934158325,0.44497716426849365,-0.5427150726318359
4,source,54,1.0029128789901733,0.37544238567352295,-0.3716657757759094
4,source,55,1.0455660820007324,0.402279257774353,-0.17403221130371094
4,source,56,1.0663325786590576,0.7038516998291016,-0.2954113483428955
4,source,57,1.0509154796600342,0.5996904373168945,-0.4676016569137573
4,source,58,1.2261799573898315,0.4223698079586029,-0.18218901753425598
4,source,59,1.1324684619903564,0.7124663591384888,-0.37656211853027344
4,source,60,0.9164575934410095,0.8060789108276367,-0.491737425327301
4,source,61,0.7987768054008484,0.9041295051574707,-0.4657280147075653
4,source,62,0.4781649708747864,0.7773739099502563,-0.6280001401901245
4,source,63,0.8204584717750549,0.7944718599319458,-0.5530086159706116
4,target,0,0.2349722683429718,0.3184361755847931,-0.6422960758209229
4,target,1,0.15345832705497742,0.2590945363044739,-0.5201089382171631
4,target,2,0.05162946134805679,0.25399285554885864,-0.6478002667427063
4,target,3,0.06540334969758987,0.36344167590141296,-0.6390781402587891
4,target,4,0.2828940451145172,0.20692959427833557,-0.4267040193080902
4,target,5,0.20016956329345703,0.26358872652053833,-0.7288429737091064
4,target,6,0.19906115531921387,0.3143768608570099,-0.7143346071243286
4,target,7,0.10742080211639404,0.3852075934410095,-0.7095189094543457
4,target,8,0.21559250354766846,0.341709166765213,-0.6627808809280396
4,target,9,0.1563657820224762,0.2902996242046356,-0.7017297744750977
4,target,10,0.13404232263565063,0.25831884145736694,-0.6203018426895142
4,target,11,-0.021812804043293,0.3475814461708069,-0.7147499322891235
4,target,12,-0.05428458750247955,0.22813884913921356,-0.7046604156494141
4,target,13,-0.037645548582077026,0.24494963884353638,-0.5420223474502563
4,target,14,0.050695180892944336,0.15807126462459564,-0.5714491009712219
4,target,15,0.13602358102798462,0.3365148901939392,-0.4658185541629791
4,target,16,0.009377270936965942,0.3022926449775696,-0.6470881700515747
4,target,17,0.08672160655260086,0.3006811738014221,-0.5818614363670349
4,target,18,0.0443483367562294,0.3174985647201538,-0.5667557120323181
4,target,19,0.1241876557469368,0.3487696945667267,-0.550753116607666
4,target,20,-0.0659310519695282,0.42986831068992615,-0.6115306615829468
4,target,21,0.12664388120174408,0.413652628660202,-0.48767128586769104
4,target,22,0.1462782621383667,0.39456111192703247,-0.5649849772453308
4,target,23,0.1419028788805008,0.3526952564716339,-0.5217450261116028
4,target,24,0.25052592158317566,0.337423712015152,-0.6805787086486816
4,target,25,0.24931007623672485,0.33058983087539673,-0.5506104230880737
4,target,26,0.12339948117733002,0.37546950578689575,-0.5189111828804016
4,target,27,-0.03219986706972122,0.12792527675628662,-0.5229758024215698
4,target,28,0.30463743209838867,0.21580564975738525,-0.4812989830970764
4,target,29,0.07194215059280396,0.31432783603668213,-0.5040271878242493
4,target,30,0.01807982474565506,0.3621579706668854,-0.7578880786895752
4,target,31,0.12452162057161331,0.325708270072937,-0.6947330832481384
4,target,32,0.2329062968492508,0.24412444233894348,-0.7405859231948853
4,target,33,0.3105000853538513,0.3162391781806946,-0.6686111092567444
4,target,34,0.24068599939346313,0.3455662727355957,-0.7624814510345459
4,target,35,0.29268717765808105,0.26406222581863403,-0.6747620105743408
4,target,36,0.07236895710229874,0.2265687882900238,-0.44177740812301636
4,target,37,0.14611171185970306,0.3879257142543793,-0.47591084241867065
4,target,38,0.22049865126609802,0.31020697951316833,-0.5860310196876526
4,target,39,0.1879349648952484,0.31590735912323,-0.47811299562454224
4,target,40,0.06876720488071442,0.23915725946426392,-0.6948673725128174
4,target,41,-0.09978395700454712,0.35721009969711304,-0.5981040000915527
4,target,42,-0.026795022189617157,0.26236990094184875,-0.6303461194038391
4,target,43,-0.05037979781627655,0.2478385865688324,-0.6144738793373108
4,target,44,-0.06699320673942566,0.44953620433807373,-0.5127221345901489
4,target,45,-0.02061474323272705,0.3938688039779663,-0.6736066341400146
4,target,46,0.10092218220233917,0.24235862493515015,-0.7137333750724792
4,target,47,0.09879285842180252,0.24311870336532593,-0.6727815866470337
4,target,48,0.03962831571698189,0.3626684844493866,-0.7011178135871887
4,target,49,0.25238582491874695,0.2941032648086548,-0.6095938682556152
4,target,50,0.4675450325012207,0.21984612941741943,-0.7932155132293701
4,target,51,0.5254902243614197,-0.007411494851112366,-0.6886250972747803
4,target,52,0.40378010272979736,0.007839888334274292,-0.7197858095169067
4,target,53,0.3372664451599121,0.08657453209161758,-0.6627786159515381
4,target,54,0.5277247428894043,0.07979687303304672,-0.30477142333984375
4,target,55,0.4489735960960388,0.08446144312620163,-0.5737765431404114
4,target,56,0.5508655905723572,0.005266934633255005,-0.5877225995063782
4,target,57,0.5187370181083679,-0.00498335063457489,-0.6302754878997803
4,target,58,0.5782046318054199,0.06933920830488205,-0.6584033370018005
4,target,59,0.5997257828712463,-0.020850464701652527,-0.6685628294944763
4,target,60,0.24089041352272034,0.10128547251224518,-0.6041079163551331
4,target,61,0.36263805627822876,0.11054062843322754,-0.6528953313827515
4,target,62,0.3943834900856018,-0.04150083661079407,-0.7153754234313965
4,target,63,0.24033625423908234,0.10291214287281036,-0.5477073192596436
5,source,0,0.633182168006897,0.3303888440132141,-0.4809156656265259
5,source,1,0.7212858200073242,-0.11938783526420593,-0.9665194749832153
5,source,2,0.23936471343040466,-0.1743793785572052,-0.9689303636550903
5,source,3,0.6469838619232178,0.21473348140716553,-1.00130295753479
5,source,4,0.5855161547660828,-0.28005874156951904,-0.6132581233978271
5,source,5,0.8830151557922363,-1.2639126777648926,0.23692435026168823
5,source,6,0.503585159778595,-0.8945623636245728,-0.3672684133052826
5,source,7,0.6784700155258179,-0.5364139080047607,0.22772347927093506
5,source,8,0.315592885017395,-0.6271569728851318,0.044090211391448975
5,source,9,0.7404313087463379,0.05629648268222809,-0.07544535398483276
5,source,10,0.7831104397773743,-0.06563742458820343,0.03929835557937622
5,source,11,0.9266782402992249,-0.42185327410697937,0.19178205728530884
5,source,12,0.6642173528671265,-0.045007288455963135,0.2007206678390503
5,source,13,0.5673317313194275,-0.014374643564224243,-0.46169453859329224
5,source,14,0.8534996509552002,-0.28194162249565125,-0.5541542768478394
5,source,15,0.5828860998153687,-0.11131277680397034,-0.7010859251022339
5,source,16,0.5232908725738525,-0.013474956154823303,-0.8180050253868103
5,source,17,0.5720435976982117,-0.5322985649108887,0.0032387971878051758
5,source,18,0.7406858801841736,-0.6735754013061523,-0.19087037444114685
5,source,19,0.722460150718689,-0.40423670411109924,-0.32863184809684753
5,source,20,0.9691421389579773,-0.7598445415496826,-0.2166433334350586
5,source,21,0.3695104718208313,-0.9097448587417603,-0.25195086002349854
5,source,22,0.9654285311698914,-0.5186609029769897,0.026899099349975586
5,source,23,0.6960038542747498,-0.18651831150054932,-0.18128782510757446
5,source,24,0.5602222084999084,-0.5452097654342651,-0.4196006655693054
5,source,25,0.6143265962600708,-0.17119508981704712,-0.90848308801651
5,source,26,0.7659637331962585,0.13854742050170898,-0.833004355430603
5,source,27,0.7446481585502625,-0.026843294501304626,-1.0151946544647217
5,source,28,0.39463651180267334,-0.20025479793548584,-1.0972959995269775
5,source,29,0.8319498300552368,-0.044482484459877014,-0.5989021062850952
5,source,30,0.37674182653427124,-0.2961764633655548,-0.6900734305381775
5,source,31,0.8373391032218933,-0.6918692588806152,-0.36370131373405457
5,source,32,0.7442287802696228,-0.5367163419723511,-0.3811105787754059
5,source,33,0.130476176738739,-0.2450316846370697,-0.8640739321708679
5,source,34,0.3287231922149658,0.07987125962972641,-0.7758046388626099
5,source,35,0.07466458529233932,-0.2311202585697174,-0.8965197801589966
5,source,36,0.29683011770248413,-0.48497089743614197,-0.5667095184326172
5,source,37,0.12095676362514496,-0.23779940605163574,-0.7536787390708923
5,source,38,0.5025768876075745,-0.15306636691093445,-0.7418448328971863
5,source,39,0.2957608699798584,-0.2377101182937622,-0.7299759984016418
5,source,40,0.7273308038711548,-0.05311161279678345,-0.3900061547756195
5,source,41,0.705032467842102,-0.0294000506401062,0.022223591804504395
5,source,42,0.004386790096759796,-0.17825692892074585,-0.3109944462776184
5,source,43,0.09872651845216751,0.06293290853500366,-0.24619516730308533
5,source,44,-0.1862332671880722,-0.04559129476547241,-0.40362048149108887
5,source,45,0.012689106166362762,0.0003132820129394531,-0.31575924158096313
5,source,46,0.2754059433937073,0.4958549439907074,-0.8571511507034302
5,source,47,0.7605646252632141,0.7572580575942993,-0.6031045913696289
5,source,48,0.7843843102455139,0.6032275557518005,-0.529158890247345
5,source,49,0.21945719420909882,0.4664258658885956,-0.9358347058296204
5,source,50,0.11030949652194977,0.2889515459537506,-0.527603268623352
5,source,51,0.878890872001648,0.16125763952732086,-0.7142395973205566
5,source,52,0.7600069642066956,0.2234472781419754,-0.7203266024589539
5,source,53,0.8705260157585144,0.2073603719472885,-0.713781476020813
5,source,54,0.8016424179077148,0.06758331507444382,-0.4979892373085022
5,source,55,0.8799751400947571,0.13353924453258514,-0.3957277834415436
5,source,56,0.9323606491088867,0.43310546875,-0.4701107442378998
5,source,57,0.8779082298278809,0.3298402726650238,-0.6626586318016052
5,source,58,1.0218756198883057,0.11957329511642456,-0.5001153945922852
5,source,59,0.9513425827026367,0.4297988712787628,-0.6024742722511292
5,source,60,0.7245989441871643,0.4598503112792969,-0.6844529509544373
5,source,61,0.6203877925872803,0.5687606930732727,-0.6815280318260193
5,source,62,0.2643590569496155,0.38929077982902527,-0.7776957154273987
5,source,63,0.6642343401908875,0.47458332777023315,-0.703121542930603
5,target,0,0.06591162830591202,0.04874427616596222,-0.6357041597366333
5,target,1,-0.010140746831893921,0.029986470937728882,-0.5552173256874084
5,target,2,-0.10766522586345673,0.0724569708108902,-0.5742082595825195
5,target,3,-0.16111759841442108,0.13621683418750763,-0.6081818342208862
5,target,4,0.2344520539045334,0.03192061185836792,-0.47854703664779663
5,target,5,0.08094296604394913,0.156648188829422,-0.7368818521499634
5,target,6,0.060231827199459076,0.09652931243181229,-0.69609534740448
5,target,7,-0.042000263929367065,0.1533263772726059,-0.7379485368728638
5,target,8,0.07835995405912399,0.08660393953323364,-0.7015950679779053
5,target,9,0.028599034994840622,0.0974024087190628,-0.7050469517707825
5,target,10,-0.037319526076316833,-0.0596199631690979,-0.5476799011230469
5,target,11,-0.14450477063655853,0.09635675698518753,-0.6048370003700256
5,target,12,-0.17490790784358978,-0.09306962788105011,-0.6243670582771301
5,target,13,-0.26301509141921997,-0.09437397122383118,-0.5500234365463257
5,target,14,-0.02040993422269821,0.037319473922252655,-0.6013301014900208
5,target,15,0.027657918632030487,0.02184675633907318,-0.456484854221344
5,target,16,-0.17720933258533478,0.1047491580247879,-0.5644408464431763
5,target,17,-0.09999015927314758,0.07062249630689621,-0.5187423825263977
5,target,18,-0.1532495766878128,0.13028036057949066,-0.5228956341743469
5,target,19,-0.06243827939033508,0.08659657835960388,-0.5023461580276489
5,target,20,-0.1981343775987625,0.11043162643909454,-0.5643492937088013
5,target,21,0.06863118708133698,0.11819601058959961,-0.4934123158454895
5,target,22,0.046656470745801926,0.18434244394302368,-0.5124167203903198
5,target,23,0.0608733668923378,0.13517889380455017,-0.5029379725456238
5,target,24,0.07891251146793365,0.16314439475536346,-0.6454243659973145
5,target,25,0.14057791233062744,0.11914783716201782,-0.5704253315925598
5,target,26,0.012556903064250946,0.1119363084435463,-0.52607262134552
5,target,27,-0.18663771450519562,-0.06375540792942047,-0.4981613755226135
5,target,28,0.16002780199050903,-0.02796502411365509,-0.430620938539505
5,target,29,-0.09764862060546875,-0.06345866620540619,-0.4986404776573181
5,target,30,-0.11375635862350464,0.04863559454679489,-0.7101165056228638
5,target,31,-0.03406938165426254,0.001468956470489502,-0.6528787612915039
5,target,32,0.029074113816022873,-0.12427687644958496,-0.6127331256866455
5,target,33,0.0787736251950264,0.08624158054590225,-0.6303166747093201
5,target,34,0.09096451103687286,0.21599683165550232,-0.7163495421409607
5,target,35,0.14136365056037903,0.054193444550037384,-0.6474384665489197
5,target,36,-0.12548193335533142,-0.09715011715888977,-0.48684781789779663
5,target,37,0.08738166093826294,0.13776718080043793,-0.49475419521331787
5,target,38,0.05251263454556465,0.15172749757766724,-0.5476610660552979
5,target,39,0.0895441472530365,0.11496767401695251,-0.4849536120891571
5,target,40,-0.08248889446258545,0.03782586008310318,-0.6516914367675781
5,target,41,-0.16841895878314972,0.1630384624004364,-0.6038713455200195
5,target,42,-0.11286765336990356,0.09967634081840515,-0.6350687742233276
5,target,43,-0.2200523465871811,0.03431584686040878,-0.5825716853141785
5,target,44,-0.17896349728107452,0.1824808418750763,-0.5238006114959717
5,target,45,-0.19692860543727875,0.17674347758293152,-0.647068202495575
5,target,46,-0.10477378964424133,0.03419775515794754,-0.6071950197219849
5,target,47,-0.06795726716518402,-0.00032591819763183594,-0.626828670501709
5,target,48,-0.16274110972881317,0.08231368660926819,-0.6497379541397095
5,target,49,-0.01580013334751129,0.0069388896226882935,-0.5576788783073425
5,target,50,0.397516667842865,-0.05118812620639801,-0.9219448566436768
5,target,51,0.3601657748222351,-0.17012372612953186,-0.7812036275863647
5,target,52,0.28014424443244934,-0.2028953731060028,-0.7552984356880188
5,target,53,0.21402110159397125,-0.15624499320983887,-0.7829076647758484
5,target,54,0.40016287565231323,-0.11309400200843811,-0.5648910999298096
5,target,55,0.37347352504730225,-0.11503380537033081,-0.672996461391449
5,target,56,0.38353151082992554,-0.2132779359817505,-0.693814218044281
5,target,57,0.3668462038040161,-0.19943714141845703,-0.6574592590332031
5,target,58,0.428890585899353,-0.13182184100151062,-0.7441216707229614
5,target,59,0.4776496887207031,-0.21131879091262817,-0.7446955442428589
5,target,60,0.14875921607017517,-0.12959125638008118,-0.6698705554008484
5,target,61,0.2966011166572571,-0.19407466053962708,-0.78666090965271
5,target,62,0.2541942000389099,-0.23408877849578857,-0.8053565621376038
5,target,63,0.13476204872131348,-0.17272642254829407,-0.7190965414047241
6,source,0,0.38988661766052246,0.44271838665008545,-0.2678249478340149
6,source,1,0.3260140120983124,0.11106058955192566,-0.6518175005912781
6,source,2,-0.02214404195547104,0.03690981864929199,-0.7964860796928406
6,source,3,0.27758121490478516,0.31087201833724976,-0.7896696925163269
6,source,4,0.3403424620628357,-0.14072632789611816,-0.3890765607357025
6,source,5,0.5961373448371887,-1.104501724243164,0.5884437561035156
6,source,6,0.34205037355422974,-0.7574458122253418,-0.0668644905090332
6,source,7,0.3888728618621826,-0.4462237060070038,0.5023000240325928
6,source,8,0.08955083042383194,-0.5206485986709595,0.23930680751800537
6,source,9,0.5282472968101501,0.03489968925714493,0.1560910940170288
6,source,10,0.5653474926948547,-0.09341304004192352,0.3946160078048706
6,source,11,0.6372266411781311,-0.38933953642845154,0.3928413391113281
6,source,12,0.48910635709762573,0.0049797892570495605,0.37350165843963623
6,source,13,0.24501650035381317,0.0808081179857254,-0.3008594512939453
6,source,14,0.48752158880233765,-0.1535469889640808,-0.3144790232181549
6,source,15,0.2140994518995285,0.10746599733829498,-0.659074604511261
6,source,16,0.14588946104049683,0.15930278599262238,-0.673373281955719
6,source,17,0.4496273994445801,-0.44710931181907654,0.20507007837295532
6,source,18,0.5561496615409851,-0.6491981744766235,0.29183727502822876
6,source,19,0.35095202922821045,-0.23463046550750732,-0.13127952814102173
6,source,20,0.6339542865753174,-0.5504051446914673,0.14552295207977295
6,source,21,0.0289703831076622,-0.7422813177108765,0.16206610202789307
6,source,22,0.654370129108429,-0.3734258711338043,0.23323529958724976
6,source,23,0.49287378787994385,-0.12012577056884766,-0.022817552089691162
6,source,24,0.24957619607448578,-0.34748396277427673,-0.07950180768966675
6,source,25,0.2805871367454529,-0.01238192617893219,-0.7055014371871948
6,source,26,0.4045463800430298,0.2069050669670105,-0.45987382531166077
6,source,27,0.3573465347290039,0.06636280566453934,-0.7884945869445801
6,source,28,-0.00981990247964859,-0.06355492770671844,-0.8504518270492554
6,source,29,0.5472853183746338,-0.006192803382873535,-0.23594418168067932
6,source,30,0.05710972845554352,-0.08373306691646576,-0.5604100227355957
6,source,31,0.6424093842506409,-0.5867724418640137,0.014423131942749023
6,source,32,0.6125953197479248,-0.5394318103790283,0.0396159291267395
6,source,33,0.07768487930297852,0.03217829763889313,-0.7224161624908447
6,source,34,0.04154348000884056,0.12508802115917206,-0.5419981479644775
6,source,35,-0.04399426281452179,-0.10050645470619202,-0.6150977611541748
6,source,36,0.05137999355792999,-0.22224020957946777,-0.4041621685028076
6,source,37,-0.03997716307640076,-0.023570477962493896,-0.5639081001281738
6,source,38,0.258489191532135,0.014717131853103638,-0.4413352608680725
6,source,39,0.18171115219593048,-0.08121463656425476,-0.5118808150291443
6,source,40,0.413216233253479,0.04537521302700043,-0.06088012456893921
6,source,41,0.4395677447319031,0.0037777572870254517,0.21121609210968018
6,source,42,-0.049560800194740295,-0.0799054205417633,-0.0612637996673584
6,source,43,-0.008492127060890198,0.13163962960243225,0.013048708438873291
6,source,44,-0.3014756441116333,0.048164770007133484,-0.12785392999649048
6,source,45,-0.11158543825149536,-0.00197485089302063,-0.005176723003387451
6,source,46,-0.07655411958694458,0.43067046999931335,-0.6303011178970337
6,source,47,0.38840943574905396,0.7702944278717041,-0.3241225481033325
6,source,48,0.5083386301994324,0.6874686479568481,-0.19351279735565186
6,source,49,-0.1458580642938614,0.5080793499946594,-0.6840967535972595
6,source,50,-0.11124397814273834,0.391061007976532,-0.36664822697639465
6,source,51,0.4701884388923645,0.2671452760696411,-0.387967050075531
6,source,52,0.38499224185943604,0.3522900342941284,-0.3390538692474365
6,source,53,0.5082857608795166,0.33894485235214233,-0.4421849846839905
6,source,54,0.5526900291442871,0.21624715626239777,-0.2893316149711609
6,source,55,0.5152468085289001,0.2590634226799011,-0.11530196666717529
6,source,56,0.5882892608642578,0.5011439323425293,-0.16345930099487305
6,source,57,0.5896579027175903,0.44042637944221497,-0.3083842992782593
6,source,58,0.6806559562683105,0.2261081337928772,-0.12367743253707886
6,source,59,0.5692614316940308,0.5361591577529907,-0.28104546666145325
6,source,60,0.44458651542663574,0.5511659383773804,-0.37961602210998535
6,source,61,0.34706181287765503,0.6109494566917419,-0.3451469838619232
6,source,62,0.07699450105428696,0.4648074507713318,-0.5395132303237915
6,source,63,0.3631167411804199,0.5823955535888672,-0.4439118206501007
6,target,0,-0.10571461915969849,0.15891651809215546,-0.3629966974258423
6,target,1,-0.1682005673646927,0.11785818636417389,-0.28769099712371826
6,target,2,-0.20146609842777252,0.13862344622612,-0.33982008695602417
6,target,3,-0.2800073027610779,0.19676893949508667,-0.42551377415657043
6,target,4,0.0239088274538517,0.07593004405498505,-0.20946764945983887
6,target,5,-0.10751798748970032,0.12722742557525635,-0.4430907368659973
6,target,6,-0.14407743513584137,0.09823635965585709,-0.40961626172065735
6,target,7,-0.2344919592142105,0.19869954884052277,-0.46940508484840393
6,target,8,-0.15017162263393402,0.18051093816757202,-0.47626885771751404
6,target,9,-0.1490640938282013,0.17391423881053925,-0.43197107315063477
6,target,10,-0.2010377198457718,0.08124752342700958,-0.28203827142715454
6,target,11,-0.3139125108718872,0.20859910547733307,-0.37514984607696533
6,target,12,-0.3319275379180908,0.11959455162286758,-0.4064362049102783
6,target,13,-0.32269448041915894,0.03805631399154663,-0.36006128787994385
6,target,14,-0.20460428297519684,0.08094769716262817,-0.35342884063720703
6,target,15,-0.14222922921180725,0.13270460069179535,-0.2582930624485016
6,target,16,-0.2883227467536926,0.2010941058397293,-0.4399571418762207
6,target,17,-0.20846156775951385,0.16929005086421967,-0.34792712330818176
6,target,18,-0.3081449866294861,0.21531608700752258,-0.35832101106643677
6,target,19,-0.21300099790096283,0.18939602375030518,-0.2896450459957123
6,target,20,-0.3275790810585022,0.21158625185489655,-0.3328307867050171
6,target,21,-0.1370210498571396,0.17846228182315826,-0.35998931527137756
6,target,22,-0.17328985035419464,0.2310117483139038,-0.32532331347465515
6,target,23,-0.1377963125705719,0.1722499430179596,-0.26291438937187195
6,target,24,-0.16228488087654114,0.24557986855506897,-0.4175833761692047
6,target,25,-0.0821012556552887,0.16187651455402374,-0.34652116894721985
6,target,26,-0.1818460077047348,0.20387418568134308,-0.27002018690109253
6,target,27,-0.24501283466815948,0.09053456038236618,-0.3138604462146759
6,target,28,0.017410151660442352,-0.008830413222312927,-0.16597074270248413
6,target,29,-0.23911692202091217,0.06516586989164352,-0.2441985011100769
6,target,30,-0.30093109607696533,0.1399744749069214,-0.46888935565948486
6,target,31,-0.2763863205909729,0.1535719782114029,-0.3803514242172241
6,target,32,-0.06417404115200043,0.0036854594945907593,-0.2989121377468109
6,target,33,-0.17930985987186432,0.15624885261058807,-0.40097421407699585
6,target,34,-0.11049953103065491,0.1747838258743286,-0.4255790412425995
6,target,35,-0.11863255500793457,0.11621665209531784,-0.34942132234573364
6,target,36,-0.107365682721138,0.04165133833885193,-0.2683653235435486
6,target,37,-0.11961285769939423,0.16940206289291382,-0.29402658343315125
6,target,38,-0.15457244217395782,0.19504444301128387,-0.35220465064048767
6,target,39,-0.11375989019870758,0.17925088107585907,-0.2716823220252991
6,target,40,-0.29930853843688965,0.09710320830345154,-0.41918712854385376
6,target,41,-0.38382089138031006,0.12902331352233887,-0.36817115545272827
6,target,42,-0.28184133768081665,0.106074757874012,-0.3898908495903015
6,target,43,-0.359991192817688,0.06328746676445007,-0.3931303322315216
6,target,44,-0.30613595247268677,0.25226324796676636,-0.34449195861816406
6,target,45,-0.3154277205467224,0.25639641284942627,-0.4427316188812256
6,target,46,-0.2012500911951065,0.17213964462280273,-0.44053399562835693
6,target,47,-0.20993466675281525,0.15811744332313538,-0.38051801919937134
6,target,48,-0.303977906703949,0.22750675678253174,-0.5153321027755737
6,target,49,-0.06406672298908234,0.14375533163547516,-0.2996717691421509
6,target,50,0.061565302312374115,-0.029838308691978455,-0.6532998085021973
6,target,51,0.03606589883565903,-0.08221957087516785,-0.4498288035392761
6,target,52,0.009075753390789032,-0.1513868272304535,-0.5468718409538269
6,target,53,0.0017025917768478394,-0.043856725096702576,-0.5145364999771118
6,target,54,0.1752529740333557,-0.07863077521324158,-0.3412972688674927
6,target,55,0.054667748510837555,-0.12058442831039429,-0.39869123697280884
6,target,56,0.08918604999780655,-0.17020902037620544,-0.35971012711524963
6,target,57,0.05191202834248543,-0.12266704440116882,-0.417180597782135
6,target,58,0.13887426257133484,-0.059890612959861755,-0.41066136956214905
6,target,59,0.15679596364498138,-0.14058566093444824,-0.45162367820739746
6,target,60,-0.017685800790786743,-0.04817233979701996,-0.4478447437286377
6,target,61,0.0350320041179657,-0.10436707735061646,-0.4650164246559143
6,target,62,0.002860143780708313,-0.22006919980049133,-0.5216426849365234
6,target,63,-0.05452081561088562,-0.11080530285835266,-0.5039620399475098
7,source,0,0.7332179546356201,0.5451874136924744,-0.40256157517433167
7,source,1,0.8575892448425293,0.133538156747818,-0.7351240515708923
7,source,2,0.6165849566459656,-0.03957618772983551,-0.815174400806427
7,source,3,0.7301182746887207,0.402248740196228,-0.8836496472358704
7,source,4,0.6287142038345337,0.10183414816856384,-0.5762738585472107
7,source,5,0.8265466094017029,-0.7274062633514404,0.1901620626449585
7,source,6,0.7184590101242065,-0.5659869909286499,-0.3632470667362213
7,source,7,0.74289470911026,-0.2840363681316376,0.2607914209365845
7,source,8,0.4778214693069458,-0.3250185251235962,-0.013971149921417236
7,source,9,0.8182675242424011,0.22899040579795837,-0.11189568042755127
7,source,10,0.8977097868919373,0.1470693200826645,0.09577023983001709
7,source,11,1.0181783437728882,-0.11439287662506104,0.04856383800506592
7,source,12,0.7380003929138184,0.288801372051239,0.20448559522628784
7,source,13,0.6404252052307129,0.19385917484760284,-0.4509984850883484
7,source,14,0.921210527420044,-0.03402246534824371,-0.5262605547904968
7,source,15,0.6383666396141052,0.0956593006849289,-0.7363693714141846
7,source,16,0.4759300947189331,0.231893390417099,-0.8168573379516602
7,source,17,0.7417325377464294,-0.21405312418937683,0.08289623260498047
7,source,18,0.920731246471405,-0.4194270074367523,0.009067177772521973
7,source,19,0.8227683901786804,-0.1911574900150299,-0.20503705739974976
7,source,20,1.0078991651535034,-0.42273303866386414,-0.08146870136260986
7,source,21,0.5766496658325195,-0.599624514579773,-0.10993987321853638
7,source,22,0.9797539114952087,-0.15236330032348633,0.11251890659332275
7,source,23,0.833238959312439,0.05583011358976364,-0.14769405126571655
7,source,24,0.7009192705154419,-0.2030937373638153,-0.34505608677864075
7,source,25,0.8163293600082397,0.05903587490320206,-0.7585479021072388
7,source,26,0.8669646978378296,0.34732764959335327,-0.602750301361084
7,source,27,0.8520393967628479,0.13436967134475708,-0.9140427112579346
7,source,28,0.5785038471221924,0.07044978439807892,-1.0471967458724976
7,source,29,0.8842676877975464,0.25309452414512634,-0.39419618248939514
7,source,30,0.4160301089286804,0.039877720177173615,-0.6790853142738342
7,source,31,1.0615042448043823,-0.41905543208122253,-0.11421072483062744
7,source,32,0.9999364018440247,-0.2689574956893921,-0.29068195819854736
7,source,33,0.524662435054779,-0.01714596152305603,-0.6660125851631165
7,source,34,0.43973881006240845,0.1890551596879959,-0.6596673130989075
7,source,35,0.3678234815597534,-0.07115660607814789,-0.6687279343605042
7,source,36,0.47029340267181396,-0.11815860867500305,-0.5047321319580078
7,source,37,0.3687781095504761,0.0182025283575058,-0.6457589864730835
7,source,38,0.6610254645347595,0.04630238562822342,-0.5864912867546082
7,source,39,0.5684942007064819,-0.046183764934539795,-0.48909151554107666
7,source,40,0.7380572557449341,0.23630012571811676,-0.14767640829086304
7,source,41,0.7256324291229248,0.19835683703422546,0.04271721839904785
7,source,42,0.10861076414585114,0.09928178787231445,-0.29800063371658325
7,source,43,0.21397024393081665,0.2849351763725281,-0.13145911693572998
7,source,44,0.012495577335357666,0.14087024331092834,-0.33227458596229553
7,source,45,0.10006213188171387,0.2944629490375519,-0.23208430409431458
7,source,46,0.34471845626831055,0.5852223634719849,-0.727861762046814
7,source,47,0.8024181723594666,0.8455760478973389,-0.4069574475288391
7,source,48,0.9421210885047913,0.7652347087860107,-0.3219856917858124
7,source,49,0.28395867347717285,0.6324747800827026,-0.7383943796157837
7,source,50,0.3552737236022949,0.382276713848114,-0.3542640209197998
7,source,51,0.8487456440925598,0.33666282892227173,-0.49438637495040894
7,source,52,0.7566916346549988,0.42325788736343384,-0.5092225074768066
7,source,53,0.8634581565856934,0.3942033648490906,-0.581775426864624
7,source,54,0.9648545384407043,0.2626855671405792,-0.4693140983581543
7,source,55,0.8911073803901672,0.3711341917514801,-0.26408421993255615
7,source,56,0.9413725137710571,0.5875653624534607,-0.33020108938217163
7,source,57,0.8938795924186707,0.5561312437057495,-0.5050978660583496
7,source,58,1.0421900749206543,0.3916957974433899,-0.3092634379863739
7,source,59,0.9946771860122681,0.5939552783966064,-0.4071669578552246
7,source,60,0.7879550457000732,0.6200976371765137,-0.49827688932418823
7,source,61,0.6988154053688049,0.7262935638427734,-0.4407186508178711
7,source,62,0.46995067596435547,0.5705236196517944,-0.5978347063064575
7,source,63,0.7512995600700378,0.6550695896148682,-0.5721274614334106
7,target,0,0.1776779294013977,0.2098701447248459,-0.5643228888511658
7,target,1,0.15117202699184418,0.19694891571998596,-0.5042387247085571
7,target,2,0.029913730919361115,0.15216411650180817,-0.5458114147186279
7,target,3,0.023954633623361588,0.21726694703102112,-0.5218350887298584
7,target,4,0.3077481687068939,0.22859402000904083,-0.41104182600975037
7,target,5,0.23383265733718872,0.17069284617900848,-0.5681775212287903
7,target,6,0.16414029896259308,0.1693240851163864,-0.5530883073806763
7,target,7,0.0944867730140686,0.20688626170158386,-0.5718904137611389
7,target,8,0.1766301691532135,0.20971211791038513,-0.6245676875114441
7,target,9,0.1636561155319214,0.17028073966503143,-0.6213259696960449
7,target,10,0.08759639412164688,0.1598942130804062,-0.5077182054519653
7,target,11,-0.05681660771369934,0.14654181897640228,-0.5819599628448486
7,target,12,-0.08695779740810394,0.1343565285205841,-0.5716957449913025
7,target,13,-0.07557216286659241,0.10816808044910431,-0.5104230046272278
7,target,14,0.04237578436732292,0.19297942519187927,-0.5510265231132507
7,target,15,0.11317111551761627,0.2875426411628723,-0.3963933289051056
7,target,16,-0.02095963805913925,0.2593933939933777,-0.4964814782142639
7,target,17,-0.012351378798484802,0.23570218682289124,-0.4806460738182068
7,target,18,0.0008194521069526672,0.26204055547714233,-0.49734723567962646
7,target,19,0.05899180471897125,0.26517409086227417,-0.455806702375412
7,target,20,-0.10695779323577881,0.31433793902397156,-0.5138448476791382
7,target,21,0.07384276390075684,0.33144527673721313,-0.4863777160644531
7,target,22,0.03731963410973549,0.36205118894577026,-0.4581925868988037
7,target,23,0.05516525357961655,0.31726038455963135,-0.421772837638855
7,target,24,0.1034509539604187,0.3050518035888672,-0.5560100078582764
7,target,25,0.22384260594844818,0.28684377670288086,-0.47545182704925537
7,target,26,0.056231118738651276,0.33008211851119995,-0.3785494863986969
7,target,27,0.02595653384923935,0.18337175250053406,-0.4508139491081238
7,target,28,0.20731690526008606,0.22803139686584473,-0.4346426725387573
7,target,29,0.09730595350265503,0.1251567304134369,-0.4156477153301239
7,target,30,-0.027661927044391632,0.20983988046646118,-0.583924412727356
7,target,31,0.09653384983539581,0.19497311115264893,-0.4932863116264343
7,target,32,0.1724846512079239,0.1476777046918869,-0.5851073265075684
7,target,33,0.17716357111930847,0.26444414258003235,-0.5490363836288452
7,target,34,0.2124239057302475,0.2599860727787018,-0.4822799265384674
7,target,35,0.26026806235313416,0.2170533537864685,-0.4821312129497528
7,target,36,0.03408780321478844,0.1355481892824173,-0.4402792155742645
7,target,37,0.13538207113742828,0.3002229332923889,-0.4211198091506958
7,target,38,0.1598859429359436,0.24292223155498505,-0.542284369468689
7,target,39,0.12492454051971436,0.3125896453857422,-0.42565158009529114
7,target,40,0.09688218683004379,0.15273967385292053,-0.5480495095252991
7,target,41,-0.04616415500640869,0.178146094083786,-0.5037723779678345
7,target,42,0.05500635877251625,0.1291966587305069,-0.5681682229042053
7,target,43,-0.010930456221103668,0.10856595635414124,-0.5277814865112305
7,target,44,-0.12295101583003998,0.3768773674964905,-0.48084402084350586
7,target,45,-0.04276323318481445,0.29076075553894043,-0.5714126825332642
7,target,46,0.027552980929613113,0.20445516705513,-0.5770171284675598
7,target,47,-0.014918312430381775,0.21014836430549622,-0.6028968095779419
7,target,48,-0.0464714914560318,0.2457503378391266,-0.6281148791313171
7,target,49,0.22359512746334076,0.2482641041278839,-0.43692588806152344
7,target,50,0.4363211393356323,0.15895110368728638,-0.9232852458953857
7,target,51,0.45320332050323486,0.004304096102714539,-0.808477520942688
7,target,52,0.3731510639190674,0.05809619277715683,-0.7935526371002197
7,target,53,0.30892306566238403,0.11950699985027313,-0.6696754693984985
7,target,54,0.4018293023109436,0.18702341616153717,-0.5374103784561157
7,target,55,0.4301024079322815,0.09969768673181534,-0.5814775228500366
7,target,56,0.4920610785484314,0.021198824048042297,-0.6156107187271118
7,target,57,0.4256720542907715,0.07743585109710693,-0.6671760678291321
7,target,58,0.46775031089782715,0.14745266735553741,-0.6564694046974182
7,target,59,0.4656400680541992,0.06856178492307663,-0.6602464318275452
7,target,60,0.20074084401130676,0.15147356688976288,-0.5549235343933105
7,target,61,0.4264839291572571,-0.009683430194854736,-0.6562488675117493
7,target,62,0.3593142628669739,-0.03527571260929108,-0.7345255017280579
7,target,63,0.22913892567157745,0.07659560441970825,-0.6965459585189819
8,source,0,0.28498876094818115,0.4362639784812927,-0.49280548095703125
8,source,1,0.38880079984664917,0.09628745913505554,-0.7717865109443665
8,source,2,0.10707160085439682,-0.021371126174926758,-0.8237400650978088
8,source,3,0.3471047282218933,0.29150351881980896,-0.8575417995452881
8,source,4,0.23682472109794617,0.03319843113422394,-0.5423422455787659
8,source,5,0.4832667112350464,-0.7164626121520996,0.014082372188568115
8,source,6,0.27874135971069336,-0.38397452235221863,-0.5035111904144287
8,source,7,0.282474160194397,-0.15490832924842834,-0.1307263970375061
8,source,8,0.07299483567476273,-0.17213237285614014,-0.29056525230407715
8,source,9,0.3184059262275696,0.19733288884162903,-0.14972931146621704
8,source,10,0.4236259460449219,0.041772812604904175,-0.08881884813308716
8,source,11,0.4466060400009155,-0.14231938123703003,-0.1260467767715454
8,source,12,0.34658390283584595,0.19694587588310242,-0.0926511287689209
8,source,13,0.23307986557483673,0.12853685021400452,-0.4105564057826996
8,source,14,0.4430847764015198,-0.03380541503429413,-0.5331177711486816
8,source,15,0.2268262803554535,0.10244249552488327,-0.6801923513412476
8,source,16,0.21716727316379547,0.06494458764791489,-0.6790319085121155
8,source,17,0.32360830903053284,-0.1187419593334198,-0.25401028990745544
8,source,18,0.42920225858688354,-0.3485792577266693,-0.2360716462135315
8,source,19,0.3975725769996643,-0.18346872925758362,-0.38150233030319214
8,source,20,0.6218478083610535,-0.4317820966243744,-0.32217419147491455
8,source,21,0.16947677731513977,-0.4381912052631378,-0.5042184591293335
8,source,22,0.6402482390403748,-0.20928168296813965,-0.1033560037612915
8,source,23,0.3521406054496765,0.02374909818172455,-0.2598986029624939
8,source,24,0.31910866498947144,-0.15557345747947693,-0.5312081575393677
8,source,25,0.3331105709075928,0.01837053894996643,-0.7558658719062805
8,source,26,0.4468963146209717,0.287700355052948,-0.7308692932128906
8,source,27,0.532701313495636,0.04528385400772095,-0.9343940019607544
8,source,28,0.24167685210704803,-0.059757038950920105,-1.014578938484192
8,source,29,0.4487491250038147,0.14118649065494537,-0.3933747708797455
8,source,30,0.14740639925003052,-0.022985994815826416,-0.5328831076622009
8,source,31,0.5520648956298828,-0.31048840284347534,-0.4020751714706421
8,source,32,0.4529837965965271,-0.2612242102622986,-0.4013969898223877
8,source,33,-0.0003789141774177551,0.008635446429252625,-0.7833860516548157
8,source,34,0.07433491200208664,0.15885253250598907,-0.6681966781616211
8,source,35,0.04819558560848236,-0.10353022813796997,-0.7739871740341187
8,source,36,0.056243229657411575,-0.08393977582454681,-0.5575375556945801
8,source,37,-0.049256786704063416,0.010985806584358215,-0.7264264822006226
8,source,38,0.2682867646217346,0.04046641290187836,-0.6580203175544739
8,source,39,0.09713837504386902,0.015126585960388184,-0.6422531604766846
8,source,40,0.32492756843566895,0.2345353662967682,-0.3929411470890045
8,source,41,0.3834700584411621,0.14861561357975006,-0.22853970527648926
8,source,42,-0.23888017237186432,0.12057895958423615,-0.38360586762428284
8,source,43,-0.09290114045143127,0.24633711576461792,-0.34724703431129456
8,source,44,-0.26436829566955566,0.10472480207681656,-0.4739275574684143
8,source,45,-0.15145376324653625,0.21963614225387573,-0.4136555790901184
8,source,46,0.027011241763830185,0.5008397102355957,-0.7231197953224182
8,source,47,0.39984947443008423,0.7061221599578857,-0.4828544855117798
8,source,48,0.4710513949394226,0.6445764899253845,-0.44309550523757935
8,source,49,-0.04037654399871826,0.4904238283634186,-0.7534905672073364
8,source,50,0.01977793127298355,0.3432227373123169,-0.4341769814491272
8,source,51,0.42772072553634644,0.2746371030807495,-0.5566521883010864
8,source,52,0.391262412071228,0.37372827529907227,-0.5655412077903748
8,source,53,0.5112764239311218,0.30322620272636414,-0.5835722088813782
8,source,54,0.5411399602890015,0.1762429028749466,-0.5040822625160217
8,source,55,0.5328085422515869,0.22744783759117126,-0.34872666001319885
8,source,56,0.5381227731704712,0.4375682473182678,-0.42664116621017456
8,source,57,0.5090903639793396,0.3906670808792114,-0.5582057237625122
8,source,58,0.61219322681427,0.24236348271369934,-0.42294955253601074
8,source,59,0.5820990800857544,0.47388431429862976,-0.5040950179100037
8,source,60,0.4241965413093567,0.523627758026123,-0.6045950651168823
8,source,61,0.2932784855365753,0.6306171417236328,-0.525567352771759
8,source,62,0.14720278978347778,0.43787068128585815,-0.6815416812896729
8,source,63,0.4041587710380554,0.510496973991394,-0.6022932529449463
8,target,0,0.013417936861515045,0.16044457256793976,-0.6682338714599609
8,target,1,-0.06142112612724304,0.1445917785167694,-0.576268196105957
8,target,2,-0.12882936000823975,0.1192130595445633,-0.5758777260780334
8,target,3,-0.19095571339130402,0.1872287094593048,-0.6083353757858276
8,target,4,0.04417813941836357,0.13112808763980865,-0.5262872576713562
8,target,5,0.05874599516391754,0.07872474938631058,-0.6493779420852661
8,target,6,0.01497802883386612,0.13083505630493164,-0.6492726802825928
8,target,7,-0.03425627946853638,0.15571328997612,-0.6556568145751953
8,target,8,0.032692283391952515,0.12816837430000305,-0.6521251201629639
8,target,9,-0.015714779496192932,0.14712204039096832,-0.6575756669044495
8,target,10,-0.12389661371707916,0.06741948425769806,-0.6173417568206787
8,target,11,-0.24984009563922882,0.17061887681484222,-0.614982008934021
8,target,12,-0.21899135410785675,0.07473428547382355,-0.6134806871414185
8,target,13,-0.2480918914079666,0.08252756297588348,-0.5613230466842651
8,target,14,-0.09579083323478699,0.1578555852174759,-0.612945020198822
8,target,15,-0.0576174259185791,0.1562090516090393,-0.5112000703811646
8,target,16,-0.19073309004306793,0.198153555393219,-0.5841277837753296
8,target,17,-0.1227063536643982,0.17740239202976227,-0.5466501712799072
8,target,18,-0.12451769411563873,0.1828395128250122,-0.550147294998169
8,target,19,-0.07350103557109833,0.14889134466648102,-0.5284199714660645
8,target,20,-0.2645244598388672,0.22480466961860657,-0.5919806957244873
8,target,21,0.014585763216018677,0.19470088183879852,-0.5738623142242432
8,target,22,-0.030045874416828156,0.27690860629081726,-0.5438535809516907
8,target,23,0.015975743532180786,0.23227214813232422,-0.5389926433563232
8,target,24,0.034261368215084076,0.2247011512517929,-0.5912426114082336
8,target,25,0.06821635365486145,0.1760241985321045,-0.5607399940490723
8,target,26,-0.02809373289346695,0.19513696432113647,-0.4906679391860962
8,target,27,-0.14240559935569763,0.10644607245922089,-0.5645610094070435
8,target,28,0.09072159975767136,0.05815388262271881,-0.5605077743530273
8,target,29,-0.1848006397485733,0.045776352286338806,-0.534056544303894
8,target,30,-0.14891424775123596,0.1308891624212265,-0.6498427987098694
8,target,31,-0.06353181600570679,0.126940056681633,-0.6108132600784302
8,target,32,-0.04371446371078491,0.04155202955007553,-0.6253896951675415
8,target,33,-0.038997307419776917,0.1379978209733963,-0.6070585250854492
8,target,34,0.01463540643453598,0.25135719776153564,-0.6081786155700684
8,target,35,0.10659923404455185,0.16879163682460785,-0.6279310584068298
8,target,36,-0.16549192368984222,0.07746533304452896,-0.5512340068817139
8,target,37,-0.002569645643234253,0.19981251657009125,-0.5013459324836731
8,target,38,0.015692248940467834,0.205841064453125,-0.5679744482040405
8,target,39,0.03025010973215103,0.2055094689130783,-0.5461041331291199
8,target,40,-0.08914653956890106,0.03700585663318634,-0.6557019352912903
8,target,41,-0.11490762233734131,0.1340617835521698,-0.6082888841629028
8,target,42,-0.09518994390964508,0.11870038509368896,-0.6491633653640747
8,target,43,-0.13701564073562622,0.04320600628852844,-0.6228680610656738
8,target,44,-0.23531316220760345,0.23420317471027374,-0.5669545531272888
8,target,45,-0.19481517374515533,0.1756313443183899,-0.6211413741111755
8,target,46,-0.14648830890655518,0.13917452096939087,-0.6062363386154175
8,target,47,-0.11669296026229858,0.1312047690153122,-0.5860723853111267
8,target,48,-0.18972794711589813,0.18618091940879822,-0.6523426175117493
8,target,49,-0.00938134640455246,0.09768402576446533,-0.523993968963623
8,target,50,0.0637592077255249,0.11940285563468933,-0.8393985033035278
8,target,51,0.0026813894510269165,0.05507207661867142,-0.6502412557601929
8,target,52,-0.03598231077194214,0.07182540744543076,-0.6984045505523682
8,target,53,-0.013016119599342346,0.1301216036081314,-0.6556122899055481
8,target,54,0.09877506643533707,0.0627666488289833,-0.5646727085113525
8,target,55,0.08554533123970032,0.041887104511260986,-0.6216010451316833
8,target,56,0.07541652023792267,0.061346448957920074,-0.591964840888977
8,target,57,0.017564795911312103,0.08217170089483261,-0.6066128015518188
8,target,58,0.10105080157518387,0.09881225228309631,-0.6254407167434692
8,target,59,0.11351442337036133,0.05114295333623886,-0.6193937063217163
8,target,60,-0.04671397805213928,0.07755592465400696,-0.6084532737731934
8,target,61,-0.017252877354621887,0.1294102668762207,-0.5881909132003784
8,target,62,-0.06229023635387421,0.048530787229537964,-0.6353930234909058
8,target,63,-0.08933994174003601,0.05388417840003967,-0.5631024837493896
9,source,0,0.5351899266242981,0.4857597053050995,-0.4969549775123596
9,source,1,0.7333842515945435,0.05829828977584839,-0.7810779809951782
9,source,2,0.38042229413986206,-0.00012449920177459717,-0.8825210928916931
9,source,3,0.6284570097923279,0.31533610820770264,-0.8988251090049744
9,source,4,0.53317791223526,-0.018723979592323303,-0.6049901247024536
9,source,5,0.8411384224891663,-0.815139889717102,0.1858852505683899
9,source,6,0.6081770658493042,-0.5095751285552979,-0.44902682304382324
9,source,7,0.5113116502761841,-0.12145531177520752,0.02980583906173706
9,source,8,0.29556185007095337,-0.18554770946502686,-0.1755945086479187
9,source,9,0.6333229541778564,0.22635748982429504,-0.1024550199508667
9,source,10,0.6502553224563599,0.10936981439590454,-0.07447755336761475
9,source,11,0.8040968775749207,-0.11213263869285583,0.0035161375999450684
9,source,12,0.6138777136802673,0.1844765990972519,-0.07418239116668701
9,source,13,0.4786507487297058,0.1775965541601181,-0.5069129467010498
9,source,14,0.6958780288696289,-0.04337458312511444,-0.623686671257019
9,source,15,0.43175238370895386,0.15134871006011963,-0.7923517823219299
9,source,16,0.43757396936416626,0.09640166163444519,-0.7735324501991272
9,source,17,0.5594732761383057,-0.19622430205345154,-0.13035798072814941
9,source,18,0.6771473288536072,-0.38304105401039124,-0.218700110912323
9,source,19,0.6297591924667358,-0.14199945330619812,-0.3381405770778656
9,source,20,0.8233919143676758,-0.4139653742313385,-0.23971936106681824
9,source,21,0.35891252756118774,-0.43879035115242004,-0.3507300913333893
9,source,22,0.8227410912513733,-0.20192936062812805,-0.07877916097640991
9,source,23,0.6480478048324585,0.05686011165380478,-0.22380033135414124
9,source,24,0.5311952829360962,-0.12440809607505798,-0.48093801736831665
9,source,25,0.6160538196563721,0.046839505434036255,-0.804044783115387
9,source,26,0.6893914341926575,0.28381702303886414,-0.770663857460022
9,source,27,0.6602621674537659,0.10408385097980499,-0.9607371687889099
9,source,28,0.32858139276504517,0.0027775317430496216,-1.0696688890457153
9,source,29,0.7491036653518677,0.1237073540687561,-0.4702149033546448
9,source,30,0.3588959574699402,-0.09443767368793488,-0.7282916307449341
9,source,31,0.8662704825401306,-0.3157947063446045,-0.26137396693229675
9,source,32,0.8988929986953735,-0.29707226157188416,-0.2885103225708008
9,source,33,0.2756502628326416,0.089590884745121,-0.7803764343261719
9,source,34,0.33793342113494873,0.3022758364677429,-0.6841837763786316
9,source,35,0.27673667669296265,-0.05154360830783844,-0.7763975858688354
9,source,36,0.3578256368637085,-0.05000491440296173,-0.6287150979042053
9,source,37,0.21488158404827118,0.042038336396217346,-0.7591260671615601
9,source,38,0.5048046112060547,0.1596125364303589,-0.6920456290245056
9,source,39,0.3822811245918274,0.09989412128925323,-0.7090981006622314
9,source,40,0.6065074801445007,0.18363238871097565,-0.3850553631782532
9,source,41,0.5753329396247864,0.15593810379505157,-0.14253056049346924
9,source,42,0.12032429873943329,0.10523394495248795,-0.49648183584213257
9,source,43,0.16331267356872559,0.2677503824234009,-0.4196108281612396
9,source,44,0.008699238300323486,0.17606189846992493,-0.5363165140151978
9,source,45,0.12110880017280579,0.22259488701820374,-0.42105790972709656
9,source,46,0.3022335171699524,0.5305528044700623,-0.7658035755157471
9,source,47,0.6978104114532471,0.7510857582092285,-0.4999274015426636
9,source,48,0.7595935463905334,0.6735804080963135,-0.46253618597984314
9,source,49,0.22088763117790222,0.5846012830734253,-0.8656421899795532
9,source,50,0.28874993324279785,0.32609492540359497,-0.5188873410224915
9,source,51,0.7394500970840454,0.29704976081848145,-0.5465723872184753
9,source,52,0.6087042093276978,0.46506911516189575,-0.6279760599136353
9,source,53,0.8016442060470581,0.3312422037124634,-0.6064156293869019
9,source,54,0.7642263174057007,0.2723630666732788,-0.5876848101615906
9,source,55,0.7467102408409119,0.3066712021827698,-0.3544568121433258
9,source,56,0.7860138416290283,0.5658268332481384,-0.4678337872028351
9,source,57,0.7620106935501099,0.4648086130619049,-0.6051340699195862
9,source,58,0.8497404456138611,0.3234625458717346,-0.4606671631336212
9,source,59,0.8204236030578613,0.5794799327850342,-0.5504186749458313
9,source,60,0.703132688999176,0.5579139590263367,-0.6309455037117004
9,source,61,0.588429868221283,0.6026083827018738,-0.6206619143486023
9,source,62,0.35838425159454346,0.5273932814598083,-0.7424723505973816
9,source,63,0.6230826377868652,0.5801510810852051,-0.6836302876472473
9,target,0,0.1271442323923111,0.25554701685905457,-0.6697652339935303
9,target,1,0.1236901581287384,0.24468955397605896,-0.5643141865730286
9,target,2,0.09234443306922913,0.15878495573997498,-0.6700425148010254
9,target,3,0.07070843130350113,0.22935271263122559,-0.7426506876945496
9,target,4,0.24092818796634674,0.20038343966007233,-0.5237734913825989
9,target,5,0.21992184221744537,0.20574910938739777,-0.6689552664756775
9,target,6,0.1671907901763916,0.22913172841072083,-0.6218674778938293
9,target,7,0.1396029144525528,0.29407885670661926,-0.6586660146713257
9,target,8,0.15221095085144043,0.2809551954269409,-0.6630624532699585
9,target,9,0.1623031497001648,0.24677282571792603,-0.6805480122566223
9,target,10,0.06094960868358612,0.18846319615840912,-0.65373295545578
9,target,11,-0.04864098131656647,0.2689712345600128,-0.668951153755188
9,target,12,-0.0253731831908226,0.15724501013755798,-0.5749727487564087
9,target,13,0.05017520859837532,0.10012584924697876,-0.61531001329422
9,target,14,0.14702405035495758,0.19691798090934753,-0.6267022490501404
9,target,15,0.0536520816385746,0.279306024312973,-0.5367332100868225
9,target,16,0.03820718824863434,0.29951196908950806,-0.6609439253807068
9,target,17,0.0899016410112381,0.27583229541778564,-0.6267756223678589
9,target,18,0.06758150458335876,0.3102703392505646,-0.6342558860778809
9,target,19,0.058734409511089325,0.3086404800415039,-0.5802136063575745
9,target,20,-0.06819415092468262,0.293326735496521,-0.6739765405654907
9,target,21,0.1310708373785019,0.30274415016174316,-0.6404603719711304
9,target,22,0.08352074027061462,0.3691229224205017,-0.633488118648529
9,target,23,0.1449490338563919,0.31419554352760315,-0.5817968845367432
9,target,24,0.12613895535469055,0.3552476763725281,-0.6651725172996521
9,target,25,0.18034611642360687,0.3383644223213196,-0.5420616269111633
9,target,26,0.07944628596305847,0.2950158715248108,-0.5459301471710205
9,target,27,0.037880584597587585,0.17303085327148438,-0.5765852332115173
9,target,28,0.18548953533172607,0.16531212627887726,-0.501183271408081
9,target,29,0.08453550934791565,0.18085478246212006,-0.5346959829330444
9,target,30,0.057507678866386414,0.24482250213623047,-0.6808565258979797
9,target,31,0.09201681613922119,0.19497303664684296,-0.6687878966331482
9,target,32,0.15682120621204376,0.18234187364578247,-0.6404404640197754
9,target,33,0.14853313565254211,0.23631832003593445,-0.6226938366889954
9,target,34,0.19968560338020325,0.3241441249847412,-0.6440560221672058
9,target,35,0.1753893792629242,0.24675114452838898,-0.6176170110702515
9,target,36,0.05346037074923515,0.1455375701189041,-0.5522961616516113
9,target,37,0.08516809344291687,0.2863086760044098,-0.5935533046722412
9,target,38,0.16750465333461761,0.34333354234695435,-0.6033815741539001
9,target,39,0.15645194053649902,0.33657798171043396,-0.5961815118789673
9,target,40,0.02649933099746704,0.18941611051559448,-0.5462332963943481
9,target,41,-0.014717131853103638,0.26544052362442017,-0.5818777680397034
9,target,42,0.0565718337893486,0.2405945360660553,-0.594883143901825
9,target,43,0.025457877665758133,0.18613621592521667,-0.5780999660491943
9,target,44,-0.049805909395217896,0.30192649364471436,-0.6846776008605957
9,target,45,-0.034608565270900726,0.2810148000717163,-0.721243143081665
9,target,46,0.1259540170431137,0.25916367769241333,-0.6499855518341064
9,target,47,0.03149469196796417,0.18811258673667908,-0.6693043112754822
9,target,48,0.03817611187696457,0.2539215087890625,-0.7858452796936035
9,target,49,0.1980951577425003,0.2127235382795334,-0.5256437063217163
9,target,50,0.3645820617675781,0.05656732618808746,-0.9261953234672546
9,target,51,0.32151880860328674,0.028012722730636597,-0.7076416015625
9,target,52,0.25327473878860474,0.07439439743757248,-0.7728644609451294
9,target,53,0.2906666398048401,0.02029554545879364,-0.720507025718689
9,target,54,0.30211398005485535,0.13573171198368073,-0.6109781265258789
9,target,55,0.36738234758377075,0.029640644788742065,-0.6143820285797119
9,target,56,0.4224853515625,-0.011230438947677612,-0.5588557720184326
9,target,57,0.3881928324699402,0.03966233879327774,-0.6415385603904724
9,target,58,0.3689756989479065,0.08809898793697357,-0.6603372097015381
9,target,59,0.4289367198944092,-0.040479958057403564,-0.6880624890327454
9,target,60,0.1297484040260315,0.13835372030735016,-0.6403725147247314
9,target,61,0.2769019901752472,0.004152506589889526,-0.7078660726547241
9,target,62,0.28028613328933716,-0.08274930715560913,-0.711449146270752
9,target,63,0.18978619575500488,0.005788937211036682,-0.6204684972763062
10,source,0,0.49756330251693726,0.4715488851070404,-0.4935147166252136
10,source,1,0.7292273640632629,0.09776749461889267,-0.8102823495864868
10,source,2,0.3054106831550598,0.05903170257806778,-0.9084063172340393
10,source,3,0.5635119676589966,0.33007553219795227,-0.8542932868003845
10,source,4,0.5148597955703735,0.011393189430236816,-0.5815799236297607
10,source,5,0.8117474317550659,-0.63437819480896,0.09200924634933472
10,source,6,0.5466836094856262,-0.47854718565940857,-0.4456264078617096
10,source,7,0.5299133658409119,-0.19406256079673767,-0.11469048261642456
10,source,8,0.35485541820526123,-0.27156513929367065,-0.3163406252861023
10,source,9,0.5923218727111816,0.21723130345344543,-0.18197551369667053
10,source,10,0.6768506765365601,0.16795912384986877,-0.06889230012893677
10,source,11,0.8356190919876099,-0.12001517415046692,-0.03501701354980469
10,source,12,0.6668797135353088,0.25761622190475464,-0.061503469944000244
10,source,13,0.5148592591285706,0.20269188284873962,-0.4440367519855499
10,source,14,0.6890415549278259,-0.0031674951314926147,-0.4975830614566803
10,source,15,0.4778403043746948,0.12528614699840546,-0.7039335370063782
10,source,16,0.4220530390739441,0.07709824293851852,-0.6851213574409485
10,source,17,0.5793149471282959,-0.1630689799785614,-0.18174448609352112
10,source,18,0.6943787336349487,-0.3811297118663788,-0.22254294157028198
10,source,19,0.6635420918464661,-0.0938606709241867,-0.3965250849723816
10,source,20,0.8714555501937866,-0.3931178152561188,-0.3091629445552826
10,source,21,0.4517830014228821,-0.40289756655693054,-0.4050341248512268
10,source,22,0.860517680644989,-0.12289032340049744,-0.06473439931869507
10,source,23,0.7009824514389038,0.08784548193216324,-0.24965694546699524
10,source,24,0.5708022117614746,-0.16967925429344177,-0.45921456813812256
10,source,25,0.5707868337631226,0.06267227977514267,-0.8091098070144653
10,source,26,0.6568107008934021,0.29101496934890747,-0.7729620337486267
10,source,27,0.618737518787384,0.10856258869171143,-0.8691732883453369
10,source,28,0.24548937380313873,0.036283813416957855,-1.0213261842727661
10,source,29,0.7264984846115112,0.17298273742198944,-0.35357609391212463
10,source,30,0.3365258574485779,0.005778640508651733,-0.6058070063591003
10,source,31,0.8614699840545654,-0.3136507272720337,-0.36983242630958557
10,source,32,0.8105105757713318,-0.24206581711769104,-0.39970412850379944
10,source,33,0.24059684574604034,0.13567325472831726,-0.7991336584091187
10,source,34,0.3705139756202698,0.20876149833202362,-0.6996437907218933
10,source,35,0.20954729616641998,-0.014529868960380554,-0.7418804168701172
10,source,36,0.20528574287891388,-0.03041265904903412,-0.5596802234649658
10,source,37,0.17841465771198273,0.06876590847969055,-0.7031847238540649
10,source,38,0.5161325335502625,0.12451576441526413,-0.6888026595115662
10,source,39,0.26731622219085693,0.07565303146839142,-0.749941349029541
10,source,40,0.5791382193565369,0.1972167193889618,-0.3714005947113037
10,source,41,0.6359711289405823,0.18195748329162598,-0.14939099550247192
10,source,42,0.2712670564651489,0.18689151108264923,-0.5497185587882996
10,source,43,0.37445956468582153,0.34626004099845886,-0.38048070669174194
10,source,44,0.17816698551177979,0.26900041103363037,-0.5440899133682251
10,source,45,0.314095139503479,0.2581850588321686,-0.45916858315467834
10,source,46,0.18201933801174164,0.48459213972091675,-0.7902554869651794
10,source,47,0.6554349064826965,0.7395033836364746,-0.5181846618652344
10,source,48,0.7683819532394409,0.691003680229187,-0.42706814408302307
10,source,49,0.16245543956756592,0.5271332859992981,-0.8009449243545532
10,source,50,0.1717391312122345,0.37754201889038086,-0.4826681613922119
10,source,51,0.6888605356216431,0.31907719373703003,-0.5499420166015625
10,source,52,0.6161805391311646,0.43694007396698,-0.5832230448722839
10,source,53,0.7552233934402466,0.3318948447704315,-0.5836411714553833
10,source,54,0.7739586234092712,0.320426344871521,-0.519798755645752
10,source,55,0.7677828669548035,0.325507253408432,-0.31769034266471863
10,source,56,0.7965429425239563,0.538138747215271,-0.4046217203140259
10,source,57,0.7539079189300537,0.4572027325630188,-0.5393214821815491
10,source,58,0.8650140762329102,0.32454246282577515,-0.3984871506690979
10,source,59,0.8408163785934448,0.5763697624206543,-0.4597807824611664
10,source,60,0.6940616965293884,0.5559225082397461,-0.6076611876487732
10,source,61,0.5692630410194397,0.6099472641944885,-0.5691862106323242
10,source,62,0.3278123438358307,0.5090440511703491,-0.7203148007392883
10,source,63,0.6160836219787598,0.5763535499572754,-0.6212466359138489
10,target,0,0.3759244680404663,0.289825975894928,-0.7583451867103577
10,target,1,0.3138367533683777,0.27855414152145386,-0.6742445826530457
10,target,2,0.2590681314468384,0.22007912397384644,-0.7282707095146179
10,target,3,0.18093040585517883,0.22676531970500946,-0.7737821936607361
10,target,4,0.3995063900947571,0.2177269011735916,-0.6022596955299377
10,target,5,0.34007591009140015,0.1899464726448059,-0.7717986106872559
10,target,6,0.3116670548915863,0.23022744059562683,-0.7735251784324646
10,target,7,0.3103012442588806,0.30264389514923096,-0.8050714135169983
10,target,8,0.33178484439849854,0.2445153295993805,-0.7450812458992004
10,target,9,0.3745444416999817,0.23556900024414062,-0.7777294516563416
10,target,10,0.27725493907928467,0.2225523740053177,-0.6787019371986389
10,target,11,0.17004519701004028,0.2910718321800232,-0.7707576751708984
10,target,12,0.20466288924217224,0.20187190175056458,-0.7591370344161987
10,target,13,0.10259319841861725,0.1717718243598938,-0.7183782458305359
10,target,14,0.3035639226436615,0.25340601801872253,-0.7331942319869995
10,target,15,0.18790867924690247,0.23298105597496033,-0.5991668105125427
10,target,16,0.1726452261209488,0.3103541135787964,-0.7089504599571228
10,target,17,0.19553989171981812,0.28350430727005005,-0.6457619071006775
10,target,18,0.23239684104919434,0.3029164671897888,-0.6573314070701599
10,target,19,0.21948781609535217,0.3004912734031677,-0.6247222423553467
10,target,20,0.10040069371461868,0.2766628563404083,-0.7269942760467529
10,target,21,0.3278387188911438,0.25950372219085693,-0.5894525051116943
10,target,22,0.2734352946281433,0.3536580502986908,-0.6901972889900208
10,target,23,0.2729629874229431,0.28359782695770264,-0.6178061366081238
10,target,24,0.30088815093040466,0.3183707594871521,-0.6981222033500671
10,target,25,0.3060234487056732,0.2982139587402344,-0.6380925178527832
10,target,26,0.2864375412464142,0.2643637955188751,-0.5778220295906067
10,target,27,0.2049635350704193,0.20051108300685883,-0.6301174163818359
10,target,28,0.43925797939300537,0.19168895483016968,-0.5080310106277466
10,target,29,0.2655804753303528,0.22717103362083435,-0.6643573641777039
10,target,30,0.17414307594299316,0.256384938955307,-0.7952955961227417
10,target,31,0.29741358757019043,0.23317964375019073,-0.7533068656921387
10,target,32,0.4128357172012329,0.15525075793266296,-0.7534438371658325
10,target,33,0.3086886405944824,0.25710949301719666,-0.716618001461029
10,target,34,0.31832355260849,0.303744912147522,-0.7703880071640015
10,target,35,0.3560808300971985,0.24827924370765686,-0.713057816028595
10,target,36,0.28393054008483887,0.15916723012924194,-0.659013032913208
10,target,37,0.280714213848114,0.2585517168045044,-0.6090096235275269
10,target,38,0.28820163011550903,0.3073999881744385,-0.7075096368789673
10,target,39,0.2581464946269989,0.29426610469818115,-0.6288382411003113
10,target,40,0.2561219334602356,0.24645847082138062,-0.7455264329910278
10,target,41,0.20803317427635193,0.28775250911712646,-0.7525156736373901
10,target,42,0.23321384191513062,0.2705344557762146,-0.7447548508644104
10,target,43,0.18657663464546204,0.18450027704238892,-0.7196946740150452
10,target,44,0.1098509281873703,0.2992877662181854,-0.7169657349586487
10,target,45,0.161035418510437,0.3096935749053955,-0.7441686391830444
10,target,46,0.2679688036441803,0.27385303378105164,-0.7239940762519836
10,target,47,0.19937767088413239,0.21588730812072754,-0.7521264553070068
10,target,48,0.17669865489006042,0.23413656651973724,-0.8042072057723999
10,target,49,0.36005938053131104,0.2317570149898529,-0.6735501885414124
10,target,50,0.2676713168621063,0.04521908611059189,-0.8172547817230225
10,target,51,0.2981802225112915,-0.06003636121749878,-0.668340265750885
10,target,52,0.18481577932834625,0.0001493990421295166,-0.7095116376876831
10,target,53,0.1710437536239624,0.009342223405838013,-0.6959545016288757
10,target,54,0.3320685923099518,0.06158900260925293,-0.5484774112701416
10,target,55,0.2682102918624878,-0.01928374171257019,-0.5808857679367065
10,target,56,0.2814112603664398,-0.04379330575466156,-0.5974453687667847
10,target,57,0.2154604196548462,0.013756632804870605,-0.6223344206809998
10,target,58,0.29427486658096313,0.028551295399665833,-0.6147685050964355
10,target,59,0.33303049206733704,-0.06785358488559723,-0.6757869720458984
10,target,60,0.1425173133611679,0.02888643741607666,-0.638037919998169
10,target,61,0.16947373747825623,-0.017138361930847168,-0.7057817578315735
10,target,62,0.16779863834381104,-0.05661390721797943,-0.7100189924240112
10,target,63,0.12227218598127365,-0.044290050864219666,-0.5958054661750793
11,source,0,0.37230372428894043,0.5199382901191711,-0.5433303713798523
11,source,1,0.4686580300331116,0.2462838590145111,-0.8460418581962585
11,source,2,0.07922746241092682,0.26615339517593384,-0.8272086381912231
11,source,3,0.30902814865112305,0.3650251626968384,-0.8303703665733337
11,source,4,0.328644335269928,0.09386810660362244,-0.6519836187362671
11,source,5,0.44349396228790283,-0.49833348393440247,-0.16056442260742188
11,source,6,0.31224673986434937,-0.26388660073280334,-0.4382108151912689
11,source,7,0.3192656338214874,-0.06520357728004456,-0.22348549962043762
11,source,8,0.1059548407793045,-0.09389010071754456,-0.3268261253833771
11,source,9,0.3868876099586487,0.2589554786682129,-0.2233901023864746
11,source,10,0.4457458257675171,0.20151406526565552,-0.1850292980670929
11,source,11,0.5240570306777954,-0.008277133107185364,-0.22159618139266968
11,source,12,0.3995046615600586,0.28143975138664246,-0.1868119239807129
11,source,13,0.24691854417324066,0.30473682284355164,-0.4897345304489136
11,source,14,0.4590665102005005,0.10750725865364075,-0.5559957027435303
11,source,15,0.2529979944229126,0.21539901196956635,-0.6858173608779907
11,source,16,0.21649882197380066,0.20802290737628937,-0.6817325949668884
11,source,17,0.33607029914855957,-0.036574289202690125,-0.3286643624305725
11,source,18,0.4477332830429077,-0.21909072995185852,-0.35173675417900085
11,source,19,0.3820989727973938,0.0030307918787002563,-0.46273311972618103
11,source,20,0.5492071509361267,-0.2413119077682495,-0.42279356718063354
11,source,21,0.24016277492046356,-0.2942058742046356,-0.49226242303848267
11,source,22,0.5570799708366394,-0.04944458603858948,-0.2690737247467041
11,source,23,0.4585410952568054,0.18566668033599854,-0.3238568902015686
11,source,24,0.35639750957489014,0.016633227467536926,-0.5676910877227783
11,source,25,0.3741893172264099,0.2126317322254181,-0.811953604221344
11,source,26,0.3621017336845398,0.3519275486469269,-0.7621597051620483
11,source,27,0.38141024112701416,0.20246703922748566,-0.8984386920928955
11,source,28,0.023764248937368393,0.20468631386756897,-0.9315410852432251
11,source,29,0.4385756850242615,0.27080318331718445,-0.5258079767227173
11,source,30,0.013550542294979095,0.16717927157878876,-0.6740630269050598
11,source,31,0.4755997061729431,-0.10433244705200195,-0.447687566280365
11,source,32,0.44202351570129395,-0.010443717241287231,-0.48572850227355957
11,source,33,0.11924964934587479,0.25740382075309753,-0.7821658253669739
11,source,34,0.16496464610099792,0.3696550130844116,-0.6947730779647827
11,source,35,0.03915008530020714,0.09185172617435455,-0.782192587852478
11,source,36,0.12955212593078613,0.06968069821596146,-0.5930626392364502
11,source,37,0.042450711131095886,0.1456020027399063,-0.7795842885971069
11,source,38,0.27099406719207764,0.23688852787017822,-0.6699810028076172
11,source,39,0.12718477845191956,0.18849556148052216,-0.6928914189338684
11,source,40,0.4013037085533142,0.24365001916885376,-0.4400485157966614
11,source,41,0.42010319232940674,0.21147659420967102,-0.3082534968852997
11,source,42,0.015466757118701935,0.20243266224861145,-0.5370635986328125
11,source,43,0.02768346667289734,0.3554246425628662,-0.48419663310050964
11,source,44,-0.08055338263511658,0.28643232583999634,-0.5744556188583374
11,source,45,0.02529042214155197,0.2795514464378357,-0.5122604370117188
11,source,46,0.053051263093948364,0.6815868616104126,-0.8369370698928833
11,source,47,0.38070929050445557,0.7319954633712769,-0.5742608904838562
11,source,48,0.5138108134269714,0.7069759368896484,-0.5188839435577393
11,source,49,-0.0038433969020843506,0.7352159023284912,-0.8132492899894714
11,source,50,0.07838904112577438,0.5119938850402832,-0.4922647178173065
11,source,51,0.41797900199890137,0.3667900860309601,-0.6167457103729248
11,source,52,0.36145925521850586,0.4889456331729889,-0.6201250553131104
11,source,53,0.4755384922027588,0.37750405073165894,-0.6775509715080261
11,source,54,0.49746477603912354,0.35722815990448,-0.5524300932884216
11,source,55,0.47964394092559814,0.35850751399993896,-0.4560055136680603
11,source,56,0.5556517839431763,0.5587341785430908,-0.4903631806373596
11,source,57,0.4712437391281128,0.49208933115005493,-0.6007677316665649
11,source,58,0.5874178409576416,0.3869234323501587,-0.5058465003967285
11,source,59,0.5626572370529175,0.563017725944519,-0.5562279224395752
11,source,60,0.43660807609558105,0.5767945051193237,-0.6520960927009583
11,source,61,0.296306312084198,0.6199070811271667,-0.61240553855896
11,source,62,0.10647420585155487,0.5742998123168945,-0.7129641175270081
11,source,63,0.3335961103439331,0.5999904870986938,-0.6632964611053467
11,target,0,-0.0397769957780838,0.3381398916244507,-0.7043455243110657
11,target,1,-0.09725476801395416,0.31937479972839355,-0.5835323333740234
11,target,2,-0.04440896213054657,0.2474198043346405,-0.6763536334037781
11,target,3,-0.07279522716999054,0.3345930576324463,-0.7070435285568237
11,target,4,-0.03140629827976227,0.2993282675743103,-0.6322930455207825
11,target,5,-0.05306395888328552,0.3289842903614044,-0.7147040963172913
11,target,6,-0.09189550578594208,0.3107477128505707,-0.6916405558586121
11,target,7,-0.12226054072380066,0.3378641605377197,-0.7003045678138733
11,target,8,-0.06556129455566406,0.36300063133239746,-0.6693801283836365
11,target,9,0.0057362839579582214,0.32020020484924316,-0.7406744360923767
11,target,10,-0.04253612458705902,0.31369587779045105,-0.6902920603752136
11,target,11,-0.08673219382762909,0.32178348302841187,-0.6985608339309692
11,target,12,-0.1633850634098053,0.23919910192489624,-0.6501529216766357
11,target,13,-0.1295427680015564,0.23572596907615662,-0.6512351632118225
11,target,14,-0.017800450325012207,0.2811453938484192,-0.6594715714454651
11,target,15,-0.10934479534626007,0.31551608443260193,-0.5951483249664307
11,target,16,-0.11914999783039093,0.34278860688209534,-0.6983533501625061
11,target,17,-0.09767325222492218,0.3458622694015503,-0.6344404220581055
11,target,18,-0.09061083197593689,0.32432690262794495,-0.6497102379798889
11,target,19,-0.08664102852344513,0.37022101879119873,-0.579272985458374
11,target,20,-0.09441138803958893,0.34898412227630615,-0.6594502925872803
11,target,21,-0.006178803741931915,0.35555845499038696,-0.64287930727005
11,target,22,-0.028006188571453094,0.36936378479003906,-0.6370067000389099
11,target,23,-0.013850174844264984,0.3465731739997864,-0.6588841080665588
11,target,24,-0.01205887645483017,0.36798954010009766,-0.6547220945358276
11,target,25,-0.04005774110555649,0.37106072902679443,-0.5935524106025696
11,target,26,-0.057210177183151245,0.34095513820648193,-0.6140804290771484
11,target,27,-0.15244202315807343,0.24783900380134583,-0.5895287990570068
11,target,28,0.02687344327569008,0.2630627453327179,-0.6251991987228394
11,target,29,-0.10956893861293793,0.27278056740760803,-0.6063985824584961
11,target,30,-0.07589836418628693,0.298660546541214,-0.7415932416915894
11,target,31,-0.010169528424739838,0.2960405945777893,-0.7173846960067749
11,target,32,-0.0023115500807762146,0.2425248920917511,-0.7327113747596741
11,target,33,-0.05570046603679657,0.3165452480316162,-0.6885709762573242
11,target,34,0.010843299329280853,0.34550678730010986,-0.7264763712882996
11,target,35,-0.005419313907623291,0.31281256675720215,-0.6569703817367554
11,target,36,-0.09314481914043427,0.21639713644981384,-0.5636346340179443
11,target,37,-0.04712088406085968,0.33519262075424194,-0.6108529567718506
11,target,38,-0.019102171063423157,0.3726770579814911,-0.6329606175422668
11,target,39,-0.027799509465694427,0.3564435839653015,-0.6212270259857178
11,target,40,-0.21882538497447968,0.2549196481704712,-0.6389782428741455
11,target,41,-0.17937929928302765,0.3208736777305603,-0.6394100189208984
11,target,42,-0.13064393401145935,0.2907363474369049,-0.6378918290138245
11,target,43,-0.16856853663921356,0.2630116045475006,-0.6264974474906921
11,target,44,-0.08158573508262634,0.37054944038391113,-0.6917445659637451
11,target,45,-0.07582980394363403,0.35666656494140625,-0.6769903898239136
11,target,46,-0.09955383837223053,0.3085661828517914,-0.6456488966941833
11,target,47,-0.08181214332580566,0.2813236117362976,-0.6778550744056702
11,target,48,-0.07953664660453796,0.3523995876312256,-0.7340995669364929
11,target,49,-0.0890716016292572,0.30343466997146606,-0.5858524441719055
11,target,50,0.0561656653881073,0.25143247842788696,-0.8241866827011108
11,target,51,0.00707852840423584,0.1781691312789917,-0.6547955274581909
11,target,52,0.02543141320347786,0.17258939146995544,-0.788561224937439
11,target,53,0.0031621605157852173,0.2089027315378189,-0.7566642761230469
11,target,54,0.03544071689248085,0.2393362820148468,-0.7001605033874512
11,target,55,0.011987291276454926,0.2242448329925537,-0.6921423077583313
11,target,56,0.017934627830982208,0.21684923768043518,-0.6709563732147217
11,target,57,0.002323918044567108,0.2180701196193695,-0.6852481961250305
11,target,58,0.04672174155712128,0.26635003089904785,-0.6921324133872986
11,target,59,0.10905278474092484,0.1952246129512787,-0.7285827398300171
11,target,60,-0.04112382233142853,0.21644610166549683,-0.7254316806793213
11,target,61,0.020710617303848267,0.17350873351097107,-0.7529837489128113
11,target,62,-0.05180959403514862,0.10989443212747574,-0.7109822034835815
11,target,63,-0.047560736536979675,0.1406383216381073,-0.61930251121521
12,source,0,0.4424309730529785,0.38754963874816895,-0.5393967628479004
12,source,1,0.5043745040893555,0.15868240594863892,-0.7096944451332092
12,source,2,0.20796456933021545,0.10394154489040375,-0.7905512452125549
12,source,3,0.4203421473503113,0.2771848440170288,-0.7843120694160461
12,source,4,0.3516881465911865,0.041000135242938995,-0.6182218790054321
12,source,5,0.5559402108192444,-0.5414001941680908,0.062296509742736816
12,source,6,0.4742053747177124,-0.3633356988430023,-0.36359742283821106
12,source,7,0.40341055393218994,-0.14828094840049744,-0.18237793445587158
12,source,8,0.2613174319267273,-0.1919838786125183,-0.3372982442378998
12,source,9,0.4078686237335205,0.1688382923603058,-0.2700396776199341
12,source,10,0.454850435256958,0.14075875282287598,-0.1989942491054535
12,source,11,0.5742180347442627,-0.07224462926387787,-0.20302706956863403
12,source,12,0.423677921295166,0.17109127342700958,-0.201798677444458
12,source,13,0.36686569452285767,0.22088319063186646,-0.4873092472553253
12,source,14,0.4965115189552307,0.046334587037563324,-0.5193484425544739
12,source,15,0.39384859800338745,0.09722409397363663,-0.6339533925056458
12,source,16,0.3121894598007202,0.07842214405536652,-0.6673372983932495
12,source,17,0.4206951856613159,-0.12147679924964905,-0.24276259541511536
12,source,18,0.5453131794929504,-0.3481108248233795,-0.23356369137763977
12,source,19,0.4815071225166321,-0.08056578040122986,-0.4169445335865021
12,source,20,0.6751692295074463,-0.340442031621933,-0.2724597752094269
12,source,21,0.37595266103744507,-0.3594989478588104,-0.3966846764087677
12,source,22,0.6192523837089539,-0.1079501211643219,-0.1828359067440033
12,source,23,0.5230036973953247,0.07754519581794739,-0.36486783623695374
12,source,24,0.4602224826812744,-0.11273795366287231,-0.4692782163619995
12,source,25,0.4147647023200989,0.1368202567100525,-0.6926483511924744
12,source,26,0.448621928691864,0.21763525903224945,-0.6700292825698853
12,source,27,0.4745514988899231,0.11373555660247803,-0.8011520504951477
12,source,28,0.2102431058883667,0.0273563414812088,-0.9032126665115356
12,source,29,0.4705408215522766,0.1601167768239975,-0.47814929485321045
12,source,30,0.18375761806964874,0.012302964925765991,-0.6493327617645264
12,source,31,0.5982762575149536,-0.23522502183914185,-0.3945213556289673
12,source,32,0.5637269020080566,-0.18168577551841736,-0.4154913127422333
12,source,33,0.2121598869562149,0.07625499367713928,-0.7315816879272461
12,source,34,0.2462969422340393,0.18209783732891083,-0.6935144662857056
12,source,35,0.1911619007587433,-0.006090700626373291,-0.767730712890625
12,source,36,0.28995609283447266,-0.06202346086502075,-0.5774081945419312
12,source,37,0.1989537477493286,0.019726812839508057,-0.746277928352356
12,source,38,0.411104679107666,0.06019137054681778,-0.6554414629936218
12,source,39,0.29346513748168945,0.01416085660457611,-0.6721969842910767
12,source,40,0.4823375344276428,0.12845289707183838,-0.4259240925312042
12,source,41,0.49300575256347656,0.11685532331466675,-0.29725611209869385
12,source,42,0.10593553632497787,0.0618714764714241,-0.5164290070533752
12,source,43,0.1677507907152176,0.17902177572250366,-0.40235456824302673
12,source,44,0.060698382556438446,0.10199333727359772,-0.525108277797699
12,source,45,0.13831040263175964,0.09189770370721817,-0.4259747266769409
12,source,46,0.17045989632606506,0.5079942941665649,-0.7031436562538147
12,source,47,0.4514482021331787,0.5918171405792236,-0.5414330959320068
12,source,48,0.571377158164978,0.5912778377532959,-0.45030856132507324
12,source,49,0.09939680248498917,0.5809573531150818,-0.7062624096870422
12,source,50,0.09320852905511856,0.37325817346572876,-0.5047675967216492
12,source,51,0.4806976318359375,0.2520342767238617,-0.5787086486816406
12,source,52,0.43805646896362305,0.32838916778564453,-0.5639533400535583
12,source,53,0.5431926250457764,0.30545294284820557,-0.6249428391456604
12,source,54,0.5988925099372864,0.21968156099319458,-0.5996720790863037
12,source,55,0.5919429063796997,0.2604573369026184,-0.41508549451828003
12,source,56,0.6022979021072388,0.44744813442230225,-0.4806632399559021
12,source,57,0.539859414100647,0.34800833463668823,-0.6047806739807129
12,source,58,0.6521291732788086,0.2412487417459488,-0.46282845735549927
12,source,59,0.5559070110321045,0.45874303579330444,-0.5155133605003357
12,source,60,0.45975542068481445,0.43638405203819275,-0.628171443939209
12,source,61,0.35124874114990234,0.4656810462474823,-0.5828785300254822
12,source,62,0.16717445850372314,0.3946981728076935,-0.6998722553253174
12,source,63,0.4365559220314026,0.46199238300323486,-0.6430535912513733
12,target,0,0.06840050965547562,0.19020216166973114,-0.7261404395103455
12,target,1,0.04619752615690231,0.14258749783039093,-0.6311484575271606
12,target,2,-0.010992676019668579,0.12709441781044006,-0.6831411719322205
12,target,3,-0.049333468079566956,0.13875959813594818,-0.6763787865638733
12,target,4,0.10567627102136612,0.11141550540924072,-0.600797176361084
12,target,5,0.06387102603912354,0.1300296038389206,-0.7037948369979858
12,target,6,0.007502622902393341,0.13306891918182373,-0.7338746190071106
12,target,7,-0.007376454770565033,0.1756455898284912,-0.7497382760047913
12,target,8,0.036910172551870346,0.16783317923545837,-0.7092691659927368
12,target,9,0.04395291954278946,0.12695293128490448,-0.7411592602729797
12,target,10,0.030082523822784424,0.11513394117355347,-0.7095433473587036
12,target,11,-0.05243530869483948,0.16156809031963348,-0.701166570186615
12,target,12,-0.062450870871543884,0.09106916189193726,-0.659001350402832
12,target,13,-0.0486634224653244,0.06680668145418167,-0.6270352602005005
12,target,14,0.07215098291635513,0.12863294780254364,-0.6585380434989929
12,target,15,0.03881802037358284,0.13348811864852905,-0.600443959236145
12,target,16,-0.02336779236793518,0.1735752671957016,-0.6711971759796143
12,target,17,-0.02461112290620804,0.1835465282201767,-0.6218447685241699
12,target,18,-0.022169306874275208,0.16264618933200836,-0.6306683421134949
12,target,19,0.012493468821048737,0.17137691378593445,-0.604744553565979
12,target,20,-0.05357411503791809,0.1524447798728943,-0.6486539244651794
12,target,21,0.118686743080616,0.15371422469615936,-0.6396085023880005
12,target,22,0.04408823698759079,0.2147197276353836,-0.6416926383972168
12,target,23,0.0752541571855545,0.16274510324001312,-0.6305786967277527
12,target,24,0.08117855340242386,0.1979762613773346,-0.6432105898857117
12,target,25,0.10030075162649155,0.2012479454278946,-0.6074866652488708
12,target,26,0.07416690140962601,0.13872739672660828,-0.5904904007911682
12,target,27,-0.04747679829597473,0.15372420847415924,-0.5709846615791321
12,target,28,0.10620588809251785,0.10251070559024811,-0.6084064841270447
12,target,29,0.008125558495521545,0.11570284515619278,-0.6169604659080505
12,target,30,-0.028611615300178528,0.11839693784713745,-0.7114431858062744
12,target,31,0.03532100096344948,0.10894101113080978,-0.7144708037376404
12,target,32,0.04785238951444626,0.07604359835386276,-0.7255227565765381
12,target,33,0.051003072410821915,0.1316644698381424,-0.6784681081771851
12,target,34,0.1011483296751976,0.15612560510635376,-0.6680071949958801
12,target,35,0.11761951446533203,0.13686081767082214,-0.6534478664398193
12,target,36,-0.009381406009197235,0.07881613075733185,-0.5819715857505798
12,target,37,0.09605833142995834,0.12224011868238449,-0.5772445201873779
12,target,38,0.09246528148651123,0.18959514796733856,-0.6375362277030945
12,target,39,0.05778089910745621,0.18838126957416534,-0.6377551555633545
12,target,40,-0.0288851335644722,0.13336822390556335,-0.6928122639656067
12,target,41,-0.031103946268558502,0.1787683665752411,-0.682787299156189
12,target,42,-0.023955881595611572,0.1457960605621338,-0.7052065134048462
12,target,43,-0.030474886298179626,0.14013788104057312,-0.683361828327179
12,target,44,-0.010948054492473602,0.15602417290210724,-0.6583701372146606
12,target,45,-0.025115013122558594,0.18143032491207123,-0.6784497499465942
12,target,46,-0.004927091300487518,0.14858996868133545,-0.6591018438339233
12,target,47,-0.016904383897781372,0.1094251424074173,-0.6890624165534973
12,target,48,-0.04587048292160034,0.15666036307811737,-0.697746753692627
12,target,49,0.03755294531583786,0.132053941488266,-0.6110581159591675
12,target,50,0.2064543068408966,0.08628980815410614,-0.7493207454681396
12,target,51,0.24212494492530823,-0.0010888725519180298,-0.6612281203269958
12,target,52,0.20420706272125244,0.021333128213882446,-0.7474521398544312
12,target,53,0.1621221899986267,0.04199445992708206,-0.7269589304924011
12,target,54,0.22281447052955627,0.08623963594436646,-0.660724401473999
12,target,55,0.16867756843566895,0.05404284596443176,-0.6644366383552551
12,target,56,0.23484031856060028,0.029383495450019836,-0.6579338908195496
12,target,57,0.17617985606193542,0.05842426419258118,-0.6653286814689636
12,target,58,0.2077648639678955,0.06038685888051987,-0.6783349514007568
12,target,59,0.2237394154071808,0.0035973936319351196,-0.7023653388023376
12,target,60,0.19360920786857605,0.022651106119155884,-0.7326309084892273
12,target,61,0.2106701284646988,-0.01380707323551178,-0.6997126340866089
12,target,62,0.17331284284591675,-0.029035702347755432,-0.6655713319778442
12,target,63,0.1263720691204071,-0.031076952815055847,-0.6169729232788086
13,source,0,0.23175662755966187,0.4293176829814911,-0.5477451682090759
13,source,1,0.35860949754714966,0.206671342253685,-0.774031937122345
13,source,2,0.0803157389163971,0.20699389278888702,-0.7747231721878052
13,source,3,0.22685572504997253,0.3213962912559509,-0.7825932502746582
13,source,4,0.15269620716571808,0.14143437147140503,-0.586742639541626
13,source,5,0.35091668367385864,-0.42141929268836975,-0.02840667963027954
13,source,6,0.26800599694252014,-0.25315138697624207,-0.44314563274383545
13,source,7,0.2350357621908188,-0.09867292642593384,-0.17796558141708374
13,source,8,0.14796705543994904,-0.10436508059501648,-0.31583133339881897
13,source,9,0.23829005658626556,0.22522947192192078,-0.3179105818271637
13,source,10,0.3174120783805847,0.22716255486011505,-0.2792959213256836
13,source,11,0.3739912509918213,0.029590457677841187,-0.23972633481025696
13,source,12,0.28522688150405884,0.2758215665817261,-0.2723197937011719
13,source,13,0.21123053133487701,0.2603732943534851,-0.5546764135360718
13,source,14,0.3437051773071289,0.12360444664955139,-0.5367121696472168
13,source,15,0.22748617827892303,0.17123980820178986,-0.6296917200088501
13,source,16,0.12052746117115021,0.2078983038663864,-0.6633042693138123
13,source,17,0.22606955468654633,-0.03412677347660065,-0.3049893081188202
13,source,18,0.3789965510368347,-0.23977774381637573,-0.3100261688232422
13,source,19,0.3108207583427429,-0.008078649640083313,-0.4209826588630676
13,source,20,0.48845982551574707,-0.22227922081947327,-0.35397544503211975
13,source,21,0.23816250264644623,-0.26794829964637756,-0.3888908624649048
13,source,22,0.42693668603897095,-0.0048583149909973145,-0.2865825295448303
13,source,23,0.3471986651420593,0.14390529692173004,-0.3817221522331238
13,source,24,0.261862576007843,-0.023641198873519897,-0.4854968786239624
13,source,25,0.28840309381484985,0.16165268421173096,-0.7252482771873474
13,source,26,0.27348342537879944,0.2599859833717346,-0.7068002223968506
13,source,27,0.2633415758609772,0.2251860648393631,-0.8164278864860535
13,source,28,0.036329563707113266,0.18379804491996765,-0.8552474975585938
13,source,29,0.2873331904411316,0.2050117701292038,-0.5222318768501282
13,source,30,0.04381055012345314,0.11626169085502625,-0.6029499769210815
13,source,31,0.4360882639884949,-0.13995066285133362,-0.3997131586074829
13,source,32,0.38595861196517944,-0.08939994871616364,-0.42499274015426636
13,source,33,0.08241726458072662,0.15904852747917175,-0.6970731019973755
13,source,34,0.04028897359967232,0.25784987211227417,-0.6286581754684448
13,source,35,0.10004056245088577,0.07848446071147919,-0.721486508846283
13,source,36,0.06923191249370575,0.030299551784992218,-0.5703417062759399
13,source,37,0.04000147432088852,0.156026229262352,-0.6888473033905029
13,source,38,0.23445886373519897,0.11079052090644836,-0.6158896088600159
13,source,39,0.10919151455163956,0.08528734743595123,-0.6374213695526123
13,source,40,0.29046791791915894,0.22676926851272583,-0.48489123582839966
13,source,41,0.31914275884628296,0.1905343234539032,-0.33691099286079407
13,source,42,-0.04870551824569702,0.21109513938426971,-0.4532585144042969
13,source,43,0.018108628690242767,0.33282220363616943,-0.37910112738609314
13,source,44,-0.0822695642709732,0.28882908821105957,-0.4498352110385895
13,source,45,-0.005379199981689453,0.2678245007991791,-0.4092906713485718
13,source,46,-0.061736345291137695,0.5098299384117126,-0.7513887882232666
13,source,47,0.2573097348213196,0.5503035187721252,-0.5762513279914856
13,source,48,0.37939953804016113,0.5724138617515564,-0.5300771594047546
13,source,49,-0.06971751153469086,0.551478922367096,-0.7805206179618835
13,source,50,-0.03734957426786423,0.39438068866729736,-0.5526039004325867
13,source,51,0.31054359674453735,0.2749229967594147,-0.5916191935539246
13,source,52,0.24079766869544983,0.38482823967933655,-0.6374422907829285
13,source,53,0.3408593535423279,0.3112315535545349,-0.6531956791877747
13,source,54,0.3754526376724243,0.27392929792404175,-0.5730271935462952
13,source,55,0.3786080479621887,0.31130391359329224,-0.4780064821243286
13,source,56,0.4151994585990906,0.4466284215450287,-0.5403326749801636
13,source,57,0.333143949508667,0.40249013900756836,-0.6246727108955383
13,source,58,0.4588336944580078,0.3133571743965149,-0.5353699922561646
13,source,59,0.43656086921691895,0.43383195996284485,-0.5857190489768982
13,source,60,0.30951792001724243,0.4368855357170105,-0.6483208537101746
13,source,61,0.20051348209381104,0.4615577459335327,-0.6101914644241333
13,source,62,0.035120997577905655,0.40963441133499146,-0.6692093014717102
13,source,63,0.25102776288986206,0.46846747398376465,-0.6524215340614319
13,target,0,-0.003804713487625122,0.2479693442583084,-0.6891117095947266
13,target,1,-0.06632605195045471,0.23426422476768494,-0.5935795307159424
13,target,2,-0.054537564516067505,0.2446211576461792,-0.6249926686286926
13,target,3,-0.10250289738178253,0.263166606426239,-0.6246939897537231
13,target,4,0.02594561129808426,0.1960240602493286,-0.5555056929588318
13,target,5,-0.05281347036361694,0.23757651448249817,-0.6338375210762024
13,target,6,-0.06665058434009552,0.23344892263412476,-0.6544968485832214
13,target,7,-0.10514020919799805,0.29513341188430786,-0.6840313673019409
13,target,8,-0.0665033608675003,0.27718180418014526,-0.6594816446304321
13,target,9,-0.05289016664028168,0.26862746477127075,-0.6846997141838074
13,target,10,-0.03231176733970642,0.22173380851745605,-0.6074438095092773
13,target,11,-0.1028175950050354,0.2684091031551361,-0.6542096734046936
13,target,12,-0.11533831059932709,0.24202287197113037,-0.6314680576324463
13,target,13,-0.09822350740432739,0.208541601896286,-0.5980503559112549
13,target,14,0.048760198056697845,0.22767481207847595,-0.6339468359947205
13,target,15,-0.08873671293258667,0.22927427291870117,-0.5784178972244263
13,target,16,-0.0761135071516037,0.27125632762908936,-0.6463356614112854
13,target,17,-0.08796237409114838,0.29835379123687744,-0.6252158284187317
13,target,18,-0.11591506004333496,0.2976906895637512,-0.6233137845993042
13,target,19,-0.0947263091802597,0.2858854830265045,-0.5905027389526367
13,target,20,-0.12353059649467468,0.33293765783309937,-0.6308838129043579
13,target,21,0.011671394109725952,0.2915226221084595,-0.5602660775184631
13,target,22,-0.0025442391633987427,0.3648566007614136,-0.6265223622322083
13,target,23,-0.004198357462882996,0.3143129348754883,-0.6169306039810181
13,target,24,-0.009792856872081757,0.31775832176208496,-0.62205970287323
13,target,25,-0.011169768869876862,0.3000427484512329,-0.61595618724823
13,target,26,-0.01606905460357666,0.2629128098487854,-0.5828148126602173
13,target,27,-0.09544093906879425,0.2280963808298111,-0.5942623615264893
13,target,28,0.020292699337005615,0.15282131731510162,-0.5585892796516418
13,target,29,-0.03418634086847305,0.20955395698547363,-0.5951652526855469
13,target,30,-0.09709405899047852,0.2720573842525482,-0.6557495594024658
13,target,31,-0.048341378569602966,0.2514208257198334,-0.6587316989898682
13,target,32,-0.011622920632362366,0.1968376338481903,-0.6456584930419922
13,target,33,-0.057093456387519836,0.2287706583738327,-0.6291655898094177
13,target,34,0.02366802468895912,0.24157127737998962,-0.6462882161140442
13,target,35,-0.003922328352928162,0.24932722747325897,-0.6315323114395142
13,target,36,-0.06489413976669312,0.21606379747390747,-0.5725535154342651
13,target,37,-0.03725607693195343,0.26402103900909424,-0.5716318488121033
13,target,38,-0.011415846645832062,0.29585573077201843,-0.6545087099075317
13,target,39,-0.03883758932352066,0.3035442531108856,-0.5944602489471436
13,target,40,-0.12313151359558105,0.24776625633239746,-0.629119873046875
13,target,41,-0.09628492593765259,0.285125195980072,-0.6245218515396118
13,target,42,-0.07378195226192474,0.2713351249694824,-0.6382368206977844
13,target,43,-0.11947177350521088,0.24932563304901123,-0.6415967345237732
13,target,44,-0.07850998640060425,0.3457752466201782,-0.631503701210022
13,target,45,-0.11039941012859344,0.3201254606246948,-0.656122088432312
13,target,46,-0.062074318528175354,0.2768748700618744,-0.6399522423744202
13,target,47,-0.09145383536815643,0.2334766387939453,-0.6279637813568115
13,target,48,-0.09178157150745392,0.2900621294975281,-0.6453896164894104
13,target,49,-0.024755015969276428,0.23588667809963226,-0.5847043395042419
13,target,50,0.06357961148023605,0.13111022114753723,-0.763189971446991
13,target,51,0.034303922206163406,0.08416839689016342,-0.6725592017173767
13,target,52,0.014236465096473694,0.07453356683254242,-0.745628833770752
13,target,53,0.006999678909778595,0.10198067128658295,-0.7125797271728516
13,target,54,0.02753666788339615,0.10373271256685257,-0.6097396016120911
13,target,55,-0.06725890934467316,0.14052550494670868,-0.6533248424530029
13,target,56,-0.01499878615140915,0.14203022420406342,-0.6590529084205627
13,target,57,-0.0491560697555542,0.14997915923595428,-0.6754660606384277
13,target,58,-0.030323266983032227,0.1596999615430832,-0.6683759093284607
13,target,59,0.009227164089679718,0.11580920219421387,-0.6916741728782654
13,target,60,0.00937393307685852,0.08418301492929459,-0.6558111906051636
13,target,61,0.012018591165542603,0.07890532165765762,-0.6641442775726318
13,target,62,-0.029012858867645264,0.05055698752403259,-0.6480112075805664
13,target,63,-0.038906075060367584,0.10851986706256866,-0.6249886751174927
14,source,0,0.31027430295944214,0.37573838233947754,-0.5486336946487427
14,source,1,0.41065579652786255,0.1994367092847824,-0.7536216974258423
14,source,2,0.17132021486759186,0.1630774885416031,-0.7330710291862488
14,source,3,0.30354607105255127,0.267195463180542,-0.7346263527870178
14,source,4,0.2406737357378006,0.13490203022956848,-0.5488439202308655
14,source,5,0.4268837571144104,-0.2690821886062622,-0.19019442796707153
14,source,6,0.34803342819213867,-0.13449016213417053,-0.48469874262809753
14,source,7,0.27289268374443054,0.018776223063468933,-0.27577775716781616
14,source,8,0.16851674020290375,-0.001039251685142517,-0.37384071946144104
14,source,9,0.32031428813934326,0.20085234940052032,-0.31778162717819214
14,source,10,0.3650429844856262,0.20795507729053497,-0.2445105016231537
14,source,11,0.4440537095069885,0.0877070277929306,-0.28641554713249207
14,source,12,0.336375892162323,0.22709301114082336,-0.22883540391921997
14,source,13,0.2596815526485443,0.281756728887558,-0.5533924698829651
14,source,14,0.413973331451416,0.17661641538143158,-0.5492655038833618
14,source,15,0.24447889626026154,0.19572344422340393,-0.6566522717475891
14,source,16,0.17769122123718262,0.19814187288284302,-0.6798109412193298
14,source,17,0.3113687038421631,0.019288837909698486,-0.32117822766304016
14,source,18,0.4757962226867676,-0.17131170630455017,-0.35190272331237793
14,source,19,0.3568999767303467,0.05202723294496536,-0.46379750967025757
14,source,20,0.5020337104797363,-0.14540666341781616,-0.443207710981369
14,source,21,0.26986992359161377,-0.08831940591335297,-0.4490138292312622
14,source,22,0.4848884344100952,0.04188959300518036,-0.28856590390205383
14,source,23,0.35553234815597534,0.14811813831329346,-0.3904370069503784
14,source,24,0.3422739505767822,0.05857221037149429,-0.5174506902694702
14,source,25,0.3426458239555359,0.17949992418289185,-0.7437424659729004
14,source,26,0.38793206214904785,0.2566526532173157,-0.6382449865341187
14,source,27,0.3789464235305786,0.19500617682933807,-0.7905426025390625
14,source,28,0.14857715368270874,0.18325147032737732,-0.8352116346359253
14,source,29,0.446444571018219,0.18907055258750916,-0.5022117495536804
14,source,30,0.19445520639419556,0.0347527340054512,-0.5999509692192078
14,source,31,0.47055304050445557,-0.04091620445251465,-0.4176606833934784
14,source,32,0.4733712077140808,-0.024553850293159485,-0.4418089985847473
14,source,33,0.16639962792396545,0.1408534049987793,-0.6450220346450806
14,source,34,0.13633958995342255,0.22135603427886963,-0.5909373760223389
14,source,35,0.1661083996295929,0.10251082479953766,-0.6500003337860107
14,source,36,0.15054360032081604,0.0859997496008873,-0.5467746257781982
14,source,37,0.1409308761358261,0.14315536618232727,-0.6476912498474121
14,source,38,0.22658297419548035,0.16956402361392975,-0.577043890953064
14,source,39,0.18929588794708252,0.13897289335727692,-0.6135314106941223
14,source,40,0.32552164793014526,0.24098095297813416,-0.41123539209365845
14,source,41,0.3633132576942444,0.21699056029319763,-0.319204181432724
14,source,42,0.07514048367738724,0.13979972898960114,-0.46992766857147217
14,source,43,0.15097859501838684,0.23501013219356537,-0.37353941798210144
14,source,44,0.038529571145772934,0.16120201349258423,-0.4920000433921814
14,source,45,0.12332464754581451,0.16326525807380676,-0.38652485609054565
14,source,46,0.08258793503046036,0.5108152627944946,-0.6854135394096375
14,source,47,0.3559796214103699,0.5065805912017822,-0.5428080558776855
14,source,48,0.4300113320350647,0.5065274238586426,-0.5051925778388977
14,source,49,0.05784846842288971,0.5324357748031616,-0.7312556505203247
14,source,50,0.08634940534830093,0.34969133138656616,-0.5530931353569031
14,source,51,0.39630669355392456,0.2523016035556793,-0.5866711139678955
14,source,52,0.3872925043106079,0.35503286123275757,-0.5709618330001831
14,source,53,0.4397706389427185,0.3141852021217346,-0.6224203109741211
14,source,54,0.4054468274116516,0.24250392615795135,-0.6021777391433716
14,source,55,0.40855491161346436,0.2765468955039978,-0.48171761631965637
14,source,56,0.4707520008087158,0.40104687213897705,-0.511111855506897
14,source,57,0.4519461393356323,0.37811005115509033,-0.6028804779052734
14,source,58,0.529644250869751,0.31875914335250854,-0.49463951587677
14,source,59,0.5162151455879211,0.4081261157989502,-0.55785071849823
14,source,60,0.43315672874450684,0.4042055010795593,-0.6035463213920593
14,source,61,0.3315347731113434,0.42607760429382324,-0.5833292007446289
14,source,62,0.21790219843387604,0.358554482460022,-0.629949152469635
14,source,63,0.3433171510696411,0.4213893711566925,-0.6140062808990479
14,target,0,0.15966898202896118,0.22446364164352417,-0.6855176687240601
14,target,1,0.10392849892377853,0.2152751088142395,-0.5849338173866272
14,target,2,0.09716635942459106,0.18071213364601135,-0.6148819923400879
14,target,3,0.04726884141564369,0.21539202332496643,-0.6006969809532166
14,target,4,0.15922600030899048,0.18029749393463135,-0.5578930974006653
14,target,5,0.10372862219810486,0.21342237293720245,-0.6464138627052307
14,target,6,0.09586197137832642,0.20806998014450073,-0.6303628087043762
14,target,7,0.082755908370018,0.24101342260837555,-0.661802351474762
14,target,8,0.10882079601287842,0.2402718961238861,-0.6293951869010925
14,target,9,0.1360897570848465,0.21725542843341827,-0.6536811590194702
14,target,10,0.12080197036266327,0.1621619462966919,-0.6068068742752075
14,target,11,0.04180243983864784,0.21515671908855438,-0.6327086091041565
14,target,12,0.054044924676418304,0.18136438727378845,-0.5952452421188354
14,target,13,0.02540670335292816,0.11962102353572845,-0.5562348961830139
14,target,14,0.13234315812587738,0.1967879682779312,-0.5920238494873047
14,target,15,0.07065410912036896,0.22072038054466248,-0.5920721292495728
14,target,16,0.06486111134290695,0.22033005952835083,-0.6133711338043213
14,target,17,0.06416329741477966,0.23268342018127441,-0.5869221091270447
14,target,18,0.08564448356628418,0.22926345467567444,-0.6050899028778076
14,target,19,0.0916895940899849,0.22409896552562714,-0.5769709348678589
14,target,20,0.06491073220968246,0.20447032153606415,-0.5958636403083801
14,target,21,0.16264131665229797,0.20251086354255676,-0.5720791220664978
14,target,22,0.15710656344890594,0.2537989318370819,-0.572466254234314
14,target,23,0.11710461974143982,0.2522125244140625,-0.59417724609375
14,target,24,0.15979686379432678,0.2539155185222626,-0.6270660758018494
14,target,25,0.17400097846984863,0.2549695372581482,-0.6177107691764832
14,target,26,0.127060666680336,0.22578537464141846,-0.5494091510772705
14,target,27,0.06154412403702736,0.21045616269111633,-0.5854014754295349
14,target,28,0.15825940668582916,0.16957905888557434,-0.5748406052589417
14,target,29,0.09734535217285156,0.14582686126232147,-0.5638388991355896
14,target,30,0.0798739641904831,0.20095008611679077,-0.6314364671707153
14,target,31,0.13174785673618317,0.18690899014472961,-0.6225772500038147
14,target,32,0.1557498276233673,0.15348447859287262,-0.6124873757362366
14,target,33,0.11224450170993805,0.19170084595680237,-0.6036195755004883
14,target,34,0.17297300696372986,0.24276497960090637,-0.6409704685211182
14,target,35,0.16900983452796936,0.22171558439731598,-0.6183809638023376
14,target,36,0.05586157739162445,0.1948329657316208,-0.5927802324295044
14,target,37,0.1107020452618599,0.22498486936092377,-0.5672763586044312
14,target,38,0.16063091158866882,0.2401384711265564,-0.627112865447998
14,target,39,0.13250654935836792,0.2539781332015991,-0.5917218923568726
14,target,40,0.04518377035856247,0.21146129071712494,-0.6375608444213867
14,target,41,0.045894805341959,0.22961828112602234,-0.6161442995071411
14,target,42,0.08696163445711136,0.2353265881538391,-0.614160418510437
14,target,43,0.04041548818349838,0.1926911175251007,-0.6268957257270813
14,target,44,0.0411507673561573,0.24440905451774597,-0.5820649862289429
14,target,45,0.029653672128915787,0.24659395217895508,-0.6232345104217529
14,target,46,0.09863004833459854,0.20760515332221985,-0.5940483808517456
14,target,47,0.054279763251543045,0.19861096143722534,-0.6131307482719421
14,target,48,0.04276595264673233,0.2331072986125946,-0.620529055595398
14,target,49,0.1260078251361847,0.20200851559638977,-0.5719884634017944
14,target,50,0.1836768388748169,0.14806398749351501,-0.7158651947975159
14,target,51,0.16043072938919067,0.11544056981801987,-0.6352171301841736
14,target,52,0.1497252881526947,0.10691073536872864,-0.6966472268104553
14,target,53,0.12278517335653305,0.15966296195983887,-0.662874162197113
14,target,54,0.12077531218528748,0.14522762596607208,-0.5975881218910217
14,target,55,0.1217983067035675,0.14367102086544037,-0.5941493511199951
14,target,56,0.1694093942642212,0.12280862033367157,-0.6038991808891296
14,target,57,0.1297788918018341,0.1262173056602478,-0.600928544998169
14,target,58,0.16050875186920166,0.1578517109155655,-0.6251674890518188
14,target,59,0.1953924596309662,0.11217302829027176,-0.630436897277832
14,target,60,0.08672682195901871,0.12525075674057007,-0.605699896812439
14,target,61,0.1279461681842804,0.12411116808652878,-0.6362872123718262
14,target,62,0.08266002684831619,0.08445844054222107,-0.5967042446136475
14,target,63,0.08147604018449783,0.09453710168600082,-0.5678396224975586
15,source,0,0.04773785546422005,0.4094414710998535,-0.6713874340057373
15,source,1,0.18876788020133972,0.24465641379356384,-0.872124195098877
15,source,2,-0.03209179639816284,0.24053725600242615,-0.9204261302947998
15,source,3,0.06933929026126862,0.35468989610671997,-0.8871374130249023
15,source,4,-0.03564590960741043,0.20162461698055267,-0.7583422064781189
15,source,5,0.1478545367717743,-0.21953639388084412,-0.3128257393836975
15,source,6,0.005321130156517029,-0.007982343435287476,-0.6262913346290588
15,source,7,-0.03644276410341263,0.06878127157688141,-0.40967807173728943
15,source,8,-0.14597973227500916,0.06449232250452042,-0.4979966878890991
15,source,9,0.02707386016845703,0.2771230638027191,-0.4597814083099365
15,source,10,0.0946582779288292,0.18973200023174286,-0.37673550844192505
15,source,11,0.13581514358520508,0.08990788459777832,-0.4198206961154938
15,source,12,0.06349842250347137,0.2038068324327469,-0.3586338758468628
15,source,13,0.057822335511446,0.23219344019889832,-0.6385952830314636
15,source,14,0.1620894968509674,0.157769113779068,-0.7112120389938354
15,source,15,0.018645092844963074,0.20922411978244781,-0.7807961106300354
15,source,16,-0.036497101187705994,0.23140868544578552,-0.7908231019973755
15,source,17,0.01806415617465973,0.02874484658241272,-0.49997901916503906
15,source,18,0.1480448693037033,-0.10248363018035889,-0.560691237449646
15,source,19,0.08045215159654617,0.07354490458965302,-0.614532470703125
15,source,20,0.2094520628452301,-0.100688636302948,-0.5987131595611572
15,source,21,0.008608318865299225,-0.08926340937614441,-0.6594823002815247
15,source,22,0.19332706928253174,0.003552958369255066,-0.4365656077861786
15,source,23,0.07042713463306427,0.1864878386259079,-0.5145325064659119
15,source,24,0.05854019522666931,0.03320881724357605,-0.7016494274139404
15,source,25,0.13139836490154266,0.19374041259288788,-0.8648636937141418
15,source,26,0.10961063951253891,0.27445706725120544,-0.8156418800354004
15,source,27,0.14373527467250824,0.1991461217403412,-0.9005178213119507
15,source,28,-0.049286916851997375,0.1786220520734787,-0.9493612051010132
15,source,29,0.16010767221450806,0.22117671370506287,-0.6975041031837463
15,source,30,-0.05596208572387695,0.19615459442138672,-0.8370699286460876
15,source,31,0.1840275228023529,-0.011036142706871033,-0.5986310243606567
15,source,32,0.14036080241203308,0.05164313316345215,-0.6494500637054443
15,source,33,-0.11999332904815674,0.24610960483551025,-0.8974985480308533
15,source,34,-0.11212331056594849,0.28761082887649536,-0.7677732706069946
15,source,35,-0.09195640683174133,0.1995011419057846,-0.8663582801818848
15,source,36,-0.14110565185546875,0.16271398961544037,-0.7183910608291626
15,source,37,-0.12872757017612457,0.20538753271102905,-0.8305375576019287
15,source,38,-0.028965644538402557,0.22381946444511414,-0.7461585402488708
15,source,39,-0.13689027726650238,0.23859620094299316,-0.7745026350021362
15,source,40,0.05173618718981743,0.2117907702922821,-0.5829259753227234
15,source,41,0.055602770298719406,0.1817486733198166,-0.4615265429019928
15,source,42,-0.22682593762874603,0.19374023377895355,-0.6240389347076416
15,source,43,-0.15588262677192688,0.2561839818954468,-0.5420697927474976
15,source,44,-0.23488850891590118,0.20022118091583252,-0.6285727024078369
15,source,45,-0.21085257828235626,0.18762284517288208,-0.5360511541366577
15,source,46,-0.12971636652946472,0.5260686874389648,-0.8732357025146484
15,source,47,0.12387366592884064,0.5721904635429382,-0.7024226188659668
15,source,48,0.17873702943325043,0.5378170609474182,-0.6406951546669006
15,source,49,-0.18718869984149933,0.5234895944595337,-0.894160807132721
15,source,50,-0.1442234218120575,0.3754291534423828,-0.7052019238471985
15,source,51,0.1303725689649582,0.2944985032081604,-0.7260398864746094
15,source,52,0.09177249670028687,0.38333797454833984,-0.7415820360183716
15,source,53,0.1997869610786438,0.3034600615501404,-0.7562578320503235
15,source,54,0.15934151411056519,0.27875447273254395,-0.6932857036590576
15,source,55,0.1445232778787613,0.2914729416370392,-0.6073977947235107
15,source,56,0.2241981476545334,0.40140652656555176,-0.666032612323761
15,source,57,0.18798702955245972,0.36882245540618896,-0.7198455929756165
15,source,58,0.2677067220211029,0.28555184602737427,-0.6492149829864502
15,source,59,0.26224422454833984,0.40346309542655945,-0.7309025526046753
15,source,60,0.17119336128234863,0.41816872358322144,-0.7705104351043701
15,source,61,0.08559384942054749,0.4401262700557709,-0.7446921467781067
15,source,62,-0.048795610666275024,0.39088040590286255,-0.8406571745872498
15,source,63,0.08657898008823395,0.4306308329105377,-0.7851632237434387
15,target,0,-0.13166525959968567,0.24213433265686035,-0.8075169324874878
15,target,1,-0.1702367514371872,0.22611959278583527,-0.7333436012268066
15,target,2,-0.21534250676631927,0.23138242959976196,-0.7627631425857544
15,target,3,-0.23893095552921295,0.22614026069641113,-0.7808767557144165
15,target,4,-0.10947106778621674,0.21620017290115356,-0.7158315777778625
15,target,5,-0.14764077961444855,0.21298393607139587,-0.8168303370475769
15,target,6,-0.16234801709651947,0.20245325565338135,-0.7987715005874634
15,target,7,-0.18264608085155487,0.25421202182769775,-0.8042190670967102
15,target,8,-0.16496151685714722,0.2534584403038025,-0.7975331544876099
15,target,9,-0.14199869334697723,0.20788775384426117,-0.7901598215103149
15,target,10,-0.15471069514751434,0.20446564257144928,-0.7479343414306641
15,target,11,-0.24526171386241913,0.23699212074279785,-0.7864214777946472
15,target,12,-0.2578125,0.2074672132730484,-0.7707027196884155
15,target,13,-0.24804501235485077,0.13438808917999268,-0.741142988204956
15,target,14,-0.15876060724258423,0.192826047539711,-0.7765634655952454
15,target,15,-0.2114630490541458,0.26211610436439514,-0.7132772207260132
15,target,16,-0.23940451443195343,0.2541935443878174,-0.7748890519142151
15,target,17,-0.23483271896839142,0.27587708830833435,-0.7375146746635437
15,target,18,-0.22324056923389435,0.26307207345962524,-0.7526576519012451
15,target,19,-0.22150422632694244,0.26815056800842285,-0.7316423654556274
15,target,20,-0.25668251514434814,0.24747568368911743,-0.7585176229476929
15,target,21,-0.16659431159496307,0.24936524033546448,-0.6782209277153015
15,target,22,-0.14898306131362915,0.2589506208896637,-0.7284122109413147
15,target,23,-0.14492130279541016,0.24123071134090424,-0.7204871773719788
15,target,24,-0.13275299966335297,0.2636326551437378,-0.7636083960533142
15,target,25,-0.14516104757785797,0.28579843044281006,-0.7069823145866394
15,target,26,-0.1873280555009842,0.2629129886627197,-0.7213606238365173
15,target,27,-0.21686653792858124,0.19897760450839996,-0.7421624064445496
15,target,28,-0.14908714592456818,0.18572767078876495,-0.7077633142471313
15,target,29,-0.20743317902088165,0.20654180645942688,-0.7429865598678589
15,target,30,-0.21268071234226227,0.20814241468906403,-0.7854784727096558
15,target,31,-0.18641968071460724,0.19788816571235657,-0.7712013125419617
15,target,32,-0.1601712852716446,0.1677989512681961,-0.7739837765693665
15,target,33,-0.1847032755613327,0.21605779230594635,-0.7813339829444885
15,target,34,-0.13914594054222107,0.20977064967155457,-0.7970157265663147
15,target,35,-0.126161590218544,0.2199191004037857,-0.7393937110900879
15,target,36,-0.20476208627223969,0.20478592813014984,-0.7132269740104675
15,target,37,-0.15354527533054352,0.23612163960933685,-0.7225753664970398
15,target,38,-0.1490052491426468,0.26961585879325867,-0.778354823589325
15,target,39,-0.14802296459674835,0.2719215452671051,-0.723656415939331
15,target,40,-0.20737485587596893,0.2441055178642273,-0.7610246539115906
15,target,41,-0.25709962844848633,0.2581804096698761,-0.7525887489318848
15,target,42,-0.23540566861629486,0.25807470083236694,-0.749085545539856
15,target,43,-0.25066542625427246,0.23898431658744812,-0.7671141028404236
15,target,44,-0.24207840859889984,0.27359455823898315,-0.7216230630874634
15,target,45,-0.2542001008987427,0.2750106751918793,-0.761855959892273
15,target,46,-0.18314968049526215,0.21456362307071686,-0.7728706002235413
15,target,47,-0.21603460609912872,0.2117980420589447,-0.7828894853591919
15,target,48,-0.22384397685527802,0.23350250720977783,-0.7696405649185181
15,target,49,-0.17622177302837372,0.2379995882511139,-0.7143110036849976
15,target,50,-0.07321648299694061,0.22930867969989777,-0.9030144214630127
15,target,51,-0.09201999008655548,0.2099459171295166,-0.7851130366325378
15,target,52,-0.13954634964466095,0.23197393119335175,-0.847782552242279
15,target,53,-0.14495573937892914,0.2225390076637268,-0.8027404546737671
15,target,54,-0.11034046113491058,0.2528192400932312,-0.7025832533836365
15,target,55,-0.14432191848754883,0.21233820915222168,-0.7585659623146057
15,target,56,-0.11084577441215515,0.20639197528362274,-0.7453103065490723
15,target,57,-0.1489897519350052,0.22970543801784515,-0.7562993168830872
15,target,58,-0.10692811012268066,0.23758932948112488,-0.7536965608596802
15,target,59,-0.06633192300796509,0.17447195947170258,-0.7732130885124207
15,target,60,-0.1880972534418106,0.24044647812843323,-0.7457025051116943
15,target,61,-0.15282367169857025,0.21744324266910553,-0.8110032081604004
15,target,62,-0.1430419236421585,0.171388640999794,-0.776961088180542
15,target,63,-0.1530691534280777,0.18590232729911804,-0.7648705840110779
16,source,0,0.18113836646080017,0.35396793484687805,-0.6231440305709839
16,source,1,0.29431432485580444,0.18464335799217224,-0.773344099521637
16,source,2,0.08582036942243576,0.14338548481464386,-0.8230146765708923
16,source,3,0.20667867362499237,0.2460119128227234,-0.7999389171600342
16,source,4,0.17400796711444855,0.11912223696708679,-0.7270677089691162
16,source,5,0.34269076585769653,-0.34561479091644287,-0.2486785650253296
16,source,6,0.13338424265384674,-0.11979404091835022,-0.4991186857223511
16,source,7,0.08329349011182785,-0.06415152549743652,-0.28307944536209106
16,source,8,-0.01298491656780243,-0.07249677181243896,-0.4694642424583435
16,source,9,0.22514761984348297,0.1464989185333252,-0.3947641849517822
16,source,10,0.26445773243904114,0.11144105345010757,-0.31133168935775757
16,source,11,0.3109779357910156,0.004194140434265137,-0.39040854573249817
16,source,12,0.20682278275489807,0.14549793303012848,-0.3231516480445862
16,source,13,0.18939834833145142,0.19884194433689117,-0.5841078162193298
16,source,14,0.309192955493927,0.09178103506565094,-0.6181257963180542
16,source,15,0.18161141872406006,0.12703484296798706,-0.7025927305221558
16,source,16,0.10523521155118942,0.19267340004444122,-0.7654048204421997
16,source,17,0.20399153232574463,-0.04083314538002014,-0.42374396324157715
16,source,18,0.279924213886261,-0.15147963166236877,-0.47989416122436523
16,source,19,0.2295796424150467,-0.006845802068710327,-0.4988918900489807
16,source,20,0.3481318950653076,-0.1730044186115265,-0.45387566089630127
16,source,21,0.027272727340459824,-0.11548221111297607,-0.5304749011993408
16,source,22,0.3382720947265625,-0.012437328696250916,-0.38721033930778503
16,source,23,0.23801085352897644,0.09916159510612488,-0.4208570718765259
16,source,24,0.13540703058242798,0.0053200870752334595,-0.607412576675415
16,source,25,0.24174226820468903,0.13158947229385376,-0.764682948589325
16,source,26,0.28303688764572144,0.21801751852035522,-0.7240160703659058
16,source,27,0.26860690116882324,0.1527685672044754,-0.8413702845573425
16,source,28,0.03906821832060814,0.121473029255867,-0.8677393198013306
16,source,29,0.30544671416282654,0.15865705907344818,-0.6048337817192078
16,source,30,0.15354998409748077,0.07717917114496231,-0.7441558837890625
16,source,31,0.3545018434524536,-0.08426514267921448,-0.5181004405021667
16,source,32,0.33577656745910645,-0.08288586139678955,-0.574276328086853
16,source,33,0.05315559357404709,0.07560005784034729,-0.7577651739120483
16,source,34,0.07547147572040558,0.18440769612789154,-0.725224494934082
16,source,35,0.08965138345956802,0.05280940234661102,-0.7670137882232666
16,source,36,-0.006150186061859131,0.07137377560138702,-0.6918929219245911
16,source,37,0.01741209626197815,0.1371481716632843,-0.7662516236305237
16,source,38,0.15228816866874695,0.11713773012161255,-0.6936161518096924
16,source,39,0.07292240858078003,0.11684603989124298,-0.746040940284729
16,source,40,0.1900855302810669,0.16166749596595764,-0.5496799945831299
16,source,41,0.19687753915786743,0.16855673491954803,-0.4496183693408966
16,source,42,-0.059967949986457825,0.12339546531438828,-0.5182357430458069
16,source,43,-0.020548857748508453,0.23132507503032684,-0.43440890312194824
16,source,44,-0.10938762128353119,0.1775377094745636,-0.5082250237464905
16,source,45,-0.06866826117038727,0.16734641790390015,-0.4576387107372284
16,source,46,-0.021098993718624115,0.41459301114082336,-0.7996523380279541
16,source,47,0.23402200639247894,0.46598559617996216,-0.6289573907852173
16,source,48,0.28334158658981323,0.4732109606266022,-0.5706695318222046
16,source,49,-0.03512035310268402,0.4717002511024475,-0.7875262498855591
16,source,50,0.012151457369327545,0.3172876834869385,-0.6337047219276428
16,source,51,0.26613175868988037,0.22414955496788025,-0.6608096957206726
16,source,52,0.22204096615314484,0.31885117292404175,-0.6712505221366882
16,source,53,0.3061772286891937,0.2699587345123291,-0.6819726228713989
16,source,54,0.30759552121162415,0.20346209406852722,-0.6481354236602783
16,source,55,0.28451478481292725,0.25208404660224915,-0.5414665937423706
16,source,56,0.32905545830726624,0.37115591764450073,-0.6044512987136841
16,source,57,0.3058322072029114,0.3090152144432068,-0.6716333627700806
16,source,58,0.38690972328186035,0.24814829230308533,-0.573663592338562
16,source,59,0.35725098848342896,0.35642009973526,-0.6475789546966553
16,source,60,0.2959784269332886,0.329776406288147,-0.6993808746337891
16,source,61,0.2106306254863739,0.36983925104141235,-0.6632925271987915
16,source,62,0.10034802556037903,0.30271753668785095,-0.7350209355354309
16,source,63,0.21932128071784973,0.38636863231658936,-0.7127916812896729
16,target,0,-0.013918712735176086,0.16631874442100525,-0.7262007594108582
16,target,1,-0.04264375567436218,0.15273524820804596,-0.6336873173713684
16,target,2,-0.08127830922603607,0.2022484987974167,-0.6889530420303345
16,target,3,-0.10332624614238739,0.17937031388282776,-0.6855985522270203
16,target,4,0.0035414844751358032,0.14893615245819092,-0.6425600051879883
16,target,5,-0.03254100680351257,0.1645558476448059,-0.7378674745559692
16,target,6,-0.06293070316314697,0.15773402154445648,-0.7264860272407532
16,target,7,-0.08168925344944,0.19827550649642944,-0.7380395531654358
16,target,8,-0.0363137349486351,0.19202716648578644,-0.7108515501022339
16,target,9,-0.02349270135164261,0.1756826639175415,-0.7239335775375366
16,target,10,-0.042757585644721985,0.16762186586856842,-0.6806954741477966
16,target,11,-0.11380231380462646,0.19226625561714172,-0.7063144445419312
16,target,12,-0.10250364243984222,0.1476980596780777,-0.670240581035614
16,target,13,-0.10145704448223114,0.10204782336950302,-0.6391144394874573
16,target,14,-0.015791170299053192,0.13744691014289856,-0.6840940117835999
16,target,15,-0.08522167801856995,0.19564202427864075,-0.6438846588134766
16,target,16,-0.08772929012775421,0.21643733978271484,-0.6687631011009216
16,target,17,-0.08363950252532959,0.24308577179908752,-0.6541395783424377
16,target,18,-0.09040863811969757,0.22261685132980347,-0.6604746580123901
16,target,19,-0.08293615281581879,0.2003307044506073,-0.6410830020904541
16,target,20,-0.09952162206172943,0.21889543533325195,-0.7051416635513306
16,target,21,-0.009728610515594482,0.21230372786521912,-0.6329609751701355
16,target,22,-0.02134762704372406,0.2486352026462555,-0.6890351176261902
16,target,23,-0.021779373288154602,0.2199857234954834,-0.6520072221755981
16,target,24,-0.03286074101924896,0.24312591552734375,-0.6659799218177795
16,target,25,-0.04485216736793518,0.2373979687690735,-0.6474697589874268
16,target,26,-0.056472405791282654,0.20575812458992004,-0.6152675151824951
16,target,27,-0.08064486086368561,0.1462687849998474,-0.6028275489807129
16,target,28,-0.03972221910953522,0.14536529779434204,-0.5814219117164612
16,target,29,-0.10125164687633514,0.15367233753204346,-0.6297330856323242
16,target,30,-0.08047030866146088,0.1789231300354004,-0.7237642407417297
16,target,31,-0.05271273851394653,0.17084786295890808,-0.7077590823173523
16,target,32,0.004954300820827484,0.13486813008785248,-0.710514485836029
16,target,33,-0.033322811126708984,0.171139657497406,-0.6820913553237915
16,target,34,-0.026699528098106384,0.16698336601257324,-0.7182121872901917
16,target,35,-0.015262581408023834,0.17311571538448334,-0.6643204689025879
16,target,36,-0.08685757219791412,0.15699873864650726,-0.5983250141143799
16,target,37,-0.05374462902545929,0.21524350345134735,-0.6586388945579529
16,target,38,-0.04577954113483429,0.21069549024105072,-0.6945520043373108
16,target,39,-0.05443240702152252,0.2332736998796463,-0.6508764624595642
16,target,40,-0.1042121946811676,0.14924085140228271,-0.6846251487731934
16,target,41,-0.10721331834793091,0.18656013906002045,-0.699199914932251
16,target,42,-0.06890498101711273,0.1846940815448761,-0.6900444626808167
16,target,43,-0.10172194242477417,0.16446241736412048,-0.7020041942596436
16,target,44,-0.1058487743139267,0.25640806555747986,-0.6899188160896301
16,target,45,-0.11329348385334015,0.2558957040309906,-0.705243706703186
16,target,46,-0.05453479290008545,0.17667359113693237,-0.6823628544807434
16,target,47,-0.084938183426857,0.16914911568164825,-0.6951418519020081
16,target,48,-0.0864831805229187,0.1833392232656479,-0.697939395904541
16,target,49,-0.027910619974136353,0.16805128753185272,-0.6550439596176147
16,target,50,0.09841585159301758,0.10792923718690872,-0.7887345552444458
16,target,51,0.06547684222459793,0.08742565661668777,-0.7353412508964539
16,target,52,0.019999630749225616,0.13742102682590485,-0.7882655262947083
16,target,53,-0.00043330341577529907,0.11399616301059723,-0.7604482173919678
16,target,54,0.03715407848358154,0.152288556098938,-0.6786190271377563
16,target,55,0.03914935514330864,0.11383621394634247,-0.7242221236228943
16,target,56,0.07145436108112335,0.10513092577457428,-0.7221537232398987
16,target,57,0.035301193594932556,0.1336800754070282,-0.739656925201416
16,target,58,0.06393212825059891,0.14175359904766083,-0.722740650177002
16,target,59,0.07882431149482727,0.09512631595134735,-0.743114173412323
16,target,60,0.029221687465906143,0.11521448940038681,-0.7195672988891602
16,target,61,0.015186488628387451,0.0725984275341034,-0.7797028422355652
16,target,62,0.0505070798099041,0.03136646747589111,-0.7223238945007324
16,target,63,0.04233734682202339,0.04944098740816116,-0.7346507906913757
17,source,0,0.11452142894268036,0.33010101318359375,-0.6483808755874634
17,source,1,0.14300937950611115,0.17925702035427094,-0.845691442489624
17,source,2,0.03562565892934799,0.14497877657413483,-0.8481354117393494
17,source,3,0.11591368913650513,0.24527855217456818,-0.8056596517562866
17,source,4,0.12694302201271057,0.12109687179327011,-0.728358268737793
17,source,5,0.25343501567840576,-0.3206118643283844,-0.3470860719680786
17,source,6,0.13891249895095825,-0.11968839168548584,-0.6201511025428772
17,source,7,0.08232656121253967,-0.02152237296104431,-0.37727242708206177
17,source,8,0.003548860549926758,-0.025976940989494324,-0.49221286177635193
17,source,9,0.12811492383480072,0.1868300884962082,-0.491699755191803
17,source,10,0.16231060028076172,0.1489538699388504,-0.3807283639907837
17,source,11,0.18846750259399414,0.03370162099599838,-0.44381844997406006
17,source,12,0.1386670172214508,0.18190474808216095,-0.3828422725200653
17,source,13,0.1043931394815445,0.2088788002729416,-0.6140888929367065
17,source,14,0.2015918493270874,0.11444273591041565,-0.6769545674324036
17,source,15,0.10714396089315414,0.17413702607154846,-0.7591131329536438
17,source,16,0.08309104293584824,0.18315382301807404,-0.8116115927696228
17,source,17,0.14325159788131714,-0.031191155314445496,-0.4967934489250183
17,source,18,0.22960850596427917,-0.12669456005096436,-0.5481466054916382
17,source,19,0.1522192358970642,-0.003221556544303894,-0.6270768046379089
17,source,20,0.2648506462574005,-0.1331627070903778,-0.5669456720352173
17,source,21,0.06242549419403076,-0.1206977367401123,-0.5904543399810791
17,source,22,0.2549141049385071,-0.02003706991672516,-0.4734000563621521
17,source,23,0.14989930391311646,0.13186386227607727,-0.5196391940116882
17,source,24,0.10876031219959259,0.010558068752288818,-0.6215128898620605
17,source,25,0.12475071847438812,0.13271453976631165,-0.7949635982513428
17,source,26,0.14940758049488068,0.19465191662311554,-0.7744240164756775
17,source,27,0.1570294201374054,0.17527158558368683,-0.870903730392456
17,source,28,0.0310400128364563,0.1484343260526657,-0.889714241027832
17,source,29,0.16471987962722778,0.17263144254684448,-0.640108585357666
17,source,30,0.052718859165906906,0.11006396263837814,-0.7747247219085693
17,source,31,0.24652846157550812,-0.04367886483669281,-0.56536865234375
17,source,32,0.1782623529434204,0.008048579096794128,-0.6230056285858154
17,source,33,0.013135157525539398,0.11198955774307251,-0.7871649861335754
17,source,34,0.019923411309719086,0.20028769969940186,-0.7260811924934387
17,source,35,0.04755433648824692,0.039778776466846466,-0.7372744679450989
17,source,36,0.011933915317058563,0.0769093781709671,-0.6928259134292603
17,source,37,0.025751657783985138,0.11428023874759674,-0.7406959533691406
17,source,38,0.05770120024681091,0.14072665572166443,-0.719643235206604
17,source,39,0.036818020045757294,0.13393937051296234,-0.7322758436203003
17,source,40,0.15053348243236542,0.15788230299949646,-0.5925359129905701
17,source,41,0.1296064853668213,0.1354818344116211,-0.5129544138908386
17,source,42,-0.05039803683757782,0.10571230202913284,-0.6202528476715088
17,source,43,-0.06061357259750366,0.1901308000087738,-0.5442667007446289
17,source,44,-0.1276179701089859,0.13283243775367737,-0.6083337664604187
17,source,45,-0.035033389925956726,0.12866461277008057,-0.5655332803726196
17,source,46,-0.13747555017471313,0.41467228531837463,-0.8658796548843384
17,source,47,0.07215117663145065,0.4384007155895233,-0.6823576092720032
17,source,48,0.12260493636131287,0.43422651290893555,-0.653529167175293
17,source,49,-0.19979117810726166,0.4439849555492401,-0.8578249216079712
17,source,50,-0.10417470335960388,0.2924977242946625,-0.6897368431091309
17,source,51,0.13285112380981445,0.19659316539764404,-0.6869434118270874
17,source,52,0.10131407529115677,0.2980576753616333,-0.7011575698852539
17,source,53,0.160151407122612,0.2404434233903885,-0.7346881031990051
17,source,54,0.20131459832191467,0.22337552905082703,-0.6839982867240906
17,source,55,0.15727688372135162,0.23778477311134338,-0.6067900657653809
17,source,56,0.18003365397453308,0.3493228554725647,-0.6508145332336426
17,source,57,0.15608689188957214,0.30414068698883057,-0.6990659236907959
17,source,58,0.22878818213939667,0.2531653642654419,-0.6222179532051086
17,source,59,0.1812439113855362,0.33957910537719727,-0.6914861798286438
17,source,60,0.13310202956199646,0.3302328586578369,-0.7259268164634705
17,source,61,0.07198140025138855,0.35711342096328735,-0.7044341564178467
17,source,62,0.03489096835255623,0.31427210569381714,-0.7827157974243164
17,source,63,0.0977361723780632,0.36203980445861816,-0.7311545610427856
17,target,0,-0.034038327634334564,0.14788493514060974,-0.7750812768936157
17,target,1,-0.05570116639137268,0.15408645570278168,-0.7184665203094482
17,target,2,-0.055629879236221313,0.13767126202583313,-0.785941481590271
17,target,3,-0.09283490478992462,0.15214237570762634,-0.7776519060134888
17,target,4,-0.012315809726715088,0.13523578643798828,-0.7235860228538513
17,target,5,-0.06926663219928741,0.15271209180355072,-0.8050858974456787
17,target,6,-0.045361727476119995,0.14240987598896027,-0.8140550851821899
17,target,7,-0.05638842284679413,0.1673325002193451,-0.7962636947631836
17,target,8,-0.047021716833114624,0.15814782679080963,-0.7615804076194763
17,target,9,-0.026278793811798096,0.1550184190273285,-0.8016099333763123
17,target,10,-0.05437929928302765,0.11948607116937637,-0.7487306594848633
17,target,11,-0.0881594717502594,0.13942211866378784,-0.7640031576156616
17,target,12,-0.0774591863155365,0.09649553894996643,-0.7551841139793396
17,target,13,-0.07081717252731323,0.06528405100107193,-0.7441842555999756
17,target,14,-0.03417400270700455,0.1424192190170288,-0.7933954000473022
17,target,15,-0.08890454471111298,0.1634702831506729,-0.6986533999443054
17,target,16,-0.0860825777053833,0.17155152559280396,-0.7553938031196594
17,target,17,-0.07731762528419495,0.18159396946430206,-0.7364752888679504
17,target,18,-0.0771062821149826,0.17779578268527985,-0.7443820238113403
17,target,19,-0.061497822403907776,0.1731424629688263,-0.7294308543205261
17,target,20,-0.08356447517871857,0.16890236735343933,-0.7596361041069031
17,target,21,0.0011577978730201721,0.20168152451515198,-0.7045220136642456
17,target,22,-0.015086300671100616,0.2229505479335785,-0.7320680022239685
17,target,23,-0.04527078568935394,0.1961301565170288,-0.7204703092575073
17,target,24,-0.03967662900686264,0.2010815143585205,-0.7704294323921204
17,target,25,-0.05524851381778717,0.19119000434875488,-0.7464724779129028
17,target,26,-0.05538445711135864,0.17438271641731262,-0.7175620794296265
17,target,27,-0.07342137396335602,0.1254017949104309,-0.7041781544685364
17,target,28,-0.03921588510274887,0.11766692996025085,-0.7089093327522278
17,target,29,-0.07862813770771027,0.11425608396530151,-0.7343732118606567
17,target,30,-0.0560641884803772,0.13753071427345276,-0.784745454788208
17,target,31,-0.03418132662773132,0.11699019372463226,-0.7617617249488831
17,target,32,-0.00037907063961029053,0.11040370166301727,-0.7852631211280823
17,target,33,-0.05429616570472717,0.1461879163980484,-0.7667407989501953
17,target,34,-0.04735115170478821,0.15832918882369995,-0.7757487297058105
17,target,35,-0.033368468284606934,0.14818759262561798,-0.7189300060272217
17,target,36,-0.06162281334400177,0.12285728752613068,-0.6911827921867371
17,target,37,-0.06594100594520569,0.1804111897945404,-0.7338060140609741
17,target,38,-0.04093676805496216,0.1846660077571869,-0.774897575378418
17,target,39,-0.05268874764442444,0.190559983253479,-0.7441309690475464
17,target,40,-0.0659143477678299,0.13236922025680542,-0.7479890584945679
17,target,41,-0.08683305978775024,0.1658320426940918,-0.7457960247993469
17,target,42,-0.055084437131881714,0.14292441308498383,-0.7574291229248047
17,target,43,-0.08184275031089783,0.12717416882514954,-0.768476665019989
17,target,44,-0.057967111468315125,0.2066376805305481,-0.7582016587257385
17,target,45,-0.10102295875549316,0.18594366312026978,-0.7747225165367126
17,target,46,-0.0556589812040329,0.1509867161512375,-0.7741681933403015
17,target,47,-0.07032027840614319,0.12131833285093307,-0.7497919201850891
17,target,48,-0.09135571122169495,0.1618126928806305,-0.766311764717102
17,target,49,-0.0470157116651535,0.15431305766105652,-0.7210221290588379
17,target,50,0.007657542824745178,0.14717422425746918,-0.8071295619010925
17,target,51,0.022220492362976074,0.1067400574684143,-0.7471668720245361
17,target,52,-0.015957556664943695,0.12372401356697083,-0.8124464750289917
17,target,53,-0.023314684629440308,0.1364239752292633,-0.783769965171814
17,target,54,0.006838880479335785,0.15197695791721344,-0.7102813720703125
17,target,55,-0.027568355202674866,0.14097502827644348,-0.767910897731781
17,target,56,-0.0011978819966316223,0.14375464618206024,-0.7495584487915039
17,target,57,-0.027747347950935364,0.15441840887069702,-0.7520642876625061
17,target,58,-0.0010783523321151733,0.14353929460048676,-0.7538549900054932
17,target,59,0.01126941293478012,0.12399140000343323,-0.7650293111801147
17,target,60,-0.029534712433815002,0.15189892053604126,-0.7618722915649414
17,target,61,-0.025033533573150635,0.12030982971191406,-0.7377209663391113
17,target,62,-0.022751815617084503,0.06413506716489792,-0.7157097458839417
17,target,63,-0.020685136318206787,0.1047239601612091,-0.7376047372817993
18,source,0,0.09540905058383942,0.3303554058074951,-0.6570042371749878
18,source,1,0.16878724098205566,0.2034730166196823,-0.8239970207214355
18,source,2,0.02673480659723282,0.19708938896656036,-0.8592275381088257
18,source,3,0.12681949138641357,0.2650740146636963,-0.8271977305412292
18,source,4,0.08711815625429153,0.1350838989019394,-0.7252287268638611
18,source,5,0.20683553814888,-0.20229282975196838,-0.33916980028152466
18,source,6,0.07096633315086365,-0.025899380445480347,-0.6380270719528198
18,source,7,0.07489412277936935,0.03844597190618515,-0.3934592604637146
18,source,8,-0.015122555196285248,0.03457622975111008,-0.5243487358093262
18,source,9,0.11897073686122894,0.18570271134376526,-0.4464428424835205
18,source,10,0.16057972609996796,0.13671031594276428,-0.3825463354587555
18,source,11,0.20549094676971436,0.06123429536819458,-0.43919801712036133
18,source,12,0.13521622121334076,0.18518948554992676,-0.4142560660839081
18,source,13,0.08838579803705215,0.24416686594486237,-0.6367745399475098
18,source,14,0.1678457260131836,0.14759084582328796,-0.6908840537071228
18,source,15,0.060677457600831985,0.20073628425598145,-0.7932572960853577
18,source,16,0.006781876087188721,0.22357046604156494,-0.8133768439292908
18,source,17,0.11654870212078094,0.012204110622406006,-0.4949663579463959
18,source,18,0.21376526355743408,-0.05972173810005188,-0.5423498749732971
18,source,19,0.14848442375659943,0.023467078804969788,-0.6271236538887024
18,source,20,0.24856846034526825,-0.0701693743467331,-0.5515636801719666
18,source,21,0.028507284820079803,-0.02580694854259491,-0.6409403681755066
18,source,22,0.24751535058021545,0.028915472328662872,-0.43819448351860046
18,source,23,0.12280283123254776,0.14609260857105255,-0.5109120607376099
18,source,24,0.09103849530220032,0.0719180777668953,-0.6623969078063965
18,source,25,0.11798612773418427,0.16398470103740692,-0.8044939041137695
18,source,26,0.1638261377811432,0.2227783501148224,-0.7687775492668152
18,source,27,0.14931121468544006,0.190047487616539,-0.8247430920600891
18,source,28,-0.019280515611171722,0.18251734972000122,-0.8851613402366638
18,source,29,0.16199004650115967,0.17945732176303864,-0.6304649710655212
18,source,30,-0.03135320544242859,0.16654248535633087,-0.7883960604667664
18,source,31,0.21664628386497498,-0.03392753005027771,-0.5909498929977417
18,source,32,0.18450404703617096,-0.006631195545196533,-0.6463044881820679
18,source,33,0.02081209421157837,0.16381928324699402,-0.813752293586731
18,source,34,-0.008439317345619202,0.22724981606006622,-0.7419243454933167
18,source,35,0.047349799424409866,0.13077646493911743,-0.7945688366889954
18,source,36,-0.0046959370374679565,0.1164945513010025,-0.7065271139144897
18,source,37,-0.0004871860146522522,0.16104014217853546,-0.763404369354248
18,source,38,0.08514702320098877,0.15574783086776733,-0.7379159331321716
18,source,39,0.03284032642841339,0.15004807710647583,-0.785437822341919
18,source,40,0.1563326120376587,0.18346986174583435,-0.5752543807029724
18,source,41,0.1257583200931549,0.15914364159107208,-0.4925665259361267
18,source,42,-0.10645270347595215,0.144329234957695,-0.6515985727310181
18,source,43,-0.07797963917255402,0.22054681181907654,-0.5997137427330017
18,source,44,-0.13410848379135132,0.1760612279176712,-0.6907051801681519
18,source,45,-0.08906707167625427,0.18777544796466827,-0.6173199415206909
18,source,46,-0.16160593926906586,0.4786970019340515,-0.8675538897514343
18,source,47,0.10320296138525009,0.44335782527923584,-0.6880698204040527
18,source,48,0.1517631709575653,0.454569548368454,-0.6542766094207764
18,source,49,-0.2017558366060257,0.4780174493789673,-0.8656623363494873
18,source,50,-0.04446633160114288,0.29623934626579285,-0.6940273642539978
18,source,51,0.15340405702590942,0.22191476821899414,-0.7183675169944763
18,source,52,0.10848521441221237,0.31474316120147705,-0.7300488948822021
18,source,53,0.14730030298233032,0.25984251499176025,-0.7383306622505188
18,source,54,0.18294447660446167,0.22372719645500183,-0.6749425530433655
18,source,55,0.1506134271621704,0.2568063735961914,-0.5926485061645508
18,source,56,0.18669714033603668,0.34406042098999023,-0.6576257944107056
18,source,57,0.17544309794902802,0.32564830780029297,-0.6917484998703003
18,source,58,0.24281767010688782,0.26620155572891235,-0.6231935024261475
18,source,59,0.213058739900589,0.33735448122024536,-0.6800439357757568
18,source,60,0.1689947545528412,0.33563119173049927,-0.7416844964027405
18,source,61,0.09291934221982956,0.367284893989563,-0.7170014977455139
18,source,62,0.04137742146849632,0.3352312445640564,-0.8011007905006409
18,source,63,0.12724468111991882,0.35651981830596924,-0.7519406080245972
18,target,0,-0.08480067551136017,0.19923433661460876,-0.7963088750839233
18,target,1,-0.11445577442646027,0.1887892335653305,-0.7279349565505981
18,target,2,-0.13412687182426453,0.20925651490688324,-0.7805829048156738
18,target,3,-0.1564478725194931,0.20055058598518372,-0.7750303745269775
18,target,4,-0.0525507926940918,0.1878197193145752,-0.7007477879524231
18,target,5,-0.1290980577468872,0.21747469902038574,-0.8026972413063049
18,target,6,-0.1308838576078415,0.22231219708919525,-0.8070972561836243
18,target,7,-0.15127825736999512,0.24770593643188477,-0.8075960278511047
18,target,8,-0.13471412658691406,0.22205430269241333,-0.7705462574958801
18,target,9,-0.11114314198493958,0.21439196169376373,-0.7917894721031189
18,target,10,-0.11015917360782623,0.16810274124145508,-0.7577102184295654
18,target,11,-0.19176222383975983,0.21071988344192505,-0.7730264067649841
18,target,12,-0.1714734584093094,0.1755719929933548,-0.7596623301506042
18,target,13,-0.15041041374206543,0.15312552452087402,-0.7492547631263733
18,target,14,-0.10141971707344055,0.18397417664527893,-0.7710432410240173
18,target,15,-0.15240098536014557,0.20057880878448486,-0.7266293168067932
18,target,16,-0.18664206564426422,0.2323564887046814,-0.7586478590965271
18,target,17,-0.1622389256954193,0.2292347550392151,-0.7482438683509827
18,target,18,-0.16782931983470917,0.22978496551513672,-0.759929358959198
18,target,19,-0.15250135958194733,0.21636369824409485,-0.7320157289505005
18,target,20,-0.15382158756256104,0.21997591853141785,-0.7729325294494629
18,target,21,-0.06867925822734833,0.20328254997730255,-0.7214505672454834
18,target,22,-0.1108282208442688,0.24227911233901978,-0.7474279403686523
18,target,23,-0.12485599517822266,0.21595747768878937,-0.718984842300415
18,target,24,-0.11278806626796722,0.23676905035972595,-0.7578898072242737
18,target,25,-0.10740038752555847,0.23146632313728333,-0.7224310636520386
18,target,26,-0.1220645159482956,0.199296772480011,-0.6920537948608398
18,target,27,-0.14757607877254486,0.1883014291524887,-0.7156787514686584
18,target,28,-0.07738365232944489,0.1767868846654892,-0.6823254823684692
18,target,29,-0.13859722018241882,0.18135413527488708,-0.7511783242225647
18,target,30,-0.14277522265911102,0.1884397715330124,-0.7841747999191284
18,target,31,-0.11778023838996887,0.18677523732185364,-0.7774639129638672
18,target,32,-0.0846053957939148,0.16058145463466644,-0.7898151874542236
18,target,33,-0.13059474527835846,0.1957794427871704,-0.7694728970527649
18,target,34,-0.13224318623542786,0.20206919312477112,-0.7485458254814148
18,target,35,-0.11290758848190308,0.19359584152698517,-0.7198509573936462
18,target,36,-0.14027565717697144,0.17689253389835358,-0.7033343315124512
18,target,37,-0.11569930613040924,0.20761162042617798,-0.7034232020378113
18,target,38,-0.12269291281700134,0.2348708212375641,-0.7763578295707703
18,target,39,-0.10251067578792572,0.21546219289302826,-0.7205252051353455
18,target,40,-0.1753324419260025,0.21305933594703674,-0.7596099972724915
18,target,41,-0.17916564643383026,0.22454294562339783,-0.7603884935379028
18,target,42,-0.14900429546833038,0.21369725465774536,-0.7617920637130737
18,target,43,-0.18210561573505402,0.20501241087913513,-0.7769090533256531
18,target,44,-0.1389874666929245,0.23307012021541595,-0.7711161971092224
18,target,45,-0.1824123114347458,0.23482942581176758,-0.772586464881897
18,target,46,-0.13655193150043488,0.20641610026359558,-0.7555444240570068
18,target,47,-0.14102046191692352,0.1831732839345932,-0.7502166628837585
18,target,48,-0.16233910620212555,0.21325942873954773,-0.7777976989746094
18,target,49,-0.12367813289165497,0.18688198924064636,-0.7150143384933472
18,target,50,0.004514582455158234,0.1955006718635559,-0.8248487114906311
18,target,51,-0.02869369089603424,0.15585781633853912,-0.752534806728363
18,target,52,-0.04377956688404083,0.1660500168800354,-0.799664318561554
18,target,53,-0.06111970543861389,0.16840626299381256,-0.7678031921386719
18,target,54,-0.01671697199344635,0.15117770433425903,-0.6857093572616577
18,target,55,-0.07252269983291626,0.17059099674224854,-0.7782973051071167
18,target,56,-0.029296085238456726,0.18405744433403015,-0.7589430809020996
18,target,57,-0.04401896893978119,0.18081635236740112,-0.7751001715660095
18,target,58,-0.032729409635066986,0.17568987607955933,-0.7504041194915771
18,target,59,-0.012989915907382965,0.12762868404388428,-0.7702628374099731
18,target,60,-0.05321796238422394,0.16398252546787262,-0.7428908944129944
18,target,61,-0.06613773107528687,0.15650832653045654,-0.7797735929489136
18,target,62,-0.05979575216770172,0.12024536728858948,-0.7416363954544067
18,target,63,-0.05493733286857605,0.13112686574459076,-0.7541547417640686
19,source,0,0.09860078245401382,0.3705671429634094,-0.7160584330558777
19,source,1,0.17032304406166077,0.20304614305496216,-0.8925737738609314
19,source,2,0.014488525688648224,0.1860736608505249,-0.9134317636489868
19,source,3,0.10232959687709808,0.2788926959037781,-0.9200922846794128
19,source,4,0.0682942345738411,0.15594513714313507,-0.8073998689651489
19,source,5,0.27960437536239624,-0.2175765037536621,-0.392800509929657
19,source,6,0.19976472854614258,-0.12214824557304382,-0.6297445297241211
19,source,7,0.17814818024635315,0.014742016792297363,-0.34988856315612793
19,source,8,0.07990133762359619,0.007830113172531128,-0.47133272886276245
19,source,9,0.13829933106899261,0.23780304193496704,-0.5496525764465332
19,source,10,0.17485295236110687,0.2024325281381607,-0.42271560430526733
19,source,11,0.2561717927455902,0.07822228968143463,-0.49526602029800415
19,source,12,0.16652162373065948,0.24991434812545776,-0.47466278076171875
19,source,13,0.10222907364368439,0.26308396458625793,-0.6848474740982056
19,source,14,0.18134741485118866,0.1627574861049652,-0.7538581490516663
19,source,15,0.0614931657910347,0.17072679102420807,-0.843770444393158
19,source,16,0.02319827675819397,0.21295717358589172,-0.8483409881591797
19,source,17,0.20242729783058167,0.009274095296859741,-0.529460072517395
19,source,18,0.33502960205078125,-0.14280745387077332,-0.5394721031188965
19,source,19,0.24518029391765594,0.005032718181610107,-0.6271107196807861
19,source,20,0.3419889807701111,-0.12280622124671936,-0.5954270958900452
19,source,21,0.16460035741329193,-0.17100131511688232,-0.6365203261375427
19,source,22,0.31453371047973633,0.033349521458148956,-0.47255203127861023
19,source,23,0.19927486777305603,0.14943429827690125,-0.5639381408691406
19,source,24,0.16371466219425201,0.04714290797710419,-0.6853635311126709
19,source,25,0.13634197413921356,0.14751939475536346,-0.8754938840866089
19,source,26,0.1707562506198883,0.23674333095550537,-0.8366953134536743
19,source,27,0.15032416582107544,0.17443403601646423,-0.9164458513259888
19,source,28,-0.008593343198299408,0.15206697583198547,-0.9757912755012512
19,source,29,0.1926438808441162,0.21063506603240967,-0.7181313037872314
19,source,30,0.0025750845670700073,0.11752741038799286,-0.8156176805496216
19,source,31,0.2921123504638672,-0.02500896155834198,-0.6490512490272522
19,source,32,0.2512674927711487,0.00849352777004242,-0.7166915535926819
19,source,33,-0.003557950258255005,0.1635647863149643,-0.8752282857894897
19,source,34,-0.010043784976005554,0.2607937753200531,-0.8080405592918396
19,source,35,0.045473452657461166,0.09062084555625916,-0.8670604228973389
19,source,36,0.05255816504359245,0.0985441505908966,-0.741453230381012
19,source,37,-0.02106841653585434,0.1734175980091095,-0.8499025702476501
19,source,38,0.08322205394506454,0.18081824481487274,-0.8178339600563049
19,source,39,0.02746332436800003,0.15660960972309113,-0.8291711807250977
19,source,40,0.2010578215122223,0.18850351870059967,-0.636827826499939
19,source,41,0.18614456057548523,0.18079425394535065,-0.4807192385196686
19,source,42,-0.015228040516376495,0.19056683778762817,-0.6491751074790955
19,source,43,0.0008831992745399475,0.25518715381622314,-0.6074641942977905
19,source,44,-0.05452349781990051,0.21214616298675537,-0.6887332201004028
19,source,45,0.005494058132171631,0.19052086770534515,-0.6127292513847351
19,source,46,-0.13906829059123993,0.4148639142513275,-0.9118683338165283
19,source,47,0.09916059672832489,0.471733421087265,-0.7438177466392517
19,source,48,0.15182986855506897,0.4722108542919159,-0.7083976864814758
19,source,49,-0.12848582863807678,0.4402832090854645,-0.9026844501495361
19,source,50,-0.07834932208061218,0.3338468074798584,-0.7539644837379456
19,source,51,0.16356080770492554,0.2559661567211151,-0.787632942199707
19,source,52,0.14276565611362457,0.34034085273742676,-0.7947509288787842
19,source,53,0.20678362250328064,0.26503151655197144,-0.7930201292037964
19,source,54,0.19209730625152588,0.23036286234855652,-0.7343907952308655
19,source,55,0.18729177117347717,0.269382119178772,-0.6751605868339539
19,source,56,0.22311905026435852,0.3631005883216858,-0.7067809700965881
19,source,57,0.17819777131080627,0.34421151876449585,-0.7537459135055542
19,source,58,0.254297137260437,0.2915372848510742,-0.7041735053062439
19,source,59,0.2302073985338211,0.3613102436065674,-0.7525355219841003
19,source,60,0.17152608931064606,0.33738112449645996,-0.7921873927116394
19,source,61,0.11030373722314835,0.3718723952770233,-0.7702655792236328
19,source,62,0.017239712178707123,0.3276613652706146,-0.8622176051139832
19,source,63,0.12884026765823364,0.35017046332359314,-0.8114254474639893
19,target,0,-0.05210663378238678,0.1867002248764038,-0.7900484204292297
19,target,1,-0.08551178872585297,0.2016681730747223,-0.7281259298324585
19,target,2,-0.0842193067073822,0.2102620005607605,-0.773414134979248
19,target,3,-0.09685349464416504,0.22721882164478302,-0.7853752970695496
19,target,4,-0.014665603637695312,0.20023603737354279,-0.7154817581176758
19,target,5,-0.07099922001361847,0.19808779656887054,-0.8021302223205566
19,target,6,-0.09055161476135254,0.20416587591171265,-0.8193709254264832
19,target,7,-0.09964369237422943,0.2303856909275055,-0.8149640560150146
19,target,8,-0.06534439325332642,0.23092633485794067,-0.7817197442054749
19,target,9,-0.06543798744678497,0.21740096807479858,-0.8030444383621216
19,target,10,-0.06139364838600159,0.18375638127326965,-0.7763628959655762
19,target,11,-0.11083433032035828,0.2131655514240265,-0.7859834432601929
19,target,12,-0.10774829983711243,0.17920361459255219,-0.7781042456626892
19,target,13,-0.09364797174930573,0.14661374688148499,-0.7491509914398193
19,target,14,-0.062051281332969666,0.19696266949176788,-0.7471804022789001
19,target,15,-0.1090618222951889,0.19906750321388245,-0.7352402210235596
19,target,16,-0.13098600506782532,0.23770679533481598,-0.7559977173805237
19,target,17,-0.11236734688282013,0.245697021484375,-0.7296543121337891
19,target,18,-0.11838480830192566,0.23031730949878693,-0.7475948333740234
19,target,19,-0.11359034478664398,0.23887836933135986,-0.7359342575073242
19,target,20,-0.09468798339366913,0.24598428606987,-0.7665188312530518
19,target,21,-0.039554521441459656,0.24459001421928406,-0.735084593296051
19,target,22,-0.031110890209674835,0.2550857961177826,-0.7518578171730042
19,target,23,-0.045233890414237976,0.225291445851326,-0.6974903345108032
19,target,24,-0.05207084119319916,0.24127084016799927,-0.7640969157218933
19,target,25,-0.05610613524913788,0.23367197811603546,-0.7371075749397278
19,target,26,-0.06853601336479187,0.21839222311973572,-0.6768502593040466
19,target,27,-0.10413965582847595,0.2049492597579956,-0.7020720839500427
19,target,28,-0.030813992023468018,0.17097245156764984,-0.6905550956726074
19,target,29,-0.09841272234916687,0.1879681646823883,-0.7628262639045715
19,target,30,-0.08902347087860107,0.19405323266983032,-0.7857873439788818
19,target,31,-0.05557003617286682,0.19802872836589813,-0.7753898501396179
19,target,32,-0.037393540143966675,0.14692729711532593,-0.799372136592865
19,target,33,-0.07463827729225159,0.20065592229366302,-0.7602800130844116
19,target,34,-0.04504959285259247,0.18576845526695251,-0.7874739170074463
19,target,35,-0.05139558017253876,0.19187873601913452,-0.7220034003257751
19,target,36,-0.07424040138721466,0.16477876901626587,-0.699184000492096
19,target,37,-0.06537176668643951,0.23223116993904114,-0.7028771042823792
19,target,38,-0.06360943615436554,0.24889050424098969,-0.7832779884338379
19,target,39,-0.04465481638908386,0.23471108078956604,-0.7403298616409302
19,target,40,-0.11852812767028809,0.23739908635616302,-0.7603850960731506
19,target,41,-0.12328450381755829,0.2430700957775116,-0.7729380130767822
19,target,42,-0.08339583873748779,0.22899258136749268,-0.7640273571014404
19,target,43,-0.12752358615398407,0.21951955556869507,-0.8024204969406128
19,target,44,-0.08249971270561218,0.25356194376945496,-0.7775589823722839
19,target,45,-0.10728256404399872,0.251142680644989,-0.78331458568573
19,target,46,-0.0862656682729721,0.20886914432048798,-0.7584561705589294
19,target,47,-0.06793192028999329,0.17072737216949463,-0.7537200450897217
19,target,48,-0.08307556807994843,0.22190871834754944,-0.7970126867294312
19,target,49,-0.056710436940193176,0.20083072781562805,-0.7366529107093811
19,target,50,0.006234213709831238,0.18804830312728882,-0.8927940726280212
19,target,51,0.01262577623128891,0.15603944659233093,-0.8291777968406677
19,target,52,-0.026698432862758636,0.15409323573112488,-0.8843498229980469
19,target,53,-0.05336560308933258,0.17327649891376495,-0.8498872518539429
19,target,54,-0.010761439800262451,0.2048530876636505,-0.7624988555908203
19,target,55,-0.04226231575012207,0.17204107344150543,-0.8393867611885071
19,target,56,0.010602518916130066,0.16879209876060486,-0.8264603018760681
19,target,57,-0.014849908649921417,0.18529154360294342,-0.8344804048538208
19,target,58,-0.007388986647129059,0.18820993602275848,-0.8036097288131714
19,target,59,0.008259914815425873,0.13447505235671997,-0.8398220539093018
19,target,60,-0.054926350712776184,0.16041721403598785,-0.828315019607544
19,target,61,-0.03164474666118622,0.13409793376922607,-0.8461354970932007
19,target,62,-0.022249557077884674,0.11025552451610565,-0.8249398469924927
19,target,63,-0.05012807250022888,0.13910381495952606,-0.8025267720222473
20,source,0,0.013883844017982483,0.30007481575012207,-0.678369402885437
20,source,1,0.0630408450961113,0.18407946825027466,-0.8055180907249451
20,source,2,-0.06240829825401306,0.14601418375968933,-0.7601230144500732
20,source,3,0.008476406335830688,0.23493432998657227,-0.7557360529899597
20,source,4,-0.01614287495613098,0.13989004492759705,-0.6660627126693726
20,source,5,0.07419387996196747,-0.17176157236099243,-0.399156391620636
20,source,6,0.013506263494491577,-0.02831105887889862,-0.6415778398513794
20,source,7,0.02575621008872986,0.05121467262506485,-0.45353755354881287
20,source,8,-0.044426918029785156,0.031209804117679596,-0.5197400450706482
20,source,9,0.04167479649186134,0.20769436657428741,-0.46906596422195435
20,source,10,0.03783489018678665,0.19079412519931793,-0.4224829375743866
20,source,11,0.12231293320655823,0.08934637159109116,-0.47682642936706543
20,source,12,0.06544070690870285,0.20065326988697052,-0.45579659938812256
20,source,13,-0.001619286835193634,0.21296225488185883,-0.6069968342781067
20,source,14,0.05188387259840965,0.14738309383392334,-0.618610680103302
20,source,15,-0.016508497297763824,0.1662597954273224,-0.666141927242279
20,source,16,-0.04993504285812378,0.19971415400505066,-0.6962646842002869
20,source,17,0.03463231027126312,0.04284467548131943,-0.5346739888191223
20,source,18,0.1016031801700592,-0.05535241961479187,-0.5371628999710083
20,source,19,0.06997190415859222,0.04201111942529678,-0.6079759001731873
20,source,20,0.14588233828544617,-0.05851083993911743,-0.5626267194747925
20,source,21,-0.0006121918559074402,-0.047698214650154114,-0.6094633340835571
20,source,22,0.1253291517496109,0.05019889771938324,-0.4746708273887634
20,source,23,0.0636976882815361,0.16064395010471344,-0.5442858338356018
20,source,24,0.024703767150640488,0.07039489597082138,-0.640125572681427
20,source,25,0.02612145245075226,0.14434288442134857,-0.7534167766571045
20,source,26,0.054094452410936356,0.20058907568454742,-0.7183193564414978
20,source,27,0.04848582297563553,0.18217700719833374,-0.7656724452972412
20,source,28,-0.08631725609302521,0.14884962141513824,-0.7729651927947998
20,source,29,0.0570220872759819,0.1926376074552536,-0.6332037448883057
20,source,30,-0.10410754382610321,0.1684497892856598,-0.7145465612411499
20,source,31,0.1378297656774521,-0.010268926620483398,-0.5570341348648071
20,source,32,0.09045722335577011,0.043173886835575104,-0.6196920275688171
20,source,33,-0.07193666696548462,0.13371415436267853,-0.7342365384101868
20,source,34,-0.07076063752174377,0.20719945430755615,-0.6692622900009155
20,source,35,-0.05554969608783722,0.11785495281219482,-0.7230215072631836
20,source,36,-0.045385465025901794,0.08949114382266998,-0.6470444798469543
20,source,37,-0.0708397775888443,0.13967500627040863,-0.6906962394714355
20,source,38,0.004407316446304321,0.12348540872335434,-0.6883186101913452
20,source,39,-0.0497334748506546,0.15886430442333221,-0.7011322379112244
20,source,40,0.06797517836093903,0.18278293311595917,-0.6047438979148865
20,source,41,0.0623466782271862,0.17712533473968506,-0.5246303677558899
20,source,42,-0.07982869446277618,0.14579308032989502,-0.6113452315330505
20,source,43,-0.05907285213470459,0.18463163077831268,-0.6073372960090637
20,source,44,-0.10746681690216064,0.14447925984859467,-0.6474054455757141
20,source,45,-0.054778724908828735,0.15933778882026672,-0.616068959236145
20,source,46,-0.19147633016109467,0.3902789354324341,-0.808811604976654
20,source,47,0.02013508975505829,0.38751256465911865,-0.6850123405456543
20,source,48,0.07213422656059265,0.4071338176727295,-0.6606811881065369
20,source,49,-0.21383161842823029,0.4004138112068176,-0.8055026531219482
20,source,50,-0.1096368283033371,0.2721767723560333,-0.6778881549835205
20,source,51,0.06920468807220459,0.19931259751319885,-0.6667275428771973
20,source,52,0.020319685339927673,0.28039416670799255,-0.6811996102333069
20,source,53,0.09587603062391281,0.24713853001594543,-0.7060918211936951
20,source,54,0.1106753870844841,0.19658693671226501,-0.6163426637649536
20,source,55,0.09366169571876526,0.2500637173652649,-0.587146520614624
20,source,56,0.12423854321241379,0.3245812654495239,-0.6581217050552368
20,source,57,0.0902024656534195,0.29810526967048645,-0.6794048547744751
20,source,58,0.14008015394210815,0.2568785548210144,-0.6219385862350464
20,source,59,0.09937120974063873,0.3191989064216614,-0.6931227445602417
20,source,60,0.07268766313791275,0.3069625496864319,-0.7191417217254639
20,source,61,0.004869818687438965,0.3234562873840332,-0.6904820799827576
20,source,62,-0.0654035359621048,0.2712562084197998,-0.7427335977554321
20,source,63,0.04887019470334053,0.32957369089126587,-0.727524995803833
20,target,0,-0.09258636832237244,0.17953814566135406,-0.7265967130661011
20,target,1,-0.14456772804260254,0.1797407567501068,-0.6549805402755737
20,target,2,-0.11863307654857635,0.17470282316207886,-0.7054160833358765
20,target,3,-0.14071707427501678,0.1786779761314392,-0.6980530023574829
20,target,4,-0.06407299637794495,0.18156105279922485,-0.6737483739852905
20,target,5,-0.09720911085605621,0.1764361411333084,-0.7470276951789856
20,target,6,-0.1216113418340683,0.18807652592658997,-0.7244346141815186
20,target,7,-0.1257186233997345,0.20975902676582336,-0.7228484749794006
20,target,8,-0.11780841648578644,0.2121918946504593,-0.7066007852554321
20,target,9,-0.09938138723373413,0.19196924567222595,-0.7411379814147949
20,target,10,-0.10449357330799103,0.1517476588487625,-0.6984614133834839
20,target,11,-0.14328105747699738,0.17853224277496338,-0.7096098065376282
20,target,12,-0.1413632482290268,0.1530228853225708,-0.6818113923072815
20,target,13,-0.1167825311422348,0.10261373221874237,-0.6725483536720276
20,target,14,-0.10968147218227386,0.174437016248703,-0.7015199661254883
20,target,15,-0.15786664187908173,0.18261337280273438,-0.6696504950523376
20,target,16,-0.1656271070241928,0.2109280228614807,-0.6977466940879822
20,target,17,-0.15867212414741516,0.20210228860378265,-0.6851665377616882
20,target,18,-0.15680009126663208,0.2026699334383011,-0.6778008341789246
20,target,19,-0.17088155448436737,0.20039485394954681,-0.6491871476173401
20,target,20,-0.15253561735153198,0.20665223896503448,-0.6998998522758484
20,target,21,-0.09518857300281525,0.19740496575832367,-0.6611413359642029
20,target,22,-0.09925465285778046,0.21916721761226654,-0.6999410390853882
20,target,23,-0.12386053800582886,0.2024221271276474,-0.6907852292060852
20,target,24,-0.12016215920448303,0.20977678894996643,-0.7052451372146606
20,target,25,-0.12343281507492065,0.21946653723716736,-0.6700114607810974
20,target,26,-0.13143275678157806,0.18114440143108368,-0.6619136929512024
20,target,27,-0.15910720825195312,0.18416406214237213,-0.6470410823822021
20,target,28,-0.08702857792377472,0.150814488530159,-0.6668590903282166
20,target,29,-0.1351262927055359,0.1442817598581314,-0.6897792816162109
20,target,30,-0.13888847827911377,0.1759319305419922,-0.7195625901222229
20,target,31,-0.11609449982643127,0.1770651936531067,-0.7063175439834595
20,target,32,-0.07781654596328735,0.1565883606672287,-0.718678891658783
20,target,33,-0.10876227915287018,0.18239380419254303,-0.711418092250824
20,target,34,-0.11768881976604462,0.1890852451324463,-0.7447519898414612
20,target,35,-0.11688263714313507,0.17199945449829102,-0.6857427954673767
20,target,36,-0.1419387310743332,0.15039314329624176,-0.6383992433547974
20,target,37,-0.14269793033599854,0.1921634078025818,-0.6770961284637451
20,target,38,-0.12605701386928558,0.21786841750144958,-0.7030941843986511
20,target,39,-0.1113617867231369,0.2140030562877655,-0.6936269998550415
20,target,40,-0.18803508579730988,0.19763168692588806,-0.6908212900161743
20,target,41,-0.17607785761356354,0.2010975480079651,-0.6835634708404541
20,target,42,-0.14644719660282135,0.20061561465263367,-0.6908411383628845
20,target,43,-0.19046922028064728,0.1887001395225525,-0.6761727333068848
20,target,44,-0.14898860454559326,0.20786038041114807,-0.691286563873291
20,target,45,-0.17437537014484406,0.20320747792720795,-0.6795539855957031
20,target,46,-0.13149020075798035,0.18667873740196228,-0.6716463565826416
20,target,47,-0.13214965164661407,0.16193591058254242,-0.6919628977775574
20,target,48,-0.1297220140695572,0.1763617992401123,-0.7093327641487122
20,target,49,-0.13309161365032196,0.17247135937213898,-0.6685894131660461
20,target,50,-0.07552821934223175,0.19038254022598267,-0.7885263562202454
20,target,51,-0.08235587179660797,0.12894457578659058,-0.7053649425506592
20,target,52,-0.09319783747196198,0.15504029393196106,-0.7478516101837158
20,target,53,-0.1269986778497696,0.16954797506332397,-0.7054888010025024
20,target,54,-0.07303804159164429,0.17218242585659027,-0.6700757145881653
20,target,55,-0.10159583389759064,0.17578929662704468,-0.7336030006408691
20,target,56,-0.06295669078826904,0.17396454513072968,-0.7485300302505493
20,target,57,-0.08924895524978638,0.16827045381069183,-0.7225815057754517
20,target,58,-0.05856713652610779,0.18005317449569702,-0.7432153224945068
20,target,59,-0.04934489727020264,0.13825219869613647,-0.7556288838386536
20,target,60,-0.10779795050621033,0.15294352173805237,-0.6952698230743408
20,target,61,-0.09582065045833588,0.12241797149181366,-0.731888473033905
20,target,62,-0.11467993259429932,0.10789553821086884,-0.7032917141914368
20,target,63,-0.11741039156913757,0.11896614730358124,-0.6726713180541992
21,source,0,0.037370581179857254,0.3254685401916504,-0.6977860927581787
21,source,1,0.09258167445659637,0.20224417746067047,-0.8244750499725342
21,source,2,-0.03684968501329422,0.19382762908935547,-0.8686017990112305
21,source,3,0.046685826033353806,0.2863326072692871,-0.8368338346481323
21,source,4,0.11576874554157257,0.0754244476556778,-0.7507930994033813
21,source,5,0.22000472247600555,-0.331439346075058,-0.36862480640411377
21,source,6,0.10299865901470184,-0.1923620104789734,-0.6317324042320251
21,source,7,0.07991088181734085,-0.023494690656661987,-0.44683557748794556
21,source,8,-0.0023016706109046936,-0.042473629117012024,-0.524625837802887
21,source,9,0.09984610974788666,0.16662554442882538,-0.5106632113456726
21,source,10,0.1300738900899887,0.1070285513997078,-0.42665278911590576
21,source,11,0.20642049610614777,0.006009325385093689,-0.47859081625938416
21,source,12,0.1150486171245575,0.14466287195682526,-0.44962000846862793
21,source,13,0.04921485111117363,0.24650835990905762,-0.6865705847740173
21,source,14,0.16495870053768158,0.08823464810848236,-0.7089480757713318
21,source,15,0.05976114422082901,0.16556161642074585,-0.7910496592521667
21,source,16,0.004850134253501892,0.19809961318969727,-0.8002903461456299
21,source,17,0.12127432227134705,-0.05379869043827057,-0.4865584075450897
21,source,18,0.22192718088626862,-0.19107958674430847,-0.5005353093147278
21,source,19,0.14391781389713287,0.016273915767669678,-0.6221907138824463
21,source,20,0.25256699323654175,-0.159785658121109,-0.558421790599823
21,source,21,0.06794911623001099,-0.18340012431144714,-0.5922524333000183
21,source,22,0.2107459008693695,0.00032848119735717773,-0.48708614706993103
21,source,23,0.14081501960754395,0.11337879300117493,-0.540722131729126
21,source,24,0.08561806380748749,-0.029865458607673645,-0.6308266520500183
21,source,25,0.06281335651874542,0.17241019010543823,-0.8090598583221436
21,source,26,0.11087869107723236,0.18339423835277557,-0.786809504032135
21,source,27,0.09338510036468506,0.1907070428133011,-0.8757333159446716
21,source,28,-0.08534182608127594,0.17428384721279144,-0.9116986393928528
21,source,29,0.16876545548439026,0.1319909691810608,-0.6472541689872742
21,source,30,-0.006490185856819153,0.12779799103736877,-0.8147104978561401
21,source,31,0.24848273396492004,-0.12198275327682495,-0.5956131219863892
21,source,32,0.21314193308353424,-0.0841919332742691,-0.6270691156387329
21,source,33,-0.004548266530036926,0.1330913007259369,-0.8226104974746704
21,source,34,0.01585620641708374,0.20984786748886108,-0.771290123462677
21,source,35,0.012106500566005707,0.03560629487037659,-0.8211679458618164
21,source,36,0.0039541348814964294,0.034751102328300476,-0.6998330950737
21,source,37,-0.036327868700027466,0.11620999127626419,-0.7759203314781189
21,source,38,0.019318565726280212,0.12782225012779236,-0.7574766874313354
21,source,39,-0.005091749131679535,0.1291358470916748,-0.7592409253120422
21,source,40,0.1008753627538681,0.15817730128765106,-0.6242762804031372
21,source,41,0.0990292951464653,0.14795750379562378,-0.525031328201294
21,source,42,-0.051216304302215576,0.13267116248607635,-0.6507090926170349
21,source,43,-0.05118493735790253,0.19429929554462433,-0.6166872382164001
21,source,44,-0.1241818219423294,0.13942909240722656,-0.6886690855026245
21,source,45,-0.05100853741168976,0.12719498574733734,-0.6368634700775146
21,source,46,-0.12927347421646118,0.39777839183807373,-0.8282469511032104
21,source,47,0.0829959511756897,0.4298490285873413,-0.6950531005859375
21,source,48,0.1263759434223175,0.4308682978153229,-0.6675052046775818
21,source,49,-0.13931289315223694,0.4201851487159729,-0.8256926536560059
21,source,50,-0.08434200286865234,0.3073844611644745,-0.6999878287315369
21,source,51,0.12482017278671265,0.20400942862033844,-0.71968674659729
21,source,52,0.11522279679775238,0.2736867368221283,-0.7241671681404114
21,source,53,0.14999985694885254,0.2546311616897583,-0.7325741648674011
21,source,54,0.16665135324001312,0.22129184007644653,-0.709148645401001
21,source,55,0.14476175606250763,0.22276392579078674,-0.6162501573562622
21,source,56,0.16759690642356873,0.3354930281639099,-0.6465206742286682
21,source,57,0.16210728883743286,0.3064638078212738,-0.684715211391449
21,source,58,0.22010278701782227,0.2238963395357132,-0.6085001826286316
21,source,59,0.15931753814220428,0.3168441653251648,-0.6875784993171692
21,source,60,0.1225513219833374,0.32194221019744873,-0.7340956926345825
21,source,61,0.07424826920032501,0.35269320011138916,-0.7088234424591064
21,source,62,-0.02464202046394348,0.30953651666641235,-0.7926121950149536
21,source,63,0.07258246839046478,0.3422030806541443,-0.7546347975730896
21,target,0,-0.07082171738147736,0.16633431613445282,-0.7748116850852966
21,target,1,-0.10031798481941223,0.1461041420698166,-0.7212364673614502
21,target,2,-0.1136433333158493,0.17864017188549042,-0.768863320350647
21,target,3,-0.13342541456222534,0.1823909729719162,-0.7650067210197449
21,target,4,-0.06257519125938416,0.15358074009418488,-0.7116667032241821
21,target,5,-0.08678214251995087,0.16767098009586334,-0.7768866419792175
21,target,6,-0.08603893220424652,0.17047223448753357,-0.7880187034606934
21,target,7,-0.08938506245613098,0.20476707816123962,-0.7835466861724854
21,target,8,-0.08398433029651642,0.18635566532611847,-0.754446804523468
21,target,9,-0.06820912659168243,0.19084037840366364,-0.7939873933792114
21,target,10,-0.09277811646461487,0.14285199344158173,-0.7695144414901733
21,target,11,-0.12344321608543396,0.18840257823467255,-0.782991886138916
21,target,12,-0.12941743433475494,0.14668938517570496,-0.7755349278450012
21,target,13,-0.10247573256492615,0.10392291843891144,-0.7765287160873413
21,target,14,-0.061767175793647766,0.15009042620658875,-0.7952688932418823
21,target,15,-0.15023675560951233,0.170475572347641,-0.7213118672370911
21,target,16,-0.1470077633857727,0.20226672291755676,-0.7671261429786682
21,target,17,-0.1325996071100235,0.230461984872818,-0.7654646635055542
21,target,18,-0.1475914865732193,0.19732075929641724,-0.7639397978782654
21,target,19,-0.1497611701488495,0.20108184218406677,-0.737217903137207
21,target,20,-0.1439405083656311,0.21863511204719543,-0.7727154493331909
21,target,21,-0.0925704687833786,0.18703506886959076,-0.7377151846885681
21,target,22,-0.09977951645851135,0.2310483157634735,-0.769072413444519
21,target,23,-0.12451709806919098,0.2204287201166153,-0.7291099429130554
21,target,24,-0.10862867534160614,0.21105319261550903,-0.7597761154174805
21,target,25,-0.10838684439659119,0.20369866490364075,-0.7192179560661316
21,target,26,-0.09975883364677429,0.18328653275966644,-0.7341241240501404
21,target,27,-0.13758616149425507,0.1822953224182129,-0.7404546141624451
21,target,28,-0.07265487313270569,0.10733392834663391,-0.6977081298828125
21,target,29,-0.11885097622871399,0.13805323839187622,-0.7621192336082458
21,target,30,-0.12001962959766388,0.16465185582637787,-0.793596625328064
21,target,31,-0.09953419864177704,0.16125372052192688,-0.7744764089584351
21,target,32,-0.04436369240283966,0.11646817624568939,-0.7932611703872681
21,target,33,-0.08306728303432465,0.1600811928510666,-0.7540241479873657
21,target,34,-0.08384236693382263,0.14082476496696472,-0.7663738131523132
21,target,35,-0.10009045898914337,0.1619080901145935,-0.7176775336265564
21,target,36,-0.12516097724437714,0.14486368000507355,-0.7111769318580627
21,target,37,-0.13001827895641327,0.1876891404390335,-0.7129290103912354
21,target,38,-0.12088042497634888,0.21918027102947235,-0.767384946346283
21,target,39,-0.0953662246465683,0.20759540796279907,-0.7466045618057251
21,target,40,-0.12411478161811829,0.20041565597057343,-0.7512113451957703
21,target,41,-0.12955118715763092,0.21120060980319977,-0.7539653182029724
21,target,42,-0.07506661117076874,0.18110956251621246,-0.7683045268058777
21,target,43,-0.13488887250423431,0.18287327885627747,-0.7525660395622253
21,target,44,-0.13772043585777283,0.2205962836742401,-0.7715299725532532
21,target,45,-0.1689329594373703,0.24222174286842346,-0.7711008787155151
21,target,46,-0.10157889127731323,0.17463916540145874,-0.7772940397262573
21,target,47,-0.11713622510433197,0.16923916339874268,-0.7664543390274048
21,target,48,-0.1394171267747879,0.20280280709266663,-0.7821675539016724
21,target,49,-0.1068086177110672,0.18473204970359802,-0.7308833599090576
21,target,50,-0.032908156514167786,0.13691817224025726,-0.8261072635650635
21,target,51,-0.029294192790985107,0.0823192372918129,-0.759141206741333
21,target,52,-0.06173531711101532,0.09060962498188019,-0.8088309168815613
21,target,53,-0.08791694045066833,0.10223596543073654,-0.7826067209243774
21,target,54,-0.06355060636997223,0.136272132396698,-0.7113207578659058
21,target,55,-0.0823112428188324,0.12099403142929077,-0.7561450600624084
21,target,56,-0.04783153533935547,0.12671950459480286,-0.7690472602844238
21,target,57,-0.07089386880397797,0.13789884746074677,-0.7766282558441162
21,target,58,-0.03698737919330597,0.11936374753713608,-0.7448443174362183
21,target,59,-0.03396819531917572,0.06177734583616257,-0.7788408994674683
21,target,60,-0.09208497405052185,0.11583494395017624,-0.7686342597007751
21,target,61,-0.09756092727184296,0.0768018364906311,-0.7704308032989502
21,target,62,-0.06805594265460968,0.05005333572626114,-0.7582594156265259
21,target,63,-0.07380059361457825,0.050160378217697144,-0.7601794004440308
22,source,0,0.06903272867202759,0.3552086353302002,-0.6823057532310486
22,source,1,0.15311378240585327,0.23253288865089417,-0.8417595028877258
22,source,2,-0.001857660710811615,0.17996104061603546,-0.8407637476921082
22,source,3,0.09246028959751129,0.27182143926620483,-0.8614985346794128
22,source,4,0.08124402910470963,0.16319194436073303,-0.750318706035614
22,source,5,0.1280079483985901,-0.15991723537445068,-0.3382478952407837
22,source,6,0.06050598621368408,-0.07514671981334686,-0.6697714924812317
22,source,7,0.08267603814601898,0.050068266689777374,-0.5006945729255676
22,source,8,-0.013084009289741516,0.049979254603385925,-0.5716617107391357
22,source,9,0.11416970193386078,0.2082139402627945,-0.5245432257652283
22,source,10,0.12728631496429443,0.20204660296440125,-0.45765185356140137
22,source,11,0.20231062173843384,0.11761146783828735,-0.5296777486801147
22,source,12,0.13598906993865967,0.2496006190776825,-0.4965595006942749
22,source,13,0.0876586064696312,0.2616969347000122,-0.6627755761146545
22,source,14,0.15117213129997253,0.17876368761062622,-0.715758204460144
22,source,15,0.06732884794473648,0.2102394998073578,-0.78891921043396
22,source,16,-0.016732029616832733,0.23554903268814087,-0.8188996315002441
22,source,17,0.07167190313339233,0.05737940967082977,-0.5874568819999695
22,source,18,0.21209822595119476,-0.05508352816104889,-0.610542356967926
22,source,19,0.16051360964775085,0.060742415487766266,-0.6748145818710327
22,source,20,0.24203263223171234,-0.03331767022609711,-0.6424030661582947
22,source,21,0.07200820744037628,-0.013822361826896667,-0.6867944002151489
22,source,22,0.2116108536720276,0.1021403968334198,-0.5458598136901855
22,source,23,0.15909549593925476,0.15720896422863007,-0.602208137512207
22,source,24,0.11758573353290558,0.09193037450313568,-0.7372459173202515
22,source,25,0.0954742282629013,0.18991662561893463,-0.8474408388137817
22,source,26,0.17569708824157715,0.2507071793079376,-0.8042280673980713
22,source,27,0.1678827404975891,0.20010153949260712,-0.8857715725898743
22,source,28,-0.04354456067085266,0.18567723035812378,-0.9113609790802002
22,source,29,0.10755421221256256,0.2334890365600586,-0.7174993753433228
22,source,30,-0.07512876391410828,0.1957705020904541,-0.8316057324409485
22,source,31,0.18798606097698212,0.020709455013275146,-0.6698437929153442
22,source,32,0.17066690325737,0.0481928288936615,-0.7298688888549805
22,source,33,0.011383935809135437,0.18815115094184875,-0.8275669813156128
22,source,34,0.01341787725687027,0.2395230233669281,-0.7696185111999512
22,source,35,0.025393527001142502,0.12025073915719986,-0.8135241270065308
22,source,36,0.029216423630714417,0.11300087720155716,-0.7396392226219177
22,source,37,-0.03417397290468216,0.20083492994308472,-0.7859706282615662
22,source,38,0.0732422024011612,0.19267603754997253,-0.7603936195373535
22,source,39,0.015225082635879517,0.17495816946029663,-0.774772584438324
22,source,40,0.13214722275733948,0.2286677211523056,-0.6402310132980347
22,source,41,0.10642971843481064,0.2020082026720047,-0.542975902557373
22,source,42,-0.06938678026199341,0.20610210299491882,-0.6397581100463867
22,source,43,-0.05567863583564758,0.26378151774406433,-0.6290931105613708
22,source,44,-0.14034417271614075,0.2230551838874817,-0.6654185056686401
22,source,45,-0.0875653326511383,0.2051396667957306,-0.6548433899879456
22,source,46,-0.14372068643569946,0.43974658846855164,-0.8694539070129395
22,source,47,0.08994559943675995,0.45475634932518005,-0.7176689505577087
22,source,48,0.13745731115341187,0.454534113407135,-0.6621622443199158
22,source,49,-0.15264220535755157,0.4540919065475464,-0.869075357913971
22,source,50,-0.08146782219409943,0.32143741846084595,-0.7421031594276428
22,source,51,0.11461562663316727,0.25704655051231384,-0.7459136843681335
22,source,52,0.09428737312555313,0.33225587010383606,-0.7704365253448486
22,source,53,0.1438252180814743,0.27768200635910034,-0.7711478471755981
22,source,54,0.16673292219638824,0.2441045641899109,-0.7070856690406799
22,source,55,0.16467954218387604,0.2737247347831726,-0.6440194845199585
22,source,56,0.17861495912075043,0.3658386468887329,-0.680023729801178
22,source,57,0.16451945900917053,0.33770716190338135,-0.7322853207588196
22,source,58,0.2155972570180893,0.28930264711380005,-0.67598557472229
22,source,59,0.16979296505451202,0.37563005089759827,-0.7432848811149597
22,source,60,0.12133897840976715,0.367082417011261,-0.7590843439102173
22,source,61,0.048568859696388245,0.39202648401260376,-0.7272956967353821
22,source,62,-0.02875625342130661,0.34103745222091675,-0.7934139370918274
22,source,63,0.08930228650569916,0.37077242136001587,-0.7666664123535156
22,target,0,-0.04346179962158203,0.20175747573375702,-0.8152191638946533
22,target,1,-0.08444328606128693,0.19117267429828644,-0.7454476356506348
22,target,2,-0.09183256328105927,0.21420149505138397,-0.7795453071594238
22,target,3,-0.12441977858543396,0.22570407390594482,-0.785690188407898
22,target,4,-0.03814270347356796,0.2016318142414093,-0.7463985085487366
22,target,5,-0.08797894418239594,0.20582899451255798,-0.8322377800941467
22,target,6,-0.09454753994941711,0.22256115078926086,-0.8131358027458191
22,target,7,-0.09676560759544373,0.23948749899864197,-0.8129037618637085
22,target,8,-0.09507280588150024,0.22374171018600464,-0.786168098449707
22,target,9,-0.08450479805469513,0.2295253872871399,-0.834774911403656
22,target,10,-0.07225710153579712,0.19051842391490936,-0.7721770405769348
22,target,11,-0.10027968883514404,0.22125805914402008,-0.8000246286392212
22,target,12,-0.10069890320301056,0.1801377385854721,-0.7669488191604614
22,target,13,-0.0888737291097641,0.16127781569957733,-0.7581133842468262
22,target,14,-0.04078333079814911,0.20327019691467285,-0.7996377944946289
22,target,15,-0.1215219497680664,0.19717414677143097,-0.7499118447303772
22,target,16,-0.12685100734233856,0.24182596802711487,-0.7789243459701538
22,target,17,-0.1187935322523117,0.24499157071113586,-0.7685978412628174
22,target,18,-0.1156020313501358,0.22514738142490387,-0.7823134660720825
22,target,19,-0.13986842334270477,0.21875736117362976,-0.7476215958595276
22,target,20,-0.1216089129447937,0.26691552996635437,-0.7698633074760437
22,target,21,-0.05791682004928589,0.22175715863704681,-0.7439843416213989
22,target,22,-0.0731625109910965,0.2694709897041321,-0.7684400677680969
22,target,23,-0.08728741109371185,0.22748351097106934,-0.7588731646537781
22,target,24,-0.08284281194210052,0.23841235041618347,-0.7957277297973633
22,target,25,-0.09685689210891724,0.23764902353286743,-0.7519187927246094
22,target,26,-0.06578697264194489,0.22037944197654724,-0.7386141419410706
22,target,27,-0.08696195483207703,0.1936570703983307,-0.7263448238372803
22,target,28,-0.030814453959465027,0.1513238102197647,-0.7406042218208313
22,target,29,-0.10502958297729492,0.17086158692836761,-0.75638747215271
22,target,30,-0.10705727338790894,0.20373252034187317,-0.8264705538749695
22,target,31,-0.07462567090988159,0.20745499432086945,-0.8130010962486267
22,target,32,-0.040432848036289215,0.18034490942955017,-0.8256713151931763
22,target,33,-0.10908147692680359,0.22026753425598145,-0.8051449060440063
22,target,34,-0.06716826558113098,0.18998458981513977,-0.8345887660980225
22,target,35,-0.0620771199464798,0.18234972655773163,-0.7800630927085876
22,target,36,-0.0908018946647644,0.18565398454666138,-0.7082487940788269
22,target,37,-0.11383438110351562,0.22233518958091736,-0.7451211810112
22,target,38,-0.07444272935390472,0.24135857820510864,-0.8103867769241333
22,target,39,-0.08846725523471832,0.2426358163356781,-0.7652745842933655
22,target,40,-0.10882510244846344,0.197505921125412,-0.7829688787460327
22,target,41,-0.09194786846637726,0.22106753289699554,-0.783899188041687
22,target,42,-0.06686051189899445,0.20655721426010132,-0.7931989431381226
22,target,43,-0.11111113429069519,0.19750604033470154,-0.7651448845863342
22,target,44,-0.11637282371520996,0.2660233974456787,-0.7722206711769104
22,target,45,-0.13061465322971344,0.25956854224205017,-0.7759019732475281
22,target,46,-0.08222129940986633,0.2123856246471405,-0.7668302655220032
22,target,47,-0.09320124983787537,0.18591395020484924,-0.7795988917350769
22,target,48,-0.10976457595825195,0.23186352849006653,-0.8016734719276428
22,target,49,-0.07435062527656555,0.20458629727363586,-0.7332753539085388
22,target,50,-0.03492789715528488,0.1574978232383728,-0.8600236177444458
22,target,51,-0.029880404472351074,0.12481081485748291,-0.8115544319152832
22,target,52,-0.06497329473495483,0.12899702787399292,-0.8274115324020386
22,target,53,-0.11034543812274933,0.15646187961101532,-0.7919378876686096
22,target,54,-0.07574974000453949,0.18586190044879913,-0.7668174505233765
22,target,55,-0.11212502419948578,0.1649620085954666,-0.822453498840332
22,target,56,-0.061485886573791504,0.16602575778961182,-0.8154712319374084
22,target,57,-0.08178822696208954,0.16634991765022278,-0.8208681344985962
22,target,58,-0.05504167079925537,0.17008545994758606,-0.7935625314712524
22,target,59,-0.055822864174842834,0.12974323332309723,-0.8253737688064575
22,target,60,-0.11335334181785583,0.16310203075408936,-0.7973315715789795
22,target,61,-0.0876847505569458,0.10111013054847717,-0.8062199950218201
22,target,62,-0.0837295800447464,0.08901163190603256,-0.8005207777023315
22,target,63,-0.10549993813037872,0.12199394404888153,-0.7966987490653992
23,source,0,-0.038346968591213226,0.367837131023407,-0.6941981911659241
23,source,1,0.04039086028933525,0.24288290739059448,-0.862037181854248
23,source,2,-0.1037803441286087,0.22707729041576385,-0.8422272801399231
23,source,3,-0.019853226840496063,0.2816774249076843,-0.8591516613960266
23,source,4,-0.02923549711704254,0.19719333946704865,-0.7597085237503052
23,source,5,0.05865415930747986,-0.13654974102973938,-0.31015390157699585
23,source,6,-0.059512898325920105,-0.0025507360696792603,-0.6706660389900208
23,source,7,-0.01317083090543747,0.0976843535900116,-0.5173978805541992
23,source,8,-0.07626207172870636,0.08769173175096512,-0.5790624022483826
23,source,9,-0.01197526603937149,0.21988564729690552,-0.5142627954483032
23,source,10,0.01748012751340866,0.2092815488576889,-0.48322170972824097
23,source,11,0.08849840611219406,0.1393909454345703,-0.5313791036605835
23,source,12,-0.008343994617462158,0.24547496438026428,-0.5141695141792297
23,source,13,-0.01302790641784668,0.293912798166275,-0.679472029209137
23,source,14,0.04777149856090546,0.2010563164949417,-0.7275169491767883
23,source,15,-0.03800266981124878,0.22937434911727905,-0.7800657749176025
23,source,16,-0.067906454205513,0.23188897967338562,-0.8063674569129944
23,source,17,-0.019904904067516327,0.11088001728057861,-0.5899420976638794
23,source,18,0.0531775988638401,0.0019122660160064697,-0.566416323184967
23,source,19,0.02943047136068344,0.12796753644943237,-0.6736127138137817
23,source,20,0.10886704921722412,0.010358139872550964,-0.6164620518684387
23,source,21,-0.03528124839067459,-0.021481990814208984,-0.6406587362289429
23,source,22,0.11506206542253494,0.10623429715633392,-0.516828715801239
23,source,23,0.03083319589495659,0.227777898311615,-0.5978456735610962
23,source,24,-0.008059680461883545,0.111976757645607,-0.719685971736908
23,source,25,-0.0023888573050498962,0.2123270481824875,-0.8741112351417542
23,source,26,0.01652609556913376,0.24846792221069336,-0.8020944595336914
23,source,27,0.06022586300969124,0.20907659828662872,-0.904366672039032
23,source,28,-0.10672430694103241,0.2155403345823288,-0.9216378927230835
23,source,29,0.009909674525260925,0.25015464425086975,-0.7052410840988159
23,source,30,-0.11651812493801117,0.2176704704761505,-0.8327754139900208
23,source,31,0.0690934956073761,0.07952915877103806,-0.6380993723869324
23,source,32,0.01842549443244934,0.11286664009094238,-0.695779025554657
23,source,33,-0.12667487561702728,0.20364704728126526,-0.79345703125
23,source,34,-0.1096133142709732,0.26135027408599854,-0.7736706733703613
23,source,35,-0.061093419790267944,0.15371398627758026,-0.7789254784584045
23,source,36,-0.08961118757724762,0.1492076963186264,-0.7323904037475586
23,source,37,-0.11907970905303955,0.1962437629699707,-0.7670418620109558
23,source,38,-0.05901816487312317,0.20972982048988342,-0.7592891454696655
23,source,39,-0.09511744976043701,0.21927288174629211,-0.7706108093261719
23,source,40,-0.005006194114685059,0.22590386867523193,-0.6367840766906738
23,source,41,-0.01254945993423462,0.24155232310295105,-0.5520159602165222
23,source,42,-0.15364784002304077,0.21667668223381042,-0.6845114231109619
23,source,43,-0.1427752524614334,0.26376834511756897,-0.6759861707687378
23,source,44,-0.20158956944942474,0.22906987369060516,-0.7086332440376282
23,source,45,-0.17132626473903656,0.2264561951160431,-0.6787583231925964
23,source,46,-0.22159896790981293,0.42761561274528503,-0.8644091486930847
23,source,47,-0.0036162137985229492,0.4598831534385681,-0.7177590727806091
23,source,48,0.026030831038951874,0.4647965431213379,-0.6898412108421326
23,source,49,-0.25182580947875977,0.44799816608428955,-0.8875718116760254
23,source,50,-0.151567742228508,0.34202080965042114,-0.7624708414077759
23,source,51,0.036743491888046265,0.27598267793655396,-0.7563518285751343
23,source,52,0.011708110570907593,0.3376118540763855,-0.7748777866363525
23,source,53,0.0463959202170372,0.31899529695510864,-0.7788904905319214
23,source,54,0.0844748318195343,0.2763154208660126,-0.724829375743866
23,source,55,0.0756777673959732,0.3159712255001068,-0.6921876668930054
23,source,56,0.0853719711303711,0.39885029196739197,-0.7094598412513733
23,source,57,0.06512236595153809,0.3644280433654785,-0.754304051399231
23,source,58,0.11946432292461395,0.32222980260849,-0.7027972340583801
23,source,59,0.07089745998382568,0.3771970868110657,-0.7629882097244263
23,source,60,0.029467619955539703,0.37879401445388794,-0.7788916230201721
23,source,61,-0.021321050822734833,0.3894014358520508,-0.7544354200363159
23,source,62,-0.09800451993942261,0.3666223883628845,-0.8061015605926514
23,source,63,-0.00476943701505661,0.3914017081260681,-0.7752518057823181
23,target,0,-0.13552971184253693,0.23912018537521362,-0.8030900955200195
23,target,1,-0.18003727495670319,0.23569349944591522,-0.7311016917228699
23,target,2,-0.1683478206396103,0.24211600422859192,-0.7836253046989441
23,target,3,-0.19693751633167267,0.2534005045890808,-0.7887171506881714
23,target,4,-0.1243472695350647,0.23261767625808716,-0.7382838129997253
23,target,5,-0.1483287811279297,0.2414674460887909,-0.8127896785736084
23,target,6,-0.1654110997915268,0.2394697666168213,-0.7900685667991638
23,target,7,-0.16799037158489227,0.26958146691322327,-0.7890757322311401
23,target,8,-0.1702408343553543,0.2563847601413727,-0.7693988084793091
23,target,9,-0.15379253029823303,0.2553289532661438,-0.8001468181610107
23,target,10,-0.1571098417043686,0.21533235907554626,-0.7831060290336609
23,target,11,-0.20321355760097504,0.2412833422422409,-0.7829558253288269
23,target,12,-0.20008154213428497,0.21323701739311218,-0.7667905688285828
23,target,13,-0.1839512437582016,0.18416865170001984,-0.7744521498680115
23,target,14,-0.14630405604839325,0.24604851007461548,-0.7896757125854492
23,target,15,-0.21887920796871185,0.24300125241279602,-0.7381328344345093
23,target,16,-0.22210298478603363,0.2770148515701294,-0.7693857550621033
23,target,17,-0.21265409886837006,0.2914503514766693,-0.7625998854637146
23,target,18,-0.2091335505247116,0.26685604453086853,-0.7615103125572205
23,target,19,-0.22923950850963593,0.2614651918411255,-0.7370399236679077
23,target,20,-0.2152719348669052,0.27533674240112305,-0.7666122317314148
23,target,21,-0.1453642100095749,0.25454285740852356,-0.7255457639694214
23,target,22,-0.181304469704628,0.29968327283859253,-0.7727715969085693
23,target,23,-0.17571084201335907,0.274537593126297,-0.7604721784591675
23,target,24,-0.16185329854488373,0.26875054836273193,-0.7956592440605164
23,target,25,-0.19245214760303497,0.2643897533416748,-0.7315263152122498
23,target,26,-0.1717594712972641,0.25057291984558105,-0.7427752017974854
23,target,27,-0.20704813301563263,0.25383180379867554,-0.7449314594268799
23,target,28,-0.12868759036064148,0.1943044662475586,-0.7493739724159241
23,target,29,-0.20020551979541779,0.2147863507270813,-0.7709954380989075
23,target,30,-0.18860794603824615,0.2140435427427292,-0.8104165196418762
23,target,31,-0.16185367107391357,0.22108341753482819,-0.7892541289329529
23,target,32,-0.13750222325325012,0.2139664888381958,-0.8114830255508423
23,target,33,-0.17244546115398407,0.2551930546760559,-0.7835046052932739
23,target,34,-0.1536903977394104,0.2180372178554535,-0.8244077563285828
23,target,35,-0.1448085904121399,0.2211846113204956,-0.7785762548446655
23,target,36,-0.18050776422023773,0.2238391637802124,-0.7099626064300537
23,target,37,-0.1931442767381668,0.2568896412849426,-0.7430915236473083
23,target,38,-0.17142368853092194,0.2797164022922516,-0.7946619987487793
23,target,39,-0.16361337900161743,0.271243155002594,-0.7588887214660645
23,target,40,-0.19960473477840424,0.22570636868476868,-0.7690005302429199
23,target,41,-0.19060717523097992,0.25632444024086,-0.7558041214942932
23,target,42,-0.17036603391170502,0.24678435921669006,-0.7636840343475342
23,target,43,-0.20847509801387787,0.2376948893070221,-0.7509685158729553
23,target,44,-0.2056427150964737,0.28219830989837646,-0.7600066661834717
23,target,45,-0.22143958508968353,0.2744145393371582,-0.7717949151992798
23,target,46,-0.18599583208560944,0.2621753215789795,-0.7658315896987915
23,target,47,-0.18597407639026642,0.22671504318714142,-0.7714570164680481
23,target,48,-0.19298900663852692,0.2579079866409302,-0.7876054048538208
23,target,49,-0.18872816860675812,0.2384818196296692,-0.7406614422798157
23,target,50,-0.1181458979845047,0.2197127491235733,-0.8098276257514954
23,target,51,-0.10567916929721832,0.17868804931640625,-0.7590064406394958
23,target,52,-0.13972163200378418,0.17392559349536896,-0.7918713688850403
23,target,53,-0.16012172400951385,0.20004111528396606,-0.7716604471206665
23,target,54,-0.12996307015419006,0.2153504490852356,-0.7295065522193909
23,target,55,-0.15258830785751343,0.2196580022573471,-0.7930542826652527
23,target,56,-0.12946359813213348,0.22391965985298157,-0.7591373324394226
23,target,57,-0.1517779529094696,0.22888079285621643,-0.7800716161727905
23,target,58,-0.11343446373939514,0.2256147563457489,-0.7813389897346497
23,target,59,-0.11648304760456085,0.19835926592350006,-0.7830591201782227
23,target,60,-0.14653746783733368,0.20214058458805084,-0.7879074811935425
23,target,61,-0.16464164853096008,0.17115335166454315,-0.7702400088310242
23,target,62,-0.1395653933286667,0.15709373354911804,-0.7845406532287598
23,target,63,-0.15351030230522156,0.18014554679393768,-0.7739182710647583
24,source,0,0.009889237582683563,0.3063645660877228,-0.7212415337562561
24,source,1,0.09775098413228989,0.21418094635009766,-0.8495197296142578
24,source,2,-0.07110510766506195,0.18874400854110718,-0.8494579792022705
24,source,3,0.038588136434555054,0.2374955713748932,-0.8777499198913574
24,source,4,0.0013716891407966614,0.1321508288383484,-0.7832233905792236
24,source,5,0.11897455900907516,-0.11242884397506714,-0.447151780128479
24,source,6,-0.013726532459259033,-0.028716161847114563,-0.7501373291015625
24,source,7,0.049016717821359634,0.06352747231721878,-0.5417677164077759
24,source,8,-0.04156218469142914,0.057167671620845795,-0.6278413534164429
24,source,9,0.047285810112953186,0.1890883892774582,-0.6045467853546143
24,source,10,0.08585546165704727,0.17149700224399567,-0.5283413529396057
24,source,11,0.14297683537006378,0.11036036163568497,-0.5974991917610168
24,source,12,0.07862010598182678,0.17789475619792938,-0.5283241868019104
24,source,13,0.04003515467047691,0.2531290650367737,-0.6971220374107361
24,source,14,0.10627653449773788,0.17090295255184174,-0.7525485157966614
24,source,15,-0.020417295396327972,0.2090597152709961,-0.7974450588226318
24,source,16,-0.04849602282047272,0.2018873393535614,-0.8176218867301941
24,source,17,0.04954666271805763,0.05537855625152588,-0.6332144737243652
24,source,18,0.12267589569091797,-0.016692057251930237,-0.6453808546066284
24,source,19,0.06073342263698578,0.11187253892421722,-0.6881608366966248
24,source,20,0.16526290774345398,0.0018638372421264648,-0.6426993012428284
24,source,21,-0.017029576003551483,-0.03305503726005554,-0.7193575501441956
24,source,22,0.18348275125026703,0.0883263498544693,-0.5911591053009033
24,source,23,0.10620418190956116,0.16631673276424408,-0.6436435580253601
24,source,24,0.04263059422373772,0.07154431939125061,-0.7233749628067017
24,source,25,0.05257671698927879,0.1823534518480301,-0.8551824688911438
24,source,26,0.1048053726553917,0.20814989507198334,-0.8075549006462097
24,source,27,0.12170961499214172,0.17867521941661835,-0.8806512355804443
24,source,28,-0.07096605002880096,0.1535099297761917,-0.9086979627609253
24,source,29,0.10402411222457886,0.1996854841709137,-0.7375097274780273
24,source,30,-0.08446776866912842,0.1814572811126709,-0.8369868993759155
24,source,31,0.15434008836746216,0.037602499127388,-0.6647379398345947
24,source,32,0.1346459835767746,0.06816476583480835,-0.7280255556106567
24,source,33,-0.07258477807044983,0.1324305385351181,-0.8445967435836792
24,source,34,-0.07226525247097015,0.19574148952960968,-0.7986313700675964
24,source,35,-0.08816428482532501,0.11379329115152359,-0.8448536396026611
24,source,36,-0.07886645197868347,0.09062603116035461,-0.7499809265136719
24,source,37,-0.10241250693798065,0.13470503687858582,-0.7913186550140381
24,source,38,-0.021865934133529663,0.14776015281677246,-0.7620890140533447
24,source,39,-0.061754196882247925,0.146760031580925,-0.7981454730033875
24,source,40,0.06599437445402145,0.1879511922597885,-0.6852343082427979
24,source,41,0.06749269366264343,0.183944970369339,-0.5962799787521362
24,source,42,-0.09320642054080963,0.18094857037067413,-0.6634794473648071
24,source,43,-0.08174742758274078,0.21422643959522247,-0.6272024512290955
24,source,44,-0.12308929860591888,0.18030208349227905,-0.6593618988990784
24,source,45,-0.09195894002914429,0.16591233015060425,-0.6610204577445984
24,source,46,-0.14502298831939697,0.40154004096984863,-0.867336630821228
24,source,47,0.07612773030996323,0.4194602370262146,-0.7266422510147095
24,source,48,0.11846307665109634,0.43129169940948486,-0.6963554620742798
24,source,49,-0.15244993567466736,0.4144308567047119,-0.8775700330734253
24,source,50,-0.1228959858417511,0.3071776032447815,-0.7358699440956116
24,source,51,0.09085306525230408,0.2377808392047882,-0.758084237575531
24,source,52,0.08586902916431427,0.2874460816383362,-0.7837411761283875
24,source,53,0.12893608212471008,0.27858883142471313,-0.7811611890792847
24,source,54,0.11722621321678162,0.23181411623954773,-0.7145068049430847
24,source,55,0.16004154086112976,0.259184330701828,-0.6771636009216309
24,source,56,0.16699030995368958,0.33599936962127686,-0.7224337458610535
24,source,57,0.1565662920475006,0.3128035068511963,-0.7654809951782227
24,source,58,0.210271954536438,0.256160706281662,-0.7050864100456238
24,source,59,0.15385663509368896,0.32765311002731323,-0.7736685276031494
24,source,60,0.11435524374246597,0.32284167408943176,-0.7793267965316772
24,source,61,0.047461993992328644,0.3465372920036316,-0.7633062601089478
24,source,62,-0.03667307645082474,0.2952423691749573,-0.8195731043815613
24,source,63,0.0562569722533226,0.329257071018219,-0.7964106798171997
24,target,0,-0.08640636503696442,0.20920947194099426,-0.7990453243255615
24,target,1,-0.12744176387786865,0.19963619112968445,-0.7474352121353149
24,target,2,-0.12648190557956696,0.20801693201065063,-0.7965401411056519
24,target,3,-0.14652971923351288,0.21854278445243835,-0.7896764874458313
24,target,4,-0.0694940984249115,0.19880829751491547,-0.7312021255493164
24,target,5,-0.10508967936038971,0.2080632746219635,-0.7900485396385193
24,target,6,-0.11885051429271698,0.2282511442899704,-0.7865017652511597
24,target,7,-0.12214173376560211,0.2430465817451477,-0.772866427898407
24,target,8,-0.10335315763950348,0.23225751519203186,-0.7664881944656372
24,target,9,-0.09597092866897583,0.22455966472625732,-0.7922176718711853
24,target,10,-0.1016664057970047,0.18845802545547485,-0.7517139315605164
24,target,11,-0.1521877646446228,0.22828149795532227,-0.7914929389953613
24,target,12,-0.1601763814687729,0.20518696308135986,-0.7641918063163757
24,target,13,-0.13755068182945251,0.16565436124801636,-0.7405125498771667
24,target,14,-0.08697554469108582,0.2036253809928894,-0.7759697437286377
24,target,15,-0.15023428201675415,0.21063882112503052,-0.7728093862533569
24,target,16,-0.15544244647026062,0.2418358325958252,-0.7901744246482849
24,target,17,-0.15579940378665924,0.25429171323776245,-0.7755924463272095
24,target,18,-0.16371330618858337,0.24840345978736877,-0.7738139033317566
24,target,19,-0.16767679154872894,0.22969472408294678,-0.747080385684967
24,target,20,-0.15390123426914215,0.24440732598304749,-0.7618503570556641
24,target,21,-0.0707007497549057,0.209148570895195,-0.736616313457489
24,target,22,-0.09470061957836151,0.260894775390625,-0.7772495150566101
24,target,23,-0.110404372215271,0.24017778038978577,-0.7658219933509827
24,target,24,-0.11288602650165558,0.24572652578353882,-0.7865915298461914
24,target,25,-0.12835218012332916,0.2498885989189148,-0.7544359564781189
24,target,26,-0.1335994303226471,0.2172318994998932,-0.7461905479431152
24,target,27,-0.12417463958263397,0.21182627975940704,-0.7328519225120544
24,target,28,-0.07545895874500275,0.17181381583213806,-0.7420792579650879
24,target,29,-0.14633740484714508,0.17948280274868011,-0.7649646997451782
24,target,30,-0.1399002969264984,0.20349295437335968,-0.8001100420951843
24,target,31,-0.10011756420135498,0.20756541192531586,-0.7680251002311707
24,target,32,-0.07647004723548889,0.19000650942325592,-0.7794197797775269
24,target,33,-0.1208476722240448,0.22411200404167175,-0.7645216584205627
24,target,34,-0.09965777397155762,0.20302841067314148,-0.8170008659362793
24,target,35,-0.09115943312644958,0.20241378247737885,-0.766748309135437
24,target,36,-0.11638598144054413,0.19072437286376953,-0.7221071124076843
24,target,37,-0.12110616266727448,0.20558440685272217,-0.7619798183441162
24,target,38,-0.12002366781234741,0.25148820877075195,-0.8040148019790649
24,target,39,-0.11919131875038147,0.24240979552268982,-0.7601687908172607
24,target,40,-0.14577020704746246,0.20468297600746155,-0.7798834443092346
24,target,41,-0.15394628047943115,0.24049994349479675,-0.7766419649124146
24,target,42,-0.14271268248558044,0.2364458292722702,-0.7780730724334717
24,target,43,-0.17573194205760956,0.2067010998725891,-0.7795267701148987
24,target,44,-0.14625047147274017,0.24548548460006714,-0.7644374966621399
24,target,45,-0.17613346874713898,0.25446078181266785,-0.7677736878395081
24,target,46,-0.14205382764339447,0.23670676350593567,-0.7668676972389221
24,target,47,-0.13461251556873322,0.1940530687570572,-0.7822479605674744
24,target,48,-0.15233394503593445,0.22862869501113892,-0.7901550531387329
24,target,49,-0.12147122621536255,0.20234617590904236,-0.7466256618499756
24,target,50,-0.052717238664627075,0.15717794001102448,-0.8548198342323303
24,target,51,-0.05788189172744751,0.13415178656578064,-0.792786180973053
24,target,52,-0.09748530387878418,0.137421652674675,-0.8406870365142822
24,target,53,-0.12244419753551483,0.1563204973936081,-0.827191948890686
24,target,54,-0.0758204460144043,0.17361825704574585,-0.7728466391563416
24,target,55,-0.09672285616397858,0.16279955208301544,-0.8051869869232178
24,target,56,-0.05312919616699219,0.16751082241535187,-0.7785974740982056
24,target,57,-0.07890993356704712,0.16303563117980957,-0.8045686483383179
24,target,58,-0.05093829333782196,0.16165457665920258,-0.7870786786079407
24,target,59,-0.061387911438941956,0.13640987873077393,-0.798424243927002
24,target,60,-0.11768513917922974,0.1488623023033142,-0.801033079624176
24,target,61,-0.12724483013153076,0.13426582515239716,-0.8029781579971313
24,target,62,-0.10829471051692963,0.10565884411334991,-0.7792823910713196
24,target,63,-0.12558913230895996,0.12684857845306396,-0.78629070520401
25,source,0,0.036057401448488235,0.30226731300354004,-0.6980850100517273
25,source,1,0.08947530388832092,0.1839369535446167,-0.8379172086715698
25,source,2,-0.04498058557510376,0.1779402792453766,-0.8380468487739563
25,source,3,0.02272007241845131,0.24115625023841858,-0.8517264127731323
25,source,4,0.029926009476184845,0.1426469087600708,-0.7332103848457336
25,source,5,0.11213895678520203,-0.2648599445819855,-0.3995698392391205
25,source,6,0.058729901909828186,-0.129014790058136,-0.6299993395805359
25,source,7,0.08373308181762695,-0.029121801257133484,-0.5070273280143738
25,source,8,-0.00022464990615844727,-0.006815120577812195,-0.5747321248054504
25,source,9,0.07332970201969147,0.14418381452560425,-0.5291923880577087
25,source,10,0.0879453495144844,0.1100427508354187,-0.47255492210388184
25,source,11,0.13617075979709625,0.028545551002025604,-0.5100561380386353
25,source,12,0.10644067823886871,0.12319587171077728,-0.48114699125289917
25,source,13,0.0367109589278698,0.18560120463371277,-0.6676427721977234
25,source,14,0.07279007136821747,0.11582987010478973,-0.7220636010169983
25,source,15,-0.004914477467536926,0.18961922824382782,-0.767368733882904
25,source,16,-0.029647216200828552,0.1979454755783081,-0.7760501503944397
25,source,17,0.0939202755689621,-0.011369585990905762,-0.5984469652175903
25,source,18,0.17672967910766602,-0.1441432237625122,-0.592940628528595
25,source,19,0.09644288569688797,0.04262485355138779,-0.6869665384292603
25,source,20,0.17212140560150146,-0.07945472002029419,-0.6487850546836853
25,source,21,0.047417234629392624,-0.1508001685142517,-0.6674778461456299
25,source,22,0.17636623978614807,-0.002798721194267273,-0.5692064166069031
25,source,23,0.09790452569723129,0.13147258758544922,-0.6114484071731567
25,source,24,0.05907534807920456,0.02021467685699463,-0.7288339138031006
25,source,25,0.0401294119656086,0.16336269676685333,-0.8180254697799683
25,source,26,0.06415849924087524,0.19313976168632507,-0.7739577293395996
25,source,27,0.09142737835645676,0.15238118171691895,-0.8459963798522949
25,source,28,-0.08098302781581879,0.17106711864471436,-0.8749703764915466
25,source,29,0.09141317009925842,0.1782492995262146,-0.6886228322982788
25,source,30,-0.05356593430042267,0.21352452039718628,-0.8210309147834778
25,source,31,0.13775594532489777,-0.03979136049747467,-0.646663248538971
25,source,32,0.11560538411140442,0.008793026208877563,-0.6877727508544922
25,source,33,-0.038176923990249634,0.15847814083099365,-0.7849169969558716
25,source,34,-0.035487912595272064,0.20634379982948303,-0.7691577672958374
25,source,35,-0.026366382837295532,0.11897164583206177,-0.779076874256134
25,source,36,-0.03201279789209366,0.07781221717596054,-0.6930364966392517
25,source,37,-0.044178128242492676,0.12902624905109406,-0.7539098858833313
25,source,38,0.006604962050914764,0.14190806448459625,-0.7387531995773315
25,source,39,-0.020415224134922028,0.15879537165164948,-0.7425839900970459
25,source,40,0.10192707180976868,0.14945071935653687,-0.6302080750465393
25,source,41,0.11372365057468414,0.11542518436908722,-0.5628137588500977
25,source,42,-0.05794382095336914,0.14356672763824463,-0.6774876117706299
25,source,43,-0.06955680251121521,0.18974432349205017,-0.6554505228996277
25,source,44,-0.09880028665065765,0.13874965906143188,-0.6788689494132996
25,source,45,-0.06668150424957275,0.1368435025215149,-0.6744357347488403
25,source,46,-0.13665637373924255,0.3744347095489502,-0.8326936364173889
25,source,47,0.041529566049575806,0.3921615481376648,-0.7257112860679626
25,source,48,0.07518947124481201,0.38575541973114014,-0.682405948638916
25,source,49,-0.1396564543247223,0.38803303241729736,-0.8491048216819763
25,source,50,-0.07974860072135925,0.28204554319381714,-0.7528382539749146
25,source,51,0.09970095753669739,0.2121916264295578,-0.7400690913200378
25,source,52,0.05972614884376526,0.2665872275829315,-0.7497312426567078
25,source,53,0.11443458497524261,0.23888170719146729,-0.7637902498245239
25,source,54,0.11026963591575623,0.2135598361492157,-0.6988869309425354
25,source,55,0.13775384426116943,0.22158220410346985,-0.6745478510856628
25,source,56,0.11001105606555939,0.29272279143333435,-0.7114076018333435
25,source,57,0.09622325748205185,0.2792999744415283,-0.7399951219558716
25,source,58,0.1649182140827179,0.21552659571170807,-0.6847099661827087
25,source,59,0.11927296221256256,0.2840423285961151,-0.7382299304008484
25,source,60,0.09451571851968765,0.3140730857849121,-0.7715667486190796
25,source,61,0.040986545383930206,0.3350343108177185,-0.741658091545105
25,source,62,-0.02083306759595871,0.29666078090667725,-0.8085861206054688
25,source,63,0.05208592116832733,0.3085678219795227,-0.7629516124725342
25,target,0,-0.09025558829307556,0.17742528021335602,-0.794247567653656
25,target,1,-0.1117425262928009,0.1743655651807785,-0.753482460975647
25,target,2,-0.13018517196178436,0.19320853054523468,-0.785588264465332
25,target,3,-0.14434814453125,0.18984942138195038,-0.7819331884384155
25,target,4,-0.06593570113182068,0.16775226593017578,-0.7517980933189392
25,target,5,-0.09807704389095306,0.165850430727005,-0.8065831065177917
25,target,6,-0.1267326921224594,0.19554129242897034,-0.7921671271324158
25,target,7,-0.13191556930541992,0.21152079105377197,-0.7897206544876099
25,target,8,-0.1196577399969101,0.1964668333530426,-0.7800383567810059
25,target,9,-0.10883703827857971,0.19171416759490967,-0.8035225868225098
25,target,10,-0.11338365077972412,0.1662316769361496,-0.7658603191375732
25,target,11,-0.15968860685825348,0.20395022630691528,-0.7882541418075562
25,target,12,-0.1507013738155365,0.16542625427246094,-0.7694788575172424
25,target,13,-0.14777939021587372,0.1339653730392456,-0.7452114820480347
25,target,14,-0.10244728624820709,0.17618578672409058,-0.7892634272575378
25,target,15,-0.12708978354930878,0.17110320925712585,-0.7551731467247009
25,target,16,-0.15935789048671722,0.20913006365299225,-0.7693077325820923
25,target,17,-0.15516382455825806,0.20856013894081116,-0.7510225176811218
25,target,18,-0.16119572520256042,0.20688992738723755,-0.7593540549278259
25,target,19,-0.15159881114959717,0.1879797726869583,-0.7588515281677246
25,target,20,-0.15399962663650513,0.21112439036369324,-0.7680978775024414
25,target,21,-0.06680333614349365,0.18692462146282196,-0.7330325841903687
25,target,22,-0.11466237902641296,0.22767314314842224,-0.7865644097328186
25,target,23,-0.11647249758243561,0.1966896504163742,-0.7687710523605347
25,target,24,-0.11558219790458679,0.20983164012432098,-0.7861846089363098
25,target,25,-0.11211413145065308,0.19824883341789246,-0.7659233808517456
25,target,26,-0.11459232866764069,0.1877812296152115,-0.7589589953422546
25,target,27,-0.11726298928260803,0.1658899337053299,-0.7297870516777039
25,target,28,-0.08685824275016785,0.14197088778018951,-0.737716794013977
25,target,29,-0.15153105556964874,0.16188426315784454,-0.7621427774429321
25,target,30,-0.1416790634393692,0.1818961650133133,-0.791321873664856
25,target,31,-0.11752556264400482,0.1787414699792862,-0.7849025130271912
25,target,32,-0.09858912229537964,0.13220317661762238,-0.7797445058822632
25,target,33,-0.1187797486782074,0.1787976175546646,-0.7891836762428284
25,target,34,-0.10430386662483215,0.16567069292068481,-0.8108634352684021
25,target,35,-0.10293512046337128,0.17262932658195496,-0.7768081426620483
25,target,36,-0.11680032312870026,0.16142095625400543,-0.7137802243232727
25,target,37,-0.09660644829273224,0.18187163770198822,-0.7460104823112488
25,target,38,-0.1161566823720932,0.2041109800338745,-0.8008907437324524
25,target,39,-0.11230382323265076,0.2057088017463684,-0.7716485261917114
25,target,40,-0.15270176529884338,0.19707264006137848,-0.7846450805664062
25,target,41,-0.1579364538192749,0.20857292413711548,-0.7816192507743835
25,target,42,-0.13706350326538086,0.21061743795871735,-0.7918263673782349
25,target,43,-0.1660691648721695,0.19096742570400238,-0.7884388566017151
25,target,44,-0.15108998119831085,0.21497505903244019,-0.7577202320098877
25,target,45,-0.17150412499904633,0.20742619037628174,-0.7647918462753296
25,target,46,-0.12637069821357727,0.19524888694286346,-0.7716902494430542
25,target,47,-0.13471345603466034,0.17134582996368408,-0.7818019390106201
25,target,48,-0.1391487717628479,0.1895723044872284,-0.7950233221054077
25,target,49,-0.11302980780601501,0.17885172367095947,-0.7564040422439575
25,target,50,-0.03859948366880417,0.14585907757282257,-0.8176687955856323
25,target,51,-0.04932683706283569,0.12887680530548096,-0.7573226690292358
25,target,52,-0.07065345346927643,0.13017529249191284,-0.7919828295707703
25,target,53,-0.06577761471271515,0.12049433588981628,-0.8018862009048462
25,target,54,-0.04801511764526367,0.11634498834609985,-0.7381168603897095
25,target,55,-0.0701533854007721,0.13021686673164368,-0.8161661624908447
25,target,56,-0.026031747460365295,0.13737918436527252,-0.8081489205360413
25,target,57,-0.057505279779434204,0.15150770545005798,-0.8061809539794922
25,target,58,-0.038395240902900696,0.12880012392997742,-0.7800757884979248
25,target,59,-0.03484008461236954,0.11557691544294357,-0.8151373863220215
25,target,60,-0.09030754864215851,0.14248837530612946,-0.7718677520751953
25,target,61,-0.0735626369714737,0.12043006718158722,-0.802940845489502
25,target,62,-0.07404157519340515,0.08740951865911484,-0.7646591067314148
25,target,63,-0.09147118031978607,0.13667207956314087,-0.7801774144172668
26,source,0,-0.024925976991653442,0.32479003071784973,-0.7273620367050171
26,source,1,0.044505469501018524,0.22290551662445068,-0.848930835723877
26,source,2,-0.04257376492023468,0.18702499568462372,-0.8578413724899292
26,source,3,-0.004518695175647736,0.26362282037734985,-0.8564838171005249
26,source,4,-0.006627023220062256,0.17466743290424347,-0.7756947875022888
26,source,5,0.09012940526008606,-0.17957651615142822,-0.41710877418518066
26,source,6,0.02210022509098053,-0.018528655171394348,-0.7050911784172058
26,source,7,0.046635907143354416,0.04929995536804199,-0.5249391794204712
26,source,8,-0.022240355610847473,0.035639338195323944,-0.6141908168792725
26,source,9,0.02995152398943901,0.1870671510696411,-0.5714454054832458
26,source,10,0.03488639369606972,0.16433802247047424,-0.5076478719711304
26,source,11,0.0959528237581253,0.0985473245382309,-0.5494760274887085
26,source,12,0.03508104011416435,0.20361047983169556,-0.5204799175262451
26,source,13,0.015828989446163177,0.22856354713439941,-0.7088034749031067
26,source,14,0.06005576252937317,0.17875263094902039,-0.7496069669723511
26,source,15,-0.021157510578632355,0.21860234439373016,-0.8060027956962585
26,source,16,-0.05357946455478668,0.2286742925643921,-0.825393795967102
26,source,17,-0.0007517263293266296,0.06612982600927353,-0.6284881830215454
26,source,18,0.09874631464481354,-0.005294784903526306,-0.6226276755332947
26,source,19,0.04159930348396301,0.08837013691663742,-0.6894804835319519
26,source,20,0.12777680158615112,-0.004728689789772034,-0.6482539772987366
26,source,21,-0.0004154518246650696,-0.03096070885658264,-0.7089774012565613
26,source,22,0.10181498527526855,0.0735848918557167,-0.6055582761764526
26,source,23,0.047494787722826004,0.17872479557991028,-0.6341778635978699
26,source,24,0.010264843702316284,0.07940907776355743,-0.7224757671356201
26,source,25,0.013753347098827362,0.1913701742887497,-0.8457122445106506
26,source,26,0.04776463657617569,0.233537495136261,-0.8163873553276062
26,source,27,0.051566414535045624,0.21293029189109802,-0.8887913227081299
26,source,28,-0.08927123248577118,0.20551735162734985,-0.911406397819519
26,source,29,0.01651865988969803,0.22531932592391968,-0.7223891019821167
26,source,30,-0.1074751764535904,0.23483797907829285,-0.8689459562301636
26,source,31,0.12042814493179321,0.04143685847520828,-0.6588504314422607
26,source,32,0.06380079686641693,0.08899149298667908,-0.7304710149765015
26,source,33,-0.07770316302776337,0.17809876799583435,-0.8245168924331665
26,source,34,-0.06634312868118286,0.22757185995578766,-0.7760578393936157
26,source,35,-0.04991486668586731,0.15202513337135315,-0.8193137645721436
26,source,36,-0.059215202927589417,0.1175585612654686,-0.7385554313659668
26,source,37,-0.08541987836360931,0.17316114902496338,-0.8010685443878174
26,source,38,-0.03243257850408554,0.19415885210037231,-0.7825717329978943
26,source,39,-0.06150519847869873,0.19781583547592163,-0.7898477911949158
26,source,40,0.009732797741889954,0.19785398244857788,-0.6620471477508545
26,source,41,0.03945482522249222,0.1705295890569687,-0.5745870471000671
26,source,42,-0.12354786694049835,0.15451031923294067,-0.6752007007598877
26,source,43,-0.14449159801006317,0.21530592441558838,-0.6429589986801147
26,source,44,-0.17570863664150238,0.1744801551103592,-0.6823022961616516
26,source,45,-0.13542398810386658,0.17188043892383575,-0.6774851083755493
26,source,46,-0.21542571485042572,0.4242919087409973,-0.8546140193939209
26,source,47,-0.00029555708169937134,0.41575682163238525,-0.7346683740615845
26,source,48,0.04286985844373703,0.43294745683670044,-0.6853610277175903
26,source,49,-0.22009246051311493,0.46191391348838806,-0.855430006980896
26,source,50,-0.11283013224601746,0.32176756858825684,-0.7653499841690063
26,source,51,0.04568720608949661,0.24372445046901703,-0.7564891576766968
26,source,52,0.011307016015052795,0.30263596773147583,-0.7584806680679321
26,source,53,0.06724786013364792,0.2858482897281647,-0.7604101300239563
26,source,54,0.07411614060401917,0.2425638884305954,-0.7154715657234192
26,source,55,0.08396037667989731,0.25914809107780457,-0.6754769682884216
26,source,56,0.07415014505386353,0.33609703183174133,-0.7049570083618164
26,source,57,0.06062648445367813,0.3407975435256958,-0.7323814630508423
26,source,58,0.11145109683275223,0.27939343452453613,-0.6814420819282532
26,source,59,0.049707554280757904,0.3444257974624634,-0.7428867816925049
26,source,60,0.037718068808317184,0.34596139192581177,-0.7766213417053223
26,source,61,-0.016614176332950592,0.35044312477111816,-0.7632482051849365
26,source,62,-0.07502925395965576,0.30436035990715027,-0.8129523396492004
26,source,63,-0.013114266097545624,0.351932168006897,-0.7728250026702881
26,target,0,-0.09463174641132355,0.1801007091999054,-0.8122254610061646
26,target,1,-0.11479029059410095,0.1840962916612625,-0.7562599778175354
26,target,2,-0.12764471769332886,0.1979377567768097,-0.8050308227539062
26,target,3,-0.16112163662910461,0.19952812790870667,-0.7928812503814697
26,target,4,-0.09199933707714081,0.1807563751935959,-0.7444566488265991
26,target,5,-0.14802534878253937,0.211098775267601,-0.8102851510047913
26,target,6,-0.1442538946866989,0.21536144614219666,-0.8110109567642212
26,target,7,-0.14192910492420197,0.22501128911972046,-0.8073131442070007
26,target,8,-0.132747620344162,0.21976235508918762,-0.7856858968734741
26,target,9,-0.11474566161632538,0.2091549038887024,-0.818592369556427
26,target,10,-0.13469275832176208,0.1723223775625229,-0.7499145865440369
26,target,11,-0.1517133265733719,0.19869381189346313,-0.7985818386077881
26,target,12,-0.1553661823272705,0.16816189885139465,-0.7772911190986633
26,target,13,-0.13196827471256256,0.1422358751296997,-0.762236475944519
26,target,14,-0.08705507218837738,0.16840860247612,-0.7901520729064941
26,target,15,-0.16743750870227814,0.20820124447345734,-0.7520124316215515
26,target,16,-0.15077410638332367,0.21014413237571716,-0.7848124504089355
26,target,17,-0.1509454995393753,0.2224602848291397,-0.7753601670265198
26,target,18,-0.14806422591209412,0.21267050504684448,-0.7804329991340637
26,target,19,-0.1521598994731903,0.21443471312522888,-0.7704660892486572
26,target,20,-0.16090145707130432,0.21508462727069855,-0.7818493843078613
26,target,21,-0.10191938281059265,0.21492379903793335,-0.7407428622245789
26,target,22,-0.12738844752311707,0.25068390369415283,-0.788975715637207
26,target,23,-0.13540908694267273,0.22361184656620026,-0.76773601770401
26,target,24,-0.13440145552158356,0.2265007197856903,-0.7974360585212708
26,target,25,-0.14237414300441742,0.22893157601356506,-0.7614439129829407
26,target,26,-0.1469326913356781,0.21666684746742249,-0.7647321820259094
26,target,27,-0.1298968493938446,0.2010425180196762,-0.7538450956344604
26,target,28,-0.09637999534606934,0.1435374915599823,-0.7384509444236755
26,target,29,-0.13312067091464996,0.16525079309940338,-0.769203782081604
26,target,30,-0.13795195519924164,0.19546759128570557,-0.8089244365692139
26,target,31,-0.1142149269580841,0.18163976073265076,-0.7946578860282898
26,target,32,-0.0987686961889267,0.1796794980764389,-0.7939234972000122
26,target,33,-0.1262986958026886,0.20233550667762756,-0.7949636578559875
26,target,34,-0.12814772129058838,0.19972552359104156,-0.8151209354400635
26,target,35,-0.10451596975326538,0.18372735381126404,-0.7542835474014282
26,target,36,-0.1186266839504242,0.17317727208137512,-0.7375718355178833
26,target,37,-0.13945992290973663,0.21515117585659027,-0.7382067441940308
26,target,38,-0.1330312192440033,0.2469448447227478,-0.7952900528907776
26,target,39,-0.14797139167785645,0.22871142625808716,-0.7672742009162903
26,target,40,-0.14203454554080963,0.207319438457489,-0.7913644313812256
26,target,41,-0.14980390667915344,0.21097955107688904,-0.7913009524345398
26,target,42,-0.14678660035133362,0.20597463846206665,-0.7998244762420654
26,target,43,-0.15993623435497284,0.1867721527814865,-0.7935693264007568
26,target,44,-0.15869253873825073,0.22570282220840454,-0.7689676284790039
26,target,45,-0.1920156031847,0.23128476738929749,-0.7799057364463806
26,target,46,-0.13070064783096313,0.20906206965446472,-0.7900809645652771
26,target,47,-0.12481589615345001,0.17779138684272766,-0.7952148914337158
26,target,48,-0.1585262566804886,0.20419634878635406,-0.8026845455169678
26,target,49,-0.12991319596767426,0.20514075458049774,-0.7475947141647339
26,target,50,-0.06873582303524017,0.18681415915489197,-0.8354845643043518
26,target,51,-0.07505908608436584,0.16091114282608032,-0.7786412835121155
26,target,52,-0.10823889076709747,0.18160408735275269,-0.8170523643493652
26,target,53,-0.11886128783226013,0.17861326038837433,-0.7931089401245117
26,target,54,-0.09968820214271545,0.18382009863853455,-0.7520220279693604
26,target,55,-0.1253650188446045,0.19474031031131744,-0.8004828691482544
26,target,56,-0.07465532422065735,0.18861712515354156,-0.8101224303245544
26,target,57,-0.1050267219543457,0.19513855874538422,-0.8070842623710632
26,target,58,-0.0812145322561264,0.19257384538650513,-0.7865789532661438
26,target,59,-0.08748742938041687,0.17825502157211304,-0.8015552759170532
26,target,60,-0.12321913242340088,0.18848910927772522,-0.778489887714386
26,target,61,-0.09774453938007355,0.15514139831066132,-0.8030247688293457
26,target,62,-0.1000613123178482,0.15001842379570007,-0.789177656173706
26,target,63,-0.11154744029045105,0.173814058303833,-0.7873256802558899
27,source,0,-0.010710015892982483,0.31705954670906067,-0.7329890727996826
27,source,1,0.06339331716299057,0.20828087627887726,-0.858735203742981
27,source,2,-0.05672754347324371,0.20225310325622559,-0.8792189955711365
27,source,3,0.028007760643959045,0.25836750864982605,-0.8655217289924622
27,source,4,-0.001596704125404358,0.17749404907226562,-0.8008996844291687
27,source,5,0.09526318311691284,-0.1818283498287201,-0.4283655285835266
27,source,6,0.03648858889937401,-0.02480858564376831,-0.6901497840881348
27,source,7,0.06306536495685577,0.035347551107406616,-0.511605978012085
27,source,8,-0.021426521241664886,0.04425935447216034,-0.6045118570327759
27,source,9,0.07365474849939346,0.2041376531124115,-0.5808263421058655
27,source,10,0.058995068073272705,0.1832481324672699,-0.5120117664337158
27,source,11,0.1230931282043457,0.08872062712907791,-0.5737668871879578
27,source,12,0.09086032956838608,0.19950835406780243,-0.5054718255996704
27,source,13,0.02173503488302231,0.2457219809293747,-0.7245151996612549
27,source,14,0.0754944235086441,0.16150712966918945,-0.760958731174469
27,source,15,-0.014413982629776001,0.20376427471637726,-0.8308032155036926
27,source,16,-0.05121293663978577,0.20519068837165833,-0.8404606580734253
27,source,17,0.03891796991229057,0.04769795387983322,-0.5949713587760925
27,source,18,0.11925798654556274,-0.02780476212501526,-0.5960893630981445
27,source,19,0.06466324627399445,0.0753849670290947,-0.6627745032310486
27,source,20,0.1537487506866455,-0.0195857435464859,-0.6443966627120972
27,source,21,-0.005717769265174866,-0.02790302038192749,-0.6862614154815674
27,source,22,0.14124196767807007,0.0665660873055458,-0.5777230262756348
27,source,23,0.06371991336345673,0.16943176090717316,-0.6344437003135681
27,source,24,0.037761107087135315,0.05531024932861328,-0.7082452774047852
27,source,25,0.016361966729164124,0.1806841492652893,-0.8488094806671143
27,source,26,0.07469848543405533,0.21769267320632935,-0.8076692819595337
27,source,27,0.08500605076551437,0.20648187398910522,-0.8722527623176575
27,source,28,-0.08149026334285736,0.20114383101463318,-0.9184871912002563
27,source,29,0.05776015669107437,0.20883114635944366,-0.7131059765815735
27,source,30,-0.07721421122550964,0.20468083024024963,-0.8796730041503906
27,source,31,0.1557253748178482,0.034625694155693054,-0.6710296869277954
27,source,32,0.12288185954093933,0.05809314548969269,-0.7188759446144104
27,source,33,-0.10568402707576752,0.19567325711250305,-0.8504922986030579
27,source,34,-0.06087775528430939,0.23657914996147156,-0.786261260509491
27,source,35,-0.06261980533599854,0.16422049701213837,-0.8253427147865295
27,source,36,-0.07682451605796814,0.14127138257026672,-0.7537476420402527
27,source,37,-0.11181934177875519,0.20178799331188202,-0.8130383491516113
27,source,38,-0.010865166783332825,0.1813376098871231,-0.7767730951309204
27,source,39,-0.06217968463897705,0.20671890676021576,-0.8032417297363281
27,source,40,0.02924017608165741,0.20790420472621918,-0.6410881280899048
27,source,41,0.015263549983501434,0.1938876509666443,-0.5713591575622559
27,source,42,-0.06255455315113068,0.18016302585601807,-0.6727863550186157
27,source,43,-0.05560863018035889,0.23876243829727173,-0.6299313306808472
27,source,44,-0.09822537004947662,0.18458358943462372,-0.6922315359115601
27,source,45,-0.06889814138412476,0.1957787126302719,-0.6750303506851196
27,source,46,-0.16015902161598206,0.3933069705963135,-0.8572929501533508
27,source,47,0.01127556711435318,0.39958953857421875,-0.7488754987716675
27,source,48,0.039293576031923294,0.40452840924263,-0.7169119715690613
27,source,49,-0.15695470571517944,0.4131280779838562,-0.8683783411979675
27,source,50,-0.10316208004951477,0.3092308044433594,-0.7771713733673096
27,source,51,0.08511987328529358,0.24467527866363525,-0.7627032995223999
27,source,52,0.041749514639377594,0.30003616213798523,-0.777756929397583
27,source,53,0.07110673934221268,0.2634238302707672,-0.7836083173751831
27,source,54,0.09388335049152374,0.24121880531311035,-0.7525666356086731
27,source,55,0.10583680868148804,0.22920796275138855,-0.6890509128570557
27,source,56,0.06906850636005402,0.30530717968940735,-0.7239723205566406
27,source,57,0.05956451594829559,0.31230688095092773,-0.7580887675285339
27,source,58,0.1295159012079239,0.25442901253700256,-0.7006254196166992
27,source,59,0.0833396315574646,0.3101727366447449,-0.7429161071777344
27,source,60,0.05515991896390915,0.3306300640106201,-0.7722525000572205
27,source,61,0.004316434264183044,0.3472726345062256,-0.774253785610199
27,source,62,-0.06586916744709015,0.30622929334640503,-0.831150472164154
27,source,63,0.0007834210991859436,0.32445013523101807,-0.7887406349182129
27,target,0,-0.05987761914730072,0.16289390623569489,-0.8033040761947632
27,target,1,-0.10782016813755035,0.1682080626487732,-0.7618401050567627
27,target,2,-0.10702602565288544,0.1774909496307373,-0.8058851957321167
27,target,3,-0.1333407759666443,0.19321736693382263,-0.7853900790214539
27,target,4,-0.0856468677520752,0.16648000478744507,-0.75631183385849
27,target,5,-0.07943673431873322,0.1735839992761612,-0.7861425280570984
27,target,6,-0.08496755361557007,0.18332503736019135,-0.794270932674408
27,target,7,-0.09249097108840942,0.193051278591156,-0.790283739566803
27,target,8,-0.09233903884887695,0.18023210763931274,-0.7764463424682617
27,target,9,-0.0752338320016861,0.18488635122776031,-0.7996431589126587
27,target,10,-0.10706308484077454,0.17414821684360504,-0.7992795705795288
27,target,11,-0.11601394414901733,0.18367458879947662,-0.8026466369628906
27,target,12,-0.122738778591156,0.15059497952461243,-0.7794310450553894
27,target,13,-0.09493012726306915,0.10252033919095993,-0.7677907347679138
27,target,14,-0.08197905123233795,0.17588399350643158,-0.8028860092163086
27,target,15,-0.14051683247089386,0.18856948614120483,-0.766589879989624
27,target,16,-0.12909996509552002,0.2076333910226822,-0.7847117185592651
27,target,17,-0.12459452450275421,0.19971691071987152,-0.7875885367393494
27,target,18,-0.12673555314540863,0.19233523309230804,-0.7910559773445129
27,target,19,-0.14022277295589447,0.19479596614837646,-0.7729010581970215
27,target,20,-0.12367592751979828,0.20257431268692017,-0.8022222518920898
27,target,21,-0.09772889316082001,0.1956288069486618,-0.7827145457267761
27,target,22,-0.08978337049484253,0.2208709418773651,-0.8073819279670715
27,target,23,-0.11033160984516144,0.2072562873363495,-0.778470516204834
27,target,24,-0.09605035185813904,0.21061855554580688,-0.8018782138824463
27,target,25,-0.11507859826087952,0.2164255678653717,-0.7750885486602783
27,target,26,-0.12257389724254608,0.1814706176519394,-0.7648224234580994
27,target,27,-0.11321336030960083,0.17198507487773895,-0.7513009309768677
27,target,28,-0.07697427272796631,0.14201720058918,-0.7744842767715454
27,target,29,-0.13607606291770935,0.1571853756904602,-0.7509350776672363
27,target,30,-0.09887316823005676,0.1678481101989746,-0.8031811714172363
27,target,31,-0.08651383221149445,0.17022377252578735,-0.7898848056793213
27,target,32,-0.04901173710823059,0.14643064141273499,-0.7957693934440613
27,target,33,-0.07655426859855652,0.16472813487052917,-0.7646490931510925
27,target,34,-0.08766023814678192,0.17798663675785065,-0.7801001667976379
27,target,35,-0.10111534595489502,0.17790257930755615,-0.753612220287323
27,target,36,-0.0955398827791214,0.13738103210926056,-0.736314594745636
27,target,37,-0.11592563986778259,0.20372271537780762,-0.7523465156555176
27,target,38,-0.09156516194343567,0.21828950941562653,-0.7935460209846497
27,target,39,-0.11480407416820526,0.20485281944274902,-0.781186580657959
27,target,40,-0.1442815363407135,0.17846271395683289,-0.7991766929626465
27,target,41,-0.1421492099761963,0.18476153910160065,-0.7950717210769653
27,target,42,-0.1237906813621521,0.18018317222595215,-0.8007014989852905
27,target,43,-0.14698271453380585,0.1662103831768036,-0.804548978805542
27,target,44,-0.14762088656425476,0.22109901905059814,-0.7869741916656494
27,target,45,-0.14452998340129852,0.22016564011573792,-0.7951534390449524
27,target,46,-0.0967855155467987,0.18212419748306274,-0.7971856594085693
27,target,47,-0.11795952916145325,0.17863179743289948,-0.7940834760665894
27,target,48,-0.1086944043636322,0.18972256779670715,-0.7940417528152466
27,target,49,-0.1171935647726059,0.18238721787929535,-0.7559683322906494
27,target,50,-0.03774186223745346,0.15223567187786102,-0.8521372675895691
27,target,51,-0.05112569034099579,0.14768286049365997,-0.8046095967292786
27,target,52,-0.07939420640468597,0.14145271480083466,-0.8124977946281433
27,target,53,-0.09020553529262543,0.16356398165225983,-0.8089320063591003
27,target,54,-0.07975199818611145,0.1675710678100586,-0.7830057740211487
27,target,55,-0.07220716774463654,0.16315899789333344,-0.8141499757766724
27,target,56,-0.025071442127227783,0.1586868315935135,-0.8071262836456299
27,target,57,-0.06068074703216553,0.17015627026557922,-0.8123477697372437
27,target,58,-0.048305436968803406,0.16368328034877777,-0.7964932918548584
27,target,59,-0.059091001749038696,0.14858298003673553,-0.8057808876037598
27,target,60,-0.11844700574874878,0.18512879312038422,-0.8159682750701904
27,target,61,-0.09377630054950714,0.14706318080425262,-0.7991679906845093
27,target,62,-0.08587610721588135,0.13491055369377136,-0.7961161732673645
27,target,63,-0.09601093828678131,0.15111248195171356,-0.7915407419204712
28,source,0,-0.09401214122772217,0.3633706867694855,-0.7357758283615112
28,source,1,-0.03994154930114746,0.23392921686172485,-0.8483362197875977
28,source,2,-0.09560984373092651,0.21581172943115234,-0.8443893194198608
28,source,3,-0.059851303696632385,0.2793580889701843,-0.8294761180877686
28,source,4,-0.0705522894859314,0.22435694932937622,-0.7666226625442505
28,source,5,-0.016349218785762787,-0.016826197504997253,-0.47112029790878296
28,source,6,-0.05328121781349182,0.06331419944763184,-0.6913353800773621
28,source,7,-0.058326154947280884,0.14391106367111206,-0.5729212164878845
28,source,8,-0.10186709463596344,0.14500615000724792,-0.6320381760597229
28,source,9,-0.04002267122268677,0.25339287519454956,-0.6137359142303467
28,source,10,-0.025929562747478485,0.24600385129451752,-0.5583754777908325
28,source,11,0.002607196569442749,0.17051774263381958,-0.6096456050872803
28,source,12,-0.02747640758752823,0.27721118927001953,-0.5591261386871338
28,source,13,-0.06206044554710388,0.29401344060897827,-0.7162052392959595
28,source,14,-0.01822587102651596,0.23177093267440796,-0.7461263537406921
28,source,15,-0.07005041837692261,0.263457715511322,-0.8174338936805725
28,source,16,-0.12357267737388611,0.2799467444419861,-0.8448136448860168
28,source,17,-0.05879984796047211,0.15212909877300262,-0.6265482902526855
28,source,18,0.031021475791931152,0.07473378628492355,-0.6318442821502686
28,source,19,-0.03237967938184738,0.13239140808582306,-0.6884148716926575
28,source,20,0.0525691881775856,0.07295738905668259,-0.6503305435180664
28,source,21,-0.056117475032806396,0.06665737926959991,-0.6938696503639221
28,source,22,0.01857627183198929,0.1404769867658615,-0.5973649621009827
28,source,23,-0.03548562526702881,0.23386332392692566,-0.6522159576416016
28,source,24,-0.02460307627916336,0.12166041135787964,-0.6918971538543701
28,source,25,-0.05214756727218628,0.2298385500907898,-0.8305417895317078
28,source,26,-0.02245243638753891,0.24179504811763763,-0.8024434447288513
28,source,27,-0.02228325605392456,0.22513708472251892,-0.8571456670761108
28,source,28,-0.12446042895317078,0.22330132126808167,-0.9068530797958374
28,source,29,-0.05046252906322479,0.2603345215320587,-0.7066689133644104
28,source,30,-0.15483464300632477,0.2338578850030899,-0.8355258107185364
28,source,31,0.014726534485816956,0.1252066045999527,-0.6474291682243347
28,source,32,-0.020701542496681213,0.15936324000358582,-0.6921083927154541
28,source,33,-0.12110128998756409,0.24470317363739014,-0.8218762278556824
28,source,34,-0.12543727457523346,0.29248660802841187,-0.7816148400306702
28,source,35,-0.08397521078586578,0.18892398476600647,-0.7899965643882751
28,source,36,-0.14059264957904816,0.21037253737449646,-0.7303694486618042
28,source,37,-0.14724604785442352,0.22553855180740356,-0.7847393751144409
28,source,38,-0.0841015875339508,0.2352297008037567,-0.7833198308944702
28,source,39,-0.1126328855752945,0.2490939199924469,-0.7789689302444458
28,source,40,-0.034389644861221313,0.26045387983322144,-0.6613072752952576
28,source,41,-0.04961022734642029,0.24065659940242767,-0.5893546342849731
28,source,42,-0.16387107968330383,0.23068708181381226,-0.6924102902412415
28,source,43,-0.1714627593755722,0.27650296688079834,-0.6613961458206177
28,source,44,-0.19122456014156342,0.23455622792243958,-0.7087956070899963
28,source,45,-0.18065644800662994,0.24393251538276672,-0.6881538033485413
28,source,46,-0.21551956236362457,0.4120156764984131,-0.8638737201690674
28,source,47,-0.0817623883485794,0.4335894286632538,-0.7454975247383118
28,source,48,-0.06002835929393768,0.429826557636261,-0.7269619703292847
28,source,49,-0.22402994334697723,0.42621785402297974,-0.8603360652923584
28,source,50,-0.1602458357810974,0.3223038911819458,-0.7668629884719849
28,source,51,-0.01788298785686493,0.28864890336990356,-0.7473444938659668
28,source,52,-0.054646506905555725,0.33033478260040283,-0.7656652927398682
28,source,53,-0.007325701415538788,0.29427850246429443,-0.7679562568664551
28,source,54,-0.0037646442651748657,0.2875078320503235,-0.7337918877601624
28,source,55,-0.0006871446967124939,0.29264581203460693,-0.6675751209259033
28,source,56,-0.0343349352478981,0.3507614731788635,-0.7073027491569519
28,source,57,-0.011904098093509674,0.34245356917381287,-0.7433270812034607
28,source,58,0.022530395537614822,0.3028748631477356,-0.7048972249031067
28,source,59,-0.024466142058372498,0.34792470932006836,-0.7444477081298828
28,source,60,-0.03764680027961731,0.36392855644226074,-0.7682676911354065
28,source,61,-0.0837567001581192,0.3679890036582947,-0.7686736583709717
28,source,62,-0.1299801468849182,0.33344727754592896,-0.8256840705871582
28,source,63,-0.08913317322731018,0.3683805465698242,-0.7763177156448364
28,target,0,-0.14408574998378754,0.24040204286575317,-0.8001877069473267
28,target,1,-0.18636251986026764,0.22773140668869019,-0.7701635956764221
28,target,2,-0.20402543246746063,0.25087130069732666,-0.7947272062301636
28,target,3,-0.20276518166065216,0.24008217453956604,-0.7867909073829651
28,target,4,-0.17253302037715912,0.2430092692375183,-0.7603005766868591
28,target,5,-0.19325096905231476,0.2567034959793091,-0.7994135618209839
28,target,6,-0.1977129429578781,0.26348868012428284,-0.7941982746124268
28,target,7,-0.20047582685947418,0.28867316246032715,-0.7920235395431519
28,target,8,-0.20495755970478058,0.26491498947143555,-0.7810614705085754
28,target,9,-0.18046535551548004,0.26038429141044617,-0.7922316789627075
28,target,10,-0.1932302564382553,0.24106818437576294,-0.7904589772224426
28,target,11,-0.21460749208927155,0.24845248460769653,-0.7922542691230774
28,target,12,-0.20031867921352386,0.2121947854757309,-0.76930832862854
28,target,13,-0.17753924429416656,0.16291773319244385,-0.7580993175506592
28,target,14,-0.1656382828950882,0.23023709654808044,-0.8047849535942078
28,target,15,-0.20612244307994843,0.24686887860298157,-0.766586422920227
28,target,16,-0.21394003927707672,0.27122610807418823,-0.7923625707626343
28,target,17,-0.21631412208080292,0.26330453157424927,-0.7910337448120117
28,target,18,-0.20404215157032013,0.24346879124641418,-0.7967214584350586
28,target,19,-0.22609739005565643,0.25999900698661804,-0.7801759243011475
28,target,20,-0.21122948825359344,0.24923887848854065,-0.8002177476882935
28,target,21,-0.16787733137607574,0.22879263758659363,-0.7838994264602661
28,target,22,-0.17714588344097137,0.2816753387451172,-0.7972339391708374
28,target,23,-0.1998365968465805,0.261184424161911,-0.7821979522705078
28,target,24,-0.17949838936328888,0.2710709273815155,-0.8011128902435303
28,target,25,-0.20778788626194,0.2674533724784851,-0.7794637084007263
28,target,26,-0.19058720767498016,0.24658256769180298,-0.7805951237678528
28,target,27,-0.19936875998973846,0.247748464345932,-0.7550883889198303
28,target,28,-0.15921710431575775,0.2085420787334442,-0.767850399017334
28,target,29,-0.22006960213184357,0.21981164813041687,-0.7813929319381714
28,target,30,-0.19147859513759613,0.23913708329200745,-0.7948235869407654
28,target,31,-0.17160536348819733,0.23892313241958618,-0.7903790473937988
28,target,32,-0.16974426805973053,0.21863046288490295,-0.7945725321769714
28,target,33,-0.20302970707416534,0.25491684675216675,-0.780270516872406
28,target,34,-0.17024387419223785,0.2594488561153412,-0.786652684211731
28,target,35,-0.17202500998973846,0.2394489347934723,-0.7599642276763916
28,target,36,-0.17325644195079803,0.21431304514408112,-0.7377340793609619
28,target,37,-0.19753484427928925,0.26389279961586,-0.7573615908622742
28,target,38,-0.19407232105731964,0.276802122592926,-0.7984058856964111
28,target,39,-0.1877564638853073,0.26439422369003296,-0.7767475247383118
28,target,40,-0.2116035670042038,0.25469717383384705,-0.8160800933837891
28,target,41,-0.2213752716779709,0.25721728801727295,-0.7964933514595032
28,target,42,-0.18497692048549652,0.2414083480834961,-0.800102174282074
28,target,43,-0.2078426331281662,0.2255372703075409,-0.7985812425613403
28,target,44,-0.20108993351459503,0.2544359564781189,-0.7943477034568787
28,target,45,-0.2189164012670517,0.25666719675064087,-0.8046734929084778
28,target,46,-0.18178145587444305,0.24671101570129395,-0.7839339971542358
28,target,47,-0.1913423389196396,0.22968131303787231,-0.7815982103347778
28,target,48,-0.20134054124355316,0.24181345105171204,-0.787749707698822
28,target,49,-0.18277759850025177,0.23783200979232788,-0.7677416801452637
28,target,50,-0.11879226565361023,0.2060566246509552,-0.8148561120033264
28,target,51,-0.12347063422203064,0.17677325010299683,-0.7598588466644287
28,target,52,-0.1540263146162033,0.1904241442680359,-0.7859366536140442
28,target,53,-0.1535462588071823,0.20104575157165527,-0.7723471522331238
28,target,54,-0.16887985169887543,0.21509461104869843,-0.7534321546554565
28,target,55,-0.17090855538845062,0.22174736857414246,-0.7758736610412598
28,target,56,-0.1278764009475708,0.2093910425901413,-0.7651650309562683
28,target,57,-0.14547234773635864,0.2151477038860321,-0.7723411321640015
28,target,58,-0.12678411602973938,0.21215257048606873,-0.7639178037643433
28,target,59,-0.14320066571235657,0.19852858781814575,-0.7724860310554504
28,target,60,-0.1934073120355606,0.21531838178634644,-0.7826136350631714
28,target,61,-0.15763358771800995,0.1905456930398941,-0.7748541831970215
28,target,62,-0.1546320766210556,0.17241007089614868,-0.7598689794540405
28,target,63,-0.16961561143398285,0.1952914595603943,-0.7531996369361877
29,source,0,-0.020484231412410736,0.33500492572784424,-0.7051658034324646
29,source,1,0.03802655264735222,0.21302323043346405,-0.8303751945495605
29,source,2,-0.0672130435705185,0.22035431861877441,-0.83733731508255
29,source,3,0.014262162148952484,0.26904070377349854,-0.8248891830444336
29,source,4,-0.007341518998146057,0.194402813911438,-0.7416433691978455
29,source,5,0.07187961786985397,-0.13023701310157776,-0.4036930501461029
29,source,6,-0.00873391330242157,0.005469009280204773,-0.6790328621864319
29,source,7,-0.03313250094652176,0.08620516955852509,-0.5078794360160828
29,source,8,-0.08081191778182983,0.07442089915275574,-0.5965746641159058
29,source,9,0.027337387204170227,0.23511174321174622,-0.5901656150817871
29,source,10,0.01814901828765869,0.224135622382164,-0.5340301990509033
29,source,11,0.05348769575357437,0.1415061205625534,-0.5827237367630005
29,source,12,0.028933968394994736,0.2442723661661148,-0.5333752036094666
29,source,13,-0.027820147573947906,0.2767277657985687,-0.695705235004425
29,source,14,0.040967606008052826,0.19777913391590118,-0.7151967287063599
29,source,15,-0.029393017292022705,0.24486872553825378,-0.7944349646568298
29,source,16,-0.05131599307060242,0.24030987918376923,-0.786348283290863
29,source,17,-0.010116517543792725,0.10675019770860672,-0.5958437323570251
29,source,18,0.060385432094335556,0.009748563170433044,-0.618720293045044
29,source,19,0.029089663177728653,0.10719186812639236,-0.6766440868377686
29,source,20,0.08401360362768173,0.011646285653114319,-0.6331294178962708
29,source,21,-0.02615455538034439,-0.017376065254211426,-0.6786391735076904
29,source,22,0.09683728218078613,0.0990620106458664,-0.5663438439369202
29,source,23,0.03517889976501465,0.21143999695777893,-0.6187995672225952
29,source,24,-0.013474225997924805,0.08523289859294891,-0.6569114923477173
29,source,25,0.011255204677581787,0.19928047060966492,-0.813062310218811
29,source,26,0.07063105702400208,0.23513741791248322,-0.7939848899841309
29,source,27,0.07051609456539154,0.22911900281906128,-0.8642066717147827
29,source,28,-0.07387468218803406,0.21452558040618896,-0.8977667093276978
29,source,29,0.03859580308198929,0.2231542468070984,-0.6652705073356628
29,source,30,-0.09071473777294159,0.21226154267787933,-0.7871019244194031
29,source,31,0.07554972171783447,0.04872845858335495,-0.603221595287323
29,source,32,0.057574618607759476,0.09145180881023407,-0.6655320525169373
29,source,33,-0.11133311688899994,0.22835412621498108,-0.7965777516365051
29,source,34,-0.08134754002094269,0.24717742204666138,-0.7649484872817993
29,source,35,-0.06669844686985016,0.17633099853992462,-0.7895443439483643
29,source,36,-0.10973578691482544,0.16490858793258667,-0.6978762745857239
29,source,37,-0.1074313223361969,0.20888231694698334,-0.7723755240440369
29,source,38,-0.042080312967300415,0.20665478706359863,-0.7500419616699219
29,source,39,-0.07155664265155792,0.2143288403749466,-0.7439979314804077
29,source,40,0.015848152339458466,0.22430115938186646,-0.6422933340072632
29,source,41,0.004922196269035339,0.21634143590927124,-0.5716912746429443
29,source,42,-0.08913429081439972,0.1907692849636078,-0.6761942505836487
29,source,43,-0.08603546023368835,0.22395816445350647,-0.6656196713447571
29,source,44,-0.13178527355194092,0.18142256140708923,-0.7009900808334351
29,source,45,-0.09204213321208954,0.18797016143798828,-0.6863561272621155
29,source,46,-0.1524699628353119,0.3832108974456787,-0.8247088193893433
29,source,47,0.013468548655509949,0.41256722807884216,-0.7071855664253235
29,source,48,0.03891552612185478,0.4103010892868042,-0.6774020791053772
29,source,49,-0.1558685302734375,0.39366573095321655,-0.8176207542419434
29,source,50,-0.1339656412601471,0.3009607791900635,-0.733795166015625
29,source,51,0.06003910303115845,0.2603329122066498,-0.7229084372520447
29,source,52,0.03130684420466423,0.30628350377082825,-0.7353290319442749
29,source,53,0.05052665248513222,0.274090051651001,-0.7458094358444214
29,source,54,0.08487073332071304,0.2669619917869568,-0.6848850250244141
29,source,55,0.07951223105192184,0.2680128812789917,-0.6420114040374756
29,source,56,0.07958080619573593,0.3293464183807373,-0.6870461702346802
29,source,57,0.05820117145776749,0.32030436396598816,-0.7086529731750488
29,source,58,0.09808892756700516,0.2787500321865082,-0.6520558595657349
29,source,59,0.08044228702783585,0.3342413306236267,-0.7154900431632996
29,source,60,0.0415126234292984,0.3470754623413086,-0.7449901103973389
29,source,61,2.9534101486206055e-05,0.34964531660079956,-0.7344596982002258
29,source,62,-0.07266125082969666,0.3353300094604492,-0.7962251305580139
29,source,63,-0.01444593071937561,0.3474506139755249,-0.7523491978645325
29,target,0,-0.11153414845466614,0.2147991806268692,-0.7809585332870483
29,target,1,-0.14411617815494537,0.2227790355682373,-0.7269354462623596
29,target,2,-0.15539464354515076,0.2241867184638977,-0.7897718548774719
29,target,3,-0.14838482439517975,0.2036917507648468,-0.7845286130905151
29,target,4,-0.11604410409927368,0.20309507846832275,-0.7291287183761597
29,target,5,-0.13138552010059357,0.18473288416862488,-0.7794718742370605
29,target,6,-0.15462049841880798,0.20946168899536133,-0.7708287239074707
29,target,7,-0.1656898707151413,0.23971408605575562,-0.7783778309822083
29,target,8,-0.14508740603923798,0.21866652369499207,-0.7571137547492981
29,target,9,-0.12548306584358215,0.2046166956424713,-0.768598735332489
29,target,10,-0.14972306787967682,0.20842647552490234,-0.7668936848640442
29,target,11,-0.1754966825246811,0.22208034992218018,-0.7877833247184753
29,target,12,-0.16363534331321716,0.20920780301094055,-0.7536519765853882
29,target,13,-0.14344830811023712,0.16617906093597412,-0.7552902698516846
29,target,14,-0.13684728741645813,0.23618510365486145,-0.7701700329780579
29,target,15,-0.1652369350194931,0.220404714345932,-0.7444217801094055
29,target,16,-0.1666804999113083,0.24551457166671753,-0.770156979560852
29,target,17,-0.1819494515657425,0.2615090608596802,-0.7635038495063782
29,target,18,-0.16842998564243317,0.2466314733028412,-0.7801052331924438
29,target,19,-0.17204441130161285,0.23996227979660034,-0.7520647048950195
29,target,20,-0.18489845097064972,0.23950426280498505,-0.7726180553436279
29,target,21,-0.15940013527870178,0.2314891517162323,-0.7497203350067139
29,target,22,-0.15285620093345642,0.2575250267982483,-0.774416983127594
29,target,23,-0.1572152078151703,0.23730212450027466,-0.7529823780059814
29,target,24,-0.14747527241706848,0.24026626348495483,-0.7773599624633789
29,target,25,-0.16051951050758362,0.2465420514345169,-0.7513627409934998
29,target,26,-0.16013820469379425,0.226120263338089,-0.7565556764602661
29,target,27,-0.1527697592973709,0.2364751398563385,-0.7339534163475037
29,target,28,-0.10594874620437622,0.17739835381507874,-0.735927939414978
29,target,29,-0.15877163410186768,0.20694327354431152,-0.769896388053894
29,target,30,-0.152102991938591,0.2116936445236206,-0.7751676440238953
29,target,31,-0.12774968147277832,0.20387108623981476,-0.7815383076667786
29,target,32,-0.11150968074798584,0.17797496914863586,-0.7744268178939819
29,target,33,-0.16436928510665894,0.21280404925346375,-0.7627412676811218
29,target,34,-0.1084228903055191,0.20403486490249634,-0.7790772318840027
29,target,35,-0.11965866386890411,0.2176402509212494,-0.7532872557640076
29,target,36,-0.1445050686597824,0.21103239059448242,-0.7199512124061584
29,target,37,-0.13821092247962952,0.22073274850845337,-0.7259926795959473
29,target,38,-0.15884724259376526,0.25314420461654663,-0.7709353566169739
29,target,39,-0.14430545270442963,0.23605133593082428,-0.7567469477653503
29,target,40,-0.17868594825267792,0.23455461859703064,-0.765209436416626
29,target,41,-0.18460242450237274,0.2279524803161621,-0.7545536160469055
29,target,42,-0.16223856806755066,0.21983903646469116,-0.7618935108184814
29,target,43,-0.18546603620052338,0.21088092029094696,-0.7748333215713501
29,target,44,-0.17618857324123383,0.24406173825263977,-0.7726892232894897
29,target,45,-0.19076500833034515,0.2476673126220703,-0.7755368947982788
29,target,46,-0.15682730078697205,0.24127407371997833,-0.7606914043426514
29,target,47,-0.15583325922489166,0.2049625962972641,-0.7654985189437866
29,target,48,-0.15500736236572266,0.21098637580871582,-0.7941796183586121
29,target,49,-0.14027735590934753,0.22011607885360718,-0.7427768111228943
29,target,50,-0.06949016451835632,0.18178729712963104,-0.8258957862854004
29,target,51,-0.07817287743091583,0.1673053801059723,-0.752399206161499
29,target,52,-0.11713472008705139,0.17755864560604095,-0.7933613657951355
29,target,53,-0.1363195776939392,0.1809256374835968,-0.783425509929657
29,target,54,-0.10371334850788116,0.16392627358436584,-0.7295567989349365
29,target,55,-0.13736605644226074,0.18731500208377838,-0.7663141489028931
29,target,56,-0.08889906108379364,0.17850790917873383,-0.7563394904136658
29,target,57,-0.1163712590932846,0.18910712003707886,-0.7660973072052002
29,target,58,-0.09753763675689697,0.1773565262556076,-0.7523950338363647
29,target,59,-0.09618538618087769,0.1583605855703354,-0.76694655418396
29,target,60,-0.1373998522758484,0.18788716197013855,-0.7772330641746521
29,target,61,-0.1270151138305664,0.17033171653747559,-0.773810625076294
29,target,62,-0.12505148351192474,0.1541888266801834,-0.751075029373169
29,target,63,-0.1401602327823639,0.18316948413848877,-0.7575647830963135
30,source,0,-0.07220761477947235,0.3374730348587036,-0.7677690982818604
30,source,1,0.01608576625585556,0.25274956226348877,-0.8879620432853699
30,source,2,-0.08188463747501373,0.22177109122276306,-0.878967821598053
30,source,3,-0.025941044092178345,0.2999122440814972,-0.8854445219039917
30,source,4,-0.0413774698972702,0.211701899766922,-0.7937741279602051
30,source,5,0.03420296683907509,-0.08268040418624878,-0.4740321934223175
30,source,6,-0.011242479085922241,0.0027349889278411865,-0.7315458655357361
30,source,7,-0.011771850287914276,0.09266975522041321,-0.5739853382110596
30,source,8,-0.06667117774486542,0.0755486935377121,-0.63992840051651
30,source,9,-0.026154659688472748,0.2526160776615143,-0.6137266159057617
30,source,10,-0.015668325126171112,0.23969435691833496,-0.5665724873542786
30,source,11,0.045443445444107056,0.15126162767410278,-0.6299804449081421
30,source,12,-0.0006946474313735962,0.24990305304527283,-0.5871825814247131
30,source,13,-0.058301061391830444,0.2924148440361023,-0.714577317237854
30,source,14,0.006528794765472412,0.2222386598587036,-0.746086835861206
30,source,15,-0.06341274082660675,0.25995755195617676,-0.8088716268539429
30,source,16,-0.09804357588291168,0.2613587975502014,-0.8304982781410217
30,source,17,-0.00020670145750045776,0.09687744081020355,-0.6598475575447083
30,source,18,0.06699128448963165,0.01417754590511322,-0.6868705153465271
30,source,19,0.01663827896118164,0.11005343496799469,-0.7498663067817688
30,source,20,0.09571147710084915,0.01836135983467102,-0.7249072790145874
30,source,21,0.006471820175647736,-0.02630363404750824,-0.7588642239570618
30,source,22,0.07656160742044449,0.10724259912967682,-0.6285545229911804
30,source,23,0.0024864375591278076,0.21862761676311493,-0.6557713150978088
30,source,24,-6.195157766342163e-05,0.09879812598228455,-0.7414900064468384
30,source,25,-0.0016879662871360779,0.21009770035743713,-0.859352171421051
30,source,26,0.03504923731088638,0.2581970691680908,-0.8353309631347656
30,source,27,0.04337235912680626,0.2381487488746643,-0.883472740650177
30,source,28,-0.07271583378314972,0.22761103510856628,-0.9334127902984619
30,source,29,-0.005933508276939392,0.26319819688796997,-0.7392138242721558
30,source,30,-0.11381424963474274,0.21847796440124512,-0.8676623106002808
30,source,31,0.06349033117294312,0.08388249576091766,-0.6918949484825134
30,source,32,0.03801864758133888,0.13593460619449615,-0.7490228414535522
30,source,33,-0.12505297362804413,0.2394682765007019,-0.8528562784194946
30,source,34,-0.09758153557777405,0.2773747444152832,-0.794066846370697
30,source,35,-0.08731041848659515,0.18573200702667236,-0.8147948384284973
30,source,36,-0.08733326196670532,0.15135787427425385,-0.7483654618263245
30,source,37,-0.1185302734375,0.2168845236301422,-0.804390013217926
30,source,38,-0.03769851475954056,0.22109124064445496,-0.7973511815071106
30,source,39,-0.073760986328125,0.21925458312034607,-0.8003499507904053
30,source,40,-0.015065185725688934,0.22259962558746338,-0.6851478815078735
30,source,41,-0.021840520203113556,0.19966478645801544,-0.6380881667137146
30,source,42,-0.11443229019641876,0.22174948453903198,-0.7340809106826782
30,source,43,-0.13114222884178162,0.27294793725013733,-0.7125767469406128
30,source,44,-0.1911807507276535,0.24017572402954102,-0.744533896446228
30,source,45,-0.1469266563653946,0.2167966663837433,-0.738818347454071
30,source,46,-0.19091229140758514,0.4057796001434326,-0.8497012853622437
30,source,47,-0.05671277642250061,0.43500733375549316,-0.7697737216949463
30,source,48,-0.02670636773109436,0.4448228180408478,-0.734977662563324
30,source,49,-0.19118182361125946,0.4338785409927368,-0.8589704036712646
30,source,50,-0.16112278401851654,0.3033134937286377,-0.797175943851471
30,source,51,0.005994617938995361,0.30677610635757446,-0.7721326947212219
30,source,52,-0.013593241572380066,0.3408828377723694,-0.7745568156242371
30,source,53,0.008547462522983551,0.3152804374694824,-0.7874850034713745
30,source,54,0.04239090904593468,0.28840383887290955,-0.7517560720443726
30,source,55,0.055058058351278305,0.30212199687957764,-0.6836229562759399
30,source,56,0.04788986220955849,0.3599786162376404,-0.7374098300933838
30,source,57,0.03223561495542526,0.3536275029182434,-0.747393012046814
30,source,58,0.06478755176067352,0.28961920738220215,-0.7288932204246521
30,source,59,0.03253438323736191,0.35894277691841125,-0.7542738914489746
30,source,60,-0.012488320469856262,0.36718887090682983,-0.7983887195587158
30,source,61,-0.055583491921424866,0.3805403709411621,-0.7939727306365967
30,source,62,-0.10283359885215759,0.34077727794647217,-0.8498302102088928
30,source,63,-0.05529436469078064,0.3699420094490051,-0.7948018312454224
30,target,0,-0.11823000013828278,0.2388116717338562,-0.8435330390930176
30,target,1,-0.1269194781780243,0.23118171095848083,-0.8006626963615417
30,target,2,-0.15868434309959412,0.23183226585388184,-0.8404214382171631
30,target,3,-0.18626584112644196,0.24248795211315155,-0.828022837638855
30,target,4,-0.11679932475090027,0.22534430027008057,-0.7937152981758118
30,target,5,-0.15941891074180603,0.23037254810333252,-0.8393391966819763
30,target,6,-0.17002172768115997,0.25451576709747314,-0.8416072130203247
30,target,7,-0.16436868906021118,0.26793569326400757,-0.8331184983253479
30,target,8,-0.16628997027873993,0.2524755597114563,-0.815619945526123
30,target,9,-0.1441500186920166,0.24125099182128906,-0.8234317302703857
30,target,10,-0.15738694369792938,0.23266127705574036,-0.8205664753913879
30,target,11,-0.17998217046260834,0.2451404631137848,-0.8212814331054688
30,target,12,-0.16492776572704315,0.2310483455657959,-0.8112277984619141
30,target,13,-0.15520310401916504,0.18594785034656525,-0.830524742603302
30,target,14,-0.132562056183815,0.22095774114131927,-0.8252152800559998
30,target,15,-0.15787850320339203,0.23206952214241028,-0.7822072505950928
30,target,16,-0.17148299515247345,0.2610595226287842,-0.8152996897697449
30,target,17,-0.17344452440738678,0.27046462893486023,-0.8055602312088013
30,target,18,-0.17552925646305084,0.2706429362297058,-0.8200826644897461
30,target,19,-0.16671504080295563,0.25313255190849304,-0.7953407168388367
30,target,20,-0.19870920479297638,0.24566969275474548,-0.817004919052124
30,target,21,-0.13915152847766876,0.23906104266643524,-0.7962486743927002
30,target,22,-0.14857743680477142,0.25155940651893616,-0.8335939645767212
30,target,23,-0.14767348766326904,0.2296648919582367,-0.812255859375
30,target,24,-0.14590774476528168,0.24604879319667816,-0.8235629200935364
30,target,25,-0.15604045987129211,0.2527328133583069,-0.8004978895187378
30,target,26,-0.17733736336231232,0.24182011187076569,-0.8137999773025513
30,target,27,-0.14052128791809082,0.24356138706207275,-0.78737473487854
30,target,28,-0.11203774809837341,0.19422857463359833,-0.7913280129432678
30,target,29,-0.16288886964321136,0.22047081589698792,-0.8177739977836609
30,target,30,-0.1703442484140396,0.23550483584403992,-0.8344666957855225
30,target,31,-0.13982920348644257,0.2340722680091858,-0.8283650279045105
30,target,32,-0.12979969382286072,0.21709898114204407,-0.8395667672157288
30,target,33,-0.16255328059196472,0.22911612689495087,-0.8236786127090454
30,target,34,-0.1282012015581131,0.22297154366970062,-0.8324770331382751
30,target,35,-0.11738985776901245,0.22129611670970917,-0.7955411672592163
30,target,36,-0.13144615292549133,0.21009232103824615,-0.7593764066696167
30,target,37,-0.16703368723392487,0.23084644973278046,-0.7717690467834473
30,target,38,-0.14793610572814941,0.2545911371707916,-0.8225822448730469
30,target,39,-0.14559946954250336,0.23877078294754028,-0.8036153316497803
30,target,40,-0.14668898284435272,0.23948043584823608,-0.8247129321098328
30,target,41,-0.16929231584072113,0.24041622877120972,-0.818993866443634
30,target,42,-0.14929625391960144,0.22684627771377563,-0.8233557343482971
30,target,43,-0.17260824143886566,0.22895343601703644,-0.8196858167648315
30,target,44,-0.18268640339374542,0.23813600838184357,-0.8090649843215942
30,target,45,-0.19558535516262054,0.2665087580680847,-0.8118324279785156
30,target,46,-0.14137263596057892,0.24139809608459473,-0.8141599893569946
30,target,47,-0.15779247879981995,0.21856436133384705,-0.8257086277008057
30,target,48,-0.1780746430158615,0.23660463094711304,-0.8358073830604553
30,target,49,-0.12144297361373901,0.22643059492111206,-0.790402889251709
30,target,50,-0.10342642664909363,0.2201681286096573,-0.8536337018013
30,target,51,-0.0988381952047348,0.18303178250789642,-0.791023850440979
30,target,52,-0.14641743898391724,0.18874076008796692,-0.8256413340568542
30,target,53,-0.14588145911693573,0.18442793190479279,-0.8119157552719116
30,target,54,-0.12703651189804077,0.19756188988685608,-0.778969407081604
30,target,55,-0.15965798497200012,0.2190898060798645,-0.8274616599082947
30,target,56,-0.11267849802970886,0.2144947499036789,-0.8137516975402832
30,target,57,-0.14626462757587433,0.22479760646820068,-0.8108909726142883
30,target,58,-0.11565960943698883,0.20262929797172546,-0.8005890846252441
30,target,59,-0.12012825906276703,0.18621467053890228,-0.8229026198387146
30,target,60,-0.1565500944852829,0.208686962723732,-0.813398003578186
30,target,61,-0.1368607133626938,0.17688564956188202,-0.7926172018051147
30,target,62,-0.12709365785121918,0.15902778506278992,-0.8077144622802734
30,target,63,-0.14558084309101105,0.1684054732322693,-0.7938482761383057
31,source,0,-0.09073632955551147,0.32427430152893066,-0.7308629155158997
31,source,1,-0.019211873412132263,0.23936522006988525,-0.8510549664497375
31,source,2,-0.11882674694061279,0.20784427225589752,-0.8396754264831543
31,source,3,-0.062268197536468506,0.2823444604873657,-0.8370269536972046
31,source,4,-0.08220328390598297,0.19355067610740662,-0.767872154712677
31,source,5,0.030541732907295227,-0.11320799589157104,-0.47460371255874634
31,source,6,-0.054256632924079895,0.02418377995491028,-0.7189455032348633
31,source,7,-0.026613585650920868,0.07142415642738342,-0.5313796401023865
31,source,8,-0.07055507600307465,0.07110901176929474,-0.638054609298706
31,source,9,-0.038236215710639954,0.22967752814292908,-0.6224560737609863
31,source,10,-0.0194501131772995,0.20644263923168182,-0.5421952605247498
31,source,11,0.03949907049536705,0.1029675155878067,-0.5977948307991028
31,source,12,-0.0068420544266700745,0.21935801208019257,-0.5688837766647339
31,source,13,-0.07337592542171478,0.25785648822784424,-0.6940558552742004
31,source,14,-0.028749480843544006,0.20016546547412872,-0.7453449368476868
31,source,15,-0.10389856994152069,0.2370305210351944,-0.7909883856773376
31,source,16,-0.13565778732299805,0.2292364239692688,-0.8058270215988159
31,source,17,-0.03016771376132965,0.09421376883983612,-0.6275027990341187
31,source,18,0.03458089381456375,0.013530448079109192,-0.6811618208885193
31,source,19,-0.011541113257408142,0.10075889527797699,-0.7044854760169983
31,source,20,0.06051456928253174,0.023678094148635864,-0.694716215133667
31,source,21,-0.034443199634552,0.006783634424209595,-0.7167788147926331
31,source,22,0.05953794717788696,0.09350419044494629,-0.625819206237793
31,source,23,-0.018574409186840057,0.19241532683372498,-0.6447384357452393
31,source,24,-0.03197525441646576,0.10433140397071838,-0.7129583358764648
31,source,25,-0.045982420444488525,0.213176429271698,-0.8378235101699829
31,source,26,-0.0097760409116745,0.252429723739624,-0.8134562969207764
31,source,27,0.006409086287021637,0.22819311916828156,-0.8577474355697632
31,source,28,-0.11594206094741821,0.22138306498527527,-0.9018116593360901
31,source,29,-0.04883125424385071,0.24177268147468567,-0.7118728160858154
31,source,30,-0.18647359311580658,0.23334947228431702,-0.8039482831954956
31,source,31,0.029732614755630493,0.06526271998882294,-0.6756929755210876
31,source,32,0.009549945592880249,0.10614576190710068,-0.7307660579681396
31,source,33,-0.18118582665920258,0.2411874234676361,-0.808429479598999
31,source,34,-0.14224962890148163,0.26872923970222473,-0.7665443420410156
31,source,35,-0.1249847263097763,0.20223665237426758,-0.8064191341400146
31,source,36,-0.12800844013690948,0.1654202938079834,-0.7115780711174011
31,source,37,-0.19231756031513214,0.23106688261032104,-0.7822290062904358
31,source,38,-0.08916927874088287,0.22839975357055664,-0.7621194124221802
31,source,39,-0.12744227051734924,0.21672463417053223,-0.7758154273033142
31,source,40,-0.021416127681732178,0.2103157341480255,-0.6758004426956177
31,source,41,-0.03290335834026337,0.19822515547275543,-0.6027214527130127
31,source,42,-0.1601245254278183,0.1886947900056839,-0.6917782425880432
31,source,43,-0.15429140627384186,0.2347978949546814,-0.6616121530532837
31,source,44,-0.1914277821779251,0.20312640070915222,-0.6940979957580566
31,source,45,-0.15798094868659973,0.18778198957443237,-0.6816401481628418
31,source,46,-0.20384173095226288,0.3931390047073364,-0.8487191796302795
31,source,47,-0.06353460252285004,0.41721001267433167,-0.7424117922782898
31,source,48,-0.05555470287799835,0.426525741815567,-0.7114878296852112
31,source,49,-0.22036577761173248,0.41564953327178955,-0.8510937690734863
31,source,50,-0.16668014228343964,0.31100037693977356,-0.7517461776733398
31,source,51,-0.008194029331207275,0.27352410554885864,-0.7503676414489746
31,source,52,-0.043025776743888855,0.3234347701072693,-0.7552242875099182
31,source,53,-0.015162639319896698,0.29777050018310547,-0.779553234577179
31,source,54,0.013472460210323334,0.27128028869628906,-0.7185581922531128
31,source,55,0.013466820120811462,0.27045756578445435,-0.6787718534469604
31,source,56,-0.006097882986068726,0.3495463728904724,-0.7212734818458557
31,source,57,-0.008635401725769043,0.3472975790500641,-0.7388978600502014
31,source,58,0.04959221929311752,0.2917782664299011,-0.6952329277992249
31,source,59,0.0022874996066093445,0.35058191418647766,-0.7524627447128296
31,source,60,-0.015416964888572693,0.35452091693878174,-0.7700002193450928
31,source,61,-0.07001295685768127,0.3661534786224365,-0.7602205276489258
31,source,62,-0.11935789883136749,0.3306506872177124,-0.8044037818908691
31,source,63,-0.07852032780647278,0.3544957637786865,-0.7730113863945007
31,target,0,-0.1398373395204544,0.21293534338474274,-0.7912628054618835
31,target,1,-0.16558213531970978,0.20809577405452728,-0.7430953979492188
31,target,2,-0.16292604804039001,0.20144574344158173,-0.7924627065658569
31,target,3,-0.18822060525417328,0.20397162437438965,-0.765259325504303
31,target,4,-0.14159715175628662,0.1955353021621704,-0.7389715313911438
31,target,5,-0.15648901462554932,0.2068524956703186,-0.7837295532226562
31,target,6,-0.1694713979959488,0.21672222018241882,-0.7833830118179321
31,target,7,-0.1700465828180313,0.23522204160690308,-0.7749029397964478
31,target,8,-0.17533786594867706,0.22593799233436584,-0.765711784362793
31,target,9,-0.1493365317583084,0.21435560286045074,-0.7782678604125977
31,target,10,-0.16531364619731903,0.19593390822410583,-0.7503851056098938
31,target,11,-0.18520225584506989,0.2141309678554535,-0.7704201936721802
31,target,12,-0.19170083105564117,0.1970454901456833,-0.7513627409934998
31,target,13,-0.17633332312107086,0.1657523214817047,-0.7480146884918213
31,target,14,-0.1467140167951584,0.19311563670635223,-0.7813123464584351
31,target,15,-0.1936628371477127,0.2207190990447998,-0.745215892791748
31,target,16,-0.18857236206531525,0.2279801070690155,-0.772541880607605
31,target,17,-0.19068001210689545,0.2230200469493866,-0.7585937976837158
31,target,18,-0.19736643135547638,0.22723272442817688,-0.768462061882019
31,target,19,-0.20459915697574615,0.22009479999542236,-0.7505661845207214
31,target,20,-0.2024804800748825,0.22845003008842468,-0.7631145715713501
31,target,21,-0.15192611515522003,0.2136542946100235,-0.754677951335907
31,target,22,-0.1446385234594345,0.24082563817501068,-0.7879784107208252
31,target,23,-0.1654130220413208,0.22474677860736847,-0.7562037706375122
31,target,24,-0.1649865061044693,0.2327008843421936,-0.7664988040924072
31,target,25,-0.17991255223751068,0.2320864498615265,-0.7536864876747131
31,target,26,-0.17610569298267365,0.20920294523239136,-0.7584497332572937
31,target,27,-0.18780602514743805,0.20499856770038605,-0.73077392578125
31,target,28,-0.14886155724525452,0.17400042712688446,-0.7414330840110779
31,target,29,-0.20415394008159637,0.1854696273803711,-0.7439766526222229
31,target,30,-0.1674104779958725,0.20874570310115814,-0.7799052596092224
31,target,31,-0.15999405086040497,0.20489978790283203,-0.7624011635780334
31,target,32,-0.14210166037082672,0.18248702585697174,-0.7825215458869934
31,target,33,-0.17112846672534943,0.2042582482099533,-0.7678973078727722
31,target,34,-0.13617093861103058,0.2048971951007843,-0.7914842367172241
31,target,35,-0.1312146782875061,0.20544372498989105,-0.7588905692100525
31,target,36,-0.15847109258174896,0.18397483229637146,-0.7267692685127258
31,target,37,-0.17583219707012177,0.21234014630317688,-0.7373055219650269
31,target,38,-0.17880330979824066,0.23840948939323425,-0.7818832993507385
31,target,39,-0.14909425377845764,0.22081118822097778,-0.7604959011077881
31,target,40,-0.19116412103176117,0.20928239822387695,-0.7723038196563721
31,target,41,-0.18438591063022614,0.20921845734119415,-0.7808457016944885
31,target,42,-0.16756902635097504,0.20889386534690857,-0.7829692959785461
31,target,43,-0.19610713422298431,0.19730868935585022,-0.7745299935340881
31,target,44,-0.19439221918582916,0.22655507922172546,-0.7538437247276306
31,target,45,-0.2041795402765274,0.23056073486804962,-0.7574741244316101
31,target,46,-0.18025444447994232,0.2063429206609726,-0.7594031691551208
31,target,47,-0.18128333985805511,0.20367439091205597,-0.7769545912742615
31,target,48,-0.1847383826971054,0.21025997400283813,-0.7734419107437134
31,target,49,-0.1625382900238037,0.2086961567401886,-0.7369263172149658
31,target,50,-0.12433008849620819,0.21573711931705475,-0.8507626056671143
31,target,51,-0.12183567881584167,0.19024425745010376,-0.796282172203064
31,target,52,-0.15962252020835876,0.18918390572071075,-0.8303329348564148
31,target,53,-0.1867877095937729,0.20719417929649353,-0.7954898476600647
31,target,54,-0.13375864923000336,0.18507802486419678,-0.7773088812828064
31,target,55,-0.18076317012310028,0.21000339090824127,-0.7957028746604919
31,target,56,-0.12027306854724884,0.21150483191013336,-0.8034136891365051
31,target,57,-0.14992673695087433,0.2166500985622406,-0.804190993309021
31,target,58,-0.1180020123720169,0.20051512122154236,-0.7810941338539124
31,target,59,-0.12090803682804108,0.18301771581172943,-0.8064620494842529
31,target,60,-0.18658457696437836,0.20433376729488373,-0.7815166711807251
31,target,61,-0.15370875597000122,0.1892402470111847,-0.7955012321472168
31,target,62,-0.16146673262119293,0.19563443958759308,-0.7934083938598633
31,target,63,-0.1725679486989975,0.1973033845424652,-0.7931358814239502
32,source,0,-0.03578193485736847,0.30482518672943115,-0.7238708734512329
32,source,1,0.0005186647176742554,0.19882437586784363,-0.843299925327301
32,source,2,-0.07655321061611176,0.17653122544288635,-0.8314743041992188
32,source,3,-0.013132043182849884,0.23996314406394958,-0.8301312923431396
32,source,4,-0.023577310144901276,0.14644896984100342,-0.7226094007492065
32,source,5,0.03754730522632599,-0.11302369832992554,-0.42882639169692993
32,source,6,-0.014794215559959412,-0.027646377682685852,-0.682029664516449
32,source,7,-0.020526953041553497,0.04492437094449997,-0.5513927340507507
32,source,8,-0.06063932180404663,0.038614869117736816,-0.6062805652618408
32,source,9,0.010115496814250946,0.18071046471595764,-0.5592806935310364
32,source,10,0.018008455634117126,0.16060824692249298,-0.5154647827148438
32,source,11,0.09430410712957382,0.08205436915159225,-0.5812481045722961
32,source,12,0.017437197268009186,0.18578411638736725,-0.5251663327217102
32,source,13,-0.035924144089221954,0.22814473509788513,-0.6724516749382019
32,source,14,0.013701915740966797,0.1596294790506363,-0.7038297653198242
32,source,15,-0.05330994725227356,0.20428048074245453,-0.7600048184394836
32,source,16,-0.0693797618150711,0.19992366433143616,-0.7720370292663574
32,source,17,-0.007387541234493256,0.05597544461488724,-0.6117923259735107
32,source,18,0.03706357628107071,-0.00850231945514679,-0.6164611577987671
32,source,19,0.029865000396966934,0.060020096600055695,-0.693555474281311
32,source,20,0.07994900643825531,-0.0013613253831863403,-0.6629260182380676
32,source,21,-0.04708243906497955,-0.03292582929134369,-0.6833652853965759
32,source,22,0.07837068289518356,0.075228750705719,-0.5666605234146118
32,source,23,0.051928214728832245,0.15555399656295776,-0.6395799517631531
32,source,24,-0.0209369957447052,0.07227160781621933,-0.6925775408744812
32,source,25,-0.015443854033946991,0.16771221160888672,-0.8142279386520386
32,source,26,0.033405184745788574,0.20298853516578674,-0.7907313108444214
32,source,27,0.04799947515130043,0.18491579592227936,-0.8171045780181885
32,source,28,-0.08885703980922699,0.17496958374977112,-0.8681359887123108
32,source,29,0.002918750047683716,0.19789335131645203,-0.6726825833320618
32,source,30,-0.14473854005336761,0.18765845894813538,-0.7853448390960693
32,source,31,0.08021289110183716,0.00504341721534729,-0.6253359913825989
32,source,32,0.05223988741636276,0.05635972321033478,-0.6846812963485718
32,source,33,-0.10711643099784851,0.1932506263256073,-0.809980571269989
32,source,34,-0.0854761004447937,0.22381019592285156,-0.7712861895561218
32,source,35,-0.10425546765327454,0.1683988869190216,-0.776975154876709
32,source,36,-0.07646265625953674,0.13216058909893036,-0.7286697030067444
32,source,37,-0.12626419961452484,0.20183056592941284,-0.7685774564743042
32,source,38,-0.04024285078048706,0.1770348846912384,-0.7674270868301392
32,source,39,-0.06900417804718018,0.18046659231185913,-0.7756546139717102
32,source,40,-0.004960551857948303,0.19735535979270935,-0.6420885920524597
32,source,41,-0.012437388300895691,0.1816949099302292,-0.6050252914428711
32,source,42,-0.10624387860298157,0.1695115566253662,-0.6730296015739441
32,source,43,-0.11315353214740753,0.20617994666099548,-0.649154007434845
32,source,44,-0.14758330583572388,0.18087388575077057,-0.6703243255615234
32,source,45,-0.11947987973690033,0.1511705219745636,-0.6650995016098022
32,source,46,-0.21326832473278046,0.38124313950538635,-0.8132647275924683
32,source,47,-0.030847489833831787,0.3817344903945923,-0.7205445766448975
32,source,48,-0.007495179772377014,0.3907487392425537,-0.6974049806594849
32,source,49,-0.21927042305469513,0.40296515822410583,-0.8221684098243713
32,source,50,-0.20338551700115204,0.3021591007709503,-0.7360451817512512
32,source,51,0.021227344870567322,0.21222266554832458,-0.728300154209137
32,source,52,-0.014831729233264923,0.27762556076049805,-0.7435431480407715
32,source,53,0.011394336819648743,0.23578833043575287,-0.7484765648841858
32,source,54,0.06253625452518463,0.21912658214569092,-0.7085320949554443
32,source,55,0.052266769111156464,0.22411233186721802,-0.6536299586296082
32,source,56,0.03030259907245636,0.29782429337501526,-0.6755769848823547
32,source,57,0.01753152161836624,0.2985198497772217,-0.7118247151374817
32,source,58,0.07748758047819138,0.25137218832969666,-0.6421540379524231
32,source,59,0.03778443858027458,0.29647696018218994,-0.7130480408668518
32,source,60,0.006225772202014923,0.3071369528770447,-0.7550548911094666
32,source,61,-0.021031484007835388,0.32679498195648193,-0.7472449541091919
32,source,62,-0.0904395580291748,0.28697478771209717,-0.7964515686035156
32,source,63,-0.04687216877937317,0.30942848324775696,-0.7551019787788391
32,target,0,-0.12324266135692596,0.19181981682777405,-0.794291615486145
32,target,1,-0.1352476328611374,0.17918379604816437,-0.7597583532333374
32,target,2,-0.15500178933143616,0.18642565608024597,-0.8035904169082642
32,target,3,-0.17471762001514435,0.18356025218963623,-0.792932391166687
32,target,4,-0.11246296763420105,0.16887082159519196,-0.7818318605422974
32,target,5,-0.14567595720291138,0.18622802197933197,-0.7981225252151489
32,target,6,-0.1463564783334732,0.20128245651721954,-0.7984887957572937
32,target,7,-0.15915146470069885,0.22102895379066467,-0.7958096265792847
32,target,8,-0.15022067725658417,0.19420753419399261,-0.7882586121559143
32,target,9,-0.12891733646392822,0.19245699048042297,-0.7969241142272949
32,target,10,-0.128598153591156,0.16276974976062775,-0.7842390537261963
32,target,11,-0.17060376703739166,0.18996958434581757,-0.7919131517410278
32,target,12,-0.1748339980840683,0.17768141627311707,-0.7662780284881592
32,target,13,-0.1437353491783142,0.13116289675235748,-0.7601245045661926
32,target,14,-0.11797584593296051,0.1796116679906845,-0.7851591110229492
32,target,15,-0.16949187219142914,0.19008225202560425,-0.7628167271614075
32,target,16,-0.17862679064273834,0.20810939371585846,-0.7772316932678223
32,target,17,-0.1670447438955307,0.2083715945482254,-0.7763025760650635
32,target,18,-0.1815725415945053,0.21182379126548767,-0.7741142511367798
32,target,19,-0.17186473309993744,0.19403894245624542,-0.7713102698326111
32,target,20,-0.19607914984226227,0.2074771672487259,-0.773886501789093
32,target,21,-0.13624517619609833,0.18419349193572998,-0.7599025964736938
32,target,22,-0.15082409977912903,0.22508801519870758,-0.7935361862182617
32,target,23,-0.15343739092350006,0.19903121888637543,-0.7826851010322571
32,target,24,-0.14258603751659393,0.20115768909454346,-0.7924795150756836
32,target,25,-0.1596386879682541,0.20913967490196228,-0.7804216146469116
32,target,26,-0.14919014275074005,0.17911425232887268,-0.7713427543640137
32,target,27,-0.142913818359375,0.18410995602607727,-0.7390364408493042
32,target,28,-0.10203425586223602,0.13119204342365265,-0.7621055841445923
32,target,29,-0.1622423380613327,0.15867581963539124,-0.7704118490219116
32,target,30,-0.16703464090824127,0.1923936903476715,-0.7996997833251953
32,target,31,-0.14354725182056427,0.18633438646793365,-0.7858033776283264
32,target,32,-0.1160622388124466,0.1683722734451294,-0.7992634773254395
32,target,33,-0.15763793885707855,0.19413316249847412,-0.7857661843299866
32,target,34,-0.1349480152130127,0.1898970752954483,-0.8034301400184631
32,target,35,-0.1256929337978363,0.18493464589118958,-0.7762601375579834
32,target,36,-0.12945933640003204,0.15707767009735107,-0.7253922820091248
32,target,37,-0.14910000562667847,0.1752411276102066,-0.7565611600875854
32,target,38,-0.15290042757987976,0.20574501156806946,-0.7905635237693787
32,target,39,-0.140125572681427,0.2002117782831192,-0.7770816087722778
32,target,40,-0.1515643149614334,0.20090800523757935,-0.7857511043548584
32,target,41,-0.16504447162151337,0.20292402803897858,-0.7764593958854675
32,target,42,-0.15487666428089142,0.19335192441940308,-0.7941859364509583
32,target,43,-0.1804685741662979,0.1886337846517563,-0.7838733792304993
32,target,44,-0.17978473007678986,0.2053118199110031,-0.7636234760284424
32,target,45,-0.1821475476026535,0.21619656682014465,-0.7844000458717346
32,target,46,-0.14716224372386932,0.18403127789497375,-0.7784448266029358
32,target,47,-0.164187490940094,0.17397412657737732,-0.7903212308883667
32,target,48,-0.17640699446201324,0.18334786593914032,-0.7944696545600891
32,target,49,-0.13599233329296112,0.1860441267490387,-0.7668271064758301
32,target,50,-0.1026991456747055,0.18622145056724548,-0.8236943483352661
32,target,51,-0.08846847712993622,0.15360064804553986,-0.7828516364097595
32,target,52,-0.12949655950069427,0.15919174253940582,-0.7851198315620422
32,target,53,-0.15617695450782776,0.16951052844524384,-0.7827693223953247
32,target,54,-0.09522812068462372,0.15195444226264954,-0.7635444402694702
32,target,55,-0.14835576713085175,0.17558950185775757,-0.7829863429069519
32,target,56,-0.10266396403312683,0.17577305436134338,-0.7778679132461548
32,target,57,-0.1457614004611969,0.18421031534671783,-0.7709628343582153
32,target,58,-0.1238085925579071,0.16718058288097382,-0.7723193168640137
32,target,59,-0.12583394348621368,0.1561150997877121,-0.7850221395492554
32,target,60,-0.12843376398086548,0.1668550670146942,-0.76708984375
32,target,61,-0.14331106841564178,0.1595369279384613,-0.7765970826148987
32,target,62,-0.14281713962554932,0.15728110074996948,-0.7708193063735962
32,target,63,-0.1605510115623474,0.17319825291633606,-0.7493752837181091
33,source,0,-0.10577589273452759,0.3541424870491028,-0.7423699498176575
33,source,1,-0.04321017861366272,0.2749532461166382,-0.8350716829299927
33,source,2,-0.1461614966392517,0.25101548433303833,-0.8431881070137024
33,source,3,-0.08456341922283173,0.2955876588821411,-0.8261482119560242
33,source,4,-0.09882493317127228,0.2245316058397293,-0.7693066596984863
33,source,5,-0.00649946928024292,-0.011849775910377502,-0.5214395523071289
33,source,6,-0.07509203255176544,0.08153817802667618,-0.7232556939125061
33,source,7,-0.06638272106647491,0.15906894207000732,-0.6077805161476135
33,source,8,-0.12064105272293091,0.1442108005285263,-0.6594530940055847
33,source,9,-0.05537906289100647,0.2532680034637451,-0.6396295428276062
33,source,10,-0.04563562572002411,0.2484736144542694,-0.5753365755081177
33,source,11,0.018602222204208374,0.1822952777147293,-0.620461106300354
33,source,12,-0.05102938413619995,0.28091299533843994,-0.5633753538131714
33,source,13,-0.08260200917720795,0.3025926947593689,-0.7195539474487305
33,source,14,-0.01338784396648407,0.25134700536727905,-0.7591725587844849
33,source,15,-0.1159900575876236,0.2733803689479828,-0.7949483394622803
33,source,16,-0.11891105771064758,0.27245283126831055,-0.8074660301208496
33,source,17,-0.07273556292057037,0.15636037290096283,-0.6659385561943054
33,source,18,-0.0019376501441001892,0.10160040110349655,-0.6686071157455444
33,source,19,-0.045207589864730835,0.1564495861530304,-0.7098888754844666
33,source,20,0.035499509423971176,0.11395753920078278,-0.6973923444747925
33,source,21,-0.0785817801952362,0.09861710667610168,-0.7430267333984375
33,source,22,0.030275307595729828,0.16935685276985168,-0.6220722794532776
33,source,23,-0.03041689842939377,0.2430536299943924,-0.6721591353416443
33,source,24,-0.061703622341156006,0.18238404393196106,-0.7346126437187195
33,source,25,-0.07166372239589691,0.2580466568470001,-0.8158084750175476
33,source,26,-0.042040929198265076,0.2724846303462982,-0.7935700416564941
33,source,27,-0.025499261915683746,0.2553516924381256,-0.848661482334137
33,source,28,-0.1465112268924713,0.26344114542007446,-0.8756352663040161
33,source,29,-0.02456972748041153,0.2619074881076813,-0.6999850869178772
33,source,30,-0.1813095659017563,0.26062721014022827,-0.7977742552757263
33,source,31,0.0155411958694458,0.10048753023147583,-0.6690660715103149
33,source,32,-0.011820554733276367,0.14393021166324615,-0.7193496823310852
33,source,33,-0.18406756222248077,0.25501468777656555,-0.820651650428772
33,source,34,-0.16843248903751373,0.2720640003681183,-0.7722848653793335
33,source,35,-0.13850173354148865,0.2131434679031372,-0.8081871867179871
33,source,36,-0.13852383196353912,0.21053621172904968,-0.76360023021698
33,source,37,-0.19456814229488373,0.24810467660427094,-0.7849916815757751
33,source,38,-0.1217208057641983,0.2415207028388977,-0.7857414484024048
33,source,39,-0.15996277332305908,0.23945841193199158,-0.7947965860366821
33,source,40,-0.05672864615917206,0.267870157957077,-0.6562898755073547
33,source,41,-0.06684775650501251,0.26287952065467834,-0.6021262407302856
33,source,42,-0.19021575152873993,0.24222314357757568,-0.7096776962280273
33,source,43,-0.19077591598033905,0.2940865159034729,-0.6608821153640747
33,source,44,-0.21501542627811432,0.2460809350013733,-0.707748532295227
33,source,45,-0.1831972450017929,0.2564839720726013,-0.6923083066940308
33,source,46,-0.20888377726078033,0.4202270805835724,-0.8216466307640076
33,source,47,-0.07428228855133057,0.4160468578338623,-0.7316786050796509
33,source,48,-0.03861072659492493,0.4329749643802643,-0.7079868316650391
33,source,49,-0.23250268399715424,0.4519968032836914,-0.8182482123374939
33,source,50,-0.20718203485012054,0.34857800602912903,-0.745843768119812
33,source,51,-0.0389675498008728,0.28863537311553955,-0.7376980781555176
33,source,52,-0.04994620382785797,0.3340640962123871,-0.7333480715751648
33,source,53,-0.01472599059343338,0.3271207809448242,-0.7514628767967224
33,source,54,0.007387265563011169,0.2872927784919739,-0.7208651304244995
33,source,55,-0.011510729789733887,0.30513185262680054,-0.6666999459266663
33,source,56,-0.003110833466053009,0.3629845976829529,-0.6942086815834045
33,source,57,-0.006058327853679657,0.36854296922683716,-0.7133720517158508
33,source,58,0.036135781556367874,0.3132188320159912,-0.6657924652099609
33,source,59,0.0037574172019958496,0.36438828706741333,-0.7301818132400513
33,source,60,-0.05014395713806152,0.35403501987457275,-0.7591561079025269
33,source,61,-0.07351222634315491,0.3626457750797272,-0.7590703964233398
33,source,62,-0.15036746859550476,0.33060938119888306,-0.8084298372268677
33,source,63,-0.08113458752632141,0.363228440284729,-0.7620226740837097
33,target,0,-0.1731402426958084,0.25851184129714966,-0.8071800470352173
33,target,1,-0.19746138155460358,0.25138208270072937,-0.7665494680404663
33,target,2,-0.20246504247188568,0.2523186504840851,-0.8057740926742554
33,target,3,-0.21086539328098297,0.23916451632976532,-0.7839482426643372
33,target,4,-0.17450003325939178,0.24791736900806427,-0.7751081585884094
33,target,5,-0.19634909927845,0.25315508246421814,-0.7984447479248047
33,target,6,-0.20257453620433807,0.2622270882129669,-0.7992062568664551
33,target,7,-0.20907114446163177,0.27811795473098755,-0.8014317750930786
33,target,8,-0.20547939836978912,0.26630523800849915,-0.7813668251037598
33,target,9,-0.1788284331560135,0.255892276763916,-0.7885456681251526
33,target,10,-0.19963081181049347,0.23275360465049744,-0.7902312278747559
33,target,11,-0.2143753319978714,0.25289082527160645,-0.7970499396324158
33,target,12,-0.2132587879896164,0.23715393245220184,-0.7796420454978943
33,target,13,-0.17818744480609894,0.17619013786315918,-0.7713554501533508
33,target,14,-0.17451409995555878,0.24961136281490326,-0.7992637157440186
33,target,15,-0.2206260710954666,0.2595214247703552,-0.7639296650886536
33,target,16,-0.2157956212759018,0.2692919373512268,-0.7806804776191711
33,target,17,-0.22144867479801178,0.2728676497936249,-0.7845697999000549
33,target,18,-0.2185235470533371,0.26496461033821106,-0.7825127840042114
33,target,19,-0.2487097531557083,0.2667722702026367,-0.7670997381210327
33,target,20,-0.2438257485628128,0.26962006092071533,-0.7800083756446838
33,target,21,-0.20066212117671967,0.2658129930496216,-0.7816019058227539
33,target,22,-0.18647517263889313,0.284529447555542,-0.7839114665985107
33,target,23,-0.19178830087184906,0.2641206681728363,-0.7790729403495789
33,target,24,-0.19650329649448395,0.2685931921005249,-0.7880755662918091
33,target,25,-0.22842799127101898,0.2780388593673706,-0.7645392417907715
33,target,26,-0.2114403396844864,0.2571454644203186,-0.7688724398612976
33,target,27,-0.20404787361621857,0.2643449306488037,-0.7607316374778748
33,target,28,-0.1514313519001007,0.2259877473115921,-0.777630090713501
33,target,29,-0.22684596478939056,0.24232260882854462,-0.7722331881523132
33,target,30,-0.20316027104854584,0.2461821436882019,-0.796451210975647
33,target,31,-0.18695540726184845,0.2502909302711487,-0.7842606902122498
33,target,32,-0.17944221198558807,0.23559784889221191,-0.8046861886978149
33,target,33,-0.1988220363855362,0.25638681650161743,-0.791764497756958
33,target,34,-0.16760949790477753,0.23950506746768951,-0.7830214500427246
33,target,35,-0.17805181443691254,0.25955939292907715,-0.7608863115310669
33,target,36,-0.18916116654872894,0.22108307480812073,-0.7412595152854919
33,target,37,-0.19442634284496307,0.2549261748790741,-0.7582681179046631
33,target,38,-0.212104931473732,0.28590089082717896,-0.7792895436286926
33,target,39,-0.20428507030010223,0.264165997505188,-0.7802117466926575
33,target,40,-0.2229747325181961,0.2665841579437256,-0.785112738609314
33,target,41,-0.21085064113140106,0.2681238651275635,-0.7856726050376892
33,target,42,-0.1934298723936081,0.2535831332206726,-0.8046301603317261
33,target,43,-0.2317032366991043,0.24882110953330994,-0.7944073677062988
33,target,44,-0.21173761785030365,0.2741738557815552,-0.7779089212417603
33,target,45,-0.25317269563674927,0.2825765311717987,-0.7903469800949097
33,target,46,-0.2071111649274826,0.24944230914115906,-0.7815261483192444
33,target,47,-0.20024900138378143,0.24045656621456146,-0.7870737314224243
33,target,48,-0.21123619377613068,0.2445685863494873,-0.7903960347175598
33,target,49,-0.20819778740406036,0.2605454623699188,-0.7590600252151489
33,target,50,-0.13884375989437103,0.23666080832481384,-0.8363160490989685
33,target,51,-0.13815832138061523,0.2104015350341797,-0.7789515256881714
33,target,52,-0.17911364138126373,0.2164977788925171,-0.7973230481147766
33,target,53,-0.20076526701450348,0.21776147186756134,-0.7722877264022827
33,target,54,-0.17218585312366486,0.22896960377693176,-0.7580116987228394
33,target,55,-0.19075222313404083,0.2354181557893753,-0.7781951427459717
33,target,56,-0.14658676087856293,0.2282923460006714,-0.7829270362854004
33,target,57,-0.18526507914066315,0.2364542931318283,-0.7727547287940979
33,target,58,-0.1644427329301834,0.22736616432666779,-0.7616874575614929
33,target,59,-0.1630137711763382,0.2177744060754776,-0.769331157207489
33,target,60,-0.21295391023159027,0.2379346787929535,-0.7803536057472229
33,target,61,-0.17716099321842194,0.19318079948425293,-0.7624590992927551
33,target,62,-0.1966194361448288,0.21785233914852142,-0.7671770453453064
33,target,63,-0.18461351096630096,0.21260206401348114,-0.7455396056175232
34,source,0,-0.0555008202791214,0.3086909353733063,-0.7414779663085938
34,source,1,-0.008497074246406555,0.21710947155952454,-0.8428819179534912
34,source,2,-0.08489425480365753,0.17958343029022217,-0.8471062779426575
34,source,3,-0.023853793740272522,0.23348385095596313,-0.833655595779419
34,source,4,-0.060748517513275146,0.1628711223602295,-0.7511447668075562
34,source,5,0.011157795786857605,-0.07785610854625702,-0.47592687606811523
34,source,6,-0.028651438653469086,0.015908271074295044,-0.7222517728805542
34,source,7,-0.0008808821439743042,0.06965996325016022,-0.582404613494873
34,source,8,-0.06689679622650146,0.05507928133010864,-0.6409979462623596
34,source,9,-0.0027589425444602966,0.19420883059501648,-0.5769613981246948
34,source,10,0.012405209243297577,0.18414358794689178,-0.5117664337158203
34,source,11,0.0802951231598854,0.10006566345691681,-0.5744868516921997
34,source,12,-0.0010464191436767578,0.2091534584760666,-0.5304440855979919
34,source,13,-0.05168326199054718,0.2624219059944153,-0.6998988389968872
34,source,14,0.02056141197681427,0.19096627831459045,-0.7306692004203796
34,source,15,-0.05995325744152069,0.20837627351284027,-0.7806457877159119
34,source,16,-0.09144404530525208,0.20744210481643677,-0.8024039268493652
34,source,17,-0.02933920919895172,0.08923449367284775,-0.633825957775116
34,source,18,0.0688861832022667,0.010110870003700256,-0.6391157507896423
34,source,19,0.020561352372169495,0.0791642814874649,-0.7109461426734924
34,source,20,0.08195224404335022,0.017620086669921875,-0.6781251430511475
34,source,21,-0.03077922761440277,-0.0014110207557678223,-0.7273356318473816
34,source,22,0.06436042487621307,0.10338374227285385,-0.604988694190979
34,source,23,0.018055886030197144,0.1769518107175827,-0.6305778622627258
34,source,24,0.0038313940167427063,0.08449184149503708,-0.7431068420410156
34,source,25,-0.028359703719615936,0.19358941912651062,-0.8258172869682312
34,source,26,0.020198047161102295,0.2086016833782196,-0.7960299849510193
34,source,27,0.02563539147377014,0.2067583203315735,-0.8251811265945435
34,source,28,-0.0751429945230484,0.18755939602851868,-0.8838072419166565
34,source,29,0.010795168578624725,0.20350325107574463,-0.7015386819839478
34,source,30,-0.10826373100280762,0.17589963972568512,-0.7875314950942993
34,source,31,0.08804932981729507,0.03832150995731354,-0.6384131908416748
34,source,32,0.05242520198225975,0.08720078319311142,-0.7131158709526062
34,source,33,-0.124379962682724,0.18434248864650726,-0.8198118209838867
34,source,34,-0.11956335604190826,0.21371175348758698,-0.7840821146965027
34,source,35,-0.09254132211208344,0.146986186504364,-0.8224654793739319
34,source,36,-0.0817275196313858,0.13120293617248535,-0.7637107372283936
34,source,37,-0.1471731811761856,0.19126379489898682,-0.7878544330596924
34,source,38,-0.07076850533485413,0.17108140885829926,-0.7874816060066223
34,source,39,-0.10490801930427551,0.1815137267112732,-0.7940331697463989
34,source,40,-0.014769621193408966,0.21659019589424133,-0.6736972332000732
34,source,41,-0.018770433962345123,0.19923816621303558,-0.6145915389060974
34,source,42,-0.12288357317447662,0.17326907813549042,-0.6928276419639587
34,source,43,-0.1195744127035141,0.2105390578508377,-0.6527827382087708
34,source,44,-0.15062381327152252,0.17819719016551971,-0.697670042514801
34,source,45,-0.1163090318441391,0.18206168711185455,-0.6830706596374512
34,source,46,-0.1965414136648178,0.3663454055786133,-0.8521247506141663
34,source,47,-0.041744112968444824,0.36214902997016907,-0.7425499558448792
34,source,48,-0.0030689090490341187,0.37782543897628784,-0.7185378074645996
34,source,49,-0.21649377048015594,0.38782498240470886,-0.8506861329078674
34,source,50,-0.17175798118114471,0.294048011302948,-0.7625088691711426
34,source,51,0.010530233383178711,0.2329590618610382,-0.7438740134239197
34,source,52,-0.007432952523231506,0.28836891055107117,-0.7641200423240662
34,source,53,0.019808433949947357,0.26333338022232056,-0.7620388269424438
34,source,54,0.051861610263586044,0.2315218448638916,-0.7118600010871887
34,source,55,0.05574076995253563,0.24687665700912476,-0.6665749549865723
34,source,56,0.05222134664654732,0.3015020787715912,-0.6924724578857422
34,source,57,0.03403254225850105,0.3003198206424713,-0.7257102131843567
34,source,58,0.09475812315940857,0.24899931252002716,-0.6795325875282288
34,source,59,0.0543992780148983,0.30234494805336,-0.7297833561897278
34,source,60,0.013310134410858154,0.29813331365585327,-0.7773257493972778
34,source,61,-0.016389653086662292,0.3158983290195465,-0.7687389850616455
34,source,62,-0.090993732213974,0.27384430170059204,-0.8279582858085632
34,source,63,-0.02739030122756958,0.30701944231987,-0.7830970883369446
34,target,0,-0.10650211572647095,0.19711875915527344,-0.8189381957054138
34,target,1,-0.12113070487976074,0.18324531614780426,-0.7779675722122192
34,target,2,-0.13914136588573456,0.19069817662239075,-0.808005154132843
34,target,3,-0.14701059460639954,0.186721533536911,-0.8048205971717834
34,target,4,-0.11484211683273315,0.19372648000717163,-0.7645869255065918
34,target,5,-0.12725158035755157,0.1839192509651184,-0.812238335609436
34,target,6,-0.1259455531835556,0.19399940967559814,-0.8126559257507324
34,target,7,-0.12108981609344482,0.20187745988368988,-0.8173370361328125
34,target,8,-0.1279650181531906,0.19826366007328033,-0.7935250997543335
34,target,9,-0.09325318038463593,0.18221865594387054,-0.81739342212677
34,target,10,-0.1343178004026413,0.18337225914001465,-0.7857771515846252
34,target,11,-0.1472558081150055,0.1856381893157959,-0.8163586258888245
34,target,12,-0.1368986815214157,0.16584660112857819,-0.7863385677337646
34,target,13,-0.13082942366600037,0.14378611743450165,-0.7819769978523254
34,target,14,-0.1091202050447464,0.193287193775177,-0.8042494058609009
34,target,15,-0.16762162744998932,0.21109119057655334,-0.7718387842178345
34,target,16,-0.15369164943695068,0.20679979026317596,-0.8008097410202026
34,target,17,-0.15365567803382874,0.21277344226837158,-0.7997870445251465
34,target,18,-0.1383906453847885,0.20827031135559082,-0.7958089113235474
34,target,19,-0.1603812277317047,0.20038166642189026,-0.7831483483314514
34,target,20,-0.17565320432186127,0.213890939950943,-0.7848250269889832
34,target,21,-0.13811518251895905,0.21772927045822144,-0.7731888890266418
34,target,22,-0.13008880615234375,0.2342756986618042,-0.8071402311325073
34,target,23,-0.13644525408744812,0.21891330182552338,-0.7984436750411987
34,target,24,-0.13002115488052368,0.21877002716064453,-0.7998208403587341
34,target,25,-0.14517031610012054,0.21841475367546082,-0.7988994717597961
34,target,26,-0.14627747237682343,0.19764569401741028,-0.7819656729698181
34,target,27,-0.1347837746143341,0.2022159844636917,-0.7625709176063538
34,target,28,-0.09398135542869568,0.1629728227853775,-0.7714400887489319
34,target,29,-0.13927094638347626,0.1643308401107788,-0.7974175810813904
34,target,30,-0.1440681517124176,0.18492282927036285,-0.8132809996604919
34,target,31,-0.12313039600849152,0.18383672833442688,-0.8020093441009521
34,target,32,-0.11565721035003662,0.1796153485774994,-0.8066266179084778
34,target,33,-0.13225631415843964,0.1958792507648468,-0.8003516793251038
34,target,34,-0.11156126856803894,0.18750812113285065,-0.8154160380363464
34,target,35,-0.10456275939941406,0.19505050778388977,-0.8001973628997803
34,target,36,-0.13026610016822815,0.1777600198984146,-0.7507227659225464
34,target,37,-0.15076060593128204,0.21105973422527313,-0.7620007395744324
34,target,38,-0.13183465600013733,0.21434397995471954,-0.8045130372047424
34,target,39,-0.12789317965507507,0.21190927922725677,-0.7969480156898499
34,target,40,-0.1444828063249588,0.1922501027584076,-0.8021394610404968
34,target,41,-0.139709010720253,0.19973863661289215,-0.8004801273345947
34,target,42,-0.1250431090593338,0.18141311407089233,-0.8139489889144897
34,target,43,-0.15715475380420685,0.17857126891613007,-0.8010834455490112
34,target,44,-0.16528798639774323,0.22034892439842224,-0.7785918712615967
34,target,45,-0.1694069355726242,0.22355279326438904,-0.7928629517555237
34,target,46,-0.12643522024154663,0.18592573702335358,-0.7985821962356567
34,target,47,-0.14318101108074188,0.17619095742702484,-0.802079439163208
34,target,48,-0.14289481937885284,0.1877238154411316,-0.8071712255477905
34,target,49,-0.14546197652816772,0.19822347164154053,-0.7662771940231323
34,target,50,-0.09668810665607452,0.18657022714614868,-0.8318628072738647
34,target,51,-0.0918765664100647,0.1607595682144165,-0.7829925417900085
34,target,52,-0.11917170882225037,0.16691386699676514,-0.8138495683670044
34,target,53,-0.13804811239242554,0.1710546612739563,-0.7995966672897339
34,target,54,-0.12336991727352142,0.17713911831378937,-0.7560395002365112
34,target,55,-0.141248419880867,0.19424086809158325,-0.7908139228820801
34,target,56,-0.0981663167476654,0.19472354650497437,-0.7926827073097229
34,target,57,-0.11940377950668335,0.19290250539779663,-0.7882763147354126
34,target,58,-0.10887663066387177,0.18165607750415802,-0.7876178026199341
34,target,59,-0.11034481227397919,0.16382025182247162,-0.7957893013954163
34,target,60,-0.1445479691028595,0.18356198072433472,-0.779270589351654
34,target,61,-0.12990722060203552,0.15842822194099426,-0.7801742553710938
34,target,62,-0.12187144160270691,0.16905266046524048,-0.7795454859733582
34,target,63,-0.13319137692451477,0.15744420886039734,-0.7668581008911133
35,source,0,0.003475978970527649,0.2901248633861542,-0.731148362159729
35,source,1,0.07258346676826477,0.1872635781764984,-0.832372784614563
35,source,2,-0.011752866208553314,0.1460055708885193,-0.8030829429626465
35,source,3,0.04617034271359444,0.19870507717132568,-0.8096503615379333
35,source,4,0.02829917147755623,0.1266322135925293,-0.7527205944061279
35,source,5,0.06282009929418564,-0.09099416434764862,-0.5038612484931946
35,source,6,0.03016619011759758,-0.04263335466384888,-0.690607488155365
35,source,7,0.02547043189406395,0.05793289840221405,-0.5637880563735962
35,source,8,-0.023282483220100403,0.061451882123947144,-0.6305336952209473
35,source,9,0.03683284670114517,0.18955469131469727,-0.5938323736190796
35,source,10,0.0518917590379715,0.17859791219234467,-0.5241245031356812
35,source,11,0.12120223045349121,0.10395513474941254,-0.6158212423324585
35,source,12,0.052898891270160675,0.20779845118522644,-0.5604601502418518
35,source,13,0.01856847107410431,0.23877641558647156,-0.6628719568252563
35,source,14,0.07055970281362534,0.15851563215255737,-0.7170730233192444
35,source,15,0.014566577970981598,0.17832443118095398,-0.7506340742111206
35,source,16,-0.01734548807144165,0.16808708012104034,-0.7713042497634888
35,source,17,0.02690289169549942,0.062489479780197144,-0.6615357995033264
35,source,18,0.1271573007106781,-0.0311441570520401,-0.6618843674659729
35,source,19,0.07967919856309891,0.09304291009902954,-0.7034699320793152
35,source,20,0.1444939374923706,-0.007553666830062866,-0.6733014583587646
35,source,21,0.005076102912425995,-0.020921185612678528,-0.7349677681922913
35,source,22,0.12475098669528961,0.08360745012760162,-0.6346879601478577
35,source,23,0.08108627051115036,0.16904771327972412,-0.6413746476173401
35,source,24,0.02776918187737465,0.09779319167137146,-0.7314260005950928
35,source,25,0.039957549422979355,0.1494329869747162,-0.80897057056427
35,source,26,0.07282226532697678,0.17046870291233063,-0.7870283722877502
35,source,27,0.10758452117443085,0.1388980746269226,-0.8108497262001038
35,source,28,-0.02213234454393387,0.1399248242378235,-0.8421419858932495
35,source,29,0.07800214737653732,0.19202326238155365,-0.6943254470825195
35,source,30,-0.06865660846233368,0.1495080292224884,-0.7627346515655518
35,source,31,0.13968916237354279,0.021444112062454224,-0.6740544438362122
35,source,32,0.12347406148910522,0.08216880261898041,-0.7355180978775024
35,source,33,-0.05562569200992584,0.15257984399795532,-0.80808025598526
35,source,34,-0.03329426050186157,0.19044604897499084,-0.7655010223388672
35,source,35,-0.02728286385536194,0.11572839319705963,-0.8031949996948242
35,source,36,-0.05310104787349701,0.13259263336658478,-0.7622805833816528
35,source,37,-0.07798410952091217,0.16565851867198944,-0.7759067416191101
35,source,38,0.0031152069568634033,0.1672203242778778,-0.7806435823440552
35,source,39,-0.026930712163448334,0.15600033104419708,-0.797143280506134
35,source,40,0.03650321438908577,0.212193101644516,-0.678305983543396
35,source,41,0.015810929238796234,0.20247310400009155,-0.6221795082092285
35,source,42,-0.044029101729393005,0.17301040887832642,-0.6801884174346924
35,source,43,-0.07012005150318146,0.21779023110866547,-0.6369730830192566
35,source,44,-0.07882067561149597,0.18285039067268372,-0.6699130535125732
35,source,45,-0.07688488066196442,0.17700965702533722,-0.6711041331291199
35,source,46,-0.18172608315944672,0.3431975245475769,-0.8497648239135742
35,source,47,0.014688849449157715,0.36248505115509033,-0.7324133515357971
35,source,48,0.057439882308244705,0.38808897137641907,-0.7025172710418701
35,source,49,-0.18556486070156097,0.37169933319091797,-0.8599258661270142
35,source,50,-0.1511126458644867,0.3023102283477783,-0.7339277863502502
35,source,51,0.07683653384447098,0.20178356766700745,-0.7351068258285522
35,source,52,0.03759867697954178,0.2671201527118683,-0.7476221919059753
35,source,53,0.08665262162685394,0.24386468529701233,-0.7504163980484009
35,source,54,0.1161949411034584,0.2010674774646759,-0.7085580229759216
35,source,55,0.09845219552516937,0.23631618916988373,-0.6790896654129028
35,source,56,0.09323085844516754,0.2950964868068695,-0.691320538520813
35,source,57,0.08923224359750748,0.2803599238395691,-0.7275112867355347
35,source,58,0.1562768518924713,0.2377961128950119,-0.6861244440078735
35,source,59,0.10901214182376862,0.2954500913619995,-0.7213231325149536
35,source,60,0.07078900933265686,0.2870326638221741,-0.7590273022651672
35,source,61,0.03783334791660309,0.3047438859939575,-0.7438485026359558
35,source,62,-0.0466984361410141,0.2563781440258026,-0.7978209853172302
35,source,63,0.02001502364873886,0.2954237163066864,-0.7625323534011841
35,target,0,-0.09442226588726044,0.1863459348678589,-0.7808891534805298
35,target,1,-0.09164156019687653,0.16609667241573334,-0.741183876991272
35,target,2,-0.11118537187576294,0.17677250504493713,-0.7857940196990967
35,target,3,-0.11290085315704346,0.18401296436786652,-0.7765825986862183
35,target,4,-0.0768895298242569,0.18030084669589996,-0.755785346031189
35,target,5,-0.1000732034444809,0.18585947155952454,-0.7888126969337463
35,target,6,-0.09700864553451538,0.19073423743247986,-0.7756772637367249
35,target,7,-0.10545124113559723,0.2091343104839325,-0.7767260670661926
35,target,8,-0.09871187806129456,0.20211787521839142,-0.7706354260444641
35,target,9,-0.0841570794582367,0.19421686232089996,-0.7708811163902283
35,target,10,-0.09034016728401184,0.16747283935546875,-0.7577980756759644
35,target,11,-0.12222571671009064,0.19032838940620422,-0.7701190114021301
35,target,12,-0.10983030498027802,0.17416483163833618,-0.7451081275939941
35,target,13,-0.08688898384571075,0.14252795279026031,-0.7371078729629517
35,target,14,-0.0816141813993454,0.1755656599998474,-0.7683246731758118
35,target,15,-0.14796732366085052,0.18718990683555603,-0.7411088943481445
35,target,16,-0.1232796162366867,0.19898222386837006,-0.7632023096084595
35,target,17,-0.12565168738365173,0.19944390654563904,-0.7495530843734741
35,target,18,-0.12549084424972534,0.19617149233818054,-0.7526180148124695
35,target,19,-0.13031166791915894,0.18581241369247437,-0.7547464966773987
35,target,20,-0.11562208831310272,0.20618927478790283,-0.7685745358467102
35,target,21,-0.0852920264005661,0.18761853873729706,-0.7473735809326172
35,target,22,-0.09474353492259979,0.21285542845726013,-0.7652032375335693
35,target,23,-0.10988859832286835,0.20976653695106506,-0.7586302161216736
35,target,24,-0.09299874305725098,0.20683898031711578,-0.7787007093429565
35,target,25,-0.11907105147838593,0.20967428386211395,-0.7705501317977905
35,target,26,-0.10737988352775574,0.18916235864162445,-0.7536400556564331
35,target,27,-0.10827609896659851,0.1890021711587906,-0.738518476486206
35,target,28,-0.07355175912380219,0.14362099766731262,-0.738074004650116
35,target,29,-0.10459688305854797,0.16146916151046753,-0.761856734752655
35,target,30,-0.103096604347229,0.17535480856895447,-0.7720780372619629
35,target,31,-0.10211114585399628,0.18595728278160095,-0.7618398666381836
35,target,32,-0.07001857459545135,0.16056114435195923,-0.77357017993927
35,target,33,-0.10516907274723053,0.19466452300548553,-0.7760461568832397
35,target,34,-0.11999399960041046,0.1929202824831009,-0.7798796892166138
35,target,35,-0.10566535592079163,0.1927054524421692,-0.7597609758377075
35,target,36,-0.10217083990573883,0.17842869460582733,-0.7264471650123596
35,target,37,-0.12451443076133728,0.19540444016456604,-0.7531786561012268
35,target,38,-0.11657291650772095,0.2110506147146225,-0.7696325778961182
35,target,39,-0.10161979496479034,0.20435985922813416,-0.7750668525695801
35,target,40,-0.09366396069526672,0.19085732102394104,-0.7523952722549438
35,target,41,-0.09539337456226349,0.19275018572807312,-0.7732216119766235
35,target,42,-0.09575092792510986,0.18691404163837433,-0.7819010019302368
35,target,43,-0.11345367133617401,0.1731514185667038,-0.7786279916763306
35,target,44,-0.10888256132602692,0.20624221861362457,-0.752858579158783
35,target,45,-0.12344726920127869,0.20718130469322205,-0.7708767056465149
35,target,46,-0.09844869375228882,0.1740584671497345,-0.7613567113876343
35,target,47,-0.11506779491901398,0.1690528243780136,-0.7728630304336548
35,target,48,-0.10961486399173737,0.189812570810318,-0.7804967761039734
35,target,49,-0.09404627978801727,0.18314532935619354,-0.7437931299209595
35,target,50,-0.06565910577774048,0.16677457094192505,-0.8128385543823242
35,target,51,-0.05365252494812012,0.1539701372385025,-0.7568028569221497
35,target,52,-0.07424379885196686,0.13466665148735046,-0.8170271515846252
35,target,53,-0.09116899967193604,0.14926889538764954,-0.8133975863456726
35,target,54,-0.06744344532489777,0.14635413885116577,-0.7933459877967834
35,target,55,-0.10253642499446869,0.17651434242725372,-0.7949575781822205
35,target,56,-0.06555788218975067,0.18043582141399384,-0.7801016569137573
35,target,57,-0.09277297556400299,0.18765980005264282,-0.7675060629844666
35,target,58,-0.07669161260128021,0.1701817661523819,-0.7716132998466492
35,target,59,-0.06738029420375824,0.15173478424549103,-0.7911586761474609
35,target,60,-0.08523647487163544,0.15476107597351074,-0.7937130331993103
35,target,61,-0.09176704287528992,0.1469920575618744,-0.7815243005752563
35,target,62,-0.08295801281929016,0.14357519149780273,-0.7615277767181396
35,target,63,-0.09462936222553253,0.14538703858852386,-0.7600396871566772
36,source,0,-0.044316425919532776,0.2932620048522949,-0.7575079202651978
36,source,1,-0.005541980266571045,0.2027142345905304,-0.869133472442627
36,source,2,-0.0779036432504654,0.1775168627500534,-0.8354893922805786
36,source,3,-0.021939106285572052,0.2282060980796814,-0.8341681957244873
36,source,4,-0.05690185725688934,0.14303714036941528,-0.7755321860313416
36,source,5,0.007950492203235626,-0.08223725855350494,-0.5070546865463257
36,source,6,-0.04584813117980957,0.017699673771858215,-0.7256529927253723
36,source,7,-0.013818524777889252,0.07807144522666931,-0.5916687846183777
36,source,8,-0.07408736646175385,0.08518366515636444,-0.667928159236908
36,source,9,-0.008803069591522217,0.19282953441143036,-0.5964961051940918
36,source,10,0.030485782772302628,0.17020097374916077,-0.5329959988594055
36,source,11,0.06901605427265167,0.09942920506000519,-0.5969738960266113
36,source,12,0.018422327935695648,0.195875883102417,-0.5626912117004395
36,source,13,-0.011482484638690948,0.22851288318634033,-0.7070469260215759
36,source,14,0.02606375142931938,0.15037325024604797,-0.7545416355133057
36,source,15,-0.03919117897748947,0.17590676248073578,-0.7775893211364746
36,source,16,-0.07124234735965729,0.1807519495487213,-0.794668436050415
36,source,17,-0.02486744523048401,0.07940992712974548,-0.6798385977745056
36,source,18,0.03462952747941017,0.025924980640411377,-0.6804212927818298
36,source,19,-0.0007531717419624329,0.12365803122520447,-0.7259055972099304
36,source,20,0.06695905327796936,0.03153535723686218,-0.698670506477356
36,source,21,-0.052818238735198975,0.0468313992023468,-0.7422506809234619
36,source,22,0.06849927455186844,0.08367803692817688,-0.657127857208252
36,source,23,0.011680319905281067,0.16880516707897186,-0.6637284159660339
36,source,24,-0.028970934450626373,0.113954097032547,-0.7426988482475281
36,source,25,-0.018338076770305634,0.17853187024593353,-0.8385846614837646
36,source,26,0.0337785966694355,0.20860722661018372,-0.788487434387207
36,source,27,0.01901835948228836,0.18050597608089447,-0.8365938067436218
36,source,28,-0.06954480707645416,0.17626617848873138,-0.8985596895217896
36,source,29,0.014678239822387695,0.19324374198913574,-0.7266607284545898
36,source,30,-0.10152199864387512,0.16993072628974915,-0.8298848271369934
36,source,31,0.06328456103801727,0.06595754623413086,-0.7041036486625671
36,source,32,0.04668715223670006,0.10385257005691528,-0.7495853304862976
36,source,33,-0.1315038800239563,0.1833527833223343,-0.814942479133606
36,source,34,-0.10497678816318512,0.20880267024040222,-0.7870537638664246
36,source,35,-0.10410952568054199,0.15014837682247162,-0.8056445121765137
36,source,36,-0.09302155673503876,0.14980489015579224,-0.7706007957458496
36,source,37,-0.13888604938983917,0.19335857033729553,-0.7945321798324585
36,source,38,-0.06448496878147125,0.1810290813446045,-0.7748059034347534
36,source,39,-0.10198390483856201,0.1821907013654709,-0.7932294607162476
36,source,40,-0.008855246007442474,0.20653758943080902,-0.684182345867157
36,source,41,-0.000797078013420105,0.1909388154745102,-0.6219726800918579
36,source,42,-0.12022551894187927,0.18748000264167786,-0.6943511962890625
36,source,43,-0.11261534690856934,0.22195963561534882,-0.6700438261032104
36,source,44,-0.14340457320213318,0.19487150013446808,-0.6997689604759216
36,source,45,-0.118379607796669,0.19350455701351166,-0.6992741823196411
36,source,46,-0.1581304967403412,0.3321520686149597,-0.8604608774185181
36,source,47,-0.016361035406589508,0.3530287742614746,-0.7560122013092041
36,source,48,0.014873936772346497,0.3697853088378906,-0.7373652458190918
36,source,49,-0.16609562933444977,0.36185818910598755,-0.8671206831932068
36,source,50,-0.13856445252895355,0.2810972332954407,-0.7723056674003601
36,source,51,0.01384975016117096,0.20647253096103668,-0.7673193216323853
36,source,52,-0.009012877941131592,0.2572327256202698,-0.7920873761177063
36,source,53,0.029378313571214676,0.23552079498767853,-0.798858642578125
36,source,54,0.05348295718431473,0.20925083756446838,-0.7361736297607422
36,source,55,0.054537273943424225,0.23263855278491974,-0.7133893370628357
36,source,56,0.05714738368988037,0.29891514778137207,-0.7181051969528198
36,source,57,0.063139408826828,0.2826303243637085,-0.7447008490562439
36,source,58,0.10035727918148041,0.23697584867477417,-0.7100003957748413
36,source,59,0.05854097753763199,0.2876758575439453,-0.7594006061553955
36,source,60,0.027175173163414,0.2932480573654175,-0.7897241711616516
36,source,61,-0.01026693731546402,0.3063119649887085,-0.7755624651908875
36,source,62,-0.07234214246273041,0.2763736844062805,-0.8195191025733948
36,source,63,-0.01320289820432663,0.2976391911506653,-0.7933957576751709
36,target,0,-0.11980296671390533,0.1906977891921997,-0.812566876411438
36,target,1,-0.14239618182182312,0.1848645806312561,-0.7638087868690491
36,target,2,-0.16828666627407074,0.19918830692768097,-0.7998582124710083
36,target,3,-0.16671641170978546,0.19562681019306183,-0.798899233341217
36,target,4,-0.11334776878356934,0.18585465848445892,-0.7687519788742065
36,target,5,-0.14062266051769257,0.19460941851139069,-0.8082280158996582
36,target,6,-0.1431892067193985,0.19948618113994598,-0.7935996651649475
36,target,7,-0.14603962004184723,0.21749457716941833,-0.8073537349700928
36,target,8,-0.14154523611068726,0.20300137996673584,-0.7953952550888062
36,target,9,-0.13154804706573486,0.19742697477340698,-0.8083705902099609
36,target,10,-0.1312815099954605,0.18389132618904114,-0.7906017899513245
36,target,11,-0.1747158318758011,0.20979607105255127,-0.801520824432373
36,target,12,-0.16483892500400543,0.1987309455871582,-0.783092200756073
36,target,13,-0.14905807375907898,0.16928985714912415,-0.7803412079811096
36,target,14,-0.12825721502304077,0.18714147806167603,-0.7981757521629333
36,target,15,-0.1769224852323532,0.1989286243915558,-0.7641964554786682
36,target,16,-0.17467062175273895,0.2156667709350586,-0.7887752056121826
36,target,17,-0.17283789813518524,0.21929138898849487,-0.7859391570091248
36,target,18,-0.16713784635066986,0.20920023322105408,-0.7917367219924927
36,target,19,-0.1780485361814499,0.2013930231332779,-0.78498375415802
36,target,20,-0.18156798183918,0.21504828333854675,-0.790359377861023
36,target,21,-0.13186593353748322,0.20324110984802246,-0.7626244425773621
36,target,22,-0.13230161368846893,0.22827506065368652,-0.8078116774559021
36,target,23,-0.14951454102993011,0.21030616760253906,-0.7984045147895813
36,target,24,-0.14640916883945465,0.21076038479804993,-0.8024544715881348
36,target,25,-0.15001894533634186,0.21426913142204285,-0.792066752910614
36,target,26,-0.15459518134593964,0.20296847820281982,-0.7870664596557617
36,target,27,-0.1426297128200531,0.189761221408844,-0.7565581798553467
36,target,28,-0.11581102013587952,0.16966663300991058,-0.7752879858016968
36,target,29,-0.16270047426223755,0.18317291140556335,-0.7786338329315186
36,target,30,-0.15564344823360443,0.19361883401870728,-0.8048766255378723
36,target,31,-0.1462709605693817,0.19538594782352448,-0.7959801554679871
36,target,32,-0.11947418749332428,0.17698197066783905,-0.8067810535430908
36,target,33,-0.1475585550069809,0.19989299774169922,-0.7976274490356445
36,target,34,-0.14755304157733917,0.1992434561252594,-0.806011438369751
36,target,35,-0.1197788268327713,0.19674937427043915,-0.7854721546173096
36,target,36,-0.13940760493278503,0.18488948047161102,-0.7488547563552856
36,target,37,-0.1531977504491806,0.19508638978004456,-0.7794965505599976
36,target,38,-0.1552756130695343,0.21913635730743408,-0.8126307725906372
36,target,39,-0.14966508746147156,0.2099168300628662,-0.7908932566642761
36,target,40,-0.14978505671024323,0.19120997190475464,-0.791161298751831
36,target,41,-0.153587207198143,0.20356199145317078,-0.7991589903831482
36,target,42,-0.13951992988586426,0.1920347958803177,-0.8098359704017639
36,target,43,-0.17243610322475433,0.18313832581043243,-0.7943722009658813
36,target,44,-0.17334480583667755,0.2119298279285431,-0.7854921817779541
36,target,45,-0.1816524714231491,0.2243695855140686,-0.7968688607215881
36,target,46,-0.15544867515563965,0.20158109068870544,-0.7903015613555908
36,target,47,-0.16047126054763794,0.18527795374393463,-0.8012527227401733
36,target,48,-0.1733919233083725,0.20552024245262146,-0.8051843047142029
36,target,49,-0.13706259429454803,0.20215320587158203,-0.7759811878204346
36,target,50,-0.11268314719200134,0.18867748975753784,-0.8225865960121155
36,target,51,-0.1123543530702591,0.16981717944145203,-0.7656365633010864
36,target,52,-0.15029345452785492,0.16568858921527863,-0.80511474609375
36,target,53,-0.15701431035995483,0.17594005167484283,-0.7971217632293701
36,target,54,-0.12262541055679321,0.16946956515312195,-0.7707169651985168
36,target,55,-0.14260347187519073,0.18781930208206177,-0.8048769235610962
36,target,56,-0.10424107313156128,0.18098688125610352,-0.7923479676246643
36,target,57,-0.13122770190238953,0.18880727887153625,-0.7936398983001709
36,target,58,-0.10766355693340302,0.17987939715385437,-0.7943487763404846
36,target,59,-0.1223648339509964,0.16613394021987915,-0.8078277111053467
36,target,60,-0.1569211184978485,0.17900392413139343,-0.7893582582473755
36,target,61,-0.14774227142333984,0.1577732115983963,-0.782168447971344
36,target,62,-0.148818239569664,0.1784822642803192,-0.7888705134391785
36,target,63,-0.15025630593299866,0.16474775969982147,-0.7851593494415283
37,source,0,-0.04319782555103302,0.30559808015823364,-0.7645702362060547
37,source,1,0.020183399319648743,0.2128451019525528,-0.8745704293251038
37,source,2,-0.06963984668254852,0.1941228210926056,-0.8417186141014099
37,source,3,0.0008463114500045776,0.23675259947776794,-0.8339738845825195
37,source,4,-0.04690180718898773,0.16615040600299835,-0.7958119511604309
37,source,5,0.0019516721367835999,-0.08031822741031647,-0.5112094283103943
37,source,6,-0.03173287212848663,0.008415356278419495,-0.6928369998931885
37,source,7,-0.017163775861263275,0.07153478264808655,-0.5794721841812134
37,source,8,-0.08171823620796204,0.08221050351858139,-0.6428111791610718
37,source,9,0.0017748400568962097,0.19117042422294617,-0.6130337715148926
37,source,10,0.006322182714939117,0.16723395884037018,-0.5341266393661499
37,source,11,0.06779104471206665,0.09565931558609009,-0.609233021736145
37,source,12,0.0021795853972434998,0.2002190798521042,-0.5501604080200195
37,source,13,-0.03426619619131088,0.2518257200717926,-0.704917848110199
37,source,14,0.014897421002388,0.17763811349868774,-0.7586069703102112
37,source,15,-0.05466671288013458,0.21511074900627136,-0.7767905592918396
37,source,16,-0.0748070478439331,0.2097584307193756,-0.7947320938110352
37,source,17,-0.01570018380880356,0.08449491858482361,-0.6454759836196899
37,source,18,0.05793231353163719,0.008676603436470032,-0.6849951148033142
37,source,19,0.017567597329616547,0.10873318463563919,-0.713502824306488
37,source,20,0.08524254709482193,0.009855106472969055,-0.6901349425315857
37,source,21,-0.0414498895406723,0.0007544606924057007,-0.7056269645690918
37,source,22,0.08493588119745255,0.06455472856760025,-0.6231350898742676
37,source,23,0.013082683086395264,0.17447195947170258,-0.644803524017334
37,source,24,-0.01593571901321411,0.09741495549678802,-0.723813533782959
37,source,25,-0.020585842430591583,0.18125846982002258,-0.8370566964149475
37,source,26,0.03406503424048424,0.21304254233837128,-0.79334956407547
37,source,27,0.019259013235569,0.18173816800117493,-0.8663051128387451
37,source,28,-0.07491257786750793,0.19595588743686676,-0.8921322226524353
37,source,29,0.029349058866500854,0.21036750078201294,-0.7288505434989929
37,source,30,-0.10065610706806183,0.20120257139205933,-0.8359589576721191
37,source,31,0.05838070064783096,0.06513865292072296,-0.6851999759674072
37,source,32,0.043473996222019196,0.10963806509971619,-0.755504846572876
37,source,33,-0.10828790068626404,0.19293951988220215,-0.8189122676849365
37,source,34,-0.10053984820842743,0.23331430554389954,-0.7954465746879578
37,source,35,-0.07463009655475616,0.14531533420085907,-0.7970670461654663
37,source,36,-0.09640306234359741,0.15141576528549194,-0.7723486423492432
37,source,37,-0.14072555303573608,0.20243972539901733,-0.8022729158401489
37,source,38,-0.061057448387145996,0.18124879896640778,-0.7672441601753235
37,source,39,-0.08982492983341217,0.19000807404518127,-0.806541919708252
37,source,40,0.0030153319239616394,0.20818059146404266,-0.685448944568634
37,source,41,0.004468910396099091,0.19381222128868103,-0.6302993297576904
37,source,42,-0.09623037278652191,0.19255296885967255,-0.7364850044250488
37,source,43,-0.09567712247371674,0.23076213896274567,-0.7020607590675354
37,source,44,-0.11631813645362854,0.1953694075345993,-0.736836850643158
37,source,45,-0.10603967308998108,0.18461275100708008,-0.7187435626983643
37,source,46,-0.17058689892292023,0.34765124320983887,-0.8542734980583191
37,source,47,-0.024400606751441956,0.3654223680496216,-0.7566250562667847
37,source,48,0.0015771761536598206,0.37304919958114624,-0.7468039393424988
37,source,49,-0.18699653446674347,0.3772766590118408,-0.8541045188903809
37,source,50,-0.14455075562000275,0.2847486138343811,-0.7746827006340027
37,source,51,0.02810024842619896,0.21667909622192383,-0.7616382241249084
37,source,52,0.0016959607601165771,0.2780609428882599,-0.7874833345413208
37,source,53,0.055464424192905426,0.2536257207393646,-0.7951550483703613
37,source,54,0.06695041060447693,0.21510761976242065,-0.7326437830924988
37,source,55,0.05677315592765808,0.24183803796768188,-0.7164245843887329
37,source,56,0.05330026149749756,0.30605727434158325,-0.7372547388076782
37,source,57,0.05785481631755829,0.2958199977874756,-0.7608820796012878
37,source,58,0.09339945763349533,0.24226512014865875,-0.725040853023529
37,source,59,0.056370094418525696,0.3024009168148041,-0.7769067287445068
37,source,60,0.031308241188526154,0.31244221329689026,-0.7969008088111877
37,source,61,-0.0163184255361557,0.3157787322998047,-0.7753040790557861
37,source,62,-0.08503930270671844,0.30099111795425415,-0.8120191097259521
37,source,63,-0.009658358991146088,0.31384730339050293,-0.8032473921775818
37,target,0,-0.1062985509634018,0.18557998538017273,-0.8183053731918335
37,target,1,-0.12368322908878326,0.17523090541362762,-0.7752404808998108
37,target,2,-0.13872766494750977,0.20270738005638123,-0.8193808794021606
37,target,3,-0.13944078981876373,0.19556143879890442,-0.8133916854858398
37,target,4,-0.11063149571418762,0.19754542410373688,-0.7786852717399597
37,target,5,-0.12044909596443176,0.2083149552345276,-0.8259720802307129
37,target,6,-0.1269281655550003,0.20602934062480927,-0.8072636127471924
37,target,7,-0.1291654109954834,0.22691327333450317,-0.811265230178833
37,target,8,-0.12962785363197327,0.22177058458328247,-0.8024657964706421
37,target,9,-0.11277812719345093,0.20378059148788452,-0.8143894076347351
37,target,10,-0.12899191677570343,0.19367697834968567,-0.7980597615242004
37,target,11,-0.1477210521697998,0.21467499434947968,-0.8188967108726501
37,target,12,-0.14027832448482513,0.18509788811206818,-0.7964772582054138
37,target,13,-0.12060154974460602,0.15175630152225494,-0.7852662801742554
37,target,14,-0.10172547399997711,0.18802618980407715,-0.8069874048233032
37,target,15,-0.17819546163082123,0.2076185941696167,-0.7820692658424377
37,target,16,-0.14906546473503113,0.21149472892284393,-0.8134879469871521
37,target,17,-0.15182000398635864,0.2174810767173767,-0.8011608123779297
37,target,18,-0.14595618844032288,0.20476756989955902,-0.7986881732940674
37,target,19,-0.1762731522321701,0.22016116976737976,-0.7944793701171875
37,target,20,-0.1458880752325058,0.22546342015266418,-0.8048964738845825
37,target,21,-0.12433424592018127,0.2204652726650238,-0.7789557576179504
37,target,22,-0.1143425703048706,0.25495344400405884,-0.8207830786705017
37,target,23,-0.12910550832748413,0.2275087535381317,-0.8115286231040955
37,target,24,-0.12375473976135254,0.22451186180114746,-0.8268256187438965
37,target,25,-0.14589469134807587,0.23429138958454132,-0.8026406168937683
37,target,26,-0.14048226177692413,0.20052586495876312,-0.8044432997703552
37,target,27,-0.13401032984256744,0.18391677737236023,-0.7572295069694519
37,target,28,-0.10714225471019745,0.17418935894966125,-0.7813894152641296
37,target,29,-0.15315976738929749,0.19235649704933167,-0.7971574664115906
37,target,30,-0.1142718493938446,0.1871260702610016,-0.8136052489280701
37,target,31,-0.116238534450531,0.1923167109489441,-0.8041677474975586
37,target,32,-0.10791152715682983,0.18607097864151,-0.820389986038208
37,target,33,-0.11712303757667542,0.20518893003463745,-0.8140471577644348
37,target,34,-0.10875469446182251,0.19189006090164185,-0.8220540881156921
37,target,35,-0.1085643470287323,0.19569899141788483,-0.7944190502166748
37,target,36,-0.12592357397079468,0.16632750630378723,-0.7493339776992798
37,target,37,-0.14733558893203735,0.20110470056533813,-0.7925512790679932
37,target,38,-0.14619790017604828,0.23125571012496948,-0.8215022683143616
37,target,39,-0.12861405313014984,0.2239646017551422,-0.8105814456939697
37,target,40,-0.16259631514549255,0.2059013545513153,-0.7926850318908691
37,target,41,-0.14673002064228058,0.20897254347801208,-0.8114317655563354
37,target,42,-0.13968467712402344,0.2040882110595703,-0.8259774446487427
37,target,43,-0.17805249989032745,0.20433488488197327,-0.822516679763794
37,target,44,-0.1563582420349121,0.23050281405448914,-0.7962759137153625
37,target,45,-0.16306310892105103,0.23196318745613098,-0.8068900108337402
37,target,46,-0.13321220874786377,0.20735305547714233,-0.8002620935440063
37,target,47,-0.13721200823783875,0.18257474899291992,-0.8074845671653748
37,target,48,-0.14057102799415588,0.20968003571033478,-0.8224070072174072
37,target,49,-0.14161822199821472,0.20101287961006165,-0.7756692171096802
37,target,50,-0.09678709506988525,0.19332079589366913,-0.8351731896400452
37,target,51,-0.11772720515727997,0.18060871958732605,-0.7818087935447693
37,target,52,-0.12100288271903992,0.16231773793697357,-0.8177750706672668
37,target,53,-0.13434262573719025,0.17459692060947418,-0.8128668069839478
37,target,54,-0.11918416619300842,0.17134319245815277,-0.7859266400337219
37,target,55,-0.14496217668056488,0.1997949182987213,-0.8158987164497375
37,target,56,-0.1094370037317276,0.20615935325622559,-0.804728627204895
37,target,57,-0.1345420777797699,0.20891837775707245,-0.8006119728088379
37,target,58,-0.10337427258491516,0.19561311602592468,-0.8012484312057495
37,target,59,-0.11197201907634735,0.17804493010044098,-0.8160165548324585
37,target,60,-0.1546899974346161,0.17934004962444305,-0.805327296257019
37,target,61,-0.13045991957187653,0.15095697343349457,-0.7949067950248718
37,target,62,-0.1425207108259201,0.17343991994857788,-0.7914226055145264
37,target,63,-0.14003394544124603,0.15361179411411285,-0.7734466791152954
38,source,0,-0.09310279786586761,0.3035929501056671,-0.7163566946983337
38,source,1,-0.03171056509017944,0.21217027306556702,-0.8239003419876099
38,source,2,-0.0911308228969574,0.19033613801002502,-0.8132708072662354
38,source,3,-0.045566126704216,0.239889457821846,-0.8052276372909546
38,source,4,-0.08326847851276398,0.1887798011302948,-0.7365072965621948
38,source,5,0.00028089433908462524,-0.050770312547683716,-0.44271570444107056
38,source,6,-0.051686376333236694,0.03787998855113983,-0.6986565589904785
38,source,7,-0.03653319180011749,0.10438670217990875,-0.5715852379798889
38,source,8,-0.07434538006782532,0.10538962483406067,-0.6385234594345093
38,source,9,-0.0371071994304657,0.21730181574821472,-0.5973812341690063
38,source,10,-0.019947916269302368,0.1982182115316391,-0.5298671126365662
38,source,11,0.021097823977470398,0.14678743481636047,-0.585151731967926
38,source,12,-0.03687243163585663,0.23477515578269958,-0.5645389556884766
38,source,13,-0.04510514438152313,0.2536454200744629,-0.6720619797706604
38,source,14,-0.009481638669967651,0.185881569981575,-0.6987348198890686
38,source,15,-0.06549850106239319,0.2100568413734436,-0.7604174613952637
38,source,16,-0.10574419796466827,0.21559517085552216,-0.7725369334220886
38,source,17,-0.045797839760780334,0.1368749886751175,-0.6596359610557556
38,source,18,0.007609955966472626,0.05004539340734482,-0.6582596302032471
38,source,19,-0.028642743825912476,0.13121135532855988,-0.7035893797874451
38,source,20,0.027927670627832413,0.06225104629993439,-0.66175776720047
38,source,21,-0.07489897310733795,0.03824181854724884,-0.7045625448226929
38,source,22,0.03846312314271927,0.12136237323284149,-0.5934326648712158
38,source,23,-0.030883081257343292,0.2129879742860794,-0.6465850472450256
38,source,24,-0.04737114906311035,0.1238810122013092,-0.7161555290222168
38,source,25,-0.054172202944755554,0.20265668630599976,-0.7989129424095154
38,source,26,-0.019957810640335083,0.21360306441783905,-0.780380129814148
38,source,27,-0.02091652899980545,0.19721359014511108,-0.8306511640548706
38,source,28,-0.0929524153470993,0.2117796540260315,-0.8718671798706055
38,source,29,-0.028583228588104248,0.23107179999351501,-0.6880423426628113
38,source,30,-0.14553165435791016,0.2122880518436432,-0.7948198318481445
38,source,31,0.01805904507637024,0.08742046356201172,-0.6698752641677856
38,source,32,-0.01160094141960144,0.12268685549497604,-0.7157875895500183
38,source,33,-0.1538206785917282,0.21896325051784515,-0.7810700535774231
38,source,34,-0.13804227113723755,0.2415573000907898,-0.7674510478973389
38,source,35,-0.1273011863231659,0.1943107396364212,-0.748409628868103
38,source,36,-0.112450510263443,0.1600581258535385,-0.7407410740852356
38,source,37,-0.15213918685913086,0.21583017706871033,-0.7632863521575928
38,source,38,-0.10072220861911774,0.20575135946273804,-0.7429287433624268
38,source,39,-0.1301354020833969,0.20313790440559387,-0.7718268036842346
38,source,40,-0.0406256765127182,0.23352143168449402,-0.6509333252906799
38,source,41,-0.058074235916137695,0.2088482677936554,-0.5955444574356079
38,source,42,-0.11793802678585052,0.19122464954853058,-0.6915647983551025
38,source,43,-0.1291685551404953,0.2454354465007782,-0.6702302098274231
38,source,44,-0.14569030702114105,0.19730614125728607,-0.7016723155975342
38,source,45,-0.12455339729785919,0.20498985052108765,-0.7063608765602112
38,source,46,-0.23492099344730377,0.35636329650878906,-0.8119550943374634
38,source,47,-0.0776156634092331,0.35728490352630615,-0.7061499357223511
38,source,48,-0.041888728737831116,0.3717704713344574,-0.6795243620872498
38,source,49,-0.23925872147083282,0.36826586723327637,-0.8106327652931213
38,source,50,-0.18988220393657684,0.28690817952156067,-0.7195971608161926
38,source,51,-0.019787319004535675,0.23298341035842896,-0.7136014103889465
38,source,52,-0.05375254154205322,0.28547531366348267,-0.7422022223472595
38,source,53,0.00818239152431488,0.26080942153930664,-0.7327492833137512
38,source,54,0.015363059937953949,0.23789827525615692,-0.6968103647232056
38,source,55,0.00996224582195282,0.26111578941345215,-0.6560118198394775
38,source,56,-0.009209893643856049,0.3086811602115631,-0.6563042402267456
38,source,57,-0.0011888816952705383,0.30025410652160645,-0.6973503828048706
38,source,58,0.036206867545843124,0.25668683648109436,-0.6497939825057983
38,source,59,-0.00673232227563858,0.30534282326698303,-0.7197543978691101
38,source,60,-0.043680235743522644,0.31837451457977295,-0.7421981692314148
38,source,61,-0.0805065929889679,0.3187209367752075,-0.7353484630584717
38,source,62,-0.14005449414253235,0.30870378017425537,-0.780551552772522
38,source,63,-0.07365980744361877,0.32033610343933105,-0.7433395385742188
38,target,0,-0.13667306303977966,0.2039860337972641,-0.8036237955093384
38,target,1,-0.1566154956817627,0.21745556592941284,-0.7654202580451965
38,target,2,-0.16554223001003265,0.21561843156814575,-0.8047751188278198
38,target,3,-0.1726895123720169,0.2079508900642395,-0.8042466640472412
38,target,4,-0.1545669138431549,0.20662152767181396,-0.767683744430542
38,target,5,-0.17092271149158478,0.21639573574066162,-0.8097823858261108
38,target,6,-0.17601962387561798,0.2176298201084137,-0.7947112917900085
38,target,7,-0.17375822365283966,0.2347702831029892,-0.8087762594223022
38,target,8,-0.1660558432340622,0.22327546775341034,-0.795317530632019
38,target,9,-0.1502259373664856,0.2191125750541687,-0.8158888816833496
38,target,10,-0.17494650185108185,0.2038523554801941,-0.7794905304908752
38,target,11,-0.1760133057832718,0.22251766920089722,-0.7978059649467468
38,target,12,-0.17191873490810394,0.20722559094429016,-0.7767903208732605
38,target,13,-0.14149580895900726,0.16121616959571838,-0.7721753716468811
38,target,14,-0.1373215615749359,0.2154979407787323,-0.8004220724105835
38,target,15,-0.2046075314283371,0.2214164137840271,-0.7584806680679321
38,target,16,-0.1751447468996048,0.22686372697353363,-0.783582329750061
38,target,17,-0.18825142085552216,0.23612576723098755,-0.7766358256340027
38,target,18,-0.17717157304286957,0.22862021625041962,-0.7710539102554321
38,target,19,-0.19707848131656647,0.23060311377048492,-0.7831588983535767
38,target,20,-0.18387998640537262,0.23930615186691284,-0.7924356460571289
38,target,21,-0.16914241015911102,0.23046055436134338,-0.7791779041290283
38,target,22,-0.15121136605739594,0.26195889711380005,-0.7944303750991821
38,target,23,-0.1706957370042801,0.23657682538032532,-0.7852413654327393
38,target,24,-0.1666373461484909,0.234495609998703,-0.7920968532562256
38,target,25,-0.1837746649980545,0.24005749821662903,-0.7815143465995789
38,target,26,-0.1761501580476761,0.22072100639343262,-0.7732250690460205
38,target,27,-0.16768230497837067,0.212982639670372,-0.7467951774597168
38,target,28,-0.13702057301998138,0.2012391984462738,-0.7535291910171509
38,target,29,-0.17722059786319733,0.19203855097293854,-0.7979524731636047
38,target,30,-0.15966825187206268,0.21186727285385132,-0.8015727400779724
38,target,31,-0.16770105063915253,0.21786701679229736,-0.7889938354492188
38,target,32,-0.15364420413970947,0.2063157558441162,-0.805281400680542
38,target,33,-0.16832612454891205,0.2138042151927948,-0.7951403856277466
38,target,34,-0.16071921586990356,0.2179994136095047,-0.7948805689811707
38,target,35,-0.14524845778942108,0.22377216815948486,-0.7736937403678894
38,target,36,-0.16327989101409912,0.19933342933654785,-0.7497721910476685
38,target,37,-0.179251030087471,0.22074106335639954,-0.7628991603851318
38,target,38,-0.16780151426792145,0.2327233999967575,-0.7877272367477417
38,target,39,-0.16933579742908478,0.23438772559165955,-0.7835390567779541
38,target,40,-0.2003687173128128,0.21496203541755676,-0.8164851665496826
38,target,41,-0.18560586869716644,0.2215203195810318,-0.7980031967163086
38,target,42,-0.17210806906223297,0.2102946639060974,-0.8050851821899414
38,target,43,-0.19928322732448578,0.20925304293632507,-0.7963775992393494
38,target,44,-0.18090809881687164,0.2267148345708847,-0.7845377922058105
38,target,45,-0.19385097920894623,0.23315420746803284,-0.7941079139709473
38,target,46,-0.1705448478460312,0.224540114402771,-0.7768287658691406
38,target,47,-0.18174241483211517,0.21049723029136658,-0.789389431476593
38,target,48,-0.1719665676355362,0.2159714698791504,-0.8121000528335571
38,target,49,-0.18150733411312103,0.2092515230178833,-0.778503954410553
38,target,50,-0.1286352574825287,0.19079047441482544,-0.7951914668083191
38,target,51,-0.14267787337303162,0.18934553861618042,-0.7479045987129211
38,target,52,-0.1463811844587326,0.16362763941287994,-0.7838663458824158
38,target,53,-0.15789897739887238,0.17254963517189026,-0.7834079265594482
38,target,54,-0.15788766741752625,0.17410346865653992,-0.7459709644317627
38,target,55,-0.1798304170370102,0.20396889746189117,-0.7773116827011108
38,target,56,-0.14658211171627045,0.19862285256385803,-0.7709211707115173
38,target,57,-0.16968102753162384,0.19753560423851013,-0.7721899151802063
38,target,58,-0.13512949645519257,0.1870691329240799,-0.7578758001327515
38,target,59,-0.15516023337841034,0.17814511060714722,-0.7883086204528809
38,target,60,-0.18965505063533783,0.19350987672805786,-0.7849339246749878
38,target,61,-0.1667381376028061,0.1683003306388855,-0.7682895064353943
38,target,62,-0.16995854675769806,0.17790170013904572,-0.7627478837966919
38,target,63,-0.1725212186574936,0.16958960890769958,-0.7449748516082764
39,source,0,-0.09828278422355652,0.31964707374572754,-0.7562545537948608
39,source,1,-0.0723142921924591,0.24403676390647888,-0.8428643941879272
39,source,2,-0.12298059463500977,0.2154845893383026,-0.8289686441421509
39,source,3,-0.0813315361738205,0.2501022517681122,-0.8319698572158813
39,source,4,-0.08989076316356659,0.18171417713165283,-0.7737431526184082
39,source,5,-0.024798735976219177,0.005695536732673645,-0.508483350276947
39,source,6,-0.0636538565158844,0.06625286489725113,-0.7067399024963379
39,source,7,-0.05258433520793915,0.1202802062034607,-0.57462078332901
39,source,8,-0.08547209203243256,0.0994955524802208,-0.6536590456962585
39,source,9,-0.06291307508945465,0.24003034830093384,-0.630996584892273
39,source,10,-0.03210624307394028,0.22560176253318787,-0.5522028803825378
39,source,11,0.01295240968465805,0.15511305630207062,-0.5768347978591919
39,source,12,-0.04256622493267059,0.25569087266921997,-0.5521597862243652
39,source,13,-0.07205928862094879,0.2796505093574524,-0.7127959132194519
39,source,14,-0.026986628770828247,0.2094186395406723,-0.7335199117660522
39,source,15,-0.08360224962234497,0.22397413849830627,-0.7873278260231018
39,source,16,-0.12161022424697876,0.21130633354187012,-0.7855566740036011
39,source,17,-0.03884699195623398,0.129526287317276,-0.6439557075500488
39,source,18,0.00358649343252182,0.08242739737033844,-0.6575352549552917
39,source,19,-0.038049228489398956,0.1534295678138733,-0.7005581855773926
39,source,20,0.02038918435573578,0.09135507047176361,-0.6849378347396851
39,source,21,-0.07196347415447235,0.06164003908634186,-0.7031453847885132
39,source,22,0.021882757544517517,0.1585601568222046,-0.6218546032905579
39,source,23,-0.03340214490890503,0.21666061878204346,-0.6419004797935486
39,source,24,-0.0618240088224411,0.126143679022789,-0.7215434908866882
39,source,25,-0.07315598428249359,0.231521338224411,-0.8180797696113586
39,source,26,-0.03718779236078262,0.2382993847131729,-0.8073555827140808
39,source,27,-0.03191566467285156,0.22199022769927979,-0.833467423915863
39,source,28,-0.13040003180503845,0.22017446160316467,-0.8727832436561584
39,source,29,-0.05486844480037689,0.23802705109119415,-0.732989490032196
39,source,30,-0.13080357015132904,0.18823690712451935,-0.8116845488548279
39,source,31,0.017684482038021088,0.1125907152891159,-0.6716362833976746
39,source,32,-0.01258966326713562,0.14085333049297333,-0.7445089221000671
39,source,33,-0.17386142909526825,0.21327321231365204,-0.7950456738471985
39,source,34,-0.16232919692993164,0.237717866897583,-0.7882366180419922
39,source,35,-0.1303374171257019,0.19154053926467896,-0.793789803981781
39,source,36,-0.12002794444561005,0.15809789299964905,-0.7523304224014282
39,source,37,-0.1557880938053131,0.21552368998527527,-0.778290867805481
39,source,38,-0.10761559009552002,0.19878195226192474,-0.7720454335212708
39,source,39,-0.126863032579422,0.19796155393123627,-0.7918394804000854
39,source,40,-0.057303041219711304,0.2488684505224228,-0.6778573989868164
39,source,41,-0.0424468070268631,0.2311173379421234,-0.6221762895584106
39,source,42,-0.12919721007347107,0.2035175859928131,-0.6999610662460327
39,source,43,-0.13946224749088287,0.2594810128211975,-0.6595135927200317
39,source,44,-0.15094226598739624,0.2292279303073883,-0.6897108554840088
39,source,45,-0.12859055399894714,0.2220911681652069,-0.6781798601150513
39,source,46,-0.21211521327495575,0.36986857652664185,-0.8478229641914368
39,source,47,-0.08625978231430054,0.36406952142715454,-0.7539012432098389
39,source,48,-0.056024253368377686,0.37575969099998474,-0.7324698567390442
39,source,49,-0.2430136650800705,0.3925837576389313,-0.8370858430862427
39,source,50,-0.17480771243572235,0.2959546446800232,-0.7580008506774902
39,source,51,-0.055128052830696106,0.23769545555114746,-0.7591893672943115
39,source,52,-0.06562808156013489,0.2831838130950928,-0.7782994508743286
39,source,53,-0.019010156393051147,0.26511141657829285,-0.7774889469146729
39,source,54,-0.0021386444568634033,0.24133457243442535,-0.7299046516418457
39,source,55,-0.017491720616817474,0.284015417098999,-0.6963671445846558
39,source,56,-0.011374123394489288,0.32090920209884644,-0.7173156142234802
39,source,57,-0.019388526678085327,0.30994683504104614,-0.7361491918563843
39,source,58,0.03369078412652016,0.26269659399986267,-0.6906670331954956
39,source,59,-0.019223734736442566,0.3027750849723816,-0.7545344829559326
39,source,60,-0.05919906497001648,0.31601375341415405,-0.7796387672424316
39,source,61,-0.08684127032756805,0.31223630905151367,-0.7720077633857727
39,source,62,-0.14234493672847748,0.29343900084495544,-0.8009406924247742
39,source,63,-0.07420714199542999,0.3159084916114807,-0.7813353538513184
39,target,0,-0.13862991333007812,0.21015696227550507,-0.8113911151885986
39,target,1,-0.15919823944568634,0.19876061379909515,-0.77748042345047
39,target,2,-0.16126224398612976,0.21669676899909973,-0.7996918559074402
39,target,3,-0.17500682175159454,0.21552258729934692,-0.7915260195732117
39,target,4,-0.16765253245830536,0.22641128301620483,-0.7690346240997314
39,target,5,-0.16173841059207916,0.2293335199356079,-0.8051227927207947
39,target,6,-0.1604836881160736,0.22019550204277039,-0.7950307130813599
39,target,7,-0.16070422530174255,0.24662989377975464,-0.8055359125137329
39,target,8,-0.16868023574352264,0.23456120491027832,-0.7913708090782166
39,target,9,-0.1406962126493454,0.2225445806980133,-0.8125830292701721
39,target,10,-0.18199239671230316,0.21915829181671143,-0.7855424880981445
39,target,11,-0.166622593998909,0.21366652846336365,-0.8039742708206177
39,target,12,-0.1735825389623642,0.20202019810676575,-0.7767185568809509
39,target,13,-0.1432492882013321,0.16564437747001648,-0.7601770758628845
39,target,14,-0.13291175663471222,0.20330247282981873,-0.7968465685844421
39,target,15,-0.21168680489063263,0.22645610570907593,-0.7700597047805786
39,target,16,-0.16985638439655304,0.21727430820465088,-0.7903931140899658
39,target,17,-0.1746581643819809,0.22713026404380798,-0.7871823310852051
39,target,18,-0.1721203774213791,0.22718539834022522,-0.7861783504486084
39,target,19,-0.1969924420118332,0.22946007549762726,-0.7864558696746826
39,target,20,-0.17351596057415009,0.23814503848552704,-0.788949191570282
39,target,21,-0.16239649057388306,0.23430311679840088,-0.7784709334373474
39,target,22,-0.14595554769039154,0.25700244307518005,-0.7941223382949829
39,target,23,-0.16726599633693695,0.23718351125717163,-0.7859265208244324
39,target,24,-0.15981656312942505,0.23812131583690643,-0.8024667501449585
39,target,25,-0.18732349574565887,0.24621623754501343,-0.7864328026771545
39,target,26,-0.18403242528438568,0.2275153398513794,-0.7832479476928711
39,target,27,-0.17080534994602203,0.21109312772750854,-0.7484968900680542
39,target,28,-0.14055681228637695,0.21086280047893524,-0.7620269060134888
39,target,29,-0.19008804857730865,0.20348960161209106,-0.7856760621070862
39,target,30,-0.1513637900352478,0.20157065987586975,-0.8072638511657715
39,target,31,-0.15245819091796875,0.21127024292945862,-0.7941195368766785
39,target,32,-0.15165694057941437,0.20331791043281555,-0.8086554408073425
39,target,33,-0.15462654829025269,0.22145378589630127,-0.8044846057891846
39,target,34,-0.1495049148797989,0.21618667244911194,-0.8102918863296509
39,target,35,-0.1502193957567215,0.2169063240289688,-0.7787826061248779
39,target,36,-0.15469446778297424,0.1779409646987915,-0.7376086711883545
39,target,37,-0.18600521981716156,0.22309425473213196,-0.7646635174751282
39,target,38,-0.1715957671403885,0.24290308356285095,-0.7973238229751587
39,target,39,-0.16969265043735504,0.24134662747383118,-0.7841748595237732
39,target,40,-0.2108006626367569,0.23265928030014038,-0.8007066249847412
39,target,41,-0.1765739768743515,0.23675048351287842,-0.7959241271018982
39,target,42,-0.16945649683475494,0.22428947687149048,-0.8108615279197693
39,target,43,-0.1935035139322281,0.20855259895324707,-0.804071307182312
39,target,44,-0.16907252371311188,0.23005548119544983,-0.7687644958496094
39,target,45,-0.2011088877916336,0.23856458067893982,-0.7918643951416016
39,target,46,-0.16641779243946075,0.2152601182460785,-0.7856758236885071
39,target,47,-0.17413170635700226,0.2008378505706787,-0.7853624820709229
39,target,48,-0.17796708643436432,0.2270740270614624,-0.8073881268501282
39,target,49,-0.1994480937719345,0.22540724277496338,-0.7776211500167847
39,target,50,-0.13550791144371033,0.22004373371601105,-0.822462260723114
39,target,51,-0.1348777413368225,0.2074131965637207,-0.7819662690162659
39,target,52,-0.14074935019016266,0.18971949815750122,-0.8087443709373474
39,target,53,-0.16724605858325958,0.202029287815094,-0.8056721091270447
39,target,54,-0.1620384007692337,0.2113465666770935,-0.7715557217597961
39,target,55,-0.16232611238956451,0.22180591523647308,-0.7906200885772705
39,target,56,-0.14314128458499908,0.2267802506685257,-0.7971975207328796
39,target,57,-0.1451813131570816,0.21721753478050232,-0.7959212064743042
39,target,58,-0.13079223036766052,0.21312905848026276,-0.7846471667289734
39,target,59,-0.1411123275756836,0.19962051510810852,-0.8005902767181396
39,target,60,-0.19458024203777313,0.21091912686824799,-0.7943347096443176
39,target,61,-0.1592767834663391,0.179609015583992,-0.7936830520629883
39,target,62,-0.1710783988237381,0.1999819278717041,-0.789607584476471
39,target,63,-0.16920654475688934,0.19691702723503113,-0.7722730040550232
40,source,0,-0.09071609377861023,0.30338701605796814,-0.7593994736671448
40,source,1,-0.03890209645032883,0.22160938382148743,-0.8556360006332397
40,source,2,-0.11890141665935516,0.19752570986747742,-0.8417455554008484
40,source,3,-0.058761656284332275,0.2385444939136505,-0.8361937999725342
40,source,4,-0.09324553608894348,0.17824633419513702,-0.774895429611206
40,source,5,-0.0015598833560943604,-0.060849741101264954,-0.5012931227684021
40,source,6,-0.06466001272201538,0.017672568559646606,-0.7023535370826721
40,source,7,-0.04919041693210602,0.08009615540504456,-0.5745276808738708
40,source,8,-0.1069619208574295,0.08514458686113358,-0.6390971541404724
40,source,9,-0.037957847118377686,0.21234335005283356,-0.6049961447715759
40,source,10,-0.019456900656223297,0.18926529586315155,-0.5549584627151489
40,source,11,0.027765195816755295,0.11435412615537643,-0.6067001223564148
40,source,12,-0.040448106825351715,0.21644678711891174,-0.5860090255737305
40,source,13,-0.07186730206012726,0.25319904088974,-0.7100533246994019
40,source,14,0.0009564831852912903,0.17792345583438873,-0.7262809872627258
40,source,15,-0.08166192471981049,0.21306630969047546,-0.7851880788803101
40,source,16,-0.1169571578502655,0.19998404383659363,-0.783104658126831
40,source,17,-0.05095145106315613,0.10648909211158752,-0.6487457752227783
40,source,18,0.0380566380918026,0.03038164973258972,-0.6405172944068909
40,source,19,-0.02475585788488388,0.12025892734527588,-0.7108795642852783
40,source,20,0.036918818950653076,0.05443691462278366,-0.6946222186088562
40,source,21,-0.05219066143035889,0.023757338523864746,-0.7143608331680298
40,source,22,0.02566228061914444,0.12095201760530472,-0.6393789052963257
40,source,23,-0.037224479019641876,0.19617518782615662,-0.673008918762207
40,source,24,-0.06041914224624634,0.10312140733003616,-0.7142582535743713
40,source,25,-0.06766323745250702,0.19193485379219055,-0.846569299697876
40,source,26,-0.017309479415416718,0.20819373428821564,-0.8216323852539062
40,source,27,-0.026548616588115692,0.18115629255771637,-0.8678361773490906
40,source,28,-0.11585989594459534,0.1948210597038269,-0.8942305445671082
40,source,29,-0.009984605014324188,0.2247786819934845,-0.7226643562316895
40,source,30,-0.14340722560882568,0.20952999591827393,-0.8027275204658508
40,source,31,0.033933721482753754,0.07027854770421982,-0.6701292395591736
40,source,32,0.01470869779586792,0.11060026288032532,-0.7355557680130005
40,source,33,-0.18965397775173187,0.20748233795166016,-0.8057084083557129
40,source,34,-0.1589832454919815,0.22409877181053162,-0.7873755693435669
40,source,35,-0.1598176658153534,0.19271282851696014,-0.7752396464347839
40,source,36,-0.14370368421077728,0.16041703522205353,-0.7658516764640808
40,source,37,-0.18931572139263153,0.20854605734348297,-0.7846083045005798
40,source,38,-0.10628704726696014,0.1954120397567749,-0.7746776342391968
40,source,39,-0.14731991291046143,0.19462242722511292,-0.7951840162277222
40,source,40,-0.0626177191734314,0.227028951048851,-0.686241865158081
40,source,41,-0.05576081573963165,0.20530356466770172,-0.6271399259567261
40,source,42,-0.14933188259601593,0.17941345274448395,-0.734305739402771
40,source,43,-0.14682702720165253,0.2277812957763672,-0.7094131708145142
40,source,44,-0.1756371110677719,0.19184088706970215,-0.7403960824012756
40,source,45,-0.16345486044883728,0.19555813074111938,-0.7296661734580994
40,source,46,-0.21775831282138824,0.3643520474433899,-0.8291040658950806
40,source,47,-0.059125497937202454,0.36141663789749146,-0.7511837482452393
40,source,48,-0.009250834584236145,0.37132832407951355,-0.7296425700187683
40,source,49,-0.22445960342884064,0.3745860755443573,-0.85969078540802
40,source,50,-0.18869347870349884,0.28428226709365845,-0.7704307436943054
40,source,51,-0.02901090681552887,0.23157688975334167,-0.7651622891426086
40,source,52,-0.05654147267341614,0.28316476941108704,-0.7772055268287659
40,source,53,0.027998343110084534,0.25254955887794495,-0.7810769081115723
40,source,54,0.006988421082496643,0.22798305749893188,-0.7434621453285217
40,source,55,0.019759930670261383,0.25433188676834106,-0.7152401804924011
40,source,56,0.016946859657764435,0.31746625900268555,-0.7202538847923279
40,source,57,0.013947620987892151,0.3115776777267456,-0.7511234283447266
40,source,58,0.07064788788557053,0.26894012093544006,-0.7033665776252747
40,source,59,-0.001923784613609314,0.2990357577800751,-0.7675918340682983
40,source,60,-0.024424053728580475,0.3083365559577942,-0.7835702896118164
40,source,61,-0.06880547106266022,0.31439095735549927,-0.7633509635925293
40,source,62,-0.13122744858264923,0.2926529049873352,-0.8074005842208862
40,source,63,-0.05382780730724335,0.3102651536464691,-0.7908339500427246
40,target,0,-0.14056600630283356,0.1839280128479004,-0.8127169609069824
40,target,1,-0.1661972552537918,0.19403298199176788,-0.7794915437698364
40,target,2,-0.17351047694683075,0.19272461533546448,-0.8079541921615601
40,target,3,-0.1785701960325241,0.1893114149570465,-0.8032753467559814
40,target,4,-0.1496901512145996,0.19922664761543274,-0.7973172068595886
40,target,5,-0.15655574202537537,0.19827651977539062,-0.8203951120376587
40,target,6,-0.16751308739185333,0.20273761451244354,-0.8020344972610474
40,target,7,-0.1544424444437027,0.2179478108882904,-0.8152508735656738
40,target,8,-0.15999074280261993,0.20704984664916992,-0.7954717874526978
40,target,9,-0.15844987332820892,0.2100454866886139,-0.8146861791610718
40,target,10,-0.169514462351799,0.18419231474399567,-0.8009682297706604
40,target,11,-0.17539255321025848,0.1823594868183136,-0.8050649166107178
40,target,12,-0.1888260692358017,0.1826794296503067,-0.7864007949829102
40,target,13,-0.16716159880161285,0.15492033958435059,-0.7757728099822998
40,target,14,-0.15247027575969696,0.18894487619400024,-0.7985073924064636
40,target,15,-0.21102161705493927,0.2094690352678299,-0.7639334201812744
40,target,16,-0.1866283267736435,0.20884492993354797,-0.7914514541625977
40,target,17,-0.1986967772245407,0.2179170846939087,-0.7848623991012573
40,target,18,-0.18631289899349213,0.21294859051704407,-0.785398006439209
40,target,19,-0.20365338027477264,0.21452143788337708,-0.7777858972549438
40,target,20,-0.20740102231502533,0.21130485832691193,-0.7886274456977844
40,target,21,-0.16785328090190887,0.20929037034511566,-0.7779693007469177
40,target,22,-0.17579762637615204,0.2339392751455307,-0.8024176955223083
40,target,23,-0.18652226030826569,0.22207456827163696,-0.779403030872345
40,target,24,-0.1741807907819748,0.21803244948387146,-0.7928327322006226
40,target,25,-0.20951910316944122,0.23127831518650055,-0.7785677909851074
40,target,26,-0.18142668902873993,0.2063075304031372,-0.7823714017868042
40,target,27,-0.18100713193416595,0.20374071598052979,-0.7558008432388306
40,target,28,-0.14490479230880737,0.16647961735725403,-0.7868278622627258
40,target,29,-0.18606345355510712,0.18125088512897491,-0.7912534475326538
40,target,30,-0.16884945333003998,0.18433894217014313,-0.8057976961135864
40,target,31,-0.16147707402706146,0.18886861205101013,-0.8008651733398438
40,target,32,-0.15040887892246246,0.17302875220775604,-0.8121157288551331
40,target,33,-0.16228105127811432,0.19512006640434265,-0.8094167709350586
40,target,34,-0.1538069248199463,0.19077828526496887,-0.8136602640151978
40,target,35,-0.15412546694278717,0.1899612843990326,-0.7832142114639282
40,target,36,-0.17069531977176666,0.1597767472267151,-0.7451789379119873
40,target,37,-0.19605247676372528,0.1985730230808258,-0.7678042054176331
40,target,38,-0.18510492146015167,0.22894397377967834,-0.7961744070053101
40,target,39,-0.1900811642408371,0.2229595184326172,-0.7865502834320068
40,target,40,-0.20597301423549652,0.21496327221393585,-0.8064919114112854
40,target,41,-0.1889408975839615,0.21276946365833282,-0.7940295934677124
40,target,42,-0.17470158636569977,0.19881390035152435,-0.798665463924408
40,target,43,-0.2009231001138687,0.1887081265449524,-0.7978848218917847
40,target,44,-0.19992460310459137,0.20730167627334595,-0.7852612733840942
40,target,45,-0.21817101538181305,0.21489208936691284,-0.7924782037734985
40,target,46,-0.16864712536334991,0.1962350457906723,-0.7927993535995483
40,target,47,-0.17984427511692047,0.17848479747772217,-0.7955323457717896
40,target,48,-0.17786730825901031,0.19504043459892273,-0.8112355470657349
40,target,49,-0.1822444051504135,0.20487235486507416,-0.7946718335151672
40,target,50,-0.13585399091243744,0.20243524014949799,-0.8348104357719421
40,target,51,-0.14215664565563202,0.19354714453220367,-0.7919389009475708
40,target,52,-0.15259093046188354,0.181854709982872,-0.8094960451126099
40,target,53,-0.17435316741466522,0.1927114874124527,-0.8116230368614197
40,target,54,-0.14803628623485565,0.17635293304920197,-0.7866163849830627
40,target,55,-0.1690470427274704,0.20730964839458466,-0.8044891357421875
40,target,56,-0.1431126892566681,0.21498771011829376,-0.80885910987854
40,target,57,-0.16169333457946777,0.2148883044719696,-0.808368444442749
40,target,58,-0.14004601538181305,0.20089402794837952,-0.793770968914032
40,target,59,-0.1543426811695099,0.1893395483493805,-0.8091607689857483
40,target,60,-0.19022570550441742,0.2017577588558197,-0.8007550239562988
40,target,61,-0.17444662749767303,0.1790166199207306,-0.7932767271995544
40,target,62,-0.17972315847873688,0.18200163543224335,-0.7878034114837646
40,target,63,-0.18253932893276215,0.1826569139957428,-0.7696768045425415
41,source,0,-0.0800136923789978,0.2944612503051758,-0.7344890236854553
41,source,1,-0.035470329225063324,0.22859181463718414,-0.813711404800415
41,source,2,-0.11532764136791229,0.21263274550437927,-0.8206658959388733
41,source,3,-0.06385661661624908,0.24855104088783264,-0.7991495132446289
41,source,4,-0.08557386696338654,0.18329845368862152,-0.7538936138153076
41,source,5,-0.0243414044380188,-0.04985451698303223,-0.5102424025535583
41,source,6,-0.06657436490058899,0.05796481668949127,-0.672578752040863
41,source,7,-0.06659063696861267,0.09801449626684189,-0.5648114681243896
41,source,8,-0.09932495653629303,0.10119317471981049,-0.6294962167739868
41,source,9,-0.06183069944381714,0.2063543200492859,-0.5962879061698914
41,source,10,-0.023973383009433746,0.17423921823501587,-0.5356186032295227
41,source,11,0.005080685019493103,0.10668604075908661,-0.5587897300720215
41,source,12,-0.03736279904842377,0.19855406880378723,-0.5448788404464722
41,source,13,-0.0700339823961258,0.23827937245368958,-0.6863402724266052
41,source,14,-0.0180182084441185,0.17635571956634521,-0.7124969959259033
41,source,15,-0.0745820701122284,0.21807345747947693,-0.7486059069633484
41,source,16,-0.10262691974639893,0.20869776606559753,-0.7429056763648987
41,source,17,-0.05855517089366913,0.10405654460191727,-0.6318022608757019
41,source,18,0.0038923323154449463,0.050107136368751526,-0.639373779296875
41,source,19,-0.04938666522502899,0.13573889434337616,-0.6768932938575745
41,source,20,0.02284734696149826,0.06159225106239319,-0.6727796196937561
41,source,21,-0.08108851313591003,0.0607859343290329,-0.6678807735443115
41,source,22,0.016402333974838257,0.10602326691150665,-0.6041544675827026
41,source,23,-0.039524681866168976,0.1869431585073471,-0.6260623335838318
41,source,24,-0.07140453159809113,0.1218595951795578,-0.6900755167007446
41,source,25,-0.06462396681308746,0.2091943621635437,-0.7965568900108337
41,source,26,-0.031877562403678894,0.21905848383903503,-0.7616219520568848
41,source,27,-0.009648315608501434,0.1963052898645401,-0.8022190928459167
41,source,28,-0.11244550347328186,0.21280105412006378,-0.852048397064209
41,source,29,-0.02714906632900238,0.2230094075202942,-0.7096946239471436
41,source,30,-0.1385008990764618,0.22988002002239227,-0.8050816059112549
41,source,31,0.015025228261947632,0.07164508104324341,-0.6673527956008911
41,source,32,-0.03225810080766678,0.13695764541625977,-0.722529411315918
41,source,33,-0.13818609714508057,0.21120822429656982,-0.7959040403366089
41,source,34,-0.139692485332489,0.2324211597442627,-0.7679137587547302
41,source,35,-0.10851028561592102,0.1869019716978073,-0.7698238492012024
41,source,36,-0.13062186539173126,0.16690874099731445,-0.7393881678581238
41,source,37,-0.14517410099506378,0.2070581465959549,-0.7692518830299377
41,source,38,-0.08470149338245392,0.19687670469284058,-0.7340366244316101
41,source,39,-0.11252877116203308,0.19955210387706757,-0.7649669051170349
41,source,40,-0.052722856402397156,0.2064906805753708,-0.6582341194152832
41,source,41,-0.057844117283821106,0.19276484847068787,-0.6073269844055176
41,source,42,-0.15191088616847992,0.18912029266357422,-0.6946402192115784
41,source,43,-0.15005797147750854,0.22417666018009186,-0.6664740443229675
41,source,44,-0.16856534779071808,0.20158058404922485,-0.6863165497779846
41,source,45,-0.15436069667339325,0.19154348969459534,-0.7003329396247864
41,source,46,-0.18188001215457916,0.3553134799003601,-0.8140391111373901
41,source,47,-0.07379437983036041,0.35062262415885925,-0.7373050451278687
41,source,48,-0.02724871039390564,0.3596687912940979,-0.7168660759925842
41,source,49,-0.1958305388689041,0.37363654375076294,-0.8225094676017761
41,source,50,-0.17120380699634552,0.2836669683456421,-0.7593750357627869
41,source,51,-0.03038967400789261,0.24086767435073853,-0.7380845546722412
41,source,52,-0.047703951597213745,0.2824742794036865,-0.7513374090194702
41,source,53,-0.00024981796741485596,0.2531234622001648,-0.7544820308685303
41,source,54,0.023492053151130676,0.2371983826160431,-0.7012277841567993
41,source,55,0.0010753273963928223,0.2619827389717102,-0.6792607307434082
41,source,56,-0.005641959607601166,0.30507397651672363,-0.6992663145065308
41,source,57,-0.002756372094154358,0.30269935727119446,-0.7206118106842041
41,source,58,0.04020281881093979,0.2491092085838318,-0.6725539565086365
41,source,59,-0.015295207500457764,0.3016117811203003,-0.7361617088317871
41,source,60,-0.03715211898088455,0.3147359788417816,-0.7590433955192566
41,source,61,-0.07278512418270111,0.3126494884490967,-0.7497169375419617
41,source,62,-0.1132996678352356,0.3012391924858093,-0.794908881187439
41,source,63,-0.060224756598472595,0.31137341260910034,-0.7692428827285767
41,target,0,-0.14007548987865448,0.19536150991916656,-0.7848025560379028
41,target,1,-0.1708267778158188,0.20232835412025452,-0.7590048313140869
41,target,2,-0.16522715985774994,0.21360580623149872,-0.7952166199684143
41,target,3,-0.17567862570285797,0.2205323874950409,-0.7933386564254761
41,target,4,-0.1495477855205536,0.21171660721302032,-0.76103675365448
41,target,5,-0.15388372540473938,0.20303893089294434,-0.783950686454773
41,target,6,-0.1644420474767685,0.20762383937835693,-0.7825037240982056
41,target,7,-0.1619221270084381,0.23253603279590607,-0.7860276699066162
41,target,8,-0.1637795865535736,0.2172212302684784,-0.7695679068565369
41,target,9,-0.1477317065000534,0.21810093522071838,-0.7932668924331665
41,target,10,-0.15260010957717896,0.20182134211063385,-0.7721438407897949
41,target,11,-0.17082177102565765,0.20063160359859467,-0.7936810851097107
41,target,12,-0.18109656870365143,0.18368804454803467,-0.761832594871521
41,target,13,-0.15651404857635498,0.1632593274116516,-0.7561253905296326
41,target,14,-0.13809959590435028,0.192693293094635,-0.7775639295578003
41,target,15,-0.19632850587368011,0.2183932363986969,-0.7356889247894287
41,target,16,-0.16968612372875214,0.21732424199581146,-0.7747928500175476
41,target,17,-0.18382714688777924,0.22424951195716858,-0.7648579478263855
41,target,18,-0.17102552950382233,0.22393567860126495,-0.7787173986434937
41,target,19,-0.19787921011447906,0.22316227853298187,-0.7661817073822021
41,target,20,-0.1864555925130844,0.23402217030525208,-0.782172679901123
41,target,21,-0.1652117669582367,0.2202136367559433,-0.7636693716049194
41,target,22,-0.15412770211696625,0.24471351504325867,-0.7931951284408569
41,target,23,-0.17238999903202057,0.231553316116333,-0.7687167525291443
41,target,24,-0.16186800599098206,0.23225846886634827,-0.7818635106086731
41,target,25,-0.18457897007465363,0.23204466700553894,-0.755871593952179
41,target,26,-0.17554624378681183,0.2123289406299591,-0.7721904516220093
41,target,27,-0.16327516734600067,0.1900879144668579,-0.7224621772766113
41,target,28,-0.14469221234321594,0.1838272213935852,-0.744410514831543
41,target,29,-0.17198722064495087,0.19146780669689178,-0.7672336101531982
41,target,30,-0.15711617469787598,0.20048338174819946,-0.7950802445411682
41,target,31,-0.14959578216075897,0.19775253534317017,-0.7879984378814697
41,target,32,-0.1534564197063446,0.2065834403038025,-0.7941885590553284
41,target,33,-0.16022147238254547,0.20326867699623108,-0.7877464890480042
41,target,34,-0.15069365501403809,0.2092062383890152,-0.7860831022262573
41,target,35,-0.15533490478992462,0.19193312525749207,-0.7626860737800598
41,target,36,-0.1636315882205963,0.17787638306617737,-0.720186710357666
41,target,37,-0.18380703032016754,0.20681291818618774,-0.737676203250885
41,target,38,-0.172075554728508,0.2371748983860016,-0.7829813361167908
41,target,39,-0.16880713403224945,0.22603081166744232,-0.7643939256668091
41,target,40,-0.20191077888011932,0.23255199193954468,-0.7653639912605286
41,target,41,-0.17534391582012177,0.22038021683692932,-0.7770697474479675
41,target,42,-0.15996192395687103,0.20813307166099548,-0.7841400504112244
41,target,43,-0.19329334795475006,0.20736056566238403,-0.7752608060836792
41,target,44,-0.17033539712429047,0.21371003985404968,-0.7787006497383118
41,target,45,-0.19594649970531464,0.2305479645729065,-0.7854241132736206
41,target,46,-0.16778318583965302,0.20886683464050293,-0.7688202261924744
41,target,47,-0.1615929901599884,0.19292926788330078,-0.7837765216827393
41,target,48,-0.16883178055286407,0.2161547690629959,-0.7975804805755615
41,target,49,-0.17416195571422577,0.21761518716812134,-0.7673767805099487
41,target,50,-0.1461489498615265,0.21472671627998352,-0.8013783097267151
41,target,51,-0.14815554022789001,0.20645439624786377,-0.7647329568862915
41,target,52,-0.1507289856672287,0.1949891895055771,-0.7734982967376709
41,target,53,-0.17673249542713165,0.2071131020784378,-0.7833298444747925
41,target,54,-0.1515442132949829,0.19294904172420502,-0.7341023087501526
41,target,55,-0.1648396998643875,0.2132432609796524,-0.772010326385498
41,target,56,-0.1476467251777649,0.22005589306354523,-0.7822874784469604
41,target,57,-0.1675872951745987,0.2179107517004013,-0.78202885389328
41,target,58,-0.14024734497070312,0.20758986473083496,-0.7697407603263855
41,target,59,-0.16319164633750916,0.2010011225938797,-0.7818617820739746
41,target,60,-0.17217831313610077,0.211614727973938,-0.7561489343643188
41,target,61,-0.17844541370868683,0.19738079607486725,-0.7714701294898987
41,target,62,-0.18061532080173492,0.20041465759277344,-0.7685689330101013
41,target,63,-0.1826447695493698,0.2073802649974823,-0.748734712600708
42,source,0,-0.08749713003635406,0.2867227792739868,-0.7341944575309753
42,source,1,-0.03706037253141403,0.22124457359313965,-0.8302037119865417
42,source,2,-0.11071865260601044,0.1836727410554886,-0.8254798650741577
42,source,3,-0.07388170063495636,0.2252306342124939,-0.8231428861618042
42,source,4,-0.09486903250217438,0.17080724239349365,-0.7565197348594666
42,source,5,-0.007002294063568115,-0.053183943033218384,-0.5291279554367065
42,source,6,-0.06099189817905426,0.03987140208482742,-0.6960891485214233
42,source,7,-0.05696703493595123,0.08863833546638489,-0.5897727012634277
42,source,8,-0.09655597805976868,0.08399872481822968,-0.6430192589759827
42,source,9,-0.055315107107162476,0.1970062553882599,-0.6302276253700256
42,source,10,-0.03489631414413452,0.18181826174259186,-0.5675912499427795
42,source,11,-0.0012538284063339233,0.13099950551986694,-0.6249116063117981
42,source,12,-0.054052695631980896,0.20038416981697083,-0.5958800315856934
42,source,13,-0.060362786054611206,0.24307648837566376,-0.710108757019043
42,source,14,-0.02581845223903656,0.18811316788196564,-0.742063045501709
42,source,15,-0.06854693591594696,0.2022106647491455,-0.7597073316574097
42,source,16,-0.10199244320392609,0.19436895847320557,-0.7665306925773621
42,source,17,-0.04437950253486633,0.11101128160953522,-0.6612963676452637
42,source,18,0.007566787302494049,0.05495762825012207,-0.6860053539276123
42,source,19,-0.025139428675174713,0.12923498451709747,-0.7098987698554993
42,source,20,0.022425245493650436,0.06302829831838608,-0.710690975189209
42,source,21,-0.0665321797132492,0.020858794450759888,-0.7107221484184265
42,source,22,0.022891946136951447,0.11221849918365479,-0.6454579830169678
42,source,23,-0.02818765491247177,0.1807049959897995,-0.6452679634094238
42,source,24,-0.06796203553676605,0.11510008573532104,-0.7192204594612122
42,source,25,-0.05809788405895233,0.19319647550582886,-0.8209252953529358
42,source,26,-0.042546823620796204,0.19771212339401245,-0.7907906770706177
42,source,27,-0.016115382313728333,0.1904846727848053,-0.8210901021957397
42,source,28,-0.1113760769367218,0.1855446696281433,-0.866712749004364
42,source,29,-0.03124905377626419,0.20815223455429077,-0.7304962873458862
42,source,30,-0.12390437722206116,0.18942853808403015,-0.8066152334213257
42,source,31,-0.0004912093281745911,0.08931194245815277,-0.6949825286865234
42,source,32,-0.024991847574710846,0.129322811961174,-0.7442443370819092
42,source,33,-0.14253844320774078,0.17488563060760498,-0.7967570424079895
42,source,34,-0.14743681252002716,0.19910912215709686,-0.762824535369873
42,source,35,-0.12650494277477264,0.16266489028930664,-0.7813357710838318
42,source,36,-0.12760087847709656,0.15095436573028564,-0.7651576995849609
42,source,37,-0.14632318913936615,0.18182536959648132,-0.7761072516441345
42,source,38,-0.09340079128742218,0.16476255655288696,-0.7584941387176514
42,source,39,-0.12937331199645996,0.17799271643161774,-0.7876973748207092
42,source,40,-0.049473583698272705,0.19940303266048431,-0.6905875205993652
42,source,41,-0.04780171811580658,0.19332630932331085,-0.636443018913269
42,source,42,-0.12727126479148865,0.16831691563129425,-0.6918075084686279
42,source,43,-0.12669634819030762,0.20816639065742493,-0.6852269768714905
42,source,44,-0.1636006087064743,0.1856977641582489,-0.6932231783866882
42,source,45,-0.12825392186641693,0.1715148240327835,-0.699965238571167
42,source,46,-0.18767203390598297,0.34356340765953064,-0.8191079497337341
42,source,47,-0.0755140483379364,0.34180188179016113,-0.7404617071151733
42,source,48,-0.03544466197490692,0.3553473949432373,-0.7269737720489502
42,source,49,-0.18943066895008087,0.3661060333251953,-0.8315668106079102
42,source,50,-0.16995631158351898,0.27038317918777466,-0.7759917974472046
42,source,51,-0.04042284935712814,0.2156970500946045,-0.7450385093688965
42,source,52,-0.05480337142944336,0.2675304114818573,-0.7698425650596619
42,source,53,-0.009274370968341827,0.2541070580482483,-0.7699263691902161
42,source,54,0.0009984448552131653,0.2253742814064026,-0.7208566665649414
42,source,55,-0.0020701512694358826,0.25550875067710876,-0.6971896886825562
42,source,56,-0.008544974029064178,0.30459994077682495,-0.7094838619232178
42,source,57,-0.013079218566417694,0.29460930824279785,-0.7449142336845398
42,source,58,0.0352005809545517,0.2506859004497528,-0.707847535610199
42,source,59,-0.017956741154193878,0.28469082713127136,-0.7607330679893494
42,source,60,-0.05451522767543793,0.293876588344574,-0.7715548276901245
42,source,61,-0.08134482800960541,0.29294851422309875,-0.7610964179039001
42,source,62,-0.1289561539888382,0.2713451087474823,-0.8074352741241455
42,source,63,-0.06977951526641846,0.2981923222541809,-0.7724127769470215
42,target,0,-0.1263025850057602,0.17335109412670135,-0.7913383841514587
42,target,1,-0.15573279559612274,0.1826542764902115,-0.7575036287307739
42,target,2,-0.16474705934524536,0.18087509274482727,-0.7782102823257446
42,target,3,-0.16856269538402557,0.1929754912853241,-0.7821933627128601
42,target,4,-0.13682520389556885,0.18623146414756775,-0.7696233987808228
42,target,5,-0.1424759030342102,0.1748427152633667,-0.7893838882446289
42,target,6,-0.16358068585395813,0.18591630458831787,-0.7837488055229187
42,target,7,-0.1583302617073059,0.20443032681941986,-0.7858675718307495
42,target,8,-0.16448813676834106,0.2031208574771881,-0.7747509479522705
42,target,9,-0.13882553577423096,0.1907176375389099,-0.7935231924057007
42,target,10,-0.15824007987976074,0.18245424330234528,-0.7647788524627686
42,target,11,-0.16963215172290802,0.19144070148468018,-0.7847462892532349
42,target,12,-0.1676245778799057,0.1778160035610199,-0.769244372844696
42,target,13,-0.1514677107334137,0.14902614057064056,-0.7491185665130615
42,target,14,-0.13760508596897125,0.1875949501991272,-0.7766672968864441
42,target,15,-0.18626044690608978,0.1986258327960968,-0.7538496255874634
42,target,16,-0.18147696554660797,0.20249073207378387,-0.7784225940704346
42,target,17,-0.18019400537014008,0.20931991934776306,-0.7656193971633911
42,target,18,-0.16836942732334137,0.20588012039661407,-0.7670725584030151
42,target,19,-0.18441717326641083,0.20915961265563965,-0.7699509859085083
42,target,20,-0.19860978424549103,0.2087927907705307,-0.7670636773109436
42,target,21,-0.1596929132938385,0.19358417391777039,-0.7488528490066528
42,target,22,-0.15921838581562042,0.2286905199289322,-0.7803411483764648
42,target,23,-0.16674067080020905,0.21494607627391815,-0.757825493812561
42,target,24,-0.1544611006975174,0.21146035194396973,-0.7706258893013
42,target,25,-0.1814730316400528,0.22981441020965576,-0.7678636312484741
42,target,26,-0.1728251427412033,0.20222364366054535,-0.7657396197319031
42,target,27,-0.15415866672992706,0.17709553241729736,-0.7319469451904297
42,target,28,-0.12108051776885986,0.1585848033428192,-0.7516717314720154
42,target,29,-0.15679576992988586,0.17367452383041382,-0.770866870880127
42,target,30,-0.16403353214263916,0.17545366287231445,-0.7807421088218689
42,target,31,-0.1513533741235733,0.18932828307151794,-0.7806344032287598
42,target,32,-0.14560525119304657,0.16554950177669525,-0.7899502515792847
42,target,33,-0.1560228019952774,0.1760452836751938,-0.7838330864906311
42,target,34,-0.15389110147953033,0.1990189552307129,-0.8037148118019104
42,target,35,-0.14646971225738525,0.1817663311958313,-0.761939525604248
42,target,36,-0.15691013634204865,0.15783868730068207,-0.7241557836532593
42,target,37,-0.17706917226314545,0.1981538087129593,-0.7438157200813293
42,target,38,-0.16032475233078003,0.21660026907920837,-0.781946063041687
42,target,39,-0.16753844916820526,0.21139506995677948,-0.7609161138534546
42,target,40,-0.1829526275396347,0.2000909298658371,-0.7762445211410522
42,target,41,-0.1800241321325302,0.2047378122806549,-0.7662323117256165
42,target,42,-0.1538797914981842,0.18726903200149536,-0.7781664729118347
42,target,43,-0.18814603984355927,0.1744627207517624,-0.7744649648666382
42,target,44,-0.1756906360387802,0.20621192455291748,-0.7617623209953308
42,target,45,-0.2014569193124771,0.21885401010513306,-0.7702136039733887
42,target,46,-0.16499988734722137,0.1916363537311554,-0.7669358253479004
42,target,47,-0.16159409284591675,0.169231116771698,-0.777738094329834
42,target,48,-0.160971999168396,0.19493386149406433,-0.7901614904403687
42,target,49,-0.1642688810825348,0.19907140731811523,-0.7622394561767578
42,target,50,-0.12115353345870972,0.18633785843849182,-0.8132908344268799
42,target,51,-0.1335822492837906,0.17956581711769104,-0.7683239579200745
42,target,52,-0.1434771716594696,0.1687772274017334,-0.7923204302787781
42,target,53,-0.16188004612922668,0.18281328678131104,-0.7987571358680725
42,target,54,-0.14838366210460663,0.17395392060279846,-0.7584530711174011
42,target,55,-0.1461721807718277,0.19425182044506073,-0.7867553234100342
42,target,56,-0.13354390859603882,0.1961604654788971,-0.7862979173660278
42,target,57,-0.14373785257339478,0.19173471629619598,-0.7807133793830872
42,target,58,-0.12764230370521545,0.18323419988155365,-0.7721241116523743
42,target,59,-0.14328305423259735,0.17792212963104248,-0.7903527021408081
42,target,60,-0.17173080146312714,0.17781102657318115,-0.7749729752540588
42,target,61,-0.17745934426784515,0.17936354875564575,-0.7794719338417053
42,target,62,-0.15835896134376526,0.16898086667060852,-0.7764419317245483
42,target,63,-0.15776081383228302,0.16860119998455048,-0.7592191696166992
43,source,0,-0.0709024965763092,0.2932282090187073,-0.7561041116714478
43,source,1,-0.0295126810669899,0.21490919589996338,-0.8517399430274963
43,source,2,-0.10088768601417542,0.1924959272146225,-0.851209282875061
43,source,3,-0.04851396381855011,0.23190957307815552,-0.8427067995071411
43,source,4,-0.0587846040725708,0.1745448261499405,-0.7876242995262146
43,source,5,0.00604015588760376,-0.07267701625823975,-0.5304617285728455
43,source,6,-0.040783584117889404,0.050644710659980774,-0.7151576280593872
43,source,7,-0.05788373947143555,0.11151136457920074,-0.5931602716445923
43,source,8,-0.08682513236999512,0.09723614156246185,-0.6533940434455872
43,source,9,-0.02980353683233261,0.19592167437076569,-0.6353159546852112
43,source,10,-0.006226196885108948,0.162063330411911,-0.5681460499763489
43,source,11,0.03005068004131317,0.08453411608934402,-0.6116123795509338
43,source,12,-0.02755965292453766,0.18638189136981964,-0.5986209511756897
43,source,13,-0.04972754418849945,0.2423568069934845,-0.7243202924728394
43,source,14,-0.004067808389663696,0.17534101009368896,-0.7612403631210327
43,source,15,-0.059615492820739746,0.1974029392004013,-0.795612096786499
43,source,16,-0.07234825193881989,0.19284838438034058,-0.7940632700920105
43,source,17,-0.022196538746356964,0.10253912955522537,-0.6528242230415344
43,source,18,0.005027927458286285,0.05264485627412796,-0.6871675848960876
43,source,19,-0.02682984620332718,0.13445864617824554,-0.7171802520751953
43,source,20,0.012210853397846222,0.0723283514380455,-0.7174433469772339
43,source,21,-0.08569295704364777,0.04039682447910309,-0.7067473530769348
43,source,22,0.03098529949784279,0.09976020455360413,-0.6468300819396973
43,source,23,-0.011979721486568451,0.18742980062961578,-0.6659456491470337
43,source,24,-0.061625584959983826,0.11195817589759827,-0.7174140810966492
43,source,25,-0.052732840180397034,0.1953004002571106,-0.8372322916984558
43,source,26,-0.025215618312358856,0.20141524076461792,-0.8066220283508301
43,source,27,-0.008351340889930725,0.18149052560329437,-0.8492355346679688
43,source,28,-0.11016334593296051,0.19826288521289825,-0.8785297870635986
43,source,29,-0.0003581047058105469,0.21199190616607666,-0.7394194602966309
43,source,30,-0.12265264987945557,0.2075258195400238,-0.817960262298584
43,source,31,0.012198373675346375,0.08463641256093979,-0.7014415860176086
43,source,32,-0.0007522329688072205,0.11698178201913834,-0.751431405544281
43,source,33,-0.10957904160022736,0.17677897214889526,-0.8234273791313171
43,source,34,-0.1209900826215744,0.22246535122394562,-0.7945099472999573
43,source,35,-0.11163303256034851,0.15303479135036469,-0.800258994102478
43,source,36,-0.12142994999885559,0.17328442633152008,-0.7767766714096069
43,source,37,-0.15032309293746948,0.1952584981918335,-0.8003479838371277
43,source,38,-0.08219011127948761,0.17833521962165833,-0.7775609493255615
43,source,39,-0.10768188536167145,0.19048355519771576,-0.8023421764373779
43,source,40,-0.04514646530151367,0.20174653828144073,-0.6852626800537109
43,source,41,-0.05214597284793854,0.18203265964984894,-0.6339467763900757
43,source,42,-0.1385447233915329,0.19493454694747925,-0.7060370445251465
43,source,43,-0.15037225186824799,0.23756174743175507,-0.6876688599586487
43,source,44,-0.19049744307994843,0.21837419271469116,-0.7058481574058533
43,source,45,-0.15310868620872498,0.2018485814332962,-0.7117399573326111
43,source,46,-0.2001289278268814,0.3375338912010193,-0.8519300818443298
43,source,47,-0.06009975075721741,0.3523395359516144,-0.7629558444023132
43,source,48,-0.013588331639766693,0.36672767996788025,-0.7347055077552795
43,source,49,-0.19977577030658722,0.35072463750839233,-0.8543551564216614
43,source,50,-0.18983180820941925,0.2788945436477661,-0.781965970993042
43,source,51,-0.016778089106082916,0.22222554683685303,-0.7697254419326782
43,source,52,-0.027775652706623077,0.2678581476211548,-0.783013105392456
43,source,53,0.00432412326335907,0.25536835193634033,-0.7784736156463623
43,source,54,0.02490720897912979,0.2181394100189209,-0.7451585531234741
43,source,55,0.011308722198009491,0.2509445548057556,-0.7166974544525146
43,source,56,0.008536048233509064,0.31678563356399536,-0.7212707996368408
43,source,57,0.008054390549659729,0.3008318543434143,-0.759307324886322
43,source,58,0.054888900369405746,0.2550131678581238,-0.7143607139587402
43,source,59,0.014349766075611115,0.2934745252132416,-0.771631121635437
43,source,60,-0.027704522013664246,0.3032252788543701,-0.7856248021125793
43,source,61,-0.0572066456079483,0.30479586124420166,-0.7737382650375366
43,source,62,-0.11072598397731781,0.27907422184944153,-0.8188351988792419
43,source,63,-0.04283902049064636,0.3081740140914917,-0.7874438762664795
43,target,0,-0.12327811121940613,0.19776830077171326,-0.8191748261451721
43,target,1,-0.15016566216945648,0.20940066874027252,-0.7853874564170837
43,target,2,-0.15268445014953613,0.20269253849983215,-0.8169792890548706
43,target,3,-0.16933880746364594,0.20214980840682983,-0.8055098056793213
43,target,4,-0.12498562037944794,0.1945924609899521,-0.7922435402870178
43,target,5,-0.1449832022190094,0.19902828335762024,-0.8197733163833618
43,target,6,-0.15459276735782623,0.20200075209140778,-0.8021034002304077
43,target,7,-0.15265174210071564,0.22995290160179138,-0.8173650503158569
43,target,8,-0.15173140168190002,0.21964417397975922,-0.7983075380325317
43,target,9,-0.13742263615131378,0.206800177693367,-0.8242098689079285
43,target,10,-0.1481878012418747,0.20548078417778015,-0.7938639521598816
43,target,11,-0.16200238466262817,0.20735815167427063,-0.812699556350708
43,target,12,-0.17510350048542023,0.19917702674865723,-0.7840556502342224
43,target,13,-0.16427645087242126,0.16810524463653564,-0.7742917537689209
43,target,14,-0.13574360311031342,0.189623162150383,-0.8109366297721863
43,target,15,-0.17829887568950653,0.21684813499450684,-0.7715665698051453
43,target,16,-0.16940681636333466,0.2131209373474121,-0.7975674867630005
43,target,17,-0.17263363301753998,0.224287748336792,-0.784592866897583
43,target,18,-0.17156530916690826,0.22278627753257751,-0.7852025032043457
43,target,19,-0.18727101385593414,0.23248392343521118,-0.7904702425003052
43,target,20,-0.1811310201883316,0.228565514087677,-0.7986992597579956
43,target,21,-0.1405506581068039,0.200260728597641,-0.7925557494163513
43,target,22,-0.1539166122674942,0.24443408846855164,-0.8145425915718079
43,target,23,-0.15999338030815125,0.22322827577590942,-0.7889890074729919
43,target,24,-0.1411992907524109,0.22426804900169373,-0.8113763332366943
43,target,25,-0.16699285805225372,0.2368215173482895,-0.7886618971824646
43,target,26,-0.16609065234661102,0.21288622915744781,-0.7931130528450012
43,target,27,-0.15098153054714203,0.19886793196201324,-0.7584013342857361
43,target,28,-0.12991675734519958,0.18013516068458557,-0.7909460663795471
43,target,29,-0.16613827645778656,0.19233350455760956,-0.7919713258743286
43,target,30,-0.15626205503940582,0.19320079684257507,-0.8133313059806824
43,target,31,-0.14772583544254303,0.21179133653640747,-0.8094693422317505
43,target,32,-0.12987318634986877,0.18712878227233887,-0.8184639811515808
43,target,33,-0.1527732014656067,0.20889025926589966,-0.8070029616355896
43,target,34,-0.14784805476665497,0.21051348745822906,-0.8105278015136719
43,target,35,-0.13432934880256653,0.1943289339542389,-0.7974006533622742
43,target,36,-0.1608886569738388,0.19235225021839142,-0.749586820602417
43,target,37,-0.16768838465213776,0.21091577410697937,-0.7800555229187012
43,target,38,-0.15079784393310547,0.22749444842338562,-0.7998334169387817
43,target,39,-0.15181468427181244,0.22851692140102386,-0.7979526519775391
43,target,40,-0.1732395738363266,0.2192896604537964,-0.8045579195022583
43,target,41,-0.1637244075536728,0.21027909219264984,-0.8025355935096741
43,target,42,-0.14446623623371124,0.19923435151576996,-0.8092349767684937
43,target,43,-0.17916841804981232,0.1989460289478302,-0.7993595004081726
43,target,44,-0.17968444526195526,0.2132415473461151,-0.7931338548660278
43,target,45,-0.19213105738162994,0.22827744483947754,-0.7949734330177307
43,target,46,-0.15878155827522278,0.19780662655830383,-0.7948609590530396
43,target,47,-0.15315020084381104,0.1842934787273407,-0.8013625741004944
43,target,48,-0.16811414062976837,0.2056228369474411,-0.8093082308769226
43,target,49,-0.15319302678108215,0.21136143803596497,-0.7914788126945496
43,target,50,-0.1167285293340683,0.19425755739212036,-0.8297431468963623
43,target,51,-0.12432147562503815,0.1819581538438797,-0.7825320959091187
43,target,52,-0.11791884899139404,0.17697621881961823,-0.8023965954780579
43,target,53,-0.14930438995361328,0.18707266449928284,-0.8097684383392334
43,target,54,-0.11990086734294891,0.17234297096729279,-0.7773330211639404
43,target,55,-0.13101407885551453,0.1967553198337555,-0.8059653043746948
43,target,56,-0.11774927377700806,0.20982703566551208,-0.8039625287055969
43,target,57,-0.12733304500579834,0.20695368945598602,-0.8034900426864624
43,target,58,-0.11012876033782959,0.19083528220653534,-0.7907738089561462
43,target,59,-0.13782773911952972,0.18400730192661285,-0.8003373146057129
43,target,60,-0.14118772745132446,0.177962526679039,-0.7888139486312866
43,target,61,-0.1674763709306717,0.19547909498214722,-0.7903140187263489
43,target,62,-0.1500789374113083,0.17845739424228668,-0.7828507423400879
43,target,63,-0.16733284294605255,0.18834730982780457,-0.7690417170524597
44,source,0,-0.11262248456478119,0.30780285596847534,-0.748862624168396
44,source,1,-0.06047840416431427,0.22786208987236023,-0.8517176508903503
44,source,2,-0.12203933298587799,0.20086249709129333,-0.8404434323310852
44,source,3,-0.09245936572551727,0.24654284119606018,-0.825351357460022
44,source,4,-0.10161562263965607,0.19358693063259125,-0.7749652862548828
44,source,5,-0.047498270869255066,-0.0297548770904541,-0.5367640852928162
44,source,6,-0.08223198354244232,0.06354551762342453,-0.7065082788467407
44,source,7,-0.0933707058429718,0.11952247470617294,-0.5894630551338196
44,source,8,-0.11459852755069733,0.10483158379793167,-0.6501660943031311
44,source,9,-0.07113400101661682,0.21676699817180634,-0.6126016974449158
44,source,10,-0.04654818773269653,0.19875815510749817,-0.5677535533905029
44,source,11,-0.015566103160381317,0.1264549195766449,-0.6126506328582764
44,source,12,-0.06666795909404755,0.219814270734787,-0.6034538745880127
44,source,13,-0.09543336927890778,0.24918332695960999,-0.7163793444633484
44,source,14,-0.06483858823776245,0.20268628001213074,-0.7406274080276489
44,source,15,-0.12512117624282837,0.23261907696723938,-0.7802667617797852
44,source,16,-0.14693386852741241,0.22102448344230652,-0.7757080793380737
44,source,17,-0.06226706504821777,0.120667964220047,-0.6569715738296509
44,source,18,-0.02881699800491333,0.05747176706790924,-0.6908559203147888
44,source,19,-0.05427521467208862,0.14945010840892792,-0.7223455905914307
44,source,20,-0.00794675201177597,0.08897162973880768,-0.72297203540802
44,source,21,-0.0876111090183258,0.04213390499353409,-0.7382850646972656
44,source,22,-0.004240736365318298,0.13051505386829376,-0.6531044840812683
44,source,23,-0.05345383286476135,0.20307299494743347,-0.6564719080924988
44,source,24,-0.08144670724868774,0.12891288101673126,-0.7304421663284302
44,source,25,-0.08557243645191193,0.20519891381263733,-0.8205578923225403
44,source,26,-0.0590117871761322,0.22297030687332153,-0.793257474899292
44,source,27,-0.042585909366607666,0.19083735346794128,-0.8345370292663574
44,source,28,-0.14198029041290283,0.19790536165237427,-0.8652839660644531
44,source,29,-0.051337093114852905,0.22436241805553436,-0.7236899733543396
44,source,30,-0.16427551209926605,0.20827217400074005,-0.8043900728225708
44,source,31,-0.02925117313861847,0.0910838395357132,-0.6898919343948364
44,source,32,-0.04335397481918335,0.13988539576530457,-0.7336609363555908
44,source,33,-0.13221412897109985,0.19700446724891663,-0.8115630745887756
44,source,34,-0.15494953095912933,0.22841136157512665,-0.779007077217102
44,source,35,-0.12820053100585938,0.17347775399684906,-0.7946127653121948
44,source,36,-0.13343214988708496,0.17542947828769684,-0.7730345726013184
44,source,37,-0.1550598442554474,0.20583349466323853,-0.7989025712013245
44,source,38,-0.114042267203331,0.20133475959300995,-0.7825565338134766
44,source,39,-0.12824395298957825,0.20059847831726074,-0.7924963235855103
44,source,40,-0.058009058237075806,0.2091226875782013,-0.6950544118881226
44,source,41,-0.052092939615249634,0.2020551711320877,-0.6574053764343262
44,source,42,-0.16094519197940826,0.19856050610542297,-0.7332892417907715
44,source,43,-0.17255853116512299,0.2335895597934723,-0.7242454290390015
44,source,44,-0.19846685230731964,0.21198581159114838,-0.7397525906562805
44,source,45,-0.15982235968112946,0.1965547800064087,-0.7366040945053101
44,source,46,-0.22764097154140472,0.3419417142868042,-0.8453643321990967
44,source,47,-0.09987787902355194,0.3519623875617981,-0.7545289993286133
44,source,48,-0.04796762764453888,0.38401901721954346,-0.7268290519714355
44,source,49,-0.25363439321517944,0.36388784646987915,-0.8461509943008423
44,source,50,-0.21140174567699432,0.2845473289489746,-0.7846152782440186
44,source,51,-0.057326287031173706,0.229383185505867,-0.7577313780784607
44,source,52,-0.0763053297996521,0.2655811011791229,-0.7677549719810486
44,source,53,-0.038754746317863464,0.2587418854236603,-0.7653266191482544
44,source,54,-0.03290846198797226,0.24448157846927643,-0.7393872141838074
44,source,55,-0.029923655092716217,0.2735529839992523,-0.701740562915802
44,source,56,-0.033777959644794464,0.3139258623123169,-0.7138779759407043
44,source,57,-0.023550458252429962,0.3001764416694641,-0.7378364205360413
44,source,58,0.0037105977535247803,0.266083687543869,-0.6903442740440369
44,source,59,-0.026462353765964508,0.30072224140167236,-0.7511048316955566
44,source,60,-0.06302663683891296,0.30998915433883667,-0.7777869701385498
44,source,61,-0.09456045925617218,0.30517905950546265,-0.7726953029632568
44,source,62,-0.14453986287117004,0.28300485014915466,-0.8152531981468201
44,source,63,-0.08199183642864227,0.30580729246139526,-0.7823739647865295
44,target,0,-0.14486464858055115,0.19199040532112122,-0.8140960931777954
44,target,1,-0.18254847824573517,0.196833536028862,-0.7739436030387878
44,target,2,-0.18013165891170502,0.19989454746246338,-0.8163720369338989
44,target,3,-0.1978837102651596,0.20805948972702026,-0.8161742687225342
44,target,4,-0.16686804592609406,0.20719915628433228,-0.7815051078796387
44,target,5,-0.17910729348659515,0.20166392624378204,-0.8123596906661987
44,target,6,-0.18369512259960175,0.20485883951187134,-0.8056215047836304
44,target,7,-0.1775713711977005,0.22523903846740723,-0.8154881000518799
44,target,8,-0.18825139105319977,0.22091835737228394,-0.798394501209259
44,target,9,-0.1558099091053009,0.19829553365707397,-0.8197016716003418
44,target,10,-0.1851048320531845,0.20857380330562592,-0.7961685657501221
44,target,11,-0.1953066736459732,0.20904868841171265,-0.8179660439491272
44,target,12,-0.1948293000459671,0.19438019394874573,-0.7981380820274353
44,target,13,-0.18281881511211395,0.162994846701622,-0.7801257371902466
44,target,14,-0.15760815143585205,0.19279557466506958,-0.8006716966629028
44,target,15,-0.22492344677448273,0.22467944025993347,-0.7708302736282349
44,target,16,-0.1957324594259262,0.20919504761695862,-0.7977606058120728
44,target,17,-0.19746752083301544,0.21564051508903503,-0.7926663756370544
44,target,18,-0.19698359072208405,0.2143143266439438,-0.7888975143432617
44,target,19,-0.21849922835826874,0.2285975217819214,-0.7912954688072205
44,target,20,-0.20515652000904083,0.22276754677295685,-0.8050292134284973
44,target,21,-0.1827724725008011,0.21518023312091827,-0.7858099937438965
44,target,22,-0.18427343666553497,0.23903325200080872,-0.8111640810966492
44,target,23,-0.17969132959842682,0.21713268756866455,-0.7933078408241272
44,target,24,-0.1811486929655075,0.21913842856884003,-0.8087180852890015
44,target,25,-0.1991065889596939,0.22856295108795166,-0.783282995223999
44,target,26,-0.1994365006685257,0.21274183690547943,-0.7911704778671265
44,target,27,-0.18334437906742096,0.1894855946302414,-0.7652512788772583
44,target,28,-0.14916738867759705,0.18428663909435272,-0.7886342406272888
44,target,29,-0.19182007014751434,0.19680990278720856,-0.8034061193466187
44,target,30,-0.1849014312028885,0.1955660581588745,-0.8140609860420227
44,target,31,-0.18026815354824066,0.19975484907627106,-0.8077929019927979
44,target,32,-0.16118083894252777,0.1935979276895523,-0.8135573267936707
44,target,33,-0.17012040317058563,0.20364245772361755,-0.8128883838653564
44,target,34,-0.16567258536815643,0.19328169524669647,-0.808079183101654
44,target,35,-0.16861195862293243,0.19724851846694946,-0.803829550743103
44,target,36,-0.18396161496639252,0.18460792303085327,-0.7457703948020935
44,target,37,-0.20323871076107025,0.2142571359872818,-0.7695053815841675
44,target,38,-0.19493524730205536,0.2281394600868225,-0.7979344129562378
44,target,39,-0.19097240269184113,0.21858525276184082,-0.796524167060852
44,target,40,-0.21469296514987946,0.2208040952682495,-0.8110553026199341
44,target,41,-0.1952507048845291,0.21175672113895416,-0.8021881580352783
44,target,42,-0.18059442937374115,0.20866326987743378,-0.8138213157653809
44,target,43,-0.2129507213830948,0.2052045464515686,-0.8066152334213257
44,target,44,-0.1990640014410019,0.22172722220420837,-0.808887243270874
44,target,45,-0.2219841629266739,0.23344646394252777,-0.8128170371055603
44,target,46,-0.18858589231967926,0.20635926723480225,-0.795966386795044
44,target,47,-0.18646074831485748,0.18169023096561432,-0.7994795441627502
44,target,48,-0.19398029148578644,0.21126417815685272,-0.8192818760871887
44,target,49,-0.1987733691930771,0.21636255085468292,-0.7928912043571472
44,target,50,-0.1554700881242752,0.21447362005710602,-0.8068026304244995
44,target,51,-0.16087907552719116,0.19805729389190674,-0.7654727101325989
44,target,52,-0.16247636079788208,0.18584056198596954,-0.7855072617530823
44,target,53,-0.18635444343090057,0.1871090531349182,-0.7955638766288757
44,target,54,-0.15400509536266327,0.1843319833278656,-0.7627205848693848
44,target,55,-0.1682787388563156,0.20661072432994843,-0.7930032014846802
44,target,56,-0.1527010053396225,0.213676318526268,-0.7915518283843994
44,target,57,-0.16310890018939972,0.2144821584224701,-0.7895295023918152
44,target,58,-0.14911594986915588,0.20179657638072968,-0.778305172920227
44,target,59,-0.16612325608730316,0.19093813002109528,-0.7888802289962769
44,target,60,-0.19328941404819489,0.20200607180595398,-0.7756186723709106
44,target,61,-0.20023860037326813,0.18968956172466278,-0.7762852907180786
44,target,62,-0.18439404666423798,0.18610575795173645,-0.769965410232544
44,target,63,-0.19805459678173065,0.19540448486804962,-0.7520300149917603
45,source,0,-0.11032456159591675,0.29320865869522095,-0.7443605065345764
45,source,1,-0.06882038712501526,0.21891891956329346,-0.8515751957893372
45,source,2,-0.11363770067691803,0.19413357973098755,-0.8389137983322144
45,source,3,-0.09183590114116669,0.23443421721458435,-0.8258856534957886
45,source,4,-0.09761504828929901,0.1782856434583664,-0.7797536253929138
45,source,5,-0.08588013052940369,-0.03608722984790802,-0.5850101709365845
45,source,6,-0.10629597306251526,0.07331875711679459,-0.7486501336097717
45,source,7,-0.08752980828285217,0.120529904961586,-0.6046833395957947
45,source,8,-0.12244011461734772,0.12127485871315002,-0.6752338409423828
45,source,9,-0.08903545141220093,0.20222002267837524,-0.6366825103759766
45,source,10,-0.0677071213722229,0.1872478574514389,-0.5791106224060059
45,source,11,-0.021393373608589172,0.13617649674415588,-0.6550388932228088
45,source,12,-0.07245141267776489,0.20485524833202362,-0.6074866056442261
45,source,13,-0.08811585605144501,0.23437848687171936,-0.71631920337677
45,source,14,-0.05780535936355591,0.19076338410377502,-0.7409690022468567
45,source,15,-0.12414057552814484,0.22004209458827972,-0.7868670225143433
45,source,16,-0.14672069251537323,0.20855554938316345,-0.777580738067627
45,source,17,-0.07743149995803833,0.12154041230678558,-0.6524739861488342
45,source,18,-0.046567052602767944,0.06561312824487686,-0.7123008966445923
45,source,19,-0.06403622031211853,0.14564813673496246,-0.7178167700767517
45,source,20,-0.02155480533838272,0.08088716864585876,-0.711114764213562
45,source,21,-0.11737853288650513,0.08970664441585541,-0.7430334687232971
45,source,22,-0.027218759059906006,0.1276092827320099,-0.6538864970207214
45,source,23,-0.05520811676979065,0.20047299563884735,-0.6604899764060974
45,source,24,-0.09338982403278351,0.133628711104393,-0.7309555411338806
45,source,25,-0.08413241803646088,0.2027992159128189,-0.8216485381126404
45,source,26,-0.07217101752758026,0.2114044427871704,-0.7907135486602783
45,source,27,-0.040778130292892456,0.19625478982925415,-0.8205652236938477
45,source,28,-0.139387309551239,0.21550427377223969,-0.8718271851539612
45,source,29,-0.06546817719936371,0.2087855041027069,-0.72745680809021
45,source,30,-0.1443716287612915,0.19648414850234985,-0.801998496055603
45,source,31,-0.02942868322134018,0.09027869254350662,-0.7177733778953552
45,source,32,-0.04357272386550903,0.12343735992908478,-0.754689633846283
45,source,33,-0.13918328285217285,0.1958405077457428,-0.8113600015640259
45,source,34,-0.15665821731090546,0.2191678285598755,-0.7992489337921143
45,source,35,-0.1386532336473465,0.17179930210113525,-0.8039511442184448
45,source,36,-0.12409332394599915,0.16252467036247253,-0.7888820171356201
45,source,37,-0.15787146985530853,0.20790284872055054,-0.8002306222915649
45,source,38,-0.109948068857193,0.19915172457695007,-0.7779502272605896
45,source,39,-0.1312355101108551,0.1972626894712448,-0.7914889454841614
45,source,40,-0.09439411759376526,0.20541918277740479,-0.7015818953514099
45,source,41,-0.09442892670631409,0.20508790016174316,-0.6490874290466309
45,source,42,-0.15144647657871246,0.19381511211395264,-0.7238999009132385
45,source,43,-0.1503046452999115,0.22635120153427124,-0.7030130624771118
45,source,44,-0.17368008196353912,0.19788333773612976,-0.7118273973464966
45,source,45,-0.1487421840429306,0.19308263063430786,-0.7247909903526306
45,source,46,-0.20376922190189362,0.33203864097595215,-0.8331940770149231
45,source,47,-0.09806688129901886,0.33997946977615356,-0.745597243309021
45,source,48,-0.05838063359260559,0.36279478669166565,-0.725845217704773
45,source,49,-0.23288364708423615,0.3584352135658264,-0.8407785296440125
45,source,50,-0.18677644431591034,0.2674000859260559,-0.7681490182876587
45,source,51,-0.05362005531787872,0.2126244306564331,-0.7446780204772949
45,source,52,-0.06921854615211487,0.254935085773468,-0.7596814632415771
45,source,53,-0.030461758375167847,0.23831573128700256,-0.7677854299545288
45,source,54,-0.021354034543037415,0.22320809960365295,-0.742906391620636
45,source,55,-0.030793622136116028,0.2555001676082611,-0.6980067491531372
45,source,56,-0.03920971602201462,0.3054356575012207,-0.7051894664764404
45,source,57,-0.029048696160316467,0.2886297404766083,-0.7447326183319092
45,source,58,0.00225742906332016,0.2529175281524658,-0.7055066823959351
45,source,59,-0.037059858441352844,0.285102903842926,-0.7504304647445679
45,source,60,-0.05982999503612518,0.29923713207244873,-0.7724948525428772
45,source,61,-0.09885521233081818,0.28936004638671875,-0.7639720439910889
45,source,62,-0.12874743342399597,0.27999046444892883,-0.7955208420753479
45,source,63,-0.07142247259616852,0.29849663376808167,-0.7739059329032898
45,target,0,-0.15985339879989624,0.19478808343410492,-0.8081048727035522
45,target,1,-0.1839086264371872,0.20061391592025757,-0.765039324760437
45,target,2,-0.1876259595155716,0.20585507154464722,-0.8074448704719543
45,target,3,-0.19270209968090057,0.2005009651184082,-0.8044649958610535
45,target,4,-0.16960330307483673,0.19782324135303497,-0.7813844680786133
45,target,5,-0.173483207821846,0.19659271836280823,-0.7963629961013794
45,target,6,-0.18543605506420135,0.20311161875724792,-0.7871264219284058
45,target,7,-0.18466825783252716,0.21763108670711517,-0.7968622446060181
45,target,8,-0.18557070195674896,0.2053694874048233,-0.7881193161010742
45,target,9,-0.15725862979888916,0.1894679069519043,-0.8017903566360474
45,target,10,-0.17773111164569855,0.19735367596149445,-0.7938578724861145
45,target,11,-0.19507770240306854,0.2015630006790161,-0.800153911113739
45,target,12,-0.1963411122560501,0.19139355421066284,-0.7769743204116821
45,target,13,-0.17425884306430817,0.16868554055690765,-0.7796676754951477
45,target,14,-0.16547568142414093,0.1947399079799652,-0.8053064942359924
45,target,15,-0.22400282323360443,0.21026332676410675,-0.7762262225151062
45,target,16,-0.19703920185565948,0.2108517438173294,-0.7849358320236206
45,target,17,-0.19762296974658966,0.22040021419525146,-0.7836937308311462
45,target,18,-0.2013423889875412,0.21513600647449493,-0.7788520455360413
45,target,19,-0.21798698604106903,0.2189556062221527,-0.7826671600341797
45,target,20,-0.19896136224269867,0.21770916879177094,-0.7986003756523132
45,target,21,-0.18294252455234528,0.2131461799144745,-0.7873474359512329
45,target,22,-0.1729431003332138,0.22889161109924316,-0.8117871284484863
45,target,23,-0.18494586646556854,0.21999439597129822,-0.7917603254318237
45,target,24,-0.19434048235416412,0.21821704506874084,-0.8050288558006287
45,target,25,-0.20711208879947662,0.22128215432167053,-0.7788901329040527
45,target,26,-0.20041711628437042,0.20514601469039917,-0.7968968152999878
45,target,27,-0.18692703545093536,0.19144079089164734,-0.7574307918548584
45,target,28,-0.16767551004886627,0.187489852309227,-0.7795724868774414
45,target,29,-0.18880824744701385,0.18742963671684265,-0.787355363368988
45,target,30,-0.1789645105600357,0.1918134242296219,-0.797640860080719
45,target,31,-0.17171503603458405,0.19196568429470062,-0.790503978729248
45,target,32,-0.16203764081001282,0.18863067030906677,-0.8093034029006958
45,target,33,-0.1859656721353531,0.20025412738323212,-0.78595370054245
45,target,34,-0.18259598314762115,0.18961894512176514,-0.8013997077941895
45,target,35,-0.179617241024971,0.1960076093673706,-0.7820441722869873
45,target,36,-0.1908845752477646,0.1827491819858551,-0.7498155832290649
45,target,37,-0.1992899626493454,0.20240673422813416,-0.7741655111312866
45,target,38,-0.1941278725862503,0.23129257559776306,-0.798884928226471
45,target,39,-0.19363488256931305,0.21445374190807343,-0.7915195226669312
45,target,40,-0.2100919932126999,0.21102967858314514,-0.7980204224586487
45,target,41,-0.19232170283794403,0.2052898406982422,-0.7918789982795715
45,target,42,-0.1888960748910904,0.20851527154445648,-0.7969962954521179
45,target,43,-0.21513311564922333,0.19347916543483734,-0.7973695993423462
45,target,44,-0.19777320325374603,0.2212771773338318,-0.7989531755447388
45,target,45,-0.2158805876970291,0.23047254979610443,-0.7942797541618347
45,target,46,-0.18210621178150177,0.2060280442237854,-0.7886054515838623
45,target,47,-0.18004576861858368,0.18965031206607819,-0.7986125946044922
45,target,48,-0.18515263497829437,0.20721304416656494,-0.8108090162277222
45,target,49,-0.1989046186208725,0.20713883638381958,-0.7875136137008667
45,target,50,-0.15308356285095215,0.19029279053211212,-0.8235312104225159
45,target,51,-0.15630975365638733,0.17579032480716705,-0.7768237590789795
45,target,52,-0.16228899359703064,0.17221291363239288,-0.7938979268074036
45,target,53,-0.19014261662960052,0.19073545932769775,-0.8074218034744263
45,target,54,-0.1687697321176529,0.1766669899225235,-0.7763625383377075
45,target,55,-0.17569832503795624,0.19603684544563293,-0.8024121522903442
45,target,56,-0.1591801941394806,0.19629134237766266,-0.7994542121887207
45,target,57,-0.1622777283191681,0.18983182311058044,-0.8066827654838562
45,target,58,-0.15554311871528625,0.19122570753097534,-0.7919114828109741
45,target,59,-0.17125765979290009,0.1817309409379959,-0.7981237173080444
45,target,60,-0.19951243698596954,0.19600534439086914,-0.7910315990447998
45,target,61,-0.2013639360666275,0.17895559966564178,-0.7920322418212891
45,target,62,-0.18970270454883575,0.17586812376976013,-0.7929604649543762
45,target,63,-0.181104376912117,0.17534402012825012,-0.7654305696487427
46,source,0,-0.08555781841278076,0.3035315275192261,-0.7816401720046997
46,source,1,-0.037460796535015106,0.2422356903553009,-0.8606098294258118
46,source,2,-0.13296650350093842,0.22740161418914795,-0.8502365350723267
46,source,3,-0.10562598705291748,0.2610882520675659,-0.8314397931098938
46,source,4,-0.10547870397567749,0.2012028843164444,-0.79742032289505
46,source,5,-0.044040024280548096,-0.011744394898414612,-0.5690299868583679
46,source,6,-0.07265648245811462,0.06293550878763199,-0.7299181818962097
46,source,7,-0.044401153922080994,0.10371743142604828,-0.6065133213996887
46,source,8,-0.08552134037017822,0.09509590268135071,-0.6673212647438049
46,source,9,-0.06099173426628113,0.2169760763645172,-0.659472644329071
46,source,10,-0.048711925745010376,0.2002735137939453,-0.6134192943572998
46,source,11,-0.004971042275428772,0.15540413558483124,-0.6427141427993774
46,source,12,-0.07842226326465607,0.21556663513183594,-0.6152459383010864
46,source,13,-0.08843135833740234,0.26143014430999756,-0.7434959411621094
46,source,14,-0.036982521414756775,0.2095736712217331,-0.7725491523742676
46,source,15,-0.11988173425197601,0.23360151052474976,-0.7999751567840576
46,source,16,-0.1320270150899887,0.22374635934829712,-0.7869945168495178
46,source,17,-0.0600341260433197,0.1336866021156311,-0.6894184350967407
46,source,18,-0.021028555929660797,0.07622303813695908,-0.6951139569282532
46,source,19,-0.03052651137113571,0.15193521976470947,-0.7399718165397644
46,source,20,0.013994790613651276,0.10437765717506409,-0.7162355780601501
46,source,21,-0.0794655978679657,0.0666208490729332,-0.7450318336486816
46,source,22,0.005863405764102936,0.14485245943069458,-0.6734488606452942
46,source,23,-0.04817737638950348,0.2143673449754715,-0.6957625150680542
46,source,24,-0.06029428541660309,0.1310608834028244,-0.734733521938324
46,source,25,-0.0689389556646347,0.22746428847312927,-0.8231486678123474
46,source,26,-0.04601490497589111,0.22641924023628235,-0.7890895009040833
46,source,27,-0.03371042758226395,0.22063519060611725,-0.8454428315162659
46,source,28,-0.15736308693885803,0.2236291766166687,-0.8686938285827637
46,source,29,-0.04913550615310669,0.22959642112255096,-0.7451287508010864
46,source,30,-0.16791482269763947,0.24221432209014893,-0.8227913975715637
46,source,31,-0.010460875928401947,0.09515905380249023,-0.7070906162261963
46,source,32,-0.027676358819007874,0.15032555162906647,-0.749453604221344
46,source,33,-0.1602238565683365,0.21029019355773926,-0.8397599458694458
46,source,34,-0.1761287897825241,0.22785988450050354,-0.8086867332458496
46,source,35,-0.13683471083641052,0.18581360578536987,-0.8337894678115845
46,source,36,-0.13351938128471375,0.17450280487537384,-0.7972754240036011
46,source,37,-0.16505923867225647,0.2091875821352005,-0.8354307413101196
46,source,38,-0.11689674854278564,0.20699378848075867,-0.8105624914169312
46,source,39,-0.14673246443271637,0.2097800374031067,-0.8179425001144409
46,source,40,-0.056666046380996704,0.21031838655471802,-0.721688985824585
46,source,41,-0.046928659081459045,0.2078419029712677,-0.6765487790107727
46,source,42,-0.13301293551921844,0.18102949857711792,-0.7608702778816223
46,source,43,-0.14982998371124268,0.2093164026737213,-0.7326924204826355
46,source,44,-0.17381547391414642,0.1728045791387558,-0.7558228969573975
46,source,45,-0.14784996211528778,0.17352528870105743,-0.7600206732749939
46,source,46,-0.1773228496313095,0.3459811210632324,-0.838834822177887
46,source,47,-0.0809164047241211,0.3503190875053406,-0.7688978314399719
46,source,48,-0.04179742932319641,0.3612936735153198,-0.7544979453086853
46,source,49,-0.2109614759683609,0.36768481135368347,-0.83580482006073
46,source,50,-0.1568593978881836,0.2877873182296753,-0.7931994795799255
46,source,51,-0.04450933635234833,0.23806914687156677,-0.7622275352478027
46,source,52,-0.06515057384967804,0.2742452621459961,-0.7744379639625549
46,source,53,-0.014883063733577728,0.2662828266620636,-0.7836311459541321
46,source,54,-0.022333376109600067,0.2480766475200653,-0.7659047842025757
46,source,55,-0.025546766817569733,0.2751816511154175,-0.72995525598526
46,source,56,-0.02076316624879837,0.3153079152107239,-0.7377458810806274
46,source,57,-0.024683937430381775,0.31173503398895264,-0.7612642049789429
46,source,58,0.002948082983493805,0.2724876403808594,-0.7174546122550964
46,source,59,-0.03145293891429901,0.2968641519546509,-0.7792891263961792
46,source,60,-0.0570150762796402,0.308102011680603,-0.78936767578125
46,source,61,-0.09266959130764008,0.29562532901763916,-0.7837936878204346
46,source,62,-0.141193687915802,0.27963751554489136,-0.8198307156562805
46,source,63,-0.07175618410110474,0.3058972954750061,-0.7995960712432861
46,target,0,-0.1400599479675293,0.19675175845623016,-0.8065201640129089
46,target,1,-0.15581531822681427,0.2021540105342865,-0.7718830704689026
46,target,2,-0.17169858515262604,0.19374942779541016,-0.8246588706970215
46,target,3,-0.17012347280979156,0.1918109506368637,-0.8178103566169739
46,target,4,-0.14089995622634888,0.2053993195295334,-0.7787315845489502
46,target,5,-0.14827385544776917,0.19473575055599213,-0.7949036955833435
46,target,6,-0.15138188004493713,0.1966783106327057,-0.7933212518692017
46,target,7,-0.1618947982788086,0.2203972041606903,-0.8009147047996521
46,target,8,-0.16118869185447693,0.21390989422798157,-0.7851122617721558
46,target,9,-0.14257852733135223,0.1951209008693695,-0.8040739297866821
46,target,10,-0.1593373417854309,0.18833023309707642,-0.8106904029846191
46,target,11,-0.17488993704319,0.19111225008964539,-0.8124252557754517
46,target,12,-0.17053644359111786,0.18181173503398895,-0.7970086336135864
46,target,13,-0.14153248071670532,0.14593912661075592,-0.7955266833305359
46,target,14,-0.1365218460559845,0.19089408218860626,-0.8098140358924866
46,target,15,-0.20196636021137238,0.2233782410621643,-0.7816201448440552
46,target,16,-0.17486806213855743,0.20381514728069305,-0.7998828887939453
46,target,17,-0.182541623711586,0.2146967351436615,-0.7997230887413025
46,target,18,-0.1818777173757553,0.21389448642730713,-0.8024066090583801
46,target,19,-0.20276297628879547,0.2243296504020691,-0.7987384796142578
46,target,20,-0.19582046568393707,0.2105824202299118,-0.8321117162704468
46,target,21,-0.17513839900493622,0.21006587147712708,-0.8084401488304138
46,target,22,-0.1536945104598999,0.22646233439445496,-0.8344684839248657
46,target,23,-0.1695171445608139,0.22024895250797272,-0.8091301321983337
46,target,24,-0.1680682748556137,0.21759548783302307,-0.8109531402587891
46,target,25,-0.18792910873889923,0.23734891414642334,-0.7802363038063049
46,target,26,-0.1915876418352127,0.2186591923236847,-0.7992605566978455
46,target,27,-0.16257019340991974,0.20667850971221924,-0.7672840356826782
46,target,28,-0.13099780678749084,0.18112853169441223,-0.7922452688217163
46,target,29,-0.17451636493206024,0.18747416138648987,-0.7980049252510071
46,target,30,-0.1549912542104721,0.18321456015110016,-0.8142210841178894
46,target,31,-0.152587890625,0.18555237352848053,-0.8076764941215515
46,target,32,-0.14761459827423096,0.18832340836524963,-0.8210382461547852
46,target,33,-0.15738429129123688,0.2015407234430313,-0.7991693019866943
46,target,34,-0.14041928946971893,0.1893029510974884,-0.8021880984306335
46,target,35,-0.14881932735443115,0.19803035259246826,-0.7760871052742004
46,target,36,-0.172812357544899,0.1952567994594574,-0.7524580955505371
46,target,37,-0.18427683413028717,0.21013805270195007,-0.7773580551147461
46,target,38,-0.16971071064472198,0.23500876128673553,-0.7994473576545715
46,target,39,-0.17490153014659882,0.22269640862941742,-0.8015352487564087
46,target,40,-0.20746980607509613,0.2224481999874115,-0.7858816385269165
46,target,41,-0.18622000515460968,0.21282069385051727,-0.7971066236495972
46,target,42,-0.17518602311611176,0.2122301459312439,-0.8042137026786804
46,target,43,-0.20876555144786835,0.20677363872528076,-0.7980021834373474
46,target,44,-0.19753862917423248,0.20899160206317902,-0.8200749754905701
46,target,45,-0.20250467956066132,0.21901766955852509,-0.8175983428955078
46,target,46,-0.1498611569404602,0.2034413069486618,-0.7986016869544983
46,target,47,-0.1638101488351822,0.17944610118865967,-0.8026828765869141
46,target,48,-0.1689869910478592,0.19565008580684662,-0.8271687030792236
46,target,49,-0.17570771276950836,0.22334204614162445,-0.7845690846443176
46,target,50,-0.12678968906402588,0.21196970343589783,-0.8155128955841064
46,target,51,-0.13391269743442535,0.2026343047618866,-0.7818869948387146
46,target,52,-0.14437152445316315,0.1892203539609909,-0.8094016313552856
46,target,53,-0.1744624823331833,0.1953853964805603,-0.8100460767745972
46,target,54,-0.15063214302062988,0.19286483526229858,-0.777076244354248
46,target,55,-0.14904524385929108,0.2076299786567688,-0.8006541132926941
46,target,56,-0.1273428350687027,0.20690235495567322,-0.7997416257858276
46,target,57,-0.13803309202194214,0.20715530216693878,-0.8103957176208496
46,target,58,-0.12413753569126129,0.20454281568527222,-0.7987489104270935
46,target,59,-0.15065738558769226,0.1872178167104721,-0.8092633485794067
46,target,60,-0.1987045258283615,0.20416882634162903,-0.8130062818527222
46,target,61,-0.1791255623102188,0.1770891547203064,-0.7998275756835938
46,target,62,-0.1523999273777008,0.190558522939682,-0.8065060377120972
46,target,63,-0.16815443336963654,0.18969987332820892,-0.7951027750968933
47,source,0,-0.061966657638549805,0.262128084897995,-0.7492250204086304
47,source,1,-0.0321521982550621,0.18036037683486938,-0.8496041297912598
47,source,2,-0.09377530217170715,0.16798795759677887,-0.8436596393585205
47,source,3,-0.039738528430461884,0.19157473742961884,-0.8276253938674927
47,source,4,-0.07191026210784912,0.13270652294158936,-0.7689799070358276
47,source,5,-0.012839235365390778,-0.11456146836280823,-0.487216055393219
47,source,6,-0.04416581988334656,-0.01805788278579712,-0.6759917736053467
47,source,7,-0.043077945709228516,0.05763423442840576,-0.574461817741394
47,source,8,-0.08130095899105072,0.06758460402488708,-0.6529969573020935
47,source,9,-0.03205585479736328,0.1571882963180542,-0.6146255731582642
47,source,10,-0.013076961040496826,0.11916458606719971,-0.5508097410202026
47,source,11,0.020198039710521698,0.08806189894676208,-0.6223644614219666
47,source,12,-0.035265348851680756,0.1598667949438095,-0.5835974216461182
47,source,13,-0.057405561208724976,0.2000783085823059,-0.7007871270179749
47,source,14,-0.005998261272907257,0.13314378261566162,-0.7253257036209106
47,source,15,-0.060302942991256714,0.16899965703487396,-0.7697370052337646
47,source,16,-0.07426737248897552,0.15622660517692566,-0.7680390477180481
47,source,17,-0.03144568204879761,0.055375248193740845,-0.6420806646347046
47,source,18,0.015588343143463135,-0.017537444829940796,-0.6709005832672119
47,source,19,-0.012609779834747314,0.0957682728767395,-0.7197213172912598
47,source,20,0.026395097374916077,0.03448338061571121,-0.7096859216690063
47,source,21,-0.07534211874008179,0.01559397578239441,-0.7275434732437134
47,source,22,0.028311338275671005,0.07535973936319351,-0.6425287127494812
47,source,23,-0.01594819873571396,0.1523790806531906,-0.6578968167304993
47,source,24,-0.0588059276342392,0.08729425072669983,-0.7198987007141113
47,source,25,-0.038749031722545624,0.1570264846086502,-0.8233447074890137
47,source,26,-0.03016587346792221,0.1796969175338745,-0.7974605560302734
47,source,27,-0.0014516040682792664,0.14859943091869354,-0.8266693949699402
47,source,28,-0.08709888160228729,0.15973493456840515,-0.8722943663597107
47,source,29,-0.01527298241853714,0.16341149806976318,-0.7270236015319824
47,source,30,-0.10801754891872406,0.15033629536628723,-0.7936064004898071
47,source,31,0.016084149479866028,0.013547107577323914,-0.6861075758934021
47,source,32,0.000779367983341217,0.0763072520494461,-0.7350277900695801
47,source,33,-0.12795507907867432,0.16570498049259186,-0.8241555690765381
47,source,34,-0.13694705069065094,0.18602852523326874,-0.7902173399925232
47,source,35,-0.12385687232017517,0.13699038326740265,-0.7939296960830688
47,source,36,-0.10166007280349731,0.1286192089319229,-0.7823150157928467
47,source,37,-0.14040805399417877,0.16301918029785156,-0.8021661043167114
47,source,38,-0.09006074070930481,0.1602010279893875,-0.7823720574378967
47,source,39,-0.11491486430168152,0.16696183383464813,-0.8002063632011414
47,source,40,-0.039114341139793396,0.16718517243862152,-0.7107334733009338
47,source,41,-0.03005845844745636,0.16905923187732697,-0.6499467492103577
47,source,42,-0.12058509886264801,0.16196787357330322,-0.7250123023986816
47,source,43,-0.11521337926387787,0.18375307321548462,-0.7048509120941162
47,source,44,-0.14573884010314941,0.17231300473213196,-0.7206375598907471
47,source,45,-0.12679150700569153,0.16090607643127441,-0.7206112742424011
47,source,46,-0.19969044625759125,0.30970537662506104,-0.8432522416114807
47,source,47,-0.058905407786369324,0.3179745078086853,-0.750067949295044
47,source,48,-0.026155591011047363,0.3265177309513092,-0.7304465770721436
47,source,49,-0.2209610790014267,0.32548707723617554,-0.8372241854667664
47,source,50,-0.17634280025959015,0.25499558448791504,-0.7697519063949585
47,source,51,-0.02165539562702179,0.190323144197464,-0.7530067563056946
47,source,52,-0.03549013286828995,0.23919367790222168,-0.7660439610481262
47,source,53,-0.002161286771297455,0.21503087878227234,-0.7654513120651245
47,source,54,0.0139789879322052,0.1861310750246048,-0.7417369484901428
47,source,55,0.012707419693470001,0.2190936952829361,-0.689606785774231
47,source,56,-0.0053960904479026794,0.2714495062828064,-0.7079127430915833
47,source,57,-0.005623333156108856,0.2603667080402374,-0.7414353489875793
47,source,58,0.03230519965291023,0.21759873628616333,-0.6997265219688416
47,source,59,-0.011981144547462463,0.2591431438922882,-0.7546409368515015
47,source,60,-0.034416355192661285,0.2748280167579651,-0.7752111554145813
47,source,61,-0.06759771704673767,0.2820454239845276,-0.7680826187133789
47,source,62,-0.10987961292266846,0.262490451335907,-0.809856653213501
47,source,63,-0.052806511521339417,0.27457195520401,-0.7757313847541809
47,target,0,-0.11835575103759766,0.15002386271953583,-0.7957658767700195
47,target,1,-0.14044353365898132,0.1570546180009842,-0.7718864679336548
47,target,2,-0.1441180258989334,0.1664135605096817,-0.8026154041290283
47,target,3,-0.16088826954364777,0.16995590925216675,-0.7967951893806458
47,target,4,-0.12027861177921295,0.16438530385494232,-0.7622438073158264
47,target,5,-0.14102095365524292,0.17089644074440002,-0.7976505756378174
47,target,6,-0.1497451663017273,0.17768962681293488,-0.7964558601379395
47,target,7,-0.14444023370742798,0.19394207000732422,-0.8002154231071472
47,target,8,-0.14665763080120087,0.17814017832279205,-0.7850767970085144
47,target,9,-0.133170947432518,0.17090606689453125,-0.7986029982566833
47,target,10,-0.13760758936405182,0.15653541684150696,-0.7922433614730835
47,target,11,-0.1598796397447586,0.17707403004169464,-0.8001059293746948
47,target,12,-0.164277583360672,0.1568986177444458,-0.7824156284332275
47,target,13,-0.1489259898662567,0.12319473922252655,-0.7857236862182617
47,target,14,-0.1291603296995163,0.15237006545066833,-0.791003406047821
47,target,15,-0.18587516248226166,0.18001046776771545,-0.7726895809173584
47,target,16,-0.16519013047218323,0.16492675244808197,-0.7878168225288391
47,target,17,-0.1603923738002777,0.17287054657936096,-0.7784869074821472
47,target,18,-0.16529828310012817,0.170088529586792,-0.7777991890907288
47,target,19,-0.17824308574199677,0.18076087534427643,-0.7807708382606506
47,target,20,-0.1619243621826172,0.19317087531089783,-0.7941168546676636
47,target,21,-0.12583929300308228,0.17525653541088104,-0.7788731455802917
47,target,22,-0.13914862275123596,0.19955749809741974,-0.8053521513938904
47,target,23,-0.15506865084171295,0.1832575798034668,-0.7781445384025574
47,target,24,-0.14852198958396912,0.18437309563159943,-0.7984403371810913
47,target,25,-0.16571997106075287,0.19050544500350952,-0.7771974205970764
47,target,26,-0.16314467787742615,0.17398539185523987,-0.7824092507362366
47,target,27,-0.14628387987613678,0.1529771238565445,-0.7434215545654297
47,target,28,-0.11318419873714447,0.14015871286392212,-0.7656734585762024
47,target,29,-0.1607220470905304,0.15358532965183258,-0.7906497120857239
47,target,30,-0.14450855553150177,0.15713635087013245,-0.7982465624809265
47,target,31,-0.13688898086547852,0.1687522828578949,-0.7870341539382935
47,target,32,-0.12040488421916962,0.1513686329126358,-0.8084064722061157
47,target,33,-0.14932481944561005,0.1775347739458084,-0.7888193130493164
47,target,34,-0.14947165548801422,0.162394717335701,-0.7992505431175232
47,target,35,-0.13657867908477783,0.15341155230998993,-0.7691107988357544
47,target,36,-0.15733611583709717,0.15272006392478943,-0.7482364177703857
47,target,37,-0.15770241618156433,0.17153137922286987,-0.7644259929656982
47,target,38,-0.15643379092216492,0.19223952293395996,-0.7910300493240356
47,target,39,-0.15377208590507507,0.18333184719085693,-0.7808697819709778
47,target,40,-0.17355723679065704,0.18119627237319946,-0.7921987175941467
47,target,41,-0.16417871415615082,0.1751680225133896,-0.7962645292282104
47,target,42,-0.148372620344162,0.17020373046398163,-0.7963582873344421
47,target,43,-0.18779905140399933,0.16332221031188965,-0.7958409190177917
47,target,44,-0.16084204614162445,0.18864849209785461,-0.7868101596832275
47,target,45,-0.17807038128376007,0.19552449882030487,-0.7952350378036499
47,target,46,-0.14390313625335693,0.16199806332588196,-0.7821579575538635
47,target,47,-0.15535423159599304,0.15583764016628265,-0.7898650169372559
47,target,48,-0.15647108852863312,0.17838154733181,-0.8016710877418518
47,target,49,-0.16466055810451508,0.17836971580982208,-0.7738271951675415
47,target,50,-0.10701045393943787,0.15912657976150513,-0.8134832978248596
47,target,51,-0.12229886651039124,0.1532534509897232,-0.7694693207740784
47,target,52,-0.13214077055454254,0.1428581029176712,-0.7930925488471985
47,target,53,-0.15180610120296478,0.1587701141834259,-0.7955657243728638
47,target,54,-0.11415345966815948,0.13616570830345154,-0.7577406167984009
47,target,55,-0.13857786357402802,0.17057406902313232,-0.7900832891464233
47,target,56,-0.11479957401752472,0.16961191594600677,-0.7948604822158813
47,target,57,-0.13540013134479523,0.1725321263074875,-0.7922975420951843
47,target,58,-0.12440674006938934,0.16111430525779724,-0.7831329703330994
47,target,59,-0.14222483336925507,0.1541653871536255,-0.792531430721283
47,target,60,-0.15602844953536987,0.14628256857395172,-0.787105143070221
47,target,61,-0.16587220132350922,0.15049995481967926,-0.7888879776000977
47,target,62,-0.14762119948863983,0.14180991053581238,-0.7765928506851196
47,target,63,-0.16054750978946686,0.1494891345500946,-0.7685928344726562
48,source,0,-0.07678166031837463,0.2878243327140808,-0.7428454756736755
48,source,1,-0.02112399786710739,0.2132790982723236,-0.8262590169906616
48,source,2,-0.11136206984519958,0.17079713940620422,-0.8364907503128052
48,source,3,-0.04992261528968811,0.22412177920341492,-0.8228803873062134
48,source,4,-0.08462782204151154,0.17431676387786865,-0.7617175579071045
48,source,5,-0.013569273054599762,-0.036980465054512024,-0.4877316355705261
48,source,6,-0.043881237506866455,0.028728879988193512,-0.697168231010437
48,source,7,-0.035806894302368164,0.06513937562704086,-0.5593876838684082
48,source,8,-0.07720521092414856,0.07795029133558273,-0.6525505781173706
48,source,9,-0.03661967068910599,0.19629907608032227,-0.6105146408081055
48,source,10,-0.027651600539684296,0.17693956196308136,-0.5538412928581238
48,source,11,0.013063699007034302,0.14206601679325104,-0.5983560681343079
48,source,12,-0.04997903108596802,0.2023002654314041,-0.5787938833236694
48,source,13,-0.06650044023990631,0.2345983237028122,-0.6944192051887512
48,source,14,-0.03339295834302902,0.19153933227062225,-0.7171852588653564
48,source,15,-0.08006212115287781,0.20163999497890472,-0.7794533967971802
48,source,16,-0.10418999195098877,0.19932660460472107,-0.7701148986816406
48,source,17,-0.047788843512535095,0.10594964027404785,-0.6498364806175232
48,source,18,0.015597090125083923,0.04089924693107605,-0.6506406664848328
48,source,19,-0.0005662739276885986,0.12121424078941345,-0.7133683562278748
48,source,20,0.04032232239842415,0.07721412926912308,-0.6893507242202759
48,source,21,-0.06724952161312103,0.030161313712596893,-0.7193880677223206
48,source,22,0.02481772005558014,0.1476844996213913,-0.6324027180671692
48,source,23,-0.027578942477703094,0.1922677457332611,-0.6618350744247437
48,source,24,-0.06228490173816681,0.10765212774276733,-0.7262911200523376
48,source,25,-0.04629993438720703,0.19407184422016144,-0.8112865090370178
48,source,26,-0.001445874571800232,0.2240883857011795,-0.7822185158729553
48,source,27,-0.0005217194557189941,0.19562126696109772,-0.8182151317596436
48,source,28,-0.10789874196052551,0.18360427021980286,-0.88396155834198
48,source,29,-0.03007635474205017,0.22520948946475983,-0.7041646838188171
48,source,30,-0.1363999843597412,0.1768164485692978,-0.7977652549743652
48,source,31,0.030791904777288437,0.09622002393007278,-0.6772252321243286
48,source,32,-0.0020273178815841675,0.14541418850421906,-0.7222097516059875
48,source,33,-0.15137390792369843,0.16977179050445557,-0.8255364298820496
48,source,34,-0.14057625830173492,0.20552968978881836,-0.7905425429344177
48,source,35,-0.13137705624103546,0.15363919734954834,-0.7948939800262451
48,source,36,-0.12383925914764404,0.1336957812309265,-0.7798512578010559
48,source,37,-0.14372561872005463,0.17096328735351562,-0.7915381193161011
48,source,38,-0.10698990523815155,0.19078859686851501,-0.7756659388542175
48,source,39,-0.12765245139598846,0.17495478689670563,-0.7939909100532532
48,source,40,-0.03943014144897461,0.20948149263858795,-0.6842017769813538
48,source,41,-0.023526377975940704,0.20271681249141693,-0.6373534798622131
48,source,42,-0.1272343546152115,0.16916638612747192,-0.7334755063056946
48,source,43,-0.13742877542972565,0.20424340665340424,-0.7122194766998291
48,source,44,-0.15382400155067444,0.1802905797958374,-0.7297604084014893
48,source,45,-0.13826361298561096,0.17793318629264832,-0.7299893498420715
48,source,46,-0.20412562787532806,0.3330233097076416,-0.8404555320739746
48,source,47,-0.06731370091438293,0.34700560569763184,-0.7430548071861267
48,source,48,-0.02559427171945572,0.3687123656272888,-0.7104925513267517
48,source,49,-0.22637636959552765,0.36074545979499817,-0.8245890140533447
48,source,50,-0.1731162816286087,0.2594296634197235,-0.7720362544059753
48,source,51,-0.03319600969552994,0.21711796522140503,-0.7428597211837769
48,source,52,-0.05834616720676422,0.2681390941143036,-0.7555896043777466
48,source,53,-0.007392920553684235,0.2515508532524109,-0.7581812739372253
48,source,54,0.0024579763412475586,0.22248640656471252,-0.7315089702606201
48,source,55,0.006062306463718414,0.2617620527744293,-0.674172043800354
48,source,56,-0.0023762285709381104,0.3053916096687317,-0.6985977292060852
48,source,57,-0.009927503764629364,0.2904652953147888,-0.7297729253768921
48,source,58,0.03375469148159027,0.26200050115585327,-0.6769306063652039
48,source,59,-0.01199871301651001,0.2993840277194977,-0.744477391242981
48,source,60,-0.03781762719154358,0.30117344856262207,-0.7697421312332153
48,source,61,-0.0690901130437851,0.30585479736328125,-0.7609869241714478
48,source,62,-0.13215062022209167,0.2686527669429779,-0.8165197372436523
48,source,63,-0.058138519525527954,0.2998402714729309,-0.765422523021698
48,target,0,-0.13283953070640564,0.16173458099365234,-0.8009428977966309
48,target,1,-0.15773701667785645,0.1605166345834732,-0.7818746566772461
48,target,2,-0.15238690376281738,0.16477461159229279,-0.8250511884689331
48,target,3,-0.17214323580265045,0.1749226450920105,-0.8082696199417114
48,target,4,-0.1357859969139099,0.17870576679706573,-0.7750863432884216
48,target,5,-0.15549959242343903,0.1801135390996933,-0.8057560920715332
48,target,6,-0.1563955843448639,0.18035367131233215,-0.8003726005554199
48,target,7,-0.14871355891227722,0.19940784573554993,-0.804823637008667
48,target,8,-0.15378102660179138,0.18983423709869385,-0.7823085784912109
48,target,9,-0.13849413394927979,0.18199455738067627,-0.8058942556381226
48,target,10,-0.14437438547611237,0.1675715148448944,-0.8012155890464783
48,target,11,-0.1810661405324936,0.17620395123958588,-0.8135524988174438
48,target,12,-0.17297835648059845,0.14685244858264923,-0.7843204140663147
48,target,13,-0.1544075310230255,0.12437483668327332,-0.7924603819847107
48,target,14,-0.13227397203445435,0.1597876399755478,-0.8012314438819885
48,target,15,-0.19963403046131134,0.18971221148967743,-0.7727669477462769
48,target,16,-0.17760039865970612,0.17149126529693604,-0.7981507778167725
48,target,17,-0.1832144409418106,0.18292054533958435,-0.7892777323722839
48,target,18,-0.18787674605846405,0.17905570566654205,-0.7908669114112854
48,target,19,-0.19261585175991058,0.18692566454410553,-0.7939521670341492
48,target,20,-0.1750941127538681,0.18555396795272827,-0.8130348920822144
48,target,21,-0.1384926438331604,0.1822090446949005,-0.7912658452987671
48,target,22,-0.14636926352977753,0.20893220603466034,-0.8124653100967407
48,target,23,-0.16787831485271454,0.20024706423282623,-0.7932045459747314
48,target,24,-0.15902329981327057,0.2031891942024231,-0.8080496191978455
48,target,25,-0.1893879920244217,0.20970293879508972,-0.7802307605743408
48,target,26,-0.1719500869512558,0.17550808191299438,-0.785800576210022
48,target,27,-0.15492552518844604,0.15568174421787262,-0.743400514125824
48,target,28,-0.11612819135189056,0.15020300447940826,-0.7710934281349182
48,target,29,-0.17044465243816376,0.1523844599723816,-0.7995117902755737
48,target,30,-0.1473061591386795,0.15930451452732086,-0.8054426908493042
48,target,31,-0.1395992934703827,0.1672118902206421,-0.7948158383369446
48,target,32,-0.13632255792617798,0.1661657840013504,-0.8110834956169128
48,target,33,-0.14775590598583221,0.1838417798280716,-0.7921809554100037
48,target,34,-0.1486373394727707,0.18022611737251282,-0.8021196722984314
48,target,35,-0.14922349154949188,0.1646391898393631,-0.7683014869689941
48,target,36,-0.16735471785068512,0.14295370876789093,-0.7362817525863647
48,target,37,-0.1845768243074417,0.18686002492904663,-0.7725768089294434
48,target,38,-0.1833064705133438,0.20737287402153015,-0.7953966856002808
48,target,39,-0.16598476469516754,0.1925145387649536,-0.7915704846382141
48,target,40,-0.17238874733448029,0.1849498450756073,-0.7948074340820312
48,target,41,-0.16127149760723114,0.17225849628448486,-0.7897758483886719
48,target,42,-0.14071545004844666,0.16396932303905487,-0.7977137565612793
48,target,43,-0.17569012939929962,0.15525150299072266,-0.7916921973228455
48,target,44,-0.17776905000209808,0.19194187223911285,-0.8029761910438538
48,target,45,-0.1937398463487625,0.20003044605255127,-0.8155078887939453
48,target,46,-0.15930655598640442,0.16026635468006134,-0.7927061915397644
48,target,47,-0.16391322016716003,0.15180833637714386,-0.8065560460090637
48,target,48,-0.16912738978862762,0.18516221642494202,-0.8233628869056702
48,target,49,-0.16368462145328522,0.18289689719676971,-0.7796792387962341
48,target,50,-0.12135791778564453,0.1799117475748062,-0.8110577464103699
48,target,51,-0.12248227000236511,0.1709337830543518,-0.7621778249740601
48,target,52,-0.13747729361057281,0.15269435942173004,-0.7843330502510071
48,target,53,-0.1491110622882843,0.15139330923557281,-0.7981290221214294
48,target,54,-0.11653073132038116,0.1545996367931366,-0.7536050081253052
48,target,55,-0.14049313962459564,0.18031390011310577,-0.7873333692550659
48,target,56,-0.11863027513027191,0.19068734347820282,-0.7810952663421631
48,target,57,-0.132603719830513,0.18817025423049927,-0.7812373638153076
48,target,58,-0.1205366849899292,0.18060185015201569,-0.7734882831573486
48,target,59,-0.1301630139350891,0.1599167138338089,-0.7830391526222229
48,target,60,-0.1613101214170456,0.15605796873569489,-0.7866649031639099
48,target,61,-0.17091147601604462,0.15683060884475708,-0.7861979007720947
48,target,62,-0.15931406617164612,0.15408942103385925,-0.7659614086151123
48,target,63,-0.157484233379364,0.14976324141025543,-0.7508926391601562
49,source,0,-0.07949207723140717,0.2864862084388733,-0.750350832939148
49,source,1,-0.020704522728919983,0.20987319946289062,-0.8392655253410339
49,source,2,-0.09525039792060852,0.17867529392242432,-0.8162258863449097
49,source,3,-0.05017407238483429,0.21674588322639465,-0.8181986808776855
49,source,4,-0.06227332353591919,0.18336306512355804,-0.7655701637268066
49,source,5,-0.007467970252037048,-0.01804734766483307,-0.5213990211486816
49,source,6,-0.05510114133358002,0.0420755073428154,-0.676483154296875
49,source,7,-0.043510839343070984,0.08560504764318466,-0.5488399267196655
49,source,8,-0.08282187581062317,0.0821240171790123,-0.62419193983078
49,source,9,-0.04155325889587402,0.20620468258857727,-0.6210141181945801
49,source,10,-0.027740992605686188,0.18617163598537445,-0.5734624862670898
49,source,11,0.005460552871227264,0.15102747082710266,-0.6104711294174194
49,source,12,-0.04466092586517334,0.20337527990341187,-0.5841847658157349
49,source,13,-0.0631335973739624,0.23876193165779114,-0.7215312719345093
49,source,14,-0.01668279618024826,0.19967488944530487,-0.7427492737770081
49,source,15,-0.07850071787834167,0.20886710286140442,-0.7697693705558777
49,source,16,-0.09429414570331573,0.19866813719272614,-0.7669249176979065
49,source,17,-0.039698176085948944,0.11575744301080704,-0.6432697772979736
49,source,18,0.003795817494392395,0.05786718428134918,-0.644463837146759
49,source,19,-0.018132388591766357,0.11442850530147552,-0.7009193301200867
49,source,20,0.028723888099193573,0.07960529625415802,-0.6889402270317078
49,source,21,-0.06368513405323029,0.044825367629528046,-0.693159282207489
49,source,22,0.0147799551486969,0.13183921575546265,-0.6370563507080078
49,source,23,-0.03335002064704895,0.19912150502204895,-0.655875027179718
49,source,24,-0.06099943816661835,0.11122650653123856,-0.6997650861740112
49,source,25,-0.04723869264125824,0.19410410523414612,-0.8024232387542725
49,source,26,-0.03054061532020569,0.20997631549835205,-0.7805114984512329
49,source,27,-0.015151925384998322,0.18894635140895844,-0.8187173008918762
49,source,28,-0.10466721653938293,0.19584700465202332,-0.8678612112998962
49,source,29,-0.033012352883815765,0.22622425854206085,-0.728938102722168
49,source,30,-0.1157299131155014,0.19673168659210205,-0.7947072386741638
49,source,31,0.03837317228317261,0.0815981775522232,-0.6747022271156311
49,source,32,-0.0035216063261032104,0.13849367201328278,-0.71300208568573
49,source,33,-0.12333905696868896,0.19406770169734955,-0.8111107349395752
49,source,34,-0.12931858003139496,0.2151220142841339,-0.7704914808273315
49,source,35,-0.13155484199523926,0.17205743491649628,-0.7894047498703003
49,source,36,-0.10983148217201233,0.15135101974010468,-0.7508950233459473
49,source,37,-0.14415986835956573,0.1936352550983429,-0.7847364544868469
49,source,38,-0.08971735835075378,0.18572255969047546,-0.767259955406189
49,source,39,-0.11653099954128265,0.19012455642223358,-0.7745238542556763
49,source,40,-0.06438447535037994,0.21118512749671936,-0.6830663084983826
49,source,41,-0.04800267517566681,0.2093430906534195,-0.6243186593055725
49,source,42,-0.14074115455150604,0.18442024290561676,-0.7292115092277527
49,source,43,-0.13931511342525482,0.21028822660446167,-0.7126312851905823
49,source,44,-0.1660071760416031,0.18109846115112305,-0.7343248128890991
49,source,45,-0.1370779573917389,0.1801297962665558,-0.7239412069320679
49,source,46,-0.19182147085666656,0.3263804316520691,-0.8500027656555176
49,source,47,-0.07738687098026276,0.32819294929504395,-0.7604480385780334
49,source,48,-0.04048663377761841,0.35255107283592224,-0.7359782457351685
49,source,49,-0.20713026821613312,0.3490978479385376,-0.8448461890220642
49,source,50,-0.18333448469638824,0.2615436017513275,-0.770681619644165
49,source,51,-0.024636119604110718,0.22032687067985535,-0.7542605996131897
49,source,52,-0.052035748958587646,0.26213181018829346,-0.7633931636810303
49,source,53,-0.010468758642673492,0.24576471745967865,-0.7783105373382568
49,source,54,0.003008909523487091,0.2240602672100067,-0.7381312251091003
49,source,55,-0.00011204928159713745,0.26370832324028015,-0.710141122341156
49,source,56,-0.011146314442157745,0.30476438999176025,-0.7226190567016602
49,source,57,-0.004608586430549622,0.28741273283958435,-0.7497644424438477
49,source,58,0.03219811990857124,0.2654031217098236,-0.7022802829742432
49,source,59,-0.02018807828426361,0.28838199377059937,-0.7628566026687622
49,source,60,-0.04142634570598602,0.2954104542732239,-0.7821811437606812
49,source,61,-0.0684482753276825,0.2889207601547241,-0.7778820991516113
49,source,62,-0.11862964928150177,0.27633732557296753,-0.8115777969360352
49,source,63,-0.06032109260559082,0.29450708627700806,-0.7846449017524719
49,target,0,-0.12523075938224792,0.18387383222579956,-0.7774445414543152
49,target,1,-0.1632954180240631,0.1822529435157776,-0.7478451132774353
49,target,2,-0.1565527617931366,0.1883433759212494,-0.7999668121337891
49,target,3,-0.17620284855365753,0.18948808312416077,-0.7866662740707397
49,target,4,-0.142023503780365,0.19142548739910126,-0.760100781917572
49,target,5,-0.1564655601978302,0.1883087158203125,-0.7736150026321411
49,target,6,-0.1515588015317917,0.19406163692474365,-0.7676977515220642
49,target,7,-0.14874693751335144,0.20690417289733887,-0.7778282165527344
49,target,8,-0.16090106964111328,0.20246011018753052,-0.760750412940979
49,target,9,-0.1422157883644104,0.19745755195617676,-0.7835736274719238
49,target,10,-0.15000389516353607,0.1766906976699829,-0.7804321050643921
49,target,11,-0.18240787088871002,0.19008968770503998,-0.7836055755615234
49,target,12,-0.17449243366718292,0.17265869677066803,-0.7615773677825928
49,target,13,-0.159272238612175,0.1508386731147766,-0.760588526725769
49,target,14,-0.12801794707775116,0.17814435064792633,-0.7742335796356201
49,target,15,-0.19256411492824554,0.2042931169271469,-0.7521843910217285
49,target,16,-0.18200312554836273,0.1985994130373001,-0.7707866430282593
49,target,17,-0.18496982753276825,0.21014922857284546,-0.7711294889450073
49,target,18,-0.18684862554073334,0.2048417031764984,-0.765591025352478
49,target,19,-0.19431494176387787,0.21140755712985992,-0.7747714519500732
49,target,20,-0.1916285902261734,0.2037658393383026,-0.794000506401062
49,target,21,-0.15318356454372406,0.19624251127243042,-0.7707990407943726
49,target,22,-0.14907842874526978,0.22188979387283325,-0.7937541007995605
49,target,23,-0.16478662192821503,0.21480508148670197,-0.7801854610443115
49,target,24,-0.15651141107082367,0.21728424727916718,-0.7847945690155029
49,target,25,-0.18800531327724457,0.22282817959785461,-0.7616754770278931
49,target,26,-0.17445142567157745,0.18973860144615173,-0.7704185247421265
49,target,27,-0.1611124724149704,0.18833452463150024,-0.7256529331207275
49,target,28,-0.11371909081935883,0.16060283780097961,-0.7572486400604248
49,target,29,-0.175408735871315,0.1786401867866516,-0.7780079245567322
49,target,30,-0.15382231771945953,0.17234709858894348,-0.7782112956047058
49,target,31,-0.1503400057554245,0.17960157990455627,-0.7753487825393677
49,target,32,-0.13987496495246887,0.18294045329093933,-0.7902454733848572
49,target,33,-0.15597951412200928,0.19941452145576477,-0.7734935283660889
49,target,34,-0.15063825249671936,0.18992851674556732,-0.7775111198425293
49,target,35,-0.14132088422775269,0.17752201855182648,-0.7609731554985046
49,target,36,-0.1674908548593521,0.17428342998027802,-0.7189667820930481
49,target,37,-0.18311424553394318,0.19832256436347961,-0.7582575082778931
49,target,38,-0.17530255019664764,0.22277504205703735,-0.7742543816566467
49,target,39,-0.17253659665584564,0.21462690830230713,-0.7663365602493286
49,target,40,-0.1757820099592209,0.19184890389442444,-0.7815316915512085
49,target,41,-0.1619783490896225,0.1938726007938385,-0.7744574546813965
49,target,42,-0.14667388796806335,0.1794293075799942,-0.7817721366882324
49,target,43,-0.17569003999233246,0.1730446070432663,-0.7744531035423279
49,target,44,-0.18120591342449188,0.20134437084197998,-0.7793594002723694
49,target,45,-0.20116128027439117,0.21354854106903076,-0.7895423173904419
49,target,46,-0.16580627858638763,0.19596223533153534,-0.7624080777168274
49,target,47,-0.1643552929162979,0.17846907675266266,-0.7749825716018677
49,target,48,-0.1816534847021103,0.19421103596687317,-0.7956826686859131
49,target,49,-0.17024390399456024,0.20174692571163177,-0.7622962594032288
49,target,50,-0.1107160896062851,0.17580357193946838,-0.794571042060852
49,target,51,-0.10847727954387665,0.16500551998615265,-0.7488337159156799
49,target,52,-0.12929633259773254,0.16105102002620697,-0.7721174359321594
49,target,53,-0.1497015357017517,0.16937489807605743,-0.7801936864852905
49,target,54,-0.11790794134140015,0.16765563189983368,-0.7526160478591919
49,target,55,-0.13527938723564148,0.18543919920921326,-0.777825117111206
49,target,56,-0.11215566098690033,0.19418738782405853,-0.7711477875709534
49,target,57,-0.12408451735973358,0.18972855806350708,-0.7759701013565063
49,target,58,-0.11222097277641296,0.181268110871315,-0.7643873691558838
49,target,59,-0.1253296136856079,0.17528018355369568,-0.7770991921424866
49,target,60,-0.1584502011537552,0.18248575925827026,-0.7738688588142395
49,target,61,-0.1579013466835022,0.1663225293159485,-0.7669886350631714
49,target,62,-0.14506830275058746,0.1703362762928009,-0.7641156911849976
49,target,63,-0.15277142822742462,0.16835370659828186,-0.7490152716636658
50,source,0,-0.057713210582733154,0.2660882771015167,-0.7579588294029236
50,source,1,-0.0008680671453475952,0.18732696771621704,-0.8259258270263672
50,source,2,-0.05872759222984314,0.1434946060180664,-0.8105400800704956
50,source,3,-0.021120578050613403,0.1878090649843216,-0.806663453578949
50,source,4,-0.0443403422832489,0.1421978622674942,-0.7707909345626831
50,source,5,-0.005198292434215546,-0.05926096439361572,-0.539511501789093
50,source,6,-0.030079834163188934,0.00802929699420929,-0.6933839321136475
50,source,7,-0.025400720536708832,0.04420483857393265,-0.5641106367111206
50,source,8,-0.060778096318244934,0.053369827568531036,-0.6201624870300293
50,source,9,-0.0027001500129699707,0.17304572463035583,-0.650121808052063
50,source,10,0.004458576440811157,0.14862091839313507,-0.5844668745994568
50,source,11,0.04653128981590271,0.119963139295578,-0.6334439516067505
50,source,12,-0.014486744999885559,0.1833866387605667,-0.6187499165534973
50,source,13,-0.0502055287361145,0.22542232275009155,-0.7020147442817688
50,source,14,0.007285252213478088,0.15988193452358246,-0.7307916879653931
50,source,15,-0.04693867266178131,0.17997300624847412,-0.7704616189002991
50,source,16,-0.06355306506156921,0.17251303791999817,-0.7716088891029358
50,source,17,-0.010730952024459839,0.07352378219366074,-0.6428452730178833
50,source,18,0.025728657841682434,0.0033207684755325317,-0.6697412729263306
50,source,19,0.013151869177818298,0.09608057141304016,-0.71019047498703
50,source,20,0.04668305814266205,0.04238981008529663,-0.6907104849815369
50,source,21,-0.048860177397727966,-0.0008325576782226562,-0.6984041333198547
50,source,22,0.028465379029512405,0.11274927854537964,-0.6413871049880981
50,source,23,0.00479358434677124,0.1674738973379135,-0.6643280386924744
50,source,24,-0.04487307369709015,0.08784816414117813,-0.7132436037063599
50,source,25,-0.018996432423591614,0.17204619944095612,-0.8047287464141846
50,source,26,0.023328550159931183,0.1767783761024475,-0.7872510552406311
50,source,27,0.018744759261608124,0.16041678190231323,-0.7984566688537598
50,source,28,-0.07455721497535706,0.15144719183444977,-0.8503365516662598
50,source,29,0.005635835230350494,0.19485902786254883,-0.7313831448554993
50,source,30,-0.1005980521440506,0.16366812586784363,-0.7824078798294067
50,source,31,0.04167451336979866,0.06499679386615753,-0.7113490104675293
50,source,32,0.031053155660629272,0.10253050178289413,-0.7438383102416992
50,source,33,-0.08602540194988251,0.13925939798355103,-0.8161436915397644
50,source,34,-0.09001621603965759,0.17443937063217163,-0.7853299379348755
50,source,35,-0.08798545598983765,0.12136458605527878,-0.7965531945228577
50,source,36,-0.0742846131324768,0.11363120377063751,-0.7653787136077881
50,source,37,-0.09915688633918762,0.14212195575237274,-0.7792776226997375
50,source,38,-0.05147109925746918,0.14641784131526947,-0.7641801834106445
50,source,39,-0.07728436589241028,0.1511078029870987,-0.7880991697311401
50,source,40,-0.015220537781715393,0.1860315352678299,-0.7096303105354309
50,source,41,-0.021708719432353973,0.19079366326332092,-0.639634370803833
50,source,42,-0.10470768809318542,0.16953960061073303,-0.7425239086151123
50,source,43,-0.11300083994865417,0.1944066286087036,-0.7193987965583801
50,source,44,-0.1350187212228775,0.17478349804878235,-0.7409296631813049
50,source,45,-0.11737056076526642,0.15995310246944427,-0.7362122535705566
50,source,46,-0.19765369594097137,0.29774752259254456,-0.8529795408248901
50,source,47,-0.064817413687706,0.3171384930610657,-0.7555921077728271
50,source,48,-0.02815607190132141,0.3421059846878052,-0.7328678369522095
50,source,49,-0.21762190759181976,0.321117639541626,-0.8404687643051147
50,source,50,-0.17031438648700714,0.26495039463043213,-0.7495654821395874
50,source,51,-0.010154485702514648,0.19019772112369537,-0.7496143579483032
50,source,52,-0.02953772246837616,0.23265871405601501,-0.7650033235549927
50,source,53,0.0006333068013191223,0.22587090730667114,-0.7742976546287537
50,source,54,0.0192154198884964,0.19208349287509918,-0.7408477663993835
50,source,55,0.0242893248796463,0.23827052116394043,-0.705583393573761
50,source,56,-0.0026720017194747925,0.28907132148742676,-0.726870596408844
50,source,57,0.014219805598258972,0.26228067278862,-0.7464906573295593
50,source,58,0.048743218183517456,0.2273482084274292,-0.7076259255409241
50,source,59,-0.0029667019844055176,0.26828253269195557,-0.7674124836921692
50,source,60,-0.026128627359867096,0.2716805934906006,-0.7747782468795776
50,source,61,-0.0573926717042923,0.2729963958263397,-0.7742326259613037
50,source,62,-0.10662207007408142,0.2433513104915619,-0.808708906173706
50,source,63,-0.04312795400619507,0.27235734462738037,-0.7812333106994629
50,target,0,-0.10497082769870758,0.1564176231622696,-0.7926510572433472
50,target,1,-0.13353599607944489,0.15226438641548157,-0.7610753178596497
50,target,2,-0.12976674735546112,0.1659208983182907,-0.799677848815918
50,target,3,-0.14702850580215454,0.16168314218521118,-0.7896643877029419
50,target,4,-0.12321637570858002,0.1705833077430725,-0.756318211555481
50,target,5,-0.1351768672466278,0.17995843291282654,-0.7859467267990112
50,target,6,-0.1312875598669052,0.17980791628360748,-0.7903524041175842
50,target,7,-0.12676167488098145,0.18907931447029114,-0.7965394258499146
50,target,8,-0.13438713550567627,0.17580091953277588,-0.7797644138336182
50,target,9,-0.11933675408363342,0.1765451431274414,-0.7982395887374878
50,target,10,-0.12179063260555267,0.16201460361480713,-0.7807527780532837
50,target,11,-0.14634409546852112,0.1550339311361313,-0.7998005151748657
50,target,12,-0.1478120982646942,0.14181479811668396,-0.7781460285186768
50,target,13,-0.13340306282043457,0.1100916713476181,-0.7697427272796631
50,target,14,-0.11097174882888794,0.15296728909015656,-0.7861804962158203
50,target,15,-0.179758682847023,0.18791863322257996,-0.7544680833816528
50,target,16,-0.15487833321094513,0.17482087016105652,-0.7850433588027954
50,target,17,-0.15722748637199402,0.18688815832138062,-0.7773184776306152
50,target,18,-0.1629798710346222,0.18522144854068756,-0.7761602997779846
50,target,19,-0.16597501933574677,0.1778472363948822,-0.7826493382453918
50,target,20,-0.1579231470823288,0.17657990753650665,-0.7915459871292114
50,target,21,-0.1193949431180954,0.18447548151016235,-0.7649850249290466
50,target,22,-0.13163317739963531,0.2058226466178894,-0.7956653833389282
50,target,23,-0.15436528623104095,0.19888600707054138,-0.7760339975357056
50,target,24,-0.13069389760494232,0.19135278463363647,-0.7971562743186951
50,target,25,-0.16563387215137482,0.20328564941883087,-0.7720276117324829
50,target,26,-0.14971214532852173,0.17277079820632935,-0.7708672285079956
50,target,27,-0.13774444162845612,0.14348424971103668,-0.7340492010116577
50,target,28,-0.0825396478176117,0.15357688069343567,-0.7533442974090576
50,target,29,-0.15528421103954315,0.14913587272167206,-0.7786973118782043
50,target,30,-0.12490244209766388,0.14913776516914368,-0.8032058477401733
50,target,31,-0.12081941962242126,0.1531992256641388,-0.7744166851043701
50,target,32,-0.11550450325012207,0.1581796109676361,-0.7960481643676758
50,target,33,-0.13253659009933472,0.17992836236953735,-0.7826360464096069
50,target,34,-0.1320367157459259,0.17228151857852936,-0.7958794832229614
50,target,35,-0.11514435708522797,0.1582430899143219,-0.7752135992050171
50,target,36,-0.15685248374938965,0.14252153038978577,-0.7346254587173462
50,target,37,-0.1561533659696579,0.184427872300148,-0.7638009190559387
50,target,38,-0.14537230134010315,0.19684772193431854,-0.7875027060508728
50,target,39,-0.14842835068702698,0.1915695071220398,-0.7774140238761902
50,target,40,-0.14479120075702667,0.17986567318439484,-0.789018988609314
50,target,41,-0.1344161033630371,0.1755049228668213,-0.7861940264701843
50,target,42,-0.11937540769577026,0.16659002006053925,-0.7913644313812256
50,target,43,-0.16219505667686462,0.16177770495414734,-0.7865728139877319
50,target,44,-0.14708036184310913,0.17586606740951538,-0.7790233492851257
50,target,45,-0.16785232722759247,0.1803847849369049,-0.7952948808670044
50,target,46,-0.12846346199512482,0.15255200862884521,-0.780607283115387
50,target,47,-0.1373029351234436,0.15623794496059418,-0.7889943718910217
50,target,48,-0.14974172413349152,0.16932277381420135,-0.8013952374458313
50,target,49,-0.15112724900245667,0.1763961762189865,-0.7706679701805115
50,target,50,-0.0827542394399643,0.16415643692016602,-0.801973819732666
50,target,51,-0.08731596171855927,0.15147818624973297,-0.766775369644165
50,target,52,-0.10413497686386108,0.15088263154029846,-0.788327157497406
50,target,53,-0.11953461170196533,0.1576964110136032,-0.7876982688903809
50,target,54,-0.09658044576644897,0.15999355912208557,-0.7638429403305054
50,target,55,-0.11567644774913788,0.1790127456188202,-0.7843133211135864
50,target,56,-0.08408109843730927,0.17792636156082153,-0.7897086143493652
50,target,57,-0.09940728545188904,0.1762373000383377,-0.78629469871521
50,target,58,-0.09693512320518494,0.16536356508731842,-0.7773526310920715
50,target,59,-0.09939515590667725,0.16239334642887115,-0.7937726378440857
50,target,60,-0.11555860936641693,0.1591886281967163,-0.7759914994239807
50,target,61,-0.12291745841503143,0.14983312785625458,-0.7827449440956116
50,target,62,-0.12141430377960205,0.15162605047225952,-0.771476149559021
50,target,63,-0.13193999230861664,0.1551571488380432,-0.7521405220031738
51,source,0,-0.07679492235183716,0.28869351744651794,-0.7715482115745544
51,source,1,-0.0379110723733902,0.24988695979118347,-0.8401173949241638
51,source,2,-0.08069396018981934,0.19141270220279694,-0.8325195908546448
51,source,3,-0.048549532890319824,0.22800201177597046,-0.8308684229850769
51,source,4,-0.0549808144569397,0.1652085930109024,-0.7871390581130981
51,source,5,-0.04560434818267822,-0.00034421682357788086,-0.6020616292953491
51,source,6,-0.06292419135570526,0.06772743165493011,-0.7328780889511108
51,source,7,-0.03414233773946762,0.08822392672300339,-0.5972878932952881
51,source,8,-0.07958033680915833,0.08493511378765106,-0.6555511951446533
51,source,9,-0.013234861195087433,0.2036767601966858,-0.6669361591339111
51,source,10,-0.00911249965429306,0.17383839190006256,-0.6216045618057251
51,source,11,0.015253648161888123,0.14954005181789398,-0.6615980267524719
51,source,12,-0.028708428144454956,0.20768725872039795,-0.633868396282196
51,source,13,-0.054192736744880676,0.23685120046138763,-0.732739269733429
51,source,14,-0.007274933159351349,0.1980896294116974,-0.7548030018806458
51,source,15,-0.054893121123313904,0.1948765367269516,-0.7932549715042114
51,source,16,-0.08116982877254486,0.19729912281036377,-0.7955260276794434
51,source,17,-0.046795472502708435,0.11178618669509888,-0.6918824315071106
51,source,18,0.0014055371284484863,0.05734054744243622,-0.6895065903663635
51,source,19,-0.02546171098947525,0.14990273118019104,-0.7171770334243774
51,source,20,0.018221810460090637,0.10840795189142227,-0.71159827709198
51,source,21,-0.06401626765727997,0.05070330202579498,-0.7408044338226318
51,source,22,0.007327377796173096,0.1388852894306183,-0.6607616543769836
51,source,23,-0.021404549479484558,0.19932079315185547,-0.6902554631233215
51,source,24,-0.063661128282547,0.1209469586610794,-0.7306004762649536
51,source,25,-0.04768633842468262,0.2110719531774521,-0.8289591073989868
51,source,26,-0.01970752328634262,0.21864014863967896,-0.8070406913757324
51,source,27,-0.0157027468085289,0.21191877126693726,-0.8233251571655273
51,source,28,-0.11620442569255829,0.19835512340068817,-0.8760784864425659
51,source,29,-0.019432172179222107,0.22059762477874756,-0.7501686215400696
51,source,30,-0.11532707512378693,0.18601658940315247,-0.811729907989502
51,source,31,0.01698245108127594,0.0945257693529129,-0.726487934589386
51,source,32,-0.006288900971412659,0.14112378656864166,-0.7581813931465149
51,source,33,-0.10536617040634155,0.16306298971176147,-0.8372809886932373
51,source,34,-0.12236234545707703,0.20133167505264282,-0.8068110346794128
51,source,35,-0.09493950009346008,0.15652012825012207,-0.8262499570846558
51,source,36,-0.09967978298664093,0.14003361761569977,-0.8015992641448975
51,source,37,-0.11875149607658386,0.17756099998950958,-0.8162479996681213
51,source,38,-0.07199497520923615,0.17926055192947388,-0.7954182624816895
51,source,39,-0.09889885783195496,0.18142502009868622,-0.810258150100708
51,source,40,-0.04169434309005737,0.2019905149936676,-0.7222699522972107
51,source,41,-0.05378597974777222,0.2008345127105713,-0.6581196784973145
51,source,42,-0.13403178751468658,0.19252610206604004,-0.7381322383880615
51,source,43,-0.13691899180412292,0.21314306557178497,-0.7285215854644775
51,source,44,-0.16661183536052704,0.20126494765281677,-0.7453315854072571
51,source,45,-0.1344687044620514,0.18709594011306763,-0.7556301951408386
51,source,46,-0.20673353970050812,0.3306475877761841,-0.8420981764793396
51,source,47,-0.07489211857318878,0.33995315432548523,-0.7655479907989502
51,source,48,-0.03699097782373428,0.3653331995010376,-0.7403765916824341
51,source,49,-0.21411772072315216,0.34433335065841675,-0.8403161764144897
51,source,50,-0.17216597497463226,0.27768468856811523,-0.777424693107605
51,source,51,-0.0242934450507164,0.2375810146331787,-0.7611092329025269
51,source,52,-0.0487542599439621,0.25982385873794556,-0.7811897993087769
51,source,53,-0.012469418346881866,0.26825541257858276,-0.7826647758483887
51,source,54,0.010611355304718018,0.23498669266700745,-0.7518981695175171
51,source,55,-0.005240775644779205,0.28351014852523804,-0.7184723615646362
51,source,56,-0.025047197937965393,0.31004735827445984,-0.743944525718689
51,source,57,-0.010679356753826141,0.2914419174194336,-0.7769029140472412
51,source,58,0.015275716781616211,0.26749202609062195,-0.7333565354347229
51,source,59,-0.00815388560295105,0.28644829988479614,-0.7791783213615417
51,source,60,-0.04439830780029297,0.2992470860481262,-0.7839414477348328
51,source,61,-0.06755797564983368,0.2895070016384125,-0.7843868732452393
51,source,62,-0.11442290246486664,0.262818306684494,-0.816306471824646
51,source,63,-0.07071949541568756,0.30254459381103516,-0.7966349124908447
51,target,0,-0.1175115704536438,0.18606017529964447,-0.8046908974647522
51,target,1,-0.13511307537555695,0.1837259829044342,-0.7680936455726624
51,target,2,-0.14668650925159454,0.18646754324436188,-0.8055477142333984
51,target,3,-0.15724357962608337,0.19392961263656616,-0.8045825958251953
51,target,4,-0.13541674613952637,0.1981576383113861,-0.7788323760032654
51,target,5,-0.16051267087459564,0.20794788002967834,-0.7999059557914734
51,target,6,-0.14244264364242554,0.20453238487243652,-0.7959708571434021
51,target,7,-0.1383512318134308,0.21288873255252838,-0.7997194528579712
51,target,8,-0.15037059783935547,0.2040974199771881,-0.7974209785461426
51,target,9,-0.13084319233894348,0.19674333930015564,-0.8119091391563416
51,target,10,-0.15006135404109955,0.1945362240076065,-0.7879827618598938
51,target,11,-0.16248643398284912,0.1864013373851776,-0.8061449527740479
51,target,12,-0.1655842512845993,0.17768003046512604,-0.7901926636695862
51,target,13,-0.14925216138362885,0.1480136513710022,-0.7829310894012451
51,target,14,-0.12349659204483032,0.17141945660114288,-0.7985362410545349
51,target,15,-0.18223987519741058,0.20496319234371185,-0.7761444449424744
51,target,16,-0.15949825942516327,0.18143601715564728,-0.7893593311309814
51,target,17,-0.16080711781978607,0.19817546010017395,-0.7841835021972656
51,target,18,-0.1655810922384262,0.19741302728652954,-0.7913738489151001
51,target,19,-0.1833297461271286,0.2136395275592804,-0.7881444692611694
51,target,20,-0.17542923986911774,0.2053690105676651,-0.8041621446609497
51,target,21,-0.1467364877462387,0.2108733355998993,-0.7888714671134949
51,target,22,-0.14297212660312653,0.2174786925315857,-0.8118482828140259
51,target,23,-0.15648269653320312,0.21400049328804016,-0.7929916381835938
51,target,24,-0.15325191617012024,0.21773236989974976,-0.8048332929611206
51,target,25,-0.17423273622989655,0.22626951336860657,-0.7893598079681396
51,target,26,-0.1697424203157425,0.2009200155735016,-0.7961843013763428
51,target,27,-0.14351357519626617,0.18242497742176056,-0.7472126483917236
51,target,28,-0.11667826771736145,0.18310002982616425,-0.7698585391044617
51,target,29,-0.16110560297966003,0.18264876306056976,-0.7944167852401733
51,target,30,-0.14415881037712097,0.1799900233745575,-0.813690185546875
51,target,31,-0.14283449947834015,0.18083824217319489,-0.8010585904121399
51,target,32,-0.1413515955209732,0.18913348019123077,-0.8051297068595886
51,target,33,-0.14451754093170166,0.19916373491287231,-0.804338276386261
51,target,34,-0.13859838247299194,0.18802501261234283,-0.8117679357528687
51,target,35,-0.13821986317634583,0.1804526299238205,-0.7844576239585876
51,target,36,-0.14946724474430084,0.17264780402183533,-0.7480737566947937
51,target,37,-0.16495685279369354,0.2070988118648529,-0.7850355505943298
51,target,38,-0.15845400094985962,0.22131258249282837,-0.8023689985275269
51,target,39,-0.16431759297847748,0.20734038949012756,-0.790663480758667
51,target,40,-0.16474951803684235,0.21439652144908905,-0.7994656562805176
51,target,41,-0.15177969634532928,0.20529718697071075,-0.7975939512252808
51,target,42,-0.1445746272802353,0.19378942251205444,-0.8018234372138977
51,target,43,-0.17316333949565887,0.19446465373039246,-0.7974869608879089
51,target,44,-0.1748989075422287,0.20898789167404175,-0.8022581338882446
51,target,45,-0.1912977546453476,0.2148311734199524,-0.8052088022232056
51,target,46,-0.1346512734889984,0.18342791497707367,-0.7937324643135071
51,target,47,-0.14678937196731567,0.18056203424930573,-0.8065646886825562
51,target,48,-0.1600564867258072,0.19334498047828674,-0.8102513551712036
51,target,49,-0.16537383198738098,0.20976638793945312,-0.7888904809951782
51,target,50,-0.09038835763931274,0.1801423579454422,-0.8284769654273987
51,target,51,-0.10126785933971405,0.1751885563135147,-0.7898526787757874
51,target,52,-0.12511177361011505,0.1750272512435913,-0.8085118532180786
51,target,53,-0.12984800338745117,0.17360518872737885,-0.8172580599784851
51,target,54,-0.13157370686531067,0.183101087808609,-0.7850362658500671
51,target,55,-0.14222654700279236,0.19472984969615936,-0.8054761290550232
51,target,56,-0.0982692539691925,0.19611339271068573,-0.8051267862319946
51,target,57,-0.11737920343875885,0.18765851855278015,-0.8067265748977661
51,target,58,-0.10769525170326233,0.18632367253303528,-0.8013015985488892
51,target,59,-0.12599048018455505,0.18057449162006378,-0.8139079213142395
51,target,60,-0.1406121551990509,0.18399952352046967,-0.8071329593658447
51,target,61,-0.14000675082206726,0.1637510508298874,-0.8125760555267334
51,target,62,-0.12462641298770905,0.1658184677362442,-0.8095331192016602
51,target,63,-0.14215798676013947,0.1722390502691269,-0.7880496382713318
52,source,0,-0.0946032851934433,0.26351723074913025,-0.7745281457901001
52,source,1,-0.044280558824539185,0.21297474205493927,-0.8474435806274414
52,source,2,-0.10050417482852936,0.16436845064163208,-0.8363826274871826
52,source,3,-0.06232118606567383,0.20791251957416534,-0.8298523426055908
52,source,4,-0.09319274127483368,0.15788161754608154,-0.7877081036567688
52,source,5,-0.027011752128601074,-0.04447299242019653,-0.5963152647018433
52,source,6,-0.06063811480998993,0.04325385391712189,-0.7322714924812317
52,source,7,-0.06527608633041382,0.08174058049917221,-0.5992977023124695
52,source,8,-0.09508107602596283,0.0872475653886795,-0.6631652116775513
52,source,9,-0.04688526690006256,0.18567584455013275,-0.663026750087738
52,source,10,-0.03794008493423462,0.15518596768379211,-0.6015870571136475
52,source,11,-0.008912213146686554,0.11575349420309067,-0.6419587135314941
52,source,12,-0.06033116579055786,0.181995689868927,-0.6151479482650757
52,source,13,-0.07251483201980591,0.2100221812725067,-0.7323454022407532
52,source,14,-0.0376887321472168,0.1799744814634323,-0.7559888362884521
52,source,15,-0.0769713819026947,0.1858987808227539,-0.7924924492835999
52,source,16,-0.09767495095729828,0.1870277225971222,-0.7889143824577332
52,source,17,-0.06798739731311798,0.10814900696277618,-0.674324631690979
52,source,18,-0.004243038594722748,0.051667213439941406,-0.6730202436447144
52,source,19,-0.02655286341905594,0.12058194726705551,-0.7247827649116516
52,source,20,0.006123892962932587,0.08098308742046356,-0.7132943272590637
52,source,21,-0.09017105400562286,0.02591244876384735,-0.7192137241363525
52,source,22,-0.00247771292924881,0.11223851889371872,-0.6506314277648926
52,source,23,-0.033121801912784576,0.18172802031040192,-0.6915565729141235
52,source,24,-0.08956405520439148,0.10731756687164307,-0.7215436100959778
52,source,25,-0.06241171061992645,0.18881705403327942,-0.8247368335723877
52,source,26,-0.0242864191532135,0.19753839075565338,-0.8098146915435791
52,source,27,-0.022211462259292603,0.18538731336593628,-0.8228102922439575
52,source,28,-0.11831632256507874,0.17444436252117157,-0.8731712698936462
52,source,29,-0.02382926642894745,0.21271218359470367,-0.7429542541503906
52,source,30,-0.13176968693733215,0.18626254796981812,-0.7916207909584045
52,source,31,0.012701161205768585,0.08916009962558746,-0.7101075053215027
52,source,32,-0.009149037301540375,0.1299683004617691,-0.7628450989723206
52,source,33,-0.1265980750322342,0.146432027220726,-0.8378576636314392
52,source,34,-0.1573832631111145,0.1921958327293396,-0.8021365404129028
52,source,35,-0.13529899716377258,0.1478898674249649,-0.8176718950271606
52,source,36,-0.13376106321811676,0.1376810520887375,-0.7798563241958618
52,source,37,-0.16184839606285095,0.1637282371520996,-0.8052325248718262
52,source,38,-0.10966016352176666,0.16428685188293457,-0.787950873374939
52,source,39,-0.12724269926548004,0.16487012803554535,-0.8115824460983276
52,source,40,-0.059835731983184814,0.177533358335495,-0.7166881561279297
52,source,41,-0.05946129560470581,0.17719247937202454,-0.6609399914741516
52,source,42,-0.13667023181915283,0.1676887571811676,-0.7456289529800415
52,source,43,-0.1410476267337799,0.20905324816703796,-0.7095736265182495
52,source,44,-0.1655798703432083,0.17636236548423767,-0.7474155426025391
52,source,45,-0.14955343306064606,0.17164766788482666,-0.7398896217346191
52,source,46,-0.22564499080181122,0.2975829839706421,-0.8474960327148438
52,source,47,-0.09103816747665405,0.3164442181587219,-0.7769581079483032
52,source,48,-0.0435134619474411,0.3361038565635681,-0.7541207671165466
52,source,49,-0.23251838982105255,0.31354737281799316,-0.84635329246521
52,source,50,-0.19223587214946747,0.25461912155151367,-0.7766274809837341
52,source,51,-0.030089758336544037,0.21273723244667053,-0.7651054859161377
52,source,52,-0.06858576834201813,0.2521283030509949,-0.7813540697097778
52,source,53,-0.02101489156484604,0.24303382635116577,-0.7875507473945618
52,source,54,0.001059994101524353,0.2067280113697052,-0.7568637132644653
52,source,55,-0.0089644193649292,0.2538692355155945,-0.7164677381515503
52,source,56,-0.02732110023498535,0.2861749827861786,-0.7459545731544495
52,source,57,-0.022893309593200684,0.27160659432411194,-0.768446683883667
52,source,58,0.011306844651699066,0.2435699701309204,-0.727120041847229
52,source,59,-0.03640017658472061,0.26984703540802,-0.7834673523902893
52,source,60,-0.055453792214393616,0.27821338176727295,-0.7931540608406067
52,source,61,-0.08278585970401764,0.278385192155838,-0.7924478054046631
52,source,62,-0.1299039125442505,0.24890616536140442,-0.8249868154525757
52,source,63,-0.07579435408115387,0.27811720967292786,-0.802004337310791
52,target,0,-0.13182879984378815,0.1739170253276825,-0.8090683221817017
52,target,1,-0.14848028123378754,0.17330004274845123,-0.778877317905426
52,target,2,-0.15991604328155518,0.1839905083179474,-0.8097208738327026
52,target,3,-0.17523963749408722,0.1784701943397522,-0.8129240274429321
52,target,4,-0.1373615264892578,0.1882585883140564,-0.7807813882827759
52,target,5,-0.16870643198490143,0.1882513165473938,-0.8077672123908997
52,target,6,-0.15601639449596405,0.18654721975326538,-0.8106256723403931
52,target,7,-0.1540067344903946,0.19604842364788055,-0.8153363466262817
52,target,8,-0.1556527316570282,0.18351326882839203,-0.8054332733154297
52,target,9,-0.1443306803703308,0.1862851083278656,-0.8208552002906799
52,target,10,-0.14678214490413666,0.17783087491989136,-0.8042224645614624
52,target,11,-0.17491133511066437,0.17766720056533813,-0.8231236338615417
52,target,12,-0.1776420623064041,0.1717900186777115,-0.7960044741630554
52,target,13,-0.1629650592803955,0.13556867837905884,-0.7849452495574951
52,target,14,-0.13755036890506744,0.17290452122688293,-0.7979045510292053
52,target,15,-0.1906951516866684,0.19811001420021057,-0.7761821150779724
52,target,16,-0.1760350912809372,0.18347090482711792,-0.7958211898803711
52,target,17,-0.1851791888475418,0.19738198816776276,-0.7860186100006104
52,target,18,-0.1788618117570877,0.1992274522781372,-0.7897281050682068
52,target,19,-0.1864093393087387,0.20447108149528503,-0.7869335412979126
52,target,20,-0.1785229593515396,0.19940069317817688,-0.8014213442802429
52,target,21,-0.1472184807062149,0.20019051432609558,-0.7837738394737244
52,target,22,-0.15641821920871735,0.21647465229034424,-0.7992766499519348
52,target,23,-0.17692942917346954,0.2094866931438446,-0.791013240814209
52,target,24,-0.1633930802345276,0.2090790718793869,-0.8006736636161804
52,target,25,-0.18451617658138275,0.21661940217018127,-0.7858894467353821
52,target,26,-0.17456738650798798,0.18655185401439667,-0.7840549945831299
52,target,27,-0.14524777233600616,0.16867895424365997,-0.7488523721694946
52,target,28,-0.11813494563102722,0.16670450568199158,-0.7806906700134277
52,target,29,-0.16760025918483734,0.16859164834022522,-0.7987056970596313
52,target,30,-0.15753313899040222,0.16978853940963745,-0.817720890045166
52,target,31,-0.1544908732175827,0.17984017729759216,-0.8073005080223083
52,target,32,-0.1376619040966034,0.18341802060604095,-0.8154582977294922
52,target,33,-0.15662795305252075,0.1875636726617813,-0.8067308664321899
52,target,34,-0.14589747786521912,0.18171070516109467,-0.8219775557518005
52,target,35,-0.13831649720668793,0.1782119870185852,-0.7930052876472473
52,target,36,-0.16725237667560577,0.1620822250843048,-0.7504954934120178
52,target,37,-0.17505569756031036,0.19388730823993683,-0.7698018550872803
52,target,38,-0.1685018688440323,0.2142639458179474,-0.7915804982185364
52,target,39,-0.17124874889850616,0.19969990849494934,-0.7884742021560669
52,target,40,-0.17025695741176605,0.19810490310192108,-0.8139907717704773
52,target,41,-0.17485864460468292,0.18971416354179382,-0.8053462505340576
52,target,42,-0.17336229979991913,0.18676915764808655,-0.8088855147361755
52,target,43,-0.1892431527376175,0.17523148655891418,-0.8065083622932434
52,target,44,-0.17957834899425507,0.1969379186630249,-0.7877987027168274
52,target,45,-0.1962393969297409,0.2065398097038269,-0.8080321550369263
52,target,46,-0.15494515001773834,0.1703643798828125,-0.796606183052063
52,target,47,-0.15823456645011902,0.16800111532211304,-0.808297336101532
52,target,48,-0.1719605177640915,0.18007344007492065,-0.8197184205055237
52,target,49,-0.17430879175662994,0.18799299001693726,-0.791326642036438
52,target,50,-0.10627076029777527,0.16449005901813507,-0.8237354755401611
52,target,51,-0.11652223765850067,0.16440856456756592,-0.7806251049041748
52,target,52,-0.1378326117992401,0.16552504897117615,-0.8063215017318726
52,target,53,-0.1471196562051773,0.16213248670101166,-0.8115331530570984
52,target,54,-0.13834945857524872,0.17176881432533264,-0.7856183052062988
52,target,55,-0.15139378607273102,0.18628713488578796,-0.8029437065124512
52,target,56,-0.111475870013237,0.1804254949092865,-0.8051676154136658
52,target,57,-0.12065303325653076,0.17803139984607697,-0.804354190826416
52,target,58,-0.11603903770446777,0.16800346970558167,-0.7999334931373596
52,target,59,-0.1290966421365738,0.16942673921585083,-0.8082494735717773
52,target,60,-0.15189777314662933,0.1710057556629181,-0.7964723706245422
52,target,61,-0.1534883826971054,0.15405824780464172,-0.7975390553474426
52,target,62,-0.15223249793052673,0.1499807983636856,-0.781613826751709
52,target,63,-0.1526229977607727,0.15893465280532837,-0.772031307220459
53,source,0,-0.07998839020729065,0.28290116786956787,-0.7605567574501038
53,source,1,-0.03991195559501648,0.22238986194133759,-0.8403825163841248
53,source,2,-0.11614727973937988,0.1911201924085617,-0.8216083645820618
53,source,3,-0.07658767700195312,0.2313990592956543,-0.8142465949058533
53,source,4,-0.08837105333805084,0.18492278456687927,-0.7816951870918274
53,source,5,-0.03860374540090561,0.025592893362045288,-0.6154507994651794
53,source,6,-0.07515327632427216,0.07147803157567978,-0.7148739099502563
53,source,7,-0.054887667298316956,0.1166532039642334,-0.5943372249603271
53,source,8,-0.0976727157831192,0.1125980019569397,-0.6545860767364502
53,source,9,-0.048884183168411255,0.21456539630889893,-0.653561532497406
53,source,10,-0.0332905575633049,0.18717314302921295,-0.5891828536987305
53,source,11,-0.00898066908121109,0.14749328792095184,-0.6345762014389038
53,source,12,-0.05584716796875,0.21011044085025787,-0.6192722320556641
53,source,13,-0.07572387158870697,0.24573594331741333,-0.7288674116134644
53,source,14,-0.03773859888315201,0.20411965250968933,-0.7385639548301697
53,source,15,-0.08413948118686676,0.207408607006073,-0.7771129012107849
53,source,16,-0.09785862267017365,0.20465928316116333,-0.7753371000289917
53,source,17,-0.06397506594657898,0.13000042736530304,-0.6762276291847229
53,source,18,-0.022772744297981262,0.09628914296627045,-0.6815800666809082
53,source,19,-0.037113577127456665,0.133449524641037,-0.721329927444458
53,source,20,-0.005044184625148773,0.10507162660360336,-0.7115809917449951
53,source,21,-0.08240450918674469,0.0613170862197876,-0.7239097356796265
53,source,22,-0.010158538818359375,0.14474382996559143,-0.6550848484039307
53,source,23,-0.04041481763124466,0.1994786560535431,-0.6719728708267212
53,source,24,-0.09207181632518768,0.13702905178070068,-0.7290394306182861
53,source,25,-0.07363279163837433,0.2059314101934433,-0.8079925179481506
53,source,26,-0.038041211664676666,0.20065142214298248,-0.7869894504547119
53,source,27,-0.01686502993106842,0.1869220733642578,-0.8075892925262451
53,source,28,-0.12815739214420319,0.1987610161304474,-0.8607674241065979
53,source,29,-0.04661938548088074,0.23302435874938965,-0.739218533039093
53,source,30,-0.12105970084667206,0.1921101212501526,-0.8032932877540588
53,source,31,0.006350815296173096,0.1023821160197258,-0.6955163478851318
53,source,32,-0.011945687234401703,0.14204195141792297,-0.7436711192131042
53,source,33,-0.14059269428253174,0.18812397122383118,-0.8274515271186829
53,source,34,-0.15373095870018005,0.213283509016037,-0.7971380949020386
53,source,35,-0.11813722550868988,0.18617892265319824,-0.8220116496086121
53,source,36,-0.12715481221675873,0.1629103720188141,-0.7791205644607544
53,source,37,-0.14508378505706787,0.19633594155311584,-0.8034713864326477
53,source,38,-0.11013862490653992,0.19355247914791107,-0.7804511785507202
53,source,39,-0.131623312830925,0.1928679198026657,-0.7981013059616089
53,source,40,-0.05502094328403473,0.21018993854522705,-0.6962860822677612
53,source,41,-0.05644260346889496,0.20337694883346558,-0.6534637212753296
53,source,42,-0.14572277665138245,0.19957847893238068,-0.7473499774932861
53,source,43,-0.1412295252084732,0.22540506720542908,-0.7083331942558289
53,source,44,-0.16599644720554352,0.20407846570014954,-0.7499889135360718
53,source,45,-0.14241711795330048,0.20384161174297333,-0.7314633727073669
53,source,46,-0.20674587786197662,0.32330775260925293,-0.838276743888855
53,source,47,-0.08405101299285889,0.33859336376190186,-0.7649936676025391
53,source,48,-0.04301263391971588,0.3525632321834564,-0.7367679476737976
53,source,49,-0.22203920781612396,0.34223929047584534,-0.8287708759307861
53,source,50,-0.16872073709964752,0.2655943036079407,-0.7772915363311768
53,source,51,-0.049055442214012146,0.23009413480758667,-0.7565722465515137
53,source,52,-0.07098756730556488,0.2740364968776703,-0.7661583423614502
53,source,53,-0.034084901213645935,0.2646827697753906,-0.7745305299758911
53,source,54,-0.016022413969039917,0.22249513864517212,-0.7386791706085205
53,source,55,-0.021135538816452026,0.27494144439697266,-0.7083803415298462
53,source,56,-0.030765913426876068,0.3076551556587219,-0.7178568840026855
53,source,57,-0.025486759841442108,0.2999212145805359,-0.7484389543533325
53,source,58,0.002629794180393219,0.2621208727359772,-0.7039423584938049
53,source,59,-0.038990817964076996,0.2904249429702759,-0.7618758678436279
53,source,60,-0.055313870310783386,0.2968270778656006,-0.7792419791221619
53,source,61,-0.08484591543674469,0.29208505153656006,-0.7810454964637756
53,source,62,-0.13342757523059845,0.2637113928794861,-0.813060462474823
53,source,63,-0.07581751048564911,0.29904085397720337,-0.7815027832984924
53,target,0,-0.14174099266529083,0.18325883150100708,-0.8008279800415039
53,target,1,-0.15761330723762512,0.19344359636306763,-0.773570716381073
53,target,2,-0.16093747317790985,0.19259551167488098,-0.8075993061065674
53,target,3,-0.1825675517320633,0.2003002166748047,-0.7961552143096924
53,target,4,-0.15783165395259857,0.19915714859962463,-0.7754274010658264
53,target,5,-0.16496261954307556,0.19774287939071655,-0.8004009127616882
53,target,6,-0.1648096889257431,0.2034263014793396,-0.799003005027771
53,target,7,-0.16199345886707306,0.21781547367572784,-0.7985149621963501
53,target,8,-0.1617370992898941,0.2064608931541443,-0.7902798652648926
53,target,9,-0.14198625087738037,0.20036962628364563,-0.8049537539482117
53,target,10,-0.16014598309993744,0.18916302919387817,-0.7952823638916016
53,target,11,-0.17585770785808563,0.20268690586090088,-0.8049814701080322
53,target,12,-0.18404628336429596,0.19404621422290802,-0.7871018052101135
53,target,13,-0.16644103825092316,0.1655411720275879,-0.7836276888847351
53,target,14,-0.14226287603378296,0.1935512125492096,-0.7995510697364807
53,target,15,-0.19280986487865448,0.2139560431241989,-0.7845231890678406
53,target,16,-0.1808314472436905,0.20925526320934296,-0.787036120891571
53,target,17,-0.1908450871706009,0.21684515476226807,-0.7892021536827087
53,target,18,-0.18121109902858734,0.21818062663078308,-0.7846801280975342
53,target,19,-0.1952708512544632,0.22192639112472534,-0.7853553295135498
53,target,20,-0.1768147200345993,0.22425715625286102,-0.7964006662368774
53,target,21,-0.14536449313163757,0.2089623510837555,-0.785857617855072
53,target,22,-0.1568055897951126,0.23035718500614166,-0.8013858795166016
53,target,23,-0.16427549719810486,0.22580504417419434,-0.7948697805404663
53,target,24,-0.16360165178775787,0.22669465839862823,-0.805243730545044
53,target,25,-0.18408603966236115,0.23241540789604187,-0.7885159850120544
53,target,26,-0.17884887754917145,0.2033437192440033,-0.785735011100769
53,target,27,-0.16500410437583923,0.18948936462402344,-0.7483595609664917
53,target,28,-0.13042598962783813,0.18043456971645355,-0.7782646417617798
53,target,29,-0.17187954485416412,0.1888582855463028,-0.7909140586853027
53,target,30,-0.15825001895427704,0.19481876492500305,-0.8063110113143921
53,target,31,-0.15886682271957397,0.1964869350194931,-0.7909719944000244
53,target,32,-0.14895565807819366,0.19292062520980835,-0.8122100234031677
53,target,33,-0.16228722035884857,0.20888569951057434,-0.7961552739143372
53,target,34,-0.15176761150360107,0.19285109639167786,-0.8037700057029724
53,target,35,-0.1522693634033203,0.20186570286750793,-0.7846847772598267
53,target,36,-0.17947374284267426,0.190486878156662,-0.746533989906311
53,target,37,-0.17826850712299347,0.20529837906360626,-0.7777389883995056
53,target,38,-0.17526744306087494,0.23420196771621704,-0.7934228181838989
53,target,39,-0.1688312143087387,0.22146734595298767,-0.7891180515289307
53,target,40,-0.1841358095407486,0.2152683585882187,-0.7915919423103333
53,target,41,-0.16865716874599457,0.20946961641311646,-0.7945388555526733
53,target,42,-0.16568653285503387,0.20742028951644897,-0.793828010559082
53,target,43,-0.18723751604557037,0.19726692140102386,-0.7950215935707092
53,target,44,-0.17344491183757782,0.21187804639339447,-0.7907665371894836
53,target,45,-0.1997062712907791,0.22492659091949463,-0.8003879189491272
53,target,46,-0.1610429733991623,0.19647103548049927,-0.7905471324920654
53,target,47,-0.15852364897727966,0.19223622977733612,-0.8055684566497803
53,target,48,-0.18696288764476776,0.21155709028244019,-0.8053391575813293
53,target,49,-0.18182270228862762,0.21420273184776306,-0.7889513969421387
53,target,50,-0.11760391294956207,0.19002456963062286,-0.8248583078384399
53,target,51,-0.1258782148361206,0.19209153950214386,-0.7946019768714905
53,target,52,-0.12932714819908142,0.1759331226348877,-0.8174968957901001
53,target,53,-0.16037940979003906,0.19375444948673248,-0.8141711950302124
53,target,54,-0.14475536346435547,0.18649664521217346,-0.7878211736679077
53,target,55,-0.15778720378875732,0.2125064730644226,-0.8107917904853821
53,target,56,-0.12312556803226471,0.2121966928243637,-0.8102302551269531
53,target,57,-0.13527324795722961,0.21226449310779572,-0.8111313581466675
53,target,58,-0.13069692254066467,0.20050904154777527,-0.807427704334259
53,target,59,-0.1371309757232666,0.19500850141048431,-0.809385359287262
53,target,60,-0.1588151454925537,0.18667876720428467,-0.7912594079971313
53,target,61,-0.16207216680049896,0.17770665884017944,-0.7954341769218445
53,target,62,-0.1530894786119461,0.18733829259872437,-0.7973065376281738
53,target,63,-0.15431615710258484,0.18811379373073578,-0.7792106866836548
54,source,0,-0.08877986669540405,0.27711057662963867,-0.7594050765037537
54,source,1,-0.049122899770736694,0.2229979932308197,-0.84120112657547
54,source,2,-0.11660575866699219,0.20273466408252716,-0.8154442310333252
54,source,3,-0.06994673609733582,0.2249726802110672,-0.8072741627693176
54,source,4,-0.07969170808792114,0.17760486900806427,-0.7637799978256226
54,source,5,-0.04147244989871979,-0.031645432114601135,-0.5627188086509705
54,source,6,-0.05723762512207031,0.029008828103542328,-0.6887391805648804
54,source,7,-0.03714814782142639,0.09228727221488953,-0.5720542669296265
54,source,8,-0.08328695595264435,0.09407322853803635,-0.6385430693626404
54,source,9,-0.05071897804737091,0.20361287891864777,-0.6452134847640991
54,source,10,-0.033201366662979126,0.16879341006278992,-0.5903382897377014
54,source,11,-0.006702877581119537,0.1220211386680603,-0.6031560897827148
54,source,12,-0.05487528443336487,0.2078092396259308,-0.6180518865585327
54,source,13,-0.06379446387290955,0.23562076687812805,-0.7262621521949768
54,source,14,-0.03791569918394089,0.18791934847831726,-0.7330136895179749
54,source,15,-0.0802200585603714,0.20029349625110626,-0.7681339383125305
54,source,16,-0.08702358603477478,0.18888220191001892,-0.7612947821617126
54,source,17,-0.06092675030231476,0.10791786015033722,-0.653777539730072
54,source,18,-0.008961983025074005,0.044796377420425415,-0.6911010146141052
54,source,19,-0.03760965168476105,0.1355220377445221,-0.7197582721710205
54,source,20,0.0004061087965965271,0.07695215940475464,-0.7108654975891113
54,source,21,-0.08476169407367706,0.044401444494724274,-0.7045900821685791
54,source,22,-0.018866747617721558,0.11377526819705963,-0.6475235819816589
54,source,23,-0.03955099731683731,0.19248732924461365,-0.6642254590988159
54,source,24,-0.07747781276702881,0.12335888296365738,-0.7194559574127197
54,source,25,-0.0651334673166275,0.20122919976711273,-0.7960440516471863
54,source,26,-0.03705821931362152,0.20443081855773926,-0.7779402732849121
54,source,27,-0.02342832088470459,0.18705368041992188,-0.7998055219650269
54,source,28,-0.11094246804714203,0.2005869448184967,-0.85328209400177
54,source,29,-0.04046070575714111,0.20624756813049316,-0.7427434921264648
54,source,30,-0.11957699060440063,0.1812635362148285,-0.7878856658935547
54,source,31,0.003254145383834839,0.08468347787857056,-0.6915683746337891
54,source,32,-0.015529312193393707,0.12143349647521973,-0.7284644842147827
54,source,33,-0.14496654272079468,0.1991826295852661,-0.8063830137252808
54,source,34,-0.1426161527633667,0.21434617042541504,-0.7782355546951294
54,source,35,-0.13123540580272675,0.1866760551929474,-0.798754870891571
54,source,36,-0.1311686486005783,0.16926854848861694,-0.7637479901313782
54,source,37,-0.15617048740386963,0.20724838972091675,-0.7800336480140686
54,source,38,-0.10568982362747192,0.1981225162744522,-0.7638247013092041
54,source,39,-0.1309913694858551,0.20042400062084198,-0.7839378118515015
54,source,40,-0.08044131100177765,0.20359471440315247,-0.7042078971862793
54,source,41,-0.06014418601989746,0.19452586770057678,-0.6377068758010864
54,source,42,-0.1205563098192215,0.19264677166938782,-0.7504972219467163
54,source,43,-0.12464649975299835,0.2256561815738678,-0.729354977607727
54,source,44,-0.14602553844451904,0.20677918195724487,-0.7584519982337952
54,source,45,-0.13056473433971405,0.19928254187107086,-0.7517408132553101
54,source,46,-0.19251684844493866,0.30585983395576477,-0.8390175104141235
54,source,47,-0.08764800429344177,0.3246656060218811,-0.7683201432228088
54,source,48,-0.03940178453922272,0.3292313516139984,-0.7482717037200928
54,source,49,-0.2006921023130417,0.31939709186553955,-0.8514018058776855
54,source,50,-0.1415676474571228,0.26569584012031555,-0.7718336582183838
54,source,51,-0.04142200946807861,0.2245510220527649,-0.7680040001869202
54,source,52,-0.06813715398311615,0.263195663690567,-0.7801855802536011
54,source,53,-0.036467477679252625,0.24801260232925415,-0.7872772812843323
54,source,54,-0.010903589427471161,0.21349233388900757,-0.7450262904167175
54,source,55,-0.027446314692497253,0.25399166345596313,-0.7251508235931396
54,source,56,-0.041533708572387695,0.287415087223053,-0.7419619560241699
54,source,57,-0.026413224637508392,0.2774921953678131,-0.7686356902122498
54,source,58,0.0027780160307884216,0.2434634268283844,-0.7312419414520264
54,source,59,-0.03224876523017883,0.2691919803619385,-0.7719674706459045
54,source,60,-0.05165912210941315,0.286196768283844,-0.7851384282112122
54,source,61,-0.0814666748046875,0.28276675939559937,-0.7891565561294556
54,source,62,-0.11849828064441681,0.25950801372528076,-0.8092901706695557
54,source,63,-0.07566097378730774,0.29066306352615356,-0.7940305471420288
54,target,0,-0.12539157271385193,0.18417465686798096,-0.7946286797523499
54,target,1,-0.1415623277425766,0.1857157051563263,-0.7653945684432983
54,target,2,-0.13732656836509705,0.20001435279846191,-0.8064935207366943
54,target,3,-0.15854789316654205,0.19751399755477905,-0.7994933128356934
54,target,4,-0.12825331091880798,0.1874237358570099,-0.7628037333488464
54,target,5,-0.13777603209018707,0.19478310644626617,-0.8007998466491699
54,target,6,-0.135891392827034,0.19755302369594574,-0.7975790500640869
54,target,7,-0.13704615831375122,0.22121793031692505,-0.8003405332565308
54,target,8,-0.14045891165733337,0.2012183517217636,-0.7883324027061462
54,target,9,-0.11954140663146973,0.20358453691005707,-0.8046755194664001
54,target,10,-0.13629388809204102,0.1893765926361084,-0.7844345569610596
54,target,11,-0.14962346851825714,0.2020573616027832,-0.8120170831680298
54,target,12,-0.15506228804588318,0.19624800980091095,-0.7966172099113464
54,target,13,-0.15090741217136383,0.17052613198757172,-0.7849040627479553
54,target,14,-0.12691932916641235,0.19344201683998108,-0.7899265885353088
54,target,15,-0.18413005769252777,0.20579946041107178,-0.7740356922149658
54,target,16,-0.15664348006248474,0.1964981108903885,-0.789658784866333
54,target,17,-0.16839487850666046,0.20685380697250366,-0.7847740650177002
54,target,18,-0.15645065903663635,0.2064860314130783,-0.7860026359558105
54,target,19,-0.1688956767320633,0.2107659876346588,-0.7806254029273987
54,target,20,-0.15018901228904724,0.21452225744724274,-0.8051854968070984
54,target,21,-0.1421310305595398,0.19666902720928192,-0.7732762098312378
54,target,22,-0.13632334768772125,0.22155386209487915,-0.800891637802124
54,target,23,-0.15856102108955383,0.21703574061393738,-0.7773394584655762
54,target,24,-0.14603948593139648,0.21656230092048645,-0.7991539835929871
54,target,25,-0.17588825523853302,0.2218894511461258,-0.778731107711792
54,target,26,-0.1632772535085678,0.19105660915374756,-0.7791239619255066
54,target,27,-0.14841903746128082,0.18382628262043,-0.7443647384643555
54,target,28,-0.11578801274299622,0.17400231957435608,-0.7674109935760498
54,target,29,-0.15290577709674835,0.1816592812538147,-0.7882524132728577
54,target,30,-0.141239732503891,0.19514748454093933,-0.8073642253875732
54,target,31,-0.1396334171295166,0.2009805142879486,-0.7921137809753418
54,target,32,-0.12647071480751038,0.1915513277053833,-0.8050212860107422
54,target,33,-0.1391667276620865,0.20322290062904358,-0.7989704608917236
54,target,34,-0.1311340034008026,0.19377122819423676,-0.8065424561500549
54,target,35,-0.13054195046424866,0.19562095403671265,-0.7737178206443787
54,target,36,-0.1555800586938858,0.1829547882080078,-0.7394768595695496
54,target,37,-0.16399773955345154,0.19010725617408752,-0.7640038728713989
54,target,38,-0.15689848363399506,0.21887630224227905,-0.788739025592804
54,target,39,-0.152719646692276,0.21252571046352386,-0.7818180322647095
54,target,40,-0.1551188975572586,0.21311697363853455,-0.7855410575866699
54,target,41,-0.15139301121234894,0.21109162271022797,-0.7988787293434143
54,target,42,-0.1448422521352768,0.20584449172019958,-0.8008788824081421
54,target,43,-0.1653100699186325,0.19464769959449768,-0.7944633364677429
54,target,44,-0.16822578012943268,0.2100120633840561,-0.7825375199317932
54,target,45,-0.18561090528964996,0.22144857048988342,-0.7977590560913086
54,target,46,-0.14202289283275604,0.19044804573059082,-0.7889692783355713
54,target,47,-0.13148708641529083,0.18348076939582825,-0.8045780062675476
54,target,48,-0.15940029919147491,0.20617222785949707,-0.8088337779045105
54,target,49,-0.15772657096385956,0.2026463747024536,-0.7741662263870239
54,target,50,-0.12385281920433044,0.1847347617149353,-0.8048960566520691
54,target,51,-0.12194032967090607,0.18401256203651428,-0.7676512002944946
54,target,52,-0.13960054516792297,0.17156659066677094,-0.7906838059425354
54,target,53,-0.1643792688846588,0.1850479692220688,-0.802920937538147
54,target,54,-0.13692039251327515,0.17002063989639282,-0.7697004675865173
54,target,55,-0.14425835013389587,0.19794702529907227,-0.797931969165802
54,target,56,-0.11732278764247894,0.19984671473503113,-0.7964284420013428
54,target,57,-0.1311861127614975,0.19970782101154327,-0.7949808239936829
54,target,58,-0.12355972826480865,0.1911642998456955,-0.7905173897743225
54,target,59,-0.1368819773197174,0.18453440070152283,-0.7962394952774048
54,target,60,-0.16622750461101532,0.18468616902828217,-0.7840204238891602
54,target,61,-0.1699465960264206,0.17964819073677063,-0.7855203151702881
54,target,62,-0.15513604879379272,0.1864127367734909,-0.7912895679473877
54,target,63,-0.15333789587020874,0.17819559574127197,-0.7743068933486938
55,source,0,-0.10027004778385162,0.2810753285884857,-0.7395998239517212
55,source,1,-0.06971590220928192,0.22476568818092346,-0.8156245946884155
55,source,2,-0.11394667625427246,0.19716154038906097,-0.7927736043930054
55,source,3,-0.07228189706802368,0.23507647216320038,-0.7913603186607361
55,source,4,-0.08577723801136017,0.1795092225074768,-0.7512907385826111
55,source,5,-0.04062022268772125,0.0028778016567230225,-0.5507490634918213
55,source,6,-0.08021163940429688,0.06998298317193985,-0.7078770399093628
55,source,7,-0.04832333326339722,0.10805106908082962,-0.5820918083190918
55,source,8,-0.08706855773925781,0.10557472705841064,-0.6411158442497253
55,source,9,-0.05411112308502197,0.21995072066783905,-0.6281448602676392
55,source,10,-0.04469110071659088,0.19218112528324127,-0.5887867212295532
55,source,11,-0.01885511726140976,0.14451172947883606,-0.6183820366859436
55,source,12,-0.07294845581054688,0.21539391577243805,-0.6040255427360535
55,source,13,-0.0688450038433075,0.24179896712303162,-0.7027562856674194
55,source,14,-0.04027976095676422,0.19249939918518066,-0.7166965007781982
55,source,15,-0.07836498320102692,0.20419709384441376,-0.7430965304374695
55,source,16,-0.09405626356601715,0.19988234341144562,-0.7423610687255859
55,source,17,-0.07470354437828064,0.12283124029636383,-0.6624212861061096
55,source,18,-0.022326655685901642,0.0601438507437706,-0.6687406301498413
55,source,19,-0.04341784119606018,0.14602705836296082,-0.7196986079216003
55,source,20,-0.006597563624382019,0.09385895729064941,-0.6955457329750061
55,source,21,-0.10086897015571594,0.07834310084581375,-0.6930788159370422
55,source,22,-0.02617296576499939,0.1346554160118103,-0.6388532519340515
55,source,23,-0.05160732567310333,0.20267492532730103,-0.6643026471138
55,source,24,-0.0786629468202591,0.1288423240184784,-0.6907148957252502
55,source,25,-0.08185479044914246,0.20965850353240967,-0.791985273361206
55,source,26,-0.05080224573612213,0.21186527609825134,-0.7715224027633667
55,source,27,-0.04072284698486328,0.20520801842212677,-0.7918754816055298
55,source,28,-0.12805461883544922,0.19718687236309052,-0.8337618708610535
55,source,29,-0.038517363369464874,0.21547937393188477,-0.7124452590942383
55,source,30,-0.11418093740940094,0.1983555108308792,-0.7758485078811646
55,source,31,-0.0005273595452308655,0.09115041792392731,-0.6771469712257385
55,source,32,-0.017770685255527496,0.13625606894493103,-0.7133418321609497
55,source,33,-0.15133234858512878,0.1940378099679947,-0.7976005673408508
55,source,34,-0.13970094919204712,0.213531956076622,-0.7589157819747925
55,source,35,-0.14070408046245575,0.17817988991737366,-0.7744840979576111
55,source,36,-0.13137857615947723,0.1671217978000641,-0.7593744397163391
55,source,37,-0.159849613904953,0.20173388719558716,-0.7637707591056824
55,source,38,-0.10901017487049103,0.19447997212409973,-0.7496696710586548
55,source,39,-0.13214904069900513,0.19748933613300323,-0.7703711986541748
55,source,40,-0.08529253304004669,0.19975583255290985,-0.6805006265640259
55,source,41,-0.07547689974308014,0.19875863194465637,-0.6291952729225159
55,source,42,-0.1267126053571701,0.18342018127441406,-0.7344726324081421
55,source,43,-0.13780617713928223,0.21947157382965088,-0.7255526781082153
55,source,44,-0.17059727013111115,0.20349909365177155,-0.750363826751709
55,source,45,-0.14838695526123047,0.18791630864143372,-0.7479127645492554
55,source,46,-0.21531076729297638,0.3073214590549469,-0.8253719806671143
55,source,47,-0.08870722353458405,0.3272768259048462,-0.747763991355896
55,source,48,-0.052897438406944275,0.3417253792285919,-0.7259299159049988
55,source,49,-0.24014912545681,0.3204587697982788,-0.8335795402526855
55,source,50,-0.17340148985385895,0.27115437388420105,-0.755266010761261
55,source,51,-0.044929951429367065,0.2267615795135498,-0.7370765805244446
55,source,52,-0.06816618144512177,0.2679104506969452,-0.7543627023696899
55,source,53,-0.03626440465450287,0.25625869631767273,-0.7570357322692871
55,source,54,-0.014477118849754333,0.23000465333461761,-0.7285083532333374
55,source,55,-0.036346614360809326,0.26429373025894165,-0.6996831893920898
55,source,56,-0.046950340270996094,0.30088871717453003,-0.7100276350975037
55,source,57,-0.026191115379333496,0.28679999709129333,-0.7333622574806213
55,source,58,-0.0009043514728546143,0.2551788091659546,-0.6936250329017639
55,source,59,-0.036128684878349304,0.28266334533691406,-0.7473182082176208
55,source,60,-0.05638623237609863,0.28989046812057495,-0.7603158950805664
55,source,61,-0.09600874781608582,0.282227486371994,-0.761812686920166
55,source,62,-0.13414517045021057,0.2643277645111084,-0.7821176648139954
55,source,63,-0.0784100592136383,0.29543337225914,-0.7662100791931152
55,target,0,-0.1456383913755417,0.19300149381160736,-0.7799350619316101
55,target,1,-0.15349777042865753,0.18639230728149414,-0.757951557636261
55,target,2,-0.1506146639585495,0.1942029595375061,-0.794783353805542
55,target,3,-0.1798991709947586,0.20251716673374176,-0.7889755964279175
55,target,4,-0.15324747562408447,0.19448329508304596,-0.7534326910972595
55,target,5,-0.16543860733509064,0.20225003361701965,-0.7780430316925049
55,target,6,-0.1633206158876419,0.2095731496810913,-0.7752878665924072
55,target,7,-0.165114164352417,0.2276093065738678,-0.781902015209198
55,target,8,-0.16159646213054657,0.20952196419239044,-0.7701770067214966
55,target,9,-0.1407972127199173,0.20910441875457764,-0.7905949950218201
55,target,10,-0.15338574349880219,0.1974470615386963,-0.7750558853149414
55,target,11,-0.17612601816654205,0.2065984606742859,-0.8017688989639282
55,target,12,-0.18057842552661896,0.19416135549545288,-0.7869695425033569
55,target,13,-0.16991905868053436,0.1751737892627716,-0.7711900472640991
55,target,14,-0.15207181870937347,0.19759532809257507,-0.7831647396087646
55,target,15,-0.19963957369327545,0.20858891308307648,-0.754339337348938
55,target,16,-0.17410148680210114,0.2018003910779953,-0.7784093022346497
55,target,17,-0.18441717326641083,0.21378745138645172,-0.7824856042861938
55,target,18,-0.17122800648212433,0.20814670622348785,-0.7821807265281677
55,target,19,-0.18958373367786407,0.21452456712722778,-0.7740946412086487
55,target,20,-0.16932715475559235,0.21854113042354584,-0.7963830828666687
55,target,21,-0.14971521496772766,0.2051641047000885,-0.7662020921707153
55,target,22,-0.15823273360729218,0.23120328783988953,-0.7862758040428162
55,target,23,-0.17179925739765167,0.2275286614894867,-0.7841174602508545
55,target,24,-0.1643129587173462,0.22264689207077026,-0.7912660241127014
55,target,25,-0.19608627259731293,0.2279239445924759,-0.7737940549850464
55,target,26,-0.18131579458713531,0.19743159413337708,-0.764510989189148
55,target,27,-0.171717569231987,0.19459521770477295,-0.7384257316589355
55,target,28,-0.13212482631206512,0.17685841023921967,-0.7550884485244751
55,target,29,-0.1831086426973343,0.19179630279541016,-0.7808337211608887
55,target,30,-0.16202345490455627,0.19651803374290466,-0.7965725660324097
55,target,31,-0.1628052294254303,0.20689339935779572,-0.7872366309165955
55,target,32,-0.14761246740818024,0.19401143491268158,-0.7910828590393066
55,target,33,-0.1634502112865448,0.20306888222694397,-0.7766609191894531
55,target,34,-0.16306981444358826,0.19549423456192017,-0.7938957810401917
55,target,35,-0.1613834947347641,0.20002928376197815,-0.7649098038673401
55,target,36,-0.1693246215581894,0.19298075139522552,-0.7347325086593628
55,target,37,-0.1872224360704422,0.20230334997177124,-0.7531905174255371
55,target,38,-0.18236412107944489,0.22503262758255005,-0.7816716432571411
55,target,39,-0.1706341952085495,0.21756982803344727,-0.779920220375061
55,target,40,-0.1666257232427597,0.2216007113456726,-0.7730815410614014
55,target,41,-0.1719786375761032,0.22100505232810974,-0.7769888639450073
55,target,42,-0.15970377624034882,0.21334683895111084,-0.7832410335540771
55,target,43,-0.1844802349805832,0.2026982307434082,-0.7818102836608887
55,target,44,-0.1851613074541092,0.21786752343177795,-0.7853429317474365
55,target,45,-0.19995729625225067,0.2285400927066803,-0.798747181892395
55,target,46,-0.1563117653131485,0.1961493194103241,-0.775506854057312
55,target,47,-0.15432514250278473,0.18535037338733673,-0.7837617993354797
55,target,48,-0.1808495670557022,0.20714066922664642,-0.7945727109909058
55,target,49,-0.18036560714244843,0.20761847496032715,-0.7715262174606323
55,target,50,-0.12353532016277313,0.18160054087638855,-0.7854258418083191
55,target,51,-0.12362511456012726,0.18316517770290375,-0.7550819516181946
55,target,52,-0.14187780022621155,0.17331071197986603,-0.7796857357025146
55,target,53,-0.1622028350830078,0.1819620430469513,-0.7669448852539062
55,target,54,-0.14839309453964233,0.1745041310787201,-0.7449508309364319
55,target,55,-0.15233531594276428,0.19435541331768036,-0.7657849192619324
55,target,56,-0.11810670793056488,0.1979707032442093,-0.7721465229988098
55,target,57,-0.14021660387516022,0.19477462768554688,-0.770224928855896
55,target,58,-0.12635889649391174,0.18733984231948853,-0.7623284459114075
55,target,59,-0.14246347546577454,0.1849995255470276,-0.7719125747680664
55,target,60,-0.16971291601657867,0.19031691551208496,-0.7634010314941406
55,target,61,-0.17309381067752838,0.17678792774677277,-0.7664977312088013
55,target,62,-0.15882954001426697,0.1814117580652237,-0.766530454158783
55,target,63,-0.1631331890821457,0.19341926276683807,-0.7583159804344177
56,source,0,-0.09153841435909271,0.2660048007965088,-0.7721621990203857
56,source,1,-0.05094081163406372,0.20796912908554077,-0.8360587358474731
56,source,2,-0.11185453832149506,0.18509791791439056,-0.8092381954193115
56,source,3,-0.060960397124290466,0.21221879124641418,-0.8083950877189636
56,source,4,-0.07377767562866211,0.1679927408695221,-0.7747402787208557
56,source,5,-0.07905837893486023,0.016016721725463867,-0.6138088703155518
56,source,6,-0.08195134997367859,0.05093933641910553,-0.7273676991462708
56,source,7,-0.07341057062149048,0.09765912592411041,-0.6087693572044373
56,source,8,-0.10559096932411194,0.10558732599020004,-0.675161600112915
56,source,9,-0.05441679060459137,0.19935080409049988,-0.6524657607078552
56,source,10,-0.05106315016746521,0.17137932777404785,-0.6231439113616943
56,source,11,-0.01881498098373413,0.13637550175189972,-0.6530840396881104
56,source,12,-0.06730955839157104,0.2013402283191681,-0.6366987228393555
56,source,13,-0.08013519644737244,0.22312110662460327,-0.7299407124519348
56,source,14,-0.04235510528087616,0.1792450100183487,-0.7357127070426941
56,source,15,-0.08602851629257202,0.18987926840782166,-0.765728771686554
56,source,16,-0.09440425038337708,0.18442441523075104,-0.7681937217712402
56,source,17,-0.06631539762020111,0.11750859022140503,-0.6732000112533569
56,source,18,-0.02855469286441803,0.05456492304801941,-0.686452329158783
56,source,19,-0.03577316552400589,0.12312161177396774,-0.7219796776771545
56,source,20,-0.009389728307723999,0.07597542554140091,-0.7178694009780884
56,source,21,-0.10363461077213287,0.06977608799934387,-0.7178584933280945
56,source,22,-0.02660946547985077,0.13126829266548157,-0.6827621459960938
56,source,23,-0.04435180127620697,0.1908087134361267,-0.675464391708374
56,source,24,-0.09118928015232086,0.11956943571567535,-0.7241743206977844
56,source,25,-0.07032422721385956,0.19404858350753784,-0.8021971583366394
56,source,26,-0.029395118355751038,0.19966350495815277,-0.7880674600601196
56,source,27,-0.02987504005432129,0.18098396062850952,-0.8108331561088562
56,source,28,-0.11948178708553314,0.1752859354019165,-0.8450663089752197
56,source,29,-0.04712538421154022,0.21397241950035095,-0.7290401458740234
56,source,30,-0.11647896468639374,0.17573587596416473,-0.7785612940788269
56,source,31,-0.001718267798423767,0.09809432923793793,-0.7214578986167908
56,source,32,-0.01946689933538437,0.13178348541259766,-0.7374967336654663
56,source,33,-0.1297348439693451,0.17941147089004517,-0.806526780128479
56,source,34,-0.1271401345729828,0.2081848382949829,-0.7829943895339966
56,source,35,-0.133991539478302,0.1649419218301773,-0.8041719198226929
56,source,36,-0.13067364692687988,0.1507599651813507,-0.7844067215919495
56,source,37,-0.14331239461898804,0.18601486086845398,-0.7794495820999146
56,source,38,-0.09504683315753937,0.1832413375377655,-0.7737171649932861
56,source,39,-0.12653864920139313,0.18511468172073364,-0.8005001544952393
56,source,40,-0.07071471214294434,0.19074879586696625,-0.7270234823226929
56,source,41,-0.06275741755962372,0.18358229100704193,-0.677420973777771
56,source,42,-0.12395034730434418,0.18174782395362854,-0.72955721616745
56,source,43,-0.130467489361763,0.2181033492088318,-0.7047951221466064
56,source,44,-0.15429207682609558,0.2016090452671051,-0.7287141680717468
56,source,45,-0.14164429903030396,0.1947672814130783,-0.729738175868988
56,source,46,-0.20495419204235077,0.31448686122894287,-0.8315939903259277
56,source,47,-0.08972115814685822,0.32063475251197815,-0.7676197290420532
56,source,48,-0.05569472908973694,0.3349246382713318,-0.7483202815055847
56,source,49,-0.21589045226573944,0.32147860527038574,-0.8380208015441895
56,source,50,-0.1698889583349228,0.26917344331741333,-0.7740460634231567
56,source,51,-0.0395396426320076,0.21302875876426697,-0.7575730085372925
56,source,52,-0.0706719160079956,0.2593739330768585,-0.7761809825897217
56,source,53,-0.03619065880775452,0.23254485428333282,-0.7728287577629089
56,source,54,-0.016512900590896606,0.20932480692863464,-0.7466294169425964
56,source,55,-0.03201364725828171,0.2517930269241333,-0.7220135927200317
56,source,56,-0.040492743253707886,0.2816545367240906,-0.731521725654602
56,source,57,-0.03346264362335205,0.27303117513656616,-0.7613576650619507
56,source,58,-0.004309125244617462,0.24623312056064606,-0.7257434129714966
56,source,59,-0.045639172196388245,0.2725417912006378,-0.7718258500099182
56,source,60,-0.04624800384044647,0.28190919756889343,-0.7831463813781738
56,source,61,-0.08327575027942657,0.2823876142501831,-0.7785815596580505
56,source,62,-0.1251630187034607,0.260057657957077,-0.8041994571685791
56,source,63,-0.07318216562271118,0.2795703411102295,-0.7874109148979187
56,target,0,-0.14254632592201233,0.18502473831176758,-0.7861424088478088
56,target,1,-0.16341592371463776,0.1879170835018158,-0.764860987663269
56,target,2,-0.1585300713777542,0.1951994001865387,-0.7965548038482666
56,target,3,-0.17678646743297577,0.20082198083400726,-0.7862571477890015
56,target,4,-0.15155859291553497,0.1932005137205124,-0.7662851810455322
56,target,5,-0.1586906462907791,0.19957970082759857,-0.7872629761695862
56,target,6,-0.16001920402050018,0.20207351446151733,-0.7794414758682251
56,target,7,-0.1530809998512268,0.2220248281955719,-0.7954094409942627
56,target,8,-0.15638408064842224,0.2041681408882141,-0.7796012163162231
56,target,9,-0.14565441012382507,0.20686230063438416,-0.79380202293396
56,target,10,-0.16079233586788177,0.19786784052848816,-0.7839268445968628
56,target,11,-0.1782657355070114,0.20331841707229614,-0.7931860089302063
56,target,12,-0.17584960162639618,0.19518662989139557,-0.7671865820884705
56,target,13,-0.16945014894008636,0.18668830394744873,-0.7611072063446045
56,target,14,-0.1561688482761383,0.19675680994987488,-0.7847263216972351
56,target,15,-0.20133842527866364,0.20638324320316315,-0.771273672580719
56,target,16,-0.18420810997486115,0.20801326632499695,-0.7789721488952637
56,target,17,-0.18544910848140717,0.2134184092283249,-0.7761626243591309
56,target,18,-0.18382929265499115,0.21544359624385834,-0.7821517586708069
56,target,19,-0.19545765221118927,0.21107083559036255,-0.7774896621704102
56,target,20,-0.17301426827907562,0.21093283593654633,-0.7859339118003845
56,target,21,-0.16101987659931183,0.1952601820230484,-0.7852083444595337
56,target,22,-0.16207684576511383,0.22709542512893677,-0.8024550676345825
56,target,23,-0.18498645722866058,0.21903960406780243,-0.792952835559845
56,target,24,-0.16757576167583466,0.22077959775924683,-0.7960049510002136
56,target,25,-0.19700022041797638,0.21881836652755737,-0.7824832201004028
56,target,26,-0.187246635556221,0.19724303483963013,-0.7782312035560608
56,target,27,-0.16420488059520721,0.18995019793510437,-0.7439439296722412
56,target,28,-0.14527815580368042,0.1751561462879181,-0.7665973901748657
56,target,29,-0.1740916520357132,0.18649150431156158,-0.7746710777282715
56,target,30,-0.15945622324943542,0.19689776003360748,-0.7927957773208618
56,target,31,-0.1603972613811493,0.20007199048995972,-0.7759783267974854
56,target,32,-0.1478213667869568,0.1900598406791687,-0.790016233921051
56,target,33,-0.16300493478775024,0.20367541909217834,-0.7768899202346802
56,target,34,-0.15320634841918945,0.19931712746620178,-0.7935236096382141
56,target,35,-0.15905354917049408,0.20293690264225006,-0.7795997262001038
56,target,36,-0.16843385994434357,0.18545520305633545,-0.7370505928993225
56,target,37,-0.19416047632694244,0.19758012890815735,-0.777820348739624
56,target,38,-0.17639531195163727,0.21937838196754456,-0.7881030440330505
56,target,39,-0.1783989518880844,0.21671873331069946,-0.7856090664863586
56,target,40,-0.17263595759868622,0.20904424786567688,-0.7853123545646667
56,target,41,-0.17641757428646088,0.2124893069267273,-0.7900051474571228
56,target,42,-0.1626715064048767,0.19887825846672058,-0.7959344983100891
56,target,43,-0.1912030726671219,0.1952889859676361,-0.7882192134857178
56,target,44,-0.19188936054706573,0.207230806350708,-0.7879258990287781
56,target,45,-0.19456462562084198,0.21879205107688904,-0.7865225672721863
56,target,46,-0.1539810299873352,0.20001718401908875,-0.7768006920814514
56,target,47,-0.16104094684123993,0.18682098388671875,-0.7893712520599365
56,target,48,-0.17642058432102203,0.20546939969062805,-0.7951986193656921
56,target,49,-0.17253853380680084,0.2009975165128708,-0.7826326489448547
56,target,50,-0.13167217373847961,0.17937761545181274,-0.8131292462348938
56,target,51,-0.12660664319992065,0.1793113499879837,-0.784750759601593
56,target,52,-0.13892902433872223,0.16649295389652252,-0.8049848079681396
56,target,53,-0.159200519323349,0.17308303713798523,-0.7994625568389893
56,target,54,-0.14183054864406586,0.16577666997909546,-0.7825629711151123
56,target,55,-0.1639283299446106,0.19348785281181335,-0.7933196425437927
56,target,56,-0.1311376839876175,0.20063239336013794,-0.7934846878051758
56,target,57,-0.1494952142238617,0.1990303099155426,-0.7947282791137695
56,target,58,-0.14076507091522217,0.18672898411750793,-0.789084255695343
56,target,59,-0.15060733258724213,0.1810891032218933,-0.7910812497138977
56,target,60,-0.16283662617206573,0.1787031888961792,-0.7878991961479187
56,target,61,-0.17708109319210052,0.17470872402191162,-0.7920173406600952
56,target,62,-0.16232755780220032,0.17772889137268066,-0.7855718731880188
56,target,63,-0.1637381762266159,0.18134687840938568,-0.7758957147598267
57,source,0,-0.08310858905315399,0.2707204222679138,-0.7682860493659973
57,source,1,-0.05582107603549957,0.20837955176830292,-0.8320658206939697
57,source,2,-0.10608507692813873,0.2016676366329193,-0.8181827068328857
57,source,3,-0.06607824563980103,0.22618445754051208,-0.8056765198707581
57,source,4,-0.06838978826999664,0.17446981370449066,-0.7664998173713684
57,source,5,-0.03728821873664856,0.010526061058044434,-0.5541375875473022
57,source,6,-0.06258930265903473,0.06889760494232178,-0.7082541584968567
57,source,7,-0.04255400598049164,0.1132073849439621,-0.5799611210823059
57,source,8,-0.0881795883178711,0.12455600500106812,-0.6634063124656677
57,source,9,-0.03766561299562454,0.20776572823524475,-0.6277227997779846
57,source,10,-0.016001515090465546,0.17673222720623016,-0.588900089263916
57,source,11,0.003129050135612488,0.1468644142150879,-0.621376633644104
57,source,12,-0.04338361322879791,0.2137201428413391,-0.6112610101699829
57,source,13,-0.07232014834880829,0.22280803322792053,-0.7108470797538757
57,source,14,-0.037499405443668365,0.18575873970985413,-0.7239824533462524
57,source,15,-0.08344849944114685,0.20540878176689148,-0.7530053853988647
57,source,16,-0.09471063315868378,0.2010047286748886,-0.7585545182228088
57,source,17,-0.048557981848716736,0.13450704514980316,-0.6768785715103149
57,source,18,-0.008291400969028473,0.09035715460777283,-0.6897962689399719
57,source,19,-0.009972304105758667,0.13975787162780762,-0.7204535603523254
57,source,20,0.013816073536872864,0.09777642786502838,-0.7010895013809204
57,source,21,-0.0670853853225708,0.07457292824983597,-0.7329046130180359
57,source,22,0.005626782774925232,0.14017242193222046,-0.6418092846870422
57,source,23,-0.031433023512363434,0.19928523898124695,-0.659700334072113
57,source,24,-0.06846678256988525,0.13964849710464478,-0.7203986048698425
57,source,25,-0.0727500170469284,0.20668476819992065,-0.8043325543403625
57,source,26,-0.03405895084142685,0.20743227005004883,-0.7740545868873596
57,source,27,-0.03615380823612213,0.1986244171857834,-0.796718955039978
57,source,28,-0.12511052191257477,0.19937267899513245,-0.8497336506843567
57,source,29,-0.04526640474796295,0.21491241455078125,-0.7220832109451294
57,source,30,-0.12591946125030518,0.19932453334331512,-0.7910455465316772
57,source,31,0.009101331233978271,0.09810162335634232,-0.7015383243560791
57,source,32,-0.011961281299591064,0.14002232253551483,-0.7295964360237122
57,source,33,-0.1165454238653183,0.20418478548526764,-0.8192028999328613
57,source,34,-0.11104658246040344,0.22266724705696106,-0.7807180285453796
57,source,35,-0.10082554817199707,0.1825943887233734,-0.8045879602432251
57,source,36,-0.1083320826292038,0.17901533842086792,-0.7876644730567932
57,source,37,-0.12640000879764557,0.21473202109336853,-0.7973527908325195
57,source,38,-0.07734555006027222,0.20185723900794983,-0.7736973762512207
57,source,39,-0.10068580508232117,0.20393633842468262,-0.7946152687072754
57,source,40,-0.04602748155593872,0.21265645325183868,-0.7082977294921875
57,source,41,-0.035313479602336884,0.20310983061790466,-0.643970251083374
57,source,42,-0.1167571097612381,0.19927231967449188,-0.7385985851287842
57,source,43,-0.12797170877456665,0.24148328602313995,-0.7164952754974365
57,source,44,-0.1496666818857193,0.2177402377128601,-0.7384399175643921
57,source,45,-0.1317850947380066,0.21257391571998596,-0.7344350814819336
57,source,46,-0.20121558010578156,0.29996758699417114,-0.8234531879425049
57,source,47,-0.08190934360027313,0.31389275193214417,-0.7677254676818848
57,source,48,-0.04594641923904419,0.3253297209739685,-0.7399340271949768
57,source,49,-0.21258942782878876,0.3159649968147278,-0.8278130888938904
57,source,50,-0.16867832839488983,0.2633242607116699,-0.7749978303909302
57,source,51,-0.03294830769300461,0.21505607664585114,-0.7427686452865601
57,source,52,-0.0563046932220459,0.25963279604911804,-0.7652329206466675
57,source,53,-0.02628505975008011,0.23756441473960876,-0.7670314908027649
57,source,54,-0.012410104274749756,0.2144128829240799,-0.7387040853500366
57,source,55,-0.024721689522266388,0.25327053666114807,-0.7092311382293701
57,source,56,-0.0322747677564621,0.2896069884300232,-0.7317444086074829
57,source,57,-0.03497413545846939,0.27958446741104126,-0.754055380821228
57,source,58,8.530914783477783e-06,0.2495933473110199,-0.7148050665855408
57,source,59,-0.04312872886657715,0.276597797870636,-0.7669711112976074
57,source,60,-0.04958534240722656,0.2856474220752716,-0.7790852785110474
57,source,61,-0.07851840555667877,0.28104478120803833,-0.7745101451873779
57,source,62,-0.12602390348911285,0.2686389982700348,-0.8072354197502136
57,source,63,-0.08054779469966888,0.2907795310020447,-0.7883110046386719
57,target,0,-0.13322952389717102,0.1959715634584427,-0.7847276926040649
57,target,1,-0.15736529231071472,0.19605442881584167,-0.7556833028793335
57,target,2,-0.15642474591732025,0.20792770385742188,-0.796529233455658
57,target,3,-0.17193390429019928,0.20956851541996002,-0.7935486435890198
57,target,4,-0.14242777228355408,0.20038734376430511,-0.7623536586761475
57,target,5,-0.15647950768470764,0.20758450031280518,-0.7815584540367126
57,target,6,-0.16325299441814423,0.21223615109920502,-0.7734259366989136
57,target,7,-0.151729553937912,0.2300271987915039,-0.7870211601257324
57,target,8,-0.161712646484375,0.21634387969970703,-0.7749730944633484
57,target,9,-0.14244315028190613,0.2169567048549652,-0.7922799587249756
57,target,10,-0.1497957855463028,0.20483745634555817,-0.7846925258636475
57,target,11,-0.17871849238872528,0.21804282069206238,-0.7980064153671265
57,target,12,-0.172371044754982,0.19793270528316498,-0.7722508907318115
57,target,13,-0.1569182425737381,0.17900517582893372,-0.7603463530540466
57,target,14,-0.12614752352237701,0.2063143253326416,-0.7814948558807373
57,target,15,-0.1850302368402481,0.21368443965911865,-0.7626333236694336
57,target,16,-0.16686637699604034,0.21197274327278137,-0.7835386991500854
57,target,17,-0.17948459088802338,0.2253318428993225,-0.7760589718818665
57,target,18,-0.1625315546989441,0.21307744085788727,-0.776030421257019
57,target,19,-0.1832258552312851,0.22093155980110168,-0.78012615442276
57,target,20,-0.16978077590465546,0.2238340973854065,-0.7956879138946533
57,target,21,-0.1478298157453537,0.20933698117733002,-0.7777910828590393
57,target,22,-0.1569700390100479,0.24341553449630737,-0.7886031270027161
57,target,23,-0.17694957554340363,0.2272827923297882,-0.7843964099884033
57,target,24,-0.1595103144645691,0.2273666262626648,-0.7879036068916321
57,target,25,-0.18481777608394623,0.23206517100334167,-0.7708721160888672
57,target,26,-0.16597424447536469,0.20434966683387756,-0.7673929929733276
57,target,27,-0.14826597273349762,0.1844295859336853,-0.737006664276123
57,target,28,-0.12177717685699463,0.1768350452184677,-0.763444721698761
57,target,29,-0.16959552466869354,0.19982174038887024,-0.7882173657417297
57,target,30,-0.15675704181194305,0.20674876868724823,-0.7953833937644958
57,target,31,-0.15215572714805603,0.2127152532339096,-0.7844533324241638
57,target,32,-0.1415816992521286,0.2017662227153778,-0.7975340485572815
57,target,33,-0.1582733541727066,0.21569043397903442,-0.7783899307250977
57,target,34,-0.1526808887720108,0.21190345287322998,-0.7883250117301941
57,target,35,-0.15749040246009827,0.20223838090896606,-0.7665214538574219
57,target,36,-0.16114619374275208,0.18480880558490753,-0.7234734296798706
57,target,37,-0.1741247922182083,0.20183804631233215,-0.7557121515274048
57,target,38,-0.16881264746189117,0.23003140091896057,-0.7815647125244141
57,target,39,-0.17146869003772736,0.2242889106273651,-0.7804632186889648
57,target,40,-0.1722421497106552,0.21639610826969147,-0.7849557399749756
57,target,41,-0.1689603477716446,0.22299771010875702,-0.7829575538635254
57,target,42,-0.15065814554691315,0.2067023068666458,-0.7946157455444336
57,target,43,-0.18365629017353058,0.20773185789585114,-0.7946798801422119
57,target,44,-0.18374817073345184,0.2245672345161438,-0.7890990972518921
57,target,45,-0.19294996559619904,0.23229888081550598,-0.7936203479766846
57,target,46,-0.14490650594234467,0.20589427649974823,-0.773597002029419
57,target,47,-0.1599399745464325,0.19782055914402008,-0.7905629873275757
57,target,48,-0.18263451755046844,0.2180844396352768,-0.7959281206130981
57,target,49,-0.16754330694675446,0.2092302143573761,-0.7818760871887207
57,target,50,-0.12232537567615509,0.1898588091135025,-0.8024161458015442
57,target,51,-0.11752006411552429,0.1805606633424759,-0.7751707434654236
57,target,52,-0.12796813249588013,0.17856957018375397,-0.8076303005218506
57,target,53,-0.14561422169208527,0.18191012740135193,-0.7912206649780273
57,target,54,-0.12814486026763916,0.17686238884925842,-0.7791618704795837
57,target,55,-0.15120168030261993,0.2013937532901764,-0.7914938926696777
57,target,56,-0.1268978714942932,0.20755743980407715,-0.7885321974754333
57,target,57,-0.1420530527830124,0.20788881182670593,-0.786383867263794
57,target,58,-0.12561863660812378,0.1920415759086609,-0.7811324000358582
57,target,59,-0.14120088517665863,0.18727648258209229,-0.7932937741279602
57,target,60,-0.1605379581451416,0.19420242309570312,-0.787411093711853
57,target,61,-0.17055757343769073,0.18578676879405975,-0.7916572093963623
57,target,62,-0.1520491987466812,0.1810448169708252,-0.789119303226471
57,target,63,-0.1428627222776413,0.197004035115242,-0.7756068706512451
58,source,0,-0.08909523487091064,0.2600110173225403,-0.7755191922187805
58,source,1,-0.06380772590637207,0.19286975264549255,-0.8386321067810059
58,source,2,-0.1180558055639267,0.1745939403772354,-0.8209185004234314
58,source,3,-0.07748150825500488,0.1973695307970047,-0.8142656683921814
58,source,4,-0.08784015476703644,0.16060763597488403,-0.7886286377906799
58,source,5,-0.030325375497341156,-0.01534608006477356,-0.5797793865203857
58,source,6,-0.060150861740112305,0.04561462998390198,-0.7173031568527222
58,source,7,-0.048788174986839294,0.08764992654323578,-0.6031527519226074
58,source,8,-0.09146465361118317,0.09936904907226562,-0.6695853471755981
58,source,9,-0.052656933665275574,0.1968548446893692,-0.6546943187713623
58,source,10,-0.0293157696723938,0.1762067973613739,-0.6069672107696533
58,source,11,0.004863955080509186,0.13896803557872772,-0.6428510546684265
58,source,12,-0.048030540347099304,0.2049151510000229,-0.6184942722320557
58,source,13,-0.07955190539360046,0.22052408754825592,-0.7320478558540344
58,source,14,-0.038683004677295685,0.1709795892238617,-0.741538941860199
58,source,15,-0.09619151055812836,0.1932583451271057,-0.7738040089607239
58,source,16,-0.1021176129579544,0.18443776667118073,-0.7852694392204285
58,source,17,-0.05153121054172516,0.10989385843276978,-0.676297664642334
58,source,18,-0.008927926421165466,0.06399746984243393,-0.7121826410293579
58,source,19,-0.021651722490787506,0.13027791678905487,-0.7226468920707703
58,source,20,0.007448345422744751,0.07595785707235336,-0.722000241279602
58,source,21,-0.07817193865776062,0.0484001561999321,-0.7266590595245361
58,source,22,0.005970992147922516,0.12636545300483704,-0.6633671522140503
58,source,23,-0.043018653988838196,0.19203728437423706,-0.6733682155609131
58,source,24,-0.07375571131706238,0.12317396700382233,-0.720359742641449
58,source,25,-0.0887172520160675,0.19072721898555756,-0.819229006767273
58,source,26,-0.05583639442920685,0.18504242599010468,-0.7878701686859131
58,source,27,-0.05638624727725983,0.17448408901691437,-0.8054715394973755
58,source,28,-0.14134813845157623,0.17942681908607483,-0.8529033064842224
58,source,29,-0.052356332540512085,0.20343303680419922,-0.7438511252403259
58,source,30,-0.14028862118721008,0.19049908220767975,-0.7986696362495422
58,source,31,0.0003615766763687134,0.09181760251522064,-0.7127151489257812
58,source,32,-0.015348576009273529,0.12962596118450165,-0.7427322268486023
58,source,33,-0.13850286602973938,0.1845502406358719,-0.81915283203125
58,source,34,-0.13713161647319794,0.1993243396282196,-0.7972463965415955
58,source,35,-0.11673088371753693,0.16673721373081207,-0.8070105314254761
58,source,36,-0.11351478099822998,0.1640576273202896,-0.7914624810218811
58,source,37,-0.14691850543022156,0.19256217777729034,-0.7974799275398254
58,source,38,-0.10045208036899567,0.1852155327796936,-0.7840643525123596
58,source,39,-0.1303730607032776,0.1861526519060135,-0.8008260726928711
58,source,40,-0.049536287784576416,0.19717511534690857,-0.7181156277656555
58,source,41,-0.04340404272079468,0.19056344032287598,-0.6616942286491394
58,source,42,-0.1234106719493866,0.18642838299274445,-0.7453312873840332
58,source,43,-0.12044642865657806,0.229631245136261,-0.7203180193901062
58,source,44,-0.14403490722179413,0.20524902641773224,-0.750838577747345
58,source,45,-0.1285172700881958,0.20412577688694,-0.7439196705818176
58,source,46,-0.18545778095722198,0.29528239369392395,-0.8407706022262573
58,source,47,-0.08748143911361694,0.3025755286216736,-0.7773624062538147
58,source,48,-0.05137045681476593,0.3184015154838562,-0.7517953515052795
58,source,49,-0.20016081631183624,0.3154557943344116,-0.8475785851478577
58,source,50,-0.16729821264743805,0.2669285237789154,-0.774499773979187
58,source,51,-0.053500160574913025,0.20150208473205566,-0.7655724883079529
58,source,52,-0.07078306376934052,0.24731460213661194,-0.7770296335220337
58,source,53,-0.04216790199279785,0.2253255546092987,-0.7827467918395996
58,source,54,-0.032490916550159454,0.20097331702709198,-0.7580869197845459
58,source,55,-0.032495610415935516,0.24497917294502258,-0.7236790060997009
58,source,56,-0.04383386671543121,0.2821340560913086,-0.7433761954307556
58,source,57,-0.04208584129810333,0.26761195063591003,-0.7664448022842407
58,source,58,-0.005103453993797302,0.24622902274131775,-0.7339232563972473
58,source,59,-0.0485549122095108,0.263502836227417,-0.7775282263755798
58,source,60,-0.061631083488464355,0.2664141356945038,-0.7877516746520996
58,source,61,-0.10027806460857391,0.26613649725914,-0.7843201160430908
58,source,62,-0.14285483956336975,0.24787268042564392,-0.8084784746170044
58,source,63,-0.0819588303565979,0.27241480350494385,-0.7944486737251282
58,target,0,-0.14745840430259705,0.18721777200698853,-0.8006759285926819
58,target,1,-0.15231868624687195,0.18423262238502502,-0.7838703393936157
58,target,2,-0.14996545016765594,0.18764740228652954,-0.8146476149559021
58,target,3,-0.1717929095029831,0.19192790985107422,-0.8100172877311707
58,target,4,-0.15021423995494843,0.1851072609424591,-0.7842759490013123
58,target,5,-0.16234466433525085,0.19591613113880157,-0.7977210283279419
58,target,6,-0.16458791494369507,0.201888769865036,-0.7919540405273438
58,target,7,-0.1643139272928238,0.21581372618675232,-0.8069943785667419
58,target,8,-0.16054263710975647,0.20282964408397675,-0.7874289155006409
58,target,9,-0.14866404235363007,0.19976556301116943,-0.809921383857727
58,target,10,-0.16269946098327637,0.19159461557865143,-0.8008719682693481
58,target,11,-0.16967393457889557,0.19038917124271393,-0.819080114364624
58,target,12,-0.17234261333942413,0.17939049005508423,-0.7904537916183472
58,target,13,-0.15833447873592377,0.1660226285457611,-0.7834370732307434
58,target,14,-0.13998958468437195,0.19534631073474884,-0.8068342804908752
58,target,15,-0.20153851807117462,0.2087668478488922,-0.7918664813041687
58,target,16,-0.17298714816570282,0.206641286611557,-0.8011425137519836
58,target,17,-0.17883379757404327,0.21375158429145813,-0.7979257106781006
58,target,18,-0.17284773290157318,0.2083030641078949,-0.7987864017486572
58,target,19,-0.1899901181459427,0.20744532346725464,-0.7993395924568176
58,target,20,-0.171882763504982,0.21688424050807953,-0.810684859752655
58,target,21,-0.16596396267414093,0.201158344745636,-0.8052594065666199
58,target,22,-0.15912467241287231,0.2335396707057953,-0.8160849213600159
58,target,23,-0.16668353974819183,0.21854153275489807,-0.8154438138008118
58,target,24,-0.16241614520549774,0.2209949791431427,-0.814746081829071
58,target,25,-0.18558894097805023,0.2214074581861496,-0.7987037301063538
58,target,26,-0.1762128621339798,0.19939400255680084,-0.7940585613250732
58,target,27,-0.1618015170097351,0.18584230542182922,-0.7563493847846985
58,target,28,-0.13462188839912415,0.1659407615661621,-0.7776337265968323
58,target,29,-0.17795641720294952,0.19049450755119324,-0.8008993864059448
58,target,30,-0.15427924692630768,0.19380950927734375,-0.8080096244812012
58,target,31,-0.15846656262874603,0.19299077987670898,-0.7962301969528198
58,target,32,-0.1461998075246811,0.1826203465461731,-0.8146528005599976
58,target,33,-0.1592380255460739,0.20081837475299835,-0.7930343151092529
58,target,34,-0.15070557594299316,0.19138967990875244,-0.808591365814209
58,target,35,-0.1567559689283371,0.18624284863471985,-0.7825508117675781
58,target,36,-0.16580809652805328,0.17856241762638092,-0.7541894912719727
58,target,37,-0.18240900337696075,0.20135906338691711,-0.791527509689331
58,target,38,-0.1753969043493271,0.22137261927127838,-0.8084134459495544
58,target,39,-0.16682015359401703,0.21741050481796265,-0.8065066933631897
58,target,40,-0.17535381019115448,0.2067244052886963,-0.7948141694068909
58,target,41,-0.18260641396045685,0.21624773740768433,-0.7942317724227905
58,target,42,-0.16799478232860565,0.20616187155246735,-0.8004574179649353
58,target,43,-0.1950341910123825,0.1971454620361328,-0.8009315729141235
58,target,44,-0.17754749953746796,0.21212224662303925,-0.8156909942626953
58,target,45,-0.1916428953409195,0.21924492716789246,-0.8132745027542114
58,target,46,-0.14979961514472961,0.19391371309757233,-0.7998709082603455
58,target,47,-0.1683778613805771,0.1831222027540207,-0.8108475208282471
58,target,48,-0.18089263141155243,0.19580091536045074,-0.8166348934173584
58,target,49,-0.16363084316253662,0.1934354156255722,-0.7955659627914429
58,target,50,-0.13229691982269287,0.17328029870986938,-0.822960376739502
58,target,51,-0.13216058909893036,0.1763506382703781,-0.7961476445198059
58,target,52,-0.14328797161579132,0.16498282551765442,-0.8135486841201782
58,target,53,-0.15773779153823853,0.1718265414237976,-0.8015555143356323
58,target,54,-0.14431796967983246,0.16743841767311096,-0.7995492219924927
58,target,55,-0.15823090076446533,0.19228008389472961,-0.8109005093574524
58,target,56,-0.12969039380550385,0.19766157865524292,-0.8075290322303772
58,target,57,-0.15002603828907013,0.1941458135843277,-0.8135257959365845
58,target,58,-0.1293814331293106,0.18857166171073914,-0.8045673370361328
58,target,59,-0.14754505455493927,0.17530018091201782,-0.8095446825027466
58,target,60,-0.17051129043102264,0.17808754742145538,-0.8006932139396667
58,target,61,-0.17703337967395782,0.17240175604820251,-0.8028250932693481
58,target,62,-0.16519559919834137,0.17194414138793945,-0.7914010882377625
58,target,63,-0.16362309455871582,0.18250888586044312,-0.7811242938041687
59,source,0,-0.07557728886604309,0.24906128644943237,-0.7647473216056824
59,source,1,-0.046311020851135254,0.1934877336025238,-0.8234969973564148
59,source,2,-0.09417104721069336,0.1703660637140274,-0.805809736251831
59,source,3,-0.05214369297027588,0.20229223370552063,-0.8037369251251221
59,source,4,-0.06247392296791077,0.15987275540828705,-0.7707929611206055
59,source,5,-0.027024738490581512,0.008473128080368042,-0.6070199608802795
59,source,6,-0.05300287902355194,0.04452747851610184,-0.724235475063324
59,source,7,-0.04162949323654175,0.08783479779958725,-0.6254684925079346
59,source,8,-0.07968088984489441,0.08564017713069916,-0.6737011671066284
59,source,9,-0.03338872641324997,0.190217524766922,-0.6706797480583191
59,source,10,-0.02159959077835083,0.17523838579654694,-0.6286775469779968
59,source,11,0.005597792565822601,0.13228943943977356,-0.6618046164512634
59,source,12,-0.04631979763507843,0.19705626368522644,-0.6372631192207336
59,source,13,-0.0709884911775589,0.21572569012641907,-0.7189309597015381
59,source,14,-0.0258357971906662,0.16757053136825562,-0.7314981818199158
59,source,15,-0.07212774455547333,0.18757818639278412,-0.7649277448654175
59,source,16,-0.08145678043365479,0.1753648817539215,-0.7689197659492493
59,source,17,-0.04565931856632233,0.11071613430976868,-0.6860653758049011
59,source,18,-0.01110047847032547,0.07188763469457626,-0.7080543637275696
59,source,19,-0.025027379393577576,0.12564927339553833,-0.7335788011550903
59,source,20,0.007157944142818451,0.07211267948150635,-0.719312310218811
59,source,21,-0.06864455342292786,0.03958539664745331,-0.7322509288787842
59,source,22,0.004257552325725555,0.12541520595550537,-0.6660494804382324
59,source,23,-0.03150211274623871,0.18271294236183167,-0.6857335567474365
59,source,24,-0.05881340801715851,0.11676740646362305,-0.7277566194534302
59,source,25,-0.056330129504203796,0.18463975191116333,-0.8019219636917114
59,source,26,-0.023050814867019653,0.18343240022659302,-0.7766140699386597
59,source,27,-0.030809834599494934,0.1740948110818863,-0.7912221550941467
59,source,28,-0.11303313076496124,0.17042496800422668,-0.8322014808654785
59,source,29,-0.03356175869703293,0.19711747765541077,-0.7289152145385742
59,source,30,-0.13370561599731445,0.18763183057308197,-0.7713817358016968
59,source,31,-0.00031328946352005005,0.0923275351524353,-0.7100451588630676
59,source,32,0.0006676167249679565,0.13389194011688232,-0.7379915714263916
59,source,33,-0.0986136794090271,0.17338138818740845,-0.8024044632911682
59,source,34,-0.10364888608455658,0.19905366003513336,-0.7786291241645813
59,source,35,-0.08730113506317139,0.1548517793416977,-0.788764238357544
59,source,36,-0.08831462264060974,0.1524454653263092,-0.7827116250991821
59,source,37,-0.11069454252719879,0.18165959417819977,-0.785262942314148
59,source,38,-0.06851384043693542,0.17052020132541656,-0.7746544480323792
59,source,39,-0.09522277116775513,0.17524953186511993,-0.7934855818748474
59,source,40,-0.05135062336921692,0.18065695464611053,-0.7208058834075928
59,source,41,-0.05050574243068695,0.1825215220451355,-0.6674641966819763
59,source,42,-0.10928311944007874,0.17237849533557892,-0.7416799068450928
59,source,43,-0.12939302623271942,0.20714205503463745,-0.7239543199539185
59,source,44,-0.15007850527763367,0.1869964748620987,-0.748646080493927
59,source,45,-0.1281774342060089,0.1795993447303772,-0.7504816651344299
59,source,46,-0.16700170934200287,0.28556057810783386,-0.8301655054092407
59,source,47,-0.0782754123210907,0.2972843647003174,-0.7611619234085083
59,source,48,-0.043739959597587585,0.3119153678417206,-0.7424834370613098
59,source,49,-0.18131490051746368,0.30194804072380066,-0.8238952159881592
59,source,50,-0.1555430144071579,0.2490137666463852,-0.7576220035552979
59,source,51,-0.04146811366081238,0.19260083138942719,-0.7585645318031311
59,source,52,-0.0628618597984314,0.23999683558940887,-0.7633388042449951
59,source,53,-0.03916623443365097,0.222667396068573,-0.7653606534004211
59,source,54,-0.02497681975364685,0.1924915462732315,-0.7567188143730164
59,source,55,-0.026837684214115143,0.23703739047050476,-0.7217540144920349
59,source,56,-0.04178248345851898,0.26939278841018677,-0.7311587929725647
59,source,57,-0.03587951511144638,0.2562830448150635,-0.7548147439956665
59,source,58,-0.0034186244010925293,0.22302323579788208,-0.7199101448059082
59,source,59,-0.03644426912069321,0.2552120089530945,-0.7653740048408508
59,source,60,-0.049109384417533875,0.25902047753334045,-0.7740722298622131
59,source,61,-0.07819351553916931,0.25862666964530945,-0.77196204662323
59,source,62,-0.1208953857421875,0.2363710105419159,-0.7989391088485718
59,source,63,-0.07271833717823029,0.2557501494884491,-0.7789401412010193
59,target,0,-0.13418564200401306,0.17281366884708405,-0.7950667142868042
59,target,1,-0.14511676132678986,0.17466843128204346,-0.771338939666748
59,target,2,-0.14672215282917023,0.1728932410478592,-0.7999690771102905
59,target,3,-0.17256136238574982,0.18373805284500122,-0.795370876789093
59,target,4,-0.14496232569217682,0.17890198528766632,-0.7683398127555847
59,target,5,-0.15384286642074585,0.18970634043216705,-0.7913597226142883
59,target,6,-0.15333235263824463,0.19110007584095,-0.7904689311981201
59,target,7,-0.14675630629062653,0.19750455021858215,-0.7928962707519531
59,target,8,-0.1476379930973053,0.1941082626581192,-0.7785890102386475
59,target,9,-0.13112139701843262,0.18882465362548828,-0.8004451990127563
59,target,10,-0.15256188809871674,0.1830165535211563,-0.7869278788566589
59,target,11,-0.1677428036928177,0.17775195837020874,-0.8056603074073792
59,target,12,-0.16284441947937012,0.16781488060951233,-0.7778269052505493
59,target,13,-0.15911269187927246,0.15759028494358063,-0.7734701633453369
59,target,14,-0.13375864923000336,0.18357449769973755,-0.7917875647544861
59,target,15,-0.18709786236286163,0.1996079683303833,-0.7842488288879395
59,target,16,-0.17010320723056793,0.1922832429409027,-0.7893450260162354
59,target,17,-0.17292077839374542,0.2018047273159027,-0.7872089743614197
59,target,18,-0.1712120920419693,0.19413219392299652,-0.784045398235321
59,target,19,-0.1800781935453415,0.196770578622818,-0.7851248979568481
59,target,20,-0.18026427924633026,0.19616836309432983,-0.7979186773300171
59,target,21,-0.16496025025844574,0.19442369043827057,-0.7914829850196838
59,target,22,-0.1621943563222885,0.21432724595069885,-0.8122230172157288
59,target,23,-0.1677645593881607,0.20684057474136353,-0.8034185767173767
59,target,24,-0.15825456380844116,0.20874270796775818,-0.8073844909667969
59,target,25,-0.17521898448467255,0.20979171991348267,-0.7915827631950378
59,target,26,-0.17089985311031342,0.18946775794029236,-0.782073974609375
59,target,27,-0.14817556738853455,0.17101170122623444,-0.7426260709762573
59,target,28,-0.12776552140712738,0.15946698188781738,-0.7726837992668152
59,target,29,-0.1648370623588562,0.17234814167022705,-0.7924243807792664
59,target,30,-0.1449633091688156,0.17423076927661896,-0.8005634546279907
59,target,31,-0.15023744106292725,0.17702504992485046,-0.7883339524269104
59,target,32,-0.13737407326698303,0.16701920330524445,-0.8050591349601746
59,target,33,-0.1504642814397812,0.18796581029891968,-0.7881438732147217
59,target,34,-0.13677869737148285,0.180689737200737,-0.8095911741256714
59,target,35,-0.14345453679561615,0.17693163454532623,-0.7822140455245972
59,target,36,-0.1539619266986847,0.1708102524280548,-0.7519688010215759
59,target,37,-0.17739860713481903,0.1951160877943039,-0.7807669639587402
59,target,38,-0.16461308300495148,0.2086549699306488,-0.8001329302787781
59,target,39,-0.16108518838882446,0.2024657428264618,-0.7962314486503601
59,target,40,-0.16213959455490112,0.19679413735866547,-0.790899932384491
59,target,41,-0.17181600630283356,0.1948501318693161,-0.7890303134918213
59,target,42,-0.15804743766784668,0.1815253347158432,-0.7932865023612976
59,target,43,-0.17720599472522736,0.17428497970104218,-0.7886081337928772
59,target,44,-0.18131588399410248,0.19613692164421082,-0.8013895153999329
59,target,45,-0.1870451122522354,0.20374882221221924,-0.796846866607666
59,target,46,-0.14547255635261536,0.18040773272514343,-0.7869696617126465
59,target,47,-0.15534766018390656,0.17057034373283386,-0.797325074672699
59,target,48,-0.17533378303050995,0.18816520273685455,-0.8064086437225342
59,target,49,-0.15807530283927917,0.1875012218952179,-0.7867496013641357
59,target,50,-0.1012856513261795,0.17091482877731323,-0.8070160150527954
59,target,51,-0.10074716806411743,0.16401538252830505,-0.7783976197242737
59,target,52,-0.11101555824279785,0.15506383776664734,-0.7884159088134766
59,target,53,-0.1336291879415512,0.15867845714092255,-0.7822716236114502
59,target,54,-0.1149122416973114,0.15901874005794525,-0.7632567286491394
59,target,55,-0.13338114321231842,0.18428868055343628,-0.784207820892334
59,target,56,-0.09876233339309692,0.19097046554088593,-0.7878632545471191
59,target,57,-0.11985696852207184,0.18694642186164856,-0.7854791879653931
59,target,58,-0.11406376957893372,0.1798299252986908,-0.7809492945671082
59,target,59,-0.11886514723300934,0.16558194160461426,-0.7818052172660828
59,target,60,-0.14588242769241333,0.1683054268360138,-0.7780212163925171
59,target,61,-0.14670513570308685,0.1514616459608078,-0.7836484313011169
59,target,62,-0.13658511638641357,0.16760152578353882,-0.7798722386360168
59,target,63,-0.13985596597194672,0.17423424124717712,-0.7660942077636719
60,source,0,-0.10741670429706573,0.26090794801712036,-0.7667241096496582
60,source,1,-0.07199907302856445,0.2039204239845276,-0.8418561816215515
60,source,2,-0.13297034800052643,0.1876530647277832,-0.8255874514579773
60,source,3,-0.08780889213085175,0.21852582693099976,-0.8145449161529541
60,source,4,-0.07582691311836243,0.18322321772575378,-0.7739105224609375
60,source,5,-0.07042498886585236,0.022330820560455322,-0.5915898680686951
60,source,6,-0.08805640041828156,0.061003781855106354,-0.7406824231147766
60,source,7,-0.0780869573354721,0.10136756300926208,-0.6191990375518799
60,source,8,-0.1172361671924591,0.10249239206314087,-0.6905678510665894
60,source,9,-0.06243450939655304,0.20633959770202637,-0.6550511717796326
60,source,10,-0.05247965455055237,0.1853215992450714,-0.6095146536827087
60,source,11,-0.025694571435451508,0.14616815745830536,-0.6687608361244202
60,source,12,-0.07477273046970367,0.213088721036911,-0.6306147575378418
60,source,13,-0.11222642660140991,0.22741657495498657,-0.727237343788147
60,source,14,-0.060801804065704346,0.18495115637779236,-0.7420574426651001
60,source,15,-0.11252494156360626,0.20363584160804749,-0.7774718403816223
60,source,16,-0.12188546359539032,0.19135431945323944,-0.7802642583847046
60,source,17,-0.07723158597946167,0.12875580787658691,-0.6941801905632019
60,source,18,-0.03870362788438797,0.09095630794763565,-0.7146759629249573
60,source,19,-0.05001220107078552,0.13690468668937683,-0.740696907043457
60,source,20,-0.019902728497982025,0.09295185655355453,-0.7213478684425354
60,source,21,-0.10462799668312073,0.0584583580493927,-0.7335781455039978
60,source,22,-0.027851872146129608,0.1363050490617752,-0.6808275580406189
60,source,23,-0.0651610791683197,0.19940859079360962,-0.6849355101585388
60,source,24,-0.09436820447444916,0.12565165758132935,-0.7322427034378052
60,source,25,-0.09194621443748474,0.19171705842018127,-0.8126680850982666
60,source,26,-0.054551661014556885,0.1927659511566162,-0.7811956405639648
60,source,27,-0.06865526735782623,0.18141156435012817,-0.8056291341781616
60,source,28,-0.15067802369594574,0.18364834785461426,-0.8427678942680359
60,source,29,-0.05136825144290924,0.2190898358821869,-0.7416320443153381
60,source,30,-0.13749362528324127,0.18935666978359222,-0.7874631881713867
60,source,31,-0.01736859232187271,0.10194089263677597,-0.7120169401168823
60,source,32,-0.025398872792720795,0.14427626132965088,-0.742094874382019
60,source,33,-0.14352679252624512,0.1945134699344635,-0.8187744617462158
60,source,34,-0.1319478303194046,0.21614742279052734,-0.7864454388618469
60,source,35,-0.1308596134185791,0.18044520914554596,-0.7979533672332764
60,source,36,-0.13187070190906525,0.17105966806411743,-0.7828946113586426
60,source,37,-0.15473806858062744,0.20231187343597412,-0.7834920883178711
60,source,38,-0.09556087851524353,0.18039020895957947,-0.7749314308166504
60,source,39,-0.12856115400791168,0.1956554651260376,-0.7898620367050171
60,source,40,-0.08342520892620087,0.19960635900497437,-0.7157806754112244
60,source,41,-0.0882735550403595,0.19524884223937988,-0.667044997215271
60,source,42,-0.1520816832780838,0.19321316480636597,-0.7661818861961365
60,source,43,-0.1564667522907257,0.22108998894691467,-0.735191822052002
60,source,44,-0.1885548084974289,0.20241951942443848,-0.7590446472167969
60,source,45,-0.17210911214351654,0.19897660613059998,-0.7601166367530823
60,source,46,-0.2160840481519699,0.28956544399261475,-0.8424456119537354
60,source,47,-0.10419128835201263,0.3112300634384155,-0.7671301364898682
60,source,48,-0.07226008176803589,0.3197728991508484,-0.7516897320747375
60,source,49,-0.23819009959697723,0.3097577393054962,-0.8454521298408508
60,source,50,-0.1885232776403427,0.2521447241306305,-0.7816418409347534
60,source,51,-0.06539899110794067,0.21376952528953552,-0.768824577331543
60,source,52,-0.08111187815666199,0.25231337547302246,-0.7712543606758118
60,source,53,-0.051167264580726624,0.2370581328868866,-0.7806523442268372
60,source,54,-0.04568316042423248,0.21433386206626892,-0.7555575370788574
60,source,55,-0.04585959017276764,0.2513962388038635,-0.728515088558197
60,source,56,-0.05949418246746063,0.27712833881378174,-0.7439149022102356
60,source,57,-0.05644722282886505,0.2719437777996063,-0.7641931176185608
60,source,58,-0.02737506479024887,0.24623945355415344,-0.7305595278739929
60,source,59,-0.05975303053855896,0.26721900701522827,-0.776800274848938
60,source,60,-0.07509951293468475,0.2737855315208435,-0.785161018371582
60,source,61,-0.10255357623100281,0.27060651779174805,-0.7781449556350708
60,source,62,-0.14837482571601868,0.2510205805301666,-0.8101277351379395
60,source,63,-0.09973692893981934,0.2706921696662903,-0.7886922955513
60,target,0,-0.1587277054786682,0.1743384748697281,-0.8083088397979736
60,target,1,-0.17959274351596832,0.1760716438293457,-0.7857834100723267
60,target,2,-0.17278017103672028,0.1778833121061325,-0.816287100315094
60,target,3,-0.1908758133649826,0.17845311760902405,-0.8065956830978394
60,target,4,-0.17038480937480927,0.18139922618865967,-0.7886554002761841
60,target,5,-0.17680610716342926,0.18793222308158875,-0.8121658563613892
60,target,6,-0.17019741237163544,0.19373323023319244,-0.8108993768692017
60,target,7,-0.17177070677280426,0.20474354922771454,-0.8207912445068359
60,target,8,-0.17564581334590912,0.1943240910768509,-0.8035929203033447
60,target,9,-0.15349118411540985,0.18690891563892365,-0.8192132711410522
60,target,10,-0.1785857230424881,0.18534527719020844,-0.8035786747932434
60,target,11,-0.19580937922000885,0.18370908498764038,-0.8223941326141357
60,target,12,-0.18904222548007965,0.1718488484621048,-0.792434811592102
60,target,13,-0.17800511419773102,0.15774524211883545,-0.7879834771156311
60,target,14,-0.15890240669250488,0.18427760899066925,-0.8032816648483276
60,target,15,-0.2179536670446396,0.20052634179592133,-0.7855321168899536
60,target,16,-0.19394953548908234,0.18956483900547028,-0.805395245552063
60,target,17,-0.20419807732105255,0.20470157265663147,-0.7998347282409668
60,target,18,-0.1952073723077774,0.19242790341377258,-0.7976014614105225
60,target,19,-0.20524872839450836,0.20086607336997986,-0.7976775765419006
60,target,20,-0.20623047649860382,0.20235145092010498,-0.8057291507720947
60,target,21,-0.19381047785282135,0.19317756593227386,-0.7957383990287781
60,target,22,-0.18601836264133453,0.2143627405166626,-0.8155806064605713
60,target,23,-0.19894792139530182,0.2059914469718933,-0.8055160641670227
60,target,24,-0.18471784889698029,0.20736075937747955,-0.8129295110702515
60,target,25,-0.20392434298992157,0.2137957513332367,-0.8009411096572876
60,target,26,-0.19492219388484955,0.18617665767669678,-0.7880313396453857
60,target,27,-0.18084998428821564,0.17196857929229736,-0.7548150420188904
60,target,28,-0.15199455618858337,0.1588228940963745,-0.7834805250167847
60,target,29,-0.19499404728412628,0.18376219272613525,-0.8072898387908936
60,target,30,-0.16694985330104828,0.1738232523202896,-0.8173729181289673
60,target,31,-0.1739443689584732,0.1816367357969284,-0.80684894323349
60,target,32,-0.15774941444396973,0.1769629269838333,-0.8169594407081604
60,target,33,-0.17115174233913422,0.18840964138507843,-0.8094780445098877
60,target,34,-0.16425961256027222,0.1797051876783371,-0.8241181373596191
60,target,35,-0.16974849998950958,0.18408653140068054,-0.7914525270462036
60,target,36,-0.18089129030704498,0.16757719218730927,-0.755749523639679
60,target,37,-0.20627586543560028,0.19159680604934692,-0.7819441556930542
60,target,38,-0.18948908150196075,0.21458688378334045,-0.810065746307373
60,target,39,-0.19035936892032623,0.20458312332630157,-0.8012646436691284
60,target,40,-0.18633981049060822,0.20543622970581055,-0.8142818212509155
60,target,41,-0.19563929736614227,0.19793236255645752,-0.8079808354377747
60,target,42,-0.17804040014743805,0.18556296825408936,-0.8144005537033081
60,target,43,-0.20291154086589813,0.18346665799617767,-0.813414454460144
60,target,44,-0.21105219423770905,0.19861102104187012,-0.8027364015579224
60,target,45,-0.2193555384874344,0.20930379629135132,-0.809948205947876
60,target,46,-0.16904853284358978,0.1820371448993683,-0.8063400983810425
60,target,47,-0.17483781278133392,0.17104938626289368,-0.8078761100769043
60,target,48,-0.19932930171489716,0.18779590725898743,-0.8152843117713928
60,target,49,-0.18541185557842255,0.19633863866329193,-0.808181881904602
60,target,50,-0.1368606686592102,0.17331232130527496,-0.8166142702102661
60,target,51,-0.137881800532341,0.17244578897953033,-0.7891278862953186
60,target,52,-0.14846418797969818,0.16516442596912384,-0.8061808347702026
60,target,53,-0.17065738141536713,0.17747999727725983,-0.7990595102310181
60,target,54,-0.1440439373254776,0.16679266095161438,-0.7865873575210571
60,target,55,-0.1644562929868698,0.19042475521564484,-0.8022662401199341
60,target,56,-0.1313765048980713,0.19649703800678253,-0.8003947138786316
60,target,57,-0.15094533562660217,0.19540831446647644,-0.8024740219116211
60,target,58,-0.14656320214271545,0.18290871381759644,-0.8030276298522949
60,target,59,-0.14675843715667725,0.17385339736938477,-0.800403892993927
60,target,60,-0.17997606098651886,0.1851820945739746,-0.7902878522872925
60,target,61,-0.18758027255535126,0.17276746034622192,-0.7904536724090576
60,target,62,-0.18043069541454315,0.17281001806259155,-0.7895330786705017
60,target,63,-0.17657320201396942,0.18571224808692932,-0.7791882753372192
61,source,0,-0.05970272421836853,0.2509678304195404,-0.7595792412757874
61,source,1,-0.04022269695997238,0.18378853797912598,-0.8302891850471497
61,source,2,-0.09229105710983276,0.1588740348815918,-0.8036743998527527
61,source,3,-0.04426261782646179,0.19256387650966644,-0.798149585723877
61,source,4,-0.05320678651332855,0.16055555641651154,-0.7641279101371765
61,source,5,-0.019501924514770508,-0.018969476222991943,-0.5898998379707336
61,source,6,-0.04337455332279205,0.032785870134830475,-0.7185098528862
61,source,7,-0.04071524739265442,0.08959168195724487,-0.622024655342102
61,source,8,-0.08693480491638184,0.09312264621257782,-0.6760624647140503
61,source,9,-0.028976157307624817,0.19081035256385803,-0.652446448802948
61,source,10,-0.014394320547580719,0.16606619954109192,-0.6077373623847961
61,source,11,0.008158504962921143,0.12434328347444534,-0.6619443297386169
61,source,12,-0.028804481029510498,0.19300620257854462,-0.622372031211853
61,source,13,-0.07071419060230255,0.20705896615982056,-0.728895902633667
61,source,14,-0.020703449845314026,0.16465793550014496,-0.7404791116714478
61,source,15,-0.06624665856361389,0.17947430908679962,-0.7641410827636719
61,source,16,-0.06798507273197174,0.1651400923728943,-0.7744914293289185
61,source,17,-0.04098331928253174,0.10992652177810669,-0.6886084079742432
61,source,18,-0.004935547709465027,0.06392323225736618,-0.7017754912376404
61,source,19,-0.012801691889762878,0.12034224718809128,-0.7365896701812744
61,source,20,0.008321128785610199,0.07794423401355743,-0.725147545337677
61,source,21,-0.07438218593597412,0.045854829251766205,-0.7229510545730591
61,source,22,0.005806669592857361,0.11069266498088837,-0.6828126311302185
61,source,23,-0.010351069271564484,0.18156510591506958,-0.6911761164665222
61,source,24,-0.0627434104681015,0.11074554920196533,-0.7318673729896545
61,source,25,-0.04461076855659485,0.16584861278533936,-0.7957813143730164
61,source,26,-0.02055317908525467,0.1686287373304367,-0.7739464044570923
61,source,27,-0.02015496790409088,0.15978160500526428,-0.7996460795402527
61,source,28,-0.1009935736656189,0.14256078004837036,-0.8276054859161377
61,source,29,-0.02195674180984497,0.19215071201324463,-0.7282446622848511
61,source,30,-0.1123390644788742,0.16932857036590576,-0.7835500240325928
61,source,31,0.01253662258386612,0.08488054573535919,-0.6933632493019104
61,source,32,0.011031880974769592,0.12661147117614746,-0.737697958946228
61,source,33,-0.09587867558002472,0.16089874505996704,-0.7980870008468628
61,source,34,-0.09007351100444794,0.18555016815662384,-0.7739745378494263
61,source,35,-0.09416702389717102,0.1456633359193802,-0.792222261428833
61,source,36,-0.09316307306289673,0.14933237433433533,-0.7720503211021423
61,source,37,-0.10616938769817352,0.17382490634918213,-0.7725382447242737
61,source,38,-0.06735266745090485,0.16641873121261597,-0.762437641620636
61,source,39,-0.08109186589717865,0.16958807408809662,-0.7895512580871582
61,source,40,-0.037325747311115265,0.18241026997566223,-0.7200201749801636
61,source,41,-0.036617837846279144,0.1837577074766159,-0.675240695476532
61,source,42,-0.12006399035453796,0.17124982178211212,-0.7432292103767395
61,source,43,-0.12661410868167877,0.20704373717308044,-0.719763457775116
61,source,44,-0.1639462411403656,0.18986327946186066,-0.7463506460189819
61,source,45,-0.14303767681121826,0.18948206305503845,-0.7371869087219238
61,source,46,-0.17127306759357452,0.27188748121261597,-0.8274698257446289
61,source,47,-0.06527408957481384,0.2977771461009979,-0.7539680004119873
61,source,48,-0.030994683504104614,0.3093373775482178,-0.7391017079353333
61,source,49,-0.18478135764598846,0.29348117113113403,-0.8241137862205505
61,source,50,-0.16315211355686188,0.24320876598358154,-0.7753711342811584
61,source,51,-0.035789892077445984,0.19570350646972656,-0.7551871538162231
61,source,52,-0.04080890119075775,0.22845026850700378,-0.7616370320320129
61,source,53,-0.021358750760555267,0.2146468162536621,-0.7638267278671265
61,source,54,-0.010382987558841705,0.19712696969509125,-0.7472800016403198
61,source,55,-0.005054846405982971,0.24042615294456482,-0.721697211265564
61,source,56,-0.01722637563943863,0.26891782879829407,-0.7288008332252502
61,source,57,-0.02167946845293045,0.2548699975013733,-0.7552472352981567
61,source,58,0.010278671979904175,0.2290157675743103,-0.7155839800834656
61,source,59,-0.024301350116729736,0.24862515926361084,-0.7666055560112
61,source,60,-0.03386127948760986,0.2579597234725952,-0.7722551226615906
61,source,61,-0.0635855495929718,0.251772940158844,-0.7672661542892456
61,source,62,-0.10038451850414276,0.2301824390888214,-0.7969201803207397
61,source,63,-0.048811882734298706,0.26224568486213684,-0.7754132151603699
61,target,0,-0.12452240288257599,0.1476476937532425,-0.7760573625564575
61,target,1,-0.14271780848503113,0.15061888098716736,-0.7545410990715027
61,target,2,-0.1433185189962387,0.16254091262817383,-0.7906175851821899
61,target,3,-0.16164374351501465,0.16783566772937775,-0.7838727831840515
61,target,4,-0.13087129592895508,0.16212502121925354,-0.7546471953392029
61,target,5,-0.14484085142612457,0.16777797043323517,-0.7821584343910217
61,target,6,-0.1492488533258438,0.1685958057641983,-0.7749888300895691
61,target,7,-0.14375264942646027,0.17977385222911835,-0.7860814929008484
61,target,8,-0.14833521842956543,0.17659342288970947,-0.7712585926055908
61,target,9,-0.12578211724758148,0.1641511619091034,-0.7837269306182861
61,target,10,-0.14314918220043182,0.17050938308238983,-0.7795568108558655
61,target,11,-0.1655629724264145,0.1630157083272934,-0.7904866337776184
61,target,12,-0.1597711592912674,0.1512880027294159,-0.7634962797164917
61,target,13,-0.1557399332523346,0.14316877722740173,-0.7600688338279724
61,target,14,-0.12593378126621246,0.16684627532958984,-0.7786270976066589
61,target,15,-0.17599345743656158,0.17808610200881958,-0.7599920034408569
61,target,16,-0.15956130623817444,0.17160622775554657,-0.7765925526618958
61,target,17,-0.1621510237455368,0.18633206188678741,-0.7733047008514404
61,target,18,-0.16315558552742004,0.1740766167640686,-0.7696132063865662
61,target,19,-0.1644531786441803,0.17708709836006165,-0.7628803253173828
61,target,20,-0.1616343855857849,0.18707352876663208,-0.7896084785461426
61,target,21,-0.13008424639701843,0.17992697656154633,-0.7733239531517029
61,target,22,-0.14195042848587036,0.19679857790470123,-0.7857942581176758
61,target,23,-0.15531504154205322,0.18809178471565247,-0.7747743129730225
61,target,24,-0.14182758331298828,0.19154466688632965,-0.7831365466117859
61,target,25,-0.16523802280426025,0.1892237365245819,-0.7701290845870972
61,target,26,-0.1521254926919937,0.16862545907497406,-0.762401282787323
61,target,27,-0.1330757588148117,0.1469501405954361,-0.7379478812217712
61,target,28,-0.11057807505130768,0.14287862181663513,-0.7627331614494324
61,target,29,-0.1590040773153305,0.1588212251663208,-0.7755154967308044
61,target,30,-0.14794477820396423,0.1543266475200653,-0.7876665592193604
61,target,31,-0.14601196348667145,0.1611374169588089,-0.7723563313484192
61,target,32,-0.1279997080564499,0.1583745926618576,-0.7845046520233154
61,target,33,-0.14274448156356812,0.16952049732208252,-0.7747276425361633
61,target,34,-0.13693547248840332,0.15944887697696686,-0.785717785358429
61,target,35,-0.1340676248073578,0.15823060274124146,-0.7610088586807251
61,target,36,-0.15060898661613464,0.14672346413135529,-0.730761706829071
61,target,37,-0.15553313493728638,0.1746922731399536,-0.761039674282074
61,target,38,-0.14554435014724731,0.19000887870788574,-0.7786930799484253
61,target,39,-0.1458073854446411,0.18837888538837433,-0.7741777896881104
61,target,40,-0.157516747713089,0.1747092753648758,-0.7764023542404175
61,target,41,-0.16598205268383026,0.16853861510753632,-0.7787876725196838
61,target,42,-0.15070803463459015,0.15682707726955414,-0.7851638197898865
61,target,43,-0.16969256103038788,0.15297900140285492,-0.7818203568458557
61,target,44,-0.1635063737630844,0.18634559214115143,-0.7873666882514954
61,target,45,-0.17561613023281097,0.194626584649086,-0.7857235670089722
61,target,46,-0.13431710004806519,0.1624681055545807,-0.7774955630302429
61,target,47,-0.1491716206073761,0.15693214535713196,-0.7756328582763672
61,target,48,-0.16669203341007233,0.17080049216747284,-0.7899438142776489
61,target,49,-0.14129196107387543,0.1741228699684143,-0.7635305523872375
61,target,50,-0.10021917521953583,0.15300528705120087,-0.8049209117889404
61,target,51,-0.09886693954467773,0.15336064994335175,-0.7698957920074463
61,target,52,-0.10555101931095123,0.14240673184394836,-0.7902531623840332
61,target,53,-0.12618201971054077,0.14326691627502441,-0.7784824967384338
61,target,54,-0.10008607804775238,0.14564481377601624,-0.7739033102989197
61,target,55,-0.12405954301357269,0.16383659839630127,-0.7870143055915833
61,target,56,-0.09313724935054779,0.17549718916416168,-0.7850062251091003
61,target,57,-0.10901707410812378,0.1736045479774475,-0.7849557399749756
61,target,58,-0.10780924558639526,0.15735502541065216,-0.7842583060264587
61,target,59,-0.10965481400489807,0.15093423426151276,-0.7854207158088684
61,target,60,-0.12652233242988586,0.16086480021476746,-0.7812454700469971
61,target,61,-0.14615178108215332,0.14775002002716064,-0.7797438502311707
61,target,62,-0.1351524144411087,0.14586009085178375,-0.7742037177085876
61,target,63,-0.1326645016670227,0.15926967561244965,-0.7686043381690979
62,source,0,-0.09027212858200073,0.2530698776245117,-0.7695170640945435
62,source,1,-0.05710248649120331,0.1929558515548706,-0.8246495127677917
62,source,2,-0.10718834400177002,0.17504391074180603,-0.8107902407646179
62,source,3,-0.0767332911491394,0.20158493518829346,-0.8065366744995117
62,source,4,-0.08349640667438507,0.17087100446224213,-0.7714318633079529
62,source,5,-0.046539127826690674,0.006057262420654297,-0.5813006162643433
62,source,6,-0.07196791470050812,0.05759895592927933,-0.7149503827095032
62,source,7,-0.06808024644851685,0.10657548904418945,-0.6175816059112549
62,source,8,-0.11054795980453491,0.10631629824638367,-0.6770229935646057
62,source,9,-0.06338497996330261,0.19268763065338135,-0.6623493432998657
62,source,10,-0.0532456636428833,0.17801374197006226,-0.6181601881980896
62,source,11,-0.02556513249874115,0.13140355050563812,-0.653820812702179
62,source,12,-0.0680730789899826,0.20495307445526123,-0.6271215081214905
62,source,13,-0.09255754947662354,0.21867910027503967,-0.7369349002838135
62,source,14,-0.05650158226490021,0.18852707743644714,-0.7502109408378601
62,source,15,-0.0927199274301529,0.19427257776260376,-0.7693160772323608
62,source,16,-0.10190035402774811,0.18008647859096527,-0.7773835062980652
62,source,17,-0.06732571125030518,0.12917320430278778,-0.6796078681945801
62,source,18,-0.03156585246324539,0.07735224068164825,-0.6898007392883301
62,source,19,-0.04763004183769226,0.1336108148097992,-0.7270973920822144
62,source,20,-0.019181959331035614,0.09263695031404495,-0.7198319435119629
62,source,21,-0.08946505188941956,0.05999559909105301,-0.725508451461792
62,source,22,-0.029338039457798004,0.1290336400270462,-0.6785097718238831
62,source,23,-0.057077646255493164,0.18605922162532806,-0.6948950290679932
62,source,24,-0.08367583155632019,0.12565335631370544,-0.7259107828140259
62,source,25,-0.07520806789398193,0.1815856546163559,-0.8001961708068848
62,source,26,-0.05791950225830078,0.1812545359134674,-0.77998948097229
62,source,27,-0.051524609327316284,0.1682865172624588,-0.8053553104400635
62,source,28,-0.12138210237026215,0.17383192479610443,-0.8413808941841125
62,source,29,-0.058273181319236755,0.20065492391586304,-0.7371835708618164
62,source,30,-0.12253612279891968,0.18646594882011414,-0.7912562489509583
62,source,31,-0.01313415914773941,0.09379413723945618,-0.6950001120567322
62,source,32,-0.021945863962173462,0.136487677693367,-0.7358524203300476
62,source,33,-0.12301325798034668,0.17756342887878418,-0.8089886903762817
62,source,34,-0.13154949247837067,0.1956455111503601,-0.7847524881362915
62,source,35,-0.11872617900371552,0.1701343059539795,-0.8061619400978088
62,source,36,-0.11189717054367065,0.15811392664909363,-0.7849045395851135
62,source,37,-0.13348399102687836,0.19044286012649536,-0.7898690700531006
62,source,38,-0.0927138477563858,0.18274042010307312,-0.7708920240402222
62,source,39,-0.11637869477272034,0.1854613721370697,-0.7947337627410889
62,source,40,-0.06980878114700317,0.19160202145576477,-0.7093420624732971
62,source,41,-0.07549004256725311,0.1908322423696518,-0.6700983643531799
62,source,42,-0.12837475538253784,0.18686522543430328,-0.7573060393333435
62,source,43,-0.1291886568069458,0.22190631926059723,-0.7282894849777222
62,source,44,-0.15818142890930176,0.20364633202552795,-0.7694011330604553
62,source,45,-0.1416364312171936,0.20261308550834656,-0.7489309310913086
62,source,46,-0.17439307272434235,0.2890682816505432,-0.8240702152252197
62,source,47,-0.07956583797931671,0.29835790395736694,-0.7617136240005493
62,source,48,-0.053216785192489624,0.31453627347946167,-0.7446739077568054
62,source,49,-0.18695510923862457,0.30910056829452515,-0.8321658372879028
62,source,50,-0.1520184427499771,0.2546335756778717,-0.7734022736549377
62,source,51,-0.05357833206653595,0.20632699131965637,-0.7536603212356567
62,source,52,-0.06857381761074066,0.24162721633911133,-0.76408851146698
62,source,53,-0.03170447051525116,0.22763195633888245,-0.764660656452179
62,source,54,-0.03824511915445328,0.203677237033844,-0.7530801296234131
62,source,55,-0.03628946840763092,0.24836450815200806,-0.7221061587333679
62,source,56,-0.04263167083263397,0.28033381700515747,-0.7307626605033875
62,source,57,-0.04235975444316864,0.2663663923740387,-0.758733332157135
62,source,58,-0.01926189661026001,0.23896722495555878,-0.7223654389381409
62,source,59,-0.045705944299697876,0.2575560510158539,-0.7699944972991943
62,source,60,-0.05484570562839508,0.2626207768917084,-0.7767816185951233
62,source,61,-0.08200855553150177,0.2559099793434143,-0.7686169743537903
62,source,62,-0.11995884776115417,0.23973459005355835,-0.8055140972137451
62,source,63,-0.07506012916564941,0.26784074306488037,-0.7841038107872009
62,target,0,-0.14080829918384552,0.1662570983171463,-0.7904597520828247
62,target,1,-0.1533656269311905,0.17018245160579681,-0.7725279331207275
62,target,2,-0.15356257557868958,0.18675994873046875,-0.810731828212738
62,target,3,-0.16365490853786469,0.1859113723039627,-0.7948789000511169
62,target,4,-0.15268145501613617,0.18002156913280487,-0.7702828645706177
62,target,5,-0.1577868014574051,0.18549437820911407,-0.788597583770752
62,target,6,-0.15588755905628204,0.18253657221794128,-0.7868613600730896
62,target,7,-0.1537264585494995,0.19417522847652435,-0.7976595759391785
62,target,8,-0.1629815697669983,0.18633656203746796,-0.783290445804596
62,target,9,-0.14149290323257446,0.18359345197677612,-0.8033040761947632
62,target,10,-0.16118411719799042,0.18480558693408966,-0.7936923503875732
62,target,11,-0.16969291865825653,0.18616324663162231,-0.8066776990890503
62,target,12,-0.17112664878368378,0.1733233779668808,-0.7921251654624939
62,target,13,-0.15691444277763367,0.161933034658432,-0.7825536727905273
62,target,14,-0.14141759276390076,0.18327221274375916,-0.8003970384597778
62,target,15,-0.190922811627388,0.19096574187278748,-0.7706058025360107
62,target,16,-0.1722358614206314,0.1888294517993927,-0.792643129825592
62,target,17,-0.17244382202625275,0.19910210371017456,-0.7856020927429199
62,target,18,-0.1697952002286911,0.1895858347415924,-0.7889161109924316
62,target,19,-0.17856557667255402,0.1957097053527832,-0.7869870662689209
62,target,20,-0.17141513526439667,0.20898011326789856,-0.8103514909744263
62,target,21,-0.15957365930080414,0.19537872076034546,-0.7922031283378601
62,target,22,-0.157356858253479,0.21191824972629547,-0.8094660043716431
62,target,23,-0.1682310551404953,0.20146696269512177,-0.7940504550933838
62,target,24,-0.16232101619243622,0.20081868767738342,-0.8012123703956604
62,target,25,-0.18453948199748993,0.20216119289398193,-0.7832854986190796
62,target,26,-0.17167802155017853,0.18742594122886658,-0.7774711847305298
62,target,27,-0.1519734114408493,0.16512271761894226,-0.7615800499916077
62,target,28,-0.13314342498779297,0.16413678228855133,-0.7779665589332581
62,target,29,-0.17077453434467316,0.17903420329093933,-0.7955790162086487
62,target,30,-0.1501329392194748,0.1709880381822586,-0.8028864860534668
62,target,31,-0.1563732624053955,0.18562784790992737,-0.7946733236312866
62,target,32,-0.14321836829185486,0.1766924113035202,-0.8038386106491089
62,target,33,-0.15458378195762634,0.18365918099880219,-0.7884058356285095
62,target,34,-0.15061409771442413,0.17130020260810852,-0.7922185659408569
62,target,35,-0.15092037618160248,0.17867502570152283,-0.7745916843414307
62,target,36,-0.16359645128250122,0.16441358625888824,-0.7587697505950928
62,target,37,-0.17531798779964447,0.18800854682922363,-0.7722077369689941
62,target,38,-0.16943304240703583,0.20629346370697021,-0.793732225894928
62,target,39,-0.16477909684181213,0.19816645979881287,-0.7931525111198425
62,target,40,-0.17118136584758759,0.19087600708007812,-0.7919231653213501
62,target,41,-0.17269419133663177,0.18592634797096252,-0.792120635509491
62,target,42,-0.1580672413110733,0.17525474727153778,-0.7978583574295044
62,target,43,-0.18061737716197968,0.1728634238243103,-0.7960778474807739
62,target,44,-0.18158291280269623,0.20751073956489563,-0.8083211183547974
62,target,45,-0.185185506939888,0.21464046835899353,-0.805941641330719
62,target,46,-0.1471082717180252,0.18008564412593842,-0.7947336435317993
62,target,47,-0.15431761741638184,0.17345930635929108,-0.7993968725204468
62,target,48,-0.16936685144901276,0.19076098501682281,-0.8040451407432556
62,target,49,-0.16373947262763977,0.18847614526748657,-0.7840906977653503
62,target,50,-0.11623689532279968,0.16875067353248596,-0.8000675439834595
62,target,51,-0.11290368437767029,0.16451147198677063,-0.7743933200836182
62,target,52,-0.12307260930538177,0.15950414538383484,-0.7913049459457397
62,target,53,-0.1395978331565857,0.16349506378173828,-0.7844122052192688
62,target,54,-0.1276567578315735,0.16302330791950226,-0.7856655716896057
62,target,55,-0.13836298882961273,0.1831865757703781,-0.7871205806732178
62,target,56,-0.11028757691383362,0.18987059593200684,-0.78122878074646
62,target,57,-0.11893235146999359,0.18822547793388367,-0.7893623113632202
62,target,58,-0.12151417136192322,0.17810483276844025,-0.785416305065155
62,target,59,-0.1252135932445526,0.16881594061851501,-0.7861544489860535
62,target,60,-0.16039130091667175,0.18058264255523682,-0.7854316830635071
62,target,61,-0.15959279239177704,0.16929416358470917,-0.7744970321655273
62,target,62,-0.14247176051139832,0.16855113208293915,-0.7789750695228577
62,target,63,-0.14095062017440796,0.17033690214157104,-0.7668391466140747
63,source,0,-0.10460580885410309,0.2595524489879608,-0.7710012197494507
63,source,1,-0.06833544373512268,0.2059030830860138,-0.8218944072723389
63,source,2,-0.12859492003917694,0.18696939945220947,-0.8164045214653015
63,source,3,-0.09203898906707764,0.20722664892673492,-0.8136141300201416
63,source,4,-0.10166327655315399,0.17554208636283875,-0.7824941277503967
63,source,5,-0.06114347279071808,0.0192175954580307,-0.5874583721160889
63,source,6,-0.07954365015029907,0.06477436423301697,-0.7178000211715698
63,source,7,-0.08602948486804962,0.13246583938598633,-0.6446875333786011
63,source,8,-0.11978110671043396,0.12413296103477478,-0.6912527680397034
63,source,9,-0.07560205459594727,0.2079182267189026,-0.6679044365882874
63,source,10,-0.06519031524658203,0.1862829327583313,-0.6256366968154907
63,source,11,-0.03931097686290741,0.14747437834739685,-0.6600973010063171
63,source,12,-0.07452914118766785,0.21000385284423828,-0.6306424736976624
63,source,13,-0.10930754244327545,0.2272634357213974,-0.7410405874252319
63,source,14,-0.06927759945392609,0.18988679349422455,-0.7542844414710999
63,source,15,-0.11037774384021759,0.20234118402004242,-0.7795422673225403
63,source,16,-0.12188412249088287,0.1927931308746338,-0.7902330160140991
63,source,17,-0.08606277406215668,0.1411811262369156,-0.6872866153717041
63,source,18,-0.0360838919878006,0.08573297411203384,-0.7171946167945862
63,source,19,-0.05354635417461395,0.14886362850666046,-0.7349996566772461
63,source,20,-0.02833717316389084,0.10317850857973099,-0.725737452507019
63,source,21,-0.10010263323783875,0.0813308134675026,-0.7344851493835449
63,source,22,-0.037641629576683044,0.13471738994121552,-0.6806682348251343
63,source,23,-0.07034498453140259,0.19908159971237183,-0.6975163817405701
63,source,24,-0.09519541263580322,0.13839122653007507,-0.7336012125015259
63,source,25,-0.09312900900840759,0.18967585265636444,-0.8013454675674438
63,source,26,-0.06609812378883362,0.1899579018354416,-0.784537672996521
63,source,27,-0.05895306169986725,0.17534779012203217,-0.8060318827629089
63,source,28,-0.1397053450345993,0.18694952130317688,-0.8394520878791809
63,source,29,-0.06422659754753113,0.21226045489311218,-0.7529706358909607
63,source,30,-0.1345062255859375,0.19229760766029358,-0.8059145212173462
63,source,31,-0.025473572313785553,0.10450080037117004,-0.717670202255249
63,source,32,-0.028622999787330627,0.13795357942581177,-0.7463362812995911
63,source,33,-0.15518298745155334,0.1898188292980194,-0.8174562454223633
63,source,34,-0.14812640845775604,0.20777826011180878,-0.7941935062408447
63,source,35,-0.1252806931734085,0.17955248057842255,-0.7967858910560608
63,source,36,-0.12856455147266388,0.1690656691789627,-0.7838020324707031
63,source,37,-0.15103265643119812,0.19956880807876587,-0.7953839302062988
63,source,38,-0.10732576251029968,0.1860170066356659,-0.7728938460350037
63,source,39,-0.13755206763744354,0.19423021376132965,-0.7951102256774902
63,source,40,-0.0806124359369278,0.20388269424438477,-0.7048649787902832
63,source,41,-0.08244335651397705,0.2030094563961029,-0.6648767590522766
63,source,42,-0.154509499669075,0.19980308413505554,-0.7616764307022095
63,source,43,-0.14650674164295197,0.22838746011257172,-0.7231162786483765
63,source,44,-0.17527882754802704,0.21029485762119293,-0.7593679428100586
63,source,45,-0.1575486660003662,0.2072569727897644,-0.7527477145195007
63,source,46,-0.1991986483335495,0.2924535274505615,-0.8282748460769653
63,source,47,-0.08857259154319763,0.3114852011203766,-0.7605090141296387
63,source,48,-0.06300941109657288,0.31981533765792847,-0.7419809699058533
63,source,49,-0.20771686732769012,0.2984544634819031,-0.8307812213897705
63,source,50,-0.17373962700366974,0.2614451050758362,-0.7741562724113464
63,source,51,-0.061856865882873535,0.21364843845367432,-0.7575814127922058
63,source,52,-0.07632680237293243,0.2502676248550415,-0.763601541519165
63,source,53,-0.0442565381526947,0.2385358363389969,-0.7648152709007263
63,source,54,-0.045204922556877136,0.2071157842874527,-0.7554588913917542
63,source,55,-0.05002252757549286,0.24681538343429565,-0.7277977466583252
63,source,56,-0.05494321882724762,0.28550341725349426,-0.7314004898071289
63,source,57,-0.05438753962516785,0.27112022042274475,-0.7538036704063416
63,source,58,-0.028205059468746185,0.24207624793052673,-0.723839282989502
63,source,59,-0.04950994253158569,0.26405006647109985,-0.7696608304977417
63,source,60,-0.06816728413105011,0.27063995599746704,-0.7691082954406738
63,source,61,-0.10004200041294098,0.2616792321205139,-0.7708101868629456
63,source,62,-0.14763139188289642,0.24886882305145264,-0.804968535900116
63,source,63,-0.09045940637588501,0.2728923261165619,-0.7785695195198059
63,target,0,-0.15828707814216614,0.1804961860179901,-0.7946577072143555
63,target,1,-0.1706721931695938,0.18836280703544617,-0.7744888067245483
63,target,2,-0.18409402668476105,0.1966494917869568,-0.8055502772331238
63,target,3,-0.19089095294475555,0.19180941581726074,-0.7985433340072632
63,target,4,-0.16351959109306335,0.18913879990577698,-0.7754710912704468
63,target,5,-0.17954368889331818,0.1907745897769928,-0.7868560552597046
63,target,6,-0.18095038831233978,0.19650781154632568,-0.7846087217330933
63,target,7,-0.18196414411067963,0.20731483399868011,-0.7929053902626038
63,target,8,-0.1875811368227005,0.19818782806396484,-0.7793030142784119
63,target,9,-0.167107954621315,0.19933080673217773,-0.7989506125450134
63,target,10,-0.18182148039340973,0.1934671252965927,-0.792317271232605
63,target,11,-0.19537560641765594,0.19789141416549683,-0.8029730319976807
63,target,12,-0.19053708016872406,0.18377341330051422,-0.7856979370117188
63,target,13,-0.1788913756608963,0.17449133098125458,-0.7736098766326904
63,target,14,-0.15749512612819672,0.19790545105934143,-0.7980737686157227
63,target,15,-0.20213328301906586,0.19813242554664612,-0.7756919264793396
63,target,16,-0.19074596464633942,0.20566906034946442,-0.7942476868629456
63,target,17,-0.1944727748632431,0.21518459916114807,-0.7933977842330933
63,target,18,-0.1927671581506729,0.20425237715244293,-0.7917695045471191
63,target,19,-0.20145045220851898,0.21385136246681213,-0.7922732830047607
63,target,20,-0.19866596162319183,0.21411444246768951,-0.8025177121162415
63,target,21,-0.1737920492887497,0.2019738256931305,-0.7822789549827576
63,target,22,-0.17202185094356537,0.22423803806304932,-0.8034140467643738
63,target,23,-0.18723998963832855,0.21225674450397491,-0.7951818108558655
63,target,24,-0.1780947595834732,0.20995567739009857,-0.8009865283966064
63,target,25,-0.19483475387096405,0.21460790932178497,-0.7907794117927551
63,target,26,-0.1862957626581192,0.1905142217874527,-0.7817359566688538
63,target,27,-0.17611639201641083,0.18263185024261475,-0.759199857711792
63,target,28,-0.14657455682754517,0.17020878195762634,-0.7824578881263733
63,target,29,-0.185662642121315,0.19068439304828644,-0.7973777651786804
63,target,30,-0.1774960607290268,0.1923123598098755,-0.7996413707733154
63,target,31,-0.1803465336561203,0.19626156985759735,-0.7900005578994751
63,target,32,-0.16522982716560364,0.1867842972278595,-0.8022720217704773
63,target,33,-0.17770342528820038,0.1968553364276886,-0.7912935018539429
63,target,34,-0.16215085983276367,0.18838097155094147,-0.7920646667480469
63,target,35,-0.16321150958538055,0.19044417142868042,-0.7770959138870239
63,target,36,-0.18203474581241608,0.1776522547006607,-0.751990020275116
63,target,37,-0.18180660903453827,0.1937359720468521,-0.7748017311096191
63,target,38,-0.18106774985790253,0.21960991621017456,-0.798937976360321
63,target,39,-0.18112479150295258,0.20839178562164307,-0.7918291091918945
63,target,40,-0.19124184548854828,0.19877652823925018,-0.7964807152748108
63,target,41,-0.1935787945985794,0.20053893327713013,-0.7886505722999573
63,target,42,-0.17926017940044403,0.18925385177135468,-0.7910214066505432
63,target,43,-0.21001704037189484,0.19029249250888824,-0.7930843830108643
63,target,44,-0.19546307623386383,0.20923587679862976,-0.7978073358535767
63,target,45,-0.21027185022830963,0.2178264558315277,-0.801882266998291
63,target,46,-0.17223815619945526,0.19839635491371155,-0.7957262992858887
63,target,47,-0.17879803478717804,0.18712261319160461,-0.7988567352294922
63,target,48,-0.19338969886302948,0.1984434425830841,-0.8090054988861084
63,target,49,-0.1837686151266098,0.1972995400428772,-0.7887247800827026
63,target,50,-0.12715409696102142,0.17719800770282745,-0.8080300688743591
63,target,51,-0.12954746186733246,0.17348085343837738,-0.7812920212745667
63,target,52,-0.1409144401550293,0.17064878344535828,-0.798550009727478
63,target,53,-0.16269001364707947,0.1779259890317917,-0.7899346351623535
63,target,54,-0.1384471207857132,0.16997461020946503,-0.7855137586593628
63,target,55,-0.16193078458309174,0.1932041347026825,-0.7886680364608765
63,target,56,-0.12978456914424896,0.19869399070739746,-0.7892897129058838
63,target,57,-0.14287909865379333,0.19742001593112946,-0.7952898740768433
63,target,58,-0.1370985358953476,0.18720105290412903,-0.788877010345459
63,target,59,-0.14505834877490997,0.18034841120243073,-0.7909913063049316
63,target,60,-0.17061243951320648,0.19098466634750366,-0.785631000995636
63,target,61,-0.17531152069568634,0.17872405052185059,-0.7834757566452026
63,target,62,-0.16109345853328705,0.17554666101932526,-0.7878437042236328
63,target,63,-0.16538360714912415,0.1945749968290329,-0.7762717604637146
64,source,0,-0.08947177231311798,0.2509006857872009,-0.7632793188095093
64,source,1,-0.055284470319747925,0.20255813002586365,-0.8260939717292786
64,source,2,-0.11220397055149078,0.1794576793909073,-0.8210720419883728
64,source,3,-0.0723133236169815,0.20820307731628418,-0.8072836995124817
64,source,4,-0.07959307730197906,0.16911521553993225,-0.7779413461685181
64,source,5,-0.047358378767967224,0.013676047325134277,-0.578697919845581
64,source,6,-0.07053658366203308,0.06183139234781265,-0.7109051942825317
64,source,7,-0.07637010514736176,0.1136656403541565,-0.635664165019989
64,source,8,-0.11379961669445038,0.11023062467575073,-0.6900609731674194
64,source,9,-0.053661078214645386,0.1989990472793579,-0.6548820734024048
64,source,10,-0.03783798962831497,0.1814596951007843,-0.6110123991966248
64,source,11,-0.013607203960418701,0.14202828705310822,-0.6652328968048096
64,source,12,-0.051196128129959106,0.20208966732025146,-0.6240798234939575
64,source,13,-0.08549657464027405,0.22308218479156494,-0.7325905561447144
64,source,14,-0.048906877636909485,0.18583005666732788,-0.7490227222442627
64,source,15,-0.08706745505332947,0.19639696180820465,-0.7726925015449524
64,source,16,-0.09745937585830688,0.18413665890693665,-0.7801008820533752
64,source,17,-0.08191865682601929,0.1358749270439148,-0.6897942423820496
64,source,18,-0.026829391717910767,0.08642355352640152,-0.7052649259567261
64,source,19,-0.044251009821891785,0.142184317111969,-0.7262891530990601
64,source,20,-0.021105684340000153,0.09887616336345673,-0.7182887196540833
64,source,21,-0.09252236783504486,0.06830844283103943,-0.7229089140892029
64,source,22,-0.02180769294500351,0.13823910057544708,-0.6689926385879517
64,source,23,-0.055373817682266235,0.19485604763031006,-0.6872016191482544
64,source,24,-0.0908774882555008,0.12694811820983887,-0.7241920232772827
64,source,25,-0.07758349180221558,0.19033445417881012,-0.8028425574302673
64,source,26,-0.04718272387981415,0.19344991445541382,-0.7763311862945557
64,source,27,-0.03455261141061783,0.17599499225616455,-0.7916405200958252
64,source,28,-0.12506383657455444,0.18682929873466492,-0.8390353918075562
64,source,29,-0.05814509093761444,0.2069341391324997,-0.7467176914215088
64,source,30,-0.12090753018856049,0.17779552936553955,-0.8088196516036987
64,source,31,-0.009709730744361877,0.09582844376564026,-0.7132236361503601
64,source,32,-0.016418948769569397,0.13798338174819946,-0.7507590055465698
64,source,33,-0.1297421008348465,0.17090864479541779,-0.819695234298706
64,source,34,-0.1361401230096817,0.19983986020088196,-0.7941198945045471
64,source,35,-0.1049073189496994,0.15755142271518707,-0.8009352684020996
64,source,36,-0.11945231258869171,0.15711534023284912,-0.7895902395248413
64,source,37,-0.12603327631950378,0.1808069795370102,-0.7856590151786804
64,source,38,-0.10344062745571136,0.17851564288139343,-0.7732906341552734
64,source,39,-0.1259687840938568,0.18137513101100922,-0.8008750677108765
64,source,40,-0.07192936539649963,0.19415009021759033,-0.7052493095397949
64,source,41,-0.07325126230716705,0.19062228500843048,-0.6596510410308838
64,source,42,-0.13920782506465912,0.18752852082252502,-0.7517938613891602
64,source,43,-0.13276630640029907,0.22337967157363892,-0.7157763242721558
64,source,44,-0.16778643429279327,0.200985848903656,-0.7432814240455627
64,source,45,-0.1479983776807785,0.19413405656814575,-0.7343940138816833
64,source,46,-0.17120300233364105,0.28923386335372925,-0.8338055610656738
64,source,47,-0.08696435391902924,0.3101482391357422,-0.75310218334198
64,source,48,-0.058443307876586914,0.3243633508682251,-0.7421024441719055
64,source,49,-0.18587641417980194,0.311994343996048,-0.8321280479431152
64,source,50,-0.15980665385723114,0.2543922960758209,-0.7759813070297241
64,source,51,-0.058145955204963684,0.20782548189163208,-0.7561975717544556
64,source,52,-0.07067961990833282,0.24104079604148865,-0.7661189436912537
64,source,53,-0.03777829557657242,0.23032236099243164,-0.765108048915863
64,source,54,-0.03163755685091019,0.21041205525398254,-0.7420985102653503
64,source,55,-0.03630361706018448,0.2542412281036377,-0.7144430875778198
64,source,56,-0.04132997989654541,0.2840331196784973,-0.7249419689178467
64,source,57,-0.04408353567123413,0.2668493688106537,-0.7468822002410889
64,source,58,-0.020039670169353485,0.24267777800559998,-0.7214221954345703
64,source,59,-0.04993247985839844,0.2610969841480255,-0.7657395005226135
64,source,60,-0.06243070960044861,0.2711503207683563,-0.7692008018493652
64,source,61,-0.09677304327487946,0.2619352340698242,-0.7674358487129211
64,source,62,-0.12975603342056274,0.24439218640327454,-0.8079737424850464
64,source,63,-0.08557036519050598,0.2712736129760742,-0.7776886820793152
64,target,0,-0.1388118714094162,0.18144245445728302,-0.7941740155220032
64,target,1,-0.15402546525001526,0.18569137156009674,-0.7730754613876343
64,target,2,-0.16063013672828674,0.18431806564331055,-0.805495023727417
64,target,3,-0.18120597302913666,0.1856856644153595,-0.7964159846305847
64,target,4,-0.15036523342132568,0.1802421361207962,-0.777918815612793
64,target,5,-0.1678539663553238,0.18215160071849823,-0.7944347262382507
64,target,6,-0.16019770503044128,0.18539297580718994,-0.7966275215148926
64,target,7,-0.1584995836019516,0.20280438661575317,-0.8043210506439209
64,target,8,-0.16518078744411469,0.18872547149658203,-0.7844603061676025
64,target,9,-0.15000607073307037,0.18664833903312683,-0.8059442043304443
64,target,10,-0.16461090743541718,0.1871786117553711,-0.7973930239677429
64,target,11,-0.17439918220043182,0.19046252965927124,-0.8041231036186218
64,target,12,-0.1689728945493698,0.18080754578113556,-0.7872304320335388
64,target,13,-0.16258391737937927,0.16338369250297546,-0.777640700340271
64,target,14,-0.13727512955665588,0.18918514251708984,-0.7980741858482361
64,target,15,-0.1930864304304123,0.19367706775665283,-0.7762525677680969
64,target,16,-0.16946355998516083,0.19288313388824463,-0.7893695831298828
64,target,17,-0.17596270143985748,0.20483478903770447,-0.7886170148849487
64,target,18,-0.1659453958272934,0.19011421501636505,-0.783004105091095
64,target,19,-0.18016435205936432,0.20419266819953918,-0.7880218625068665
64,target,20,-0.19080804288387299,0.2046591192483902,-0.7961732149124146
64,target,21,-0.1644117832183838,0.18642345070838928,-0.7872251272201538
64,target,22,-0.1613815873861313,0.2136276662349701,-0.8003056645393372
64,target,23,-0.16575054824352264,0.20118272304534912,-0.7928973436355591
64,target,24,-0.15794505178928375,0.20366902649402618,-0.8016411066055298
64,target,25,-0.18240459263324738,0.207951158285141,-0.7910088300704956
64,target,26,-0.16693134605884552,0.18652021884918213,-0.7892360687255859
64,target,27,-0.15631772577762604,0.17678450047969818,-0.7580525279045105
64,target,28,-0.1315632313489914,0.16678571701049805,-0.782880425453186
64,target,29,-0.17706556618213654,0.18641895055770874,-0.7918739318847656
64,target,30,-0.1628981977701187,0.18522900342941284,-0.8058046102523804
64,target,31,-0.16194678843021393,0.18484672904014587,-0.7911810278892517
64,target,32,-0.14890824258327484,0.18304681777954102,-0.8096773624420166
64,target,33,-0.16162116825580597,0.187588632106781,-0.7938070297241211
64,target,34,-0.1457137167453766,0.1838168203830719,-0.8061745166778564
64,target,35,-0.1425764262676239,0.18113923072814941,-0.7841821312904358
64,target,36,-0.15880905091762543,0.1720910370349884,-0.750953197479248
64,target,37,-0.1742427498102188,0.18712466955184937,-0.7763837575912476
64,target,38,-0.16644735634326935,0.21042612195014954,-0.7931765913963318
64,target,39,-0.16669140756130219,0.19855722784996033,-0.7916059494018555
64,target,40,-0.1729549914598465,0.19643853604793549,-0.8022169470787048
64,target,41,-0.1719151884317398,0.192221999168396,-0.7982682585716248
64,target,42,-0.14939260482788086,0.17954252660274506,-0.8036216497421265
64,target,43,-0.1870252639055252,0.18086731433868408,-0.800868570804596
64,target,44,-0.18392722308635712,0.1933470368385315,-0.7947516441345215
64,target,45,-0.19599397480487823,0.20837436616420746,-0.7958611249923706
64,target,46,-0.1458842009305954,0.18875639140605927,-0.796555757522583
64,target,47,-0.1591050922870636,0.1750853806734085,-0.8018969893455505
64,target,48,-0.18155963718891144,0.19369931519031525,-0.8033797740936279
64,target,49,-0.16995655000209808,0.19102756679058075,-0.7903910875320435
64,target,50,-0.11742982268333435,0.1693887859582901,-0.8085919618606567
64,target,51,-0.12553651630878448,0.16892042756080627,-0.7784940600395203
64,target,52,-0.12041895091533661,0.1548127830028534,-0.7939695119857788
64,target,53,-0.1404765546321869,0.16274449229240417,-0.7906834483146667
64,target,54,-0.12037119269371033,0.15505218505859375,-0.78569096326828
64,target,55,-0.14308887720108032,0.17266368865966797,-0.7864856123924255
64,target,56,-0.11924171447753906,0.18315580487251282,-0.7834521532058716
64,target,57,-0.1300598531961441,0.18158377707004547,-0.7945178151130676
64,target,58,-0.1199733316898346,0.1681152731180191,-0.789146363735199
64,target,59,-0.12637373805046082,0.15914137661457062,-0.7921157479286194
64,target,60,-0.1490487903356552,0.17501486837863922,-0.7893264889717102
64,target,61,-0.1591399759054184,0.1686999797821045,-0.786949872970581
64,target,62,-0.14042611420154572,0.1643345057964325,-0.7822349667549133
64,target,63,-0.14544257521629333,0.16841794550418854,-0.7728356122970581
65,source,0,-0.10046160221099854,0.2654323875904083,-0.7806976437568665
65,source,1,-0.05899918079376221,0.21609711647033691,-0.8352482318878174
65,source,2,-0.11788593232631683,0.19456209242343903,-0.8334859609603882
65,source,3,-0.08982442319393158,0.22513291239738464,-0.8209715485572815
65,source,4,-0.08833876252174377,0.1830289363861084,-0.7941959500312805
65,source,5,-0.06349320709705353,0.019771412014961243,-0.5896967053413391
65,source,6,-0.0784270167350769,0.07286684960126877,-0.7337913513183594
65,source,7,-0.058630794286727905,0.11895748227834702,-0.6296830177307129
65,source,8,-0.10318881273269653,0.11491268873214722,-0.6945467591285706
65,source,9,-0.06950810551643372,0.2047417163848877,-0.6790758967399597
65,source,10,-0.046295568346977234,0.18731725215911865,-0.6372164487838745
65,source,11,-0.019594460725784302,0.14863504469394684,-0.6755496859550476
65,source,12,-0.06535018980503082,0.20343884825706482,-0.6481707692146301
65,source,13,-0.09554660320281982,0.2383602410554886,-0.7582319974899292
65,source,14,-0.05811332166194916,0.2067762017250061,-0.7669550180435181
65,source,15,-0.10177886486053467,0.21328774094581604,-0.7864508628845215
65,source,16,-0.11382386088371277,0.20958779752254486,-0.7975504398345947
65,source,17,-0.0731707364320755,0.1453656703233719,-0.7073298096656799
65,source,18,-0.02891480177640915,0.09334437549114227,-0.7186737060546875
65,source,19,-0.04849141836166382,0.1453869491815567,-0.7332366108894348
65,source,20,-0.018069401383399963,0.10673096776008606,-0.723768413066864
65,source,21,-0.08158721029758453,0.06651094555854797,-0.7367468476295471
65,source,22,-0.03268659859895706,0.14442455768585205,-0.6814956665039062
65,source,23,-0.06064052879810333,0.2040930986404419,-0.6964861750602722
65,source,24,-0.0719345360994339,0.13050729036331177,-0.7364938259124756
65,source,25,-0.0753365010023117,0.20108911395072937,-0.820523202419281
65,source,26,-0.05698215961456299,0.19414375722408295,-0.7942410707473755
65,source,27,-0.04246935248374939,0.1920488178730011,-0.8106687068939209
65,source,28,-0.12614035606384277,0.20314675569534302,-0.8557484149932861
65,source,29,-0.06250825524330139,0.2202897071838379,-0.7599667906761169
65,source,30,-0.13101962208747864,0.2011502981185913,-0.8166041374206543
65,source,31,-0.024459391832351685,0.12266306579113007,-0.7271243333816528
65,source,32,-0.030330725014209747,0.15024961531162262,-0.7633348703384399
65,source,33,-0.13310039043426514,0.1901758462190628,-0.8312726020812988
65,source,34,-0.14059729874134064,0.20971210300922394,-0.8053739070892334
65,source,35,-0.12963123619556427,0.18196699023246765,-0.8186158537864685
65,source,36,-0.11547909677028656,0.16639980673789978,-0.8140430450439453
65,source,37,-0.13074293732643127,0.1956358700990677,-0.8075733780860901
65,source,38,-0.09315553307533264,0.1846890151500702,-0.7901872396469116
65,source,39,-0.12186607718467712,0.18739943206310272,-0.8151074051856995
65,source,40,-0.07484912872314453,0.20231753587722778,-0.7195507884025574
65,source,41,-0.07465441524982452,0.1959410458803177,-0.6691752076148987
65,source,42,-0.13873597979545593,0.1922842115163803,-0.7671422958374023
65,source,43,-0.13640668988227844,0.2204478532075882,-0.7393277883529663
65,source,44,-0.1658790558576584,0.2013864815235138,-0.7649815678596497
65,source,45,-0.14863942563533783,0.19905772805213928,-0.7540225982666016
65,source,46,-0.17927972972393036,0.30446135997772217,-0.8389304876327515
65,source,47,-0.0951613038778305,0.31950515508651733,-0.7695310115814209
65,source,48,-0.058417677879333496,0.3335103988647461,-0.7549880743026733
65,source,49,-0.1896190196275711,0.31193822622299194,-0.8419898748397827
65,source,50,-0.16392828524112701,0.2573378086090088,-0.7842431664466858
65,source,51,-0.05997200310230255,0.22056180238723755,-0.7641279101371765
65,source,52,-0.07314594089984894,0.25641876459121704,-0.7779093384742737
65,source,53,-0.035544827580451965,0.24583682417869568,-0.7809177041053772
65,source,54,-0.03548372536897659,0.2261364758014679,-0.7624799609184265
65,source,55,-0.03547997027635574,0.2658383548259735,-0.7370285391807556
65,source,56,-0.04864862561225891,0.2923164367675781,-0.7424607872962952
65,source,57,-0.03930198401212692,0.28009840846061707,-0.769947350025177
65,source,58,-0.020992502570152283,0.2535116970539093,-0.735585629940033
65,source,59,-0.05350126326084137,0.27572059631347656,-0.7826951742172241
65,source,60,-0.06554742157459259,0.2823653817176819,-0.784209132194519
65,source,61,-0.10090897977352142,0.2734264135360718,-0.7842065095901489
65,source,62,-0.13361862301826477,0.25657781958580017,-0.8188925981521606
65,source,63,-0.08796118199825287,0.28536784648895264,-0.7959184646606445
65,target,0,-0.14593251049518585,0.19720879197120667,-0.8019997477531433
65,target,1,-0.16170507669448853,0.20413020253181458,-0.7850258350372314
65,target,2,-0.17914973199367523,0.2016722410917282,-0.8090287446975708
65,target,3,-0.18458543717861176,0.1951463371515274,-0.8003646731376648
65,target,4,-0.154793381690979,0.19394391775131226,-0.7816594243049622
65,target,5,-0.16629762947559357,0.19748073816299438,-0.7966868281364441
65,target,6,-0.16064167022705078,0.20137159526348114,-0.8016874194145203
65,target,7,-0.15877491235733032,0.216071218252182,-0.8108975291252136
65,target,8,-0.16634105145931244,0.2075195163488388,-0.7918475866317749
65,target,9,-0.157259002327919,0.2055852711200714,-0.8091433048248291
65,target,10,-0.17028726637363434,0.19760370254516602,-0.8030025959014893
65,target,11,-0.17594484984874725,0.20023101568222046,-0.8101636171340942
65,target,12,-0.1669229120016098,0.19894808530807495,-0.8005205392837524
65,target,13,-0.1669214814901352,0.17394447326660156,-0.7835955023765564
65,target,14,-0.14418557286262512,0.20375360548496246,-0.8039858937263489
65,target,15,-0.19993548095226288,0.20062807202339172,-0.779583215713501
65,target,16,-0.18133024871349335,0.20770591497421265,-0.7952526807785034
65,target,17,-0.18207867443561554,0.2190144956111908,-0.7970113158226013
65,target,18,-0.17607323825359344,0.21208791434764862,-0.7938786745071411
65,target,19,-0.18842069804668427,0.2203149050474167,-0.7996731996536255
65,target,20,-0.19377072155475616,0.21616330742835999,-0.803786039352417
65,target,21,-0.17609529197216034,0.1983785331249237,-0.7899817228317261
65,target,22,-0.16533006727695465,0.2270526885986328,-0.8014089465141296
65,target,23,-0.17495067417621613,0.2177019566297531,-0.7950772643089294
65,target,24,-0.17382194101810455,0.2144983410835266,-0.7983025908470154
65,target,25,-0.19053710997104645,0.22028020024299622,-0.794261634349823
65,target,26,-0.1758417934179306,0.19779813289642334,-0.7895512580871582
65,target,27,-0.16371719539165497,0.19917607307434082,-0.7756205797195435
65,target,28,-0.13675285875797272,0.18164128065109253,-0.7860351800918579
65,target,29,-0.17329148948192596,0.19578446447849274,-0.8058258891105652
65,target,30,-0.1705726832151413,0.19892874360084534,-0.8087584376335144
65,target,31,-0.16547991335391998,0.19998808205127716,-0.8013013005256653
65,target,32,-0.1475183665752411,0.19103115797042847,-0.8156291246414185
65,target,33,-0.1652752012014389,0.20348817110061646,-0.8041245937347412
65,target,34,-0.15105515718460083,0.19635890424251556,-0.8002622127532959
65,target,35,-0.1452006995677948,0.196763813495636,-0.7880497574806213
65,target,36,-0.17217056453227997,0.1902507245540619,-0.7657607793807983
65,target,37,-0.18121452629566193,0.19545510411262512,-0.7745382189750671
65,target,38,-0.1733676642179489,0.22130560874938965,-0.7975986003875732
65,target,39,-0.1776772290468216,0.2142471969127655,-0.7912794947624207
65,target,40,-0.1812509149312973,0.20738503336906433,-0.821018397808075
65,target,41,-0.18250389397144318,0.2061290442943573,-0.8006969690322876
65,target,42,-0.1662067323923111,0.19351857900619507,-0.8069767355918884
65,target,43,-0.19641871750354767,0.19470766186714172,-0.8124628067016602
65,target,44,-0.19442318379878998,0.20198272168636322,-0.7927719354629517
65,target,45,-0.20083452761173248,0.21578407287597656,-0.8042250275611877
65,target,46,-0.15791596472263336,0.2061903476715088,-0.7983654737472534
65,target,47,-0.17039476335048676,0.18861941993236542,-0.7992393970489502
65,target,48,-0.19091211259365082,0.20371277630329132,-0.8100823163986206
65,target,49,-0.17235614359378815,0.20323404669761658,-0.7992149591445923
65,target,50,-0.1294160783290863,0.18123343586921692,-0.8147978782653809
65,target,51,-0.1265474110841751,0.1742604672908783,-0.7872161269187927
65,target,52,-0.13113512098789215,0.16297592222690582,-0.8036484718322754
65,target,53,-0.1489165723323822,0.16510629653930664,-0.7924697399139404
65,target,54,-0.1379462629556656,0.16300258040428162,-0.7885271310806274
65,target,55,-0.15312977135181427,0.18613454699516296,-0.7949095964431763
65,target,56,-0.12345564365386963,0.18952955305576324,-0.7959117889404297
65,target,57,-0.13553884625434875,0.19135312736034393,-0.8033912181854248
65,target,58,-0.12711003422737122,0.17603635787963867,-0.7967109680175781
65,target,59,-0.12957173585891724,0.16688890755176544,-0.8019264936447144
65,target,60,-0.16963322460651398,0.18402189016342163,-0.7963763475418091
65,target,61,-0.16545544564723969,0.1704835295677185,-0.7958361506462097
65,target,62,-0.15691092610359192,0.17401725053787231,-0.7977884411811829
65,target,63,-0.15922635793685913,0.18624377250671387,-0.7805380821228027
66,source,0,-0.07888013124465942,0.24754565954208374,-0.777809202671051
66,source,1,-0.04560297727584839,0.19268353283405304,-0.8323038816452026
66,source,2,-0.0988258421421051,0.16987964510917664,-0.8178935050964355
66,source,3,-0.06112369894981384,0.19781199097633362,-0.8130339980125427
66,source,4,-0.06556706130504608,0.1571839302778244,-0.7851051688194275
66,source,5,-0.0155719593167305,-0.015370771288871765,-0.5556519627571106
66,source,6,-0.04831589758396149,0.04493842273950577,-0.7138776183128357
66,source,7,-0.047459229826927185,0.10797128081321716,-0.6339664459228516
66,source,8,-0.08062876760959625,0.10151083767414093,-0.68939608335495
66,source,9,-0.043428048491477966,0.18935444951057434,-0.6583621501922607
66,source,10,-0.024717755615711212,0.1598166823387146,-0.6144649386405945
66,source,11,0.004758037626743317,0.121638223528862,-0.6626968383789062
66,source,12,-0.0431436151266098,0.19052475690841675,-0.6345934867858887
66,source,13,-0.06883084774017334,0.2114599645137787,-0.7415933609008789
66,source,14,-0.02706688642501831,0.17302724719047546,-0.7505772113800049
66,source,15,-0.06815697252750397,0.18454183638095856,-0.7763261198997498
66,source,16,-0.08556044101715088,0.17735789716243744,-0.7837680578231812
66,source,17,-0.047783106565475464,0.11526466906070709,-0.6819905638694763
66,source,18,0.00046562403440475464,0.06381956487894058,-0.6990009546279907
66,source,19,-0.024043723940849304,0.13035103678703308,-0.7328484654426575
66,source,20,0.007488861680030823,0.07935351133346558,-0.70674067735672
66,source,21,-0.06556650996208191,0.04986058920621872,-0.7252391576766968
66,source,22,0.0037142187356948853,0.1182413101196289,-0.6657119989395142
66,source,23,-0.027617231011390686,0.18082517385482788,-0.6876638531684875
66,source,24,-0.06039389967918396,0.11472506076097488,-0.7345279455184937
66,source,25,-0.05477242171764374,0.1759529560804367,-0.806712806224823
66,source,26,-0.038516394793987274,0.1796974241733551,-0.7872398495674133
66,source,27,-0.01834050565958023,0.1677214801311493,-0.8049914240837097
66,source,28,-0.09978185594081879,0.1742304116487503,-0.8464928865432739
66,source,29,-0.0306096151471138,0.19500190019607544,-0.7416675686836243
66,source,30,-0.11185245215892792,0.16930073499679565,-0.7999338507652283
66,source,31,0.003926090896129608,0.08590415120124817,-0.7053890228271484
66,source,32,-0.0003195852041244507,0.11964069306850433,-0.744080126285553
66,source,33,-0.10997992753982544,0.17427989840507507,-0.819242000579834
66,source,34,-0.1243307888507843,0.19416677951812744,-0.7916726469993591
66,source,35,-0.0971222072839737,0.16112326085567474,-0.8027286529541016
66,source,36,-0.10555586218833923,0.15495726466178894,-0.8067957758903503
66,source,37,-0.11341559886932373,0.17672576010227203,-0.7980071306228638
66,source,38,-0.0886186957359314,0.17591382563114166,-0.7832556962966919
66,source,39,-0.0999404788017273,0.17183120548725128,-0.802243709564209
66,source,40,-0.051385000348091125,0.18287093937397003,-0.7204976081848145
66,source,41,-0.05381608009338379,0.17340995371341705,-0.6700734496116638
66,source,42,-0.10387350618839264,0.1641545593738556,-0.7634046673774719
66,source,43,-0.09853208065032959,0.19335836172103882,-0.7323819994926453
66,source,44,-0.11937825381755829,0.1733834147453308,-0.7673962712287903
66,source,45,-0.1158965528011322,0.17277026176452637,-0.7574508190155029
66,source,46,-0.18281440436840057,0.28779006004333496,-0.8430302739143372
66,source,47,-0.07661700248718262,0.30481600761413574,-0.7689417004585266
66,source,48,-0.04001089930534363,0.321732759475708,-0.7511084079742432
66,source,49,-0.1946079283952713,0.2975682020187378,-0.848804771900177
66,source,50,-0.15527281165122986,0.23912659287452698,-0.7865875363349915
66,source,51,-0.041173964738845825,0.20318667590618134,-0.7632063627243042
66,source,52,-0.05655345320701599,0.24187341332435608,-0.7702469825744629
66,source,53,-0.0199429988861084,0.22401383519172668,-0.7787269949913025
66,source,54,-0.017533719539642334,0.20667360723018646,-0.752580463886261
66,source,55,-0.017199531197547913,0.24072027206420898,-0.7296886444091797
66,source,56,-0.02488251030445099,0.28050482273101807,-0.7369690537452698
66,source,57,-0.026212111115455627,0.26050660014152527,-0.7635603547096252
66,source,58,-0.0004953145980834961,0.2288099080324173,-0.7247099876403809
66,source,59,-0.03599930554628372,0.26170170307159424,-0.7740596532821655
66,source,60,-0.04408365488052368,0.2667478919029236,-0.7809776663780212
66,source,61,-0.07842184603214264,0.2599162459373474,-0.7800174951553345
66,source,62,-0.11437955498695374,0.2475292980670929,-0.8112448453903198
66,source,63,-0.06909671425819397,0.26852601766586304,-0.7934899926185608
66,target,0,-0.1283263862133026,0.16351106762886047,-0.7873197793960571
66,target,1,-0.13938146829605103,0.1593998223543167,-0.7684473395347595
66,target,2,-0.14514857530593872,0.1661607027053833,-0.8028639554977417
66,target,3,-0.1575460582971573,0.16745568811893463,-0.7973678708076477
66,target,4,-0.13188792765140533,0.16305549442768097,-0.7647169828414917
66,target,5,-0.14273279905319214,0.16728617250919342,-0.7901288270950317
66,target,6,-0.14751137793064117,0.17730991542339325,-0.7929834723472595
66,target,7,-0.14970973134040833,0.1918075829744339,-0.7960758805274963
66,target,8,-0.15149971842765808,0.18013864755630493,-0.7858552932739258
66,target,9,-0.12774860858917236,0.17257922887802124,-0.8044631481170654
66,target,10,-0.1453724205493927,0.16789528727531433,-0.7957678437232971
66,target,11,-0.15809381008148193,0.1703498661518097,-0.8040249347686768
66,target,12,-0.14704473316669464,0.1590804159641266,-0.787632942199707
66,target,13,-0.14719296991825104,0.14201179146766663,-0.7775463461875916
66,target,14,-0.12377825379371643,0.17127208411693573,-0.796669602394104
66,target,15,-0.17287077009677887,0.17494997382164001,-0.7766796350479126
66,target,16,-0.1559397429227829,0.1762170046567917,-0.7865839004516602
66,target,17,-0.15695716440677643,0.18467719852924347,-0.7865468263626099
66,target,18,-0.15408344566822052,0.1758713275194168,-0.7860661745071411
66,target,19,-0.17016173899173737,0.18657296895980835,-0.7877441644668579
66,target,20,-0.15586957335472107,0.18549111485481262,-0.8116142153739929
66,target,21,-0.14143450558185577,0.17179296910762787,-0.7944471836090088
66,target,22,-0.13758233189582825,0.1943696141242981,-0.8131032586097717
66,target,23,-0.1399703323841095,0.1818695366382599,-0.7971428036689758
66,target,24,-0.13864149153232574,0.18300843238830566,-0.804429292678833
66,target,25,-0.1673366278409958,0.1924286037683487,-0.7934858798980713
66,target,26,-0.15289080142974854,0.16467244923114777,-0.7814863324165344
66,target,27,-0.14121288061141968,0.16144610941410065,-0.75787752866745
66,target,28,-0.10361617803573608,0.14688779413700104,-0.7768137454986572
66,target,29,-0.15412825345993042,0.16498689353466034,-0.7943517565727234
66,target,30,-0.13951323926448822,0.15968886017799377,-0.8005608320236206
66,target,31,-0.13866420090198517,0.1605265587568283,-0.790145218372345
66,target,32,-0.12278687953948975,0.15541911125183105,-0.8053174018859863
66,target,33,-0.14694425463676453,0.16908462345600128,-0.7923731207847595
66,target,34,-0.12483572959899902,0.16506630182266235,-0.7921056151390076
66,target,35,-0.1222371906042099,0.15840519964694977,-0.7731242179870605
66,target,36,-0.1451588273048401,0.15299645066261292,-0.752164363861084
66,target,37,-0.14966344833374023,0.17038482427597046,-0.77777099609375
66,target,38,-0.15357543528079987,0.1918114721775055,-0.7926709055900574
66,target,39,-0.1445627212524414,0.17754006385803223,-0.7940191030502319
66,target,40,-0.16215203702449799,0.18511608242988586,-0.7828077673912048
66,target,41,-0.1546371728181839,0.17966702580451965,-0.7872408628463745
66,target,42,-0.14016568660736084,0.16814322769641876,-0.7968444228172302
66,target,43,-0.16819103062152863,0.16918304562568665,-0.7920286655426025
66,target,44,-0.16466856002807617,0.17809821665287018,-0.8087567687034607
66,target,45,-0.17625083029270172,0.19473645091056824,-0.7975238561630249
66,target,46,-0.13724562525749207,0.17373357713222504,-0.7944050431251526
66,target,47,-0.14122463762760162,0.1541941910982132,-0.7955118417739868
66,target,48,-0.16116131842136383,0.17138850688934326,-0.808306097984314
66,target,49,-0.1488972008228302,0.17574818432331085,-0.7797788381576538
66,target,50,-0.10999950766563416,0.15618865191936493,-0.8122057318687439
66,target,51,-0.11160141229629517,0.15409958362579346,-0.7873099446296692
66,target,52,-0.10949622094631195,0.14474469423294067,-0.8021656274795532
66,target,53,-0.13101863861083984,0.1505640298128128,-0.7898622155189514
66,target,54,-0.12092193961143494,0.14635875821113586,-0.7825466394424438
66,target,55,-0.13742239773273468,0.1686040312051773,-0.7976953983306885
66,target,56,-0.11223088204860687,0.1708553433418274,-0.7953646779060364
66,target,57,-0.11938077211380005,0.1680837720632553,-0.8012559413909912
66,target,58,-0.11645649373531342,0.16049209237098694,-0.7974113821983337
66,target,59,-0.1140785664319992,0.14746920764446259,-0.7984076738357544
66,target,60,-0.1400933712720871,0.16616618633270264,-0.7938588261604309
66,target,61,-0.1412903517484665,0.15227963030338287,-0.7959559559822083
66,target,62,-0.13051265478134155,0.152176171541214,-0.7877880334854126
66,target,63,-0.13926875591278076,0.16372674703598022,-0.7754329442977905
67,source,0,-0.11488533020019531,0.2530197501182556,-0.7728568315505981
67,source,1,-0.07926234602928162,0.20040352642536163,-0.835145890712738
67,source,2,-0.13110798597335815,0.19250409305095673,-0.8227593302726746
67,source,3,-0.10051475465297699,0.21045050024986267,-0.8211941123008728
67,source,4,-0.10362155735492706,0.1696186661720276,-0.7912280559539795
67,source,5,-0.07393549382686615,0.03553949296474457,-0.6182520389556885
67,source,6,-0.0942239761352539,0.07438410073518753,-0.7532365322113037
67,source,7,-0.0856165885925293,0.12868642807006836,-0.6689440011978149
67,source,8,-0.12383486330509186,0.1242639571428299,-0.71812504529953
67,source,9,-0.08157172799110413,0.2013404816389084,-0.676171064376831
67,source,10,-0.06936967372894287,0.16753806173801422,-0.635028600692749
67,source,11,-0.04817146062850952,0.14162831008434296,-0.6852678656578064
67,source,12,-0.07925863564014435,0.1887235790491104,-0.6547240018844604
67,source,13,-0.09886570274829865,0.22279906272888184,-0.7520108222961426
67,source,14,-0.07411560416221619,0.18886125087738037,-0.771690845489502
67,source,15,-0.10284379124641418,0.19823972880840302,-0.7932407259941101
67,source,16,-0.1234857589006424,0.19551822543144226,-0.7965936660766602
67,source,17,-0.08466099202632904,0.13394629955291748,-0.7155114412307739
67,source,18,-0.047197356820106506,0.09080009907484055,-0.7382976412773132
67,source,19,-0.06656184792518616,0.15221573412418365,-0.7527520656585693
67,source,20,-0.030876532196998596,0.09635721147060394,-0.7473107576370239
67,source,21,-0.09540054202079773,0.06543435156345367,-0.7635025382041931
67,source,22,-0.03622126579284668,0.1292227804660797,-0.6994515657424927
67,source,23,-0.07164421677589417,0.19236478209495544,-0.7140902280807495
67,source,24,-0.09156574308872223,0.13318395614624023,-0.7546107769012451
67,source,25,-0.09310014545917511,0.19563087821006775,-0.8185139894485474
67,source,26,-0.0748753547668457,0.18462839722633362,-0.8054325580596924
67,source,27,-0.05711933970451355,0.1788676232099533,-0.8234557509422302
67,source,28,-0.14213038980960846,0.19552572071552277,-0.8587896227836609
67,source,29,-0.07005582749843597,0.19663351774215698,-0.761549711227417
67,source,30,-0.1467878222465515,0.18711045384407043,-0.8153584003448486
67,source,31,-0.03747476637363434,0.10291315615177155,-0.7391218543052673
67,source,32,-0.052154287695884705,0.13579490780830383,-0.7605615258216858
67,source,33,-0.14919808506965637,0.19331052899360657,-0.8321256637573242
67,source,34,-0.16364634037017822,0.2062462866306305,-0.8076081275939941
67,source,35,-0.13133174180984497,0.17738765478134155,-0.8096795678138733
67,source,36,-0.1371830254793167,0.17305287718772888,-0.8073775768280029
67,source,37,-0.15612606704235077,0.2000393569469452,-0.8039785027503967
67,source,38,-0.11730073392391205,0.18435654044151306,-0.7985279560089111
67,source,39,-0.13551802933216095,0.19460122287273407,-0.8091921806335449
67,source,40,-0.08754652738571167,0.19637897610664368,-0.7246862649917603
67,source,41,-0.08732788264751434,0.19038821756839752,-0.6863318681716919
67,source,42,-0.1561008244752884,0.18179970979690552,-0.7608768343925476
67,source,43,-0.15209129452705383,0.21232883632183075,-0.7498657703399658
67,source,44,-0.16691575944423676,0.19243045151233673,-0.7638351321220398
67,source,45,-0.1478131264448166,0.17839457094669342,-0.7660590410232544
67,source,46,-0.2012396603822708,0.28790992498397827,-0.8359478712081909
67,source,47,-0.1087963730096817,0.29886531829833984,-0.7708505392074585
67,source,48,-0.07720094919204712,0.31349602341651917,-0.7590625286102295
67,source,49,-0.21169234812259674,0.2985250949859619,-0.8461740612983704
67,source,50,-0.1743767112493515,0.24887868762016296,-0.7861706018447876
67,source,51,-0.07975983619689941,0.2012956291437149,-0.7770043611526489
67,source,52,-0.08958858251571655,0.23786498606204987,-0.7811258435249329
67,source,53,-0.062310755252838135,0.22617605328559875,-0.7870473861694336
67,source,54,-0.0499192476272583,0.20744575560092926,-0.7657570838928223
67,source,55,-0.05821692943572998,0.2441730797290802,-0.7444708943367004
67,source,56,-0.06615182757377625,0.2744382619857788,-0.744217038154602
67,source,57,-0.0637412965297699,0.25816965103149414,-0.7690067291259766
67,source,58,-0.042254865169525146,0.22678634524345398,-0.7425063252449036
67,source,59,-0.06906382739543915,0.2554019093513489,-0.7883281111717224
67,source,60,-0.07875008881092072,0.25920695066452026,-0.780289351940155
67,source,61,-0.11397509276866913,0.24846984446048737,-0.7884405255317688
67,source,62,-0.15072199702262878,0.24080054461956024,-0.8149064183235168
67,source,63,-0.10377958416938782,0.26515939831733704,-0.7960261106491089
67,target,0,-0.15787273645401,0.17994500696659088,-0.8017383813858032
67,target,1,-0.17052538692951202,0.18475006520748138,-0.7798486948013306
67,target,2,-0.17066051065921783,0.18522776663303375,-0.8081855773925781
67,target,3,-0.1773122102022171,0.17965802550315857,-0.8026087284088135
67,target,4,-0.1524345427751541,0.18097011744976044,-0.791146993637085
67,target,5,-0.16674263775348663,0.1905648112297058,-0.8046972155570984
67,target,6,-0.17207010090351105,0.19589044153690338,-0.8001003265380859
67,target,7,-0.1774515062570572,0.2110365629196167,-0.8074941039085388
67,target,8,-0.17499025166034698,0.1991773247718811,-0.7920269966125488
67,target,9,-0.1596492975950241,0.19591687619686127,-0.8162620067596436
67,target,10,-0.17402784526348114,0.18895098567008972,-0.8008489012718201
67,target,11,-0.18412818014621735,0.1857411116361618,-0.8045066595077515
67,target,12,-0.17772425711154938,0.1793944537639618,-0.7948297262191772
67,target,13,-0.17761541903018951,0.1643991768360138,-0.7802532315254211
67,target,14,-0.15549182891845703,0.18738318979740143,-0.8043572306632996
67,target,15,-0.196299746632576,0.1944405883550644,-0.7902486324310303
67,target,16,-0.18545730412006378,0.19337987899780273,-0.7908408045768738
67,target,17,-0.19151414930820465,0.20773296058177948,-0.7911573052406311
67,target,18,-0.18047569692134857,0.19751079380512238,-0.7885788679122925
67,target,19,-0.19751740992069244,0.20712409913539886,-0.7987953424453735
67,target,20,-0.1854255348443985,0.19892972707748413,-0.8101494908332825
67,target,21,-0.17515064775943756,0.18645375967025757,-0.8020353317260742
67,target,22,-0.17136304080486298,0.2199200689792633,-0.809641420841217
67,target,23,-0.17725391685962677,0.1995004415512085,-0.8026645183563232
67,target,24,-0.17404364049434662,0.2073393315076828,-0.8061237931251526
67,target,25,-0.19472400844097137,0.21132460236549377,-0.7944384217262268
67,target,26,-0.18364901840686798,0.1893749088048935,-0.7934800386428833
67,target,27,-0.17121408879756927,0.17987608909606934,-0.7705931663513184
67,target,28,-0.13564272224903107,0.169374480843544,-0.7944444417953491
67,target,29,-0.18769948184490204,0.18869207799434662,-0.7995424270629883
67,target,30,-0.1676093488931656,0.18645353615283966,-0.8090343475341797
67,target,31,-0.16849111020565033,0.18229608237743378,-0.7988678812980652
67,target,32,-0.15841300785541534,0.18172980844974518,-0.8190157413482666
67,target,33,-0.17149268090724945,0.19218477606773376,-0.799300491809845
67,target,34,-0.1571877896785736,0.1836012750864029,-0.8048257231712341
67,target,35,-0.15888138115406036,0.18390615284442902,-0.7907636761665344
67,target,36,-0.1752653867006302,0.1764540672302246,-0.7604760527610779
67,target,37,-0.181611105799675,0.19020976126194,-0.7895731925964355
67,target,38,-0.17999280989170074,0.2159520834684372,-0.8022876977920532
67,target,39,-0.18029125034809113,0.20253100991249084,-0.7992361783981323
67,target,40,-0.1846121996641159,0.20970335602760315,-0.8132756352424622
67,target,41,-0.1819443255662918,0.20221185684204102,-0.8076327443122864
67,target,42,-0.1666344851255417,0.19251133501529694,-0.8084093332290649
67,target,43,-0.1917114406824112,0.1924847811460495,-0.808528482913971
67,target,44,-0.19025595486164093,0.19084422290325165,-0.8087483644485474
67,target,45,-0.2071838527917862,0.20951341092586517,-0.8065512180328369
67,target,46,-0.17099614441394806,0.19519038498401642,-0.799662172794342
67,target,47,-0.16960640251636505,0.176865816116333,-0.801062285900116
67,target,48,-0.18665753304958344,0.1861397922039032,-0.8077999353408813
67,target,49,-0.18064658343791962,0.2012861669063568,-0.8002722859382629
67,target,50,-0.13395529985427856,0.1726756989955902,-0.8200275897979736
67,target,51,-0.12714970111846924,0.16736124455928802,-0.7972646355628967
67,target,52,-0.1361766904592514,0.16165311634540558,-0.8120170831680298
67,target,53,-0.15701141953468323,0.1716316044330597,-0.8033842444419861
67,target,54,-0.1438971310853958,0.16157014667987823,-0.8019086718559265
67,target,55,-0.15986312925815582,0.18291287124156952,-0.8078571557998657
67,target,56,-0.1354282647371292,0.1871568262577057,-0.8041070699691772
67,target,57,-0.14850518107414246,0.18838773667812347,-0.8061123490333557
67,target,58,-0.1397990733385086,0.17919650673866272,-0.7993656992912292
67,target,59,-0.14454105496406555,0.1687210351228714,-0.8080961108207703
67,target,60,-0.16925813257694244,0.1802913099527359,-0.8067830204963684
67,target,61,-0.17066414654254913,0.1716059446334839,-0.8030904531478882
67,target,62,-0.15986955165863037,0.17540638148784637,-0.8060216903686523
67,target,63,-0.161468967795372,0.18004170060157776,-0.7872887849807739
68,source,0,-0.09992916882038116,0.24311518669128418,-0.7693162560462952
68,source,1,-0.08203580975532532,0.1980838179588318,-0.8289496898651123
68,source,2,-0.12679201364517212,0.1743645966053009,-0.819214403629303
68,source,3,-0.08955627679824829,0.19941528141498566,-0.8141045570373535
68,source,4,-0.09823042154312134,0.15782345831394196,-0.7871309518814087
68,source,5,-0.05734577775001526,0.0039697736501693726,-0.6045545339584351
68,source,6,-0.0857478529214859,0.051940374076366425,-0.7350188493728638
68,source,7,-0.08593752980232239,0.10643512010574341,-0.6577768325805664
68,source,8,-0.11855283379554749,0.10321889072656631,-0.7093719840049744
68,source,9,-0.06338909268379211,0.19164244830608368,-0.6730719208717346
68,source,10,-0.054400086402893066,0.15995977818965912,-0.6375830173492432
68,source,11,-0.04048462212085724,0.12548084557056427,-0.6859351396560669
68,source,12,-0.06301212310791016,0.1838146448135376,-0.6601131558418274
68,source,13,-0.09696933627128601,0.21010960638523102,-0.7449195384979248
68,source,14,-0.06384114921092987,0.1725337654352188,-0.7628588080406189
68,source,15,-0.10285912454128265,0.19056659936904907,-0.7894959449768066
68,source,16,-0.11267752945423126,0.17653508484363556,-0.7906011343002319
68,source,17,-0.08684894442558289,0.12446198612451553,-0.7025810480117798
68,source,18,-0.04057575762271881,0.08454235643148422,-0.7261068820953369
68,source,19,-0.06577512621879578,0.14235740900039673,-0.7486096620559692
68,source,20,-0.03406612575054169,0.09122861921787262,-0.7396828532218933
68,source,21,-0.09371578693389893,0.05897334963083267,-0.7603617310523987
68,source,22,-0.03571291267871857,0.11496280878782272,-0.6917693018913269
68,source,23,-0.06709718704223633,0.17751340568065643,-0.7048640847206116
68,source,24,-0.09621860086917877,0.1167534738779068,-0.7449924945831299
68,source,25,-0.09574748575687408,0.18457625806331635,-0.8171912431716919
68,source,26,-0.06307713687419891,0.18123114109039307,-0.8009428977966309
68,source,27,-0.05598108470439911,0.16791100800037384,-0.8131721615791321
68,source,28,-0.13478052616119385,0.17128236591815948,-0.8472120761871338
68,source,29,-0.0634700208902359,0.19465748965740204,-0.7596196532249451
68,source,30,-0.13674770295619965,0.1718604564666748,-0.8043739795684814
68,source,31,-0.02939675748348236,0.10133393108844757,-0.7292625904083252
68,source,32,-0.03926096111536026,0.13344374299049377,-0.7542626261711121
68,source,33,-0.1369272619485855,0.16894830763339996,-0.8184802532196045
68,source,34,-0.14328934252262115,0.1962474286556244,-0.8021239638328552
68,source,35,-0.12204243242740631,0.16113349795341492,-0.80929034948349
68,source,36,-0.1348932534456253,0.15529276430606842,-0.790882408618927
68,source,37,-0.1419752836227417,0.17694252729415894,-0.7935080528259277
68,source,38,-0.10682538151741028,0.16760776937007904,-0.7876124382019043
68,source,39,-0.1290723979473114,0.17480145394802094,-0.8054831027984619
68,source,40,-0.07377982139587402,0.1836843192577362,-0.723057746887207
68,source,41,-0.07233507931232452,0.1778988093137741,-0.6829872727394104
68,source,42,-0.14195765554904938,0.17359738051891327,-0.7565198540687561
68,source,43,-0.13043595850467682,0.2070462703704834,-0.7407627105712891
68,source,44,-0.1590864211320877,0.1840093582868576,-0.7550306916236877
68,source,45,-0.14052912592887878,0.17924714088439941,-0.7558770775794983
68,source,46,-0.2076292186975479,0.27607959508895874,-0.833686888217926
68,source,47,-0.10151925683021545,0.2938716411590576,-0.7693375945091248
68,source,48,-0.06575414538383484,0.30865347385406494,-0.7578485012054443
68,source,49,-0.21453453600406647,0.291687935590744,-0.841140866279602
68,source,50,-0.18350906670093536,0.2312290221452713,-0.7738401293754578
68,source,51,-0.06919480860233307,0.1964062750339508,-0.7728201150894165
68,source,52,-0.08376316726207733,0.23552069067955017,-0.7741987705230713
68,source,53,-0.05697627365589142,0.22147256135940552,-0.782241940498352
68,source,54,-0.04369790852069855,0.20141732692718506,-0.7634400129318237
68,source,55,-0.04476897418498993,0.23740723729133606,-0.7371398210525513
68,source,56,-0.0573701411485672,0.2666371464729309,-0.7432920932769775
68,source,57,-0.05565445125102997,0.2529175281524658,-0.7690927386283875
68,source,58,-0.03467971831560135,0.22508490085601807,-0.7433689832687378
68,source,59,-0.0632321685552597,0.2533395290374756,-0.7865623235702515
68,source,60,-0.07452437281608582,0.2599750757217407,-0.78022301197052
68,source,61,-0.10624749958515167,0.24622909724712372,-0.7843756675720215
68,source,62,-0.14394494891166687,0.23203250765800476,-0.8101586699485779
68,source,63,-0.09466895461082458,0.26161372661590576,-0.7912659049034119
68,target,0,-0.15752115845680237,0.17989566922187805,-0.7910779118537903
68,target,1,-0.16586662828922272,0.18078091740608215,-0.7706476449966431
68,target,2,-0.1764688938856125,0.179307758808136,-0.8063117861747742
68,target,3,-0.18339447677135468,0.18173322081565857,-0.7929186224937439
68,target,4,-0.15989522635936737,0.17628970742225647,-0.7765086889266968
68,target,5,-0.16764040291309357,0.18037237226963043,-0.7925122380256653
68,target,6,-0.16948743164539337,0.18743421137332916,-0.7912744879722595
68,target,7,-0.17464475333690643,0.20237590372562408,-0.7975173592567444
68,target,8,-0.171860471367836,0.19027049839496613,-0.7806466221809387
68,target,9,-0.16111145913600922,0.1883193403482437,-0.7993628978729248
68,target,10,-0.17190854251384735,0.18353749811649323,-0.7987582683563232
68,target,11,-0.18899129331111908,0.18809999525547028,-0.7987079620361328
68,target,12,-0.17574633657932281,0.17383059859275818,-0.783633828163147
68,target,13,-0.1688358634710312,0.15534085035324097,-0.7674285173416138
68,target,14,-0.15160878002643585,0.18670596182346344,-0.7972787618637085
68,target,15,-0.1970285326242447,0.18707770109176636,-0.7771169543266296
68,target,16,-0.18412144482135773,0.18703308701515198,-0.7827516794204712
68,target,17,-0.18896640837192535,0.20121541619300842,-0.7867906093597412
68,target,18,-0.18583734333515167,0.1956624537706375,-0.7833778858184814
68,target,19,-0.19094325602054596,0.20138171315193176,-0.7870436310768127
68,target,20,-0.18892119824886322,0.19845151901245117,-0.802503228187561
68,target,21,-0.16716821491718292,0.18274517357349396,-0.7896970510482788
68,target,22,-0.17173437774181366,0.21045222878456116,-0.8024590015411377
68,target,23,-0.17825405299663544,0.1933748871088028,-0.7955724000930786
68,target,24,-0.17268596589565277,0.2011651247739792,-0.7954588532447815
68,target,25,-0.18910332024097443,0.20091354846954346,-0.7811265587806702
68,target,26,-0.17872636020183563,0.18072262406349182,-0.7845620512962341
68,target,27,-0.16217868030071259,0.17675332725048065,-0.7585400342941284
68,target,28,-0.1413288116455078,0.16061577200889587,-0.7881124019622803
68,target,29,-0.1860245019197464,0.18034201860427856,-0.7945416569709778
68,target,30,-0.17752625048160553,0.1884981095790863,-0.7989477515220642
68,target,31,-0.1716345101594925,0.18221227824687958,-0.7925525903701782
68,target,32,-0.15908583998680115,0.17814183235168457,-0.8056977987289429
68,target,33,-0.17557309567928314,0.1873846799135208,-0.7862675189971924
68,target,34,-0.1615373194217682,0.1860705018043518,-0.7894420027732849
68,target,35,-0.15462301671504974,0.18086612224578857,-0.783330500125885
68,target,36,-0.17337296903133392,0.16799861192703247,-0.7516358494758606
68,target,37,-0.17731083929538727,0.17717282474040985,-0.7761539220809937
68,target,38,-0.1805434674024582,0.2110782116651535,-0.7909834980964661
68,target,39,-0.18205533921718597,0.19574794173240662,-0.7908649444580078
68,target,40,-0.18011806905269623,0.1925763338804245,-0.7979448437690735
68,target,41,-0.18407295644283295,0.1948910504579544,-0.795330286026001
68,target,42,-0.16613458096981049,0.18298664689064026,-0.7973465323448181
68,target,43,-0.18854273855686188,0.18004541099071503,-0.7977918982505798
68,target,44,-0.1906789094209671,0.18504737317562103,-0.7991217374801636
68,target,45,-0.2043038159608841,0.2020612210035324,-0.7951741218566895
68,target,46,-0.16870875656604767,0.18915873765945435,-0.7882093191146851
68,target,47,-0.1702437847852707,0.17268548905849457,-0.793441891670227
68,target,48,-0.19059447944164276,0.18367443978786469,-0.8014341592788696
68,target,49,-0.17592354118824005,0.18751560151576996,-0.7862541079521179
68,target,50,-0.1362040936946869,0.1699584573507309,-0.8049264550209045
68,target,51,-0.13471393287181854,0.1661248654127121,-0.7802448868751526
68,target,52,-0.1339835375547409,0.15489961206912994,-0.7957332730293274
68,target,53,-0.14594802260398865,0.15691593289375305,-0.7911694049835205
68,target,54,-0.13542009890079498,0.15259231626987457,-0.7881196737289429
68,target,55,-0.15629492700099945,0.17303767800331116,-0.7888185381889343
68,target,56,-0.13407105207443237,0.17950895428657532,-0.7901849746704102
68,target,57,-0.14906956255435944,0.18253538012504578,-0.7875486016273499
68,target,58,-0.1403663456439972,0.1729568988084793,-0.7828603982925415
68,target,59,-0.1414174735546112,0.1624622493982315,-0.7869434952735901
68,target,60,-0.16055621206760406,0.16865018010139465,-0.7929103970527649
68,target,61,-0.1666986495256424,0.16438889503479004,-0.7873486876487732
68,target,62,-0.15774697065353394,0.16151098906993866,-0.7822023034095764
68,target,63,-0.16159221529960632,0.1710931956768036,-0.7723021507263184
69,source,0,-0.07013849914073944,0.2500499486923218,-0.7609409093856812
69,source,1,-0.04471404850482941,0.19021251797676086,-0.8294104933738708
69,source,2,-0.09346151351928711,0.17107699811458588,-0.8113322257995605
69,source,3,-0.04950869083404541,0.19602003693580627,-0.8023706674575806
69,source,4,-0.05371902883052826,0.15436308085918427,-0.7675180435180664
69,source,5,-0.0412151962518692,0.0034268349409103394,-0.5925953388214111
69,source,6,-0.061563149094581604,0.060722142457962036,-0.7180429100990295
69,source,7,-0.055632367730140686,0.11092798411846161,-0.646816074848175
69,source,8,-0.09126937389373779,0.10679624229669571,-0.7006386518478394
69,source,9,-0.04357002675533295,0.20118340849876404,-0.6548253893852234
69,source,10,-0.030889280140399933,0.1705802083015442,-0.6181134581565857
69,source,11,-0.004326514899730682,0.13253840804100037,-0.6814783811569214
69,source,12,-0.040599524974823,0.19365020096302032,-0.6367172002792358
69,source,13,-0.07262605428695679,0.20689190924167633,-0.741158127784729
69,source,14,-0.021033480763435364,0.1717706173658371,-0.7452320456504822
69,source,15,-0.07089653611183167,0.18988442420959473,-0.7744332551956177
69,source,16,-0.0811397135257721,0.17383518815040588,-0.778466522693634
69,source,17,-0.05163654685020447,0.12499138712882996,-0.6883611083030701
69,source,18,-0.02419108897447586,0.09278980642557144,-0.7086796760559082
69,source,19,-0.031314507126808167,0.14165762066841125,-0.7443203330039978
69,source,20,-0.003533013164997101,0.09392966330051422,-0.7303631901741028
69,source,21,-0.08049489557743073,0.058835290372371674,-0.7430468201637268
69,source,22,-0.010320156812667847,0.12482304126024246,-0.6873105764389038
69,source,23,-0.029566489160060883,0.18131515383720398,-0.6948864459991455
69,source,24,-0.06697802245616913,0.13113456964492798,-0.746614933013916
69,source,25,-0.05444692075252533,0.17776042222976685,-0.8048776388168335
69,source,26,-0.030870653688907623,0.17779769003391266,-0.7830395698547363
69,source,27,-0.027114443480968475,0.1564139574766159,-0.8004044890403748
69,source,28,-0.10890007019042969,0.16628292202949524,-0.8351013660430908
69,source,29,-0.02554505318403244,0.19276191294193268,-0.7437383532524109
69,source,30,-0.11261875927448273,0.15946848690509796,-0.7964543104171753
69,source,31,-0.003242865204811096,0.09134878218173981,-0.7134566307067871
69,source,32,-0.008380912244319916,0.13221827149391174,-0.7418398261070251
69,source,33,-0.08314500749111176,0.17220550775527954,-0.7938492894172668
69,source,34,-0.10033316910266876,0.1922949254512787,-0.777753472328186
69,source,35,-0.08099275827407837,0.16989433765411377,-0.7973777651786804
69,source,36,-0.08130355179309845,0.15611796081066132,-0.7738619446754456
69,source,37,-0.10008090734481812,0.18098664283752441,-0.7798804044723511
69,source,38,-0.07396458089351654,0.1773412972688675,-0.7687381505966187
69,source,39,-0.08561372756958008,0.17671555280685425,-0.7791500091552734
69,source,40,-0.05397002398967743,0.1959986388683319,-0.7123515605926514
69,source,41,-0.054013386368751526,0.189210444688797,-0.680786669254303
69,source,42,-0.11946427822113037,0.17095723748207092,-0.745634138584137
69,source,43,-0.11329737305641174,0.1999216377735138,-0.7325567007064819
69,source,44,-0.13598069548606873,0.18187718093395233,-0.7573944926261902
69,source,45,-0.12632285058498383,0.17678415775299072,-0.7544776201248169
69,source,46,-0.18115396797657013,0.2754911184310913,-0.835326611995697
69,source,47,-0.07399262487888336,0.29292431473731995,-0.7644202709197998
69,source,48,-0.03727823495864868,0.3092804551124573,-0.749876081943512
69,source,49,-0.19587580859661102,0.294069766998291,-0.8424039483070374
69,source,50,-0.16128261387348175,0.23193012177944183,-0.7771060466766357
69,source,51,-0.033509716391563416,0.19378799200057983,-0.758492112159729
69,source,52,-0.05573256313800812,0.23449307680130005,-0.7652975916862488
69,source,53,-0.019531220197677612,0.21840515732765198,-0.7754150629043579
69,source,54,-0.005392216145992279,0.19225020706653595,-0.7513052225112915
69,source,55,-0.011782199144363403,0.23405271768569946,-0.7225453853607178
69,source,56,-0.026356704533100128,0.2648783326148987,-0.7380960583686829
69,source,57,-0.025159098207950592,0.2519192099571228,-0.7651199698448181
69,source,58,7.68899917602539e-05,0.22895589470863342,-0.7274795174598694
69,source,59,-0.027872316539287567,0.25135648250579834,-0.7706460356712341
69,source,60,-0.04517827928066254,0.25912609696388245,-0.7709628343582153
69,source,61,-0.07291662693023682,0.25079137086868286,-0.7700647711753845
69,source,62,-0.11727210879325867,0.23221248388290405,-0.7960910797119141
69,source,63,-0.06385792791843414,0.26040440797805786,-0.7793093323707581
69,target,0,-0.12902352213859558,0.17188075184822083,-0.8003082275390625
69,target,1,-0.13940101861953735,0.1681467741727829,-0.7756845951080322
69,target,2,-0.14538057148456573,0.1708618849515915,-0.8126028180122375
69,target,3,-0.15441696345806122,0.17047499120235443,-0.7970223426818848
69,target,4,-0.1327444165945053,0.16954727470874786,-0.7767404317855835
69,target,5,-0.14116355776786804,0.17835551500320435,-0.7966609001159668
69,target,6,-0.14342886209487915,0.18619412183761597,-0.7960301637649536
69,target,7,-0.1459946632385254,0.19693025946617126,-0.8006953001022339
69,target,8,-0.14305683970451355,0.1887185275554657,-0.7870776057243347
69,target,9,-0.1347527652978897,0.18228845298290253,-0.8041821718215942
69,target,10,-0.14865656197071075,0.17345170676708221,-0.8030266165733337
69,target,11,-0.16116885840892792,0.18151897192001343,-0.8050180673599243
69,target,12,-0.15146923065185547,0.16786035895347595,-0.789341390132904
69,target,13,-0.14929845929145813,0.14739981293678284,-0.7772207260131836
69,target,14,-0.1331975758075714,0.1671643704175949,-0.8031167984008789
69,target,15,-0.17759619653224945,0.1850540041923523,-0.7818820476531982
69,target,16,-0.16599978506565094,0.18061691522598267,-0.791088879108429
69,target,17,-0.17360471189022064,0.1911664605140686,-0.7920713424682617
69,target,18,-0.16257990896701813,0.18678449094295502,-0.7897326946258545
69,target,19,-0.16830949485301971,0.1893651783466339,-0.7892098426818848
69,target,20,-0.1641474962234497,0.19239673018455505,-0.8064299821853638
69,target,21,-0.14723622798919678,0.17612746357917786,-0.797200620174408
69,target,22,-0.15597376227378845,0.20546159148216248,-0.8074338436126709
69,target,23,-0.166421577334404,0.18800511956214905,-0.7946683168411255
69,target,24,-0.15179109573364258,0.19839119911193848,-0.8026346564292908
69,target,25,-0.17437924444675446,0.20094403624534607,-0.7922327518463135
69,target,26,-0.1601480096578598,0.17229562997817993,-0.786916971206665
69,target,27,-0.13732318580150604,0.1674496829509735,-0.7708176374435425
69,target,28,-0.11568859219551086,0.15442676842212677,-0.7889583706855774
69,target,29,-0.16001737117767334,0.17013707756996155,-0.7987635135650635
69,target,30,-0.14204618334770203,0.17443130910396576,-0.799554705619812
69,target,31,-0.14281430840492249,0.17431700229644775,-0.789325475692749
69,target,32,-0.13123676180839539,0.17013150453567505,-0.8030107021331787
69,target,33,-0.15125548839569092,0.18591754138469696,-0.7882722020149231
69,target,34,-0.14134831726551056,0.18353843688964844,-0.7929949164390564
69,target,35,-0.1316695213317871,0.17634768784046173,-0.7848210334777832
69,target,36,-0.1510460525751114,0.16851064562797546,-0.7607397437095642
69,target,37,-0.15975387394428253,0.1771150529384613,-0.7830783724784851
69,target,38,-0.16203103959560394,0.21009905636310577,-0.7988609075546265
69,target,39,-0.16186286509037018,0.1944957673549652,-0.7966099977493286
69,target,40,-0.15024816989898682,0.193873792886734,-0.7959800362586975
69,target,41,-0.15661640465259552,0.18721464276313782,-0.7940651178359985
69,target,42,-0.14689184725284576,0.17995518445968628,-0.7963754534721375
69,target,43,-0.16526629030704498,0.1740119308233261,-0.7957577705383301
69,target,44,-0.1735391765832901,0.1830511838197708,-0.8086245059967041
69,target,45,-0.184260293841362,0.1974579393863678,-0.8066262006759644
69,target,46,-0.1377279907464981,0.1813676804304123,-0.7963528633117676
69,target,47,-0.14468906819820404,0.1680145561695099,-0.7982765436172485
69,target,48,-0.16289591789245605,0.17862410843372345,-0.8080927133560181
69,target,49,-0.1481393426656723,0.18588003516197205,-0.7859554290771484
69,target,50,-0.1011202484369278,0.17092016339302063,-0.8049116134643555
69,target,51,-0.10807812213897705,0.1693335473537445,-0.7773646116256714
69,target,52,-0.10195609927177429,0.15241405367851257,-0.790831446647644
69,target,53,-0.11861248314380646,0.15575063228607178,-0.7811475992202759
69,target,54,-0.11415296792984009,0.15525707602500916,-0.7789986729621887
69,target,55,-0.13248510658740997,0.17628297209739685,-0.7854974269866943
69,target,56,-0.10706260800361633,0.1837286800146103,-0.7854418158531189
69,target,57,-0.12249830365180969,0.18355171382427216,-0.7903264760971069
69,target,58,-0.1188315600156784,0.17683926224708557,-0.7896466255187988
69,target,59,-0.11591878533363342,0.16432110965251923,-0.7861219048500061
69,target,60,-0.12995405495166779,0.1623823642730713,-0.7811753749847412
69,target,61,-0.13479430973529816,0.1656523048877716,-0.7773469686508179
69,target,62,-0.12048913538455963,0.1601347029209137,-0.7770370841026306
69,target,63,-0.1290738731622696,0.1715310662984848,-0.7664618492126465
70,source,0,-0.10311776399612427,0.260031133890152,-0.7536928653717041
70,source,1,-0.07387427985668182,0.20277872681617737,-0.8156865835189819
70,source,2,-0.12475886940956116,0.18823391199111938,-0.7999925017356873
70,source,3,-0.08599236607551575,0.20983996987342834,-0.7943146228790283
70,source,4,-0.09514714777469635,0.17920950055122375,-0.7647383213043213
70,source,5,-0.07857446372509003,0.023020729422569275,-0.591301679611206
70,source,6,-0.0939854234457016,0.07521583884954453,-0.7213046550750732
70,source,7,-0.08181917667388916,0.12541311979293823,-0.6452684998512268
70,source,8,-0.11565111577510834,0.12365999817848206,-0.6961003541946411
70,source,9,-0.07350020110607147,0.21016794443130493,-0.6637964248657227
70,source,10,-0.0567927211523056,0.18311190605163574,-0.6267155408859253
70,source,11,-0.037189781665802,0.1462475061416626,-0.6780149936676025
70,source,12,-0.060740575194358826,0.19884726405143738,-0.6357284188270569
70,source,13,-0.10342325270175934,0.22056026756763458,-0.7331815958023071
70,source,14,-0.059720784425735474,0.1862517148256302,-0.7428818941116333
70,source,15,-0.10515859723091125,0.20588061213493347,-0.7652732133865356
70,source,16,-0.11789098381996155,0.19306501746177673,-0.7708116769790649
70,source,17,-0.08255495131015778,0.14186275005340576,-0.6943038702011108
70,source,18,-0.051138147711753845,0.10017576068639755,-0.715136706829071
70,source,19,-0.05817440152168274,0.15430650115013123,-0.7355278134346008
70,source,20,-0.029101654887199402,0.10727143287658691,-0.7216870784759521
70,source,21,-0.09657219052314758,0.07668264210224152,-0.7375628352165222
70,source,22,-0.03857219219207764,0.13582685589790344,-0.6835933327674866
70,source,23,-0.059805288910865784,0.1943269520998001,-0.6925836205482483
70,source,24,-0.08955781161785126,0.13273949921131134,-0.7362780570983887
70,source,25,-0.0858464241027832,0.18974275887012482,-0.7981950044631958
70,source,26,-0.06297127902507782,0.18826574087142944,-0.7789661288261414
70,source,27,-0.05263051390647888,0.1708364188671112,-0.8033329844474792
70,source,28,-0.136653870344162,0.18537423014640808,-0.8316958546638489
70,source,29,-0.05852651596069336,0.19966360926628113,-0.7384037971496582
70,source,30,-0.1372823566198349,0.18672160804271698,-0.7918729782104492
70,source,31,-0.03428303450345993,0.10919550061225891,-0.7101990580558777
70,source,32,-0.041377052664756775,0.14753583073616028,-0.7486315965652466
70,source,33,-0.1283172369003296,0.19159150123596191,-0.7939786911010742
70,source,34,-0.13742107152938843,0.20769856870174408,-0.7828091382980347
70,source,35,-0.11878466606140137,0.1809774935245514,-0.7975922226905823
70,source,36,-0.11903171241283417,0.17438802123069763,-0.7751777768135071
70,source,37,-0.13379207253456116,0.19580313563346863,-0.7847741842269897
70,source,38,-0.09936518967151642,0.1919315606355667,-0.7722102999687195
70,source,39,-0.12000630795955658,0.19449344277381897,-0.7816054821014404
70,source,40,-0.07988126575946808,0.19652356207370758,-0.7079116702079773
70,source,41,-0.0833178460597992,0.18946196138858795,-0.6679334044456482
70,source,42,-0.14517007768154144,0.1872238665819168,-0.7484272718429565
70,source,43,-0.1390482485294342,0.21340443193912506,-0.7303164601325989
70,source,44,-0.16558094322681427,0.19370347261428833,-0.7558304667472839
70,source,45,-0.1498284488916397,0.19028891623020172,-0.7518760561943054
70,source,46,-0.20637895166873932,0.28487953543663025,-0.821693480014801
70,source,47,-0.10235384106636047,0.3007392883300781,-0.7555274367332458
70,source,48,-0.06483161449432373,0.31937795877456665,-0.7390105128288269
70,source,49,-0.21060414612293243,0.3007284998893738,-0.8284187912940979
70,source,50,-0.17571787536144257,0.24333417415618896,-0.767975389957428
70,source,51,-0.0661991685628891,0.2077346295118332,-0.746963381767273
70,source,52,-0.08499591052532196,0.24067635834217072,-0.7548043727874756
70,source,53,-0.05054892599582672,0.22895613312721252,-0.7663534879684448
70,source,54,-0.03590159863233566,0.20604828000068665,-0.7422105669975281
70,source,55,-0.04599273204803467,0.24672621488571167,-0.7222065925598145
70,source,56,-0.06242971122264862,0.27424806356430054,-0.7312713861465454
70,source,57,-0.05806508660316467,0.2587451934814453,-0.7618674635887146
70,source,58,-0.030748195946216583,0.2304934859275818,-0.7300312519073486
70,source,59,-0.058588817715644836,0.25675421953201294,-0.7664116621017456
70,source,60,-0.07151927053928375,0.26750651001930237,-0.7625815868377686
70,source,61,-0.10502579808235168,0.25747358798980713,-0.7621957063674927
70,source,62,-0.14202919602394104,0.24680563807487488,-0.7896329760551453
70,source,63,-0.09697559475898743,0.26862093806266785,-0.7737336754798889
70,target,0,-0.15133075416088104,0.18467092514038086,-0.7904500961303711
70,target,1,-0.16085581481456757,0.184169739484787,-0.7694903612136841
70,target,2,-0.1621815413236618,0.19143351912498474,-0.8083677291870117
70,target,3,-0.1743001788854599,0.181432843208313,-0.7949496507644653
70,target,4,-0.15483565628528595,0.1918848156929016,-0.7724127173423767
70,target,5,-0.16559351980686188,0.19133061170578003,-0.7903487086296082
70,target,6,-0.169618621468544,0.19883953034877777,-0.7894488573074341
70,target,7,-0.17049764096736908,0.2082318365573883,-0.7931230664253235
70,target,8,-0.16899226605892181,0.1955874115228653,-0.7802119851112366
70,target,9,-0.15470919013023376,0.19608157873153687,-0.803395688533783
70,target,10,-0.16906656324863434,0.19290022552013397,-0.7936171293258667
70,target,11,-0.18095068633556366,0.19283494353294373,-0.799411952495575
70,target,12,-0.17557181417942047,0.1820288896560669,-0.7811051607131958
70,target,13,-0.16276513040065765,0.15669354796409607,-0.7744611501693726
70,target,14,-0.14589932560920715,0.17934371531009674,-0.7906779050827026
70,target,15,-0.20098520815372467,0.19656257331371307,-0.7711241245269775
70,target,16,-0.1848604828119278,0.1932888627052307,-0.776662290096283
70,target,17,-0.185958132147789,0.20233701169490814,-0.7801344990730286
70,target,18,-0.17967616021633148,0.195901557803154,-0.7794866561889648
70,target,19,-0.18861441314220428,0.20160698890686035,-0.7805204391479492
70,target,20,-0.18140338361263275,0.20220160484313965,-0.8026347160339355
70,target,21,-0.16213122010231018,0.19646963477134705,-0.7893966436386108
70,target,22,-0.1711791604757309,0.21386456489562988,-0.7995651960372925
70,target,23,-0.17577888071537018,0.19981640577316284,-0.7890835404396057
70,target,24,-0.17070530354976654,0.2094339281320572,-0.7908121347427368
70,target,25,-0.19263924658298492,0.2102891504764557,-0.7839718461036682
70,target,26,-0.17713452875614166,0.18639394640922546,-0.7764937281608582
70,target,27,-0.15997779369354248,0.17821188271045685,-0.7583135962486267
70,target,28,-0.1340767741203308,0.17516851425170898,-0.7781609296798706
70,target,29,-0.1821495145559311,0.18650589883327484,-0.7943291664123535
70,target,30,-0.16362044215202332,0.18243052065372467,-0.7965793609619141
70,target,31,-0.16441002488136292,0.18688039481639862,-0.7879583239555359
70,target,32,-0.15541653335094452,0.1867426037788391,-0.7969255447387695
70,target,33,-0.17462246119976044,0.1967339813709259,-0.788617730140686
70,target,34,-0.15834371745586395,0.18887746334075928,-0.7913707494735718
70,target,35,-0.15224918723106384,0.18419967591762543,-0.7764204144477844
70,target,36,-0.16577981412410736,0.176788330078125,-0.7494312524795532
70,target,37,-0.18034984171390533,0.18791300058364868,-0.7732897996902466
70,target,38,-0.17919181287288666,0.21679140627384186,-0.7903201580047607
70,target,39,-0.17563681304454803,0.20562797784805298,-0.7859634160995483
70,target,40,-0.17974402010440826,0.20362789928913116,-0.7956936955451965
70,target,41,-0.17892895638942719,0.19373255968093872,-0.7916200160980225
70,target,42,-0.17036111652851105,0.18596452474594116,-0.7943299412727356
70,target,43,-0.18974237143993378,0.18321345746517181,-0.795782208442688
70,target,44,-0.18069405853748322,0.19351203739643097,-0.8065874576568604
70,target,45,-0.20094747841358185,0.20850300788879395,-0.7996168732643127
70,target,46,-0.15661665797233582,0.19249984622001648,-0.7872178554534912
70,target,47,-0.16533754765987396,0.18283554911613464,-0.7940244078636169
70,target,48,-0.18125130236148834,0.19073212146759033,-0.8044288158416748
70,target,49,-0.17148254811763763,0.1998315006494522,-0.7800543904304504
70,target,50,-0.13198362290859222,0.17868676781654358,-0.7917861938476562
70,target,51,-0.13327203691005707,0.17611627280712128,-0.7716321349143982
70,target,52,-0.13329483568668365,0.16280077397823334,-0.7867615222930908
70,target,53,-0.1484340876340866,0.16266661882400513,-0.7791853547096252
70,target,54,-0.14663609862327576,0.17133305966854095,-0.7812575101852417
70,target,55,-0.16227899491786957,0.1855078488588333,-0.7887573838233948
70,target,56,-0.13978664577007294,0.1920427531003952,-0.7872022390365601
70,target,57,-0.15250681340694427,0.1929299384355545,-0.7937971353530884
70,target,58,-0.14157633483409882,0.18359777331352234,-0.7888328433036804
70,target,59,-0.14796654880046844,0.17319808900356293,-0.7921320199966431
70,target,60,-0.15882138907909393,0.18093866109848022,-0.7852257490158081
70,target,61,-0.16915403306484222,0.17666229605674744,-0.7847331762313843
70,target,62,-0.15010008215904236,0.1736103743314743,-0.7796832323074341
70,target,63,-0.14307564496994019,0.17642740905284882,-0.7659015655517578
71,source,0,-0.09369663894176483,0.2460576593875885,-0.7641589045524597
71,source,1,-0.06512662768363953,0.1844787895679474,-0.8234670162200928
71,source,2,-0.11818377673625946,0.17235250771045685,-0.8177988529205322
71,source,3,-0.0696394145488739,0.19895198941230774,-0.803932785987854
71,source,4,-0.08736084401607513,0.16865243017673492,-0.7806528806686401
71,source,5,-0.06031760573387146,0.00041219592094421387,-0.5867112874984741
71,source,6,-0.08336018025875092,0.053404346108436584,-0.72868412733078
71,source,7,-0.07025814056396484,0.10391142964363098,-0.6591935157775879
71,source,8,-0.10350927710533142,0.10407637059688568,-0.7183027267456055
71,source,9,-0.05817103385925293,0.19537585973739624,-0.6778687834739685
71,source,10,-0.04105629026889801,0.17241179943084717,-0.6441378593444824
71,source,11,-0.021679915487766266,0.13146445155143738,-0.6846409440040588
71,source,12,-0.05017466843128204,0.19188529253005981,-0.6514214277267456
71,source,13,-0.09492221474647522,0.2096175253391266,-0.7437543869018555
71,source,14,-0.045538678765296936,0.1695975661277771,-0.7552189826965332
71,source,15,-0.08936503529548645,0.19048865139484406,-0.7790858745574951
71,source,16,-0.10218170285224915,0.17525650560855865,-0.7863252758979797
71,source,17,-0.07061620056629181,0.12217848002910614,-0.7112927436828613
71,source,18,-0.03408748656511307,0.08366874605417252,-0.7170433402061462
71,source,19,-0.05709318816661835,0.1397397220134735,-0.7452915906906128
71,source,20,-0.020773619413375854,0.09434963762760162,-0.7335177063941956
71,source,21,-0.08223061263561249,0.06276693195104599,-0.767574667930603
71,source,22,-0.029568009078502655,0.12350579351186752,-0.6933582425117493
71,source,23,-0.05062681436538696,0.1780330240726471,-0.7096945643424988
71,source,24,-0.07583056390285492,0.11378689110279083,-0.7543697953224182
71,source,25,-0.07349404692649841,0.1765379160642624,-0.8105531334877014
71,source,26,-0.04736305773258209,0.18076014518737793,-0.7867555618286133
71,source,27,-0.042698636651039124,0.16631008684635162,-0.8124181628227234
71,source,28,-0.12148335576057434,0.17213040590286255,-0.8428308963775635
71,source,29,-0.04823313653469086,0.18714451789855957,-0.7442103028297424
71,source,30,-0.12744706869125366,0.17366918921470642,-0.7962760329246521
71,source,31,-0.02022722363471985,0.09713221341371536,-0.7185595631599426
71,source,32,-0.022738873958587646,0.13004730641841888,-0.7444221377372742
71,source,33,-0.11776325106620789,0.17632976174354553,-0.8080086708068848
71,source,34,-0.1345020979642868,0.19782578945159912,-0.7945328950881958
71,source,35,-0.10725033283233643,0.16253255307674408,-0.8053053617477417
71,source,36,-0.1101725846529007,0.15340924263000488,-0.7996307015419006
71,source,37,-0.12864349782466888,0.18120098114013672,-0.7946946024894714
71,source,38,-0.10266856849193573,0.17666947841644287,-0.7847045063972473
71,source,39,-0.12162116169929504,0.1768895536661148,-0.8017798066139221
71,source,40,-0.06879964470863342,0.1832064390182495,-0.719527006149292
71,source,41,-0.065253347158432,0.17604008316993713,-0.6839872598648071
71,source,42,-0.13003329932689667,0.17675235867500305,-0.7656388878822327
71,source,43,-0.12416411936283112,0.20304915308952332,-0.7463194131851196
71,source,44,-0.1453692466020584,0.18596522510051727,-0.769714891910553
71,source,45,-0.13205240666866302,0.18061929941177368,-0.7598693370819092
71,source,46,-0.17691181600093842,0.27755194902420044,-0.8251422047615051
71,source,47,-0.0834391713142395,0.2920716404914856,-0.7618927955627441
71,source,48,-0.0477515310049057,0.3033859133720398,-0.7474050521850586
71,source,49,-0.18966196477413177,0.293656587600708,-0.8315746784210205
71,source,50,-0.15251421928405762,0.22693265974521637,-0.7807860374450684
71,source,51,-0.056446656584739685,0.19581153988838196,-0.763478696346283
71,source,52,-0.07662941515445709,0.23082154989242554,-0.7639161944389343
71,source,53,-0.03993302583694458,0.21346326172351837,-0.771451473236084
71,source,54,-0.033896490931510925,0.19621630012989044,-0.7576231956481934
71,source,55,-0.03497402369976044,0.2339252531528473,-0.7308917045593262
71,source,56,-0.04376739263534546,0.26492229104042053,-0.7368197441101074
71,source,57,-0.04503394663333893,0.24782860279083252,-0.7636168599128723
71,source,58,-0.01754455268383026,0.22367089986801147,-0.7342973351478577
71,source,59,-0.04278750717639923,0.24674201011657715,-0.7733908295631409
71,source,60,-0.05333474278450012,0.25859805941581726,-0.7735438346862793
71,source,61,-0.09057585895061493,0.25099116563796997,-0.7689604759216309
71,source,62,-0.1302189975976944,0.24118968844413757,-0.8081214427947998
71,source,63,-0.08098204433917999,0.25780606269836426,-0.7801467776298523
71,target,0,-0.13314755260944366,0.17203138768672943,-0.7979055643081665
71,target,1,-0.14963455498218536,0.17269638180732727,-0.7832301259040833
71,target,2,-0.14895455539226532,0.17878994345664978,-0.8191184997558594
71,target,3,-0.1631077229976654,0.18002745509147644,-0.8052307963371277
71,target,4,-0.14541886746883392,0.1700395792722702,-0.7800627946853638
71,target,5,-0.14879854023456573,0.17314513027668,-0.8015925884246826
71,target,6,-0.15093407034873962,0.18392160534858704,-0.804189920425415
71,target,7,-0.15241701900959015,0.19425475597381592,-0.8048407435417175
71,target,8,-0.1551259309053421,0.18356813490390778,-0.789402961730957
71,target,9,-0.14048649370670319,0.18284301459789276,-0.8116897344589233
71,target,10,-0.14934085309505463,0.17847061157226562,-0.8041197657585144
71,target,11,-0.16067937016487122,0.1806585192680359,-0.812309741973877
71,target,12,-0.15737725794315338,0.1704670786857605,-0.800769567489624
71,target,13,-0.15094369649887085,0.15875448286533356,-0.7940876483917236
71,target,14,-0.13215187191963196,0.1699395328760147,-0.8042371273040771
71,target,15,-0.1859143227338791,0.1809464395046234,-0.7820253968238831
71,target,16,-0.17258290946483612,0.18381483852863312,-0.7949562072753906
71,target,17,-0.17074279487133026,0.19184289872646332,-0.7943494319915771
71,target,18,-0.16738851368427277,0.18331164121627808,-0.79481041431427
71,target,19,-0.17874474823474884,0.1903834044933319,-0.7971388101577759
71,target,20,-0.16654177010059357,0.20061004161834717,-0.8133770823478699
71,target,21,-0.15354475378990173,0.18695765733718872,-0.7920878529548645
71,target,22,-0.15708771347999573,0.20441536605358124,-0.8081676959991455
71,target,23,-0.16458600759506226,0.19224703311920166,-0.8000190854072571
71,target,24,-0.16116903722286224,0.1986398696899414,-0.8029419183731079
71,target,25,-0.17743895947933197,0.19230389595031738,-0.7926406860351562
71,target,26,-0.16590653359889984,0.1719227284193039,-0.785444974899292
71,target,27,-0.14951226115226746,0.16672535240650177,-0.7728983759880066
71,target,28,-0.12456467747688293,0.15424390137195587,-0.7880735993385315
71,target,29,-0.15579204261302948,0.17210060358047485,-0.8101968169212341
71,target,30,-0.1514207124710083,0.17620007693767548,-0.8077999949455261
71,target,31,-0.1512567698955536,0.1806642711162567,-0.7966306209564209
71,target,32,-0.13904009759426117,0.1724974364042282,-0.8052228689193726
71,target,33,-0.15629923343658447,0.1837843954563141,-0.7980663776397705
71,target,34,-0.14264442026615143,0.17671288549900055,-0.8010197877883911
71,target,35,-0.1426815688610077,0.17075225710868835,-0.7902673482894897
71,target,36,-0.15980800986289978,0.17053115367889404,-0.7621363401412964
71,target,37,-0.167244091629982,0.17738941311836243,-0.7860087752342224
71,target,38,-0.1685776263475418,0.2024116814136505,-0.8013277649879456
71,target,39,-0.16089242696762085,0.19272083044052124,-0.7978644967079163
71,target,40,-0.15990887582302094,0.18782475590705872,-0.7985280752182007
71,target,41,-0.164815291762352,0.18599161505699158,-0.79972243309021
71,target,42,-0.15367601811885834,0.17259173095226288,-0.8017467856407166
71,target,43,-0.17992819845676422,0.17183496057987213,-0.8015322685241699
71,target,44,-0.17038433253765106,0.1946980357170105,-0.8078557848930359
71,target,45,-0.18551616370677948,0.20622244477272034,-0.8068624138832092
71,target,46,-0.14596204459667206,0.18307259678840637,-0.8015314340591431
71,target,47,-0.15001367032527924,0.1713467687368393,-0.8050565123558044
71,target,48,-0.17197711765766144,0.189926877617836,-0.8161318898200989
71,target,49,-0.15373098850250244,0.1831773817539215,-0.7875474691390991
71,target,50,-0.12387749552726746,0.1637943834066391,-0.796820342540741
71,target,51,-0.1306939274072647,0.16256959736347198,-0.7787203788757324
71,target,52,-0.125893235206604,0.1470276415348053,-0.7946438789367676
71,target,53,-0.14539630711078644,0.1585879772901535,-0.7854261994361877
71,target,54,-0.1393025666475296,0.14998188614845276,-0.7814545631408691
71,target,55,-0.1550298035144806,0.17004764080047607,-0.7900699377059937
71,target,56,-0.12396779656410217,0.1749953329563141,-0.7886735200881958
71,target,57,-0.14610591530799866,0.1793862134218216,-0.7912817001342773
71,target,58,-0.1357513666152954,0.16879694163799286,-0.7922123670578003
71,target,59,-0.14137017726898193,0.1616666167974472,-0.7952932119369507
71,target,60,-0.1549217253923416,0.1652112454175949,-0.7915752530097961
71,target,61,-0.16385029256343842,0.16701532900333405,-0.7914459705352783
71,target,62,-0.1465882807970047,0.15872246026992798,-0.7835080027580261
71,target,63,-0.14555196464061737,0.1699865758419037,-0.7768932580947876
72,source,0,-0.0730116218328476,0.23251444101333618,-0.7681974172592163
72,source,1,-0.049470454454422,0.1750708967447281,-0.8215635418891907
72,source,2,-0.09328611195087433,0.15602514147758484,-0.8112431764602661
72,source,3,-0.04429951310157776,0.1809806227684021,-0.7975296378135681
72,source,4,-0.06210039556026459,0.1511702835559845,-0.7756643891334534
72,source,5,-0.029684633016586304,0.01624014973640442,-0.6116316914558411
72,source,6,-0.0533263236284256,0.04198189079761505,-0.7184727191925049
72,source,7,-0.05152902007102966,0.09466910362243652,-0.6519010066986084
72,source,8,-0.08668464422225952,0.09349940717220306,-0.707798957824707
72,source,9,-0.03033454716205597,0.18506446480751038,-0.6696919202804565
72,source,10,-0.022662818431854248,0.16085968911647797,-0.6245740652084351
72,source,11,0.0017944276332855225,0.11840677261352539,-0.6651495099067688
72,source,12,-0.0302993506193161,0.18010610342025757,-0.6368443369865417
72,source,13,-0.06890101730823517,0.20422230660915375,-0.7448459267616272
72,source,14,-0.025465384125709534,0.16558435559272766,-0.7522368431091309
72,source,15,-0.062232211232185364,0.1808508336544037,-0.7774465680122375
72,source,16,-0.07433876395225525,0.16402024030685425,-0.7802671194076538
72,source,17,-0.05413225293159485,0.10870692133903503,-0.6868761777877808
72,source,18,-0.009945139288902283,0.0738278329372406,-0.7153832912445068
72,source,19,-0.039047837257385254,0.13250583410263062,-0.7432097792625427
72,source,20,0.003013208508491516,0.08535349369049072,-0.7287021279335022
72,source,21,-0.06803064048290253,0.04506196081638336,-0.7423449754714966
72,source,22,-0.0032695308327674866,0.12218637764453888,-0.6874219179153442
72,source,23,-0.02351369708776474,0.17292557656764984,-0.7054104208946228
72,source,24,-0.0666026771068573,0.11354948580265045,-0.7433972358703613
72,source,25,-0.052624836564064026,0.1633482575416565,-0.807523250579834
72,source,26,-0.024642735719680786,0.16293750703334808,-0.7788329124450684
72,source,27,-0.015698611736297607,0.15454530715942383,-0.8000513315200806
72,source,28,-0.10653270781040192,0.15361228585243225,-0.8329215049743652
72,source,29,-0.032743364572525024,0.18099863827228546,-0.740337610244751
72,source,30,-0.10983903706073761,0.15951143205165863,-0.7828854322433472
72,source,31,-0.008424043655395508,0.09658505767583847,-0.7191160917282104
72,source,32,-0.0038546547293663025,0.12404179573059082,-0.7383043766021729
72,source,33,-0.0959942489862442,0.1545293927192688,-0.7986194491386414
72,source,34,-0.10949355363845825,0.18026615679264069,-0.7904291152954102
72,source,35,-0.09221918880939484,0.14675411581993103,-0.7931084632873535
72,source,36,-0.09188120067119598,0.13858573138713837,-0.7858213782310486
72,source,37,-0.10521358251571655,0.16271066665649414,-0.7840675711631775
72,source,38,-0.07624433934688568,0.15778125822544098,-0.7753394842147827
72,source,39,-0.09504115581512451,0.1562865674495697,-0.7941673994064331
72,source,40,-0.05012722313404083,0.1758558303117752,-0.7201457619667053
72,source,41,-0.045304879546165466,0.17579415440559387,-0.6814433932304382
72,source,42,-0.11029112339019775,0.16124244034290314,-0.7553653717041016
72,source,43,-0.10958145558834076,0.18501663208007812,-0.7382553815841675
72,source,44,-0.12463919818401337,0.16395527124404907,-0.7521691918373108
72,source,45,-0.11899003386497498,0.16310067474842072,-0.7522367835044861
72,source,46,-0.17552880942821503,0.26096025109291077,-0.8326590061187744
72,source,47,-0.07035233080387115,0.28599220514297485,-0.757496178150177
72,source,48,-0.03629603236913681,0.3021983504295349,-0.7440713047981262
72,source,49,-0.1839418262243271,0.27973672747612,-0.833687424659729
72,source,50,-0.15225659310817719,0.22747594118118286,-0.7735698819160461
72,source,51,-0.03715609759092331,0.18088272213935852,-0.7570571899414062
72,source,52,-0.058445483446121216,0.21793204545974731,-0.7613133192062378
72,source,53,-0.0235733762383461,0.20213842391967773,-0.7686364054679871
72,source,54,-0.012606680393218994,0.1815258413553238,-0.7556778192520142
72,source,55,-0.013821452856063843,0.23028717935085297,-0.7295573949813843
72,source,56,-0.022207431495189667,0.26140153408050537,-0.7305368185043335
72,source,57,-0.026103146374225616,0.24280115962028503,-0.7557132840156555
72,source,58,0.006492093205451965,0.22431708872318268,-0.7239806652069092
72,source,59,-0.0266941636800766,0.2356848418712616,-0.7665757536888123
72,source,60,-0.041242748498916626,0.24949583411216736,-0.7655189037322998
72,source,61,-0.07487624883651733,0.24227122962474823,-0.7647511959075928
72,source,62,-0.11745530366897583,0.2257501184940338,-0.7986547350883484
72,source,63,-0.06418822705745697,0.2482185661792755,-0.7742153406143188
72,target,0,-0.11579760909080505,0.15910571813583374,-0.7916683554649353
72,target,1,-0.13485707342624664,0.15654446184635162,-0.7732473611831665
72,target,2,-0.13887585699558258,0.1685779094696045,-0.80806565284729
72,target,3,-0.14700859785079956,0.1672750860452652,-0.796940267086029
72,target,4,-0.12636178731918335,0.1613485962152481,-0.7743344902992249
72,target,5,-0.14038722217082977,0.16642341017723083,-0.7948479652404785
72,target,6,-0.14096863567829132,0.1751781553030014,-0.7937659621238708
72,target,7,-0.1437574177980423,0.18986374139785767,-0.7967217564582825
72,target,8,-0.14156199991703033,0.17408540844917297,-0.7818026542663574
72,target,9,-0.12929707765579224,0.17388617992401123,-0.8020283579826355
72,target,10,-0.1276327520608902,0.16819089651107788,-0.7946894764900208
72,target,11,-0.15223552286624908,0.16812171041965485,-0.8055984973907471
72,target,12,-0.14977054297924042,0.15893660485744476,-0.788486659526825
72,target,13,-0.13737379014492035,0.14432856440544128,-0.7759010195732117
72,target,14,-0.12160870432853699,0.1649870127439499,-0.798851490020752
72,target,15,-0.16708485782146454,0.1718520224094391,-0.7828388214111328
72,target,16,-0.15512807667255402,0.16809257864952087,-0.7885238528251648
72,target,17,-0.15157867968082428,0.17771323025226593,-0.7890976071357727
72,target,18,-0.15177156031131744,0.17364731431007385,-0.7880023717880249
72,target,19,-0.15727920830249786,0.17258292436599731,-0.7848078608512878
72,target,20,-0.1513989269733429,0.18175914883613586,-0.8036447763442993
72,target,21,-0.13205786049365997,0.17478010058403015,-0.7900444269180298
72,target,22,-0.14734306931495667,0.1961866319179535,-0.8033859133720398
72,target,23,-0.15413953363895416,0.18271656334400177,-0.7962584495544434
72,target,24,-0.1413242071866989,0.1853882372379303,-0.7993602752685547
72,target,25,-0.16041649878025055,0.18241235613822937,-0.7905732989311218
72,target,26,-0.15184292197227478,0.1630050241947174,-0.7815508842468262
72,target,27,-0.12991958856582642,0.15396209061145782,-0.7572139501571655
72,target,28,-0.10805536806583405,0.14769530296325684,-0.7840131521224976
72,target,29,-0.1438908874988556,0.1570555567741394,-0.7960266470909119
72,target,30,-0.13583631813526154,0.16468417644500732,-0.8033208250999451
72,target,31,-0.1359042376279831,0.16734082996845245,-0.7916996479034424
72,target,32,-0.12354281544685364,0.16632862389087677,-0.8025034666061401
72,target,33,-0.14558321237564087,0.1717146635055542,-0.7877991199493408
72,target,34,-0.13081373274326324,0.16856974363327026,-0.7988345623016357
72,target,35,-0.13099855184555054,0.16062510013580322,-0.7852863073348999
72,target,36,-0.14575277268886566,0.1599317193031311,-0.7539931535720825
72,target,37,-0.1476549208164215,0.16816525161266327,-0.7781372666358948
72,target,38,-0.1519809067249298,0.18837463855743408,-0.7957444190979004
72,target,39,-0.15126223862171173,0.1854400336742401,-0.7912210822105408
72,target,40,-0.14395156502723694,0.18159452080726624,-0.7889208793640137
72,target,41,-0.15082046389579773,0.1798688769340515,-0.7885316014289856
72,target,42,-0.13629330694675446,0.17296501994132996,-0.7947613596916199
72,target,43,-0.15918119251728058,0.16642482578754425,-0.7943776249885559
72,target,44,-0.14891639351844788,0.17745450139045715,-0.802208662033081
72,target,45,-0.1626536250114441,0.18834896385669708,-0.8012669682502747
72,target,46,-0.13229191303253174,0.16698309779167175,-0.7951362133026123
72,target,47,-0.13395437598228455,0.1596352905035019,-0.7988911867141724
72,target,48,-0.15214112401008606,0.17543832957744598,-0.8095504641532898
72,target,49,-0.13997504115104675,0.1732712835073471,-0.7867221832275391
72,target,50,-0.09812776744365692,0.15467438101768494,-0.8032044172286987
72,target,51,-0.10507209599018097,0.1491241753101349,-0.7778383493423462
72,target,52,-0.10656340420246124,0.1377984881401062,-0.7937805652618408
72,target,53,-0.12735553085803986,0.14595408737659454,-0.7851412296295166
72,target,54,-0.11565530300140381,0.14091993868350983,-0.7823785543441772
72,target,55,-0.13824626803398132,0.16268998384475708,-0.7840337753295898
72,target,56,-0.10926871001720428,0.16760092973709106,-0.7834094166755676
72,target,57,-0.1246439516544342,0.17044813930988312,-0.7862480878829956
72,target,58,-0.12261034548282623,0.16184790432453156,-0.7864848971366882
72,target,59,-0.12252244353294373,0.15282504260540009,-0.7866177558898926
72,target,60,-0.12362568080425262,0.15004204213619232,-0.7858730554580688
72,target,61,-0.13873137533664703,0.1508910357952118,-0.7895230054855347
72,target,62,-0.12598027288913727,0.1462152600288391,-0.784769594669342
72,target,63,-0.12526114284992218,0.16003289818763733,-0.778435468673706
73,source,0,-0.07702918350696564,0.24006351828575134,-0.765997052192688
73,source,1,-0.05456967651844025,0.18311570584774017,-0.8217827081680298
73,source,2,-0.09132063388824463,0.1661887764930725,-0.8125872015953064
73,source,3,-0.04895201325416565,0.19681468605995178,-0.8005950450897217
73,source,4,-0.055153876543045044,0.16171377897262573,-0.775188684463501
73,source,5,-0.023252978920936584,-0.002589285373687744,-0.5653512477874756
73,source,6,-0.05030345916748047,0.041897282004356384,-0.705231249332428
73,source,7,-0.05352321267127991,0.10206436365842819,-0.639205813407898
73,source,8,-0.09016935527324677,0.10137630999088287,-0.6952816843986511
73,source,9,-0.037450604140758514,0.19759458303451538,-0.6696388721466064
73,source,10,-0.0328294038772583,0.16798758506774902,-0.6249122023582458
73,source,11,-0.0002377927303314209,0.12658050656318665,-0.6737635135650635
73,source,12,-0.03763171285390854,0.19005422294139862,-0.646087110042572
73,source,13,-0.0718161016702652,0.2064441591501236,-0.7427592277526855
73,source,14,-0.027683362364768982,0.1735702008008957,-0.7453813552856445
73,source,15,-0.06076885759830475,0.18321749567985535,-0.7731807231903076
73,source,16,-0.07505454123020172,0.16763383150100708,-0.7804095149040222
73,source,17,-0.053718432784080505,0.11944884061813354,-0.6903152465820312
73,source,18,-0.009630091488361359,0.06870417296886444,-0.6930050253868103
73,source,19,-0.04402811825275421,0.13759037852287292,-0.7411810159683228
73,source,20,0.0038170665502548218,0.08667821437120438,-0.7198181748390198
73,source,21,-0.0587138831615448,0.050588808953762054,-0.7359952926635742
73,source,22,-0.006548561155796051,0.12373178452253342,-0.6774607300758362
73,source,23,-0.031253501772880554,0.1825506091117859,-0.7082266211509705
73,source,24,-0.06118550896644592,0.11496958881616592,-0.7272168397903442
73,source,25,-0.05521447956562042,0.1802787184715271,-0.8028964996337891
73,source,26,-0.02040938287973404,0.17967112362384796,-0.7799856662750244
73,source,27,-0.021466098725795746,0.1623300015926361,-0.8025071024894714
73,source,28,-0.0978974997997284,0.16678419709205627,-0.8243719339370728
73,source,29,-0.030091367661952972,0.19381073117256165,-0.7433711290359497
73,source,30,-0.10489952564239502,0.17497192323207855,-0.7901452779769897
73,source,31,-0.002585858106613159,0.09759111702442169,-0.7136462330818176
73,source,32,-0.005624063313007355,0.12918750941753387,-0.7436327338218689
73,source,33,-0.09090970456600189,0.1714431643486023,-0.8024810552597046
73,source,34,-0.111203134059906,0.19457770884037018,-0.7867112159729004
73,source,35,-0.09535625576972961,0.1644137054681778,-0.7994993925094604
73,source,36,-0.08869136869907379,0.15149569511413574,-0.7861729264259338
73,source,37,-0.10700835287570953,0.1784486025571823,-0.7849736213684082
73,source,38,-0.0791795402765274,0.1756395548582077,-0.7741978168487549
73,source,39,-0.09322136640548706,0.17196795344352722,-0.7905092835426331
73,source,40,-0.053243622183799744,0.18258018791675568,-0.7147268056869507
73,source,41,-0.05352772772312164,0.17563197016716003,-0.6764293909072876
73,source,42,-0.11831216514110565,0.1828242391347885,-0.7607740759849548
73,source,43,-0.12108443677425385,0.2053903192281723,-0.739843487739563
73,source,44,-0.1401977837085724,0.18838909268379211,-0.7596251964569092
73,source,45,-0.1292073279619217,0.1801484376192093,-0.7575249671936035
73,source,46,-0.18261875212192535,0.2681376338005066,-0.8296531438827515
73,source,47,-0.07414720952510834,0.2912530303001404,-0.7622905969619751
73,source,48,-0.04255121946334839,0.3028113842010498,-0.748345136642456
73,source,49,-0.19029037654399872,0.28384101390838623,-0.8290363550186157
73,source,50,-0.1521763652563095,0.2328420877456665,-0.77082759141922
73,source,51,-0.04091581702232361,0.19701653718948364,-0.7606639266014099
73,source,52,-0.05570153892040253,0.23897427320480347,-0.7652581334114075
73,source,53,-0.026378989219665527,0.21505534648895264,-0.7715845108032227
73,source,54,-0.011477388441562653,0.1919398009777069,-0.7583169937133789
73,source,55,-0.019672416150569916,0.23561367392539978,-0.7293013334274292
73,source,56,-0.024831034243106842,0.2683566212654114,-0.7346329689025879
73,source,57,-0.030709512531757355,0.2542474865913391,-0.756110668182373
73,source,58,0.0014177188277244568,0.2304552048444748,-0.7233166694641113
73,source,59,-0.023979805409908295,0.25379788875579834,-0.7658635973930359
73,source,60,-0.045025989413261414,0.2596900463104248,-0.7723400592803955
73,source,61,-0.07283839583396912,0.25659194588661194,-0.772624135017395
73,source,62,-0.11532735824584961,0.24596184492111206,-0.8032340407371521
73,source,63,-0.06484605371952057,0.26027774810791016,-0.7765248417854309
73,target,0,-0.12066373229026794,0.17334453761577606,-0.7967352867126465
73,target,1,-0.13900542259216309,0.1736563742160797,-0.7856404185295105
73,target,2,-0.13712434470653534,0.18265408277511597,-0.8125070333480835
73,target,3,-0.15011407434940338,0.17815564572811127,-0.8007990121841431
73,target,4,-0.1314714103937149,0.1731511950492859,-0.7722752094268799
73,target,5,-0.14441479742527008,0.18076780438423157,-0.7941516637802124
73,target,6,-0.14077991247177124,0.18732580542564392,-0.7955923080444336
73,target,7,-0.14300042390823364,0.1998721957206726,-0.798152506351471
73,target,8,-0.1421126276254654,0.187808558344841,-0.7864292860031128
73,target,9,-0.12734514474868774,0.18648584187030792,-0.8028674125671387
73,target,10,-0.1353609710931778,0.1830315738916397,-0.8015756607055664
73,target,11,-0.15237835049629211,0.18429024517536163,-0.8077897429466248
73,target,12,-0.14566728472709656,0.171699658036232,-0.7920447587966919
73,target,13,-0.1393505483865738,0.1623704880475998,-0.7877155542373657
73,target,14,-0.12306724488735199,0.18087594211101532,-0.8023523092269897
73,target,15,-0.17457439005374908,0.18707461655139923,-0.781078577041626
73,target,16,-0.15634316205978394,0.18323493003845215,-0.7922447919845581
73,target,17,-0.15467160940170288,0.19453847408294678,-0.7954134941101074
73,target,18,-0.15249629318714142,0.1855054795742035,-0.7930850982666016
73,target,19,-0.16518227756023407,0.18922974169254303,-0.7920399904251099
73,target,20,-0.1518731415271759,0.199908047914505,-0.8009025454521179
73,target,21,-0.13388831913471222,0.18497388064861298,-0.7845573425292969
73,target,22,-0.1450498253107071,0.21416909992694855,-0.800540566444397
73,target,23,-0.157568097114563,0.19690454006195068,-0.7894613146781921
73,target,24,-0.14726389944553375,0.20052625238895416,-0.7983375787734985
73,target,25,-0.1621069461107254,0.19708400964736938,-0.7904078364372253
73,target,26,-0.15045806765556335,0.17792579531669617,-0.7829140424728394
73,target,27,-0.13347910344600677,0.16850320994853973,-0.7648875117301941
73,target,28,-0.11037033796310425,0.16067247092723846,-0.7831194996833801
73,target,29,-0.14857390522956848,0.17661269009113312,-0.8059884905815125
73,target,30,-0.13743965327739716,0.18176449835300446,-0.8060625791549683
73,target,31,-0.13654638826847076,0.18484416604042053,-0.7939270734786987
73,target,32,-0.120229572057724,0.18024326860904694,-0.801239550113678
73,target,33,-0.14287620782852173,0.18605969846248627,-0.790874183177948
73,target,34,-0.13926377892494202,0.18261754512786865,-0.7990400791168213
73,target,35,-0.13596878945827484,0.17650336027145386,-0.7855725288391113
73,target,36,-0.15192508697509766,0.17653080821037292,-0.7632811069488525
73,target,37,-0.15763050317764282,0.18594175577163696,-0.7794197201728821
73,target,38,-0.15217722952365875,0.20443186163902283,-0.8007777333259583
73,target,39,-0.15278810262680054,0.1996370255947113,-0.791745662689209
73,target,40,-0.14307154715061188,0.19483071565628052,-0.7878567576408386
73,target,41,-0.1474025398492813,0.19149085879325867,-0.7849140167236328
73,target,42,-0.13802646100521088,0.1844482421875,-0.7948750853538513
73,target,43,-0.1606658548116684,0.17896580696105957,-0.7935426831245422
73,target,44,-0.1557961404323578,0.19194799661636353,-0.7987077236175537
73,target,45,-0.16952992975711823,0.20565620064735413,-0.8052123785018921
73,target,46,-0.13241444528102875,0.18153788149356842,-0.7993637323379517
73,target,47,-0.13597461581230164,0.17755864560604095,-0.8012728095054626
73,target,48,-0.15888084471225739,0.1902412474155426,-0.8123722076416016
73,target,49,-0.1454245150089264,0.191991925239563,-0.7864033579826355
73,target,50,-0.09793080389499664,0.16574479639530182,-0.7996957898139954
73,target,51,-0.10255557298660278,0.16333723068237305,-0.7733226418495178
73,target,52,-0.10148316621780396,0.1444280594587326,-0.785045325756073
73,target,53,-0.12238700687885284,0.1548890471458435,-0.7855021357536316
73,target,54,-0.11157219111919403,0.1550218164920807,-0.7752950191497803
73,target,55,-0.13582086563110352,0.1755695790052414,-0.7853119969367981
73,target,56,-0.10547544062137604,0.18047551810741425,-0.7818943858146667
73,target,57,-0.11739000678062439,0.182722806930542,-0.7814736366271973
73,target,58,-0.12017498910427094,0.17259259521961212,-0.7830039262771606
73,target,59,-0.12152282893657684,0.1642860323190689,-0.7845859527587891
73,target,60,-0.12761162221431732,0.16210539638996124,-0.7827256321907043
73,target,61,-0.1354428082704544,0.1573483645915985,-0.7849317193031311
73,target,62,-0.1217578649520874,0.16023851931095123,-0.7823172807693481
73,target,63,-0.12373708188533783,0.16940031945705414,-0.7712909579277039
74,source,0,-0.09700827300548553,0.24114766716957092,-0.7851084470748901
74,source,1,-0.07040518522262573,0.17872574925422668,-0.8310794234275818
74,source,2,-0.11691246926784515,0.16418783366680145,-0.8345624208450317
74,source,3,-0.07469405233860016,0.19124218821525574,-0.8152903318405151
74,source,4,-0.08306334912776947,0.15419095754623413,-0.7960686087608337
74,source,5,-0.06300640106201172,0.013957381248474121,-0.6192991733551025
74,source,6,-0.0828334391117096,0.05602242797613144,-0.7491883039474487
74,source,7,-0.06707331538200378,0.10841310024261475,-0.6784589290618896
74,source,8,-0.10399112105369568,0.10483837127685547,-0.7287828922271729
74,source,9,-0.057999759912490845,0.1923043578863144,-0.6895865201950073
74,source,10,-0.0461115688085556,0.15675579011440277,-0.6522244215011597
74,source,11,-0.028859026730060577,0.12646648287773132,-0.6997731328010559
74,source,12,-0.06032352149486542,0.18639159202575684,-0.6805041432380676
74,source,13,-0.09209592640399933,0.2017064094543457,-0.7636495232582092
74,source,14,-0.04930084943771362,0.16899342834949493,-0.764345645904541
74,source,15,-0.08869817852973938,0.18232157826423645,-0.7982340455055237
74,source,16,-0.09653368592262268,0.17109385132789612,-0.799699604511261
74,source,17,-0.07998241484165192,0.1196640133857727,-0.7211780548095703
74,source,18,-0.03351783752441406,0.06941057741641998,-0.7261140942573547
74,source,19,-0.06481979787349701,0.13822409510612488,-0.7661973834037781
74,source,20,-0.026880502700805664,0.09075623750686646,-0.7479463219642639
74,source,21,-0.08615325391292572,0.053427085280418396,-0.766737163066864
74,source,22,-0.03623989224433899,0.1258811503648758,-0.7086922526359558
74,source,23,-0.054611459374427795,0.17678354680538177,-0.7290861010551453
74,source,24,-0.08342906832695007,0.11092420667409897,-0.7610260248184204
74,source,25,-0.07794949412345886,0.17008569836616516,-0.8181600570678711
74,source,26,-0.05324840545654297,0.17399583756923676,-0.7920011878013611
74,source,27,-0.05518274009227753,0.16137433052062988,-0.8125970363616943
74,source,28,-0.12729591131210327,0.16722515225410461,-0.8478304743766785
74,source,29,-0.05244383215904236,0.18906661868095398,-0.7575408816337585
74,source,30,-0.1301003098487854,0.16767792403697968,-0.8062921166419983
74,source,31,-0.022314690053462982,0.09087087213993073,-0.734407901763916
74,source,32,-0.027176082134246826,0.12483029067516327,-0.7590110301971436
74,source,33,-0.11972442269325256,0.1704866886138916,-0.8265688419342041
74,source,34,-0.12993930280208588,0.18962758779525757,-0.811843991279602
74,source,35,-0.10942524671554565,0.1553695648908615,-0.8190070390701294
74,source,36,-0.10701127350330353,0.1447887420654297,-0.8121229410171509
74,source,37,-0.1264125555753708,0.17088204622268677,-0.8112577199935913
74,source,38,-0.09848274290561676,0.1715826690196991,-0.7929448485374451
74,source,39,-0.11202207207679749,0.1700173020362854,-0.8129135370254517
74,source,40,-0.07131300866603851,0.18189296126365662,-0.7344151735305786
74,source,41,-0.07708586752414703,0.17460545897483826,-0.700888454914093
74,source,42,-0.13495130836963654,0.17106318473815918,-0.784389317035675
74,source,43,-0.14212748408317566,0.1947207748889923,-0.762480616569519
74,source,44,-0.15728524327278137,0.1765030026435852,-0.7919553518295288
74,source,45,-0.14727668464183807,0.17610929906368256,-0.7781488299369812
74,source,46,-0.18474595248699188,0.2635437548160553,-0.8381059169769287
74,source,47,-0.09199303388595581,0.2913203239440918,-0.7734578251838684
74,source,48,-0.05756513774394989,0.3017258644104004,-0.7593280673027039
74,source,49,-0.19646205008029938,0.2791478931903839,-0.844109833240509
74,source,50,-0.17179237306118011,0.2269444763660431,-0.7916058897972107
74,source,51,-0.06523817777633667,0.18792665004730225,-0.7799301147460938
74,source,52,-0.07379773259162903,0.22393140196800232,-0.778967022895813
74,source,53,-0.04426325857639313,0.20811665058135986,-0.7892844676971436
74,source,54,-0.039931945502758026,0.1891983598470688,-0.7733696103096008
74,source,55,-0.04133494198322296,0.22779527306556702,-0.7472185492515564
74,source,56,-0.044492170214653015,0.2642163634300232,-0.7533450722694397
74,source,57,-0.045147836208343506,0.2417181432247162,-0.7750396728515625
74,source,58,-0.022250227630138397,0.21979983150959015,-0.7468350529670715
74,source,59,-0.04510459303855896,0.24267032742500305,-0.7818081378936768
74,source,60,-0.0677182674407959,0.24714548885822296,-0.7913915514945984
74,source,61,-0.0920352041721344,0.24318090081214905,-0.7923659086227417
74,source,62,-0.1341482549905777,0.22606393694877625,-0.8173109889030457
74,source,63,-0.08329068124294281,0.2514500319957733,-0.7955650091171265
74,target,0,-0.139949232339859,0.15937413275241852,-0.8169604539871216
74,target,1,-0.15433888137340546,0.1623847782611847,-0.7946274876594543
74,target,2,-0.1558912694454193,0.1755409687757492,-0.823125422000885
74,target,3,-0.16468608379364014,0.17384490370750427,-0.8171557784080505
74,target,4,-0.15602897107601166,0.1701347976922989,-0.7873804569244385
74,target,5,-0.15923786163330078,0.17258238792419434,-0.8108208775520325
74,target,6,-0.1562345027923584,0.17544801533222198,-0.8107566833496094
74,target,7,-0.15610714256763458,0.18654388189315796,-0.8151594400405884
74,target,8,-0.15511943399906158,0.17386844754219055,-0.801851749420166
74,target,9,-0.14354440569877625,0.17339695990085602,-0.8181121945381165
74,target,10,-0.1574278324842453,0.17497248947620392,-0.816942036151886
74,target,11,-0.16470471024513245,0.1714533269405365,-0.8252906799316406
74,target,12,-0.17050518095493317,0.16635973751544952,-0.8130112290382385
74,target,13,-0.16202771663665771,0.1541757732629776,-0.8105348348617554
74,target,14,-0.14351627230644226,0.17449048161506653,-0.8162581920623779
74,target,15,-0.1921808272600174,0.17580470442771912,-0.7961322665214539
74,target,16,-0.17215408384799957,0.1752096712589264,-0.8078774213790894
74,target,17,-0.17450664937496185,0.18552957475185394,-0.8043283820152283
74,target,18,-0.16970376670360565,0.1768438220024109,-0.8060607314109802
74,target,19,-0.18062423169612885,0.1791258603334427,-0.8014944791793823
74,target,20,-0.17129255831241608,0.1934230625629425,-0.8203593492507935
74,target,21,-0.16072620451450348,0.18202009797096252,-0.8028048872947693
74,target,22,-0.16361470520496368,0.20225703716278076,-0.8184629678726196
74,target,23,-0.17121966183185577,0.18728920817375183,-0.8034292459487915
74,target,24,-0.1653382033109665,0.19060151278972626,-0.8125903606414795
74,target,25,-0.18426690995693207,0.1904897391796112,-0.801010012626648
74,target,26,-0.17481501400470734,0.17118236422538757,-0.797234058380127
74,target,27,-0.15622101724147797,0.15789233148097992,-0.7790061831474304
74,target,28,-0.13649405539035797,0.15580902993679047,-0.8018394708633423
74,target,29,-0.1687704473733902,0.16999337077140808,-0.8155332803726196
74,target,30,-0.15665102005004883,0.16918699443340302,-0.8239166736602783
74,target,31,-0.1586473435163498,0.17073462903499603,-0.8091450333595276
74,target,32,-0.14354081451892853,0.16826841235160828,-0.8197008371353149
74,target,33,-0.1580778807401657,0.16928088665008545,-0.8064091205596924
74,target,34,-0.1493956446647644,0.1705632209777832,-0.8158296942710876
74,target,35,-0.1489814817905426,0.15920034050941467,-0.7961075305938721
74,target,36,-0.17047856748104095,0.16688981652259827,-0.7767508029937744
74,target,37,-0.17227698862552643,0.17416930198669434,-0.7929379940032959
74,target,38,-0.17066936194896698,0.18995293974876404,-0.8117356300354004
74,target,39,-0.17185170948505402,0.1879045069217682,-0.8076302409172058
74,target,40,-0.1631617695093155,0.18355754017829895,-0.8068753480911255
74,target,41,-0.17145897448062897,0.17862842977046967,-0.8094891309738159
74,target,42,-0.16151292622089386,0.17243291437625885,-0.8139026761054993
74,target,43,-0.18144972622394562,0.1680774688720703,-0.8112640976905823
74,target,44,-0.17932869493961334,0.18829339742660522,-0.8190954327583313
74,target,45,-0.18601800501346588,0.19710010290145874,-0.8215726613998413
74,target,46,-0.1540689915418625,0.17253057658672333,-0.8178883790969849
74,target,47,-0.1557721197605133,0.1666981726884842,-0.8194504380226135
74,target,48,-0.1710302084684372,0.18050836026668549,-0.828016996383667
74,target,49,-0.16258011758327484,0.17965513467788696,-0.8035746812820435
74,target,50,-0.12203037738800049,0.16057808697223663,-0.8145742416381836
74,target,51,-0.12563443183898926,0.15690961480140686,-0.7919089794158936
74,target,52,-0.13107942044734955,0.1497202068567276,-0.8048157095909119
74,target,53,-0.1439637541770935,0.15735341608524323,-0.8053165674209595
74,target,54,-0.13724638521671295,0.15173454582691193,-0.7943236827850342
74,target,55,-0.15032312273979187,0.16947658360004425,-0.7997198104858398
74,target,56,-0.12277127802371979,0.17583933472633362,-0.7999252080917358
74,target,57,-0.13532036542892456,0.17603732645511627,-0.8036907911300659
74,target,58,-0.13498128950595856,0.16892342269420624,-0.8036088347434998
74,target,59,-0.13938963413238525,0.16186198592185974,-0.8015240430831909
74,target,60,-0.15850947797298431,0.1653788536787033,-0.7994837164878845
74,target,61,-0.15752114355564117,0.16004474461078644,-0.8045841455459595
74,target,62,-0.14733873307704926,0.15385526418685913,-0.8004933595657349
74,target,63,-0.1549225151538849,0.162483349442482,-0.7895630598068237
75,source,0,-0.09679926931858063,0.23623885214328766,-0.7797531485557556
75,source,1,-0.07571457326412201,0.18175378441810608,-0.8276365995407104
75,source,2,-0.11373764276504517,0.16739128530025482,-0.819068431854248
75,source,3,-0.07439552247524261,0.1940935254096985,-0.8070792555809021
75,source,4,-0.08290117979049683,0.15650656819343567,-0.7817589640617371
75,source,5,-0.056826263666152954,0.03544824570417404,-0.614959180355072
75,source,6,-0.07884947955608368,0.07336612045764923,-0.7350614070892334
75,source,7,-0.06652683019638062,0.11493392288684845,-0.662787675857544
75,source,8,-0.09879961609840393,0.10969690978527069,-0.704018771648407
75,source,9,-0.05220240354537964,0.1924232691526413,-0.6898242235183716
75,source,10,-0.04073081910610199,0.16580455005168915,-0.652792751789093
75,source,11,-0.02673356980085373,0.1289035677909851,-0.6800523996353149
75,source,12,-0.0569351464509964,0.1898186206817627,-0.6674501299858093
75,source,13,-0.091549351811409,0.20265288650989532,-0.7602836489677429
75,source,14,-0.05048340559005737,0.16875797510147095,-0.7699258923530579
75,source,15,-0.09447510540485382,0.18488873541355133,-0.7892725467681885
75,source,16,-0.10025565326213837,0.1771031767129898,-0.7951138019561768
75,source,17,-0.06999790668487549,0.12013854086399078,-0.7098648548126221
75,source,18,-0.03373601287603378,0.0849481150507927,-0.7184455990791321
75,source,19,-0.058899909257888794,0.14562970399856567,-0.752453088760376
75,source,20,-0.023982010781764984,0.10312838852405548,-0.7443093061447144
75,source,21,-0.07687203586101532,0.06581515818834305,-0.749499499797821
75,source,22,-0.030408166348934174,0.1201278418302536,-0.7017876505851746
75,source,23,-0.05164307355880737,0.1720738261938095,-0.7217133641242981
75,source,24,-0.0822022557258606,0.11992760002613068,-0.7464545965194702
75,source,25,-0.0754142552614212,0.16979210078716278,-0.8102234601974487
75,source,26,-0.045040056109428406,0.1750914752483368,-0.7866994142532349
75,source,27,-0.05830806493759155,0.15894876420497894,-0.8118929862976074
75,source,28,-0.12291862070560455,0.16051256656646729,-0.8392890691757202
75,source,29,-0.05180484056472778,0.19047489762306213,-0.7533753514289856
75,source,30,-0.1305304765701294,0.16507714986801147,-0.8076539039611816
75,source,31,-0.030060231685638428,0.11077962815761566,-0.7286232709884644
75,source,32,-0.03354421257972717,0.14146314561367035,-0.7481764554977417
75,source,33,-0.11967268586158752,0.16994436085224152,-0.8081801533699036
75,source,34,-0.13213369250297546,0.19048123061656952,-0.7954607009887695
75,source,35,-0.11301282048225403,0.15818139910697937,-0.8065873384475708
75,source,36,-0.10770800709724426,0.1476948857307434,-0.7966406345367432
75,source,37,-0.12512879073619843,0.16703306138515472,-0.7955127954483032
75,source,38,-0.09338155388832092,0.16902022063732147,-0.7787428498268127
75,source,39,-0.11753450334072113,0.16998127102851868,-0.7984356880187988
75,source,40,-0.06353546679019928,0.1830480396747589,-0.725754976272583
75,source,41,-0.062325239181518555,0.16973266005516052,-0.686677873134613
75,source,42,-0.12884289026260376,0.17355287075042725,-0.7596358060836792
75,source,43,-0.1388285905122757,0.20301857590675354,-0.7422170639038086
75,source,44,-0.15279549360275269,0.18477296829223633,-0.7653186917304993
75,source,45,-0.1389620006084442,0.1849440485239029,-0.7605426907539368
75,source,46,-0.20562748610973358,0.2557949721813202,-0.8385558724403381
75,source,47,-0.09320303797721863,0.2823461890220642,-0.7695428133010864
75,source,48,-0.0648624449968338,0.2919800281524658,-0.7596730589866638
75,source,49,-0.21286754310131073,0.2690622806549072,-0.8454850316047668
75,source,50,-0.18366126716136932,0.22033753991127014,-0.7868039608001709
75,source,51,-0.06533956527709961,0.18853206932544708,-0.771320104598999
75,source,52,-0.07516637444496155,0.22177881002426147,-0.7748140096664429
75,source,53,-0.05301995575428009,0.20990392565727234,-0.7835218906402588
75,source,54,-0.04257981479167938,0.18679779767990112,-0.7695986032485962
75,source,55,-0.04640930891036987,0.22602441906929016,-0.7428135275840759
75,source,56,-0.052452266216278076,0.26039233803749084,-0.746999979019165
75,source,57,-0.05586189031600952,0.24429211020469666,-0.7726649045944214
75,source,58,-0.02510719746351242,0.22398795187473297,-0.7389059066772461
75,source,59,-0.04887598752975464,0.24171999096870422,-0.7791177034378052
75,source,60,-0.07000793516635895,0.24473196268081665,-0.7830830216407776
75,source,61,-0.09649457037448883,0.23926281929016113,-0.784338116645813
75,source,62,-0.13346929848194122,0.22673991322517395,-0.8086496591567993
75,source,63,-0.08306246995925903,0.24958392977714539,-0.7882130742073059
75,target,0,-0.14015938341617584,0.16567397117614746,-0.7961747646331787
75,target,1,-0.15433833003044128,0.16581016778945923,-0.7771549224853516
75,target,2,-0.15440432727336884,0.17768172919750214,-0.8051480650901794
75,target,3,-0.16748879849910736,0.1815800815820694,-0.7957249283790588
75,target,4,-0.1514522284269333,0.17098920047283173,-0.7704285979270935
75,target,5,-0.15663203597068787,0.17183417081832886,-0.7890403270721436
75,target,6,-0.15597857534885406,0.17509466409683228,-0.7899879813194275
75,target,7,-0.1585138738155365,0.187572181224823,-0.7939156293869019
75,target,8,-0.15754586458206177,0.17973487079143524,-0.7820203900337219
75,target,9,-0.1465620994567871,0.17920207977294922,-0.7999638319015503
75,target,10,-0.15494325757026672,0.1745629906654358,-0.7932699918746948
75,target,11,-0.17247112095355988,0.17873474955558777,-0.800754189491272
75,target,12,-0.16360490024089813,0.16600535809993744,-0.7874224781990051
75,target,13,-0.15377312898635864,0.15531644225120544,-0.782255232334137
75,target,14,-0.13910627365112305,0.17509520053863525,-0.8024401664733887
75,target,15,-0.19169457256793976,0.1804349571466446,-0.7812209725379944
75,target,16,-0.17226742208003998,0.17952802777290344,-0.7931948304176331
75,target,17,-0.173289492726326,0.19168904423713684,-0.790797233581543
75,target,18,-0.17108787596225739,0.18210603296756744,-0.7928135395050049
75,target,19,-0.17826496064662933,0.18676474690437317,-0.785758376121521
75,target,20,-0.16564635932445526,0.19738127291202545,-0.805197536945343
75,target,21,-0.15235674381256104,0.18151827156543732,-0.793877899646759
75,target,22,-0.1617426723241806,0.20519882440567017,-0.8044981956481934
75,target,23,-0.1684238761663437,0.19368940591812134,-0.7946182489395142
75,target,24,-0.1627681851387024,0.1936214417219162,-0.8006869554519653
75,target,25,-0.18183524906635284,0.1920665204524994,-0.7921044826507568
75,target,26,-0.17006473243236542,0.17443537712097168,-0.7838605046272278
75,target,27,-0.15504850447177887,0.16376766562461853,-0.7656676173210144
75,target,28,-0.130634605884552,0.15506093204021454,-0.7862263917922974
75,target,29,-0.1651647835969925,0.17331570386886597,-0.7964929938316345
75,target,30,-0.15897192060947418,0.174947127699852,-0.7967001795768738
75,target,31,-0.15282069146633148,0.1774188131093979,-0.7903999090194702
75,target,32,-0.14292272925376892,0.17244938015937805,-0.795663058757782
75,target,33,-0.158840149641037,0.17395718395709991,-0.7860129475593567
75,target,34,-0.1535860002040863,0.1754734218120575,-0.7901181578636169
75,target,35,-0.14631487429141998,0.1663384884595871,-0.7831292152404785
75,target,36,-0.16976146399974823,0.16540247201919556,-0.7584001421928406
75,target,37,-0.16925375163555145,0.17638900876045227,-0.7770709991455078
75,target,38,-0.17282037436962128,0.19592009484767914,-0.8000752925872803
75,target,39,-0.1660490781068802,0.1890190839767456,-0.7951881289482117
75,target,40,-0.1629924178123474,0.18326564133167267,-0.7806756496429443
75,target,41,-0.16451017558574677,0.1831064224243164,-0.7873058319091797
75,target,42,-0.15536892414093018,0.17422665655612946,-0.7948511838912964
75,target,43,-0.1727013736963272,0.16940590739250183,-0.7905798554420471
75,target,44,-0.16806362569332123,0.18977563083171844,-0.8046090602874756
75,target,45,-0.18366305530071259,0.20197074115276337,-0.8033065795898438
75,target,46,-0.1487979292869568,0.1727987378835678,-0.7954453229904175
75,target,47,-0.15248611569404602,0.1706339418888092,-0.7970725297927856
75,target,48,-0.17296813428401947,0.1874372959136963,-0.8056333661079407
75,target,49,-0.15918035805225372,0.18340083956718445,-0.782066285610199
75,target,50,-0.12431275844573975,0.16501401364803314,-0.8026791214942932
75,target,51,-0.12419171631336212,0.1654769778251648,-0.7751417756080627
75,target,52,-0.1236228495836258,0.14730635285377502,-0.7848149538040161
75,target,53,-0.13879509270191193,0.1522110104560852,-0.7860780358314514
75,target,54,-0.1269129067659378,0.14427347481250763,-0.7801900506019592
75,target,55,-0.1480887234210968,0.16717076301574707,-0.7855252027511597
75,target,56,-0.1265900731086731,0.17831836640834808,-0.7880308628082275
75,target,57,-0.1404963582754135,0.17871198058128357,-0.7888189554214478
75,target,58,-0.13278327882289886,0.16562435030937195,-0.7897326946258545
75,target,59,-0.13780727982521057,0.16223455965518951,-0.790286660194397
75,target,60,-0.14890481531620026,0.16027876734733582,-0.7876768708229065
75,target,61,-0.15350937843322754,0.1600397825241089,-0.7904716730117798
75,target,62,-0.141603022813797,0.15345175564289093,-0.7792719602584839
75,target,63,-0.14470137655735016,0.1569402664899826,-0.7745500802993774
76,source,0,-0.09418411552906036,0.24093018472194672,-0.7802822589874268
76,source,1,-0.07973234355449677,0.1858227699995041,-0.8318890333175659
76,source,2,-0.11611615121364594,0.1715538650751114,-0.8255159258842468
76,source,3,-0.07593914866447449,0.19856491684913635,-0.8154076337814331
76,source,4,-0.08993968367576599,0.1567693054676056,-0.7917675971984863
76,source,5,-0.05788242816925049,0.01222732663154602,-0.6230899691581726
76,source,6,-0.09236147999763489,0.06346621364355087,-0.7442474961280823
76,source,7,-0.0754375159740448,0.10391046851873398,-0.6615590453147888
76,source,8,-0.10727626085281372,0.10785786807537079,-0.7122741341590881
76,source,9,-0.062297970056533813,0.19168025255203247,-0.6969203352928162
76,source,10,-0.0503048449754715,0.1637239158153534,-0.6622510552406311
76,source,11,-0.033998340368270874,0.12491186708211899,-0.6955583095550537
76,source,12,-0.06258153915405273,0.18317897617816925,-0.6773004531860352
76,source,13,-0.09474831819534302,0.2039831578731537,-0.7545216679573059
76,source,14,-0.0582273006439209,0.16989298164844513,-0.7672490477561951
76,source,15,-0.09295038878917694,0.18552178144454956,-0.7906272411346436
76,source,16,-0.10287502408027649,0.17986296117305756,-0.7966693639755249
76,source,17,-0.07606424391269684,0.1152760460972786,-0.7188525199890137
76,source,18,-0.04613490402698517,0.07798665016889572,-0.733795166015625
76,source,19,-0.06518404185771942,0.14196762442588806,-0.7587776780128479
76,source,20,-0.025738179683685303,0.09179242700338364,-0.7546770572662354
76,source,21,-0.08554112911224365,0.053672678768634796,-0.7529785633087158
76,source,22,-0.03970392793416977,0.11720073968172073,-0.7074159383773804
76,source,23,-0.05824114382266998,0.17091120779514313,-0.7297684550285339
76,source,24,-0.08303086459636688,0.1155061274766922,-0.7470846772193909
76,source,25,-0.08215165138244629,0.1732255518436432,-0.8132303953170776
76,source,26,-0.05392386019229889,0.17543749511241913,-0.7964876890182495
76,source,27,-0.058690935373306274,0.16542646288871765,-0.8118143677711487
76,source,28,-0.12838341295719147,0.16928255558013916,-0.8515615463256836
76,source,29,-0.057698339223861694,0.18198314309120178,-0.7548775672912598
76,source,30,-0.1279691457748413,0.1660965383052826,-0.8125956058502197
76,source,31,-0.02715565264225006,0.09883482754230499,-0.7298118472099304
76,source,32,-0.03581319749355316,0.13128098845481873,-0.7555506229400635
76,source,33,-0.12267480790615082,0.17448216676712036,-0.8194010257720947
76,source,34,-0.13633212447166443,0.19320538640022278,-0.8070269227027893
76,source,35,-0.1172487884759903,0.16226057708263397,-0.8199940323829651
76,source,36,-0.11072008311748505,0.15216194093227386,-0.803885281085968
76,source,37,-0.1283392459154129,0.17401419579982758,-0.805852472782135
76,source,38,-0.0989384651184082,0.17354004085063934,-0.7915387749671936
76,source,39,-0.11914362013339996,0.17505954205989838,-0.8087931871414185
76,source,40,-0.07198525965213776,0.18177364766597748,-0.7391891479492188
76,source,41,-0.0705869048833847,0.1741354912519455,-0.696294903755188
76,source,42,-0.14382226765155792,0.177643820643425,-0.7656258344650269
76,source,43,-0.14784559607505798,0.19948790967464447,-0.7480421662330627
76,source,44,-0.16134510934352875,0.18487539887428284,-0.7606298923492432
76,source,45,-0.14255304634571075,0.17771756649017334,-0.763781726360321
76,source,46,-0.19077377021312714,0.2578273117542267,-0.826471209526062
76,source,47,-0.08418440818786621,0.2842632532119751,-0.7667310237884521
76,source,48,-0.0574304461479187,0.29338425397872925,-0.7525602579116821
76,source,49,-0.2006417065858841,0.27009832859039307,-0.8311025500297546
76,source,50,-0.170888289809227,0.22290050983428955,-0.7799844741821289
76,source,51,-0.06564784049987793,0.18926088511943817,-0.7750843167304993
76,source,52,-0.07866406440734863,0.222211092710495,-0.7739153504371643
76,source,53,-0.05670046806335449,0.20820756256580353,-0.7845210433006287
76,source,54,-0.04111237823963165,0.19118089973926544,-0.7687435746192932
76,source,55,-0.04160299897193909,0.22231093049049377,-0.7373728156089783
76,source,56,-0.04999709129333496,0.2563071548938751,-0.745658814907074
76,source,57,-0.05522535741329193,0.24269337952136993,-0.7709580659866333
76,source,58,-0.029145613312721252,0.21703125536441803,-0.7422243356704712
76,source,59,-0.0546916127204895,0.2406909316778183,-0.7757981419563293
76,source,60,-0.06999363005161285,0.24587169289588928,-0.7826969623565674
76,source,61,-0.09883888065814972,0.2417886108160019,-0.7868450880050659
76,source,62,-0.13617293536663055,0.23341917991638184,-0.8099284172058105
76,source,63,-0.08384421467781067,0.24655398726463318,-0.7882344126701355
76,target,0,-0.14427407085895538,0.16973762214183807,-0.8023829460144043
76,target,1,-0.15851068496704102,0.1681617647409439,-0.7785454988479614
76,target,2,-0.15868790447711945,0.18394680321216583,-0.8082166314125061
76,target,3,-0.17720015347003937,0.1828300952911377,-0.7949227094650269
76,target,4,-0.16668014228343964,0.17834995687007904,-0.7820559144020081
76,target,5,-0.16620324552059174,0.180047407746315,-0.7942057847976685
76,target,6,-0.15984874963760376,0.1856115460395813,-0.7903825044631958
76,target,7,-0.16379211843013763,0.1995065063238144,-0.7966877222061157
76,target,8,-0.16290102899074554,0.18407616019248962,-0.7860915660858154
76,target,9,-0.1523274928331375,0.18547682464122772,-0.8031940460205078
76,target,10,-0.1661258190870285,0.18473878502845764,-0.7963024973869324
76,target,11,-0.17689330875873566,0.18629013001918793,-0.8006879687309265
76,target,12,-0.17213378846645355,0.1690230667591095,-0.7860615253448486
76,target,13,-0.16019894182682037,0.1593530774116516,-0.782188892364502
76,target,14,-0.1457739919424057,0.1765705943107605,-0.8062429428100586
76,target,15,-0.19776691496372223,0.18213464319705963,-0.789557695388794
76,target,16,-0.17609988152980804,0.17978331446647644,-0.7904052734375
76,target,17,-0.1783941239118576,0.19313430786132812,-0.7930768728256226
76,target,18,-0.1730903536081314,0.1852577179670334,-0.7921901345252991
76,target,19,-0.18360154330730438,0.1885528564453125,-0.792524516582489
76,target,20,-0.17346413433551788,0.20060329139232635,-0.8020093441009521
76,target,21,-0.16057990491390228,0.18523648381233215,-0.7971004247665405
76,target,22,-0.1644892692565918,0.20709563791751862,-0.8099823594093323
76,target,23,-0.17877046763896942,0.19587697088718414,-0.8017575740814209
76,target,24,-0.17017580568790436,0.19910414516925812,-0.8029294013977051
76,target,25,-0.18413566052913666,0.19283609092235565,-0.7951011657714844
76,target,26,-0.17753075063228607,0.17677491903305054,-0.7875082492828369
76,target,27,-0.15907204151153564,0.16094310581684113,-0.7647929191589355
76,target,28,-0.1334255337715149,0.1562311053276062,-0.792262852191925
76,target,29,-0.17787249386310577,0.17696666717529297,-0.8031353950500488
76,target,30,-0.16110292077064514,0.18399105966091156,-0.8024880886077881
76,target,31,-0.16036756336688995,0.1827777922153473,-0.7940850853919983
76,target,32,-0.15176960825920105,0.1791629046201706,-0.8042828440666199
76,target,33,-0.16209274530410767,0.17981401085853577,-0.79074627161026
76,target,34,-0.15672597289085388,0.17807640135288239,-0.7968422174453735
76,target,35,-0.1467713713645935,0.17176350951194763,-0.7897160053253174
76,target,36,-0.17610691487789154,0.1651087999343872,-0.7533944845199585
76,target,37,-0.1774178296327591,0.17575328052043915,-0.7840844392776489
76,target,38,-0.17847050726413727,0.19596651196479797,-0.8031724691390991
76,target,39,-0.17314781248569489,0.19551362097263336,-0.7991582751274109
76,target,40,-0.17052270472049713,0.19248582422733307,-0.7895683646202087
76,target,41,-0.1703251451253891,0.19337843358516693,-0.795596718788147
76,target,42,-0.1580936461687088,0.18585817515850067,-0.8005611896514893
76,target,43,-0.17966775596141815,0.17788544297218323,-0.7987290024757385
76,target,44,-0.17770664393901825,0.19356273114681244,-0.8084902167320251
76,target,45,-0.1931932121515274,0.20740258693695068,-0.8003459572792053
76,target,46,-0.15704959630966187,0.18061551451683044,-0.8008868098258972
76,target,47,-0.15735973417758942,0.17580029368400574,-0.803318977355957
76,target,48,-0.18421538174152374,0.19206400215625763,-0.8064904808998108
76,target,49,-0.17705301940441132,0.18804100155830383,-0.7897014021873474
76,target,50,-0.1236443817615509,0.16218167543411255,-0.8078411817550659
76,target,51,-0.12659817934036255,0.15958456695079803,-0.7834649085998535
76,target,52,-0.12008893489837646,0.14642809331417084,-0.8047055602073669
76,target,53,-0.1428302824497223,0.15946710109710693,-0.8021369576454163
76,target,54,-0.13386473059654236,0.14893804490566254,-0.7981826066970825
76,target,55,-0.1495937705039978,0.16749894618988037,-0.7973794937133789
76,target,56,-0.12364251911640167,0.1724599152803421,-0.7937095165252686
76,target,57,-0.1408749520778656,0.1788114458322525,-0.7958484888076782
76,target,58,-0.13399618864059448,0.16542653739452362,-0.7984737157821655
76,target,59,-0.13901139795780182,0.16167013347148895,-0.7997293472290039
76,target,60,-0.15692967176437378,0.164814293384552,-0.8004543781280518
76,target,61,-0.1575726419687271,0.16001470386981964,-0.8021184206008911
76,target,62,-0.14454255998134613,0.15209439396858215,-0.7891740798950195
76,target,63,-0.14939554035663605,0.15656539797782898,-0.7872922420501709
77,source,0,-0.09073756635189056,0.23876947164535522,-0.7856517434120178
77,source,1,-0.07205182313919067,0.18500812351703644,-0.8343331217765808
77,source,2,-0.10877284407615662,0.1698375791311264,-0.8323200941085815
77,source,3,-0.06560280919075012,0.1916356086730957,-0.8153117895126343
77,source,4,-0.07500874996185303,0.15707530081272125,-0.7931221127510071
77,source,5,-0.05560965836048126,0.020210787653923035,-0.6225343346595764
77,source,6,-0.073359414935112,0.06299463659524918,-0.7401370406150818
77,source,7,-0.0727374404668808,0.10366390645503998,-0.6635410785675049
77,source,8,-0.10204194486141205,0.10277485847473145,-0.7140711545944214
77,source,9,-0.04903176426887512,0.19058969616889954,-0.6996623873710632
77,source,10,-0.04314352571964264,0.16433881223201752,-0.6657517552375793
77,source,11,-0.02272147685289383,0.12660354375839233,-0.7008905410766602
77,source,12,-0.05186942219734192,0.1841421127319336,-0.6755144596099854
77,source,13,-0.09112226963043213,0.20321936905384064,-0.7608928680419922
77,source,14,-0.050789639353752136,0.1675875186920166,-0.7725979089736938
77,source,15,-0.08368445932865143,0.18311807513237,-0.7994678020477295
77,source,16,-0.0931478887796402,0.17450444400310516,-0.8058726787567139
77,source,17,-0.06395581364631653,0.11928141117095947,-0.722554087638855
77,source,18,-0.040261127054691315,0.08555079996585846,-0.7360475659370422
77,source,19,-0.052481457591056824,0.1412706822156906,-0.7676188349723816
77,source,20,-0.019535310566425323,0.09785327315330505,-0.7523948550224304
77,source,21,-0.08254270255565643,0.05821813642978668,-0.7577815055847168
77,source,22,-0.034099921584129333,0.1263270229101181,-0.7133979201316833
77,source,23,-0.048074036836624146,0.17539887130260468,-0.7318097352981567
77,source,24,-0.08500413596630096,0.11714820563793182,-0.7481865882873535
77,source,25,-0.07530301809310913,0.17082682251930237,-0.8195740580558777
77,source,26,-0.038809411227703094,0.1688072681427002,-0.7986406683921814
77,source,27,-0.04898153245449066,0.1641518473625183,-0.8176635503768921
77,source,28,-0.11493419110774994,0.16209788620471954,-0.8517334461212158
77,source,29,-0.04820568859577179,0.1817430704832077,-0.7595677375793457
77,source,30,-0.11809605360031128,0.16516128182411194,-0.8116389513015747
77,source,31,-0.023299619555473328,0.10064257681369781,-0.7382277250289917
77,source,32,-0.025427252054214478,0.13143743574619293,-0.7668157815933228
77,source,33,-0.10254980623722076,0.17030330002307892,-0.8170439004898071
77,source,34,-0.11551718413829803,0.1904725432395935,-0.8029706478118896
77,source,35,-0.10553377866744995,0.15979737043380737,-0.8187665939331055
77,source,36,-0.09686294198036194,0.14907990396022797,-0.8046057224273682
77,source,37,-0.11869822442531586,0.179205060005188,-0.8029840588569641
77,source,38,-0.08252082765102386,0.16778779029846191,-0.793461799621582
77,source,39,-0.09868337213993073,0.17004962265491486,-0.8107085227966309
77,source,40,-0.06494593620300293,0.1831146478652954,-0.7373601198196411
77,source,41,-0.06567858159542084,0.180858314037323,-0.6986081600189209
77,source,42,-0.12504465878009796,0.17669424414634705,-0.7739964127540588
77,source,43,-0.1311250776052475,0.19662940502166748,-0.752251148223877
77,source,44,-0.14947845041751862,0.1830146163702011,-0.7676118016242981
77,source,45,-0.12491026520729065,0.18084460496902466,-0.7619949579238892
77,source,46,-0.19557921588420868,0.25216153264045715,-0.8379659652709961
77,source,47,-0.0873100757598877,0.2793586552143097,-0.7713902592658997
77,source,48,-0.06204052269458771,0.29341548681259155,-0.7594612836837769
77,source,49,-0.20522750914096832,0.2666534185409546,-0.8418320417404175
77,source,50,-0.17632953822612762,0.22995725274085999,-0.784420371055603
77,source,51,-0.05870082974433899,0.18890604376792908,-0.7733399868011475
77,source,52,-0.0731855034828186,0.22288015484809875,-0.7774495482444763
77,source,53,-0.051462024450302124,0.20839934051036835,-0.7834643721580505
77,source,54,-0.03443433344364166,0.1902708113193512,-0.7740700244903564
77,source,55,-0.03870384395122528,0.22427554428577423,-0.7467736005783081
77,source,56,-0.05080088973045349,0.2555353343486786,-0.7510977387428284
77,source,57,-0.05033375322818756,0.2391338348388672,-0.7711870670318604
77,source,58,-0.025537751615047455,0.21567243337631226,-0.7423990964889526
77,source,59,-0.047973304986953735,0.23820191621780396,-0.7792317271232605
77,source,60,-0.06376001238822937,0.24605152010917664,-0.7834293842315674
77,source,61,-0.09072764217853546,0.24016636610031128,-0.7871198654174805
77,source,62,-0.12267652153968811,0.2262691855430603,-0.8153071403503418
77,source,63,-0.08246520161628723,0.24590401351451874,-0.7907005548477173
77,target,0,-0.12929895520210266,0.16081391274929047,-0.8056368827819824
77,target,1,-0.14594271779060364,0.16286149621009827,-0.7842440605163574
77,target,2,-0.13953319191932678,0.1713603287935257,-0.8173995614051819
77,target,3,-0.15839636325836182,0.1706252098083496,-0.804114818572998
77,target,4,-0.1478777378797531,0.16623759269714355,-0.7842480540275574
77,target,5,-0.1520644575357437,0.17084690928459167,-0.801630973815918
77,target,6,-0.14691630005836487,0.17948079109191895,-0.7987924814224243
77,target,7,-0.14964641630649567,0.19204702973365784,-0.8036919832229614
77,target,8,-0.14873337745666504,0.1757882684469223,-0.7944431304931641
77,target,9,-0.14194394648075104,0.18111607432365417,-0.8092893362045288
77,target,10,-0.14422892034053802,0.17130087316036224,-0.804936945438385
77,target,11,-0.156571164727211,0.17514033615589142,-0.8083606958389282
77,target,12,-0.15858034789562225,0.15697014331817627,-0.792129635810852
77,target,13,-0.14554069936275482,0.14565575122833252,-0.783638596534729
77,target,14,-0.1306239366531372,0.16859179735183716,-0.8113484382629395
77,target,15,-0.18323610723018646,0.17721286416053772,-0.7885030508041382
77,target,16,-0.16471748054027557,0.1763235330581665,-0.7967603802680969
77,target,17,-0.16721944510936737,0.18923115730285645,-0.7958632111549377
77,target,18,-0.1585988998413086,0.17649994790554047,-0.7995167970657349
77,target,19,-0.16569285094738007,0.17986029386520386,-0.795953094959259
77,target,20,-0.15658380091190338,0.1925865113735199,-0.8115130066871643
77,target,21,-0.13907240331172943,0.1799464374780655,-0.7972599864006042
77,target,22,-0.14821308851242065,0.20079252123832703,-0.8114598989486694
77,target,23,-0.16251280903816223,0.19113372266292572,-0.8015934228897095
77,target,24,-0.15637557208538055,0.19191409647464752,-0.8087130188941956
77,target,25,-0.1747400313615799,0.1905975639820099,-0.7994428873062134
77,target,26,-0.1616661697626114,0.17129942774772644,-0.792955219745636
77,target,27,-0.14883968234062195,0.15199816226959229,-0.76813143491745
77,target,28,-0.11417020857334137,0.14795665442943573,-0.7939522862434387
77,target,29,-0.15903794765472412,0.16644304990768433,-0.8072632551193237
77,target,30,-0.14041581749916077,0.1726073920726776,-0.8099530339241028
77,target,31,-0.14053048193454742,0.17248006165027618,-0.7969402074813843
77,target,32,-0.12972669303417206,0.1684209555387497,-0.8133373856544495
77,target,33,-0.14808934926986694,0.1726887822151184,-0.7981895208358765
77,target,34,-0.1386643648147583,0.17200510203838348,-0.8040027618408203
77,target,35,-0.1355004757642746,0.16138093173503876,-0.7868720293045044
77,target,36,-0.1703670471906662,0.16300970315933228,-0.7624658346176147
77,target,37,-0.16480356454849243,0.17144449055194855,-0.784670352935791
77,target,38,-0.16225376725196838,0.19146373867988586,-0.8058570623397827
77,target,39,-0.15928302705287933,0.19052961468696594,-0.8037346601486206
77,target,40,-0.1570933759212494,0.18414363265037537,-0.7952183485031128
77,target,41,-0.15775629878044128,0.18605618178844452,-0.7995438575744629
77,target,42,-0.1464442014694214,0.17715555429458618,-0.805238664150238
77,target,43,-0.16985367238521576,0.17034056782722473,-0.8042390942573547
77,target,44,-0.1586732417345047,0.1867796778678894,-0.8068119287490845
77,target,45,-0.17503775656223297,0.19664259254932404,-0.8099831342697144
77,target,46,-0.13981419801712036,0.16705909371376038,-0.8078533411026001
77,target,47,-0.14392302930355072,0.16682957112789154,-0.8062493801116943
77,target,48,-0.16500826179981232,0.18095307052135468,-0.8175985217094421
77,target,49,-0.1627357453107834,0.17728669941425323,-0.7954288721084595
77,target,50,-0.11169382929801941,0.157446026802063,-0.8096456527709961
77,target,51,-0.12139555811882019,0.1628195196390152,-0.7846059799194336
77,target,52,-0.1158217042684555,0.1471823900938034,-0.80703204870224
77,target,53,-0.13669152557849884,0.1561509519815445,-0.8027159571647644
77,target,54,-0.12109741568565369,0.14390622079372406,-0.7979642152786255
77,target,55,-0.14087043702602386,0.1657581925392151,-0.7984523773193359
77,target,56,-0.11742360889911652,0.17452633380889893,-0.793144941329956
77,target,57,-0.1281212419271469,0.17606648802757263,-0.7952911853790283
77,target,58,-0.12875035405158997,0.16828036308288574,-0.7987870573997498
77,target,59,-0.13174203038215637,0.15969201922416687,-0.8005717992782593
77,target,60,-0.13853976130485535,0.1595999300479889,-0.8059045076370239
77,target,61,-0.14758874475955963,0.15771368145942688,-0.8022160530090332
77,target,62,-0.13985110819339752,0.15496167540550232,-0.7900699973106384
77,target,63,-0.14337559044361115,0.16338993608951569,-0.7865039706230164
78,source,0,-0.10482464730739594,0.23932072520256042,-0.784040629863739
78,source,1,-0.08307382464408875,0.19167162477970123,-0.8338618278503418
78,source,2,-0.12946459650993347,0.1760062277317047,-0.8263767957687378
78,source,3,-0.08318234980106354,0.1971551775932312,-0.8140559792518616
78,source,4,-0.09217451512813568,0.15542183816432953,-0.7912343740463257
78,source,5,-0.07032762467861176,0.011849403381347656,-0.6146406531333923
78,source,6,-0.09704624116420746,0.06597533077001572,-0.7401512861251831
78,source,7,-0.08811129629611969,0.10380718857049942,-0.663358211517334
78,source,8,-0.11220808327198029,0.10616391897201538,-0.7114191651344299
78,source,9,-0.06474074721336365,0.1865220069885254,-0.6962513327598572
78,source,10,-0.055955737829208374,0.15772756934165955,-0.6618064045906067
78,source,11,-0.03586757928133011,0.12468279898166656,-0.6986571550369263
78,source,12,-0.06386984884738922,0.18386201560497284,-0.6776007413864136
78,source,13,-0.10636857151985168,0.20205199718475342,-0.7578926086425781
78,source,14,-0.06408578157424927,0.16756489872932434,-0.7734494805335999
78,source,15,-0.09996096789836884,0.18110334873199463,-0.7957298159599304
78,source,16,-0.10880126059055328,0.17358170449733734,-0.8013220429420471
78,source,17,-0.08148957788944244,0.1200406476855278,-0.7250030040740967
78,source,18,-0.05139292776584625,0.08429016172885895,-0.7405368089675903
78,source,19,-0.06784933805465698,0.14450597763061523,-0.7668027281761169
78,source,20,-0.038030318915843964,0.0957479402422905,-0.7624351382255554
78,source,21,-0.1011640727519989,0.06658115237951279,-0.7577243447303772
78,source,22,-0.04298754036426544,0.1197286993265152,-0.7165561318397522
78,source,23,-0.06446461379528046,0.17793944478034973,-0.73384028673172
78,source,24,-0.09732556343078613,0.12136998772621155,-0.7564730048179626
78,source,25,-0.08760471642017365,0.1769154816865921,-0.8151237964630127
78,source,26,-0.057310327887535095,0.17601364850997925,-0.7940772771835327
78,source,27,-0.06304717063903809,0.16652847826480865,-0.8165861964225769
78,source,28,-0.12802253663539886,0.1670292764902115,-0.848527193069458
78,source,29,-0.05861671268939972,0.18416085839271545,-0.7625532150268555
78,source,30,-0.13358715176582336,0.16527937352657318,-0.8045453429222107
78,source,31,-0.03815276920795441,0.10215751826763153,-0.7424259185791016
78,source,32,-0.04229377210140228,0.13333621621131897,-0.7687876224517822
78,source,33,-0.13109582662582397,0.17606250941753387,-0.8167185187339783
78,source,34,-0.1411045789718628,0.19411784410476685,-0.7979046702384949
78,source,35,-0.12079580128192902,0.16211767494678497,-0.8151434659957886
78,source,36,-0.11740623414516449,0.15227772295475006,-0.8004499673843384
78,source,37,-0.14149999618530273,0.17734043300151825,-0.8009717464447021
78,source,38,-0.10311871767044067,0.17524206638336182,-0.7895258069038391
78,source,39,-0.12450014054775238,0.17578177154064178,-0.8037778735160828
78,source,40,-0.07912611961364746,0.1847744882106781,-0.7356939911842346
78,source,41,-0.08184365928173065,0.17728987336158752,-0.7021166086196899
78,source,42,-0.1362796574831009,0.17250733077526093,-0.7706558704376221
78,source,43,-0.14369554817676544,0.19700713455677032,-0.7557965517044067
78,source,44,-0.15627971291542053,0.17685344815254211,-0.7782641649246216
78,source,45,-0.1398739367723465,0.17977386713027954,-0.7717227339744568
78,source,46,-0.1952747255563736,0.26051825284957886,-0.8329309225082397
78,source,47,-0.09320195019245148,0.2818430960178375,-0.775984525680542
78,source,48,-0.06603474915027618,0.2938500642776489,-0.7657105326652527
78,source,49,-0.20435284078121185,0.27526482939720154,-0.8371046185493469
78,source,50,-0.17633982002735138,0.23169563710689545,-0.786131739616394
78,source,51,-0.0677136778831482,0.19382230937480927,-0.7761345505714417
78,source,52,-0.08491493761539459,0.22530710697174072,-0.7776382565498352
78,source,53,-0.05842919647693634,0.21529200673103333,-0.7864320278167725
78,source,54,-0.047048136591911316,0.19523590803146362,-0.7732670307159424
78,source,55,-0.048782795667648315,0.22868499159812927,-0.7479526996612549
78,source,56,-0.057987362146377563,0.2627192735671997,-0.7579914331436157
78,source,57,-0.05954161286354065,0.24576564133167267,-0.7778777480125427
78,source,58,-0.03481419384479523,0.22225508093833923,-0.7536864876747131
78,source,59,-0.05646905303001404,0.2442113757133484,-0.7863293886184692
78,source,60,-0.07364395260810852,0.24798107147216797,-0.7876162528991699
78,source,61,-0.10110630095005035,0.2450960874557495,-0.7859780788421631
78,source,62,-0.14195995032787323,0.23242567479610443,-0.8128563165664673
78,source,63,-0.09317964315414429,0.25076302886009216,-0.794152021408081
78,target,0,-0.15067388117313385,0.17046067118644714,-0.8000931739807129
78,target,1,-0.1608179807662964,0.16484689712524414,-0.7791203856468201
78,target,2,-0.15606850385665894,0.1755794882774353,-0.8099383115768433
78,target,3,-0.16544046998023987,0.17341111600399017,-0.797980785369873
78,target,4,-0.1577342301607132,0.17305871844291687,-0.7811363935470581
78,target,5,-0.16100619733333588,0.1726505011320114,-0.7969146370887756
78,target,6,-0.15974706411361694,0.18100954592227936,-0.7949715256690979
78,target,7,-0.16219811141490936,0.19508883357048035,-0.8004468083381653
78,target,8,-0.1637209951877594,0.18228086829185486,-0.7894676923751831
78,target,9,-0.15082553029060364,0.18302378058433533,-0.8045648336410522
78,target,10,-0.1597800850868225,0.17216362059116364,-0.8018345832824707
78,target,11,-0.17255480587482452,0.17852908372879028,-0.80572909116745
78,target,12,-0.1731124371290207,0.16517017781734467,-0.7891384363174438
78,target,13,-0.1587963104248047,0.1536661684513092,-0.7838082909584045
78,target,14,-0.1440010666847229,0.1763514280319214,-0.807173490524292
78,target,15,-0.19387321174144745,0.17836222052574158,-0.7848219871520996
78,target,16,-0.17429398000240326,0.17697440087795258,-0.7932366132736206
78,target,17,-0.1748148649930954,0.18750399351119995,-0.7926399111747742
78,target,18,-0.171059712767601,0.17936484515666962,-0.7930917739868164
78,target,19,-0.1797889918088913,0.18381965160369873,-0.7898993492126465
78,target,20,-0.1719972938299179,0.19278255105018616,-0.8089202046394348
78,target,21,-0.1581498384475708,0.1802433431148529,-0.7983338832855225
78,target,22,-0.16122154891490936,0.19982531666755676,-0.8101205825805664
78,target,23,-0.1651412546634674,0.19065918028354645,-0.8038202524185181
78,target,24,-0.16506677865982056,0.1925765872001648,-0.80389803647995
78,target,25,-0.18415333330631256,0.19322721660137177,-0.7972646951675415
78,target,26,-0.171611949801445,0.1741485595703125,-0.7898746728897095
78,target,27,-0.16565610468387604,0.16829809546470642,-0.7623440623283386
78,target,28,-0.13537238538265228,0.15371693670749664,-0.7910096645355225
78,target,29,-0.1708957999944687,0.17060314118862152,-0.8034725785255432
78,target,30,-0.15630318224430084,0.17346049845218658,-0.8068283796310425
78,target,31,-0.15922152996063232,0.17741306126117706,-0.7976759672164917
78,target,32,-0.1499796211719513,0.171404629945755,-0.8051323890686035
78,target,33,-0.1585054248571396,0.17527954280376434,-0.7919796109199524
78,target,34,-0.15099932253360748,0.1759060025215149,-0.8036736249923706
78,target,35,-0.15130186080932617,0.1648297905921936,-0.7898624539375305
78,target,36,-0.17716379463672638,0.16902980208396912,-0.7562426328659058
78,target,37,-0.17385630309581757,0.1765180230140686,-0.782444417476654
78,target,38,-0.17423315346240997,0.19540533423423767,-0.8014727830886841
78,target,39,-0.16685499250888824,0.19098259508609772,-0.801045298576355
78,target,40,-0.16597028076648712,0.18783427774906158,-0.7947666645050049
78,target,41,-0.16866625845432281,0.18795950710773468,-0.7985246777534485
78,target,42,-0.15802916884422302,0.17934991419315338,-0.8056561946868896
78,target,43,-0.17881999909877777,0.17390048503875732,-0.7989576458930969
78,target,44,-0.1724826842546463,0.18648093938827515,-0.8100304007530212
78,target,45,-0.1907704919576645,0.19874577224254608,-0.8061760663986206
78,target,46,-0.15434640645980835,0.17507991194725037,-0.7994269132614136
78,target,47,-0.15646833181381226,0.16815289855003357,-0.8024210929870605
78,target,48,-0.17241482436656952,0.18275220692157745,-0.8101718425750732
78,target,49,-0.16965283453464508,0.1817891001701355,-0.794373631477356
78,target,50,-0.12948794662952423,0.1635163575410843,-0.8014083504676819
78,target,51,-0.1347949206829071,0.16432209312915802,-0.776337742805481
78,target,52,-0.13021312654018402,0.15093950927257538,-0.8031134605407715
78,target,53,-0.15417374670505524,0.16156598925590515,-0.7984357476234436
78,target,54,-0.1365688443183899,0.15097707509994507,-0.7906866669654846
78,target,55,-0.15248534083366394,0.16712088882923126,-0.7923122048377991
78,target,56,-0.1308610588312149,0.17488668859004974,-0.7911928296089172
78,target,57,-0.14169268310070038,0.17554417252540588,-0.7926815748214722
78,target,58,-0.14051634073257446,0.17184828221797943,-0.7949325442314148
78,target,59,-0.14556385576725006,0.1616392284631729,-0.7974921464920044
78,target,60,-0.16107435524463654,0.16457012295722961,-0.797665536403656
78,target,61,-0.16708506643772125,0.16371996700763702,-0.7974029183387756
78,target,62,-0.15281863510608673,0.15623414516448975,-0.7851552963256836
78,target,63,-0.15536588430404663,0.16366732120513916,-0.78197181224823
79,source,0,-0.10253787040710449,0.24686896800994873,-0.7830387949943542
79,source,1,-0.07634498178958893,0.19504544138908386,-0.8316816687583923
79,source,2,-0.12093546986579895,0.1795058399438858,-0.8282837867736816
79,source,3,-0.07737717032432556,0.19956304132938385,-0.8180277347564697
79,source,4,-0.08661650121212006,0.16963979601860046,-0.7950186729431152
79,source,5,-0.04988788068294525,0.02504892647266388,-0.5994692444801331
79,source,6,-0.07653117179870605,0.0688546821475029,-0.7289185523986816
79,source,7,-0.07054474949836731,0.12043493986129761,-0.6526660919189453
79,source,8,-0.09867995977401733,0.11742475628852844,-0.7044610381126404
79,source,9,-0.06122754514217377,0.20185554027557373,-0.6947792768478394
79,source,10,-0.04694363474845886,0.1787862628698349,-0.6559156775474548
79,source,11,-0.02605064958333969,0.1428654044866562,-0.6809658408164978
79,source,12,-0.05903123319149017,0.1966230422258377,-0.6689492464065552
79,source,13,-0.10055650770664215,0.21292462944984436,-0.7541052103042603
79,source,14,-0.05722217261791229,0.18289154767990112,-0.7698597311973572
79,source,15,-0.09592700004577637,0.1939714252948761,-0.7902398705482483
79,source,16,-0.11088450253009796,0.18649277091026306,-0.7968367338180542
79,source,17,-0.07385757565498352,0.13421714305877686,-0.7170787453651428
79,source,18,-0.03789922595024109,0.09657458961009979,-0.7166686654090881
79,source,19,-0.05254554748535156,0.14673690497875214,-0.7571951746940613
79,source,20,-0.024334944784641266,0.10969922691583633,-0.7460647225379944
79,source,21,-0.07915838062763214,0.06964758038520813,-0.7462605834007263
79,source,22,-0.0340258851647377,0.1414986550807953,-0.7030344605445862
79,source,23,-0.06044803559780121,0.19178248941898346,-0.72708660364151
79,source,24,-0.08443595468997955,0.12837433815002441,-0.7437013983726501
79,source,25,-0.08283574879169464,0.17992578446865082,-0.8165849447250366
79,source,26,-0.048805832862854004,0.17837268114089966,-0.7916841506958008
79,source,27,-0.06011869013309479,0.17344368994235992,-0.8147590160369873
79,source,28,-0.12569281458854675,0.17512305080890656,-0.8497203588485718
79,source,29,-0.05553793907165527,0.19457921385765076,-0.7605158686637878
79,source,30,-0.12924329936504364,0.17650862038135529,-0.8164576292037964
79,source,31,-0.028170377016067505,0.11808669567108154,-0.7321949005126953
79,source,32,-0.0348513126373291,0.14279229938983917,-0.7654383182525635
79,source,33,-0.11821693181991577,0.1842372566461563,-0.82597416639328
79,source,34,-0.13135991990566254,0.2024586945772171,-0.8096938133239746
79,source,35,-0.11249479651451111,0.17000538110733032,-0.8221200704574585
79,source,36,-0.11070498824119568,0.16323275864124298,-0.8039845824241638
79,source,37,-0.1293969750404358,0.1888282597064972,-0.8072065114974976
79,source,38,-0.09133899211883545,0.18300549685955048,-0.7965269088745117
79,source,39,-0.1158217042684555,0.18426331877708435,-0.8089817762374878
79,source,40,-0.07373721897602081,0.1967366337776184,-0.7256653904914856
79,source,41,-0.0732332170009613,0.19224457442760468,-0.6894035935401917
79,source,42,-0.1361181139945984,0.18891175091266632,-0.7690151929855347
79,source,43,-0.1377292424440384,0.20893001556396484,-0.7513002753257751
79,source,44,-0.15360024571418762,0.19690340757369995,-0.7695475220680237
79,source,45,-0.13622909784317017,0.19438189268112183,-0.7635521292686462
79,source,46,-0.184953972697258,0.26221150159835815,-0.8294144868850708
79,source,47,-0.09533093869686127,0.2844627797603607,-0.7753289341926575
79,source,48,-0.06939464807510376,0.2992669939994812,-0.7642210125923157
79,source,49,-0.1948498636484146,0.277021586894989,-0.8331270813941956
79,source,50,-0.1612134724855423,0.23644253611564636,-0.7839077115058899
79,source,51,-0.06747572124004364,0.197183758020401,-0.7764979600906372
79,source,52,-0.08025717735290527,0.23177111148834229,-0.7800630927085876
79,source,53,-0.05681760609149933,0.21684710681438446,-0.7862008810043335
79,source,54,-0.048609957098960876,0.20091408491134644,-0.7742577195167542
79,source,55,-0.047564178705215454,0.2341984659433365,-0.7478959560394287
79,source,56,-0.05785629153251648,0.26374757289886475,-0.7508260011672974
79,source,57,-0.05948612093925476,0.2506842017173767,-0.7753209471702576
79,source,58,-0.03228315711021423,0.22831714153289795,-0.7458444833755493
79,source,59,-0.057201698422431946,0.24785013496875763,-0.7826257944107056
79,source,60,-0.07171230018138885,0.2507874667644501,-0.78840571641922
79,source,61,-0.100888192653656,0.25048139691352844,-0.7898202538490295
79,source,62,-0.13306428492069244,0.24122929573059082,-0.8176120519638062
79,source,63,-0.0936056524515152,0.25580811500549316,-0.793601930141449
79,target,0,-0.14117953181266785,0.18089084327220917,-0.8042550683021545
79,target,1,-0.1544223129749298,0.18097782135009766,-0.784038782119751
79,target,2,-0.15005800127983093,0.19097453355789185,-0.816274881362915
79,target,3,-0.16415709257125854,0.1905003786087036,-0.8051294088363647
79,target,4,-0.14809361100196838,0.1844891607761383,-0.7854490280151367
79,target,5,-0.1596881002187729,0.19241654872894287,-0.8021101355552673
79,target,6,-0.1565244495868683,0.19620375335216522,-0.7995976209640503
79,target,7,-0.15809881687164307,0.20500731468200684,-0.8036298155784607
79,target,8,-0.15941068530082703,0.19464050233364105,-0.7946863174438477
79,target,9,-0.14643847942352295,0.1972109079360962,-0.808102011680603
79,target,10,-0.1564992517232895,0.18995822966098785,-0.8050397038459778
79,target,11,-0.1699707955121994,0.19549046456813812,-0.8089982867240906
79,target,12,-0.16762597858905792,0.181562140583992,-0.7954680323600769
79,target,13,-0.15911555290222168,0.1761474460363388,-0.79193115234375
79,target,14,-0.14176465570926666,0.19003114104270935,-0.8047098517417908
79,target,15,-0.18719105422496796,0.19048048555850983,-0.7897961735725403
79,target,16,-0.17036370933055878,0.19185426831245422,-0.7964835166931152
79,target,17,-0.1704811304807663,0.20235908031463623,-0.7989651560783386
79,target,18,-0.1677125245332718,0.19749577343463898,-0.7964427471160889
79,target,19,-0.17905043065547943,0.19682864844799042,-0.7982980608940125
79,target,20,-0.1694890409708023,0.20839153230190277,-0.8114302158355713
79,target,21,-0.15235678851604462,0.19532887637615204,-0.799163281917572
79,target,22,-0.1567079871892929,0.21760080754756927,-0.807417631149292
79,target,23,-0.1572895497083664,0.20398494601249695,-0.8018329739570618
79,target,24,-0.1625777631998062,0.2067808210849762,-0.8076336979866028
79,target,25,-0.17559988796710968,0.2039913535118103,-0.7981034517288208
79,target,26,-0.1679605394601822,0.18742765486240387,-0.7929668426513672
79,target,27,-0.15318061411380768,0.17580407857894897,-0.7682865858078003
79,target,28,-0.13149312138557434,0.1679784208536148,-0.7914057374000549
79,target,29,-0.16499750316143036,0.18414407968521118,-0.8099609017372131
79,target,30,-0.153713196516037,0.18992047011852264,-0.809495210647583
79,target,31,-0.1556852161884308,0.19121778011322021,-0.8011021018028259
79,target,32,-0.1460925191640854,0.1837773323059082,-0.8104751706123352
79,target,33,-0.15403200685977936,0.18906165659427643,-0.7983522415161133
79,target,34,-0.14568692445755005,0.1882932484149933,-0.8025059700012207
79,target,35,-0.14267116785049438,0.17951533198356628,-0.7909641265869141
79,target,36,-0.16920404136180878,0.18337619304656982,-0.7684094905853271
79,target,37,-0.16971378028392792,0.19057805836200714,-0.786683201789856
79,target,38,-0.1689312905073166,0.20968346297740936,-0.8043385744094849
79,target,39,-0.1616216003894806,0.20496901869773865,-0.8002505898475647
79,target,40,-0.16673527657985687,0.19831280410289764,-0.7967440485954285
79,target,41,-0.16639120876789093,0.20217791199684143,-0.796517550945282
79,target,42,-0.15568511188030243,0.1935143917798996,-0.8029640913009644
79,target,43,-0.17470897734165192,0.18576884269714355,-0.8022332191467285
79,target,44,-0.16910167038440704,0.20272494852542877,-0.8093148469924927
79,target,45,-0.18277914822101593,0.21328353881835938,-0.8079265356063843
79,target,46,-0.15067410469055176,0.19108398258686066,-0.8035035729408264
79,target,47,-0.1533306986093521,0.18516816198825836,-0.8064591884613037
79,target,48,-0.17200161516666412,0.19752244651317596,-0.8166078329086304
79,target,49,-0.1625521183013916,0.19545799493789673,-0.8005861639976501
79,target,50,-0.11898767948150635,0.17320479452610016,-0.8022544980049133
79,target,51,-0.12841849029064178,0.1725102961063385,-0.7824873924255371
79,target,52,-0.12567313015460968,0.1624322086572647,-0.8041328191757202
79,target,53,-0.14682722091674805,0.16931313276290894,-0.8024685382843018
79,target,54,-0.1333998739719391,0.16242359578609467,-0.7961565256118774
79,target,55,-0.15207943320274353,0.18106788396835327,-0.7983987331390381
79,target,56,-0.12581737339496613,0.18587851524353027,-0.7969386577606201
79,target,57,-0.13797736167907715,0.18768540024757385,-0.7985855340957642
79,target,58,-0.13664323091506958,0.1824929118156433,-0.7986975908279419
79,target,59,-0.14247892796993256,0.17522966861724854,-0.8026225566864014
79,target,60,-0.15240608155727386,0.17503321170806885,-0.8069993257522583
79,target,61,-0.16013146936893463,0.17216813564300537,-0.8047531247138977
79,target,62,-0.14227676391601562,0.16766442358493805,-0.7939484715461731
79,target,63,-0.14956478774547577,0.17578229308128357,-0.7880471348762512
80,source,0,-0.09699368476867676,0.24085432291030884,-0.779453694820404
80,source,1,-0.06658302247524261,0.18901459872722626,-0.828121542930603
80,source,2,-0.12194587290287018,0.17609982192516327,-0.8203712701797485
80,source,3,-0.06950782239437103,0.19200366735458374,-0.8101954460144043
80,source,4,-0.08302196860313416,0.16450829803943634,-0.7825406193733215
80,source,5,-0.059725865721702576,0.03477293252944946,-0.6127290725708008
80,source,6,-0.08116301894187927,0.07702269405126572,-0.7330852746963501
80,source,7,-0.07875129580497742,0.11585554480552673,-0.6689548492431641
80,source,8,-0.10491697490215302,0.11526259779930115,-0.7175588011741638
80,source,9,-0.06319428980350494,0.19366410374641418,-0.6857048273086548
80,source,10,-0.04621252417564392,0.17028971016407013,-0.6534780859947205
80,source,11,-0.030222252011299133,0.13741463422775269,-0.6860225200653076
80,source,12,-0.0579039603471756,0.18877576291561127,-0.6714022755622864
80,source,13,-0.09629535675048828,0.20621277391910553,-0.7452417612075806
80,source,14,-0.053775638341903687,0.17336377501487732,-0.7570359110832214
80,source,15,-0.09384280443191528,0.1896226704120636,-0.7789577841758728
80,source,16,-0.10090555250644684,0.18069052696228027,-0.7853744029998779
80,source,17,-0.07123886048793793,0.1303310990333557,-0.7143718004226685
80,source,18,-0.038503967225551605,0.09171782433986664,-0.728360116481781
80,source,19,-0.059201717376708984,0.14572684466838837,-0.7556188106536865
80,source,20,-0.028917796909809113,0.1049654483795166,-0.7457494735717773
80,source,21,-0.0946202427148819,0.0810745507478714,-0.7615693211555481
80,source,22,-0.03737339377403259,0.13393479585647583,-0.7054197192192078
80,source,23,-0.06052246689796448,0.1807153820991516,-0.7235027551651001
80,source,24,-0.08761806786060333,0.12749825417995453,-0.7519242167472839
80,source,25,-0.07867829501628876,0.17132879793643951,-0.8091760277748108
80,source,26,-0.04430069029331207,0.17336398363113403,-0.7910683751106262
80,source,27,-0.05408892035484314,0.1703125685453415,-0.8095587491989136
80,source,28,-0.11917798221111298,0.17050111293792725,-0.8404126167297363
80,source,29,-0.04812544584274292,0.18414287269115448,-0.750012993812561
80,source,30,-0.1144355833530426,0.1653662770986557,-0.794636070728302
80,source,31,-0.02922634780406952,0.11156958341598511,-0.7254443764686584
80,source,32,-0.03409060835838318,0.13292238116264343,-0.752886950969696
80,source,33,-0.11580637097358704,0.1719844937324524,-0.8123395442962646
80,source,34,-0.13006143271923065,0.19143937528133392,-0.7949556112289429
80,source,35,-0.11586779356002808,0.16456861793994904,-0.8107167482376099
80,source,36,-0.10904307663440704,0.157174214720726,-0.803830623626709
80,source,37,-0.1283416897058487,0.17834587395191193,-0.7962694764137268
80,source,38,-0.09657147526741028,0.17367932200431824,-0.7886325120925903
80,source,39,-0.11446221172809601,0.1764056384563446,-0.7971203923225403
80,source,40,-0.0691957026720047,0.1870405375957489,-0.7311512231826782
80,source,41,-0.07208608090877533,0.17905014753341675,-0.696099042892456
80,source,42,-0.12978439033031464,0.17611397802829742,-0.7734116911888123
80,source,43,-0.13224181532859802,0.19702300429344177,-0.7558329701423645
80,source,44,-0.14596696197986603,0.18382777273654938,-0.7729576826095581
80,source,45,-0.13323542475700378,0.18400418758392334,-0.7679876089096069
80,source,46,-0.18463878333568573,0.2570624351501465,-0.8327937722206116
80,source,47,-0.08568896353244781,0.2772265076637268,-0.7672325372695923
80,source,48,-0.06018194556236267,0.2911548614501953,-0.7572206258773804
80,source,49,-0.18816496431827545,0.2702116072177887,-0.8362606167793274
80,source,50,-0.16442513465881348,0.22641900181770325,-0.7767813205718994
80,source,51,-0.056090399622917175,0.18905213475227356,-0.7660051584243774
80,source,52,-0.06908409297466278,0.22084790468215942,-0.7708663940429688
80,source,53,-0.046651050448417664,0.2066192328929901,-0.775394082069397
80,source,54,-0.03950084000825882,0.19289521872997284,-0.7629788517951965
80,source,55,-0.03904072940349579,0.22390377521514893,-0.7337612509727478
80,source,56,-0.04899267852306366,0.2534954249858856,-0.7424889802932739
80,source,57,-0.04743573069572449,0.23856903612613678,-0.7661736011505127
80,source,58,-0.025589719414711,0.21584686636924744,-0.7368043065071106
80,source,59,-0.049672648310661316,0.23814436793327332,-0.7769354581832886
80,source,60,-0.06286118924617767,0.24132713675498962,-0.7802692651748657
80,source,61,-0.09205691516399384,0.23899632692337036,-0.7808687686920166
80,source,62,-0.1278994381427765,0.23302055895328522,-0.8057249188423157
80,source,63,-0.08464653789997101,0.24620401859283447,-0.7877435088157654
80,target,0,-0.13623572885990143,0.17058007419109344,-0.7973617315292358
80,target,1,-0.14947830140590668,0.17102102935314178,-0.7777845859527588
80,target,2,-0.1509227156639099,0.17886020243167877,-0.8104976415634155
80,target,3,-0.16616176068782806,0.17868506908416748,-0.8009760975837708
80,target,4,-0.14853325486183167,0.17929358780384064,-0.7804811596870422
80,target,5,-0.1582074761390686,0.18150301277637482,-0.7951205968856812
80,target,6,-0.15305626392364502,0.18213507533073425,-0.7957586050033569
80,target,7,-0.15419064462184906,0.19308286905288696,-0.7982972860336304
80,target,8,-0.15158295631408691,0.18226024508476257,-0.7888036370277405
80,target,9,-0.1428017020225525,0.18620438873767853,-0.8017628788948059
80,target,10,-0.14995914697647095,0.18055398762226105,-0.7999057769775391
80,target,11,-0.1647963672876358,0.1783353090286255,-0.8040145635604858
80,target,12,-0.16044554114341736,0.16954296827316284,-0.7903801202774048
80,target,13,-0.1549709290266037,0.16098366677761078,-0.7844960689544678
80,target,14,-0.13936665654182434,0.18358856439590454,-0.8015317320823669
80,target,15,-0.18182022869586945,0.18622134625911713,-0.783020555973053
80,target,16,-0.16506248712539673,0.183830127120018,-0.7918130159378052
80,target,17,-0.16331812739372253,0.19286151230335236,-0.7941854596138
80,target,18,-0.16580061614513397,0.1878633052110672,-0.7908686399459839
80,target,19,-0.1712065190076828,0.18677115440368652,-0.7908816337585449
80,target,20,-0.1688336879014969,0.19505208730697632,-0.8086625337600708
80,target,21,-0.14909477531909943,0.18673230707645416,-0.7956775426864624
80,target,22,-0.15287521481513977,0.20615030825138092,-0.8062220811843872
80,target,23,-0.15865552425384521,0.19715359807014465,-0.7972742319107056
80,target,24,-0.157669335603714,0.197356715798378,-0.8050267100334167
80,target,25,-0.1716354936361313,0.19731645286083221,-0.7941815257072449
80,target,26,-0.16232836246490479,0.1799030900001526,-0.7834637761116028
80,target,27,-0.14917658269405365,0.16878823935985565,-0.7577895522117615
80,target,28,-0.12641236186027527,0.16349925100803375,-0.7876723408699036
80,target,29,-0.162167027592659,0.1730499416589737,-0.7992681264877319
80,target,30,-0.14768639206886292,0.17727574706077576,-0.8054624795913696
80,target,31,-0.15037216246128082,0.17797967791557312,-0.7954096794128418
80,target,32,-0.14027276635169983,0.17509585618972778,-0.8044619560241699
80,target,33,-0.14990580081939697,0.1791771948337555,-0.7927407026290894
80,target,34,-0.13999812304973602,0.17899204790592194,-0.8010436296463013
80,target,35,-0.13587526977062225,0.16805434226989746,-0.7862051129341125
80,target,36,-0.16583721339702606,0.1726754605770111,-0.7599523067474365
80,target,37,-0.1660011261701584,0.18382659554481506,-0.7809480428695679
80,target,38,-0.16305461525917053,0.19942352175712585,-0.7987198233604431
80,target,39,-0.1596335619688034,0.19533835351467133,-0.7969241738319397
80,target,40,-0.15552347898483276,0.19137932360172272,-0.7923158407211304
80,target,41,-0.1582675278186798,0.19157420098781586,-0.7908852100372314
80,target,42,-0.1482759267091751,0.18367306888103485,-0.7984801530838013
80,target,43,-0.16738106310367584,0.17624346911907196,-0.7977661490440369
80,target,44,-0.17148269712924957,0.19092804193496704,-0.8051996231079102
80,target,45,-0.18405352532863617,0.20109093189239502,-0.8057379722595215
80,target,46,-0.1475086361169815,0.17864888906478882,-0.7988741993904114
80,target,47,-0.14915060997009277,0.17428581416606903,-0.8006769418716431
80,target,48,-0.17100416123867035,0.18591709434986115,-0.8115507364273071
80,target,49,-0.15741409361362457,0.1872646063566208,-0.7919474244117737
80,target,50,-0.11531107127666473,0.1704171597957611,-0.7968588471412659
80,target,51,-0.11716854572296143,0.16801536083221436,-0.7733945250511169
80,target,52,-0.11999097466468811,0.15809723734855652,-0.7981566190719604
80,target,53,-0.14070628583431244,0.1601795256137848,-0.7958934903144836
80,target,54,-0.1275603473186493,0.1564871370792389,-0.7903158664703369
80,target,55,-0.14434757828712463,0.17427489161491394,-0.790308952331543
80,target,56,-0.12300430238246918,0.1787421554327011,-0.7908493280410767
80,target,57,-0.1314534693956375,0.17896252870559692,-0.7902013659477234
80,target,58,-0.12858250737190247,0.17426840960979462,-0.7896734476089478
80,target,59,-0.13143518567085266,0.1660812497138977,-0.7945592999458313
80,target,60,-0.14585912227630615,0.16735714673995972,-0.7973157167434692
80,target,61,-0.14938993752002716,0.16502973437309265,-0.7950983047485352
80,target,62,-0.13575486838817596,0.16556552052497864,-0.7829293608665466
80,target,63,-0.14096549153327942,0.16915518045425415,-0.774623692035675
81,source,0,-0.10184209048748016,0.24648649990558624,-0.7870707511901855
81,source,1,-0.07253853976726532,0.19923192262649536,-0.8358029127120972
81,source,2,-0.12338614463806152,0.1887645572423935,-0.8267079591751099
81,source,3,-0.08117911219596863,0.2040097862482071,-0.8176196217536926
81,source,4,-0.08881166577339172,0.17136117815971375,-0.795229971408844
81,source,5,-0.07144872844219208,0.03678298741579056,-0.6303497552871704
81,source,6,-0.08891600370407104,0.08907855302095413,-0.7523588538169861
81,source,7,-0.07702562212944031,0.1262729912996292,-0.6842503547668457
81,source,8,-0.10166235268115997,0.12993445992469788,-0.730459451675415
81,source,9,-0.06734895706176758,0.2025030255317688,-0.6999399662017822
81,source,10,-0.04928915202617645,0.17823703587055206,-0.6685491800308228
81,source,11,-0.03600430488586426,0.14077556133270264,-0.7048144936561584
81,source,12,-0.06225605309009552,0.19597391784191132,-0.6839528679847717
81,source,13,-0.09792058169841766,0.20971596240997314,-0.7539610862731934
81,source,14,-0.060013651847839355,0.17759805917739868,-0.7698265910148621
81,source,15,-0.0982053279876709,0.19631414115428925,-0.7875352501869202
81,source,16,-0.10601066052913666,0.18773990869522095,-0.7956721186637878
81,source,17,-0.08250872790813446,0.13819266855716705,-0.7298665642738342
81,source,18,-0.05150754749774933,0.10367320477962494,-0.7544971108436584
81,source,19,-0.06335526704788208,0.15488845109939575,-0.7715818285942078
81,source,20,-0.03855528682470322,0.11570843309164047,-0.7630831003189087
81,source,21,-0.09560343623161316,0.0972149521112442,-0.7792362570762634
81,source,22,-0.04746584594249725,0.1385505199432373,-0.7223663926124573
81,source,23,-0.067408487200737,0.18824252486228943,-0.7358319163322449
81,source,24,-0.09057512879371643,0.13548383116722107,-0.7650529146194458
81,source,25,-0.08301997184753418,0.18335475027561188,-0.8149213790893555
81,source,26,-0.05666588246822357,0.18796969950199127,-0.8021715879440308
81,source,27,-0.059692949056625366,0.17952494323253632,-0.8163708448410034
81,source,28,-0.12901915609836578,0.18291693925857544,-0.8392683267593384
81,source,29,-0.06210111081600189,0.19377335906028748,-0.7637015581130981
81,source,30,-0.11898407340049744,0.17674219608306885,-0.800880491733551
81,source,31,-0.036555156111717224,0.11648258566856384,-0.7432830333709717
81,source,32,-0.04168516397476196,0.1430908590555191,-0.7724283933639526
81,source,33,-0.117482990026474,0.18693608045578003,-0.8235270380973816
81,source,34,-0.13348273932933807,0.20225265622138977,-0.8071961402893066
81,source,35,-0.11352460086345673,0.17932279407978058,-0.8224601745605469
81,source,36,-0.11015044152736664,0.17091740667819977,-0.8172827363014221
81,source,37,-0.12740002572536469,0.1934145838022232,-0.8129909634590149
81,source,38,-0.10004760324954987,0.18648400902748108,-0.8005396723747253
81,source,39,-0.11886550486087799,0.19062083959579468,-0.8115667104721069
81,source,40,-0.07399256527423859,0.1925935000181198,-0.7442620992660522
81,source,41,-0.07784196734428406,0.18319100141525269,-0.7082754969596863
81,source,42,-0.12994305789470673,0.18550485372543335,-0.7813849449157715
81,source,43,-0.12996429204940796,0.2070990800857544,-0.755085825920105
81,source,44,-0.14226886630058289,0.19089630246162415,-0.7704591155052185
81,source,45,-0.13422413170337677,0.18989163637161255,-0.7680844068527222
81,source,46,-0.1823960691690445,0.2593068480491638,-0.8330038189888
81,source,47,-0.09293130040168762,0.28266942501068115,-0.7770261764526367
81,source,48,-0.06542746722698212,0.29542362689971924,-0.7702651619911194
81,source,49,-0.18979676067829132,0.2745971381664276,-0.8368396162986755
81,source,50,-0.15688523650169373,0.22897595167160034,-0.779294490814209
81,source,51,-0.06543566286563873,0.19919940829277039,-0.7756031155586243
81,source,52,-0.0772693008184433,0.22869956493377686,-0.78253173828125
81,source,53,-0.06112782657146454,0.21867430210113525,-0.7902917861938477
81,source,54,-0.04811277985572815,0.2027469128370285,-0.7746633887290955
81,source,55,-0.05136615037918091,0.23248040676116943,-0.7460278272628784
81,source,56,-0.06168738007545471,0.26131272315979004,-0.7594822645187378
81,source,57,-0.05649319291114807,0.24558869004249573,-0.7789512872695923
81,source,58,-0.03712976723909378,0.21928554773330688,-0.7546956539154053
81,source,59,-0.06420686841011047,0.24546083807945251,-0.7913070917129517
81,source,60,-0.07121852040290833,0.24996188282966614,-0.789786696434021
81,source,61,-0.10139600932598114,0.2466578483581543,-0.7902564406394958
81,source,62,-0.13273370265960693,0.24047598242759705,-0.809640645980835
81,source,63,-0.09270982444286346,0.2541055679321289,-0.7988726496696472
81,target,0,-0.1366872787475586,0.18246251344680786,-0.7982357740402222
81,target,1,-0.14280574023723602,0.18017162382602692,-0.7803412675857544
81,target,2,-0.15046852827072144,0.18435348570346832,-0.8070415258407593
81,target,3,-0.16055214405059814,0.180482417345047,-0.7984205484390259
81,target,4,-0.145268052816391,0.184500589966774,-0.7845185995101929
81,target,5,-0.15731924772262573,0.18835154175758362,-0.7964188456535339
81,target,6,-0.15155205130577087,0.19293545186519623,-0.7949703335762024
81,target,7,-0.15146006643772125,0.20548772811889648,-0.7979650497436523
81,target,8,-0.1493166834115982,0.18880797922611237,-0.7917746901512146
81,target,9,-0.14321313798427582,0.19365927577018738,-0.8015344142913818
81,target,10,-0.1488518863916397,0.18542996048927307,-0.7955740690231323
81,target,11,-0.1598583161830902,0.18699856102466583,-0.8042566180229187
81,target,12,-0.15673796832561493,0.17910800874233246,-0.7880026698112488
81,target,13,-0.14824891090393066,0.16656213998794556,-0.785130500793457
81,target,14,-0.13744734227657318,0.18657109141349792,-0.8032432794570923
81,target,15,-0.1805049031972885,0.19260331988334656,-0.7848564982414246
81,target,16,-0.15921124815940857,0.18991363048553467,-0.7937594652175903
81,target,17,-0.16093260049819946,0.1999398171901703,-0.7934414744377136
81,target,18,-0.15709207952022552,0.19336368143558502,-0.790391743183136
81,target,19,-0.16585858166217804,0.1950283795595169,-0.7908598780632019
81,target,20,-0.16815434396266937,0.1983872354030609,-0.8056682348251343
81,target,21,-0.14840227365493774,0.1901043951511383,-0.7969155311584473
81,target,22,-0.15322013199329376,0.20608723163604736,-0.8033995032310486
81,target,23,-0.156385138630867,0.19760441780090332,-0.7992276549339294
81,target,24,-0.1550973653793335,0.19976742565631866,-0.8042795062065125
81,target,25,-0.17047394812107086,0.20172682404518127,-0.7961313724517822
81,target,26,-0.16071724891662598,0.18381041288375854,-0.786148726940155
81,target,27,-0.14697778224945068,0.17564637959003448,-0.7638095617294312
81,target,28,-0.12694931030273438,0.1699780523777008,-0.7853639721870422
81,target,29,-0.15552456676959991,0.18067815899848938,-0.7979930639266968
81,target,30,-0.14594142138957977,0.18455663323402405,-0.8055614233016968
81,target,31,-0.14720624685287476,0.18383142352104187,-0.7945147752761841
81,target,32,-0.1414681077003479,0.18456614017486572,-0.8046424388885498
81,target,33,-0.15017461776733398,0.1885710060596466,-0.7950007319450378
81,target,34,-0.14370137453079224,0.1864878535270691,-0.8001675605773926
81,target,35,-0.1354433298110962,0.18041960895061493,-0.7875303030014038
81,target,36,-0.16260944306850433,0.1769138127565384,-0.7651771903038025
81,target,37,-0.16329888999462128,0.18487493693828583,-0.7832722067832947
81,target,38,-0.1588030606508255,0.2053983211517334,-0.8016560077667236
81,target,39,-0.1618712693452835,0.19946151971817017,-0.797973096370697
81,target,40,-0.15503448247909546,0.1995379626750946,-0.7964799404144287
81,target,41,-0.15725788474082947,0.19695690274238586,-0.7955806255340576
81,target,42,-0.14736992120742798,0.19155411422252655,-0.8009749054908752
81,target,43,-0.16363483667373657,0.1837124228477478,-0.7982311844825745
81,target,44,-0.16762308776378632,0.19131383299827576,-0.8037919402122498
81,target,45,-0.1795661300420761,0.2035835087299347,-0.800853967666626
81,target,46,-0.14232487976551056,0.18856027722358704,-0.7998459935188293
81,target,47,-0.14698030054569244,0.1812780350446701,-0.8019460439682007
81,target,48,-0.16737718880176544,0.19021056592464447,-0.8089070320129395
81,target,49,-0.15394935011863708,0.19169007241725922,-0.7942436337471008
81,target,50,-0.126136913895607,0.17828206717967987,-0.8029049634933472
81,target,51,-0.1280559003353119,0.17943426966667175,-0.7882236242294312
81,target,52,-0.12882506847381592,0.16951291263103485,-0.8077495098114014
81,target,53,-0.14697659015655518,0.16894608736038208,-0.8090617060661316
81,target,54,-0.13912586867809296,0.16546139121055603,-0.8015708327293396
81,target,55,-0.1518891602754593,0.18226560950279236,-0.8030778169631958
81,target,56,-0.13031195104122162,0.18584544956684113,-0.8004375100135803
81,target,57,-0.13803617656230927,0.18884435296058655,-0.8021284341812134
81,target,58,-0.13313615322113037,0.18163874745368958,-0.8033833503723145
81,target,59,-0.14029383659362793,0.17602218687534332,-0.8057844638824463
81,target,60,-0.15691497921943665,0.17908437550067902,-0.8054813742637634
81,target,61,-0.15983350574970245,0.1784631907939911,-0.807049572467804
81,target,62,-0.1423705518245697,0.17471379041671753,-0.7936702966690063
81,target,63,-0.14745205640792847,0.17946486175060272,-0.7872296571731567
82,source,0,-0.09747688472270966,0.23982305824756622,-0.7784970998764038
82,source,1,-0.06987360119819641,0.19262365996837616,-0.8279238939285278
82,source,2,-0.11654098331928253,0.181997150182724,-0.8117273449897766
82,source,3,-0.07303066551685333,0.19767871499061584,-0.8045332431793213
82,source,4,-0.08241380751132965,0.1643688976764679,-0.7807965278625488
82,source,5,-0.06279325485229492,0.04018296301364899,-0.628518283367157
82,source,6,-0.08276598155498505,0.08301348239183426,-0.7374861240386963
82,source,7,-0.07384279370307922,0.12058868259191513,-0.6733553409576416
82,source,8,-0.10113395750522614,0.12207335233688354,-0.7165325284004211
82,source,9,-0.06595918536186218,0.1905381977558136,-0.6904934644699097
82,source,10,-0.051724642515182495,0.16490286588668823,-0.6608298420906067
82,source,11,-0.033298902213573456,0.13713641464710236,-0.6890614628791809
82,source,12,-0.06458407640457153,0.18507149815559387,-0.6684755682945251
82,source,13,-0.09297299385070801,0.20498013496398926,-0.7477880716323853
82,source,14,-0.05127669870853424,0.16879941523075104,-0.7576325535774231
82,source,15,-0.09205344319343567,0.19238993525505066,-0.7775045037269592
82,source,16,-0.09936784207820892,0.17782196402549744,-0.7827471494674683
82,source,17,-0.0719810277223587,0.1276589035987854,-0.7097465991973877
82,source,18,-0.04214604198932648,0.09217385947704315,-0.7297399640083313
82,source,19,-0.060783013701438904,0.14865486323833466,-0.7581113576889038
82,source,20,-0.0321815088391304,0.10623960196971893,-0.752269983291626
82,source,21,-0.09789583086967468,0.08443271368741989,-0.7635371685028076
82,source,22,-0.03956100344657898,0.13426539301872253,-0.7135264873504639
82,source,23,-0.06184038519859314,0.18028131127357483,-0.7230299711227417
82,source,24,-0.08148092031478882,0.12658946216106415,-0.7506282925605774
82,source,25,-0.07673341035842896,0.17392443120479584,-0.8005024194717407
82,source,26,-0.052217453718185425,0.17536433041095734,-0.7861161231994629
82,source,27,-0.05178658664226532,0.16451014578342438,-0.8049383163452148
82,source,28,-0.11674557626247406,0.16971640288829803,-0.8323994874954224
82,source,29,-0.055873364210128784,0.1812857687473297,-0.7481903433799744
82,source,30,-0.11677566170692444,0.16625462472438812,-0.7907511591911316
82,source,31,-0.02714676409959793,0.11156030744314194,-0.7328253984451294
82,source,32,-0.035287775099277496,0.13284367322921753,-0.755052924156189
82,source,33,-0.11179560422897339,0.18492387235164642,-0.8048731684684753
82,source,34,-0.13281965255737305,0.19697964191436768,-0.7874994874000549
82,source,35,-0.11437499523162842,0.17151756584644318,-0.8054884672164917
82,source,36,-0.10594353079795837,0.16306844353675842,-0.7956650853157043
82,source,37,-0.12872005999088287,0.18550345301628113,-0.7938995957374573
82,source,38,-0.0984506905078888,0.1796012818813324,-0.7825108766555786
82,source,39,-0.11451925337314606,0.18282684683799744,-0.7922497391700745
82,source,40,-0.07599939405918121,0.18831965327262878,-0.7317211031913757
82,source,41,-0.07829447090625763,0.18242059648036957,-0.7023372054100037
82,source,42,-0.1354154348373413,0.18127049505710602,-0.765137791633606
82,source,43,-0.13464951515197754,0.20019811391830444,-0.7491657733917236
82,source,44,-0.14779527485370636,0.18561197817325592,-0.7645963430404663
82,source,45,-0.13661494851112366,0.1834997832775116,-0.7620201110839844
82,source,46,-0.17866183817386627,0.2594594359397888,-0.8277104496955872
82,source,47,-0.08991645276546478,0.27959686517715454,-0.76844322681427
82,source,48,-0.06297613680362701,0.29153934121131897,-0.7599931955337524
82,source,49,-0.18637807667255402,0.27250802516937256,-0.8339974284172058
82,source,50,-0.1588446944952011,0.2315651923418045,-0.7753480672836304
82,source,51,-0.06047159433364868,0.18889003992080688,-0.7660167813301086
82,source,52,-0.07697093486785889,0.22056744992733002,-0.7721417546272278
82,source,53,-0.05285792052745819,0.20741423964500427,-0.7791529893875122
82,source,54,-0.042643383145332336,0.18915444612503052,-0.7669775485992432
82,source,55,-0.04054798185825348,0.22136150300502777,-0.7363473773002625
82,source,56,-0.052787452936172485,0.2548404335975647,-0.7453733086585999
82,source,57,-0.04663407802581787,0.24029605090618134,-0.7662056088447571
82,source,58,-0.026791401207447052,0.2140849530696869,-0.7414730191230774
82,source,59,-0.05523599684238434,0.23808366060256958,-0.775623083114624
82,source,60,-0.060765981674194336,0.2427535355091095,-0.7793542742729187
82,source,61,-0.09459808468818665,0.2399803102016449,-0.7789716124534607
82,source,62,-0.12174676358699799,0.23672977089881897,-0.7987251281738281
82,source,63,-0.08529099822044373,0.24918386340141296,-0.7851292490959167
82,target,0,-0.13948401808738708,0.1745830774307251,-0.7849532961845398
82,target,1,-0.14782820641994476,0.1700693666934967,-0.768004298210144
82,target,2,-0.15219555795192719,0.18140077590942383,-0.80079185962677
82,target,3,-0.1646164357662201,0.17849530279636383,-0.7928850054740906
82,target,4,-0.1495419442653656,0.17679525911808014,-0.7709984183311462
82,target,5,-0.1570427119731903,0.17821627855300903,-0.7838118672370911
82,target,6,-0.15362580120563507,0.18214264512062073,-0.78071129322052
82,target,7,-0.15325762331485748,0.19712920486927032,-0.7828475832939148
82,target,8,-0.15221178531646729,0.18110094964504242,-0.7746456265449524
82,target,9,-0.1441212147474289,0.1863694190979004,-0.7894607186317444
82,target,10,-0.15535689890384674,0.18265847861766815,-0.7918592691421509
82,target,11,-0.1660931557416916,0.1824137270450592,-0.7925183176994324
82,target,12,-0.16469228267669678,0.16855762898921967,-0.7801647186279297
82,target,13,-0.15634803473949432,0.16363725066184998,-0.7823148965835571
82,target,14,-0.139642134308815,0.1789366602897644,-0.7990204095840454
82,target,15,-0.18368415534496307,0.18423029780387878,-0.7740117311477661
82,target,16,-0.16267883777618408,0.1833430528640747,-0.7842223644256592
82,target,17,-0.1648799479007721,0.19472190737724304,-0.7831144332885742
82,target,18,-0.16033412516117096,0.18898501992225647,-0.7847294211387634
82,target,19,-0.1713353842496872,0.18716071546077728,-0.7813615798950195
82,target,20,-0.16950713098049164,0.19669754803180695,-0.8011480569839478
82,target,21,-0.15631011128425598,0.18655073642730713,-0.7937313318252563
82,target,22,-0.1577337682247162,0.20764528214931488,-0.7967320084571838
82,target,23,-0.16165025532245636,0.19628730416297913,-0.7939366698265076
82,target,24,-0.15749740600585938,0.19740235805511475,-0.7955598831176758
82,target,25,-0.17018701136112213,0.19567367434501648,-0.7835280299186707
82,target,26,-0.16609393060207367,0.17659524083137512,-0.7806368470191956
82,target,27,-0.14673300087451935,0.1657838374376297,-0.7502651214599609
82,target,28,-0.1261076182126999,0.16273397207260132,-0.782996654510498
82,target,29,-0.16333948075771332,0.17543768882751465,-0.7911972403526306
82,target,30,-0.1495780348777771,0.1811840832233429,-0.7910280823707581
82,target,31,-0.15319706499576569,0.17880819737911224,-0.7855005264282227
82,target,32,-0.14379961788654327,0.17836353182792664,-0.7933874726295471
82,target,33,-0.15448282659053802,0.1816360354423523,-0.7792304158210754
82,target,34,-0.145727276802063,0.18255864083766937,-0.7874966859817505
82,target,35,-0.13914580643177032,0.1715521216392517,-0.7763418555259705
82,target,36,-0.16944251954555511,0.17016056180000305,-0.7506982684135437
82,target,37,-0.16781730949878693,0.1797650307416916,-0.773227870464325
82,target,38,-0.1602334976196289,0.19980672001838684,-0.7916813492774963
82,target,39,-0.16342949867248535,0.1962384581565857,-0.7878138422966003
82,target,40,-0.15980663895606995,0.19082438945770264,-0.77362060546875
82,target,41,-0.16150836646556854,0.19344554841518402,-0.7799042463302612
82,target,42,-0.14885546267032623,0.1876656711101532,-0.7849512100219727
82,target,43,-0.16702567040920258,0.17870241403579712,-0.7842486500740051
82,target,44,-0.17352916300296783,0.19069711863994598,-0.8029274940490723
82,target,45,-0.18302033841609955,0.2005344033241272,-0.794552206993103
82,target,46,-0.14617277681827545,0.18113407492637634,-0.7870309352874756
82,target,47,-0.1524900645017624,0.1744982749223709,-0.7922537326812744
82,target,48,-0.16947607696056366,0.18391774594783783,-0.8026021718978882
82,target,49,-0.15840928256511688,0.18747630715370178,-0.7810790538787842
82,target,50,-0.12126852571964264,0.17271779477596283,-0.7948442697525024
82,target,51,-0.12281505763530731,0.17176125943660736,-0.7728731632232666
82,target,52,-0.1288319081068039,0.16387656331062317,-0.7947043180465698
82,target,53,-0.14135070145130157,0.1608550250530243,-0.7906870245933533
82,target,54,-0.13596509397029877,0.16001150012016296,-0.7897655367851257
82,target,55,-0.14458806812763214,0.17470307648181915,-0.7892752885818481
82,target,56,-0.12528473138809204,0.18027721345424652,-0.7868510484695435
82,target,57,-0.13479983806610107,0.18094822764396667,-0.7882988452911377
82,target,58,-0.12874427437782288,0.17423895001411438,-0.7866367101669312
82,target,59,-0.1342296153306961,0.1678205281496048,-0.7924511432647705
82,target,60,-0.15172094106674194,0.16961334645748138,-0.792161762714386
82,target,61,-0.15300457179546356,0.16918224096298218,-0.7870275974273682
82,target,62,-0.13904370367527008,0.16970568895339966,-0.7808732986450195
82,target,63,-0.14723065495491028,0.16843688488006592,-0.7755022644996643
83,source,0,-0.10872599482536316,0.24635854363441467,-0.7795999646186829
83,source,1,-0.08232927322387695,0.20481635630130768,-0.8263166546821594
83,source,2,-0.12318331003189087,0.1874348223209381,-0.8166210651397705
83,source,3,-0.08298084139823914,0.206800639629364,-0.8122225403785706
83,source,4,-0.09547053277492523,0.17363420128822327,-0.7889912128448486
83,source,5,-0.07341225445270538,0.04556240141391754,-0.6313809156417847
83,source,6,-0.08764725923538208,0.09599959850311279,-0.748896062374115
83,source,7,-0.07225830852985382,0.1265624761581421,-0.6769779324531555
83,source,8,-0.09520232677459717,0.12522612512111664,-0.726542592048645
83,source,9,-0.07246802747249603,0.20225484669208527,-0.6966838836669922
83,source,10,-0.06114166975021362,0.17991316318511963,-0.6695684194564819
83,source,11,-0.044156044721603394,0.1486586481332779,-0.6959444880485535
83,source,12,-0.06844887137413025,0.1987641155719757,-0.6783093810081482
83,source,13,-0.10734203457832336,0.21607068181037903,-0.7528201341629028
83,source,14,-0.06596094369888306,0.18269583582878113,-0.7630903124809265
83,source,15,-0.10270003974437714,0.2016131728887558,-0.7851082682609558
83,source,16,-0.10723166167736053,0.1857161521911621,-0.7889311909675598
83,source,17,-0.0770881325006485,0.13583122193813324,-0.7180754542350769
83,source,18,-0.04476892948150635,0.09983855485916138,-0.7379487752914429
83,source,19,-0.06724843382835388,0.15790186822414398,-0.7574654221534729
83,source,20,-0.03422699123620987,0.11726120114326477,-0.7556599378585815
83,source,21,-0.09230479598045349,0.09975825250148773,-0.7660996913909912
83,source,22,-0.04916408658027649,0.14361703395843506,-0.7196135520935059
83,source,23,-0.07043817639350891,0.1879885345697403,-0.7319585680961609
83,source,24,-0.08441735804080963,0.13677996397018433,-0.7553915977478027
83,source,25,-0.09026889503002167,0.184650719165802,-0.8068462014198303
83,source,26,-0.060158148407936096,0.18367254734039307,-0.7921909689903259
83,source,27,-0.0635216236114502,0.17674514651298523,-0.8069828748703003
83,source,28,-0.12246084213256836,0.18131189048290253,-0.837306797504425
83,source,29,-0.06856876611709595,0.1926238238811493,-0.75844806432724
83,source,30,-0.1260627657175064,0.18085412681102753,-0.8003479242324829
83,source,31,-0.041353464126586914,0.1210358738899231,-0.7426499724388123
83,source,32,-0.04912067949771881,0.14520275592803955,-0.7673484086990356
83,source,33,-0.12365700304508209,0.18582819402217865,-0.8131170272827148
83,source,34,-0.14091582596302032,0.20039723813533783,-0.7984669208526611
83,source,35,-0.11421763896942139,0.17502348124980927,-0.8105648159980774
83,source,36,-0.10879497230052948,0.1667977273464203,-0.8002376556396484
83,source,37,-0.12958937883377075,0.1890493929386139,-0.7961327433586121
83,source,38,-0.10082623362541199,0.18620064854621887,-0.7903009653091431
83,source,39,-0.11831094324588776,0.18955481052398682,-0.7973718643188477
83,source,40,-0.07763852179050446,0.19436435401439667,-0.7297410368919373
83,source,41,-0.08546815812587738,0.18601596355438232,-0.696480929851532
83,source,42,-0.1298612654209137,0.1854424774646759,-0.7754817008972168
83,source,43,-0.13323399424552917,0.20721285045146942,-0.756881058216095
83,source,44,-0.14780813455581665,0.19288867712020874,-0.7758501172065735
83,source,45,-0.13257500529289246,0.18967926502227783,-0.773094892501831
83,source,46,-0.19332127273082733,0.2639521360397339,-0.8291099071502686
83,source,47,-0.10553388297557831,0.2841615080833435,-0.7725359201431274
83,source,48,-0.07662072777748108,0.2972472310066223,-0.7630031704902649
83,source,49,-0.20153330266475677,0.27737778425216675,-0.8351594805717468
83,source,50,-0.17000876367092133,0.23593837022781372,-0.778663694858551
83,source,51,-0.07300598919391632,0.1999073475599289,-0.770917534828186
83,source,52,-0.09054099023342133,0.22941473126411438,-0.7801990509033203
83,source,53,-0.06902037560939789,0.22093850374221802,-0.7823078036308289
83,source,54,-0.052227914333343506,0.20077183842658997,-0.7667428255081177
83,source,55,-0.06022273004055023,0.23294848203659058,-0.7425473928451538
83,source,56,-0.07201091945171356,0.2642861306667328,-0.755707323551178
83,source,57,-0.06325413286685944,0.24957719445228577,-0.7730362415313721
83,source,58,-0.043713197112083435,0.22355976700782776,-0.750594973564148
83,source,59,-0.07028254866600037,0.24625490605831146,-0.7850449681282043
83,source,60,-0.07762445509433746,0.2518322765827179,-0.782425045967102
83,source,61,-0.10836608707904816,0.24508380889892578,-0.784989595413208
83,source,62,-0.13500694930553436,0.23808056116104126,-0.8063668012619019
83,source,63,-0.10045018792152405,0.255466103553772,-0.7917506694793701
83,target,0,-0.14032210409641266,0.1792547106742859,-0.796813428401947
83,target,1,-0.15022525191307068,0.17713044583797455,-0.7804280519485474
83,target,2,-0.1507091522216797,0.18554452061653137,-0.8117810487747192
83,target,3,-0.16146814823150635,0.18341957032680511,-0.8042382597923279
83,target,4,-0.1527763158082962,0.18547707796096802,-0.7838810682296753
83,target,5,-0.15694111585617065,0.18687282502651215,-0.7979021668434143
83,target,6,-0.15291455388069153,0.1871730238199234,-0.7960148453712463
83,target,7,-0.1537531316280365,0.19806116819381714,-0.7986243963241577
83,target,8,-0.1553548276424408,0.18741577863693237,-0.7864648103713989
83,target,9,-0.14347417652606964,0.1897597461938858,-0.8033509254455566
83,target,10,-0.15453849732875824,0.18765214085578918,-0.803750216960907
83,target,11,-0.16000470519065857,0.18450936675071716,-0.8056110143661499
83,target,12,-0.1598310023546219,0.17606954276561737,-0.7888603210449219
83,target,13,-0.1502588540315628,0.16762399673461914,-0.7937949299812317
83,target,14,-0.1394483596086502,0.1858619749546051,-0.8065605163574219
83,target,15,-0.18327291309833527,0.19085989892482758,-0.7855901122093201
83,target,16,-0.1645362824201584,0.1881391555070877,-0.795911431312561
83,target,17,-0.16531893610954285,0.19835412502288818,-0.7934032678604126
83,target,18,-0.1604122668504715,0.19086620211601257,-0.7923646569252014
83,target,19,-0.17414455115795135,0.19209635257720947,-0.7883564829826355
83,target,20,-0.1638329178094864,0.19932816922664642,-0.807653546333313
83,target,21,-0.15313012897968292,0.19321738183498383,-0.8009870648384094
83,target,22,-0.15537139773368835,0.20822715759277344,-0.806056559085846
83,target,23,-0.16155120730400085,0.19938406348228455,-0.800815224647522
83,target,24,-0.15908730030059814,0.2017100751399994,-0.8048679828643799
83,target,25,-0.17613448202610016,0.1998826265335083,-0.7904178500175476
83,target,26,-0.16433776915073395,0.18241195380687714,-0.7870880961418152
83,target,27,-0.1545877307653427,0.17437443137168884,-0.7652942538261414
83,target,28,-0.12798954546451569,0.17148908972740173,-0.791726291179657
83,target,29,-0.16209524869918823,0.18317551910877228,-0.8018217086791992
83,target,30,-0.14751511812210083,0.18319450318813324,-0.8029618263244629
83,target,31,-0.14925292134284973,0.18149447441101074,-0.7954177856445312
83,target,32,-0.14094235002994537,0.18477007746696472,-0.8070611953735352
83,target,33,-0.1554977297782898,0.1880342662334442,-0.7941609025001526
83,target,34,-0.14505347609519958,0.18417146801948547,-0.7999227643013
83,target,35,-0.14260375499725342,0.17886580526828766,-0.7854867577552795
83,target,36,-0.16671232879161835,0.17254221439361572,-0.7676032185554504
83,target,37,-0.16631992161273956,0.18594729900360107,-0.7865716814994812
83,target,38,-0.16345274448394775,0.2042132318019867,-0.8000686764717102
83,target,39,-0.16184566915035248,0.19849291443824768,-0.7974128723144531
83,target,40,-0.16349941492080688,0.19545744359493256,-0.7977955341339111
83,target,41,-0.1635357141494751,0.19135890901088715,-0.7985867857933044
83,target,42,-0.15231913328170776,0.1857721209526062,-0.8009031414985657
83,target,43,-0.17049475014209747,0.17812375724315643,-0.7987880110740662
83,target,44,-0.1699417680501938,0.19409389793872833,-0.8086599111557007
83,target,45,-0.18430744111537933,0.20632334053516388,-0.8042562007904053
83,target,46,-0.1462325155735016,0.1869809776544571,-0.7981812357902527
83,target,47,-0.14925414323806763,0.179687038064003,-0.8040042519569397
83,target,48,-0.16800768673419952,0.19129954278469086,-0.8122064471244812
83,target,49,-0.16462917625904083,0.19243721663951874,-0.7954022884368896
83,target,50,-0.1280326247215271,0.1844719797372818,-0.8001224994659424
83,target,51,-0.12834468483924866,0.18035630881786346,-0.7816344499588013
83,target,52,-0.1308864951133728,0.16974501311779022,-0.7985530495643616
83,target,53,-0.14515917003154755,0.1684592068195343,-0.7956640720367432
83,target,54,-0.13860273361206055,0.16820476949214935,-0.7950150966644287
83,target,55,-0.15012536942958832,0.1838199645280838,-0.7964763045310974
83,target,56,-0.13000604510307312,0.18943509459495544,-0.7946625351905823
83,target,57,-0.14019130170345306,0.18970784544944763,-0.795183539390564
83,target,58,-0.13575206696987152,0.1844051629304886,-0.7933822274208069
83,target,59,-0.13929247856140137,0.17777137458324432,-0.7972928881645203
83,target,60,-0.15080218017101288,0.17906421422958374,-0.7965274453163147
83,target,61,-0.15280738472938538,0.17355427145957947,-0.7919676303863525
83,target,62,-0.14139054715633392,0.17470844089984894,-0.7880895137786865
83,target,63,-0.14636607468128204,0.17809441685676575,-0.781642496585846
84,source,0,-0.09433189034461975,0.2401117980480194,-0.7775851488113403
84,source,1,-0.0701696127653122,0.1920325607061386,-0.8280845284461975
84,source,2,-0.1108284443616867,0.17154623568058014,-0.8194419145584106
84,source,3,-0.0682239830493927,0.1965162456035614,-0.8128243684768677
84,source,4,-0.0791541188955307,0.16061334311962128,-0.7878434658050537
84,source,5,-0.04834163188934326,0.024365872144699097,-0.6082561612129211
84,source,6,-0.07513797283172607,0.07137525081634521,-0.7350778579711914
84,source,7,-0.06117205321788788,0.10693783313035965,-0.6626505255699158
84,source,8,-0.09059418737888336,0.10709352791309357,-0.7129591703414917
84,source,9,-0.054311275482177734,0.1951693594455719,-0.6857303380966187
84,source,10,-0.04620102047920227,0.1677730828523636,-0.6558663249015808
84,source,11,-0.02650885283946991,0.13397738337516785,-0.6817091703414917
84,source,12,-0.05426196753978729,0.18747583031654358,-0.6660375595092773
84,source,13,-0.09338454902172089,0.20489750802516937,-0.7459922432899475
84,source,14,-0.04725553095340729,0.1719294786453247,-0.7578355073928833
84,source,15,-0.09109066426753998,0.19001182913780212,-0.7833794951438904
84,source,16,-0.09592287242412567,0.17755600810050964,-0.7904151678085327
84,source,17,-0.06321187317371368,0.1198992133140564,-0.7176086902618408
84,source,18,-0.03222978115081787,0.0822262167930603,-0.7290512323379517
84,source,19,-0.056175827980041504,0.14352963864803314,-0.7531077861785889
84,source,20,-0.022511914372444153,0.10022370517253876,-0.7487928867340088
84,source,21,-0.08263522386550903,0.06962217390537262,-0.7602306008338928
84,source,22,-0.035344868898391724,0.1316719651222229,-0.7105714678764343
84,source,23,-0.057843759655952454,0.17779475450515747,-0.7264994382858276
84,source,24,-0.0773579329252243,0.11897683143615723,-0.7523695826530457
84,source,25,-0.07520520687103271,0.17300094664096832,-0.8105233311653137
84,source,26,-0.04544369876384735,0.17443256080150604,-0.7950759530067444
84,source,27,-0.049011051654815674,0.16695253551006317,-0.8117245435714722
84,source,28,-0.11080664396286011,0.16706259548664093,-0.8422584533691406
84,source,29,-0.050482675433158875,0.1887301206588745,-0.7517485618591309
84,source,30,-0.11320285499095917,0.1681310534477234,-0.8008136749267578
84,source,31,-0.027483463287353516,0.1084161177277565,-0.7341699600219727
84,source,32,-0.025209486484527588,0.13218948245048523,-0.7573668360710144
84,source,33,-0.10644343495368958,0.17504972219467163,-0.8136347532272339
84,source,34,-0.11825965344905853,0.19217440485954285,-0.7948735952377319
84,source,35,-0.09658689796924591,0.16326332092285156,-0.8096969723701477
84,source,36,-0.09734131395816803,0.15268540382385254,-0.7993014454841614
84,source,37,-0.11158521473407745,0.17653068900108337,-0.7985525131225586
84,source,38,-0.0873795747756958,0.17619360983371735,-0.787287175655365
84,source,39,-0.10099156200885773,0.17779512703418732,-0.7966524958610535
84,source,40,-0.06326670944690704,0.18525314331054688,-0.7273795008659363
84,source,41,-0.07159537076950073,0.1780734360218048,-0.6967942714691162
84,source,42,-0.11781957745552063,0.1746380627155304,-0.7709606289863586
84,source,43,-0.11886022984981537,0.195201113820076,-0.7562172412872314
84,source,44,-0.1325567662715912,0.18319755792617798,-0.769822359085083
84,source,45,-0.1222841739654541,0.1793312281370163,-0.7689734697341919
84,source,46,-0.1825234740972519,0.2558964490890503,-0.8285830020904541
84,source,47,-0.09046988189220428,0.2819362282752991,-0.7689176201820374
84,source,48,-0.06243519484996796,0.29502397775650024,-0.7588739395141602
84,source,49,-0.19493691623210907,0.2730115056037903,-0.8342541456222534
84,source,50,-0.16331683099269867,0.22786730527877808,-0.7748740911483765
84,source,51,-0.056967124342918396,0.1936354786157608,-0.7690389156341553
84,source,52,-0.07482914626598358,0.22416529059410095,-0.7778295874595642
84,source,53,-0.04745885729789734,0.21452178061008453,-0.7796933650970459
84,source,54,-0.03492686152458191,0.19184313714504242,-0.762587308883667
84,source,55,-0.040192924439907074,0.22635653614997864,-0.736721396446228
84,source,56,-0.051845014095306396,0.2622300684452057,-0.748448371887207
84,source,57,-0.04737742245197296,0.24578925967216492,-0.769231915473938
84,source,58,-0.026689723134040833,0.2194056212902069,-0.7430576086044312
84,source,59,-0.05182434618473053,0.2437250018119812,-0.780766487121582
84,source,60,-0.06289637088775635,0.24766212701797485,-0.7822441458702087
84,source,61,-0.09402234852313995,0.24302157759666443,-0.7867954969406128
84,source,62,-0.12225477397441864,0.23133301734924316,-0.8082206845283508
84,source,63,-0.08630901575088501,0.2515079975128174,-0.7906734943389893
84,target,0,-0.13270582258701324,0.16778075695037842,-0.797020435333252
84,target,1,-0.13964112102985382,0.1616409569978714,-0.7803075313568115
84,target,2,-0.1417805552482605,0.17297452688217163,-0.8094720840454102
84,target,3,-0.15351736545562744,0.17288340628147125,-0.8004618287086487
84,target,4,-0.14494872093200684,0.17273591458797455,-0.7804961800575256
84,target,5,-0.14785657823085785,0.17528045177459717,-0.7970216870307922
84,target,6,-0.1398073136806488,0.1760762333869934,-0.79482102394104
84,target,7,-0.14001452922821045,0.19034507870674133,-0.7971009612083435
84,target,8,-0.14160294830799103,0.1767820119857788,-0.7876686453819275
84,target,9,-0.13279655575752258,0.1796439290046692,-0.8006138205528259
84,target,10,-0.1434669941663742,0.1767280101776123,-0.7996599674224854
84,target,11,-0.14926736056804657,0.17329590022563934,-0.8054748773574829
84,target,12,-0.15006522834300995,0.1624213606119156,-0.7893096804618835
84,target,13,-0.14063148200511932,0.15354697406291962,-0.7901604175567627
84,target,14,-0.1313643902540207,0.16943007707595825,-0.7998236417770386
84,target,15,-0.17921550571918488,0.18200671672821045,-0.7854705452919006
84,target,16,-0.15433984994888306,0.1744074523448944,-0.7941921353340149
84,target,17,-0.15354034304618835,0.18520019948482513,-0.7907189726829529
84,target,18,-0.15368348360061646,0.17784538865089417,-0.7900529503822327
84,target,19,-0.16053128242492676,0.17858010530471802,-0.7882202863693237
84,target,20,-0.15610283613204956,0.1895279735326767,-0.8074122071266174
84,target,21,-0.14882174134254456,0.18145228922367096,-0.7995291352272034
84,target,22,-0.148774191737175,0.19812077283859253,-0.8056403398513794
84,target,23,-0.1553046554327011,0.19135478138923645,-0.8002855777740479
84,target,24,-0.1509057879447937,0.1922132521867752,-0.8047809600830078
84,target,25,-0.16763187944889069,0.191035658121109,-0.7909156680107117
84,target,26,-0.15705208480358124,0.1725684404373169,-0.788396954536438
84,target,27,-0.143921360373497,0.16122068464756012,-0.7649519443511963
84,target,28,-0.12399482727050781,0.15493695437908173,-0.7873902320861816
84,target,29,-0.15037178993225098,0.1676746904850006,-0.7991083860397339
84,target,30,-0.13655820488929749,0.172357976436615,-0.8034757971763611
84,target,31,-0.14010952413082123,0.17391209304332733,-0.7963359355926514
84,target,32,-0.1306666135787964,0.17259852588176727,-0.8043866753578186
84,target,33,-0.14288116991519928,0.17556729912757874,-0.7909771203994751
84,target,34,-0.13780468702316284,0.17769284546375275,-0.8020632266998291
84,target,35,-0.13420996069908142,0.1642625480890274,-0.782748281955719
84,target,36,-0.15884840488433838,0.16281971335411072,-0.763007640838623
84,target,37,-0.16222929954528809,0.17767377197742462,-0.7833276987075806
84,target,38,-0.15224070847034454,0.19312380254268646,-0.7994491457939148
84,target,39,-0.15274174511432648,0.18813613057136536,-0.7954418659210205
84,target,40,-0.14964915812015533,0.1877717226743698,-0.7933932542800903
84,target,41,-0.15173707902431488,0.18199117481708527,-0.7958937287330627
84,target,42,-0.14054551720619202,0.17723479866981506,-0.7988160252571106
84,target,43,-0.15936517715454102,0.17013254761695862,-0.7972540855407715
84,target,44,-0.16148529946804047,0.18489661812782288,-0.8079065084457397
84,target,45,-0.17126606404781342,0.19572491943836212,-0.805136501789093
84,target,46,-0.1348520964384079,0.1709330976009369,-0.7954237461090088
84,target,47,-0.14015913009643555,0.1677645593881607,-0.8001497983932495
84,target,48,-0.15940029919147491,0.18209624290466309,-0.8102682828903198
84,target,49,-0.15452119708061218,0.18180334568023682,-0.792818009853363
84,target,50,-0.12002091109752655,0.17509812116622925,-0.7979885935783386
84,target,51,-0.11945691704750061,0.16876205801963806,-0.7781339287757874
84,target,52,-0.1188623309135437,0.15855403244495392,-0.7975224852561951
84,target,53,-0.1324090212583542,0.16036741435527802,-0.7959803342819214
84,target,54,-0.128189355134964,0.15695936977863312,-0.791317343711853
84,target,55,-0.13869166374206543,0.1711803525686264,-0.7961439490318298
84,target,56,-0.11917409300804138,0.17870384454727173,-0.7904495000839233
84,target,57,-0.12943896651268005,0.17985735833644867,-0.7918004989624023
84,target,58,-0.12601540982723236,0.17222678661346436,-0.7928208112716675
84,target,59,-0.12807390093803406,0.1669285148382187,-0.7966294884681702
84,target,60,-0.1418556421995163,0.16691343486309052,-0.7948502898216248
84,target,61,-0.1433859020471573,0.16539223492145538,-0.7953067421913147
84,target,62,-0.13035427033901215,0.1637110710144043,-0.7858552932739258
84,target,63,-0.1371932476758957,0.16620032489299774,-0.7835085391998291
85,source,0,-0.0970907211303711,0.2422601282596588,-0.7762291431427002
85,source,1,-0.07010102272033691,0.1921086311340332,-0.8277502655982971
85,source,2,-0.11402201652526855,0.17598332464694977,-0.8187436461448669
85,source,3,-0.07402478158473969,0.1945057511329651,-0.8129776120185852
85,source,4,-0.08399903774261475,0.16334442794322968,-0.7848796844482422
85,source,5,-0.05417053401470184,0.03582647442817688,-0.6168142557144165
85,source,6,-0.07433480024337769,0.07939352095127106,-0.74000084400177
85,source,7,-0.06536652147769928,0.11786513775587082,-0.6659893989562988
85,source,8,-0.09160345792770386,0.11854042112827301,-0.7190157771110535
85,source,9,-0.06123456358909607,0.1967766284942627,-0.6863542199134827
85,source,10,-0.054202690720558167,0.17395853996276855,-0.6562250256538391
85,source,11,-0.03333020210266113,0.14118234813213348,-0.6838957667350769
85,source,12,-0.06302782893180847,0.19123782217502594,-0.6634372472763062
85,source,13,-0.09318491816520691,0.2093973010778427,-0.7456549406051636
85,source,14,-0.05436091125011444,0.17833848297595978,-0.7570781707763672
85,source,15,-0.09016190469264984,0.1938646137714386,-0.7808321714401245
85,source,16,-0.09636741876602173,0.17953556776046753,-0.7872835397720337
85,source,17,-0.06725607812404633,0.12867900729179382,-0.7127307653427124
85,source,18,-0.0325031653046608,0.09068771451711655,-0.7303259372711182
85,source,19,-0.05641627311706543,0.14854902029037476,-0.7592667937278748
85,source,20,-0.026599004864692688,0.10909438133239746,-0.7483434081077576
85,source,21,-0.0839984267950058,0.0818282887339592,-0.7667770385742188
85,source,22,-0.038423873484134674,0.13767969608306885,-0.7117453217506409
85,source,23,-0.06137344241142273,0.18094439804553986,-0.7255184054374695
85,source,24,-0.07478290796279907,0.1248747706413269,-0.756447434425354
85,source,25,-0.0745660662651062,0.1727558821439743,-0.8101615309715271
85,source,26,-0.05487775802612305,0.1742255836725235,-0.7902656197547913
85,source,27,-0.052628546953201294,0.16518330574035645,-0.8104321956634521
85,source,28,-0.11125576496124268,0.16815653443336487,-0.8432296514511108
85,source,29,-0.05625279247760773,0.18761245906352997,-0.7518283724784851
85,source,30,-0.11649872362613678,0.16943468153476715,-0.798715353012085
85,source,31,-0.028160542249679565,0.11395277082920074,-0.7297206521034241
85,source,32,-0.034011587500572205,0.13692894577980042,-0.7513210773468018
85,source,33,-0.1137627363204956,0.17831648886203766,-0.8117942214012146
85,source,34,-0.12276045978069305,0.19033391773700714,-0.7938560247421265
85,source,35,-0.10766580700874329,0.16639186441898346,-0.8090893030166626
85,source,36,-0.10003170371055603,0.15959788858890533,-0.8013808131217957
85,source,37,-0.12065260112285614,0.18218927085399628,-0.7997493743896484
85,source,38,-0.09217725694179535,0.17682239413261414,-0.7879942655563354
85,source,39,-0.10644637048244476,0.1801757961511612,-0.7995338439941406
85,source,40,-0.07139386236667633,0.18791049718856812,-0.7295528650283813
85,source,41,-0.07621541619300842,0.18101471662521362,-0.6982660293579102
85,source,42,-0.12987658381462097,0.1784972846508026,-0.7706608772277832
85,source,43,-0.1324905902147293,0.1995529681444168,-0.7501441240310669
85,source,44,-0.1487438678741455,0.1868257224559784,-0.7684240341186523
85,source,45,-0.13755176961421967,0.18338705599308014,-0.7688443064689636
85,source,46,-0.18045546114444733,0.25290656089782715,-0.828525185585022
85,source,47,-0.09279204905033112,0.27867382764816284,-0.7688620090484619
85,source,48,-0.06482492387294769,0.29276183247566223,-0.7578529715538025
85,source,49,-0.18900476396083832,0.2702171802520752,-0.8370469808578491
85,source,50,-0.15968631207942963,0.2267175316810608,-0.7776263952255249
85,source,51,-0.06331077218055725,0.19397896528244019,-0.7664054036140442
85,source,52,-0.07629898190498352,0.21934521198272705,-0.7744607329368591
85,source,53,-0.05170321464538574,0.21271006762981415,-0.7785251140594482
85,source,54,-0.03950420022010803,0.19389072060585022,-0.7637235522270203
85,source,55,-0.043970733880996704,0.22634762525558472,-0.7373060584068298
85,source,56,-0.05636882781982422,0.2579914331436157,-0.7469455003738403
85,source,57,-0.04995556175708771,0.24385252594947815,-0.7670924067497253
85,source,58,-0.031267136335372925,0.21943899989128113,-0.7404685616493225
85,source,59,-0.05931612849235535,0.23950162529945374,-0.7783045172691345
85,source,60,-0.06644026935100555,0.2483292520046234,-0.7781491279602051
85,source,61,-0.09960639476776123,0.24031351506710052,-0.7832586765289307
85,source,62,-0.13050751388072968,0.23406895995140076,-0.8061760663986206
85,source,63,-0.0895184576511383,0.24946360290050507,-0.7870403528213501
85,target,0,-0.13478870689868927,0.1744750291109085,-0.7974531650543213
85,target,1,-0.14314043521881104,0.17052476108074188,-0.7817267179489136
85,target,2,-0.15005050599575043,0.1801774501800537,-0.811495304107666
85,target,3,-0.16297444701194763,0.18050643801689148,-0.8018531203269958
85,target,4,-0.14555196464061737,0.176981121301651,-0.7846152186393738
85,target,5,-0.14932774007320404,0.1814449429512024,-0.7986878156661987
85,target,6,-0.14025112986564636,0.18242304027080536,-0.7971630692481995
85,target,7,-0.14347566664218903,0.19548287987709045,-0.7993649244308472
85,target,8,-0.144990473985672,0.18224306404590607,-0.7907296419143677
85,target,9,-0.13743093609809875,0.18538980185985565,-0.8030741214752197
85,target,10,-0.15450116991996765,0.18129703402519226,-0.8005475401878357
85,target,11,-0.15858785808086395,0.18153829872608185,-0.8031855821609497
85,target,12,-0.15614023804664612,0.16974776983261108,-0.7911997437477112
85,target,13,-0.14887882769107819,0.16561339795589447,-0.7926381230354309
85,target,14,-0.1394214630126953,0.17711904644966125,-0.8021378517150879
85,target,15,-0.17568765580654144,0.1833624392747879,-0.7884986996650696
85,target,16,-0.1584593653678894,0.18106770515441895,-0.7942894697189331
85,target,17,-0.16155292093753815,0.1909978985786438,-0.793366014957428
85,target,18,-0.1573360711336136,0.18407592177391052,-0.7925795316696167
85,target,19,-0.1635924130678177,0.18333987891674042,-0.7919401526451111
85,target,20,-0.16439053416252136,0.19477632641792297,-0.8077641129493713
85,target,21,-0.15410272777080536,0.18553544580936432,-0.7976125478744507
85,target,22,-0.15347528457641602,0.20182421803474426,-0.8078209161758423
85,target,23,-0.15846838057041168,0.19528728723526,-0.7991936802864075
85,target,24,-0.15294601023197174,0.19427530467510223,-0.80668044090271
85,target,25,-0.16752316057682037,0.19274863600730896,-0.793643593788147
85,target,26,-0.1617226004600525,0.17922262847423553,-0.7913427948951721
85,target,27,-0.14315009117126465,0.16730865836143494,-0.7691863179206848
85,target,28,-0.1270904690027237,0.16046668589115143,-0.7897459864616394
85,target,29,-0.15853290259838104,0.17438505589962006,-0.8014596104621887
85,target,30,-0.1429520696401596,0.17849741876125336,-0.8034240007400513
85,target,31,-0.14661423861980438,0.1789262741804123,-0.7962185740470886
85,target,32,-0.13714514672756195,0.1791115403175354,-0.8062910437583923
85,target,33,-0.14860016107559204,0.1811542958021164,-0.793517529964447
85,target,34,-0.14097732305526733,0.18256157636642456,-0.8021999001502991
85,target,35,-0.13530078530311584,0.17296844720840454,-0.7836193442344666
85,target,36,-0.1557573676109314,0.16705164313316345,-0.7667970061302185
85,target,37,-0.16407893598079681,0.17972446978092194,-0.7879377603530884
85,target,38,-0.15400323271751404,0.19689247012138367,-0.8017799258232117
85,target,39,-0.15842151641845703,0.19208021461963654,-0.7980908155441284
85,target,40,-0.1474151611328125,0.19033847749233246,-0.7930174469947815
85,target,41,-0.1541917324066162,0.1909427046775818,-0.7967267036437988
85,target,42,-0.1421499401330948,0.18369334936141968,-0.8010668754577637
85,target,43,-0.15951718389987946,0.1768113374710083,-0.7980965971946716
85,target,44,-0.17014913260936737,0.18940718472003937,-0.8083556890487671
85,target,45,-0.17736513912677765,0.19917070865631104,-0.806296169757843
85,target,46,-0.1398790180683136,0.1795354187488556,-0.7995864152908325
85,target,47,-0.14508701860904694,0.17404252290725708,-0.802716076374054
85,target,48,-0.16584809124469757,0.1873963177204132,-0.8135997653007507
85,target,49,-0.15454204380512238,0.1852768212556839,-0.7961126565933228
85,target,50,-0.11881060898303986,0.17251785099506378,-0.7995681166648865
85,target,51,-0.1162557452917099,0.1676473319530487,-0.7810442447662354
85,target,52,-0.12440086901187897,0.16319948434829712,-0.8007484078407288
85,target,53,-0.13908444344997406,0.1659456193447113,-0.8004205226898193
85,target,54,-0.1314699947834015,0.16061928868293762,-0.7967890501022339
85,target,55,-0.1420385092496872,0.17587125301361084,-0.8017315864562988
85,target,56,-0.12374657392501831,0.18199153244495392,-0.7958520650863647
85,target,57,-0.13094677031040192,0.18189719319343567,-0.799919068813324
85,target,58,-0.12602569162845612,0.17650893330574036,-0.7987105846405029
85,target,59,-0.133248969912529,0.1703101098537445,-0.8003294467926025
85,target,60,-0.14973077178001404,0.17398813366889954,-0.8017253875732422
85,target,61,-0.149479940533638,0.17108237743377686,-0.8006082773208618
85,target,62,-0.13536116480827332,0.16640841960906982,-0.7923806309700012
85,target,63,-0.14122454822063446,0.172422856092453,-0.7905848622322083
86,source,0,-0.10801230370998383,0.23840126395225525,-0.7800508737564087
86,source,1,-0.07940420508384705,0.19105857610702515,-0.8304867744445801
86,source,2,-0.12272095680236816,0.17427073419094086,-0.8155825138092041
86,source,3,-0.08318057656288147,0.19388270378112793,-0.8137233853340149
86,source,4,-0.09629575908184052,0.16075362265110016,-0.788206934928894
86,source,5,-0.0616021603345871,0.030306309461593628,-0.6107113361358643
86,source,6,-0.08298048377037048,0.07641420513391495,-0.729096531867981
86,source,7,-0.07260860502719879,0.11315681040287018,-0.663097620010376
86,source,8,-0.09842240810394287,0.11445988714694977,-0.7161642909049988
86,source,9,-0.07204556465148926,0.1894191950559616,-0.6925026774406433
86,source,10,-0.06662110984325409,0.16254819929599762,-0.6580994725227356
86,source,11,-0.04270589351654053,0.13540984690189362,-0.6871347427368164
86,source,12,-0.07336749136447906,0.18326838314533234,-0.670733630657196
86,source,13,-0.10080911219120026,0.20511530339717865,-0.7508227825164795
86,source,14,-0.06519891321659088,0.17556285858154297,-0.7651504278182983
86,source,15,-0.09944790601730347,0.18935583531856537,-0.7830005884170532
86,source,16,-0.10833568871021271,0.18054349720478058,-0.7901756167411804
86,source,17,-0.07424719631671906,0.1263974905014038,-0.712593674659729
86,source,18,-0.04350666701793671,0.09292411804199219,-0.7209166884422302
86,source,19,-0.06364558637142181,0.14922985434532166,-0.755527913570404
86,source,20,-0.036996014416217804,0.11177733540534973,-0.7422837018966675
86,source,21,-0.0943976640701294,0.08412282913923264,-0.7567208409309387
86,source,22,-0.04626947641372681,0.13077498972415924,-0.7043525576591492
86,source,23,-0.06994159519672394,0.17877554893493652,-0.7285425662994385
86,source,24,-0.08506558835506439,0.12325912714004517,-0.7511374950408936
86,source,25,-0.08305041491985321,0.17555737495422363,-0.81151282787323
86,source,26,-0.06389805674552917,0.17530453205108643,-0.7929480075836182
86,source,27,-0.058035269379615784,0.16510510444641113,-0.8108092546463013
86,source,28,-0.12062869966030121,0.16662678122520447,-0.8403233885765076
86,source,29,-0.06715895235538483,0.1870788335800171,-0.7590040564537048
86,source,30,-0.1266210824251175,0.169744610786438,-0.8024691343307495
86,source,31,-0.03944201022386551,0.11248276382684708,-0.7338387966156006
86,source,32,-0.045089468359947205,0.137933611869812,-0.7552579641342163
86,source,33,-0.12802201509475708,0.17388416826725006,-0.8121918439865112
86,source,34,-0.13579772412776947,0.1858346164226532,-0.798425018787384
86,source,35,-0.12415648996829987,0.16610905528068542,-0.808801531791687
86,source,36,-0.11115680634975433,0.15389235317707062,-0.8008251190185547
86,source,37,-0.13164766132831573,0.17677153646945953,-0.7987402677536011
86,source,38,-0.10502336919307709,0.17557689547538757,-0.7841192483901978
86,source,39,-0.11900125443935394,0.17433154582977295,-0.7980382442474365
86,source,40,-0.08641614019870758,0.18510742485523224,-0.7286872863769531
86,source,41,-0.088695228099823,0.17850814759731293,-0.6944200992584229
86,source,42,-0.14107050001621246,0.17569135129451752,-0.7704624533653259
86,source,43,-0.14630986750125885,0.19827252626419067,-0.7525972127914429
86,source,44,-0.15945526957511902,0.18332591652870178,-0.7714117169380188
86,source,45,-0.1479293704032898,0.18234023451805115,-0.7644901871681213
86,source,46,-0.18987442553043365,0.2531464099884033,-0.83034747838974
86,source,47,-0.1011599451303482,0.27368637919425964,-0.7743625640869141
86,source,48,-0.07505419850349426,0.2873530387878418,-0.765185534954071
86,source,49,-0.1959065943956375,0.2701968848705292,-0.8399356603622437
86,source,50,-0.16807924211025238,0.22426098585128784,-0.7831304669380188
86,source,51,-0.06991715729236603,0.1933664083480835,-0.7725324630737305
86,source,52,-0.08945676684379578,0.21993635594844818,-0.7815454006195068
86,source,53,-0.059992074966430664,0.2127734273672104,-0.7857334017753601
86,source,54,-0.05067704617977142,0.19453682005405426,-0.7704421877861023
86,source,55,-0.053427159786224365,0.22585861384868622,-0.7460051774978638
86,source,56,-0.06320413947105408,0.25549155473709106,-0.754300057888031
86,source,57,-0.06141206622123718,0.24296309053897858,-0.7743653059005737
86,source,58,-0.04029100388288498,0.21763841807842255,-0.7455328702926636
86,source,59,-0.0690145194530487,0.2390189915895462,-0.7865914702415466
86,source,60,-0.07663033902645111,0.24359019100666046,-0.7839833498001099
86,source,61,-0.11099256575107574,0.23834288120269775,-0.7886187434196472
86,source,62,-0.1430540829896927,0.2303219735622406,-0.809451699256897
86,source,63,-0.09870906174182892,0.24781832098960876,-0.7921427488327026
86,target,0,-0.1474519520998001,0.17171123623847961,-0.7973285913467407
86,target,1,-0.15278135240077972,0.16707566380500793,-0.7801191210746765
86,target,2,-0.16351817548274994,0.17966511845588684,-0.8068225979804993
86,target,3,-0.17668409645557404,0.17934586107730865,-0.7998161911964417
86,target,4,-0.15374600887298584,0.17458368837833405,-0.7846185564994812
86,target,5,-0.16213113069534302,0.1800578087568283,-0.7992238998413086
86,target,6,-0.15529188513755798,0.1803244799375534,-0.7954729199409485
86,target,7,-0.15682511031627655,0.19277898967266083,-0.8004589080810547
86,target,8,-0.16117079555988312,0.18174324929714203,-0.7911553382873535
86,target,9,-0.15102379024028778,0.1821272224187851,-0.8028439283370972
86,target,10,-0.1663847416639328,0.1773093193769455,-0.7945162653923035
86,target,11,-0.17237640917301178,0.1782461404800415,-0.801348865032196
86,target,12,-0.17045654356479645,0.16712883114814758,-0.7905659079551697
86,target,13,-0.1650206446647644,0.16257244348526,-0.7886425256729126
86,target,14,-0.1504136323928833,0.17670036852359772,-0.8014764785766602
86,target,15,-0.1841549426317215,0.18289901316165924,-0.7867709398269653
86,target,16,-0.17163972556591034,0.1807476282119751,-0.7920220494270325
86,target,17,-0.17508600652217865,0.19198638200759888,-0.7903540730476379
86,target,18,-0.1688447743654251,0.18526223301887512,-0.790376603603363
86,target,19,-0.1760881096124649,0.18394646048545837,-0.7903914451599121
86,target,20,-0.17766697704792023,0.19309858977794647,-0.8042908310890198
86,target,21,-0.1633889377117157,0.18357409536838531,-0.7904201149940491
86,target,22,-0.1678556352853775,0.20277898013591766,-0.8018780946731567
86,target,23,-0.16941796243190765,0.1952865719795227,-0.7971832752227783
86,target,24,-0.16510751843452454,0.19477024674415588,-0.8038918972015381
86,target,25,-0.17839621007442474,0.1938246190547943,-0.7925794124603271
86,target,26,-0.17329837381839752,0.17975056171417236,-0.7889339327812195
86,target,27,-0.15422259271144867,0.16501574218273163,-0.7705613374710083
86,target,28,-0.13805638253688812,0.16106894612312317,-0.7853208184242249
86,target,29,-0.16912291944026947,0.1742488294839859,-0.801277756690979
86,target,30,-0.15810614824295044,0.17715302109718323,-0.7989782094955444
86,target,31,-0.1628006249666214,0.17697452008724213,-0.7929422855377197
86,target,32,-0.15121029317378998,0.17820142209529877,-0.8023120164871216
86,target,33,-0.16128724813461304,0.1793331652879715,-0.7936161160469055
86,target,34,-0.1542086899280548,0.17914584279060364,-0.7986384630203247
86,target,35,-0.149148091673851,0.17509788274765015,-0.7845335006713867
86,target,36,-0.1665136069059372,0.16433919966220856,-0.7657959461212158
86,target,37,-0.1709822565317154,0.1781005561351776,-0.7844148278236389
86,target,38,-0.16639645397663116,0.1962881088256836,-0.8016621470451355
86,target,39,-0.17005352675914764,0.19268670678138733,-0.7945044040679932
86,target,40,-0.16110368072986603,0.18941521644592285,-0.7946466207504272
86,target,41,-0.16800589859485626,0.1887577325105667,-0.7946194410324097
86,target,42,-0.15750208497047424,0.18348896503448486,-0.8002386093139648
86,target,43,-0.1695374995470047,0.17440444231033325,-0.7986667156219482
86,target,44,-0.18346922099590302,0.18777377903461456,-0.8030800819396973
86,target,45,-0.19047574698925018,0.19718529284000397,-0.804344892501831
86,target,46,-0.15143363177776337,0.17650964856147766,-0.7970224022865295
86,target,47,-0.15821687877178192,0.17285974323749542,-0.7986427545547485
86,target,48,-0.17940373718738556,0.18447858095169067,-0.8082873821258545
86,target,49,-0.16854943335056305,0.18649502098560333,-0.7966310381889343
86,target,50,-0.12551027536392212,0.1723240166902542,-0.7964369654655457
86,target,51,-0.12319482862949371,0.16811241209506989,-0.7781147360801697
86,target,52,-0.13081571459770203,0.16076049208641052,-0.7943974733352661
86,target,53,-0.14591571688652039,0.16094475984573364,-0.7953798770904541
86,target,54,-0.13339048624038696,0.15811318159103394,-0.7927819490432739
86,target,55,-0.14570476114749908,0.17474184930324554,-0.8000121116638184
86,target,56,-0.1263972669839859,0.18180382251739502,-0.7943270802497864
86,target,57,-0.13389113545417786,0.18058428168296814,-0.797753632068634
86,target,58,-0.12973244488239288,0.17409969866275787,-0.7965854406356812
86,target,59,-0.13939756155014038,0.16932913661003113,-0.7994714379310608
86,target,60,-0.15628524124622345,0.1687440574169159,-0.7963253259658813
86,target,61,-0.15400870144367218,0.16751088201999664,-0.7949879169464111
86,target,62,-0.14129257202148438,0.16617920994758606,-0.7888069748878479
86,target,63,-0.14532268047332764,0.17003440856933594,-0.7860246300697327
87,source,0,-0.09555269777774811,0.23523113131523132,-0.7775722146034241
87,source,1,-0.07327044010162354,0.1855856478214264,-0.8308426141738892
87,source,2,-0.1066989004611969,0.16754010319709778,-0.8119304180145264
87,source,3,-0.06873056292533875,0.18744531273841858,-0.8071444034576416
87,source,4,-0.07984365522861481,0.1583685725927353,-0.7823500037193298
87,source,5,-0.05810803174972534,0.03896582871675491,-0.6298297047615051
87,source,6,-0.07964830100536346,0.07318118214607239,-0.7383406162261963
87,source,7,-0.07006439566612244,0.1094031035900116,-0.6744396686553955
87,source,8,-0.0924774706363678,0.107508584856987,-0.7193201184272766
87,source,9,-0.05840007960796356,0.1897144615650177,-0.6903808116912842
87,source,10,-0.05448451638221741,0.16683177649974823,-0.6609368920326233
87,source,11,-0.03548727184534073,0.1402839571237564,-0.6991630792617798
87,source,12,-0.06565257906913757,0.18762782216072083,-0.6709511280059814
87,source,13,-0.08778901398181915,0.20462234318256378,-0.7513774633407593
87,source,14,-0.053414374589920044,0.17322394251823425,-0.7646777629852295
87,source,15,-0.08403535187244415,0.18505185842514038,-0.783245325088501
87,source,16,-0.09401555359363556,0.17487157881259918,-0.7891025543212891
87,source,17,-0.06940840184688568,0.1270419955253601,-0.7191243171691895
87,source,18,-0.0391547754406929,0.08989668637514114,-0.7333308458328247
87,source,19,-0.06481760740280151,0.14526043832302094,-0.7596907615661621
87,source,20,-0.035236284136772156,0.10820159316062927,-0.7494667768478394
87,source,21,-0.09128490090370178,0.07628385722637177,-0.7611724734306335
87,source,22,-0.04555603861808777,0.13432259857654572,-0.71823650598526
87,source,23,-0.06344158947467804,0.17967385053634644,-0.7297139167785645
87,source,24,-0.08475816249847412,0.11966022849082947,-0.7551060318946838
87,source,25,-0.0726541131734848,0.16987501084804535,-0.8128048181533813
87,source,26,-0.05029398202896118,0.16492679715156555,-0.7955220937728882
87,source,27,-0.04853653907775879,0.16129107773303986,-0.8130695819854736
87,source,28,-0.10825812816619873,0.16075575351715088,-0.8358988165855408
87,source,29,-0.056345343589782715,0.18435055017471313,-0.7564713358879089
87,source,30,-0.11004479229450226,0.16590924561023712,-0.800629734992981
87,source,31,-0.033007293939590454,0.11232014745473862,-0.7444777488708496
87,source,32,-0.034290991723537445,0.1322353184223175,-0.7580209374427795
87,source,33,-0.10722030699253082,0.17074072360992432,-0.8017746210098267
87,source,34,-0.11494016647338867,0.18241870403289795,-0.7895017862319946
87,source,35,-0.10359905660152435,0.1568152755498886,-0.801185667514801
87,source,36,-0.10208922624588013,0.14771761000156403,-0.7930046916007996
87,source,37,-0.1169096976518631,0.1710485816001892,-0.788507342338562
87,source,38,-0.09067937731742859,0.1694306582212448,-0.7788910865783691
87,source,39,-0.10495857894420624,0.17077209055423737,-0.7918378114700317
87,source,40,-0.07955987751483917,0.1824405938386917,-0.729354202747345
87,source,41,-0.07990147173404694,0.17998230457305908,-0.6993097066879272
87,source,42,-0.1253635138273239,0.16880808770656586,-0.7619472146034241
87,source,43,-0.1297948658466339,0.19012966752052307,-0.7431938648223877
87,source,44,-0.14373865723609924,0.1734740138053894,-0.758995532989502
87,source,45,-0.13482370972633362,0.17535261809825897,-0.7560201287269592
87,source,46,-0.17807064950466156,0.24444276094436646,-0.8337842226028442
87,source,47,-0.09015625715255737,0.2719092071056366,-0.7696872353553772
87,source,48,-0.06552310287952423,0.2840377986431122,-0.7651450037956238
87,source,49,-0.18613062798976898,0.2606269419193268,-0.8419830799102783
87,source,50,-0.16006359457969666,0.22030751407146454,-0.7859887480735779
87,source,51,-0.05874843895435333,0.18770459294319153,-0.7678515911102295
87,source,52,-0.07439514994621277,0.21387571096420288,-0.7776511311531067
87,source,53,-0.050445809960365295,0.20737195014953613,-0.7818001508712769
87,source,54,-0.04009868949651718,0.18810856342315674,-0.7687039971351624
87,source,55,-0.04464323818683624,0.22262245416641235,-0.7471256256103516
87,source,56,-0.05388888716697693,0.25427719950675964,-0.7557517290115356
87,source,57,-0.04939068853855133,0.23710046708583832,-0.7713528871536255
87,source,58,-0.029051482677459717,0.21516606211662292,-0.7482343912124634
87,source,59,-0.05842976272106171,0.23189377784729004,-0.7871674299240112
87,source,60,-0.06528103351593018,0.23972368240356445,-0.7832940220832825
87,source,61,-0.09911875426769257,0.23250660300254822,-0.7846639752388
87,source,62,-0.12430506944656372,0.22662463784217834,-0.8024632930755615
87,source,63,-0.08415929973125458,0.24307692050933838,-0.7907211184501648
87,target,0,-0.13212427496910095,0.1658295840024948,-0.7955588102340698
87,target,1,-0.1357307732105255,0.15795555710792542,-0.7771006226539612
87,target,2,-0.1446584314107895,0.1710980236530304,-0.804521918296814
87,target,3,-0.15660464763641357,0.16744445264339447,-0.7928050756454468
87,target,4,-0.14363449811935425,0.1707642525434494,-0.7803328633308411
87,target,5,-0.1454046368598938,0.17176750302314758,-0.7942383289337158
87,target,6,-0.13666939735412598,0.17148591578006744,-0.7892963290214539
87,target,7,-0.13823679089546204,0.18496480584144592,-0.7942131161689758
87,target,8,-0.1436838060617447,0.17344824969768524,-0.7856197357177734
87,target,9,-0.13295578956604004,0.17467056214809418,-0.7979011535644531
87,target,10,-0.1476501226425171,0.1703803837299347,-0.7914639711380005
87,target,11,-0.15359272062778473,0.1686854511499405,-0.7980852723121643
87,target,12,-0.1496184766292572,0.16016516089439392,-0.7835683226585388
87,target,13,-0.14589782059192657,0.1541139930486679,-0.7785317301750183
87,target,14,-0.13416779041290283,0.17030790448188782,-0.80022132396698
87,target,15,-0.1735094040632248,0.1757802516222,-0.7823938131332397
87,target,16,-0.1560666859149933,0.17293676733970642,-0.7870262265205383
87,target,17,-0.1591055542230606,0.1839701384305954,-0.7841635346412659
87,target,18,-0.15456759929656982,0.17869150638580322,-0.7866875529289246
87,target,19,-0.1595638245344162,0.17562714219093323,-0.7857207655906677
87,target,20,-0.15970298647880554,0.18454626202583313,-0.7991330623626709
87,target,21,-0.15127244591712952,0.17992205917835236,-0.7890483140945435
87,target,22,-0.15258416533470154,0.19363240897655487,-0.7989646792411804
87,target,23,-0.15386515855789185,0.1876789629459381,-0.7975231409072876
87,target,24,-0.1519429087638855,0.18838928639888763,-0.80197674036026
87,target,25,-0.16593711078166962,0.18646380305290222,-0.7898733615875244
87,target,26,-0.15819738805294037,0.17355471849441528,-0.7844544053077698
87,target,27,-0.14335006475448608,0.16069594025611877,-0.7648288011550903
87,target,28,-0.12681880593299866,0.15724796056747437,-0.7888625264167786
87,target,29,-0.15050579607486725,0.16354763507843018,-0.7954360842704773
87,target,30,-0.1399681121110916,0.16706445813179016,-0.7977117300033569
87,target,31,-0.14292217791080475,0.1684742569923401,-0.7913239002227783
87,target,32,-0.1338888555765152,0.17200599610805511,-0.7993048429489136
87,target,33,-0.1438882201910019,0.17159025371074677,-0.7894905805587769
87,target,34,-0.13854257762432098,0.17197079956531525,-0.799615740776062
87,target,35,-0.13177500665187836,0.16546379029750824,-0.7847838401794434
87,target,36,-0.15628056228160858,0.1588658094406128,-0.7592995166778564
87,target,37,-0.16026487946510315,0.1734236776828766,-0.780563473701477
87,target,38,-0.15431135892868042,0.1892860382795334,-0.796579122543335
87,target,39,-0.1569826751947403,0.18534749746322632,-0.793043851852417
87,target,40,-0.14547471702098846,0.1825994849205017,-0.7884166240692139
87,target,41,-0.1490183174610138,0.1807565838098526,-0.7886276245117188
87,target,42,-0.13862819969654083,0.1751963347196579,-0.7963569164276123
87,target,43,-0.15384861826896667,0.16745245456695557,-0.7923557162284851
87,target,44,-0.16761265695095062,0.1810743659734726,-0.798480212688446
87,target,45,-0.17381413280963898,0.18887470662593842,-0.798325777053833
87,target,46,-0.13567490875720978,0.16892096400260925,-0.7906070947647095
87,target,47,-0.1407221555709839,0.16430455446243286,-0.7949711084365845
87,target,48,-0.15981855988502502,0.17594222724437714,-0.8038923740386963
87,target,49,-0.15154558420181274,0.17577800154685974,-0.7876312136650085
87,target,50,-0.11527183651924133,0.16691938042640686,-0.7968405485153198
87,target,51,-0.11534355580806732,0.16112037003040314,-0.7728875875473022
87,target,52,-0.11969977617263794,0.1532852053642273,-0.7916718125343323
87,target,53,-0.13449041545391083,0.1542261391878128,-0.7891407012939453
87,target,54,-0.12645669281482697,0.15327990055084229,-0.7880665063858032
87,target,55,-0.13559137284755707,0.16810829937458038,-0.7933486104011536
87,target,56,-0.11563794314861298,0.17406825721263885,-0.7881149053573608
87,target,57,-0.12381008267402649,0.1746026873588562,-0.7910750508308411
87,target,58,-0.12169663608074188,0.169515460729599,-0.7921693921089172
87,target,59,-0.1292905956506729,0.1632799208164215,-0.7922499775886536
87,target,60,-0.14468176662921906,0.16347792744636536,-0.7918171882629395
87,target,61,-0.14315438270568848,0.16123643517494202,-0.7871523499488831
87,target,62,-0.1316266655921936,0.15695109963417053,-0.7828984260559082
87,target,63,-0.1350235641002655,0.16267530620098114,-0.778731644153595
88,source,0,-0.10126602649688721,0.23918017745018005,-0.7786936163902283
88,source,1,-0.0793442577123642,0.19520628452301025,-0.8293276429176331
88,source,2,-0.11402742564678192,0.17525440454483032,-0.8175246119499207
88,source,3,-0.07584697008132935,0.19375984370708466,-0.8139166235923767
88,source,4,-0.08695194125175476,0.16233818233013153,-0.7882447838783264
88,source,5,-0.053271472454071045,0.034871019423007965,-0.6313813924789429
88,source,6,-0.0762951523065567,0.07562418282032013,-0.739183783531189
88,source,7,-0.07005959749221802,0.11782711744308472,-0.6776334643363953
88,source,8,-0.09222561120986938,0.11719436943531036,-0.7236157655715942
88,source,9,-0.06235902011394501,0.19254037737846375,-0.6956928372383118
88,source,10,-0.05781552195549011,0.16988062858581543,-0.6605884432792664
88,source,11,-0.03407035768032074,0.1418597251176834,-0.6940363049507141
88,source,12,-0.06611795723438263,0.1877584159374237,-0.671847403049469
88,source,13,-0.09162303805351257,0.2077811360359192,-0.7535719275474548
88,source,14,-0.05627533793449402,0.17830407619476318,-0.7663084268569946
88,source,15,-0.0875302106142044,0.18902897834777832,-0.7841485142707825
88,source,16,-0.09652483463287354,0.17967602610588074,-0.7921332716941833
88,source,17,-0.07356218993663788,0.1347675621509552,-0.7231284976005554
88,source,18,-0.04040785878896713,0.09947928786277771,-0.7385283708572388
88,source,19,-0.06319405138492584,0.15072879195213318,-0.7631750106811523
88,source,20,-0.034977883100509644,0.11592473089694977,-0.7520449161529541
88,source,21,-0.08636096119880676,0.08203836530447006,-0.764045000076294
88,source,22,-0.042856574058532715,0.13605915009975433,-0.7190836668014526
88,source,23,-0.06639152765274048,0.18484795093536377,-0.7325003743171692
88,source,24,-0.08260338008403778,0.12649773061275482,-0.758616030216217
88,source,25,-0.07698576152324677,0.17975014448165894,-0.8134942650794983
88,source,26,-0.05516806244850159,0.17277660965919495,-0.7986758947372437
88,source,27,-0.055538952350616455,0.1692301630973816,-0.8156123757362366
88,source,28,-0.10930980741977692,0.17017588019371033,-0.8361648321151733
88,source,29,-0.05766564607620239,0.19014710187911987,-0.7612256407737732
88,source,30,-0.11138682067394257,0.1690456122159958,-0.8048236966133118
88,source,31,-0.034766361117362976,0.11330433189868927,-0.743708074092865
88,source,32,-0.03899184614419937,0.13856680691242218,-0.76505047082901
88,source,33,-0.11535587906837463,0.17578604817390442,-0.8096425533294678
88,source,34,-0.12459568679332733,0.1865728497505188,-0.7986969947814941
88,source,35,-0.11183638870716095,0.16445790231227875,-0.8058871030807495
88,source,36,-0.10636086761951447,0.15864957869052887,-0.795563817024231
88,source,37,-0.12383851408958435,0.17800451815128326,-0.7942928075790405
88,source,38,-0.09711802005767822,0.17522279918193817,-0.7836781740188599
88,source,39,-0.11365431547164917,0.17710912227630615,-0.794961154460907
88,source,40,-0.07966133952140808,0.1903010755777359,-0.7321016192436218
88,source,41,-0.07730227708816528,0.18343496322631836,-0.701912522315979
88,source,42,-0.12665946781635284,0.17491702735424042,-0.7716512680053711
88,source,43,-0.12803156673908234,0.19615939259529114,-0.752410352230072
88,source,44,-0.13952688872814178,0.17853085696697235,-0.7660465240478516
88,source,45,-0.13394565880298615,0.18062274158000946,-0.7635267972946167
88,source,46,-0.1788570135831833,0.24973900616168976,-0.8305767178535461
88,source,47,-0.09327341616153717,0.2755197286605835,-0.7738887667655945
88,source,48,-0.06801702082157135,0.2904142439365387,-0.7666136026382446
88,source,49,-0.1865997463464737,0.2711963653564453,-0.8366367816925049
88,source,50,-0.15865463018417358,0.22529363632202148,-0.7845157384872437
88,source,51,-0.06522372364997864,0.19429989159107208,-0.7728240489959717
88,source,52,-0.07960295677185059,0.2200092226266861,-0.7801507115364075
88,source,53,-0.05522416532039642,0.2140408754348755,-0.7843657732009888
88,source,54,-0.04663921892642975,0.1971278190612793,-0.7707364559173584
88,source,55,-0.05173496901988983,0.2307562679052353,-0.7479541301727295
88,source,56,-0.05890689790248871,0.2585793733596802,-0.7602664828300476
88,source,57,-0.05395330488681793,0.24526701867580414,-0.775402307510376
88,source,58,-0.03598080575466156,0.22057422995567322,-0.7512724995613098
88,source,59,-0.06405441462993622,0.23878255486488342,-0.7901515960693359
88,source,60,-0.06874231994152069,0.24492424726486206,-0.7862116098403931
88,source,61,-0.10023163259029388,0.2369469255208969,-0.7880340814590454
88,source,62,-0.12840428948402405,0.23046351969242096,-0.8056143522262573
88,source,63,-0.09062212705612183,0.24984583258628845,-0.7940463423728943
88,target,0,-0.1355600208044052,0.1683947890996933,-0.7977033853530884
88,target,1,-0.1403626948595047,0.1637611985206604,-0.7840819358825684
88,target,2,-0.1432788074016571,0.1737138330936432,-0.8080116510391235
88,target,3,-0.15854446589946747,0.17169396579265594,-0.7970874905586243
88,target,4,-0.14410148561000824,0.17019562423229218,-0.783943235874176
88,target,5,-0.15013404190540314,0.1748376488685608,-0.795803427696228
88,target,6,-0.1406952291727066,0.1752139776945114,-0.7946022748947144
88,target,7,-0.1436634063720703,0.1882353574037552,-0.7976400256156921
88,target,8,-0.14882756769657135,0.1777833104133606,-0.7895774841308594
88,target,9,-0.13795235753059387,0.17878463864326477,-0.800994873046875
88,target,10,-0.1497502475976944,0.172822043299675,-0.7938897013664246
88,target,11,-0.15520595014095306,0.17230674624443054,-0.8017876148223877
88,target,12,-0.15062344074249268,0.16262800991535187,-0.789536714553833
88,target,13,-0.14499716460704803,0.1568111926317215,-0.7858549952507019
88,target,14,-0.13532143831253052,0.17175643146038055,-0.8034207820892334
88,target,15,-0.17320726811885834,0.17971868813037872,-0.7878550887107849
88,target,16,-0.15762709081172943,0.1747109442949295,-0.792621374130249
88,target,17,-0.15980511903762817,0.18511374294757843,-0.7900800704956055
88,target,18,-0.156586155295372,0.18074248731136322,-0.7908205986022949
88,target,19,-0.1639707386493683,0.18017537891864777,-0.791768491268158
88,target,20,-0.1603628695011139,0.1889072060585022,-0.8045765161514282
88,target,21,-0.15235863626003265,0.18088670074939728,-0.7929727435112
88,target,22,-0.152389258146286,0.19899192452430725,-0.8013054132461548
88,target,23,-0.15786898136138916,0.19278724491596222,-0.8006376624107361
88,target,24,-0.15412163734436035,0.19255506992340088,-0.8054410219192505
88,target,25,-0.17052628099918365,0.19137431681156158,-0.792374312877655
88,target,26,-0.15893299877643585,0.1757700890302658,-0.7896354794502258
88,target,27,-0.1431639939546585,0.1628674566745758,-0.7711169719696045
88,target,28,-0.1252923458814621,0.15673023462295532,-0.7917200326919556
88,target,29,-0.15491227805614471,0.16992707550525665,-0.803358793258667
88,target,30,-0.14158876240253448,0.17076745629310608,-0.8005856871604919
88,target,31,-0.14449721574783325,0.1717190146446228,-0.7952010631561279
88,target,32,-0.1373046338558197,0.17277128994464874,-0.8041363954544067
88,target,33,-0.14721833169460297,0.17588135600090027,-0.7948816418647766
88,target,34,-0.14472880959510803,0.17576226592063904,-0.8004224896430969
88,target,35,-0.1373719871044159,0.1709711253643036,-0.7855187058448792
88,target,36,-0.15809261798858643,0.16230687499046326,-0.7648876905441284
88,target,37,-0.1631505787372589,0.1760217845439911,-0.7853088974952698
88,target,38,-0.15734361112117767,0.19447627663612366,-0.798957347869873
88,target,39,-0.1584247648715973,0.18932408094406128,-0.7968162894248962
88,target,40,-0.1492144763469696,0.18485485017299652,-0.7930814623832703
88,target,41,-0.15254296362400055,0.18330875039100647,-0.795095682144165
88,target,42,-0.14243195950984955,0.17820361256599426,-0.8000879287719727
88,target,43,-0.16010208427906036,0.1710835099220276,-0.7992389798164368
88,target,44,-0.16490229964256287,0.1847107708454132,-0.8031617403030396
88,target,45,-0.17483262717723846,0.19403496384620667,-0.8028923869132996
88,target,46,-0.13739466667175293,0.17373406887054443,-0.7977014183998108
88,target,47,-0.14208464324474335,0.16891908645629883,-0.799467146396637
88,target,48,-0.16309477388858795,0.18068353831768036,-0.8068207502365112
88,target,49,-0.15563872456550598,0.18198427557945251,-0.7947639226913452
88,target,50,-0.11831966042518616,0.17008060216903687,-0.7997449636459351
88,target,51,-0.11864367127418518,0.16659516096115112,-0.7807608842849731
88,target,52,-0.1240391880273819,0.15728917717933655,-0.7985395789146423
88,target,53,-0.14190392196178436,0.1601577252149582,-0.7980884909629822
88,target,54,-0.12887917459011078,0.15431690216064453,-0.7908247113227844
88,target,55,-0.14081814885139465,0.17075473070144653,-0.7961910963058472
88,target,56,-0.12273718416690826,0.17823322117328644,-0.7918890118598938
88,target,57,-0.1300312876701355,0.17955800890922546,-0.7956277132034302
88,target,58,-0.12727317214012146,0.1759377270936966,-0.7941017150878906
88,target,59,-0.13497723639011383,0.1669633537530899,-0.7949644923210144
88,target,60,-0.14868150651454926,0.16798135638237,-0.7957367300987244
88,target,61,-0.15222963690757751,0.1685299575328827,-0.7920496463775635
88,target,62,-0.1357373744249344,0.1641482561826706,-0.7875320315361023
88,target,63,-0.1374923437833786,0.16792188584804535,-0.7843465805053711
89,source,0,-0.10277712345123291,0.23516377806663513,-0.7808637619018555
89,source,1,-0.07889623939990997,0.19396719336509705,-0.828651487827301
89,source,2,-0.11620892584323883,0.17573751509189606,-0.8143008947372437
89,source,3,-0.0800810307264328,0.19451168179512024,-0.811926543712616
89,source,4,-0.08938774466514587,0.16459283232688904,-0.786183774471283
89,source,5,-0.05308690667152405,0.03952386975288391,-0.6303776502609253
89,source,6,-0.0769084095954895,0.08028306066989899,-0.7394794225692749
89,source,7,-0.06866399943828583,0.11637353897094727,-0.6752831935882568
89,source,8,-0.09192684292793274,0.11653004586696625,-0.7227039337158203
89,source,9,-0.0655718594789505,0.19413894414901733,-0.700250506401062
89,source,10,-0.05561491847038269,0.17053234577178955,-0.6654835343360901
89,source,11,-0.036061279475688934,0.1395115703344345,-0.696237325668335
89,source,12,-0.06471008062362671,0.1878323256969452,-0.6759397387504578
89,source,13,-0.0948915183544159,0.20715823769569397,-0.7530456185340881
89,source,14,-0.06047914922237396,0.17771920561790466,-0.7645830512046814
89,source,15,-0.09377078711986542,0.1910034865140915,-0.7817856073379517
89,source,16,-0.0984298586845398,0.18056620657444,-0.7889008522033691
89,source,17,-0.06984688341617584,0.1332297921180725,-0.7241199016571045
89,source,18,-0.039856284856796265,0.10031969845294952,-0.7404847145080566
89,source,19,-0.0658239871263504,0.14994816482067108,-0.7635366916656494
89,source,20,-0.036552660167217255,0.11554624140262604,-0.7536124587059021
89,source,21,-0.08479322493076324,0.08501877635717392,-0.7621164917945862
89,source,22,-0.04250571131706238,0.13598014414310455,-0.7209240794181824
89,source,23,-0.06795580685138702,0.18059371411800385,-0.7305484414100647
89,source,24,-0.08327552676200867,0.12578223645687103,-0.7567379474639893
89,source,25,-0.08215148746967316,0.17968718707561493,-0.8120291233062744
89,source,26,-0.062331900000572205,0.17416486144065857,-0.7982325553894043
89,source,27,-0.06209509074687958,0.1677260398864746,-0.8170905709266663
89,source,28,-0.11550131440162659,0.17105303704738617,-0.834043025970459
89,source,29,-0.05822521448135376,0.19102677702903748,-0.7616294622421265
89,source,30,-0.1120256632566452,0.1716337502002716,-0.8010667562484741
89,source,31,-0.036382801830768585,0.11852293461561203,-0.7447145581245422
89,source,32,-0.04260154068470001,0.14104793965816498,-0.7616549730300903
89,source,33,-0.11773093044757843,0.1752711832523346,-0.8067992925643921
89,source,34,-0.12629786133766174,0.18634086847305298,-0.7942928075790405
89,source,35,-0.11417365074157715,0.16607701778411865,-0.8058646321296692
89,source,36,-0.10619643330574036,0.1584516316652298,-0.7925872206687927
89,source,37,-0.12283197045326233,0.177458718419075,-0.7908551096916199
89,source,38,-0.09795327484607697,0.17611679434776306,-0.7832241654396057
89,source,39,-0.11406058073043823,0.17764213681221008,-0.794194221496582
89,source,40,-0.07951542735099792,0.18842174112796783,-0.7361081838607788
89,source,41,-0.07714991271495819,0.18129315972328186,-0.7061904072761536
89,source,42,-0.12755869328975677,0.1743973195552826,-0.7672644853591919
89,source,43,-0.12954479455947876,0.19589777290821075,-0.7502965927124023
89,source,44,-0.1441841423511505,0.1766285002231598,-0.7637067437171936
89,source,45,-0.13146288692951202,0.18232104182243347,-0.762505054473877
89,source,46,-0.17785342037677765,0.24768590927124023,-0.8305590152740479
89,source,47,-0.09398327767848969,0.2718547582626343,-0.7758665084838867
89,source,48,-0.0684477686882019,0.2859761416912079,-0.768993079662323
89,source,49,-0.1864953488111496,0.26622509956359863,-0.8396279811859131
89,source,50,-0.15863798558712006,0.22065407037734985,-0.7852655649185181
89,source,51,-0.06856071949005127,0.19426384568214417,-0.7732053399085999
89,source,52,-0.08233341574668884,0.21981287002563477,-0.7814708352088928
89,source,53,-0.05636316537857056,0.21330691874027252,-0.785944938659668
89,source,54,-0.04931947588920593,0.19604003429412842,-0.7706307172775269
89,source,55,-0.05225183069705963,0.22863128781318665,-0.7486528158187866
89,source,56,-0.05755449831485748,0.25443512201309204,-0.7612395286560059
89,source,57,-0.05602152645587921,0.24026897549629211,-0.779855489730835
89,source,58,-0.03600938618183136,0.21802790462970734,-0.7542237043380737
89,source,59,-0.06478513777256012,0.23693102598190308,-0.7909907102584839
89,source,60,-0.07156261801719666,0.24228867888450623,-0.7881941199302673
89,source,61,-0.10275644063949585,0.2338472604751587,-0.7897214293479919
89,source,62,-0.12979036569595337,0.2267928123474121,-0.8072206974029541
89,source,63,-0.09311169385910034,0.24713566899299622,-0.7955683469772339
89,target,0,-0.13712741434574127,0.17265336215496063,-0.7975350618362427
89,target,1,-0.14337949454784393,0.16962064802646637,-0.7821020483970642
89,target,2,-0.14913101494312286,0.17953602969646454,-0.8040309548377991
89,target,3,-0.15817350149154663,0.17437893152236938,-0.7928590774536133
89,target,4,-0.1471800059080124,0.17733681201934814,-0.7824236154556274
89,target,5,-0.15398259460926056,0.17967143654823303,-0.79400634765625
89,target,6,-0.14545752108097076,0.1817476451396942,-0.7924304008483887
89,target,7,-0.14822441339492798,0.19445951282978058,-0.7975928783416748
89,target,8,-0.15130285918712616,0.18249621987342834,-0.7880906462669373
89,target,9,-0.14162997901439667,0.18375879526138306,-0.7991300225257874
89,target,10,-0.15257570147514343,0.17702622711658478,-0.7898496985435486
89,target,11,-0.15795400738716125,0.17511168122291565,-0.7985037565231323
89,target,12,-0.15200494229793549,0.16562557220458984,-0.7847614288330078
89,target,13,-0.1461639255285263,0.16037951409816742,-0.7784351706504822
89,target,14,-0.1365174949169159,0.1759430468082428,-0.8010228276252747
89,target,15,-0.17503942549228668,0.1822313815355301,-0.7849913239479065
89,target,16,-0.15696799755096436,0.17784547805786133,-0.789142906665802
89,target,17,-0.1589450240135193,0.18824248015880585,-0.7886875867843628
89,target,18,-0.155343696475029,0.18415331840515137,-0.7892917394638062
89,target,19,-0.16504447162151337,0.18391384184360504,-0.7898600697517395
89,target,20,-0.16208812594413757,0.1890513151884079,-0.8004367351531982
89,target,21,-0.1539798229932785,0.18412655591964722,-0.7930647134780884
89,target,22,-0.1518915593624115,0.20078469812870026,-0.8014216423034668
89,target,23,-0.1546129733324051,0.19408296048641205,-0.8006786108016968
89,target,24,-0.1542959213256836,0.19300633668899536,-0.801215410232544
89,target,25,-0.16940109431743622,0.1919015347957611,-0.7923994064331055
89,target,26,-0.15911395847797394,0.17898327112197876,-0.7868189811706543
89,target,27,-0.14200271666049957,0.1655234694480896,-0.7660767436027527
89,target,28,-0.127474844455719,0.1614885926246643,-0.7897314429283142
89,target,29,-0.15778911113739014,0.17442357540130615,-0.7997312545776367
89,target,30,-0.14363951981067657,0.17668521404266357,-0.7975935339927673
89,target,31,-0.1481248438358307,0.17705537378787994,-0.7932606339454651
89,target,32,-0.14112858474254608,0.17808116972446442,-0.7994961142539978
89,target,33,-0.1495164930820465,0.17907238006591797,-0.7932343482971191
89,target,34,-0.1449708789587021,0.17983248829841614,-0.7980328798294067
89,target,35,-0.13859623670578003,0.17474831640720367,-0.7864388227462769
89,target,36,-0.1593085378408432,0.16374392807483673,-0.7579686045646667
89,target,37,-0.1633072942495346,0.17758223414421082,-0.7834203243255615
89,target,38,-0.15707363188266754,0.1953238844871521,-0.797671377658844
89,target,39,-0.15918000042438507,0.1915430724620819,-0.7963645458221436
89,target,40,-0.1537373661994934,0.18778200447559357,-0.794947624206543
89,target,41,-0.15589819848537445,0.18738289177417755,-0.7945272326469421
89,target,42,-0.14598220586776733,0.18071912229061127,-0.7989435195922852
89,target,43,-0.16355450451374054,0.17432427406311035,-0.7973567247390747
89,target,44,-0.16544806957244873,0.18416555225849152,-0.800338089466095
89,target,45,-0.17519135773181915,0.19271717965602875,-0.7996792197227478
89,target,46,-0.13989800214767456,0.1783377230167389,-0.7932372093200684
89,target,47,-0.1447337567806244,0.172937273979187,-0.7971169352531433
89,target,48,-0.16148123145103455,0.18187648057937622,-0.8039366006851196
89,target,49,-0.15885719656944275,0.18497726321220398,-0.7922766804695129
89,target,50,-0.12049688398838043,0.17315080761909485,-0.8008570671081543
89,target,51,-0.11926490068435669,0.1704920381307602,-0.778992772102356
89,target,52,-0.12640796601772308,0.16168732941150665,-0.7987670302391052
89,target,53,-0.14073804020881653,0.16276191174983978,-0.7939854264259338
89,target,54,-0.13003824651241302,0.15964555740356445,-0.7921354174613953
89,target,55,-0.14029055833816528,0.17396539449691772,-0.7967387437820435
89,target,56,-0.12281937897205353,0.1816076636314392,-0.7948912978172302
89,target,57,-0.12903299927711487,0.1814175695180893,-0.7970582842826843
89,target,58,-0.1258493959903717,0.17685477435588837,-0.7940957546234131
89,target,59,-0.13235659897327423,0.1697084605693817,-0.7955219149589539
89,target,60,-0.1467924267053604,0.17216986417770386,-0.7932418584823608
89,target,61,-0.14986181259155273,0.17070236802101135,-0.7921504974365234
89,target,62,-0.13324685394763947,0.16571255028247833,-0.7870743274688721
89,target,63,-0.13606218993663788,0.1713993400335312,-0.7819130420684814
90,source,0,-0.10881683230400085,0.23424817621707916,-0.7831475734710693
90,source,1,-0.08546417951583862,0.18958619236946106,-0.8307720422744751
90,source,2,-0.12384244799613953,0.17507027089595795,-0.817724883556366
90,source,3,-0.08671557903289795,0.19261902570724487,-0.8131543397903442
90,source,4,-0.09527541697025299,0.16685090959072113,-0.7922915816307068
90,source,5,-0.07030832767486572,0.04414748400449753,-0.6416804790496826
90,source,6,-0.0880749523639679,0.08464144170284271,-0.7426624894142151
90,source,7,-0.08066320419311523,0.1160578653216362,-0.6782251000404358
90,source,8,-0.10407158732414246,0.11846817284822464,-0.7250994443893433
90,source,9,-0.07780157029628754,0.19262388348579407,-0.7062961459159851
90,source,10,-0.07007357478141785,0.17245860397815704,-0.6768286228179932
90,source,11,-0.049506694078445435,0.14089784026145935,-0.7055773138999939
90,source,12,-0.07716676592826843,0.18767958879470825,-0.6846990585327148
90,source,13,-0.10324084758758545,0.206407368183136,-0.7574903964996338
90,source,14,-0.06933142244815826,0.17860864102840424,-0.7680575251579285
90,source,15,-0.10227632522583008,0.1919488161802292,-0.7870476245880127
90,source,16,-0.10733908414840698,0.183216392993927,-0.7944257855415344
90,source,17,-0.08069814741611481,0.13379159569740295,-0.7291834354400635
90,source,18,-0.05014817416667938,0.10255762934684753,-0.7414590120315552
90,source,19,-0.07503417134284973,0.15036597847938538,-0.7659326195716858
90,source,20,-0.044957712292671204,0.11421898752450943,-0.7545720934867859
90,source,21,-0.09806320071220398,0.08894931524991989,-0.7600995898246765
90,source,22,-0.05280908942222595,0.1373709738254547,-0.7265110015869141
90,source,23,-0.07605187594890594,0.18137608468532562,-0.7334713339805603
90,source,24,-0.09385566413402557,0.1278197318315506,-0.7600348591804504
90,source,25,-0.08965601027011871,0.17792820930480957,-0.8125184774398804
90,source,26,-0.07064171135425568,0.17276041209697723,-0.7993635535240173
90,source,27,-0.07097171247005463,0.16732940077781677,-0.8194853067398071
90,source,28,-0.12128706276416779,0.17229735851287842,-0.8377683162689209
90,source,29,-0.06519065797328949,0.1892247200012207,-0.7648969292640686
90,source,30,-0.1190754771232605,0.17025911808013916,-0.8069184422492981
90,source,31,-0.04187494516372681,0.1198047548532486,-0.7481018304824829
90,source,32,-0.04827755689620972,0.14118808507919312,-0.7638846635818481
90,source,33,-0.1234368234872818,0.17784306406974792,-0.8108757734298706
90,source,34,-0.13224057853221893,0.1896732747554779,-0.7977308034896851
90,source,35,-0.120801642537117,0.16578389704227448,-0.8093152046203613
90,source,36,-0.11410149931907654,0.16097509860992432,-0.7972517609596252
90,source,37,-0.1287735104560852,0.17942020297050476,-0.7945342659950256
90,source,38,-0.10460902750492096,0.17740964889526367,-0.7880516648292542
90,source,39,-0.12171682715415955,0.17948660254478455,-0.7978976368904114
90,source,40,-0.09095315635204315,0.18778814375400543,-0.7433986067771912
90,source,41,-0.091899573802948,0.18236428499221802,-0.7147135138511658
90,source,42,-0.13271783292293549,0.16991211473941803,-0.7777132391929626
90,source,43,-0.1384090930223465,0.1912224292755127,-0.7599138021469116
90,source,44,-0.15170466899871826,0.17060022056102753,-0.780014157295227
90,source,45,-0.1430952101945877,0.1799885332584381,-0.7736280560493469
90,source,46,-0.1789432317018509,0.24609512090682983,-0.8314115405082703
90,source,47,-0.0985763669013977,0.2671196460723877,-0.7789595127105713
90,source,48,-0.0743093341588974,0.2794371247291565,-0.770287275314331
90,source,49,-0.18901823461055756,0.2658572196960449,-0.8373818397521973
90,source,50,-0.1607610583305359,0.2201167345046997,-0.7865023612976074
90,source,51,-0.075979083776474,0.19276654720306396,-0.776567280292511
90,source,52,-0.08813555538654327,0.21761691570281982,-0.7837519645690918
90,source,53,-0.06273804605007172,0.20862454175949097,-0.7881419062614441
90,source,54,-0.056344300508499146,0.19668027758598328,-0.7724326848983765
90,source,55,-0.05924279987812042,0.2243143618106842,-0.7526315450668335
90,source,56,-0.06525945663452148,0.2471792846918106,-0.7657716274261475
90,source,57,-0.06368055939674377,0.2370142936706543,-0.7831733822822571
90,source,58,-0.0433402955532074,0.21460601687431335,-0.7601271271705627
90,source,59,-0.07256783545017242,0.2324916422367096,-0.7919941544532776
90,source,60,-0.07712741196155548,0.23870928585529327,-0.7900242209434509
90,source,61,-0.10652197897434235,0.23239710927009583,-0.7929981350898743
90,source,62,-0.13431917130947113,0.22688762843608856,-0.8090510368347168
90,source,63,-0.09830780327320099,0.24186912178993225,-0.7973282933235168
90,target,0,-0.14650368690490723,0.17093229293823242,-0.7986667156219482
90,target,1,-0.15224742889404297,0.16756202280521393,-0.7816122174263
90,target,2,-0.15797504782676697,0.17761972546577454,-0.8085936903953552
90,target,3,-0.16367769241333008,0.17352509498596191,-0.8017508387565613
90,target,4,-0.15098056197166443,0.17298975586891174,-0.7836428880691528
90,target,5,-0.15794737637043,0.17704442143440247,-0.7962531447410583
90,target,6,-0.15279163420200348,0.17819829285144806,-0.7943563461303711
90,target,7,-0.15265324711799622,0.1890658289194107,-0.7981858849525452
90,target,8,-0.15702351927757263,0.17900386452674866,-0.7895786166191101
90,target,9,-0.14826679229736328,0.17930473387241364,-0.8011398911476135
90,target,10,-0.16033484041690826,0.17312896251678467,-0.7978773713111877
90,target,11,-0.16593559086322784,0.17249517142772675,-0.8054302930831909
90,target,12,-0.16069938242435455,0.1643773913383484,-0.7882881164550781
90,target,13,-0.15788745880126953,0.15814824402332306,-0.7896263003349304
90,target,14,-0.14589186012744904,0.1753738820552826,-0.8033369779586792
90,target,15,-0.18112967908382416,0.18073216080665588,-0.7854247689247131
90,target,16,-0.16615910828113556,0.17723587155342102,-0.7942374348640442
90,target,17,-0.16526827216148376,0.18571269512176514,-0.7917335629463196
90,target,18,-0.16398859024047852,0.1816299855709076,-0.7926091551780701
90,target,19,-0.17097686231136322,0.18191510438919067,-0.7907235026359558
90,target,20,-0.16941995918750763,0.18730412423610687,-0.8100974559783936
90,target,21,-0.16051234304904938,0.18315738439559937,-0.7984701991081238
90,target,22,-0.15896160900592804,0.19769492745399475,-0.8062222599983215
90,target,23,-0.16297422349452972,0.19141905009746552,-0.8031041026115417
90,target,24,-0.1607576310634613,0.19040870666503906,-0.8036261200904846
90,target,25,-0.17647643387317657,0.1913500726222992,-0.7929409742355347
90,target,26,-0.16519971191883087,0.17553091049194336,-0.7886117696762085
90,target,27,-0.14918603003025055,0.16375292837619781,-0.7670912146568298
90,target,28,-0.13643155992031097,0.16172310709953308,-0.7896043062210083
90,target,29,-0.16310808062553406,0.17223650217056274,-0.8003945350646973
90,target,30,-0.1530172973871231,0.17296797037124634,-0.8026363849639893
90,target,31,-0.15638595819473267,0.17355988919734955,-0.798397421836853
90,target,32,-0.14670774340629578,0.17324227094650269,-0.8030768036842346
90,target,33,-0.15618157386779785,0.1753627359867096,-0.7959511876106262
90,target,34,-0.15120981633663177,0.17566758394241333,-0.8012877702713013
90,target,35,-0.14668749272823334,0.17184600234031677,-0.7864333987236023
90,target,36,-0.1632765829563141,0.16132013499736786,-0.762923538684845
90,target,37,-0.17020182311534882,0.1771109700202942,-0.7846471667289734
90,target,38,-0.16207648813724518,0.19209671020507812,-0.8006522059440613
90,target,39,-0.1659681648015976,0.18954193592071533,-0.8004628419876099
90,target,40,-0.15665395557880402,0.18539530038833618,-0.7943773865699768
90,target,41,-0.16048869490623474,0.18311338126659393,-0.7964180111885071
90,target,42,-0.15376517176628113,0.17856687307357788,-0.7995495200157166
90,target,43,-0.16997204720973969,0.1730969399213791,-0.7980221509933472
90,target,44,-0.17402832210063934,0.1825365126132965,-0.8087191581726074
90,target,45,-0.1819124072790146,0.19015920162200928,-0.8046290874481201
90,target,46,-0.14848697185516357,0.1744682341814041,-0.7978461384773254
90,target,47,-0.15350523591041565,0.1709938794374466,-0.8016723990440369
90,target,48,-0.1672615259885788,0.17888395488262177,-0.8109959959983826
90,target,49,-0.16304108500480652,0.1821104884147644,-0.7939620018005371
90,target,50,-0.1269768327474594,0.17263364791870117,-0.8019917011260986
90,target,51,-0.12474478781223297,0.16916285455226898,-0.7825628519058228
90,target,52,-0.13106830418109894,0.16190624237060547,-0.8055229187011719
90,target,53,-0.1456853449344635,0.16328589618206024,-0.8003940582275391
90,target,54,-0.13571444153785706,0.15899847447872162,-0.7965738773345947
90,target,55,-0.14589132368564606,0.17277812957763672,-0.7982659339904785
90,target,56,-0.1288394331932068,0.17967088520526886,-0.7967046499252319
90,target,57,-0.13579189777374268,0.180718332529068,-0.798750102519989
90,target,58,-0.13260391354560852,0.1752597987651825,-0.7979626655578613
90,target,59,-0.1374395489692688,0.16832281649112701,-0.7995366454124451
90,target,60,-0.15234078466892242,0.1721620410680771,-0.7985402345657349
90,target,61,-0.15476541221141815,0.1699179857969284,-0.7975884675979614
90,target,62,-0.1400260031223297,0.16698847711086273,-0.791282057762146
90,target,63,-0.14417392015457153,0.17138689756393433,-0.7893960475921631
91,source,0,-0.09928072988986969,0.23671263456344604,-0.7859838604927063
91,source,1,-0.08244238793849945,0.1898992359638214,-0.8331793546676636
91,source,2,-0.1182311624288559,0.1765860617160797,-0.8185548782348633
91,source,3,-0.08204013109207153,0.19431760907173157,-0.812344491481781
91,source,4,-0.08571960031986237,0.16281713545322418,-0.7920619249343872
91,source,5,-0.05276918411254883,0.032258860766887665,-0.6241912841796875
91,source,6,-0.0750618577003479,0.06996878236532211,-0.7321503162384033
91,source,7,-0.06731504201889038,0.11083902418613434,-0.6588507890701294
91,source,8,-0.08969008922576904,0.10853208601474762,-0.711006224155426
91,source,9,-0.06619016826152802,0.19366049766540527,-0.6997118592262268
91,source,10,-0.05965372920036316,0.16503264009952545,-0.6652587652206421
91,source,11,-0.03818555921316147,0.13184720277786255,-0.6917558908462524
91,source,12,-0.0667116641998291,0.18768000602722168,-0.6737112998962402
91,source,13,-0.09379211068153381,0.2033996880054474,-0.7577525973320007
91,source,14,-0.05660839378833771,0.17108651995658875,-0.7668106555938721
91,source,15,-0.09153413772583008,0.18670815229415894,-0.7858063578605652
91,source,16,-0.09926135838031769,0.1774807572364807,-0.7904510498046875
91,source,17,-0.07101601362228394,0.1266772747039795,-0.7235381007194519
91,source,18,-0.04081322252750397,0.09600207209587097,-0.7320582270622253
91,source,19,-0.06344178318977356,0.14854426681995392,-0.7648249268531799
91,source,20,-0.036650121212005615,0.10705308616161346,-0.7503988742828369
91,source,21,-0.08874057233333588,0.07211799919605255,-0.7507882714271545
91,source,22,-0.04322747886180878,0.12693078815937042,-0.7189125418663025
91,source,23,-0.06480278074741364,0.17644228041172028,-0.7289734482765198
91,source,24,-0.08911657333374023,0.121393583714962,-0.7514755725860596
91,source,25,-0.08471491932868958,0.17490310966968536,-0.8143250942230225
91,source,26,-0.06064148247241974,0.17401424050331116,-0.8004243969917297
91,source,27,-0.06306719779968262,0.16222499310970306,-0.8219726085662842
91,source,28,-0.11610384285449982,0.16769133508205414,-0.8383121490478516
91,source,29,-0.06159621477127075,0.18901695311069489,-0.7641927599906921
91,source,30,-0.11625286936759949,0.1709699034690857,-0.8090052008628845
91,source,31,-0.030270442366600037,0.11178168654441833,-0.7434197068214417
91,source,32,-0.03602387011051178,0.14101484417915344,-0.7601308822631836
91,source,33,-0.11603376269340515,0.17828117311000824,-0.809697687625885
91,source,34,-0.122351735830307,0.19064097106456757,-0.7933058142662048
91,source,35,-0.11459587514400482,0.16655483841896057,-0.8111381530761719
91,source,36,-0.11185765266418457,0.15825320780277252,-0.7978899478912354
91,source,37,-0.12317180633544922,0.17951489984989166,-0.7967900037765503
91,source,38,-0.09902794659137726,0.1770913451910019,-0.7829210162162781
91,source,39,-0.11773070693016052,0.1774003803730011,-0.7997304201126099
91,source,40,-0.08324874937534332,0.18538020551204681,-0.7402468323707581
91,source,41,-0.07945390045642853,0.1793643832206726,-0.7088231444358826
91,source,42,-0.12619824707508087,0.1776692420244217,-0.7745683193206787
91,source,43,-0.12753301858901978,0.19850288331508636,-0.7581623196601868
91,source,44,-0.14692670106887817,0.18231603503227234,-0.779236376285553
91,source,45,-0.13586251437664032,0.1854112297296524,-0.7717188000679016
91,source,46,-0.17792756855487823,0.2544544041156769,-0.8419350981712341
91,source,47,-0.09364354610443115,0.2737044095993042,-0.7753792405128479
91,source,48,-0.06940793991088867,0.28139442205429077,-0.7729788422584534
91,source,49,-0.19091098010540009,0.2713071405887604,-0.8499217629432678
91,source,50,-0.16328619420528412,0.2276996523141861,-0.7931896448135376
91,source,51,-0.06776784360408783,0.19308072328567505,-0.7780402898788452
91,source,52,-0.0847497433423996,0.2231251299381256,-0.7865504026412964
91,source,53,-0.05494265258312225,0.2057684063911438,-0.7902927398681641
91,source,54,-0.04960128664970398,0.19187815487384796,-0.7783863544464111
91,source,55,-0.048844754695892334,0.22165276110172272,-0.7583916783332825
91,source,56,-0.055855944752693176,0.24900370836257935,-0.7672795653343201
91,source,57,-0.05508650839328766,0.23812878131866455,-0.7839059829711914
91,source,58,-0.03423013538122177,0.21568545699119568,-0.7625508904457092
91,source,59,-0.0636635571718216,0.23508071899414062,-0.7931585311889648
91,source,60,-0.0681920200586319,0.24120968580245972,-0.7892030477523804
91,source,61,-0.10125371813774109,0.23648828268051147,-0.7906965017318726
91,source,62,-0.1287931203842163,0.23195314407348633,-0.8095325231552124
91,source,63,-0.08843199908733368,0.24504277110099792,-0.7996708750724792
91,target,0,-0.14390581846237183,0.1701728254556656,-0.7949549555778503
91,target,1,-0.1499260812997818,0.1652093231678009,-0.7776552438735962
91,target,2,-0.15406987071037292,0.17574883997440338,-0.8045166730880737
91,target,3,-0.1619487702846527,0.17612361907958984,-0.801196813583374
91,target,4,-0.14864596724510193,0.1755368709564209,-0.7783675193786621
91,target,5,-0.15481247007846832,0.17866317927837372,-0.7915264368057251
91,target,6,-0.15142202377319336,0.18302595615386963,-0.7920467257499695
91,target,7,-0.15011630952358246,0.19628910720348358,-0.79746413230896
91,target,8,-0.1522909551858902,0.18342070281505585,-0.7880346179008484
91,target,9,-0.1452959030866623,0.18173442780971527,-0.7994206547737122
91,target,10,-0.15630114078521729,0.17592312395572662,-0.7922921180725098
91,target,11,-0.16524477303028107,0.17695528268814087,-0.8051512241363525
91,target,12,-0.15905021131038666,0.16895157098770142,-0.7893982529640198
91,target,13,-0.15671436488628387,0.16305692493915558,-0.7915792465209961
91,target,14,-0.13961578905582428,0.1755962371826172,-0.8018069267272949
91,target,15,-0.1792796403169632,0.1811685562133789,-0.7820857167243958
91,target,16,-0.16426293551921844,0.17848999798297882,-0.7942454218864441
91,target,17,-0.16495390236377716,0.18743786215782166,-0.7858145236968994
91,target,18,-0.16438524425029755,0.18099388480186462,-0.791689932346344
91,target,19,-0.16803859174251556,0.1838866025209427,-0.7874501347541809
91,target,20,-0.16543512046337128,0.18985697627067566,-0.8091983795166016
91,target,21,-0.1506994217634201,0.181218683719635,-0.795672595500946
91,target,22,-0.15648473799228668,0.20003670454025269,-0.8029047250747681
91,target,23,-0.15914854407310486,0.193132683634758,-0.7969785928726196
91,target,24,-0.15682914853096008,0.1919519007205963,-0.8031805753707886
91,target,25,-0.17226915061473846,0.19370347261428833,-0.7890270352363586
91,target,26,-0.15887755155563354,0.17622920870780945,-0.7882727980613708
91,target,27,-0.1468929499387741,0.165470689535141,-0.7654723525047302
91,target,28,-0.12835437059402466,0.156069815158844,-0.7856320142745972
91,target,29,-0.15905143320560455,0.17142298817634583,-0.7981892824172974
91,target,30,-0.1515902578830719,0.17380622029304504,-0.8040604591369629
91,target,31,-0.15251345932483673,0.178297221660614,-0.7984862327575684
91,target,32,-0.1418866664171219,0.17337067425251007,-0.7992880940437317
91,target,33,-0.15038518607616425,0.1797390729188919,-0.7933574914932251
91,target,34,-0.14853951334953308,0.17955173552036285,-0.7977001070976257
91,target,35,-0.14035874605178833,0.17057298123836517,-0.7834997177124023
91,target,36,-0.15954478085041046,0.1586533933877945,-0.7606650590896606
91,target,37,-0.16541451215744019,0.17888998985290527,-0.7819598913192749
91,target,38,-0.1583169400691986,0.19440531730651855,-0.8007433414459229
91,target,39,-0.16227246820926666,0.19132979214191437,-0.7976533770561218
91,target,40,-0.1526457816362381,0.19014284014701843,-0.7898210287094116
91,target,41,-0.15635749697685242,0.18907292187213898,-0.7930425405502319
91,target,42,-0.14596906304359436,0.18139760196208954,-0.8017898797988892
91,target,43,-0.1628209501504898,0.17537933588027954,-0.7952982783317566
91,target,44,-0.1687125712633133,0.18323762714862823,-0.8058003187179565
91,target,45,-0.1780066043138504,0.19441893696784973,-0.8001564145088196
91,target,46,-0.14520330727100372,0.17395846545696259,-0.7933906316757202
91,target,47,-0.14733372628688812,0.16803193092346191,-0.8005678653717041
91,target,48,-0.16243533790111542,0.18320174515247345,-0.8103099465370178
91,target,49,-0.15809540450572968,0.1830075979232788,-0.7900295853614807
91,target,50,-0.121254563331604,0.17125897109508514,-0.8032916784286499
91,target,51,-0.12133345007896423,0.16879728436470032,-0.7841898202896118
91,target,52,-0.1232905387878418,0.159396693110466,-0.8022412657737732
91,target,53,-0.14186827838420868,0.1604469269514084,-0.7986611723899841
91,target,54,-0.1279907524585724,0.15832063555717468,-0.7939386367797852
91,target,55,-0.14255277812480927,0.17553219199180603,-0.8004394173622131
91,target,56,-0.12053915858268738,0.18131409585475922,-0.7981767654418945
91,target,57,-0.12854349613189697,0.18417760729789734,-0.7986831068992615
91,target,58,-0.12461622059345245,0.17544877529144287,-0.7989564538002014
91,target,59,-0.13427133858203888,0.16950389742851257,-0.8010090589523315
91,target,60,-0.14713414013385773,0.16848045587539673,-0.7972369194030762
91,target,61,-0.1513098180294037,0.16670235991477966,-0.7989945411682129
91,target,62,-0.13518553972244263,0.16392286121845245,-0.7943100929260254
91,target,63,-0.13839803636074066,0.16925528645515442,-0.7891404032707214
92,source,0,-0.09792236983776093,0.2395804226398468,-0.785378634929657
92,source,1,-0.08180101215839386,0.19091206789016724,-0.8325848579406738
92,source,2,-0.1153169721364975,0.17658045887947083,-0.8200133442878723
92,source,3,-0.07723553478717804,0.19115832448005676,-0.8127036094665527
92,source,4,-0.08553540706634521,0.16449710726737976,-0.7936813235282898
92,source,5,-0.051821544766426086,0.034413181245326996,-0.6252261400222778
92,source,6,-0.07230937480926514,0.06951150298118591,-0.7368866205215454
92,source,7,-0.06464274227619171,0.11620953679084778,-0.6611319184303284
92,source,8,-0.0898338258266449,0.11384563148021698,-0.7136548161506653
92,source,9,-0.06611843407154083,0.19850651919841766,-0.7024566531181335
92,source,10,-0.05500674247741699,0.16967378556728363,-0.6665009260177612
92,source,11,-0.035456620156764984,0.13766536116600037,-0.6933284401893616
92,source,12,-0.0644637942314148,0.193266361951828,-0.6793956756591797
92,source,13,-0.08969129621982574,0.2061329185962677,-0.7580902576446533
92,source,14,-0.05305764079093933,0.17374759912490845,-0.767562210559845
92,source,15,-0.08996053040027618,0.18888387084007263,-0.7885130643844604
92,source,16,-0.09718763828277588,0.1786523014307022,-0.7951428890228271
92,source,17,-0.071221724152565,0.13008975982666016,-0.7237311601638794
92,source,18,-0.03703751415014267,0.09866738319396973,-0.7336422801017761
92,source,19,-0.06250165402889252,0.15230606496334076,-0.7652924060821533
92,source,20,-0.036510154604911804,0.11389989405870438,-0.7510415315628052
92,source,21,-0.08649571239948273,0.0728328675031662,-0.7533693313598633
92,source,22,-0.04075042903423309,0.13324753940105438,-0.7217720746994019
92,source,23,-0.06485357880592346,0.17756864428520203,-0.7307618856430054
92,source,24,-0.08291622996330261,0.12530963122844696,-0.7511886358261108
92,source,25,-0.08252499997615814,0.17733174562454224,-0.8153457641601562
92,source,26,-0.05730392038822174,0.1748693287372589,-0.8026229739189148
92,source,27,-0.061538636684417725,0.16374562680721283,-0.8218200206756592
92,source,28,-0.10892695188522339,0.16727086901664734,-0.8389919400215149
92,source,29,-0.06278219819068909,0.19285747408866882,-0.7667953968048096
92,source,30,-0.11699768900871277,0.1734653115272522,-0.8097984790802002
92,source,31,-0.02777949720621109,0.11300171911716461,-0.7452864646911621
92,source,32,-0.032757945358753204,0.14139960706233978,-0.7585049867630005
92,source,33,-0.11115880310535431,0.17696189880371094,-0.810355544090271
92,source,34,-0.12079674005508423,0.19165736436843872,-0.7974781394004822
92,source,35,-0.11305716633796692,0.16874492168426514,-0.8134523034095764
92,source,36,-0.10746853053569794,0.16167685389518738,-0.8001254796981812
92,source,37,-0.12111948430538177,0.18126538395881653,-0.7995001077651978
92,source,38,-0.09713837504386902,0.1793379932641983,-0.786872386932373
92,source,39,-0.1160736232995987,0.17689982056617737,-0.8007692098617554
92,source,40,-0.08018067479133606,0.19017645716667175,-0.7398859262466431
92,source,41,-0.07433606684207916,0.18377147614955902,-0.7072335481643677
92,source,42,-0.1282350867986679,0.1792047768831253,-0.7745193243026733
92,source,43,-0.1246635764837265,0.1995241492986679,-0.7549846172332764
92,source,44,-0.143225759267807,0.18261829018592834,-0.7703750729560852
92,source,45,-0.1292860060930252,0.1831994652748108,-0.7689387202262878
92,source,46,-0.17250113189220428,0.25115975737571716,-0.8395037651062012
92,source,47,-0.09108614921569824,0.275613009929657,-0.7743138670921326
92,source,48,-0.06532037258148193,0.28441280126571655,-0.7721381187438965
92,source,49,-0.18807651102542877,0.2703081965446472,-0.8501408100128174
92,source,50,-0.1585496962070465,0.22959519922733307,-0.7893319725990295
92,source,51,-0.066873699426651,0.19438481330871582,-0.7801998853683472
92,source,52,-0.08224678039550781,0.2219546139240265,-0.7866867780685425
92,source,53,-0.052451327443122864,0.20768429338932037,-0.7876722812652588
92,source,54,-0.04878552258014679,0.1932341605424881,-0.7770808935165405
92,source,55,-0.05019800364971161,0.22586263716220856,-0.7562239766120911
92,source,56,-0.05491077899932861,0.2521412670612335,-0.765553891658783
92,source,57,-0.05046805739402771,0.24156120419502258,-0.7832108736038208
92,source,58,-0.03286517411470413,0.21654251217842102,-0.7593519687652588
92,source,59,-0.06096866726875305,0.2345568835735321,-0.7930171489715576
92,source,60,-0.06526273488998413,0.242584690451622,-0.7869824767112732
92,source,61,-0.09649896621704102,0.23649665713310242,-0.7905459403991699
92,source,62,-0.12349244952201843,0.2308671474456787,-0.808989405632019
92,source,63,-0.08499906957149506,0.2465418130159378,-0.7984182238578796
92,target,0,-0.1395435780286789,0.17224262654781342,-0.7980573177337646
92,target,1,-0.1487618088722229,0.16928736865520477,-0.7822897434234619
92,target,2,-0.15010225772857666,0.17901194095611572,-0.8095454573631287
92,target,3,-0.1591246873140335,0.17756517231464386,-0.802161455154419
92,target,4,-0.14773434400558472,0.17669367790222168,-0.7816492319107056
92,target,5,-0.15418605506420135,0.18391062319278717,-0.79274982213974
92,target,6,-0.14507725834846497,0.18783603608608246,-0.7947732210159302
92,target,7,-0.14586655795574188,0.20212915539741516,-0.7989652156829834
92,target,8,-0.14647075533866882,0.18382148444652557,-0.7895010709762573
92,target,9,-0.1392221748828888,0.18445000052452087,-0.8014660477638245
92,target,10,-0.15091633796691895,0.17983785271644592,-0.7939673066139221
92,target,11,-0.15912126004695892,0.17701882123947144,-0.8049557209014893
92,target,12,-0.15554413199424744,0.1665796935558319,-0.790094256401062
92,target,13,-0.14993686974048615,0.16431160271167755,-0.7915915846824646
92,target,14,-0.1373784840106964,0.17530599236488342,-0.8048513531684875
92,target,15,-0.17888851463794708,0.1836857944726944,-0.7850925922393799
92,target,16,-0.15858422219753265,0.1769144982099533,-0.7952747344970703
92,target,17,-0.16199885308742523,0.18745043873786926,-0.7897542715072632
92,target,18,-0.15971435606479645,0.18185438215732574,-0.7955501079559326
92,target,19,-0.16601912677288055,0.18470518290996552,-0.7895788550376892
92,target,20,-0.16072013974189758,0.18965956568717957,-0.8080349564552307
92,target,21,-0.15151023864746094,0.18366172909736633,-0.798312246799469
92,target,22,-0.1535220444202423,0.2029930055141449,-0.8047022223472595
92,target,23,-0.1578376740217209,0.19437190890312195,-0.8008020520210266
92,target,24,-0.1542319655418396,0.19326436519622803,-0.8057246804237366
92,target,25,-0.16873173415660858,0.19626161456108093,-0.7906904816627502
92,target,26,-0.15749907493591309,0.17873623967170715,-0.7917578816413879
92,target,27,-0.14320912957191467,0.1649503856897354,-0.7655950784683228
92,target,28,-0.12640100717544556,0.15686412155628204,-0.7892562747001648
92,target,29,-0.15780222415924072,0.17646506428718567,-0.803260862827301
92,target,30,-0.14572098851203918,0.177154079079628,-0.8050448298454285
92,target,31,-0.14760327339172363,0.17944569885730743,-0.7990956902503967
92,target,32,-0.1375492513179779,0.17627622187137604,-0.8030291199684143
92,target,33,-0.14640747010707855,0.18282601237297058,-0.795756995677948
92,target,34,-0.14598603546619415,0.18139880895614624,-0.8001078963279724
92,target,35,-0.141616553068161,0.17464886605739594,-0.7854376435279846
92,target,36,-0.1593722403049469,0.16046802699565887,-0.7585198879241943
92,target,37,-0.16514985263347626,0.18229380249977112,-0.7852782011032104
92,target,38,-0.15508484840393066,0.19542549550533295,-0.8023004531860352
92,target,39,-0.16189657151699066,0.19324520230293274,-0.7980432510375977
92,target,40,-0.14964412152767181,0.19506649672985077,-0.7909113168716431
92,target,41,-0.15100722014904022,0.19396865367889404,-0.7945342659950256
92,target,42,-0.1398094743490219,0.18642519414424896,-0.8045817017555237
92,target,43,-0.15635570883750916,0.17947641015052795,-0.7975025177001953
92,target,44,-0.16418465971946716,0.18234267830848694,-0.8056785464286804
92,target,45,-0.1701928824186325,0.19330187141895294,-0.8026037216186523
92,target,46,-0.14125895500183105,0.17493052780628204,-0.7945091724395752
92,target,47,-0.1426568627357483,0.17028279602527618,-0.8026254773139954
92,target,48,-0.1602163016796112,0.18456293642520905,-0.8094643354415894
92,target,49,-0.1580946445465088,0.18716290593147278,-0.7932980060577393
92,target,50,-0.11896719038486481,0.17239035665988922,-0.8049880266189575
92,target,51,-0.12126308679580688,0.17158247530460358,-0.7860375642776489
92,target,52,-0.1217280924320221,0.16240528225898743,-0.8051052689552307
92,target,53,-0.13817574083805084,0.16188643872737885,-0.7989991903305054
92,target,54,-0.1292063593864441,0.160386860370636,-0.7973578572273254
92,target,55,-0.14064009487628937,0.17690131068229675,-0.801965594291687
92,target,56,-0.11605168879032135,0.18270649015903473,-0.7979171276092529
92,target,57,-0.12551197409629822,0.18591853976249695,-0.8000432252883911
92,target,58,-0.12193015217781067,0.17736122012138367,-0.7996797561645508
92,target,59,-0.13259562849998474,0.1694716364145279,-0.8024327158927917
92,target,60,-0.14624802768230438,0.16984865069389343,-0.8025206327438354
92,target,61,-0.14888274669647217,0.16803759336471558,-0.8000487089157104
92,target,62,-0.13192108273506165,0.16579179465770721,-0.7965249419212341
92,target,63,-0.13868357241153717,0.17218546569347382,-0.790658712387085
93,source,0,-0.10495200753211975,0.24250757694244385,-0.7892279028892517
93,source,1,-0.089397132396698,0.19055905938148499,-0.8354198932647705
93,source,2,-0.12332873046398163,0.17526529729366302,-0.8254600763320923
93,source,3,-0.08664236962795258,0.19325655698776245,-0.8168113827705383
93,source,4,-0.09159344434738159,0.16658443212509155,-0.7983335256576538
93,source,5,-0.06635154783725739,0.041102901101112366,-0.6357230544090271
93,source,6,-0.08362354338169098,0.06949993222951889,-0.7414416074752808
93,source,7,-0.0728074461221695,0.11212360858917236,-0.6592867970466614
93,source,8,-0.09993425011634827,0.11121708154678345,-0.7147467136383057
93,source,9,-0.07545192539691925,0.2007407695055008,-0.7040736675262451
93,source,10,-0.06507503986358643,0.17178139090538025,-0.6672196388244629
93,source,11,-0.04408147931098938,0.1423344910144806,-0.7011946439743042
93,source,12,-0.07484376430511475,0.19631575047969818,-0.6839790344238281
93,source,13,-0.09845691919326782,0.20743876695632935,-0.7597947120666504
93,source,14,-0.060556113719940186,0.1746971160173416,-0.771807849407196
93,source,15,-0.09917713701725006,0.18923822045326233,-0.7910042405128479
93,source,16,-0.10410580039024353,0.1794816255569458,-0.7984126806259155
93,source,17,-0.07848471403121948,0.1316828727722168,-0.7281618714332581
93,source,18,-0.04469868540763855,0.0997360497713089,-0.7392391562461853
93,source,19,-0.06858281791210175,0.15335488319396973,-0.7685609459877014
93,source,20,-0.043814778327941895,0.1148800402879715,-0.7565866708755493
93,source,21,-0.09632553160190582,0.07357290387153625,-0.757439136505127
93,source,22,-0.0497521311044693,0.13804663717746735,-0.7258288860321045
93,source,23,-0.0707206130027771,0.1834331899881363,-0.7340018153190613
93,source,24,-0.09173683822154999,0.12553805112838745,-0.7606947422027588
93,source,25,-0.09118644893169403,0.17930340766906738,-0.8200818300247192
93,source,26,-0.06495264172554016,0.1786544919013977,-0.8077784180641174
93,source,27,-0.06935006380081177,0.16464011371135712,-0.8254741430282593
93,source,28,-0.12144424021244049,0.1712975800037384,-0.8439801335334778
93,source,29,-0.0718914121389389,0.19531050324440002,-0.7689296007156372
93,source,30,-0.12661094963550568,0.17337095737457275,-0.8157490491867065
93,source,31,-0.0369764044880867,0.11840466409921646,-0.7506732940673828
93,source,32,-0.03951382637023926,0.1407751739025116,-0.7626305222511292
93,source,33,-0.11949792504310608,0.17820630967617035,-0.8150334358215332
93,source,34,-0.1250157654285431,0.19378776848316193,-0.8029150366783142
93,source,35,-0.12018640339374542,0.16817307472229004,-0.8183687925338745
93,source,36,-0.11461316049098969,0.16297566890716553,-0.8043460249900818
93,source,37,-0.1261420100927353,0.18123403191566467,-0.8062825202941895
93,source,38,-0.1040956974029541,0.18058623373508453,-0.7927314639091492
93,source,39,-0.11949913203716278,0.17899537086486816,-0.8071715235710144
93,source,40,-0.08724290132522583,0.1965693235397339,-0.7416231632232666
93,source,41,-0.08249443769454956,0.19154222309589386,-0.7117223739624023
93,source,42,-0.13431955873966217,0.18003970384597778,-0.7800129652023315
93,source,43,-0.13086047768592834,0.20164446532726288,-0.7560818195343018
93,source,44,-0.148300901055336,0.18075938522815704,-0.7756984233856201
93,source,45,-0.13615866005420685,0.18513207137584686,-0.7718801498413086
93,source,46,-0.17754150927066803,0.2541978657245636,-0.8452205657958984
93,source,47,-0.09984052181243896,0.2759309411048889,-0.7791980504989624
93,source,48,-0.07378058135509491,0.2890573740005493,-0.7754006385803223
93,source,49,-0.19525887072086334,0.27301955223083496,-0.8507575392723083
93,source,50,-0.16563354432582855,0.232749804854393,-0.7931368350982666
93,source,51,-0.07775077223777771,0.19703327119350433,-0.7813076376914978
93,source,52,-0.08824175596237183,0.22463709115982056,-0.7890159487724304
93,source,53,-0.061868757009506226,0.21021583676338196,-0.7909494042396545
93,source,54,-0.05695304274559021,0.1953536570072174,-0.7792778015136719
93,source,55,-0.05808812379837036,0.22779661417007446,-0.7591598629951477
93,source,56,-0.06174282729625702,0.2528640627861023,-0.7713548541069031
93,source,57,-0.058018386363983154,0.24109339714050293,-0.7869490385055542
93,source,58,-0.039179667830467224,0.21871423721313477,-0.7633283138275146
93,source,59,-0.06877252459526062,0.2373315691947937,-0.7948883771896362
93,source,60,-0.07476329803466797,0.24365299940109253,-0.791286826133728
93,source,61,-0.10495750606060028,0.24032960832118988,-0.7944639921188354
93,source,62,-0.12984855473041534,0.2303338348865509,-0.8124114274978638
93,source,63,-0.09159466624259949,0.24662776291370392,-0.8027685880661011
93,target,0,-0.14728137850761414,0.17367015779018402,-0.8020451664924622
93,target,1,-0.15801426768302917,0.17299482226371765,-0.7868700623512268
93,target,2,-0.15609808266162872,0.18099577724933624,-0.8122755885124207
93,target,3,-0.1655483990907669,0.17954564094543457,-0.8062793016433716
93,target,4,-0.15650483965873718,0.18323417007923126,-0.7859699726104736
93,target,5,-0.1636233925819397,0.18652594089508057,-0.7999775409698486
93,target,6,-0.1544410139322281,0.18940600752830505,-0.8019771575927734
93,target,7,-0.15513531863689423,0.20555639266967773,-0.8063801527023315
93,target,8,-0.1558695286512375,0.18630491197109222,-0.7942783236503601
93,target,9,-0.14552511274814606,0.18720176815986633,-0.8065852522850037
93,target,10,-0.15852846205234528,0.1801532655954361,-0.8012881278991699
93,target,11,-0.1648312658071518,0.17670349776744843,-0.8117702007293701
93,target,12,-0.1634427309036255,0.16961897909641266,-0.7937530279159546
93,target,13,-0.15762458741664886,0.16453340649604797,-0.7939716577529907
93,target,14,-0.14183558523654938,0.17787092924118042,-0.8090139031410217
93,target,15,-0.18775038421154022,0.18769171833992004,-0.7889483571052551
93,target,16,-0.16533388197422028,0.1802043467760086,-0.7986658811569214
93,target,17,-0.1654750257730484,0.18975773453712463,-0.7909495234489441
93,target,18,-0.1661929041147232,0.18160971999168396,-0.7975086569786072
93,target,19,-0.17657645046710968,0.18744435906410217,-0.7928591966629028
93,target,20,-0.16465212404727936,0.19171440601348877,-0.8119150996208191
93,target,21,-0.15455099940299988,0.18730561435222626,-0.8012744784355164
93,target,22,-0.15640339255332947,0.20826536417007446,-0.8062928915023804
93,target,23,-0.16157150268554688,0.19667482376098633,-0.8027044534683228
93,target,24,-0.15981106460094452,0.19493769109249115,-0.808039665222168
93,target,25,-0.17756308615207672,0.19898000359535217,-0.7946056127548218
93,target,26,-0.163628950715065,0.18260329961776733,-0.7951433062553406
93,target,27,-0.15129268169403076,0.16737596690654755,-0.7678908109664917
93,target,28,-0.13578373193740845,0.16070446372032166,-0.7917913794517517
93,target,29,-0.16817276179790497,0.17649933695793152,-0.8042877912521362
93,target,30,-0.15158721804618835,0.17966853082180023,-0.8121579885482788
93,target,31,-0.15502315759658813,0.18111178278923035,-0.804710328578949
93,target,32,-0.1434985101222992,0.17984291911125183,-0.8101702928543091
93,target,33,-0.15248005092144012,0.18561618030071259,-0.8012524247169495
93,target,34,-0.15457993745803833,0.18523326516151428,-0.8061965703964233
93,target,35,-0.1480916142463684,0.17553770542144775,-0.7900487184524536
93,target,36,-0.16929738223552704,0.16360190510749817,-0.7619608640670776
93,target,37,-0.1731180101633072,0.1862432211637497,-0.7877441644668579
93,target,38,-0.1616257131099701,0.1984272003173828,-0.8039041757583618
93,target,39,-0.1685265451669693,0.19673532247543335,-0.8029980659484863
93,target,40,-0.161366805434227,0.195326030254364,-0.8019406795501709
93,target,41,-0.15847554802894592,0.19136156141757965,-0.8021608591079712
93,target,42,-0.1472189724445343,0.18549109995365143,-0.8122514486312866
93,target,43,-0.16893552243709564,0.18027569353580475,-0.8057810068130493
93,target,44,-0.16742469370365143,0.18553176522254944,-0.8069502115249634
93,target,45,-0.17853368818759918,0.19537851214408875,-0.8078093528747559
93,target,46,-0.14884179830551147,0.17717134952545166,-0.7985861301422119
93,target,47,-0.15102581679821014,0.17351455986499786,-0.8060065507888794
93,target,48,-0.1663072258234024,0.1875278502702713,-0.8138445019721985
93,target,49,-0.1681542545557022,0.18967941403388977,-0.7997150421142578
93,target,50,-0.12819194793701172,0.17420051991939545,-0.8102904558181763
93,target,51,-0.13309670984745026,0.17431166768074036,-0.7916237711906433
93,target,52,-0.13358525931835175,0.16691815853118896,-0.8097712993621826
93,target,53,-0.1485656201839447,0.16699311137199402,-0.8045936822891235
93,target,54,-0.14080214500427246,0.16521671414375305,-0.8014432191848755
93,target,55,-0.15316469967365265,0.1813415288925171,-0.8058173656463623
93,target,56,-0.12737609446048737,0.18734347820281982,-0.8016632199287415
93,target,57,-0.13568782806396484,0.18851374089717865,-0.8044900298118591
93,target,58,-0.13430871069431305,0.17930379509925842,-0.8034077882766724
93,target,59,-0.14279745519161224,0.17253652215003967,-0.8048354983329773
93,target,60,-0.15541620552539825,0.174519345164299,-0.8051623106002808
93,target,61,-0.15881118178367615,0.1727195829153061,-0.8063890337944031
93,target,62,-0.14145830273628235,0.16719764471054077,-0.8037616014480591
93,target,63,-0.14950484037399292,0.17866291105747223,-0.7969954013824463
94,source,0,-0.11602796614170074,0.24328139424324036,-0.7915871143341064
94,source,1,-0.09815235435962677,0.193856343626976,-0.8363958597183228
94,source,2,-0.13564278185367584,0.18071900308132172,-0.8247802257537842
94,source,3,-0.09649261832237244,0.1981065720319748,-0.8184270858764648
94,source,4,-0.10741548240184784,0.17275424301624298,-0.7996262907981873
94,source,5,-0.07803742587566376,0.05305173248052597,-0.6532526016235352
94,source,6,-0.09537947177886963,0.08501706272363663,-0.7552919387817383
94,source,7,-0.08388550579547882,0.12732844054698944,-0.6868493556976318
94,source,8,-0.10674701631069183,0.125166654586792,-0.7357397079467773
94,source,9,-0.08538755774497986,0.20468711853027344,-0.713208019733429
94,source,10,-0.07561361789703369,0.18019485473632812,-0.6832724809646606
94,source,11,-0.057636454701423645,0.15133270621299744,-0.7158658504486084
94,source,12,-0.08802527189254761,0.1997043937444687,-0.696809709072113
94,source,13,-0.1111229807138443,0.21128550171852112,-0.7670599222183228
94,source,14,-0.07582747936248779,0.18217839300632477,-0.7744258046150208
94,source,15,-0.11130152642726898,0.1936403065919876,-0.7945703864097595
94,source,16,-0.11509612202644348,0.18425777554512024,-0.8002528548240662
94,source,17,-0.09267769753932953,0.14258424937725067,-0.7397407293319702
94,source,18,-0.0584082305431366,0.11057429760694504,-0.7460237741470337
94,source,19,-0.07917746901512146,0.16058501601219177,-0.7749105095863342
94,source,20,-0.057066917419433594,0.12421770393848419,-0.7633797526359558
94,source,21,-0.11092199385166168,0.09575611352920532,-0.7688654065132141
94,source,22,-0.06270809471607208,0.14689764380455017,-0.7365559339523315
94,source,23,-0.08369310200214386,0.18920361995697021,-0.7464348077774048
94,source,24,-0.10097606480121613,0.13587170839309692,-0.7700983881950378
94,source,25,-0.10060811042785645,0.18386632204055786,-0.8201804161071777
94,source,26,-0.07425570487976074,0.18312419950962067,-0.8086897134780884
94,source,27,-0.08115068078041077,0.17127659916877747,-0.8255549073219299
94,source,28,-0.13103584945201874,0.1768101453781128,-0.8447530269622803
94,source,29,-0.08434553444385529,0.19657118618488312,-0.7733392715454102
94,source,30,-0.1360195279121399,0.1793980449438095,-0.8151512145996094
94,source,31,-0.052359387278556824,0.1298678070306778,-0.7557992339134216
94,source,32,-0.057214587926864624,0.1505224108695984,-0.7715258598327637
94,source,33,-0.1375855803489685,0.18348954617977142,-0.81766277551651
94,source,34,-0.13979725539684296,0.19730935990810394,-0.8054531216621399
94,source,35,-0.1359107345342636,0.17783109843730927,-0.8211387991905212
94,source,36,-0.12466898560523987,0.16836291551589966,-0.8105435371398926
94,source,37,-0.1421438306570053,0.1889342963695526,-0.8098428249359131
94,source,38,-0.11730509996414185,0.18806345760822296,-0.7972220778465271
94,source,39,-0.13198982179164886,0.1855647712945938,-0.8089852333068848
94,source,40,-0.10011991858482361,0.20006820559501648,-0.7495801448822021
94,source,41,-0.0962274968624115,0.19377762079238892,-0.7233748435974121
94,source,42,-0.1399741917848587,0.18475183844566345,-0.7881442904472351
94,source,43,-0.13750341534614563,0.204471156001091,-0.7674967050552368
94,source,44,-0.154569610953331,0.18557360768318176,-0.7856488227844238
94,source,45,-0.14218534529209137,0.19211512804031372,-0.781248152256012
94,source,46,-0.18837304413318634,0.251103013753891,-0.8440128564834595
94,source,47,-0.1086365282535553,0.2718261182308197,-0.7838334441184998
94,source,48,-0.08469453454017639,0.2861742079257965,-0.7781111001968384
94,source,49,-0.20193012058734894,0.2703975439071655,-0.849136233329773
94,source,50,-0.1725095957517624,0.2303425818681717,-0.7961998581886292
94,source,51,-0.08684158325195312,0.19927993416786194,-0.7847689986228943
94,source,52,-0.10060477256774902,0.22641566395759583,-0.7915573716163635
94,source,53,-0.07277756929397583,0.2112247347831726,-0.7944343090057373
94,source,54,-0.06877465546131134,0.20004627108573914,-0.7818583250045776
94,source,55,-0.07065311074256897,0.2297060787677765,-0.7629707455635071
94,source,56,-0.07406635582447052,0.25245529413223267,-0.773126482963562
94,source,57,-0.07153686881065369,0.24436865746974945,-0.7896401882171631
94,source,58,-0.055719658732414246,0.22092145681381226,-0.7662882208824158
94,source,59,-0.0822296291589737,0.2393108308315277,-0.7958738803863525
94,source,60,-0.08750182390213013,0.2442474663257599,-0.7930759191513062
94,source,61,-0.11630117893218994,0.23886165022850037,-0.7955577969551086
94,source,62,-0.14391468465328217,0.23165906965732574,-0.8119683265686035
94,source,63,-0.10261477530002594,0.24818885326385498,-0.8023073077201843
94,target,0,-0.1517375409603119,0.1804032027721405,-0.8055016994476318
94,target,1,-0.16216100752353668,0.1810683012008667,-0.7916899919509888
94,target,2,-0.1634049415588379,0.18890826404094696,-0.8159932494163513
94,target,3,-0.17121754586696625,0.18688687682151794,-0.8111692667007446
94,target,4,-0.16038234531879425,0.18768921494483948,-0.7920753359794617
94,target,5,-0.16409437358379364,0.19055205583572388,-0.8055603504180908
94,target,6,-0.1560564786195755,0.1920880824327469,-0.8039563894271851
94,target,7,-0.15893912315368652,0.20495431125164032,-0.8084520697593689
94,target,8,-0.1608303040266037,0.1901625394821167,-0.798231303691864
94,target,9,-0.15102867782115936,0.192651629447937,-0.8115512132644653
94,target,10,-0.16327983140945435,0.183766707777977,-0.8057565093040466
94,target,11,-0.16960562765598297,0.18469059467315674,-0.8136130571365356
94,target,12,-0.16478590667247772,0.1770865023136139,-0.7966693043708801
94,target,13,-0.15964770317077637,0.17099139094352722,-0.7985956072807312
94,target,14,-0.14669588208198547,0.18480446934700012,-0.8116898536682129
94,target,15,-0.18988539278507233,0.19242948293685913,-0.7933443188667297
94,target,16,-0.17082451283931732,0.18673211336135864,-0.8016184568405151
94,target,17,-0.17125464975833893,0.19610168039798737,-0.7974271774291992
94,target,18,-0.17106522619724274,0.19139845669269562,-0.8015586137771606
94,target,19,-0.18125440180301666,0.1938820481300354,-0.798122763633728
94,target,20,-0.17422638833522797,0.19767028093338013,-0.8147338628768921
94,target,21,-0.16381442546844482,0.1914231777191162,-0.8050923347473145
94,target,22,-0.1643969714641571,0.21020466089248657,-0.8120729923248291
94,target,23,-0.16700239479541779,0.20154643058776855,-0.8097525238990784
94,target,24,-0.16505837440490723,0.20073302090168,-0.8125861287117004
94,target,25,-0.1819518655538559,0.20157021284103394,-0.7995866537094116
94,target,26,-0.16988210380077362,0.18816326558589935,-0.7987517714500427
94,target,27,-0.15883423388004303,0.17721614241600037,-0.7769895792007446
94,target,28,-0.14048069715499878,0.16859927773475647,-0.7975926399230957
94,target,29,-0.17142082750797272,0.18330493569374084,-0.8088247776031494
94,target,30,-0.15764272212982178,0.1843923181295395,-0.8132872581481934
94,target,31,-0.16169476509094238,0.18689343333244324,-0.8083945512771606
94,target,32,-0.14957113564014435,0.1849079132080078,-0.8116117715835571
94,target,33,-0.15868696570396423,0.18927069008350372,-0.8051540851593018
94,target,34,-0.1562405824661255,0.18763327598571777,-0.8078752756118774
94,target,35,-0.1504635214805603,0.1832166314125061,-0.795730471611023
94,target,36,-0.17060725390911102,0.17516982555389404,-0.7722123265266418
94,target,37,-0.17640461027622223,0.1900007128715515,-0.7946771383285522
94,target,38,-0.16604645550251007,0.20317299664020538,-0.8080528974533081
94,target,39,-0.17235271632671356,0.20020431280136108,-0.8072654604911804
94,target,40,-0.1661136895418167,0.19761648774147034,-0.8036695718765259
94,target,41,-0.16388991475105286,0.19513773918151855,-0.8044952154159546
94,target,42,-0.15394486486911774,0.1890069544315338,-0.8132929801940918
94,target,43,-0.17271988093852997,0.1840200424194336,-0.8073928356170654
94,target,44,-0.17719827592372894,0.19180196523666382,-0.8115821480751038
94,target,45,-0.18611012399196625,0.20071911811828613,-0.8114164471626282
94,target,46,-0.15414394438266754,0.18589626252651215,-0.80422443151474
94,target,47,-0.15665046870708466,0.1794494241476059,-0.8092313408851624
94,target,48,-0.17178116738796234,0.19378748536109924,-0.8183273673057556
94,target,49,-0.17211894690990448,0.19438380002975464,-0.8052068948745728
94,target,50,-0.1342974156141281,0.1786203384399414,-0.8102695941925049
94,target,51,-0.13767822086811066,0.17956861853599548,-0.7933080792427063
94,target,52,-0.14021489024162292,0.17217856645584106,-0.8103834986686707
94,target,53,-0.15508806705474854,0.17263376712799072,-0.8074116110801697
94,target,54,-0.1467335820198059,0.17027448117733002,-0.8045499324798584
94,target,55,-0.15673133730888367,0.18424250185489655,-0.808531641960144
94,target,56,-0.13287504017353058,0.19113203883171082,-0.8053814172744751
94,target,57,-0.143004909157753,0.19209615886211395,-0.8083631992340088
94,target,58,-0.1385081708431244,0.1841253936290741,-0.8069639801979065
94,target,59,-0.14853569865226746,0.1775706261396408,-0.808733344078064
94,target,60,-0.16323970258235931,0.18095476925373077,-0.8089151978492737
94,target,61,-0.16692282259464264,0.1791280061006546,-0.8079831600189209
94,target,62,-0.1474923938512802,0.17391806840896606,-0.8055702447891235
94,target,63,-0.1538165807723999,0.18227605521678925,-0.7991877198219299
95,source,0,-0.10526181757450104,0.24131247401237488,-0.7852602005004883
95,source,1,-0.08664076030254364,0.19138601422309875,-0.8330179452896118
95,source,2,-0.12396971881389618,0.17357280850410461,-0.8203529119491577
95,source,3,-0.0821668803691864,0.19300433993339539,-0.8145409822463989
95,source,4,-0.09124259650707245,0.16583597660064697,-0.7935716509819031
95,source,5,-0.059841275215148926,0.04076262563467026,-0.6351106762886047
95,source,6,-0.08051329851150513,0.06916104257106781,-0.7421405911445618
95,source,7,-0.0715775340795517,0.11720652878284454,-0.6727179884910583
95,source,8,-0.09709160029888153,0.11311759054660797,-0.7214427590370178
95,source,9,-0.07079830765724182,0.20248204469680786,-0.7034074664115906
95,source,10,-0.06072768568992615,0.17451347410678864,-0.6644449234008789
95,source,11,-0.03772474825382233,0.14077576994895935,-0.7013313174247742
95,source,12,-0.07107943296432495,0.1970323920249939,-0.6818929314613342
95,source,13,-0.09498780965805054,0.20607273280620575,-0.7597111463546753
95,source,14,-0.05806584656238556,0.17383696138858795,-0.7693440318107605
95,source,15,-0.09544318914413452,0.18821027874946594,-0.790090799331665
95,source,16,-0.1013069599866867,0.17757940292358398,-0.7947342395782471
95,source,17,-0.077767014503479,0.1340680867433548,-0.7289556264877319
95,source,18,-0.04320487380027771,0.10232347995042801,-0.7388516068458557
95,source,19,-0.06617379188537598,0.1526673287153244,-0.7699617743492126
95,source,20,-0.04298093914985657,0.11732438206672668,-0.7548102736473083
95,source,21,-0.0971413105726242,0.07445718348026276,-0.7545088529586792
95,source,22,-0.0464390367269516,0.1393246352672577,-0.7228860855102539
95,source,23,-0.06883153319358826,0.18317918479442596,-0.7368036508560181
95,source,24,-0.08972407877445221,0.1265234351158142,-0.7628241181373596
95,source,25,-0.08497324585914612,0.17755040526390076,-0.8165667653083801
95,source,26,-0.05940033495426178,0.17899933457374573,-0.8066307902336121
95,source,27,-0.06886225938796997,0.16483230888843536,-0.8232224583625793
95,source,28,-0.11602939665317535,0.16866667568683624,-0.8385223746299744
95,source,29,-0.06695464253425598,0.19379407167434692,-0.7691881656646729
95,source,30,-0.12824803590774536,0.17368832230567932,-0.8112626671791077
95,source,31,-0.03684714436531067,0.11877338588237762,-0.7525933980941772
95,source,32,-0.039272040128707886,0.1413974165916443,-0.7733983993530273
95,source,33,-0.12017309665679932,0.1773824840784073,-0.8108024001121521
95,source,34,-0.12413468956947327,0.1930159479379654,-0.8005694150924683
95,source,35,-0.11612583696842194,0.17074866592884064,-0.8134292364120483
95,source,36,-0.11276862025260925,0.1600160449743271,-0.7993254661560059
95,source,37,-0.12696193158626556,0.1834208071231842,-0.7996124625205994
95,source,38,-0.10214225947856903,0.1805659830570221,-0.7895792126655579
95,source,39,-0.11566001176834106,0.1785745471715927,-0.8027857542037964
95,source,40,-0.08623084425926208,0.198700949549675,-0.738933265209198
95,source,41,-0.08098100125789642,0.19123628735542297,-0.7082868814468384
95,source,42,-0.13066133856773376,0.17928561568260193,-0.7794675230979919
95,source,43,-0.12752647697925568,0.2009442150592804,-0.7568116784095764
95,source,44,-0.14754927158355713,0.18245063722133636,-0.7759696245193481
95,source,45,-0.1323033571243286,0.18532595038414001,-0.7715737819671631
95,source,46,-0.1795756071805954,0.25125253200531006,-0.8427867293357849
95,source,47,-0.09925493597984314,0.2757628858089447,-0.7791243195533752
95,source,48,-0.07405193150043488,0.2877526879310608,-0.7736684083938599
95,source,49,-0.1924958974123001,0.27105453610420227,-0.8479741215705872
95,source,50,-0.1670815795660019,0.22839012742042542,-0.7924512028694153
95,source,51,-0.07866163551807404,0.19407068192958832,-0.7809601426124573
95,source,52,-0.0873730331659317,0.22449269890785217,-0.7899448871612549
95,source,53,-0.06114637851715088,0.208582803606987,-0.7914063930511475
95,source,54,-0.056896984577178955,0.19433191418647766,-0.7768746018409729
95,source,55,-0.05892688035964966,0.22693201899528503,-0.7617177963256836
95,source,56,-0.06149120628833771,0.2519114315509796,-0.7704833745956421
95,source,57,-0.05778105556964874,0.24171017110347748,-0.785865068435669
95,source,58,-0.040520891547203064,0.21798968315124512,-0.7620844841003418
95,source,59,-0.06708650290966034,0.23844721913337708,-0.7933492660522461
95,source,60,-0.07403603196144104,0.24308542907238007,-0.7900487184524536
95,source,61,-0.10432298481464386,0.2389013171195984,-0.7931028604507446
95,source,62,-0.1309952735900879,0.23034101724624634,-0.809285044670105
95,source,63,-0.08997060358524323,0.24763241410255432,-0.7998627424240112
95,target,0,-0.14263704419136047,0.16821429133415222,-0.8051446080207825
95,target,1,-0.15058566629886627,0.16709551215171814,-0.789096474647522
95,target,2,-0.15082882344722748,0.17554044723510742,-0.8144378662109375
95,target,3,-0.16224078834056854,0.17844001948833466,-0.8086280822753906
95,target,4,-0.14811958372592926,0.1784275472164154,-0.786638081073761
95,target,5,-0.15386514365673065,0.1801634132862091,-0.8027358055114746
95,target,6,-0.14638464152812958,0.18241269886493683,-0.8027269840240479
95,target,7,-0.14909666776657104,0.19654466211795807,-0.8064560890197754
95,target,8,-0.1506064236164093,0.18155857920646667,-0.7978837490081787
95,target,9,-0.1394641399383545,0.18147709965705872,-0.8097003698348999
95,target,10,-0.15155304968357086,0.17537203431129456,-0.8012493252754211
95,target,11,-0.16149024665355682,0.17412324249744415,-0.8130422830581665
95,target,12,-0.15851633250713348,0.16514378786087036,-0.7950588464736938
95,target,13,-0.151125967502594,0.15989866852760315,-0.794847309589386
95,target,14,-0.13567368686199188,0.17265813052654266,-0.8090071082115173
95,target,15,-0.18427278101444244,0.18423224985599518,-0.7878960967063904
95,target,16,-0.16363105177879333,0.17680825293064117,-0.7996960282325745
95,target,17,-0.16276411712169647,0.18820548057556152,-0.79170161485672
95,target,18,-0.1638001650571823,0.18152713775634766,-0.7991098761558533
95,target,19,-0.17422766983509064,0.18538588285446167,-0.7929908037185669
95,target,20,-0.1629267930984497,0.1919674277305603,-0.8112507462501526
95,target,21,-0.1491965800523758,0.18641963601112366,-0.800421953201294
95,target,22,-0.15555483102798462,0.20532016456127167,-0.807677149772644
95,target,23,-0.1587287187576294,0.1951422393321991,-0.8043791055679321
95,target,24,-0.1562902182340622,0.19246670603752136,-0.8117592334747314
95,target,25,-0.1721372753381729,0.19513490796089172,-0.7983545660972595
95,target,26,-0.16004586219787598,0.18064287304878235,-0.7951448559761047
95,target,27,-0.1479824036359787,0.16511699557304382,-0.7721520662307739
95,target,28,-0.12853147089481354,0.1585138738155365,-0.7920040488243103
95,target,29,-0.16072121262550354,0.17168912291526794,-0.8037141561508179
95,target,30,-0.1476406753063202,0.17280149459838867,-0.8104874491691589
95,target,31,-0.14973199367523193,0.1779775619506836,-0.80385422706604
95,target,32,-0.13758516311645508,0.17305687069892883,-0.810390830039978
95,target,33,-0.14813192188739777,0.18031257390975952,-0.8007857203483582
95,target,34,-0.14830508828163147,0.17984876036643982,-0.8090522289276123
95,target,35,-0.13845162093639374,0.17142148315906525,-0.7927034497261047
95,target,36,-0.1608806997537613,0.16162294149398804,-0.7679458260536194
95,target,37,-0.16645561158657074,0.18460169434547424,-0.7906854152679443
95,target,38,-0.15562716126441956,0.19510163366794586,-0.8067377209663391
95,target,39,-0.16212642192840576,0.19372746348381042,-0.804604172706604
95,target,40,-0.15196381509304047,0.1928340345621109,-0.798650860786438
95,target,41,-0.15296335518360138,0.18998463451862335,-0.8024047613143921
95,target,42,-0.14389470219612122,0.1841079145669937,-0.8113846778869629
95,target,43,-0.16192775964736938,0.178254634141922,-0.8024855852127075
95,target,44,-0.16792069375514984,0.18846924602985382,-0.8045498132705688
95,target,45,-0.17680580914020538,0.19534440338611603,-0.8076045513153076
95,target,46,-0.14509306848049164,0.17590832710266113,-0.8005551695823669
95,target,47,-0.1453085094690323,0.16842405498027802,-0.8087590336799622
95,target,48,-0.1622995138168335,0.18583042919635773,-0.8155999183654785
95,target,49,-0.15923580527305603,0.18466754257678986,-0.7997750043869019
95,target,50,-0.12363016605377197,0.170315220952034,-0.8109779953956604
95,target,51,-0.12770801782608032,0.17120087146759033,-0.791073739528656
95,target,52,-0.1271602362394333,0.16197620332241058,-0.8092703223228455
95,target,53,-0.14447152614593506,0.16452571749687195,-0.8047080039978027
95,target,54,-0.13482195138931274,0.16170163452625275,-0.7989844083786011
95,target,55,-0.14575691521167755,0.17749673128128052,-0.8068146705627441
95,target,56,-0.11982738971710205,0.1837577074766159,-0.8035691380500793
95,target,57,-0.12962709367275238,0.18644754588603973,-0.8053834438323975
95,target,58,-0.12679336965084076,0.17647136747837067,-0.8059854507446289
95,target,59,-0.13601796329021454,0.17027324438095093,-0.8071696162223816
95,target,60,-0.15125629305839539,0.17230701446533203,-0.80588299036026
95,target,61,-0.15543527901172638,0.17157794535160065,-0.8053945302963257
95,target,62,-0.13786889612674713,0.16684304177761078,-0.8006930947303772
95,target,63,-0.14635853469371796,0.1757345050573349,-0.7936757802963257
96,source,0,-0.10983079671859741,0.24433541297912598,-0.790322482585907
96,source,1,-0.0937221348285675,0.19377967715263367,-0.8381376266479492
96,source,2,-0.13085226714611053,0.17685528099536896,-0.8255054354667664
96,source,3,-0.09024110436439514,0.19727954268455505,-0.8184984922409058
96,source,4,-0.09793327748775482,0.16869254410266876,-0.7984445691108704
96,source,5,-0.06952425837516785,0.046817004680633545,-0.6379618048667908
96,source,6,-0.09375306963920593,0.07982335984706879,-0.7506276965141296
96,source,7,-0.08175830543041229,0.12210644781589508,-0.6775764226913452
96,source,8,-0.10674367845058441,0.1200542151927948,-0.7258933186531067
96,source,9,-0.07770471274852753,0.20525594055652618,-0.7062163352966309
96,source,10,-0.06694965064525604,0.17728222906589508,-0.6738697290420532
96,source,11,-0.04699249565601349,0.14608483016490936,-0.7073431015014648
96,source,12,-0.0809602290391922,0.19870761036872864,-0.6900540590286255
96,source,13,-0.10265269875526428,0.21042487025260925,-0.7631515264511108
96,source,14,-0.06597791612148285,0.17840304970741272,-0.7719352841377258
96,source,15,-0.10345718264579773,0.19182366132736206,-0.7936372756958008
96,source,16,-0.10847009718418121,0.1823703497648239,-0.7980135679244995
96,source,17,-0.08762247860431671,0.1381070464849472,-0.7338523864746094
96,source,18,-0.05455857515335083,0.10673446208238602,-0.741143524646759
96,source,19,-0.07426322996616364,0.15701362490653992,-0.7734003067016602
96,source,20,-0.05038522183895111,0.11900168657302856,-0.7572352290153503
96,source,21,-0.1100521832704544,0.0855255201458931,-0.7625654339790344
96,source,22,-0.05426739156246185,0.14300082623958588,-0.7269982695579529
96,source,23,-0.07731206715106964,0.18697796761989594,-0.7437154650688171
96,source,24,-0.09713131189346313,0.13112017512321472,-0.7664719820022583
96,source,25,-0.09442298114299774,0.18246431648731232,-0.8194822072982788
96,source,26,-0.06811748445034027,0.18386438488960266,-0.8099873661994934
96,source,27,-0.07541188597679138,0.16962215304374695,-0.8265710473060608
96,source,28,-0.12746785581111908,0.17396578192710876,-0.8430777788162231
96,source,29,-0.07440425455570221,0.19663724303245544,-0.7699278593063354
96,source,30,-0.1361602395772934,0.17742331326007843,-0.8126041889190674
96,source,31,-0.044931575655937195,0.12297265976667404,-0.7526254653930664
96,source,32,-0.048931658267974854,0.14614051580429077,-0.7720856666564941
96,source,33,-0.1288733035326004,0.18165740370750427,-0.817133903503418
96,source,34,-0.1309095323085785,0.1963215172290802,-0.8047109246253967
96,source,35,-0.12504465878009796,0.1731521338224411,-0.8195928335189819
96,source,36,-0.12037190794944763,0.16369986534118652,-0.8051455616950989
96,source,37,-0.1342391073703766,0.18495020270347595,-0.8055316209793091
96,source,38,-0.1089724451303482,0.1841912567615509,-0.796866774559021
96,source,39,-0.12282206118106842,0.18149904906749725,-0.807989776134491
96,source,40,-0.09097249805927277,0.20114263892173767,-0.743960440158844
96,source,41,-0.08898574113845825,0.1933663785457611,-0.7168339490890503
96,source,42,-0.14095140993595123,0.18450388312339783,-0.7859537601470947
96,source,43,-0.13698668777942657,0.2065649926662445,-0.7635593414306641
96,source,44,-0.15323910117149353,0.18806320428848267,-0.7798431515693665
96,source,45,-0.1410897821187973,0.19317013025283813,-0.7769924402236938
96,source,46,-0.187891885638237,0.2524547278881073,-0.8475526571273804
96,source,47,-0.10473611950874329,0.27701491117477417,-0.7821890115737915
96,source,48,-0.07959744334220886,0.29012519121170044,-0.7765317559242249
96,source,49,-0.2018454223871231,0.27200400829315186,-0.8512391448020935
96,source,50,-0.17439042031764984,0.22908711433410645,-0.7945337891578674
96,source,51,-0.08349566161632538,0.19818758964538574,-0.7840428352355957
96,source,52,-0.09462888538837433,0.22844643890857697,-0.790790855884552
96,source,53,-0.0689149796962738,0.21196076273918152,-0.7935428023338318
96,source,54,-0.06270945072174072,0.19881969690322876,-0.780084490776062
96,source,55,-0.06437517702579498,0.229757159948349,-0.7628833651542664
96,source,56,-0.06740456819534302,0.2546510100364685,-0.7719840407371521
96,source,57,-0.06370654702186584,0.2445424646139145,-0.7865985631942749
96,source,58,-0.045115649700164795,0.21918797492980957,-0.7635750770568848
96,source,59,-0.07410623133182526,0.24098223447799683,-0.7947477102279663
96,source,60,-0.08134907484054565,0.24596133828163147,-0.7931353449821472
96,source,61,-0.11074066162109375,0.2427329123020172,-0.7958970069885254
96,source,62,-0.1384657919406891,0.2335587590932846,-0.8123066425323486
96,source,63,-0.09698435664176941,0.24997428059577942,-0.8015749454498291
96,target,0,-0.14992742240428925,0.1770312786102295,-0.804149329662323
96,target,1,-0.15744613111019135,0.17690548300743103,-0.7900882959365845
96,target,2,-0.160215824842453,0.18430131673812866,-0.8160346746444702
96,target,3,-0.16930781304836273,0.18370097875595093,-0.8095980286598206
96,target,4,-0.15600651502609253,0.18389786779880524,-0.7877238392829895
96,target,5,-0.16040241718292236,0.18587222695350647,-0.8041703104972839
96,target,6,-0.1548040360212326,0.18771499395370483,-0.8040913343429565
96,target,7,-0.15622447431087494,0.2002055048942566,-0.8072315454483032
96,target,8,-0.15746811032295227,0.18637801706790924,-0.7985660433769226
96,target,9,-0.14750105142593384,0.18925127387046814,-0.8081080913543701
96,target,10,-0.1599017232656479,0.18164901435375214,-0.8037837743759155
96,target,11,-0.16825850307941437,0.1811595857143402,-0.8128147125244141
96,target,12,-0.16414330899715424,0.17283301055431366,-0.7954311966896057
96,target,13,-0.1586175560951233,0.16746081411838531,-0.797165036201477
96,target,14,-0.1450926512479782,0.18122753500938416,-0.8096269965171814
96,target,15,-0.19050906598567963,0.18982528150081635,-0.7907912731170654
96,target,16,-0.17226995527744293,0.18709498643875122,-0.7997076511383057
96,target,17,-0.17138929665088654,0.19468604028224945,-0.7954285144805908
96,target,18,-0.1695471853017807,0.18875262141227722,-0.800446629524231
96,target,19,-0.1818632036447525,0.19263885915279388,-0.7946199178695679
96,target,20,-0.17093901336193085,0.196430966258049,-0.8144366145133972
96,target,21,-0.15825603902339935,0.1886606365442276,-0.8029923439025879
96,target,22,-0.16234230995178223,0.207997664809227,-0.8110506534576416
96,target,23,-0.16744016110897064,0.19954364001750946,-0.8048138618469238
96,target,24,-0.16346506774425507,0.19768664240837097,-0.8116944432258606
96,target,25,-0.18097178637981415,0.20021656155586243,-0.7981923222541809
96,target,26,-0.16903357207775116,0.18402443826198578,-0.7956575751304626
96,target,27,-0.15457209944725037,0.17440573871135712,-0.774756908416748
96,target,28,-0.13552498817443848,0.1647140234708786,-0.7931275367736816
96,target,29,-0.17020250856876373,0.18000055849552155,-0.806655764579773
96,target,30,-0.15606193244457245,0.17969755828380585,-0.810121476650238
96,target,31,-0.1577886939048767,0.1836046278476715,-0.8048609495162964
96,target,32,-0.1470450460910797,0.1811811625957489,-0.809319794178009
96,target,33,-0.15663057565689087,0.18645057082176208,-0.8010718822479248
96,target,34,-0.15465521812438965,0.185820534825325,-0.8063686490058899
96,target,35,-0.14614000916481018,0.17993071675300598,-0.7923696041107178
96,target,36,-0.1703631430864334,0.17292845249176025,-0.7712975740432739
96,target,37,-0.17529155313968658,0.18701329827308655,-0.7919002771377563
96,target,38,-0.163727805018425,0.20076759159564972,-0.8076533675193787
96,target,39,-0.16904206573963165,0.19781708717346191,-0.8055270910263062
96,target,40,-0.16378551721572876,0.19432993233203888,-0.8010877370834351
96,target,41,-0.16166846454143524,0.19167551398277283,-0.8026106357574463
96,target,42,-0.15162776410579681,0.18574406206607819,-0.8102571368217468
96,target,43,-0.16964055597782135,0.1803247034549713,-0.804999828338623
96,target,44,-0.17477689683437347,0.18990683555603027,-0.8080488443374634
96,target,45,-0.18371956050395966,0.19896164536476135,-0.809533417224884
96,target,46,-0.15222905576229095,0.18163156509399414,-0.8036946058273315
96,target,47,-0.15553216636180878,0.17652344703674316,-0.8085331320762634
96,target,48,-0.16893933713436127,0.1896381676197052,-0.8172104358673096
96,target,49,-0.16885755956172943,0.19206207990646362,-0.8014817833900452
96,target,50,-0.13013231754302979,0.17501264810562134,-0.8125771284103394
96,target,51,-0.13493312895298004,0.17526152729988098,-0.7943261861801147
96,target,52,-0.13343708217144012,0.16607460379600525,-0.8089907765388489
96,target,53,-0.15068769454956055,0.16886396706104279,-0.8045859336853027
96,target,54,-0.14378982782363892,0.1665988713502884,-0.8014153242111206
96,target,55,-0.15283335745334625,0.18052718043327332,-0.8079185485839844
96,target,56,-0.12778152525424957,0.18810245394706726,-0.8040412068367004
96,target,57,-0.13774318993091583,0.19009116291999817,-0.8053416609764099
96,target,58,-0.13417457044124603,0.18006131052970886,-0.8068411350250244
96,target,59,-0.14356668293476105,0.17479208111763,-0.8078080415725708
96,target,60,-0.1586616188287735,0.17717738449573517,-0.8069040775299072
96,target,61,-0.1625906080007553,0.1750212013721466,-0.8063808679580688
96,target,62,-0.14499861001968384,0.17062626779079437,-0.8025990724563599
96,target,63,-0.15277761220932007,0.17930012941360474,-0.7964600324630737
97,source,0,-0.1081140786409378,0.2374437302350998,-0.7902759313583374
97,source,1,-0.09268878400325775,0.18617314100265503,-0.8389074802398682
97,source,2,-0.12936466932296753,0.1705438494682312,-0.8242158889770508
97,source,3,-0.09084193408489227,0.19057363271713257,-0.8182657361030579
97,source,4,-0.09970507025718689,0.163336843252182,-0.7982636094093323
97,source,5,-0.0715046375989914,0.04236064851284027,-0.6413435935974121
97,source,6,-0.09142814576625824,0.07201961427927017,-0.7493588924407959
97,source,7,-0.07988777756690979,0.11785673350095749,-0.6796156764030457
97,source,8,-0.10717442631721497,0.1148686408996582,-0.7255721688270569
97,source,9,-0.08023686707019806,0.20035120844841003,-0.709749698638916
97,source,10,-0.06818307936191559,0.17352017760276794,-0.6746872067451477
97,source,11,-0.04814322292804718,0.14047996699810028,-0.7097080945968628
97,source,12,-0.07977119088172913,0.19368036091327667,-0.6900675296783447
97,source,13,-0.10314019024372101,0.20361578464508057,-0.7649976015090942
97,source,14,-0.0677962601184845,0.17192496359348297,-0.7719202041625977
97,source,15,-0.10405296087265015,0.18612167239189148,-0.7935521006584167
97,source,16,-0.10903725028038025,0.17587094008922577,-0.7973687648773193
97,source,17,-0.08588863909244537,0.13266755640506744,-0.7317761778831482
97,source,18,-0.05508813261985779,0.10210038721561432,-0.7402424216270447
97,source,19,-0.0747094452381134,0.15009047091007233,-0.775790810585022
97,source,20,-0.05073307454586029,0.1156775951385498,-0.757968544960022
97,source,21,-0.10752394795417786,0.07851036638021469,-0.7637088298797607
97,source,22,-0.05440202355384827,0.13729555904865265,-0.7273753881454468
97,source,23,-0.077225461602211,0.1797924041748047,-0.7442740201950073
97,source,24,-0.09551629424095154,0.12608829140663147,-0.7657541632652283
97,source,25,-0.09303456544876099,0.17411822080612183,-0.8195180892944336
97,source,26,-0.06928347051143646,0.176463782787323,-0.8093515634536743
97,source,27,-0.07517817616462708,0.16266870498657227,-0.8275127410888672
97,source,28,-0.12408477067947388,0.16497857868671417,-0.8418073654174805
97,source,29,-0.07601770758628845,0.1902804970741272,-0.7706592082977295
97,source,30,-0.1352301836013794,0.16995832324028015,-0.8113920092582703
97,source,31,-0.04482695460319519,0.11871841549873352,-0.7540237903594971
97,source,32,-0.05243957042694092,0.14242902398109436,-0.7741467356681824
97,source,33,-0.12726280093193054,0.17524412274360657,-0.8154670000076294
97,source,34,-0.132659450173378,0.1916864663362503,-0.8048988580703735
97,source,35,-0.1242440938949585,0.1667473167181015,-0.8191944360733032
97,source,36,-0.11906330287456512,0.15841932594776154,-0.8038647174835205
97,source,37,-0.1336551457643509,0.17861369252204895,-0.8047438263893127
97,source,38,-0.10954965651035309,0.17952890694141388,-0.7952824831008911
97,source,39,-0.12247024476528168,0.17656680941581726,-0.8070299029350281
97,source,40,-0.09078803658485413,0.1937904953956604,-0.7443428039550781
97,source,41,-0.08480215072631836,0.18721173703670502,-0.7159702181816101
97,source,42,-0.14083503186702728,0.1771322637796402,-0.7861816883087158
97,source,43,-0.13797195255756378,0.19897609949111938,-0.7643917798995972
97,source,44,-0.15353724360466003,0.18184304237365723,-0.7818082571029663
97,source,45,-0.14033500850200653,0.18505486845970154,-0.7764379978179932
97,source,46,-0.18623711168766022,0.24486050009727478,-0.8461527824401855
97,source,47,-0.10360804200172424,0.2699677050113678,-0.7831645607948303
97,source,48,-0.07934851944446564,0.2813988924026489,-0.778872013092041
97,source,49,-0.19758747518062592,0.2634190022945404,-0.851804256439209
97,source,50,-0.16956283152103424,0.22177289426326752,-0.7951337099075317
97,source,51,-0.08443769812583923,0.19354334473609924,-0.7848361730575562
97,source,52,-0.09737494587898254,0.22149908542633057,-0.7921409606933594
97,source,53,-0.0693197250366211,0.20574745535850525,-0.793974757194519
97,source,54,-0.0636313408613205,0.19279780983924866,-0.7811534404754639
97,source,55,-0.06507125496864319,0.22299693524837494,-0.7645230293273926
97,source,56,-0.0681905448436737,0.2464354932308197,-0.77303147315979
97,source,57,-0.06501922011375427,0.23818904161453247,-0.7877951860427856
97,source,58,-0.047414183616638184,0.21335875988006592,-0.765017569065094
97,source,59,-0.07603834569454193,0.23246052861213684,-0.7965986728668213
97,source,60,-0.08144974708557129,0.2395520806312561,-0.7941984534263611
97,source,61,-0.11066947877407074,0.23599132895469666,-0.7969059944152832
97,source,62,-0.1357639580965042,0.22701114416122437,-0.8122066259384155
97,source,63,-0.09649254381656647,0.2429758906364441,-0.8031035661697388
97,target,0,-0.15047496557235718,0.16712209582328796,-0.8050081729888916
97,target,1,-0.15771256387233734,0.1664581447839737,-0.7901449203491211
97,target,2,-0.15771882236003876,0.17496119439601898,-0.8161451816558838
97,target,3,-0.1689199060201645,0.17612387239933014,-0.8104894161224365
97,target,4,-0.15587933361530304,0.17557275295257568,-0.7883455753326416
97,target,5,-0.16057826578617096,0.17851975560188293,-0.8039609789848328
97,target,6,-0.1556108593940735,0.18070943653583527,-0.8029007911682129
97,target,7,-0.15706899762153625,0.19309669733047485,-0.807132363319397
97,target,8,-0.1578766107559204,0.1788867861032486,-0.7986794710159302
97,target,9,-0.14813023805618286,0.18018752336502075,-0.8093478679656982
97,target,10,-0.15927472710609436,0.17331340909004211,-0.8033636808395386
97,target,11,-0.16934563219547272,0.17238326370716095,-0.8127450346946716
97,target,12,-0.16614694893360138,0.1629680097103119,-0.7958199977874756
97,target,13,-0.15884727239608765,0.1587972342967987,-0.7971855401992798
97,target,14,-0.1434471607208252,0.17058445513248444,-0.8101228475570679
97,target,15,-0.1890762895345688,0.1821460872888565,-0.7905981540679932
97,target,16,-0.1714986115694046,0.17798471450805664,-0.7996240258216858
97,target,17,-0.17041240632534027,0.18474309146404266,-0.7948243021965027
97,target,18,-0.16941477358341217,0.17973721027374268,-0.8005491495132446
97,target,19,-0.18053601682186127,0.18279846012592316,-0.7946627736091614
97,target,20,-0.1683332771062851,0.18816439807415009,-0.8145414590835571
97,target,21,-0.15494652092456818,0.18153348565101624,-0.8030966520309448
97,target,22,-0.16033442318439484,0.19981376826763153,-0.810888409614563
97,target,23,-0.16588903963565826,0.19014479219913483,-0.805780291557312
97,target,24,-0.16188107430934906,0.18932120501995087,-0.8120236992835999
97,target,25,-0.1790546029806137,0.19144852459430695,-0.7996141910552979
97,target,26,-0.16742576658725739,0.17570646107196808,-0.7960578799247742
97,target,27,-0.15369470417499542,0.1630726158618927,-0.7748259902000427
97,target,28,-0.13550853729248047,0.15786996483802795,-0.7956153154373169
97,target,29,-0.16866852343082428,0.17045091092586517,-0.8065109848976135
97,target,30,-0.15480318665504456,0.17042143642902374,-0.8096816539764404
97,target,31,-0.15793360769748688,0.17474929988384247,-0.8043363094329834
97,target,32,-0.1474570631980896,0.17272721230983734,-0.8099499344825745
97,target,33,-0.15621565282344818,0.17859946191310883,-0.8006860017776489
97,target,34,-0.15523269772529602,0.17744901776313782,-0.8059177398681641
97,target,35,-0.14647726714611053,0.16972292959690094,-0.791047215461731
97,target,36,-0.16895638406276703,0.16252198815345764,-0.7719721794128418
97,target,37,-0.17222414910793304,0.17978282272815704,-0.792409360408783
97,target,38,-0.16220831871032715,0.19141235947608948,-0.8080033659934998
97,target,39,-0.1674671620130539,0.19020625948905945,-0.8061801791191101
97,target,40,-0.16167691349983215,0.18833178281784058,-0.8008596301078796
97,target,41,-0.1605481505393982,0.1837826371192932,-0.8042060136795044
97,target,42,-0.15098679065704346,0.17783522605895996,-0.8114140033721924
97,target,43,-0.16795854270458221,0.1723548024892807,-0.8055155277252197
97,target,44,-0.1727403849363327,0.18287208676338196,-0.8091661930084229
97,target,45,-0.18117393553256989,0.1914682239294052,-0.8105634450912476
97,target,46,-0.1515752375125885,0.17234420776367188,-0.8036240935325623
97,target,47,-0.15321004390716553,0.16769953072071075,-0.8099839091300964
97,target,48,-0.1679597645998001,0.18123745918273926,-0.8187629580497742
97,target,49,-0.16827352344989777,0.18263408541679382,-0.8009849786758423
97,target,50,-0.1306164711713791,0.16861504316329956,-0.8116413354873657
97,target,51,-0.13466192781925201,0.1687372922897339,-0.7935046553611755
97,target,52,-0.13333941996097565,0.15976789593696594,-0.8105162382125854
97,target,53,-0.1485275775194168,0.1609405279159546,-0.8053917288780212
97,target,54,-0.14258410036563873,0.1603473573923111,-0.8031809329986572
97,target,55,-0.15183931589126587,0.17457923293113708,-0.8081550598144531
97,target,56,-0.1272561252117157,0.18170414865016937,-0.8033627271652222
97,target,57,-0.1372431367635727,0.18406999111175537,-0.8055645227432251
97,target,58,-0.13302630186080933,0.1733190268278122,-0.8069822192192078
97,target,59,-0.14152534306049347,0.16799487173557281,-0.8077184557914734
97,target,60,-0.155569925904274,0.1691640466451645,-0.8088055849075317
97,target,61,-0.1608978658914566,0.1678956300020218,-0.8063597679138184
97,target,62,-0.14366674423217773,0.1634024828672409,-0.8022029399871826
97,target,63,-0.1515975445508957,0.1710273176431656,-0.7964406609535217
98,source,0,-0.1052747517824173,0.2408132553100586,-0.7912050485610962
98,source,1,-0.09017406404018402,0.19116823375225067,-0.8364611268043518
98,source,2,-0.12619425356388092,0.17468029260635376,-0.8240997791290283
98,source,3,-0.08793142437934875,0.19533728063106537,-0.8165676593780518
98,source,4,-0.09708401560783386,0.16721723973751068,-0.8001946210861206
98,source,5,-0.06798212230205536,0.05063166469335556,-0.6492253541946411
98,source,6,-0.08812437951564789,0.08133818209171295,-0.7537513971328735
98,source,7,-0.07755990326404572,0.12162680178880692,-0.6824047565460205
98,source,8,-0.10271577537059784,0.1174432784318924,-0.7285148501396179
98,source,9,-0.07502299547195435,0.20304381847381592,-0.7106576561927795
98,source,10,-0.06435011327266693,0.1778300255537033,-0.6786811351776123
98,source,11,-0.04676906764507294,0.14665085077285767,-0.7147040963172913
98,source,12,-0.07707479596138,0.19789943099021912,-0.6943614482879639
98,source,13,-0.10176609456539154,0.20683807134628296,-0.7673164010047913
98,source,14,-0.0655955970287323,0.1763918399810791,-0.7750307321548462
98,source,15,-0.10168460011482239,0.1884336769580841,-0.7959340810775757
98,source,16,-0.1062859445810318,0.17945368587970734,-0.7985733151435852
98,source,17,-0.08311726152896881,0.13755835592746735,-0.7366676330566406
98,source,18,-0.05258806049823761,0.10751467943191528,-0.7454485297203064
98,source,19,-0.07022754848003387,0.15374642610549927,-0.7748450040817261
98,source,20,-0.04900270700454712,0.1196240782737732,-0.7611079216003418
98,source,21,-0.10227136313915253,0.08459071069955826,-0.7664622664451599
98,source,22,-0.052328333258628845,0.1415850818157196,-0.7324744462966919
98,source,23,-0.07384331524372101,0.18329724669456482,-0.7463395595550537
98,source,24,-0.09470704197883606,0.1309509426355362,-0.7668768167495728
98,source,25,-0.09169434010982513,0.18033012747764587,-0.8194801807403564
98,source,26,-0.06581191718578339,0.18048495054244995,-0.807345449924469
98,source,27,-0.07195885479450226,0.16672760248184204,-0.8252958655357361
98,source,28,-0.12296389043331146,0.1710633784532547,-0.8427059650421143
98,source,29,-0.07477079331874847,0.19463974237442017,-0.7719256281852722
98,source,30,-0.1317387968301773,0.17543025314807892,-0.8138233423233032
98,source,31,-0.045871883630752563,0.12227582186460495,-0.7568368315696716
98,source,32,-0.05068385601043701,0.14674697816371918,-0.7738301753997803
98,source,33,-0.12497013807296753,0.17991213500499725,-0.8165859580039978
98,source,34,-0.12853825092315674,0.19363735616207123,-0.8056024312973022
98,source,35,-0.12241679430007935,0.17199558019638062,-0.8206787109375
98,source,36,-0.11662466824054718,0.16235433518886566,-0.8051831722259521
98,source,37,-0.13039062917232513,0.182499498128891,-0.8055853843688965
98,source,38,-0.105619415640831,0.18270696699619293,-0.796721875667572
98,source,39,-0.11898571252822876,0.1803160309791565,-0.80750972032547
98,source,40,-0.08853703737258911,0.1983901411294937,-0.7467387914657593
98,source,41,-0.08420783281326294,0.1916966736316681,-0.7193552255630493
98,source,42,-0.13763359189033508,0.18106696009635925,-0.7837693095207214
98,source,43,-0.13484865427017212,0.2027728259563446,-0.7644680142402649
98,source,44,-0.15200017392635345,0.18403196334838867,-0.7813585996627808
98,source,45,-0.13611286878585815,0.18831300735473633,-0.7763280868530273
98,source,46,-0.18360139429569244,0.2508871555328369,-0.8448787927627563
98,source,47,-0.10213705897331238,0.2723657488822937,-0.7822297215461731
98,source,48,-0.07852396368980408,0.2849588990211487,-0.7775891423225403
98,source,49,-0.19717411696910858,0.26877060532569885,-0.8497450351715088
98,source,50,-0.16767527163028717,0.2264125496149063,-0.7947823405265808
98,source,51,-0.08117552101612091,0.19633427262306213,-0.7842304706573486
98,source,52,-0.09301070868968964,0.22569680213928223,-0.7917593121528625
98,source,53,-0.06792162358760834,0.21041731536388397,-0.794169545173645
98,source,54,-0.06171026825904846,0.19619911909103394,-0.7818246483802795
98,source,55,-0.06418488919734955,0.22695153951644897,-0.7646374702453613
98,source,56,-0.06710243225097656,0.25041234493255615,-0.7733055949211121
98,source,57,-0.06355828046798706,0.24212300777435303,-0.7886312007904053
98,source,58,-0.04552069306373596,0.21610596776008606,-0.7668112516403198
98,source,59,-0.07514491677284241,0.23591504991054535,-0.7962324023246765
98,source,60,-0.08022001385688782,0.24239538609981537,-0.7931585311889648
98,source,61,-0.10962410271167755,0.2387397587299347,-0.7957227230072021
98,source,62,-0.13478390872478485,0.2299087643623352,-0.8117957711219788
98,source,63,-0.09540002048015594,0.24637630581855774,-0.8025226593017578
98,target,0,-0.1450703740119934,0.17513595521450043,-0.8066246509552002
98,target,1,-0.15286262333393097,0.1738680750131607,-0.7916259765625
98,target,2,-0.15355102717876434,0.18146270513534546,-0.8145782947540283
98,target,3,-0.16491827368736267,0.18104971945285797,-0.8101363778114319
98,target,4,-0.1517958790063858,0.1822008490562439,-0.7896133661270142
98,target,5,-0.15733426809310913,0.18502557277679443,-0.805164635181427
98,target,6,-0.14995385706424713,0.18689623475074768,-0.8037033081054688
98,target,7,-0.1535494476556778,0.2003125697374344,-0.8079246878623962
98,target,8,-0.153473898768425,0.18528325855731964,-0.7992446422576904
98,target,9,-0.14415785670280457,0.18688680231571198,-0.8101189732551575
98,target,10,-0.15570062398910522,0.1784382313489914,-0.8041481971740723
98,target,11,-0.16414768993854523,0.17826029658317566,-0.8117629289627075
98,target,12,-0.16141754388809204,0.17214292287826538,-0.7959645390510559
98,target,13,-0.15410131216049194,0.1667335331439972,-0.798027515411377
98,target,14,-0.1368926614522934,0.17756006121635437,-0.8120246529579163
98,target,15,-0.1830369383096695,0.1875694990158081,-0.7917963862419128
98,target,16,-0.16477207839488983,0.1821988970041275,-0.800727903842926
98,target,17,-0.1633610874414444,0.19076001644134521,-0.7946807146072388
98,target,18,-0.16345331072807312,0.18634019792079926,-0.8006338477134705
98,target,19,-0.17413829267024994,0.18908603489398956,-0.7961012721061707
98,target,20,-0.1639767587184906,0.19403935968875885,-0.8137419819831848
98,target,21,-0.14979732036590576,0.18696358799934387,-0.8044413328170776
98,target,22,-0.15576322376728058,0.2067619413137436,-0.8115456104278564
98,target,23,-0.15847475826740265,0.1965559870004654,-0.8070947527885437
98,target,24,-0.15667322278022766,0.1952272653579712,-0.8124403953552246
98,target,25,-0.17299975454807281,0.19680307805538177,-0.7995750904083252
98,target,26,-0.16131843626499176,0.18297511339187622,-0.7975597381591797
98,target,27,-0.1474447250366211,0.1706743836402893,-0.7765741944313049
98,target,28,-0.1306745409965515,0.1637578308582306,-0.7969979643821716
98,target,29,-0.1641378253698349,0.17765627801418304,-0.8072600960731506
98,target,30,-0.15028773248195648,0.17894946038722992,-0.8113309741020203
98,target,31,-0.15571826696395874,0.18177728354930878,-0.8045951128005981
98,target,32,-0.14265188574790955,0.17903105914592743,-0.8112032413482666
98,target,33,-0.15183354914188385,0.18424344062805176,-0.8018075227737427
98,target,34,-0.15138456225395203,0.18391525745391846,-0.8077446818351746
98,target,35,-0.14165931940078735,0.17751094698905945,-0.7935703992843628
98,target,36,-0.16201967000961304,0.1705927550792694,-0.7731017470359802
98,target,37,-0.16655336320400238,0.18655389547348022,-0.7943923473358154
98,target,38,-0.15700504183769226,0.19827333092689514,-0.8078057169914246
98,target,39,-0.16258050501346588,0.19620844721794128,-0.8058921098709106
98,target,40,-0.15728305280208588,0.19377431273460388,-0.8019047379493713
98,target,41,-0.15578193962574005,0.19095313549041748,-0.8047115206718445
98,target,42,-0.14669394493103027,0.18544702231884003,-0.8124667406082153
98,target,43,-0.16391170024871826,0.17947106063365936,-0.8058207631111145
98,target,44,-0.16658617556095123,0.1880630999803543,-0.8088467121124268
98,target,45,-0.17733357846736908,0.1965571939945221,-0.8103036880493164
98,target,46,-0.14464689791202545,0.17995676398277283,-0.8035299181938171
98,target,47,-0.14811797440052032,0.17425020039081573,-0.8096196055412292
98,target,48,-0.16441449522972107,0.18826431035995483,-0.8161872029304504
98,target,49,-0.1636275053024292,0.18829040229320526,-0.8025028109550476
98,target,50,-0.12578420341014862,0.17465649545192719,-0.8116812705993652
98,target,51,-0.12850715219974518,0.17471764981746674,-0.7941752076148987
98,target,52,-0.12802202999591827,0.16433784365653992,-0.8088885545730591
98,target,53,-0.14415298402309418,0.16542690992355347,-0.8042926788330078
98,target,54,-0.13679595291614532,0.1654406636953354,-0.8025513887405396
98,target,55,-0.1471710354089737,0.17911534011363983,-0.8086327314376831
98,target,56,-0.12335032224655151,0.1867573857307434,-0.803869366645813
98,target,57,-0.1328374445438385,0.18789350986480713,-0.8059595823287964
98,target,58,-0.1283339560031891,0.17854158580303192,-0.8068974018096924
98,target,59,-0.13858990371227264,0.17357611656188965,-0.8082963228225708
98,target,60,-0.15204037725925446,0.17471784353256226,-0.8084803223609924
98,target,61,-0.1563015580177307,0.17409615218639374,-0.8060258626937866
98,target,62,-0.13881568610668182,0.16979241371154785,-0.8028403520584106
98,target,63,-0.14609630405902863,0.1769128441810608,-0.7979472875595093
99,source,0,-0.10534839332103729,0.23985394835472107,-0.7882994413375854
99,source,1,-0.09133629500865936,0.1907019317150116,-0.835975170135498
99,source,2,-0.12519846856594086,0.17266511917114258,-0.8220438361167908
99,source,3,-0.08676163852214813,0.1922430843114853,-0.8143271803855896
99,source,4,-0.09430074691772461,0.16501177847385406,-0.7977322936058044
99,source,5,-0.06678758561611176,0.04835675656795502,-0.6461002230644226
99,source,6,-0.08675417304039001,0.07753588259220123,-0.7515562176704407
99,source,7,-0.07628001272678375,0.11831016093492508,-0.6773753762245178
99,source,8,-0.10145226120948792,0.1154017448425293,-0.7242993116378784
99,source,9,-0.0748475193977356,0.20107132196426392,-0.7069488167762756
99,source,10,-0.06526847183704376,0.17468439042568207,-0.6730288863182068
99,source,11,-0.04568709433078766,0.14449962973594666,-0.7107557058334351
99,source,12,-0.07680079340934753,0.19502106308937073,-0.6902198791503906
99,source,13,-0.0988994836807251,0.2063765823841095,-0.7632191181182861
99,source,14,-0.0635044276714325,0.17456740140914917,-0.7717697024345398
99,source,15,-0.10031934082508087,0.18630728125572205,-0.7929918169975281
99,source,16,-0.10492222011089325,0.17765311896800995,-0.7967607975006104
99,source,17,-0.08193455636501312,0.13523292541503906,-0.7336767315864563
99,source,18,-0.04994019865989685,0.10340908914804459,-0.7425119280815125
99,source,19,-0.06937411427497864,0.1527670919895172,-0.7733809947967529
99,source,20,-0.04688821732997894,0.1178693026304245,-0.7582041621208191
99,source,21,-0.10174669325351715,0.07935457676649094,-0.7651545405387878
99,source,22,-0.05094514787197113,0.14006538689136505,-0.730864942073822
99,source,23,-0.07270020246505737,0.18195734918117523,-0.7424442768096924
99,source,24,-0.09221652150154114,0.12838412821292877,-0.764316976070404
99,source,25,-0.09068043529987335,0.17913271486759186,-0.8176937103271484
99,source,26,-0.06544779241085052,0.1783580780029297,-0.8050617575645447
99,source,27,-0.07224416732788086,0.16495409607887268,-0.8240500092506409
99,source,28,-0.12242738902568817,0.1696259081363678,-0.8404008150100708
99,source,29,-0.07236769795417786,0.19242529571056366,-0.770439624786377
99,source,30,-0.12936699390411377,0.173849955201149,-0.8109521269798279
99,source,31,-0.04167228937149048,0.12087585031986237,-0.7563307285308838
99,source,32,-0.04549768567085266,0.14379926025867462,-0.7703864574432373
99,source,33,-0.1233096718788147,0.17536506056785583,-0.8133148550987244
99,source,34,-0.12708067893981934,0.19092458486557007,-0.8018324375152588
99,source,35,-0.12121929228305817,0.16782686114311218,-0.8174039125442505
99,source,36,-0.11474670469760895,0.15997985005378723,-0.8020365834236145
99,source,37,-0.12996737658977509,0.1793069988489151,-0.8022775053977966
99,source,38,-0.10486188530921936,0.17997586727142334,-0.7926395535469055
99,source,39,-0.11785784363746643,0.17697325348854065,-0.8051905632019043
99,source,40,-0.09063738584518433,0.19549721479415894,-0.7427550554275513
99,source,41,-0.08512745797634125,0.18942463397979736,-0.7152183651924133
99,source,42,-0.1363288015127182,0.17949268221855164,-0.7797418832778931
99,source,43,-0.13299646973609924,0.20060637593269348,-0.761511504650116
99,source,44,-0.14889486134052277,0.1819796860218048,-0.7764618396759033
99,source,45,-0.13406386971473694,0.18568629026412964,-0.773792028427124
99,source,46,-0.1841151863336563,0.24948737025260925,-0.8442322015762329
99,source,47,-0.10188263654708862,0.2712145745754242,-0.7807413339614868
99,source,48,-0.07855308055877686,0.28457579016685486,-0.7757726907730103
99,source,49,-0.19895507395267487,0.2682645320892334,-0.8503848910331726
99,source,50,-0.16775785386562347,0.22696852684020996,-0.7928058505058289
99,source,51,-0.08095699548721313,0.19507159292697906,-0.7825874090194702
99,source,52,-0.09235265851020813,0.22418297827243805,-0.788891077041626
99,source,53,-0.0661328136920929,0.20955893397331238,-0.7921346426010132
99,source,54,-0.06145597994327545,0.19499571621418,-0.7790833711624146
99,source,55,-0.06345520913600922,0.22655877470970154,-0.7627451419830322
99,source,56,-0.06627529859542847,0.24999287724494934,-0.7707370519638062
99,source,57,-0.06204882264137268,0.2416558712720871,-0.784821629524231
99,source,58,-0.04304838180541992,0.21626591682434082,-0.7639020085334778
99,source,59,-0.07262720167636871,0.2340373396873474,-0.7943238019943237
99,source,60,-0.07915525138378143,0.2414749562740326,-0.7908631563186646
99,source,61,-0.10877388715744019,0.2368800938129425,-0.7937579154968262
99,source,62,-0.13344790041446686,0.2275897115468979,-0.809494137763977
99,source,63,-0.09440919756889343,0.2447427213191986,-0.800085723400116
99,target,0,-0.14194925129413605,0.17382879555225372,-0.8038723468780518
99,target,1,-0.1494605392217636,0.1742078810930252,-0.7903265953063965
99,target,2,-0.1529776155948639,0.18058738112449646,-0.8125693202018738
99,target,3,-0.16240549087524414,0.17766724526882172,-0.8071308732032776
99,target,4,-0.14961397647857666,0.180308535695076,-0.7882280349731445
99,target,5,-0.15324696898460388,0.18323083221912384,-0.8034579157829285
99,target,6,-0.14637424051761627,0.18604938685894012,-0.8026429414749146
99,target,7,-0.14896626770496368,0.19847390055656433,-0.806648850440979
99,target,8,-0.1490822285413742,0.1834416389465332,-0.797877311706543
99,target,9,-0.14006316661834717,0.18542277812957764,-0.8072842359542847
99,target,10,-0.1523551642894745,0.17706240713596344,-0.8014288544654846
99,target,11,-0.16084004938602448,0.17724700272083282,-0.8090876340866089
99,target,12,-0.1578240543603897,0.16989681124687195,-0.7933772802352905
99,target,13,-0.151433065533638,0.1654295027256012,-0.7945993542671204
99,target,14,-0.13515977561473846,0.17695747315883636,-0.8093470335006714
99,target,15,-0.18160830438137054,0.18664835393428802,-0.7899690866470337
99,target,16,-0.16270598769187927,0.18096834421157837,-0.7984698414802551
99,target,17,-0.1620045155286789,0.1895052194595337,-0.7935250997543335
99,target,18,-0.16075026988983154,0.18475425243377686,-0.7981464862823486
99,target,19,-0.1711498647928238,0.1878499835729599,-0.7938478589057922
99,target,20,-0.16256572306156158,0.19199346005916595,-0.8110922574996948
99,target,21,-0.14980876445770264,0.18534570932388306,-0.8028954267501831
99,target,22,-0.15342596173286438,0.2044234424829483,-0.809786856174469
99,target,23,-0.15724486112594604,0.19444873929023743,-0.8046060800552368
99,target,24,-0.15506711602210999,0.19437706470489502,-0.8100693225860596
99,target,25,-0.17021049559116364,0.19597162306308746,-0.7982115745544434
99,target,26,-0.15981055796146393,0.1810552477836609,-0.7956511974334717
99,target,27,-0.1439860314130783,0.16970059275627136,-0.7740476131439209
99,target,28,-0.1282806545495987,0.1614103764295578,-0.7958111763000488
99,target,29,-0.16158843040466309,0.17630863189697266,-0.8048334121704102
99,target,30,-0.14709047973155975,0.1766200065612793,-0.8092552423477173
99,target,31,-0.15176032483577728,0.17895670235157013,-0.8026725649833679
99,target,32,-0.13988752663135529,0.17763280868530273,-0.8087873458862305
99,target,33,-0.1481686681509018,0.1832038164138794,-0.7995290756225586
99,target,34,-0.14692583680152893,0.1833571046590805,-0.8055620789527893
99,target,35,-0.13806593418121338,0.1765226572751999,-0.7921767234802246
99,target,36,-0.1597764492034912,0.1690993458032608,-0.7704795598983765
99,target,37,-0.16500481963157654,0.1851821392774582,-0.7923517227172852
99,target,38,-0.1543748825788498,0.1977529227733612,-0.806409478187561
99,target,39,-0.16093513369560242,0.19520241022109985,-0.8035663366317749
99,target,40,-0.1541283279657364,0.19241243600845337,-0.8009363412857056
99,target,41,-0.15302270650863647,0.18948926031589508,-0.8024855852127075
99,target,42,-0.14294706284999847,0.18354085087776184,-0.8110392093658447
99,target,43,-0.16135148704051971,0.17708434164524078,-0.8041600584983826
99,target,44,-0.1672237366437912,0.18516606092453003,-0.8060383200645447
99,target,45,-0.17558996379375458,0.1946921944618225,-0.806835949420929
99,target,46,-0.14232300221920013,0.17800602316856384,-0.8009355068206787
99,target,47,-0.14669686555862427,0.17302407324314117,-0.8069833517074585
99,target,48,-0.16241054236888885,0.18540778756141663,-0.8143090605735779
99,target,49,-0.1605163812637329,0.18734580278396606,-0.8000847697257996
99,target,50,-0.12520313262939453,0.172739177942276,-0.8105881810188293
99,target,51,-0.12713468074798584,0.17301909625530243,-0.7925660610198975
99,target,52,-0.1276097148656845,0.1627006232738495,-0.8071793913841248
99,target,53,-0.14340601861476898,0.16317537426948547,-0.8028251528739929
99,target,54,-0.13597485423088074,0.1630501002073288,-0.8013957142829895
99,target,55,-0.14469988644123077,0.17695599794387817,-0.8069047331809998
99,target,56,-0.12053203582763672,0.18452557921409607,-0.8022852540016174
99,target,57,-0.12948837876319885,0.18620046973228455,-0.8043522238731384
99,target,58,-0.1259133666753769,0.17637033760547638,-0.8058435320854187
99,target,59,-0.13619092106819153,0.17082275450229645,-0.8066545724868774
99,target,60,-0.1508331000804901,0.17198294401168823,-0.8065009117126465
99,target,61,-0.1545381247997284,0.17069345712661743,-0.8044307231903076
99,target,62,-0.13769474625587463,0.16651779413223267,-0.8011261820793152
99,target,63,-0.14691117405891418,0.17517997324466705,-0.7956956028938293
100,source,0,-0.10995326936244965,0.24337682127952576,-0.7930854558944702
100,source,1,-0.09560732543468475,0.19320784509181976,-0.8389793634414673
100,source,2,-0.13060209155082703,0.17493972182273865,-0.8250507116317749
100,source,3,-0.09197293221950531,0.19626466929912567,-0.8180668950080872
100,source,4,-0.10107477009296417,0.16777446866035461,-0.8005450367927551
100,source,5,-0.07523326575756073,0.04440291225910187,-0.6490553617477417
100,source,6,-0.09500265121459961,0.07710881531238556,-0.7565080523490906
100,source,7,-0.08261039853096008,0.11924085021018982,-0.6830162405967712
100,source,8,-0.11051060259342194,0.11893332004547119,-0.7301965951919556
100,source,9,-0.08190284669399261,0.20325255393981934,-0.713854193687439
100,source,10,-0.07149100303649902,0.17629243433475494,-0.6806862354278564
100,source,11,-0.05212898552417755,0.1446092277765274,-0.7202431559562683
100,source,12,-0.08084608614444733,0.19808070361614227,-0.7002643346786499
100,source,13,-0.10558392107486725,0.20614641904830933,-0.7666767239570618
100,source,14,-0.06925532221794128,0.17551667988300323,-0.7752367258071899
100,source,15,-0.10714070498943329,0.18851004540920258,-0.7954959869384766
100,source,16,-0.1127828061580658,0.18018226325511932,-0.8006924986839294
100,source,17,-0.08714328706264496,0.13728629052639008,-0.7390139102935791
100,source,18,-0.0572185218334198,0.10437749326229095,-0.7468212246894836
100,source,19,-0.07543668150901794,0.15461976826190948,-0.7777020931243896
100,source,20,-0.051163896918296814,0.11782098561525345,-0.7617619037628174
100,source,21,-0.10820242762565613,0.0797952190041542,-0.768473207950592
100,source,22,-0.056034401059150696,0.1397174596786499,-0.7330760359764099
100,source,23,-0.07766582071781158,0.18550057709217072,-0.74671870470047
100,source,24,-0.09742812812328339,0.13055075705051422,-0.7701184153556824
100,source,25,-0.0949910581111908,0.17985418438911438,-0.8220736384391785
100,source,26,-0.07175953686237335,0.18087820708751678,-0.8125264048576355
100,source,27,-0.07909037172794342,0.16813348233699799,-0.8283712863922119
100,source,28,-0.12795403599739075,0.17272403836250305,-0.843561053276062
100,source,29,-0.07654230296611786,0.1933058202266693,-0.7721919417381287
100,source,30,-0.13725712895393372,0.17484253644943237,-0.8137122988700867
100,source,31,-0.04978179931640625,0.1209830790758133,-0.7586886286735535
100,source,32,-0.05480395257472992,0.14382007718086243,-0.7757754325866699
100,source,33,-0.12807124853134155,0.1804153472185135,-0.817157506942749
100,source,34,-0.13397617638111115,0.19513565301895142,-0.8068644404411316
100,source,35,-0.12519314885139465,0.17153328657150269,-0.8215723037719727
100,source,36,-0.12055537104606628,0.16264384984970093,-0.8072009086608887
100,source,37,-0.13503913581371307,0.1829930692911148,-0.8082566261291504
100,source,38,-0.11097992956638336,0.18461862206459045,-0.7982791066169739
100,source,39,-0.12231962382793427,0.1819109469652176,-0.8080968260765076
100,source,40,-0.09289300441741943,0.19832532107830048,-0.749876081943512
100,source,41,-0.08851683139801025,0.1928291767835617,-0.7234454154968262
100,source,42,-0.1436615139245987,0.18089956045150757,-0.7878998517990112
100,source,43,-0.14307387173175812,0.20220893621444702,-0.7692661285400391
100,source,44,-0.15947769582271576,0.18390701711177826,-0.787132203578949
100,source,45,-0.14382527768611908,0.18863347172737122,-0.7811897993087769
100,source,46,-0.19138948619365692,0.25203999876976013,-0.8469976186752319
100,source,47,-0.10639651119709015,0.2742529511451721,-0.7839348316192627
100,source,48,-0.08183026313781738,0.2876707911491394,-0.7796372771263123
100,source,49,-0.20326752960681915,0.26890110969543457,-0.8529633283615112
100,source,50,-0.17472942173480988,0.22836735844612122,-0.7962133288383484
100,source,51,-0.08440300822257996,0.1968310922384262,-0.7854382991790771
100,source,52,-0.0976295918226242,0.225334033370018,-0.7923352718353271
100,source,53,-0.07124634087085724,0.2111167013645172,-0.796471357345581
100,source,54,-0.06568624079227448,0.19666026532649994,-0.7829947471618652
100,source,55,-0.06842538714408875,0.22746966779232025,-0.7671006917953491
100,source,56,-0.07039985060691833,0.25079113245010376,-0.7755467891693115
100,source,57,-0.06720085442066193,0.24159422516822815,-0.7898551821708679
100,source,58,-0.049282580614089966,0.21634960174560547,-0.7681108117103577
100,source,59,-0.07732753455638885,0.23602715134620667,-0.7985649108886719
100,source,60,-0.08263084292411804,0.24314650893211365,-0.7952436804771423
100,source,61,-0.11119052767753601,0.24013768136501312,-0.7975159883499146
100,source,62,-0.1365262269973755,0.22959375381469727,-0.8129180669784546
100,source,63,-0.09790797531604767,0.24656686186790466,-0.8040403127670288
100,target,0,-0.15361419320106506,0.1742684543132782,-0.8081194758415222
100,target,1,-0.16357026994228363,0.17564775049686432,-0.7927692532539368
100,target,2,-0.16274628043174744,0.18345528841018677,-0.8153351545333862
100,target,3,-0.17379404604434967,0.1829620599746704,-0.8131721615791321
100,target,4,-0.15869589149951935,0.1833912432193756,-0.792057454586029
100,target,5,-0.165633425116539,0.1849244236946106,-0.806996762752533
100,target,6,-0.1600172370672226,0.18812251091003418,-0.8046579360961914
100,target,7,-0.16247165203094482,0.20057177543640137,-0.8085814714431763
100,target,8,-0.16292351484298706,0.18705838918685913,-0.7994003295898438
100,target,9,-0.15235522389411926,0.18775364756584167,-0.810944676399231
100,target,10,-0.16540659964084625,0.17857909202575684,-0.8064500689506531
100,target,11,-0.17457686364650726,0.1802998036146164,-0.8146035671234131
100,target,12,-0.17219938337802887,0.17408132553100586,-0.7983599305152893
100,target,13,-0.16550569236278534,0.16752511262893677,-0.8010315299034119
100,target,14,-0.14703144133090973,0.17815864086151123,-0.814165472984314
100,target,15,-0.192411407828331,0.18846552073955536,-0.792594313621521
100,target,16,-0.17531122267246246,0.1852111667394638,-0.8024011254310608
100,target,17,-0.17167939245700836,0.19249971210956573,-0.7959951162338257
100,target,18,-0.17405466735363007,0.1892593652009964,-0.80137699842453
100,target,19,-0.18483386933803558,0.19047026336193085,-0.7968810200691223
100,target,20,-0.17208071053028107,0.19454452395439148,-0.8157720565795898
100,target,21,-0.15781937539577484,0.18887346982955933,-0.8064181208610535
100,target,22,-0.16424430906772614,0.208255797624588,-0.8130847215652466
100,target,23,-0.16923804581165314,0.19801393151283264,-0.8086951375007629
100,target,24,-0.16613511741161346,0.19741901755332947,-0.8135589361190796
100,target,25,-0.18203411996364594,0.19888725876808167,-0.802243709564209
100,target,26,-0.17053599655628204,0.18362578749656677,-0.7985572218894958
100,target,27,-0.1564125120639801,0.1711486428976059,-0.7775519490242004
100,target,28,-0.14004729688167572,0.1649899035692215,-0.7999892234802246
100,target,29,-0.17205043137073517,0.1767672747373581,-0.8079869747161865
100,target,30,-0.16106340289115906,0.1799183189868927,-0.8119819164276123
100,target,31,-0.16642560064792633,0.18245020508766174,-0.8060206770896912
100,target,32,-0.1498466581106186,0.17964859306812286,-0.8141892552375793
100,target,33,-0.15953408181667328,0.18517206609249115,-0.8025342226028442
100,target,34,-0.15844644606113434,0.18463946878910065,-0.8098480105400085
100,target,35,-0.15037384629249573,0.17701932787895203,-0.7940555214881897
100,target,36,-0.17224638164043427,0.1713453084230423,-0.7748811841011047
100,target,37,-0.1747790426015854,0.188205286860466,-0.7949603796005249
100,target,38,-0.1656903177499771,0.1991633176803589,-0.8097693920135498
100,target,39,-0.17145152390003204,0.19834429025650024,-0.8088003396987915
100,target,40,-0.1648958921432495,0.19545939564704895,-0.8050466775894165
100,target,41,-0.16446970403194427,0.1917719542980194,-0.806771457195282
100,target,42,-0.15660275518894196,0.1873849332332611,-0.8129622936248779
100,target,43,-0.1732470840215683,0.18111538887023926,-0.8083463907241821
100,target,44,-0.17706216871738434,0.19104686379432678,-0.8116339445114136
100,target,45,-0.18759964406490326,0.19856956601142883,-0.8119229078292847
100,target,46,-0.1554042249917984,0.18217872083187103,-0.8049179315567017
100,target,47,-0.1583201289176941,0.17593589425086975,-0.8119161128997803
100,target,48,-0.17292211949825287,0.18911698460578918,-0.8186618089675903
100,target,49,-0.17180128395557404,0.1885509490966797,-0.8039295673370361
100,target,50,-0.13203708827495575,0.17415744066238403,-0.8141360878944397
100,target,51,-0.13545887172222137,0.1740858554840088,-0.7970501780509949
100,target,52,-0.13683921098709106,0.16543956100940704,-0.8116639852523804
100,target,53,-0.15123268961906433,0.16445960104465485,-0.8070549368858337
100,target,54,-0.1430721879005432,0.1645066738128662,-0.8058063983917236
100,target,55,-0.15284454822540283,0.17778344452381134,-0.8105854392051697
100,target,56,-0.12915362417697906,0.18556372821331024,-0.8069068789482117
100,target,57,-0.1392996460199356,0.18761754035949707,-0.8084810972213745
100,target,58,-0.1352321058511734,0.1778608113527298,-0.8100148439407349
100,target,59,-0.14469632506370544,0.1723823845386505,-0.8104097843170166
100,target,60,-0.1583171784877777,0.1730201244354248,-0.8107312321662903
100,target,61,-0.16360454261302948,0.1736936867237091,-0.8081409931182861
100,target,62,-0.14639246463775635,0.16906744241714478,-0.8043192625045776
100,target,63,-0.1553739607334137,0.17710304260253906,-0.7982277870178223
