epoch,domain,sample_index,pc1,pc2,pc3
0,source,0,-0.6058961749076843,-0.24534326791763306,-0.20634688436985016
0,source,1,-0.5957092642784119,-0.3061842918395996,-0.16832780838012695
0,source,2,-0.47089552879333496,-0.3138620853424072,0.13423186540603638
0,source,3,-0.33181220293045044,-0.25017666816711426,0.2742379307746887
0,source,4,-0.6139126420021057,-0.13805127143859863,-0.01710227131843567
0,source,5,-0.5250093340873718,-0.14289230108261108,0.05383353680372238
0,source,6,-0.749092698097229,-0.18313640356063843,-0.1358843445777893
0,source,7,-0.6396327018737793,-0.27482736110687256,-0.1573665291070938
0,source,8,-0.581932783126831,-0.2749181389808655,0.1341363489627838
0,source,9,-0.5751379728317261,-0.2579262852668762,0.11629453301429749
0,source,10,-0.6435307264328003,-0.12648719549179077,0.1515834927558899
0,source,11,-0.4654322862625122,-0.3981853127479553,0.17475825548171997
0,source,12,-0.7873532176017761,-0.31355559825897217,-0.03729403764009476
0,source,13,-0.5802546739578247,-0.16134291887283325,0.2379603087902069
0,source,14,-0.46711575984954834,-0.3988569974899292,-0.025462083518505096
0,source,15,-0.599401593208313,-0.39141130447387695,0.25433868169784546
0,source,16,-0.6481212377548218,-0.2862008213996887,0.2608237862586975
0,source,17,-0.6115618944168091,-0.42341148853302,0.14262093603610992
0,source,18,-0.6941007375717163,-0.45486658811569214,0.1424749791622162
0,source,19,-0.6189199686050415,-0.38310062885284424,0.1598365753889084
0,source,20,-0.37223657965660095,-0.21061885356903076,0.604278028011322
0,source,21,-0.4177485704421997,-0.26101428270339966,0.5641781687736511
0,source,22,-0.4252992272377014,-0.49828845262527466,0.7970876097679138
0,source,23,-0.5046903491020203,-0.3780249357223511,0.7831830382347107
0,source,24,-0.44715747237205505,-0.377494215965271,0.6253228187561035
0,source,25,-0.4657830595970154,-0.3923075795173645,0.4152885675430298
0,source,26,-0.3888612985610962,-0.25935083627700806,0.19074653089046478
0,source,27,-0.7375116348266602,-0.48773396015167236,-0.3286086916923523
0,source,28,-0.5917890667915344,-0.20739901065826416,0.16699451208114624
0,source,29,-0.6850501298904419,-0.22194117307662964,-0.06203875690698624
0,source,30,-0.5984653830528259,-0.2799328565597534,0.08506761491298676
0,source,31,-0.55884850025177,-0.3199303150177002,0.2141963392496109
0,source,32,-0.703616738319397,-0.15081089735031128,-0.04880630224943161
0,source,33,-0.6084288954734802,-0.26615726947784424,-0.02679910510778427
0,source,34,-0.4556578993797302,-0.5237765312194824,0.04582592472434044
0,source,35,-0.5630047917366028,-0.5137184858322144,-0.023539774119853973
0,source,36,-0.7169078588485718,-0.14342468976974487,-0.21338550746440887
0,source,37,-0.4342316687107086,-0.32200342416763306,0.40011072158813477
0,source,38,-0.4834144115447998,-0.49119383096694946,0.43699491024017334
0,source,39,-0.5738881826400757,-0.5452743768692017,0.6209917068481445
0,source,40,-0.9049916863441467,-0.025967657566070557,0.010336179286241531
0,source,41,-0.8201869130134583,-0.1908813714981079,0.26768624782562256
0,source,42,-0.7558212280273438,-0.16843152046203613,0.241139218211174
0,source,43,-0.7278425693511963,-0.019230753183364868,-0.12407846748828888
0,source,44,-0.29482796788215637,-0.3296928405761719,0.876463770866394
0,source,45,-0.3847724497318268,-0.38508903980255127,0.3684651851654053
0,source,46,-0.7028399705886841,-0.4021090865135193,-0.16360726952552795
0,source,47,-0.5939042568206787,-0.3456379175186157,0.15749669075012207
0,source,48,-0.34070301055908203,-0.23575431108474731,0.4164234399795532
0,source,49,-0.6032125353813171,-0.17205756902694702,0.07037904113531113
0,source,50,-0.25658929347991943,-0.1455690860748291,-0.5489574074745178
0,source,51,-0.3787539005279541,-0.21815520524978638,-0.5649929046630859
0,source,52,-0.3741800785064697,-0.17784112691879272,-0.6812537908554077
0,source,53,-0.40917497873306274,-0.3318907618522644,-0.5245210528373718
0,source,54,-0.4929596483707428,-0.000130385160446167,-0.4957420229911804
0,source,55,-0.34806859493255615,-0.11657410860061646,-0.3287052512168884
0,source,56,-0.5546754598617554,-0.031659722328186035,-0.5011723041534424
0,source,57,-0.4541548192501068,-0.06066077947616577,-0.529359757900238
0,source,58,-0.3577399253845215,-0.1539798378944397,-0.3909681439399719
0,source,59,-0.34764420986175537,-0.16795939207077026,-0.4363093376159668
0,source,60,-0.4375329613685608,-0.08692973852157593,-0.5309252738952637
0,source,61,-0.45510542392730713,-0.2853853106498718,-0.5807510018348694
0,source,62,-0.5544360876083374,-0.2961651086807251,-0.6882507801055908
0,source,63,-0.4739864468574524,-0.44312602281570435,-0.5667847990989685
0,target,0,0.7745147347450256,0.4779283404350281,0.246821790933609
0,target,1,0.8139159083366394,0.3633826673030853,0.19132000207901
0,target,2,0.04406684637069702,0.486581027507782,-0.32213538885116577
0,target,3,0.3266316056251526,0.19009703397750854,-0.2078724056482315
0,target,4,0.5266973376274109,0.22386199235916138,-0.14610134065151215
0,target,5,0.15853536128997803,0.7973932027816772,-0.15357272326946259
0,target,6,-0.03402310609817505,0.9836706519126892,-0.3640426993370056
0,target,7,-0.11857521533966064,1.2123727798461914,-0.32717758417129517
0,target,8,-0.27615880966186523,0.9470334053039551,-0.38614773750305176
0,target,9,0.5771957039833069,0.8091456890106201,0.14143098890781403
0,target,10,0.6332343220710754,0.8550735116004944,0.38497352600097656
0,target,11,0.31970006227493286,1.0776575803756714,0.11639618873596191
0,target,12,0.15835237503051758,1.1605420112609863,0.5442988276481628
0,target,13,0.8415612578392029,0.34381842613220215,-0.08533544838428497
0,target,14,0.9127635359764099,0.007154881954193115,-0.26114994287490845
0,target,15,0.4946443438529968,-0.016205579042434692,-0.5003746151924133
0,target,16,0.5849129557609558,0.06918451189994812,-0.28413593769073486
0,target,17,0.36169272661209106,0.5873619914054871,0.06218968331813812
0,target,18,-0.1653321385383606,0.5625255107879639,-0.26044946908950806
0,target,19,-0.0911644697189331,0.7576051950454712,-0.0573451966047287
0,target,20,0.0743105411529541,0.83208167552948,-0.14018669724464417
0,target,21,-0.3908187747001648,1.069387435913086,-0.43207603693008423
0,target,22,0.40597599744796753,0.9301256537437439,0.19035781919956207
0,target,23,0.22115397453308105,0.7882071733474731,0.24053411185741425
0,target,24,-0.17024755477905273,1.1565701961517334,0.030913515016436577
0,target,25,0.5181928277015686,-0.05515965819358826,-0.061266764998435974
0,target,26,0.5976442694664001,0.2733916938304901,-0.0785832405090332
0,target,27,0.606235682964325,0.127564936876297,0.036805108189582825
0,target,28,0.8231489062309265,-0.3913835287094116,0.045042045414447784
0,target,29,0.7524024844169617,-0.5042955875396729,-0.2618058919906616
0,target,30,0.3658021092414856,-0.08750492334365845,-0.29494601488113403
0,target,31,-0.21250665187835693,1.0512032508850098,-0.3329024314880371
0,target,32,0.017179667949676514,0.5348494648933411,-0.3146898150444031
0,target,33,-0.20535996556282043,0.41269412636756897,-0.6321578025817871
0,target,34,0.15534567832946777,-0.0004399716854095459,-0.22795931994915009
0,target,35,0.11282557249069214,0.08174094557762146,-0.3485417366027832
0,target,36,-0.0440211296081543,0.8226105570793152,-0.31197190284729004
0,target,37,-0.13816136121749878,0.49164292216300964,-0.4043685793876648
0,target,38,0.03413558006286621,0.6752262115478516,0.011104099452495575
0,target,39,0.0395737886428833,0.7140792012214661,-0.16369317471981049
0,target,40,0.5761412978172302,0.8541100025177002,0.2617323398590088
0,target,41,0.56198650598526,1.2377192974090576,0.6893953680992126
0,target,42,-0.04828524589538574,1.0190362930297852,0.34040337800979614
0,target,43,0.12066394090652466,0.6220188140869141,0.7568509578704834
0,target,44,-0.2286745309829712,0.8073811531066895,0.8406982421875
0,target,45,-0.0861021876335144,0.8210052251815796,0.7380735278129578
0,target,46,1.4298145771026611,-0.38237088918685913,0.06292840093374252
0,target,47,1.4983665943145752,-0.7693783640861511,0.01808272674679756
0,target,48,1.6175649166107178,-0.7909931540489197,0.0910191535949707
0,target,49,1.3049156665802002,-0.5991821885108948,-0.14554117619991302
0,target,50,0.9334604144096375,-0.035675257444381714,0.03972824662923813
0,target,51,1.0765013694763184,-0.4689183235168457,0.024886809289455414
0,target,52,1.1034526824951172,-0.31127965450286865,-0.01814834028482437
0,target,53,1.423003911972046,-0.40274715423583984,0.025906311348080635
0,target,54,0.9341629147529602,0.02390536665916443,0.2829490602016449
0,target,55,1.195997953414917,-0.322221040725708,0.039557017385959625
0,target,56,1.5576808452606201,-0.41446346044540405,0.08615776896476746
0,target,57,1.4729094505310059,-0.4082868695259094,-0.08998905122280121
0,target,58,1.6570987701416016,-0.6129500269889832,-0.04791472852230072
0,target,59,1.6137588024139404,-0.5829477310180664,0.05549190938472748
0,target,60,1.2106072902679443,-0.5691068768501282,0.04600461944937706
0,target,61,1.4035308361053467,-0.8253828883171082,-0.0484527125954628
0,target,62,0.674464762210846,-0.6893942952156067,-0.3910002112388611
0,target,63,1.152524709701538,-0.6526588797569275,-0.028463825583457947
1,source,0,-1.2985374927520752,0.6457227468490601,-0.1266736388206482
1,source,1,-1.2019590139389038,0.516559898853302,-0.09009256958961487
1,source,2,-1.1423382759094238,0.5753552317619324,-0.10917757451534271
1,source,3,-1.008812665939331,0.4781242907047272,-0.09162828326225281
1,source,4,-1.2469199895858765,0.5603729486465454,-0.20340938866138458
1,source,5,-1.1867460012435913,0.6837952136993408,-0.010336130857467651
1,source,6,-1.371388554573059,0.7837821245193481,-0.14755335450172424
1,source,7,-1.289186716079712,0.6970398426055908,-0.18641960620880127
1,source,8,-1.24668550491333,0.6528680324554443,-0.02705065906047821
1,source,9,-1.2776751518249512,0.7543463110923767,0.027102451771497726
1,source,10,-1.3389694690704346,0.8824121952056885,-0.013302549719810486
1,source,11,-1.1821579933166504,0.6366713643074036,-0.06113508343696594
1,source,12,-1.323577880859375,0.8095630407333374,-0.10219882428646088
1,source,13,-1.1996171474456787,0.7997316122055054,0.017230942845344543
1,source,14,-1.1644134521484375,0.7237535119056702,0.023807018995285034
1,source,15,-1.1546224355697632,0.3140410780906677,0.04495152831077576
1,source,16,-1.2173805236816406,0.614495038986206,0.10188513249158859
1,source,17,-1.178619384765625,0.44591301679611206,0.07350514829158783
1,source,18,-1.2275644540786743,0.5262368321418762,0.04033949226140976
1,source,19,-1.2049627304077148,0.4320671558380127,0.03905947133898735
1,source,20,-1.0681366920471191,0.6388576030731201,0.12488313019275665
1,source,21,-1.1549257040023804,0.45852816104888916,0.15068268775939941
1,source,22,-1.1070252656936646,0.49459242820739746,0.3136723041534424
1,source,23,-1.1451549530029297,0.44121304154396057,0.32392388582229614
1,source,24,-1.1400725841522217,0.4252070486545563,0.25639307498931885
1,source,25,-1.172060489654541,0.42329826951026917,0.13971437513828278
1,source,26,-1.0252684354782104,0.712161123752594,0.04015791043639183
1,source,27,-1.3457177877426147,0.618323564529419,-0.1287028044462204
1,source,28,-1.3770912885665894,0.7204815149307251,-0.012597523629665375
1,source,29,-1.2449066638946533,0.7059657573699951,-0.09822715818881989
1,source,30,-1.2139410972595215,0.7177112102508545,0.0067593492567539215
1,source,31,-1.2404797077178955,0.7451968193054199,0.09981924295425415
1,source,32,-1.356428861618042,0.846229612827301,-0.08897140622138977
1,source,33,-1.2590059041976929,0.6417046785354614,-0.11915919184684753
1,source,34,-1.2125775814056396,0.5925806164741516,-0.003482811152935028
1,source,35,-1.2452714443206787,0.547879159450531,-0.10243436694145203
1,source,36,-1.3229341506958008,0.8050270676612854,-0.12999628484249115
1,source,37,-1.126709222793579,0.635287880897522,0.11282717436552048
1,source,38,-1.150707721710205,0.3916277289390564,0.15648216009140015
1,source,39,-1.1908798217773438,0.29251259565353394,0.2706904709339142
1,source,40,-1.396680474281311,0.5137884616851807,-0.08319506049156189
1,source,41,-1.2546252012252808,0.5872078537940979,0.15026608109474182
1,source,42,-1.2610257863998413,0.5682083368301392,0.1857377141714096
1,source,43,-1.2560762166976929,0.6331695318222046,-0.13773693144321442
1,source,44,-1.0268601179122925,0.3979663550853729,0.1774069368839264
1,source,45,-1.0731722116470337,0.5385479927062988,-0.1432528793811798
1,source,46,-1.2874109745025635,0.47921934723854065,-0.11571910977363586
1,source,47,-1.219771146774292,0.5540467500686646,-0.01422543078660965
1,source,48,-1.0516819953918457,0.5464528799057007,0.036881834268569946
1,source,49,-1.2646164894104004,0.5059220790863037,-0.15589408576488495
1,source,50,-1.1074877977371216,0.5810899138450623,-0.46309787034988403
1,source,51,-1.1224125623703003,0.35440659523010254,-0.5214372873306274
1,source,52,-1.1035538911819458,0.20836544036865234,-0.8279547691345215
1,source,53,-1.06591796875,0.005451500415802002,-0.9087329506874084
1,source,54,-1.2826628684997559,0.6081798076629639,-0.614111065864563
1,source,55,-1.0854417085647583,0.44407564401626587,-0.4371282458305359
1,source,56,-1.272945523262024,0.5793106555938721,-0.4908175468444824
1,source,57,-1.1738005876541138,0.4996320605278015,-0.4955645203590393
1,source,58,-1.125139594078064,0.38531070947647095,-0.4685811996459961
1,source,59,-1.0588715076446533,0.3710635304450989,-0.47426891326904297
1,source,60,-1.2544691562652588,0.3162165880203247,-0.7160471081733704
1,source,61,-1.209397792816162,-0.007453978061676025,-0.8751751184463501
1,source,62,-1.2283947467803955,0.334187388420105,-0.6757230758666992
1,source,63,-1.1842275857925415,0.4094901978969574,-0.5686348080635071
1,target,0,-0.8036566972732544,1.2512483596801758,-0.16200606524944305
1,target,1,-0.9174445867538452,1.453338384628296,-0.23156268894672394
1,target,2,-0.9333323836326599,0.8737770318984985,-0.5635130405426025
1,target,3,-0.7851281762123108,0.7316993474960327,-0.48629212379455566
1,target,4,-0.9501121044158936,1.206385612487793,-0.4336453080177307
1,target,5,-1.3536475896835327,1.7714078426361084,-0.3337840437889099
1,target,6,-0.973369836807251,1.1250399351119995,-0.5450426340103149
1,target,7,-1.1061545610427856,1.5738615989685059,-0.29818177223205566
1,target,8,-1.1346333026885986,1.246748685836792,-0.36267220973968506
1,target,9,-1.0287694931030273,1.6720519065856934,-0.1985633224248886
1,target,10,-1.0344749689102173,1.690995693206787,-0.09823299944400787
1,target,11,-1.1678898334503174,1.820302963256836,-0.33235907554626465
1,target,12,-1.0847561359405518,1.6569933891296387,-0.05166362226009369
1,target,13,-1.2349615097045898,1.4916837215423584,-0.4071146845817566
1,target,14,-1.0634267330169678,1.2643284797668457,-0.4969930052757263
1,target,15,-1.0279887914657593,1.023082971572876,-0.7288218140602112
1,target,16,-0.8101945519447327,0.9550239443778992,-0.563606858253479
1,target,17,-1.2144662141799927,1.5699398517608643,-0.21597261726856232
1,target,18,-1.1725490093231201,1.5483393669128418,-0.328080415725708
1,target,19,-1.0623384714126587,1.4125657081604004,-0.2244858592748642
1,target,20,-0.9991700649261475,1.5520009994506836,-0.29359060525894165
1,target,21,-1.0793105363845825,1.103700876235962,-0.4655241370201111
1,target,22,-1.171326994895935,1.8146841526031494,-0.1703367531299591
1,target,23,-1.20689058303833,1.641608715057373,-0.23637543618679047
1,target,24,-0.9157243371009827,1.2176299095153809,-0.25899529457092285
1,target,25,-0.9614115953445435,0.9178723096847534,-0.40332645177841187
1,target,26,-0.8600749969482422,1.2200841903686523,-0.30444949865341187
1,target,27,-1.0433452129364014,1.5778264999389648,-0.3409273028373718
1,target,28,-0.4695206880569458,0.027571648359298706,-0.45597243309020996
1,target,29,-0.9409677386283875,1.016709327697754,-0.2629551291465759
1,target,30,-0.9502461552619934,0.9447827935218811,-0.35190874338150024
1,target,31,-1.3342974185943604,1.5416152477264404,-0.325869083404541
1,target,32,-1.244396448135376,1.2775131464004517,-0.4031978249549866
1,target,33,-0.9838402271270752,0.40486854314804077,-0.9869975447654724
1,target,34,-0.8339455127716064,0.6436884999275208,-0.4910910725593567
1,target,35,-0.6989720463752747,0.4132468104362488,-0.6170348525047302
1,target,36,-0.986473798751831,0.8072299957275391,-0.7842177748680115
1,target,37,-0.796029806137085,0.4856804609298706,-0.7048001289367676
1,target,38,-0.84846031665802,0.92545485496521,-0.3508704900741577
1,target,39,-0.9749395847320557,0.8570035099983215,-0.5797327160835266
1,target,40,-0.7766150236129761,1.3629117012023926,-0.18122032284736633
1,target,41,-0.9407235383987427,1.6311562061309814,-0.03366345912218094
1,target,42,-1.0425503253936768,1.2866992950439453,0.006221547722816467
1,target,43,-0.949714183807373,1.092703104019165,0.10124407708644867
1,target,44,-1.1449388265609741,1.2313659191131592,0.18277984857559204
1,target,45,-1.0650562047958374,1.24881911277771,0.1932879090309143
1,target,46,-0.529721200466156,0.6488102674484253,-0.2657283544540405
1,target,47,-0.4647214412689209,0.4152234196662903,-0.09132365882396698
1,target,48,-0.4935200810432434,0.6003903150558472,-0.17654338479042053
1,target,49,-0.526749849319458,0.5992116928100586,-0.4184739589691162
1,target,50,-0.8828763961791992,1.1967772245407104,-0.04558195173740387
1,target,51,-0.9277283549308777,1.1409063339233398,-0.18334348499774933
1,target,52,-0.8505503535270691,1.0797028541564941,-0.21948902308940887
1,target,53,-0.7957959175109863,1.0766363143920898,-0.29542869329452515
1,target,54,-0.9484468698501587,1.2663671970367432,-0.19832037389278412
1,target,55,-1.035362958908081,1.4699022769927979,-0.24852918088436127
1,target,56,-0.8153567314147949,0.9365671277046204,-0.2817947268486023
1,target,57,-0.8763431906700134,1.0234129428863525,-0.29589366912841797
1,target,58,-0.8279461860656738,1.0175894498825073,-0.3090181350708008
1,target,59,-0.7893274426460266,0.8631289005279541,-0.19787390530109406
1,target,60,-0.6370172500610352,0.6147862076759338,-0.1419021189212799
1,target,61,-0.5780405402183533,0.6005470156669617,-0.19341541826725006
1,target,62,-0.5920320749282837,0.24659936130046844,-0.3375166058540344
1,target,63,-0.7512890696525574,0.6878738403320312,-0.16030777990818024
2,source,0,-1.3363125324249268,0.5142865180969238,-0.3380853533744812
2,source,1,-1.2549152374267578,0.19690224528312683,-0.28317344188690186
2,source,2,-1.2178882360458374,0.4069562554359436,-0.22447530925273895
2,source,3,-1.0639960765838623,0.16439543664455414,-0.205671027302742
2,source,4,-1.3200099468231201,0.20651571452617645,-0.41414666175842285
2,source,5,-1.2192203998565674,0.3830743432044983,-0.3809720277786255
2,source,6,-1.3706207275390625,0.5146329402923584,-0.481057345867157
2,source,7,-1.2970691919326782,0.3788924217224121,-0.4112483859062195
2,source,8,-1.2764711380004883,0.37647369503974915,-0.3401353359222412
2,source,9,-1.3172852993011475,0.42753493785858154,-0.264182448387146
2,source,10,-1.369974970817566,0.6227547526359558,-0.20478655397891998
2,source,11,-1.1878935098648071,0.36405041813850403,-0.3563386797904968
2,source,12,-1.3568058013916016,0.4762020707130432,-0.33332395553588867
2,source,13,-1.2362687587738037,0.36963173747062683,-0.2829381227493286
2,source,14,-1.165075659751892,0.20610953867435455,-0.23844130337238312
2,source,15,-1.241682767868042,0.0725029706954956,-0.18586640059947968
2,source,16,-1.2632946968078613,0.24393276870250702,-0.18183717131614685
2,source,17,-1.2566752433776855,0.154796302318573,-0.1522594392299652
2,source,18,-1.3033385276794434,0.23413248360157013,-0.21542470157146454
2,source,19,-1.2680916786193848,0.1435719132423401,-0.17121021449565887
2,source,20,-1.1754708290100098,0.24600182473659515,-0.15281298756599426
2,source,21,-1.2820396423339844,0.0873529314994812,0.02891668491065502
2,source,22,-1.191394567489624,0.20764043927192688,0.07287289202213287
2,source,23,-1.216058611869812,0.21193784475326538,-0.015558302402496338
2,source,24,-1.2405940294265747,0.1571403443813324,-0.001132376492023468
2,source,25,-1.2530851364135742,0.11494976282119751,-0.08797983825206757
2,source,26,-1.0851550102233887,0.45180806517601013,-0.23485244810581207
2,source,27,-1.3815932273864746,0.12821242213249207,-0.3059702515602112
2,source,28,-1.4589407444000244,0.6379644870758057,-0.18329569697380066
2,source,29,-1.269914150238037,0.41908225417137146,-0.3464747667312622
2,source,30,-1.2658185958862305,0.4536186158657074,-0.3132568597793579
2,source,31,-1.3011958599090576,0.37937504053115845,-0.15399739146232605
2,source,32,-1.4192500114440918,0.36242854595184326,-0.3469683527946472
2,source,33,-1.3269689083099365,0.3131536841392517,-0.4101334810256958
2,source,34,-1.2666893005371094,0.4498659372329712,-0.28932511806488037
2,source,35,-1.3035049438476562,0.396345317363739,-0.34438246488571167
2,source,36,-1.3329600095748901,0.38678887486457825,-0.32863444089889526
2,source,37,-1.2066600322723389,0.38683828711509705,-0.1467023640871048
2,source,38,-1.2230639457702637,0.01690247654914856,-0.06553767621517181
2,source,39,-1.2529125213623047,0.059782445430755615,0.02615116536617279
2,source,40,-1.4923036098480225,0.3180306553840637,-0.2026222199201584
2,source,41,-1.413236379623413,0.44896480441093445,-0.024976283311843872
2,source,42,-1.4286060333251953,0.3954441249370575,0.035333096981048584
2,source,43,-1.375840425491333,0.3591827154159546,-0.19303199648857117
2,source,44,-1.1492565870285034,0.16886377334594727,0.03232745826244354
2,source,45,-1.1229450702667236,0.21912077069282532,-0.2717825174331665
2,source,46,-1.2980170249938965,0.03175920248031616,-0.24686940014362335
2,source,47,-1.318350076675415,0.3690345287322998,-0.21582917869091034
2,source,48,-1.114506483078003,0.27165305614471436,-0.14488933980464935
2,source,49,-1.3260046243667603,0.19881989061832428,-0.24303649365901947
2,source,50,-1.2532243728637695,0.33800843358039856,-0.5652095079421997
2,source,51,-1.234734296798706,0.1560051590204239,-0.5779128670692444
2,source,52,-1.269500494003296,0.19033032655715942,-0.8041846752166748
2,source,53,-1.2084050178527832,-0.210828959941864,-0.8743356466293335
2,source,54,-1.3439757823944092,0.2984214425086975,-0.6154580116271973
2,source,55,-1.2272872924804688,0.21131187677383423,-0.5775201320648193
2,source,56,-1.3625612258911133,0.3925199806690216,-0.584812581539154
2,source,57,-1.2572124004364014,0.1955767571926117,-0.6190730333328247
2,source,58,-1.2169642448425293,0.10128459334373474,-0.5980086326599121
2,source,59,-1.2448629140853882,0.11360180377960205,-0.588362455368042
2,source,60,-1.4267091751098633,0.268424391746521,-0.6895727515220642
2,source,61,-1.344902515411377,-0.02661675214767456,-0.8340118527412415
2,source,62,-1.3598636388778687,0.014190316200256348,-0.7036766409873962
2,source,63,-1.3003302812576294,0.13019809126853943,-0.666023850440979
2,target,0,-0.8632413148880005,1.0722429752349854,-0.2567634582519531
2,target,1,-1.0751838684082031,1.4542391300201416,-0.33685970306396484
2,target,2,-1.0365345478057861,0.7806292772293091,-0.3939369320869446
2,target,3,-0.8679307699203491,0.47788554430007935,-0.5182914137840271
2,target,4,-1.1236968040466309,1.1795470714569092,-0.4775266647338867
2,target,5,-1.5575838088989258,1.91896390914917,-0.5002628564834595
2,target,6,-1.280018925666809,1.4347736835479736,-0.5823422074317932
2,target,7,-1.3496880531311035,1.6247811317443848,-0.40179818868637085
2,target,8,-1.3109123706817627,1.237405776977539,-0.4739677906036377
2,target,9,-1.1044118404388428,1.330373764038086,-0.42728716135025024
2,target,10,-1.098757028579712,1.3867576122283936,-0.325128436088562
2,target,11,-1.3585093021392822,1.8064897060394287,-0.46424877643585205
2,target,12,-1.1177321672439575,1.3146579265594482,-0.22305898368358612
2,target,13,-1.3628904819488525,1.438776969909668,-0.48529601097106934
2,target,14,-1.3329260349273682,1.2194452285766602,-0.611326277256012
2,target,15,-1.3307660818099976,1.0534206628799438,-0.804027259349823
2,target,16,-1.1562405824661255,1.078881025314331,-0.7017650604248047
2,target,17,-1.341731309890747,1.6503677368164062,-0.3627586364746094
2,target,18,-1.2780174016952515,1.6270747184753418,-0.4898800253868103
2,target,19,-1.2044589519500732,1.526984691619873,-0.4543049931526184
2,target,20,-1.2219667434692383,1.6168944835662842,-0.4820125102996826
2,target,21,-1.2753111124038696,1.3584730625152588,-0.5052434206008911
2,target,22,-1.2818915843963623,1.8991708755493164,-0.4155910015106201
2,target,23,-1.3687846660614014,1.6698434352874756,-0.35085922479629517
2,target,24,-1.1171414852142334,1.5242574214935303,-0.38844430446624756
2,target,25,-1.1676013469696045,1.0005850791931152,-0.4694477319717407
2,target,26,-1.0352494716644287,1.0857999324798584,-0.4839417338371277
2,target,27,-1.2418107986450195,1.5846011638641357,-0.5247851610183716
2,target,28,-0.8410500884056091,0.3211783170700073,-0.6713058352470398
2,target,29,-1.1311973333358765,1.0226606130599976,-0.3926907777786255
2,target,30,-1.0996263027191162,0.7324869632720947,-0.5807183980941772
2,target,31,-1.5116169452667236,1.5911822319030762,-0.35335856676101685
2,target,32,-1.4267220497131348,1.4081165790557861,-0.4696691036224365
2,target,33,-1.132331371307373,0.3950355052947998,-0.6984864473342896
2,target,34,-0.950524091720581,0.1772681027650833,-0.47738945484161377
2,target,35,-0.9255093336105347,0.44768965244293213,-0.554742157459259
2,target,36,-1.0885337591171265,0.8781673312187195,-0.594097912311554
2,target,37,-0.9193843603134155,0.3947313129901886,-0.6213199496269226
2,target,38,-0.9510218501091003,0.7032172679901123,-0.33198344707489014
2,target,39,-1.0878186225891113,0.870617151260376,-0.4470822215080261
2,target,40,-0.9247499704360962,1.3558316230773926,-0.394425630569458
2,target,41,-0.9537605047225952,1.507462501525879,-0.27767276763916016
2,target,42,-1.1135309934616089,0.8771211504936218,-0.33842211961746216
2,target,43,-1.0021719932556152,0.7107229828834534,-0.37098950147628784
2,target,44,-1.233019471168518,0.9564304351806641,-0.2787030339241028
2,target,45,-1.1599483489990234,1.0257529020309448,-0.298672080039978
2,target,46,-0.5105291604995728,0.5746959447860718,-0.39540231227874756
2,target,47,-0.5308515429496765,0.3638341426849365,-0.26999157667160034
2,target,48,-0.6163248419761658,0.554096519947052,-0.3555651307106018
2,target,49,-0.5317808389663696,0.5388011336326599,-0.5357429385185242
2,target,50,-0.9645644426345825,1.2607011795043945,-0.19850154221057892
2,target,51,-1.021733045578003,1.0459003448486328,-0.30361664295196533
2,target,52,-0.9028194546699524,0.8993363380432129,-0.34315580129623413
2,target,53,-0.972076416015625,1.1929253339767456,-0.4579329490661621
2,target,54,-1.1265170574188232,1.114520788192749,-0.2954765558242798
2,target,55,-1.2018550634384155,1.5021941661834717,-0.36037784814834595
2,target,56,-0.8845928907394409,0.9252273440361023,-0.44777774810791016
2,target,57,-0.9939878582954407,0.9910916686058044,-0.4166215658187866
2,target,58,-0.9657524824142456,1.0744342803955078,-0.4580482244491577
2,target,59,-0.8412461280822754,0.8366081118583679,-0.38381266593933105
2,target,60,-0.7272436618804932,0.5474907159805298,-0.23225779831409454
2,target,61,-0.691222608089447,0.5298092365264893,-0.2970464825630188
2,target,62,-0.6993740797042847,0.2628815174102783,-0.2662484645843506
2,target,63,-0.8516252040863037,0.5981382727622986,-0.2639656662940979
3,source,0,-1.135654091835022,-0.39798909425735474,-0.22216065227985382
3,source,1,-1.0501413345336914,-0.6937585473060608,-0.16447851061820984
3,source,2,-1.0560481548309326,-0.5768030881881714,-0.29341745376586914
3,source,3,-0.8854845762252808,-0.6943740248680115,-0.3530927300453186
3,source,4,-1.0654085874557495,-0.6876437067985535,-0.3155263066291809
3,source,5,-0.9807864427566528,-0.497305691242218,-0.23525939881801605
3,source,6,-1.0963504314422607,-0.43428099155426025,-0.31282585859298706
3,source,7,-1.1115846633911133,-0.5096989870071411,-0.1807042807340622
3,source,8,-1.0796326398849487,-0.6442473530769348,-0.18854327499866486
3,source,9,-1.1414121389389038,-0.5502007603645325,-0.1882769763469696
3,source,10,-1.1709558963775635,-0.6360213160514832,-0.16495966911315918
3,source,11,-1.0004457235336304,-0.6266552805900574,-0.27394258975982666
3,source,12,-1.1413099765777588,-0.627894937992096,-0.2876514196395874
3,source,13,-1.0647815465927124,-0.48369789123535156,-0.07260876893997192
3,source,14,-0.9856116771697998,-0.6158683896064758,-0.08426006138324738
3,source,15,-1.0661170482635498,-0.8398197293281555,-0.031232289969921112
3,source,16,-1.0515289306640625,-0.6724644303321838,-0.06673160940408707
3,source,17,-1.0712367296218872,-0.7993268370628357,-0.02810060977935791
3,source,18,-1.0865981578826904,-0.6479770541191101,-0.095451220870018
3,source,19,-1.0571873188018799,-0.9210897088050842,-0.06638684123754501
3,source,20,-0.9990531206130981,-0.688353955745697,-0.11869384348392487
3,source,21,-0.9703072309494019,-0.7149302363395691,0.10647555440664291
3,source,22,-1.026155710220337,-0.661638081073761,0.3424440622329712
3,source,23,-1.0421829223632812,-0.4935281276702881,0.24767079949378967
3,source,24,-1.0477724075317383,-0.7596121430397034,0.2150515913963318
3,source,25,-1.0731145143508911,-0.8427979350090027,0.031040826812386513
3,source,26,-0.8950228691101074,-0.5260682702064514,-0.06799668818712234
3,source,27,-1.191087245941162,-0.6692375540733337,-0.20077486336231232
3,source,28,-1.2293893098831177,-0.17440569400787354,-0.09193189442157745
3,source,29,-1.1651843786239624,-0.8236145377159119,-0.1770683228969574
3,source,30,-1.0854825973510742,-0.5310345888137817,-0.11138470470905304
3,source,31,-1.114365577697754,-0.7564665675163269,-0.11707113683223724
3,source,32,-1.2032616138458252,-0.7061894536018372,-0.27846771478652954
3,source,33,-1.0858526229858398,-0.8045362830162048,-0.3012300729751587
3,source,34,-0.9910106062889099,-0.38804274797439575,-0.11875860393047333
3,source,35,-1.0702577829360962,-0.48552554845809937,-0.20879770815372467
3,source,36,-1.1610307693481445,-0.4864100217819214,-0.19174054265022278
3,source,37,-1.0204565525054932,-0.48879218101501465,0.06566456705331802
3,source,38,-1.0027358531951904,-0.8501567244529724,0.05478626489639282
3,source,39,-1.0460726022720337,-0.7955297827720642,0.20771566033363342
3,source,40,-1.379306674003601,-0.2427968978881836,0.1607508659362793
3,source,41,-1.2961938381195068,-0.24968498945236206,0.43103474378585815
3,source,42,-1.2531547546386719,-0.18892383575439453,0.3578152060508728
3,source,43,-1.2621972560882568,-0.3505657911300659,0.07404762506484985
3,source,44,-0.9619448184967041,-0.792776882648468,0.0186920166015625
3,source,45,-0.9753156900405884,-0.7865515351295471,-0.28840649127960205
3,source,46,-1.0920891761779785,-0.8524405360221863,-0.16926084458827972
3,source,47,-1.1539620161056519,-0.6677766442298889,-0.23536162078380585
3,source,48,-0.9353911280632019,-0.7022829651832581,-0.2260712832212448
3,source,49,-1.1402041912078857,-0.8867526650428772,-0.25744926929473877
3,source,50,-0.9215830564498901,-0.4795428514480591,-0.3983691334724426
3,source,51,-0.9518332481384277,-0.5675186514854431,-0.35647058486938477
3,source,52,-0.9995551705360413,-0.5463411808013916,-0.657322883605957
3,source,53,-0.971627950668335,-0.8906260132789612,-0.7465638518333435
3,source,54,-1.081868052482605,-0.7216591238975525,-0.5700594186782837
3,source,55,-0.9284639358520508,-0.7239841818809509,-0.45097559690475464
3,source,56,-1.0479227304458618,-0.7184043526649475,-0.5163143277168274
3,source,57,-1.0124701261520386,-0.83809894323349,-0.5087675452232361
3,source,58,-0.9601678848266602,-0.8585850596427917,-0.45196783542633057
3,source,59,-0.9694507122039795,-0.8828490376472473,-0.5344477295875549
3,source,60,-1.1115658283233643,-0.776838481426239,-0.6458297967910767
3,source,61,-1.056801199913025,-0.8392950892448425,-0.6752163767814636
3,source,62,-1.0708563327789307,-0.8289356827735901,-0.545140266418457
3,source,63,-1.0279792547225952,-0.6470744013786316,-0.40834641456604004
3,target,0,-0.6916621923446655,0.30196237564086914,-0.22450368106365204
3,target,1,-0.9018761515617371,0.7683484554290771,-0.22538505494594574
3,target,2,-0.8734568357467651,-0.025897741317749023,-0.3533230423927307
3,target,3,-0.5536438226699829,-0.2374672293663025,-0.45215827226638794
3,target,4,-0.9352767467498779,0.17538604140281677,-0.37701255083084106
3,target,5,-1.5149333477020264,1.0639317035675049,-0.24178074300289154
3,target,6,-1.1891999244689941,0.7856844663619995,-0.28177982568740845
3,target,7,-1.1680357456207275,0.740949809551239,-0.1641874462366104
3,target,8,-1.1090657711029053,0.5501564741134644,-0.23756511509418488
3,target,9,-0.9119601845741272,0.5015109181404114,-0.315030038356781
3,target,10,-0.9548019170761108,0.4927738308906555,-0.20206992328166962
3,target,11,-1.2155386209487915,0.8153433799743652,-0.2886367440223694
3,target,12,-1.0416470766067505,0.4050582945346832,-0.07944969832897186
3,target,13,-1.082323670387268,0.34219884872436523,-0.41601336002349854
3,target,14,-1.004279613494873,0.023387879133224487,-0.5215315818786621
3,target,15,-1.0347696542739868,-0.14770418405532837,-0.7404414415359497
3,target,16,-0.8753221035003662,-0.06200090050697327,-0.6027503609657288
3,target,17,-1.2514368295669556,0.8545240163803101,-0.1655188649892807
3,target,18,-1.190773844718933,1.0233137607574463,-0.19580061733722687
3,target,19,-0.9838773012161255,0.9833876490592957,-0.23779650032520294
3,target,20,-1.1112912893295288,0.9780645966529846,-0.2302929013967514
3,target,21,-1.1228114366531372,0.7927016019821167,-0.22966192662715912
3,target,22,-1.1078243255615234,1.137267827987671,-0.2429358810186386
3,target,23,-1.1953173875808716,0.7285287380218506,-0.23465441167354584
3,target,24,-0.9561702013015747,0.7674638032913208,-0.21964912116527557
3,target,25,-0.8445978164672852,0.02052035927772522,-0.3717982769012451
3,target,26,-0.8143293261528015,0.5009180903434753,-0.3596876263618469
3,target,27,-1.0288147926330566,0.9055557250976562,-0.3633299469947815
3,target,28,-0.6214814782142639,-0.46881186962127686,-0.5390727519989014
3,target,29,-0.902723491191864,0.11281925439834595,-0.2909567952156067
3,target,30,-0.8649581670761108,-0.4502008557319641,-0.400795578956604
3,target,31,-1.3037060499191284,0.4193865656852722,-0.1482669860124588
3,target,32,-1.0557810068130493,0.10858520865440369,-0.3921625018119812
3,target,33,-0.8774361610412598,-0.6959250569343567,-0.8003423810005188
3,target,34,-0.732021152973175,-0.6673122048377991,-0.41096341609954834
3,target,35,-0.7366623282432556,-0.5366296768188477,-0.6655442714691162
3,target,36,-0.9638088345527649,-0.014199256896972656,-0.5613408088684082
3,target,37,-0.8177950978279114,-0.38544273376464844,-0.6130812168121338
3,target,38,-0.724936842918396,-0.31331825256347656,-0.3536437153816223
3,target,39,-0.928016185760498,0.004947692155838013,-0.37492722272872925
3,target,40,-0.8464359045028687,0.8535419702529907,-0.23510940372943878
3,target,41,-0.9542838335037231,1.0027408599853516,-0.10733036696910858
3,target,42,-0.9801668524742126,-0.0403037965297699,-0.11860659718513489
3,target,43,-0.9007501602172852,-0.13841581344604492,-0.05097544938325882
3,target,44,-1.1611968278884888,0.11875730752944946,0.16516759991645813
3,target,45,-1.020032525062561,0.15034836530685425,0.0803748220205307
3,target,46,-0.17297017574310303,-0.39316290616989136,-0.31234610080718994
3,target,47,-0.3193834722042084,-0.30454009771347046,-0.21151231229305267
3,target,48,-0.4129159152507782,-0.03641057014465332,-0.29922133684158325
3,target,49,-0.29931098222732544,-0.2600274085998535,-0.3789590001106262
3,target,50,-0.7462469935417175,0.4970192611217499,-0.1099429577589035
3,target,51,-0.8001059889793396,0.11806657910346985,-0.25906533002853394
3,target,52,-0.7444764971733093,0.09166547656059265,-0.22005276381969452
3,target,53,-0.7880821824073792,0.3379683792591095,-0.31409192085266113
3,target,54,-0.9508691430091858,0.23473043739795685,-0.2073035091161728
3,target,55,-0.9970896244049072,0.7486567497253418,-0.2636943459510803
3,target,56,-0.7715458869934082,0.3964041769504547,-0.31380969285964966
3,target,57,-0.7992813587188721,0.1605360060930252,-0.28903496265411377
3,target,58,-0.7964121103286743,0.3121023178100586,-0.3605448007583618
3,target,59,-0.6737596988677979,0.07180783152580261,-0.21951822936534882
3,target,60,-0.6223629117012024,-0.08798679709434509,-0.22504736483097076
3,target,61,-0.5723684430122375,-0.09112614393234253,-0.27458566427230835
3,target,62,-0.5472531914710999,-0.42247986793518066,-0.2576516270637512
3,target,63,-0.6838461756706238,-0.0627409815788269,-0.19440211355686188
4,source,0,-1.157464861869812,0.8243793249130249,-0.050081923604011536
4,source,1,-1.0796235799789429,0.7755448818206787,-0.07654950022697449
4,source,2,-1.1024099588394165,0.8714712858200073,0.015510663390159607
4,source,3,-1.0000373125076294,0.8126359581947327,-0.02497345209121704
4,source,4,-1.139160394668579,0.8488512635231018,-0.1556428074836731
4,source,5,-1.0824918746948242,0.8767979145050049,-0.11872169375419617
4,source,6,-1.1974776983261108,1.0215779542922974,-0.18545414507389069
4,source,7,-1.1547784805297852,0.9065002799034119,-0.15281209349632263
4,source,8,-1.1203157901763916,0.8331292867660522,-0.054773859679698944
4,source,9,-1.1750962734222412,0.9295779466629028,0.0013802573084831238
4,source,10,-1.226714849472046,1.0244569778442383,-0.005614269524812698
4,source,11,-1.0952662229537964,0.9704463481903076,-0.07033774256706238
4,source,12,-1.2584521770477295,1.0635002851486206,-0.06458866596221924
4,source,13,-1.2298295497894287,1.0790166854858398,0.02025057002902031
4,source,14,-1.0782878398895264,0.7860057353973389,0.019317101687192917
4,source,15,-1.1507173776626587,0.5228628516197205,0.08106251060962677
4,source,16,-1.125606894493103,0.7368621230125427,0.06004566326737404
4,source,17,-1.1539052724838257,0.6628602743148804,0.0769420936703682
4,source,18,-1.1678956747055054,0.7028201818466187,0.05780201032757759
4,source,19,-1.115349292755127,0.6485210657119751,0.040231093764305115
4,source,20,-1.0530829429626465,0.9082151651382446,0.09560257196426392
4,source,21,-1.012779951095581,0.5695397853851318,0.22083710134029388
4,source,22,-1.1325371265411377,0.8066747188568115,0.266183078289032
4,source,23,-1.1090943813323975,0.6917301416397095,0.22125199437141418
4,source,24,-1.1155664920806885,0.643383264541626,0.18467573821544647
4,source,25,-1.0804309844970703,0.5166531205177307,0.11979807168245316
4,source,26,-1.0342665910720825,0.8854993581771851,0.0263513270765543
4,source,27,-1.1908060312271118,0.6551125049591064,-0.03907711058855057
4,source,28,-1.221055507659912,0.7802356481552124,0.053204238414764404
4,source,29,-1.2140699625015259,1.000402569770813,-0.02871791273355484
4,source,30,-1.1851260662078857,1.0127794742584229,-0.01956690102815628
4,source,31,-1.1623804569244385,0.909227192401886,0.01695581153035164
4,source,32,-1.2057151794433594,0.9886916279792786,-0.06879245489835739
4,source,33,-1.148465633392334,0.8766111135482788,-0.09630006551742554
4,source,34,-1.0959986448287964,0.8262594938278198,-0.026159055531024933
4,source,35,-1.1649353504180908,0.8370685577392578,-0.09570133686065674
4,source,36,-1.232176423072815,0.8829641342163086,-0.05010795593261719
4,source,37,-1.0376307964324951,0.6919610500335693,0.047010067850351334
4,source,38,-1.05099356174469,0.4829404056072235,0.14571930468082428
4,source,39,-1.1026136875152588,0.5465453267097473,0.1824551671743393
4,source,40,-1.323648452758789,0.9111003875732422,0.09115356206893921
4,source,41,-1.289320707321167,1.018661618232727,0.26052868366241455
4,source,42,-1.257167100906372,0.9384185075759888,0.27157723903656006
4,source,43,-1.2634201049804688,0.9853945970535278,0.10156497359275818
4,source,44,-1.0402183532714844,0.7455525398254395,0.2060658484697342
4,source,45,-1.0476479530334473,0.797492265701294,-0.020497597754001617
4,source,46,-1.1349287033081055,0.7007594108581543,0.019843559712171555
4,source,47,-1.1636608839035034,0.8988206386566162,0.011767774820327759
4,source,48,-1.0542970895767212,0.7951998710632324,0.02371169999241829
4,source,49,-1.171413779258728,0.7980782389640808,-0.03465136140584946
4,source,50,-1.069742202758789,0.6840693950653076,-0.21359051764011383
4,source,51,-1.0167757272720337,0.5596779584884644,-0.24819980561733246
4,source,52,-1.0272384881973267,0.5566351413726807,-0.4306677579879761
4,source,53,-1.0057893991470337,0.35746198892593384,-0.5148504972457886
4,source,54,-1.1411479711532593,0.7739399671554565,-0.29612088203430176
4,source,55,-0.9989606142044067,0.6223164200782776,-0.27681243419647217
4,source,56,-1.1140384674072266,0.7675683498382568,-0.2797921299934387
4,source,57,-1.0494054555892944,0.6890861988067627,-0.32835114002227783
4,source,58,-0.9872556924819946,0.5291966199874878,-0.29239100217819214
4,source,59,-0.9833968877792358,0.5399501323699951,-0.30391472578048706
4,source,60,-1.1174139976501465,0.5788387060165405,-0.2738891839981079
4,source,61,-1.0768818855285645,0.4703402817249298,-0.42085784673690796
4,source,62,-1.1603845357894897,0.549557089805603,-0.2827659845352173
4,source,63,-1.097487449645996,0.5753058195114136,-0.23028020560741425
4,target,0,-0.6457040309906006,0.8577084541320801,-0.061917632818222046
4,target,1,-0.9649646878242493,1.511676549911499,-0.11280849575996399
4,target,2,-0.912531852722168,0.9587404131889343,-0.18573619425296783
4,target,3,-0.6530495882034302,0.5522063374519348,-0.2970207929611206
4,target,4,-0.9156554341316223,0.7809901833534241,-0.3056492209434509
4,target,5,-1.2957842350006104,1.4625451564788818,-0.20058391988277435
4,target,6,-1.1601876020431519,1.4366915225982666,-0.29136455059051514
4,target,7,-1.1237972974777222,1.3590779304504395,-0.18891802430152893
4,target,8,-1.162196159362793,1.3701303005218506,-0.19551287591457367
4,target,9,-0.9733816385269165,1.2291877269744873,-0.18840353190898895
4,target,10,-0.9875842928886414,1.145390510559082,-0.11057551205158234
4,target,11,-1.1082333326339722,1.481856107711792,-0.1944371610879898
4,target,12,-1.0253770351409912,1.2153586149215698,-0.02098468691110611
4,target,13,-1.0489652156829834,0.9595655202865601,-0.2634148597717285
4,target,14,-1.0056272745132446,0.865443229675293,-0.3584159016609192
4,target,15,-1.0740656852722168,0.8408812284469604,-0.45360487699508667
4,target,16,-0.9535696506500244,0.8173776865005493,-0.432448148727417
4,target,17,-1.15394127368927,1.4169116020202637,-0.10526494681835175
4,target,18,-1.2098122835159302,1.6535894870758057,-0.17753221094608307
4,target,19,-1.0889310836791992,1.5964939594268799,-0.19825665652751923
4,target,20,-1.1299583911895752,1.561269760131836,-0.23679332435131073
4,target,21,-1.1141208410263062,1.2833733558654785,-0.2184799760580063
4,target,22,-1.0774296522140503,1.5507254600524902,-0.19073359668254852
4,target,23,-1.1407370567321777,1.3538994789123535,-0.15747645497322083
4,target,24,-0.9555949568748474,1.2272460460662842,-0.20257975161075592
4,target,25,-0.899470329284668,0.9102931022644043,-0.26214873790740967
4,target,26,-0.8675079345703125,1.0635712146759033,-0.25047826766967773
4,target,27,-1.007876992225647,1.2547810077667236,-0.37314724922180176
4,target,28,-0.7663100957870483,0.35190892219543457,-0.5825538635253906
4,target,29,-0.8658496141433716,0.7933036088943481,-0.14000296592712402
4,target,30,-0.8928986191749573,0.38046979904174805,-0.2710302472114563
4,target,31,-1.2842769622802734,1.4039134979248047,-0.15896382927894592
4,target,32,-1.1780991554260254,1.2548376321792603,-0.24805645644664764
4,target,33,-0.8669324517250061,0.7055997848510742,-0.37080180644989014
4,target,34,-0.759967029094696,0.4497641623020172,-0.3076499104499817
4,target,35,-0.7711395025253296,0.618855893611908,-0.34749239683151245
4,target,36,-0.9784120321273804,1.0384700298309326,-0.32028907537460327
4,target,37,-0.8062155842781067,0.6332653760910034,-0.39035212993621826
4,target,38,-0.8838849663734436,0.903939962387085,-0.19295695424079895
4,target,39,-0.9427543878555298,1.0159802436828613,-0.1994023472070694
4,target,40,-0.8266276121139526,1.3737001419067383,-0.12467652559280396
4,target,41,-0.9185898900032043,1.4464445114135742,-0.05535973608493805
4,target,42,-1.1103386878967285,1.2980830669403076,-0.0930168628692627
4,target,43,-1.0338828563690186,1.0989916324615479,-0.06444904208183289
4,target,44,-1.304589867591858,1.4645559787750244,0.04549727588891983
4,target,45,-1.1359920501708984,1.3899905681610107,0.019874047487974167
4,target,46,-0.24040931463241577,0.2446454018354416,-0.17842042446136475
4,target,47,-0.3548954427242279,0.2744904160499573,-0.08068737387657166
4,target,48,-0.38698610663414,0.5024623870849609,-0.12278978526592255
4,target,49,-0.2858666479587555,0.25444918870925903,-0.24889706075191498
4,target,50,-0.7391200065612793,0.9935908317565918,-0.0578867569565773
4,target,51,-0.8921101689338684,1.0226970911026,-0.11934222280979156
4,target,52,-0.7226434946060181,0.7998724579811096,-0.12689149379730225
4,target,53,-0.8084536790847778,1.0688676834106445,-0.16761121153831482
4,target,54,-0.8909928202629089,0.9482902884483337,-0.11445917189121246
4,target,55,-0.9517576098442078,1.1511272192001343,-0.13050764799118042
4,target,56,-0.7077531814575195,0.7848687767982483,-0.14652635157108307
4,target,57,-0.7571844458580017,0.8360708355903625,-0.15324917435646057
4,target,58,-0.8399526476860046,0.9416128396987915,-0.20452837646007538
4,target,59,-0.6140956282615662,0.569729208946228,-0.11176002025604248
4,target,60,-0.6146863698959351,0.58918696641922,-0.13872627913951874
4,target,61,-0.5665799975395203,0.5493312478065491,-0.17410552501678467
4,target,62,-0.5452600717544556,0.23891589045524597,-0.19318878650665283
4,target,63,-0.6352900862693787,0.5367296934127808,-0.07520318031311035
5,source,0,-1.26861572265625,0.7752194404602051,-0.13779419660568237
5,source,1,-1.2228705883026123,0.7693462371826172,-0.17267419397830963
5,source,2,-1.1898564100265503,0.7287766337394714,-0.22785724699497223
5,source,3,-1.1233147382736206,0.730026125907898,-0.26584506034851074
5,source,4,-1.222925066947937,0.8198447227478027,-0.2520473003387451
5,source,5,-1.1770389080047607,0.8711376190185547,-0.1968369036912918
5,source,6,-1.282564640045166,0.9190872311592102,-0.236612007021904
5,source,7,-1.236391544342041,0.8215034008026123,-0.22691701352596283
5,source,8,-1.2216973304748535,0.7587845325469971,-0.15038897097110748
5,source,9,-1.2319343090057373,0.7822754383087158,-0.15525776147842407
5,source,10,-1.289738655090332,0.8593161702156067,-0.1343696266412735
5,source,11,-1.209418535232544,0.7928316593170166,-0.19700290262699127
5,source,12,-1.327174425125122,0.8743712306022644,-0.1473863422870636
5,source,13,-1.2612055540084839,0.8676774501800537,-0.08728441596031189
5,source,14,-1.1334025859832764,0.6004761457443237,-0.022273771464824677
5,source,15,-1.242363691329956,0.6130651831626892,-0.06186448782682419
5,source,16,-1.2395985126495361,0.7331599593162537,-0.11251617968082428
5,source,17,-1.2448053359985352,0.6118079423904419,-0.052349746227264404
5,source,18,-1.2566313743591309,0.6886560916900635,-0.09725382924079895
5,source,19,-1.2263100147247314,0.6261148452758789,-0.09894657135009766
5,source,20,-1.1385554075241089,0.7185669541358948,-0.08108706772327423
5,source,21,-1.1005736589431763,0.46824806928634644,0.04531507194042206
5,source,22,-1.1346908807754517,0.6228522062301636,0.16800937056541443
5,source,23,-1.1536400318145752,0.5974285006523132,0.1405506432056427
5,source,24,-1.1617634296417236,0.5399370789527893,0.05195192992687225
5,source,25,-1.180952548980713,0.5371515154838562,0.011884674429893494
5,source,26,-1.069031000137329,0.7254570722579956,-0.0768890529870987
5,source,27,-1.2874116897583008,0.6769403219223022,-0.14403851330280304
5,source,28,-1.3240846395492554,0.6913381814956665,-0.05622711032629013
5,source,29,-1.2800004482269287,0.8256023526191711,-0.18265143036842346
5,source,30,-1.2825231552124023,0.8651244640350342,-0.1341235190629959
5,source,31,-1.2506294250488281,0.7195611000061035,-0.1202588677406311
5,source,32,-1.3131656646728516,0.8209299445152283,-0.2062656730413437
5,source,33,-1.2541611194610596,0.7974292039871216,-0.2437456101179123
5,source,34,-1.2245409488677979,0.7747477293014526,-0.09851299226284027
5,source,35,-1.2448967695236206,0.7380834817886353,-0.13694356381893158
5,source,36,-1.284697413444519,0.7914683818817139,-0.13191628456115723
5,source,37,-1.1720325946807861,0.7077406048774719,0.018039774149656296
5,source,38,-1.1490623950958252,0.49533915519714355,0.019051767885684967
5,source,39,-1.1774356365203857,0.5230696201324463,0.086301289498806
5,source,40,-1.368678092956543,0.8862260580062866,-0.00746598094701767
5,source,41,-1.3056002855300903,0.9222847819328308,0.11013621091842651
5,source,42,-1.2742435932159424,0.8777190446853638,0.10240906476974487
5,source,43,-1.2968730926513672,0.9030003547668457,-0.07347388565540314
5,source,44,-1.1080234050750732,0.5604599714279175,-0.016222558915615082
5,source,45,-1.1565874814987183,0.667599081993103,-0.22498668730258942
5,source,46,-1.2364866733551025,0.6625566482543945,-0.15896925330162048
5,source,47,-1.287172555923462,0.7763386964797974,-0.14713725447654724
5,source,48,-1.1463170051574707,0.7137264013290405,-0.17787271738052368
5,source,49,-1.2724262475967407,0.7684227228164673,-0.1554323136806488
5,source,50,-1.154052495956421,0.7975454330444336,-0.3160828948020935
5,source,51,-1.152177095413208,0.8343850374221802,-0.2790316939353943
5,source,52,-1.158627986907959,0.7980749607086182,-0.4951457977294922
5,source,53,-1.1128543615341187,0.6485819816589355,-0.5305328965187073
5,source,54,-1.2167870998382568,0.9371922016143799,-0.38836437463760376
5,source,55,-1.107316493988037,0.863666296005249,-0.35354334115982056
5,source,56,-1.1901841163635254,0.9901562929153442,-0.3700934648513794
5,source,57,-1.1448662281036377,0.9252946376800537,-0.40770423412323
5,source,58,-1.0807193517684937,0.8030468225479126,-0.3750249147415161
5,source,59,-1.089336633682251,0.8024982213973999,-0.3890884518623352
5,source,60,-1.2021607160568237,0.775036633014679,-0.41721928119659424
5,source,61,-1.1756417751312256,0.6780085563659668,-0.51099693775177
5,source,62,-1.2173662185668945,0.7379322052001953,-0.38988715410232544
5,source,63,-1.1628973484039307,0.7730897068977356,-0.31092631816864014
5,target,0,-0.8307148218154907,1.1528584957122803,-0.19877059757709503
5,target,1,-1.1091185808181763,1.6655809879302979,-0.19896827638149261
5,target,2,-1.0781718492507935,1.2397584915161133,-0.302715003490448
5,target,3,-0.8606759309768677,0.9089488387107849,-0.3442179560661316
5,target,4,-1.128779649734497,1.2837281227111816,-0.3308557868003845
5,target,5,-1.385147213935852,1.6747355461120605,-0.22567792236804962
5,target,6,-1.2283785343170166,1.591111183166504,-0.2855244278907776
5,target,7,-1.2257057428359985,1.613445520401001,-0.22499947249889374
5,target,8,-1.1988890171051025,1.4798235893249512,-0.2476801723241806
5,target,9,-1.1908600330352783,1.4922699928283691,-0.2852562665939331
5,target,10,-1.20578932762146,1.482743263244629,-0.20277433097362518
5,target,11,-1.2792822122573853,1.77431321144104,-0.2468198984861374
5,target,12,-1.2523958683013916,1.5047385692596436,-0.1273360550403595
5,target,13,-1.1582063436508179,1.3015244007110596,-0.3971235752105713
5,target,14,-1.1571900844573975,1.251310110092163,-0.42807626724243164
5,target,15,-1.169271469116211,1.1645739078521729,-0.4975796937942505
5,target,16,-1.069795846939087,1.1070952415466309,-0.46637821197509766
5,target,17,-1.2513492107391357,1.6456711292266846,-0.15694426000118256
5,target,18,-1.310091495513916,1.7991697788238525,-0.16506031155586243
5,target,19,-1.0949516296386719,1.5522644519805908,-0.21359114348888397
5,target,20,-1.2417963743209839,1.7742390632629395,-0.2551118731498718
5,target,21,-1.2678093910217285,1.592527151107788,-0.24817673861980438
5,target,22,-1.1551235914230347,1.710144281387329,-0.1943293958902359
5,target,23,-1.2256453037261963,1.5062463283538818,-0.24549897015094757
5,target,24,-1.054786205291748,1.5409250259399414,-0.22224338352680206
5,target,25,-1.0274012088775635,1.1147786378860474,-0.3268381953239441
5,target,26,-1.0554344654083252,1.3086087703704834,-0.29357510805130005
5,target,27,-1.1454476118087769,1.474259376525879,-0.4140893816947937
5,target,28,-0.6129826307296753,0.3001585304737091,-0.6564452052116394
5,target,29,-1.0889815092086792,1.217416763305664,-0.24455876648426056
5,target,30,-1.0504486560821533,0.8559279441833496,-0.34913015365600586
5,target,31,-1.3704581260681152,1.642519474029541,-0.20647011697292328
5,target,32,-1.2815568447113037,1.3147401809692383,-0.280492901802063
5,target,33,-1.1348663568496704,1.243384838104248,-0.342288613319397
5,target,34,-0.9641807675361633,0.9276756048202515,-0.30518150329589844
5,target,35,-1.0280660390853882,1.146136999130249,-0.3410656452178955
5,target,36,-1.108315348625183,1.3798928260803223,-0.325769305229187
5,target,37,-0.9840524196624756,1.014809012413025,-0.36780816316604614
5,target,38,-1.0286991596221924,1.184504508972168,-0.20922864973545074
5,target,39,-1.0890415906906128,1.2948687076568604,-0.21929104626178741
5,target,40,-0.9937711954116821,1.5286164283752441,-0.22777344286441803
5,target,41,-1.0705894231796265,1.6424674987792969,-0.10645745694637299
5,target,42,-1.1703596115112305,1.2390046119689941,-0.21239878237247467
5,target,43,-1.0770883560180664,0.9927306175231934,-0.14159530401229858
5,target,44,-1.3012229204177856,1.3263623714447021,-0.03351062536239624
5,target,45,-1.1700419187545776,1.2510075569152832,-0.03770849108695984
5,target,46,-0.3417392075061798,0.4692380130290985,-0.29087144136428833
5,target,47,-0.5551373958587646,0.6650133728981018,-0.2158544510602951
5,target,48,-0.6197174787521362,0.8651386499404907,-0.247406467795372
5,target,49,-0.4304913282394409,0.4841872453689575,-0.3479244112968445
5,target,50,-0.804434597492218,1.2035927772521973,-0.14123713970184326
5,target,51,-1.035752296447754,1.2573189735412598,-0.21494419872760773
5,target,52,-0.864544689655304,1.0623681545257568,-0.20605890452861786
5,target,53,-0.968976616859436,1.2778189182281494,-0.2454940229654312
5,target,54,-1.0948662757873535,1.280977725982666,-0.2286938577890396
5,target,55,-1.1209757328033447,1.4303207397460938,-0.21888677775859833
5,target,56,-0.9055895805358887,1.0900418758392334,-0.24735133349895477
5,target,57,-0.9529872536659241,1.1865408420562744,-0.2560191750526428
5,target,58,-1.014269232749939,1.279815435409546,-0.29328078031539917
5,target,59,-0.8441166281700134,1.0273382663726807,-0.21726371347904205
5,target,60,-0.801253616809845,0.9532078504562378,-0.20415394008159637
5,target,61,-0.7549474835395813,0.9052472114562988,-0.23902259767055511
5,target,62,-0.7654940485954285,0.673707127571106,-0.2357349544763565
5,target,63,-0.8211457133293152,0.9091610312461853,-0.1821548342704773
6,source,0,-1.2276413440704346,0.8703511953353882,-0.17178593575954437
6,source,1,-1.1363269090652466,0.6603225469589233,-0.21391217410564423
6,source,2,-1.106978416442871,0.6546739339828491,-0.21372853219509125
6,source,3,-1.035947322845459,0.579248309135437,-0.2783051133155823
6,source,4,-1.2090991735458374,0.7348111867904663,-0.25043630599975586
6,source,5,-1.1472551822662354,0.8200842142105103,-0.22905276715755463
6,source,6,-1.2372392416000366,0.9262548685073853,-0.24723701179027557
6,source,7,-1.192353367805481,0.8142174482345581,-0.27832549810409546
6,source,8,-1.1746413707733154,0.7675862908363342,-0.16422951221466064
6,source,9,-1.22230064868927,0.8210181593894958,-0.17718061804771423
6,source,10,-1.2561275959014893,0.8060585260391235,-0.13474366068840027
6,source,11,-1.1177622079849243,0.7627272605895996,-0.22137348353862762
6,source,12,-1.251814365386963,0.8738691806793213,-0.21140505373477936
6,source,13,-1.2331435680389404,0.8427460193634033,-0.15373650193214417
6,source,14,-1.0793322324752808,0.5783277750015259,-0.12389488518238068
6,source,15,-1.1909589767456055,0.5844004154205322,-0.11015965044498444
6,source,16,-1.157221794128418,0.6461014747619629,-0.13813447952270508
6,source,17,-1.1406316757202148,0.5457573533058167,-0.12049271166324615
6,source,18,-1.1937761306762695,0.6355743408203125,-0.12805068492889404
6,source,19,-1.1097875833511353,0.4920920729637146,-0.1431090235710144
6,source,20,-1.0468734502792358,0.5972201824188232,-0.14075474441051483
6,source,21,-1.076159954071045,0.4733125567436218,0.0009414143860340118
6,source,22,-1.0965656042099,0.6228598356246948,0.06381946802139282
6,source,23,-1.1034760475158691,0.6283136606216431,0.04845061153173447
6,source,24,-1.0876065492630005,0.5414312481880188,0.02328396588563919
6,source,25,-1.096750259399414,0.5062352418899536,-0.025328688323497772
6,source,26,-1.0144433975219727,0.6604903936386108,-0.12972357869148254
6,source,27,-1.2839807271957397,0.7533339262008667,-0.18271273374557495
6,source,28,-1.2462472915649414,0.7744671106338501,-0.060590192675590515
6,source,29,-1.2020419836044312,0.7776379585266113,-0.18355442583560944
6,source,30,-1.2232251167297363,0.7716103196144104,-0.21767063438892365
6,source,31,-1.1913787126541138,0.7021327018737793,-0.18595796823501587
6,source,32,-1.260359525680542,0.7894831895828247,-0.2527983784675598
6,source,33,-1.2019449472427368,0.8192532062530518,-0.2551071047782898
6,source,34,-1.1132478713989258,0.7829889059066772,-0.12865152955055237
6,source,35,-1.1598289012908936,0.7205626964569092,-0.17230291664600372
6,source,36,-1.273531436920166,0.864211916923523,-0.18179351091384888
6,source,37,-1.090641736984253,0.670179009437561,-0.08251845836639404
6,source,38,-1.0464588403701782,0.44985413551330566,-0.0312851145863533
6,source,39,-1.079676866531372,0.5014399886131287,0.04631304740905762
6,source,40,-1.2829310894012451,0.8017362356185913,-0.10333618521690369
6,source,41,-1.2181241512298584,0.7938336730003357,-0.05204308032989502
6,source,42,-1.2218186855316162,0.8355553150177002,-0.021946914494037628
6,source,43,-1.2232038974761963,0.7724118232727051,-0.19922448694705963
6,source,44,-1.0509127378463745,0.5140326023101807,-0.06163535267114639
6,source,45,-1.0654598474502563,0.6032872200012207,-0.2183406502008438
6,source,46,-1.202932596206665,0.6214439868927002,-0.18197746574878693
6,source,47,-1.1947404146194458,0.7156916856765747,-0.1789998561143875
6,source,48,-1.0484658479690552,0.6139490604400635,-0.2162560075521469
6,source,49,-1.203277349472046,0.6814365983009338,-0.19277572631835938
6,source,50,-1.146683931350708,0.7019346356391907,-0.3356001377105713
6,source,51,-1.1274371147155762,0.6661815643310547,-0.2998083829879761
6,source,52,-1.1143813133239746,0.6503202319145203,-0.4870532751083374
6,source,53,-1.0630955696105957,0.5043324828147888,-0.5353841781616211
6,source,54,-1.2351505756378174,0.7700457572937012,-0.4218199849128723
6,source,55,-1.1427861452102661,0.7618651390075684,-0.37884587049484253
6,source,56,-1.2315163612365723,0.9062691330909729,-0.3603186011314392
6,source,57,-1.1533801555633545,0.8550642132759094,-0.3854218125343323
6,source,58,-1.1016267538070679,0.6939312219619751,-0.37815308570861816
6,source,59,-1.106351613998413,0.7112628221511841,-0.3695666790008545
6,source,60,-1.1840274333953857,0.6599870920181274,-0.4134417772293091
6,source,61,-1.1002464294433594,0.562977135181427,-0.44981837272644043
6,source,62,-1.2088139057159424,0.6393232941627502,-0.43524831533432007
6,source,63,-1.1485302448272705,0.6008326411247253,-0.3844614028930664
6,target,0,-0.8758320808410645,1.1144568920135498,-0.2775905132293701
6,target,1,-1.1482501029968262,1.6403133869171143,-0.2819376587867737
6,target,2,-1.140897512435913,1.1851856708526611,-0.32206469774246216
6,target,3,-0.9164958596229553,0.9040214419364929,-0.3274080157279968
6,target,4,-1.1550320386886597,1.1664628982543945,-0.36597740650177
6,target,5,-1.4085620641708374,1.5963597297668457,-0.23315177857875824
6,target,6,-1.2749009132385254,1.4783291816711426,-0.2677592635154724
6,target,7,-1.2379578351974487,1.4020519256591797,-0.23554019629955292
6,target,8,-1.245293140411377,1.271606206893921,-0.27056723833084106
6,target,9,-1.117904782295227,1.2821996212005615,-0.33271461725234985
6,target,10,-1.132643461227417,1.1898038387298584,-0.25425368547439575
6,target,11,-1.2018673419952393,1.5171186923980713,-0.29614585638046265
6,target,12,-1.1694700717926025,1.2453542947769165,-0.19426347315311432
6,target,13,-1.229128360748291,1.2651413679122925,-0.37699878215789795
6,target,14,-1.2026880979537964,1.2108371257781982,-0.3841007351875305
6,target,15,-1.196012258529663,1.1127803325653076,-0.4439401626586914
6,target,16,-1.1276710033416748,1.104903221130371,-0.43399912118911743
6,target,17,-1.236018419265747,1.4566679000854492,-0.23668746650218964
6,target,18,-1.2892776727676392,1.5752229690551758,-0.20765306055545807
6,target,19,-1.180437445640564,1.491204023361206,-0.27412253618240356
6,target,20,-1.2581565380096436,1.5358531475067139,-0.23232538998126984
6,target,21,-1.284104824066162,1.284116268157959,-0.23089350759983063
6,target,22,-1.1869802474975586,1.585998296737671,-0.2441009134054184
6,target,23,-1.2459542751312256,1.4198338985443115,-0.2598191499710083
6,target,24,-1.1207174062728882,1.2659852504730225,-0.2739942669868469
6,target,25,-1.1019142866134644,1.2173941135406494,-0.33116698265075684
6,target,26,-1.103580355644226,1.2388687133789062,-0.31159377098083496
6,target,27,-1.2197422981262207,1.505444049835205,-0.41181480884552
6,target,28,-0.9869502782821655,0.7556962966918945,-0.45079267024993896
6,target,29,-1.1313591003417969,1.2140300273895264,-0.2564954161643982
6,target,30,-1.0561131238937378,0.6971710920333862,-0.409379243850708
6,target,31,-1.3998597860336304,1.4771673679351807,-0.2770242691040039
6,target,32,-1.310045599937439,1.3707246780395508,-0.31807607412338257
6,target,33,-1.0457282066345215,0.9576446413993835,-0.47798895835876465
6,target,34,-0.9653762578964233,0.680379331111908,-0.4420210123062134
6,target,35,-0.9983469247817993,0.9321187734603882,-0.42225849628448486
6,target,36,-1.10551118850708,1.105628252029419,-0.38515979051589966
6,target,37,-1.0181641578674316,0.8794441223144531,-0.4450886845588684
6,target,38,-1.05349862575531,0.9225137829780579,-0.35923999547958374
6,target,39,-1.0704444646835327,1.091135859489441,-0.3402002453804016
6,target,40,-1.0070195198059082,1.4076454639434814,-0.2524206042289734
6,target,41,-1.0293350219726562,1.4802539348602295,-0.16484373807907104
6,target,42,-1.1503257751464844,1.1190204620361328,-0.2448965162038803
6,target,43,-1.0178947448730469,0.9226486086845398,-0.1683366745710373
6,target,44,-1.2950880527496338,1.2887134552001953,-0.057824768126010895
6,target,45,-1.110245704650879,1.1264673471450806,-0.10070955753326416
6,target,46,-0.5014636516571045,0.5271403789520264,-0.3645778298377991
6,target,47,-0.715293288230896,0.7643636465072632,-0.2558668255805969
6,target,48,-0.8182060122489929,1.0535197257995605,-0.29388976097106934
6,target,49,-0.5699533224105835,0.6176996231079102,-0.39634764194488525
6,target,50,-0.9177294969558716,1.2093026638031006,-0.2632831335067749
6,target,51,-1.1471704244613647,1.2230457067489624,-0.27911698818206787
6,target,52,-1.042116641998291,1.1339454650878906,-0.24161340296268463
6,target,53,-1.1067203283309937,1.3245964050292969,-0.31365299224853516
6,target,54,-1.19619882106781,1.3083560466766357,-0.2745966911315918
6,target,55,-1.1740792989730835,1.416560411453247,-0.272342324256897
6,target,56,-1.0800142288208008,1.2972400188446045,-0.29742079973220825
6,target,57,-1.0901927947998047,1.2095911502838135,-0.3146531581878662
6,target,58,-1.1451387405395508,1.3287760019302368,-0.31509876251220703
6,target,59,-1.0055596828460693,1.1328036785125732,-0.279299795627594
6,target,60,-1.0001752376556396,1.099453091621399,-0.2843344807624817
6,target,61,-0.9104845523834229,1.0327749252319336,-0.3077240586280823
6,target,62,-0.9077693819999695,0.7159212827682495,-0.336345911026001
6,target,63,-0.9664433002471924,0.9772088527679443,-0.2690613865852356
7,source,0,-1.0136526823043823,0.8847399950027466,-0.14635878801345825
7,source,1,-0.9409481883049011,0.777116596698761,-0.19265425205230713
7,source,2,-0.9490238428115845,0.8164399862289429,-0.1828884780406952
7,source,3,-0.880303144454956,0.7580069303512573,-0.23648817837238312
7,source,4,-0.9676985740661621,0.793329656124115,-0.22375665605068207
7,source,5,-0.935282826423645,0.8729032278060913,-0.19591869413852692
7,source,6,-1.044206976890564,0.9971036314964294,-0.23062406480312347
7,source,7,-1.0141886472702026,0.904990553855896,-0.23389191925525665
7,source,8,-0.9809325933456421,0.8134271502494812,-0.13581092655658722
7,source,9,-0.9979090690612793,0.8521405458450317,-0.15601421892642975
7,source,10,-1.0360655784606934,0.8605414628982544,-0.14735442399978638
7,source,11,-0.9718245267868042,0.8943228721618652,-0.18902914226055145
7,source,12,-1.0762760639190674,0.9595808982849121,-0.1696709394454956
7,source,13,-1.077569842338562,0.9453738331794739,-0.11001867055892944
7,source,14,-0.932277262210846,0.7179280519485474,-0.1000806987285614
7,source,15,-0.9605249762535095,0.6243176460266113,-0.08073650300502777
7,source,16,-0.9706919193267822,0.734578549861908,-0.08469530940055847
7,source,17,-1.0017677545547485,0.6734284162521362,-0.05497229844331741
7,source,18,-1.0158711671829224,0.7275928258895874,-0.07728984951972961
7,source,19,-0.9477080702781677,0.6588550209999084,-0.10753785073757172
7,source,20,-0.9178227186203003,0.7847259044647217,-0.08151726424694061
7,source,21,-0.9053415656089783,0.5800268650054932,0.003570243716239929
7,source,22,-0.9497690796852112,0.7078313827514648,0.09884320944547653
7,source,23,-0.9303465485572815,0.6587845087051392,0.07738517969846725
7,source,24,-0.9199244379997253,0.6499223709106445,0.015383519232273102
7,source,25,-0.9059445858001709,0.6170603036880493,0.002223234623670578
7,source,26,-0.8389217853546143,0.7941848039627075,-0.0921006053686142
7,source,27,-1.0567972660064697,0.792317271232605,-0.16176462173461914
7,source,28,-1.0343025922775269,0.7076090574264526,-0.05746832489967346
7,source,29,-1.0211162567138672,0.8632272481918335,-0.19161874055862427
7,source,30,-1.0242494344711304,0.8924061059951782,-0.15016435086727142
7,source,31,-1.0265988111495972,0.8846027851104736,-0.14001189172267914
7,source,32,-1.061443567276001,0.8806504011154175,-0.17451980710029602
7,source,33,-0.9773644208908081,0.859837532043457,-0.21543718874454498
7,source,34,-0.9407398700714111,0.825131893157959,-0.09793232381343842
7,source,35,-0.9654953479766846,0.805554211139679,-0.14277835190296173
7,source,36,-1.069743037223816,0.9005171060562134,-0.16619817912578583
7,source,37,-0.8594260215759277,0.6538088917732239,-0.052517376840114594
7,source,38,-0.8574846982955933,0.5485131740570068,0.004038278013467789
7,source,39,-0.9182180166244507,0.618990957736969,0.07628446072340012
7,source,40,-1.0715303421020508,0.9065319299697876,-0.10035848617553711
7,source,41,-1.0562769174575806,0.9268053770065308,-0.009581126272678375
7,source,42,-1.025556206703186,0.8814838528633118,-0.01401238888502121
7,source,43,-1.0314581394195557,0.9533399343490601,-0.18268637359142303
7,source,44,-0.9280083179473877,0.7416021823883057,-0.03409644961357117
7,source,45,-0.9125849604606628,0.7658488750457764,-0.18818549811840057
7,source,46,-0.9969488382339478,0.7334390878677368,-0.16214002668857574
7,source,47,-1.0503932237625122,0.9123172760009766,-0.13554762303829193
7,source,48,-0.9103872179985046,0.7890726327896118,-0.16397476196289062
7,source,49,-0.9994895458221436,0.7853856086730957,-0.1507754623889923
7,source,50,-0.8571292161941528,0.7386866807937622,-0.26443666219711304
7,source,51,-0.8411564826965332,0.6636130213737488,-0.2652966380119324
7,source,52,-0.8253856301307678,0.6675674319267273,-0.39324718713760376
7,source,53,-0.7797248363494873,0.5460267663002014,-0.42464202642440796
7,source,54,-0.8834155797958374,0.7509810328483582,-0.35631507635116577
7,source,55,-0.8424795269966125,0.7544698715209961,-0.3098922371864319
7,source,56,-0.9296883344650269,0.8587646484375,-0.29333823919296265
7,source,57,-0.8758172988891602,0.8113014698028564,-0.34061527252197266
7,source,58,-0.7937605977058411,0.6557100415229797,-0.3231261372566223
7,source,59,-0.8195895552635193,0.7198930978775024,-0.31662970781326294
7,source,60,-0.9013670682907104,0.6727786660194397,-0.2888771891593933
7,source,61,-0.8368597626686096,0.6154565215110779,-0.35731589794158936
7,source,62,-0.9322266578674316,0.6878091096878052,-0.2991541624069214
7,source,63,-0.8702865242958069,0.5979918241500854,-0.3166133165359497
7,target,0,-0.6621401906013489,1.1409032344818115,-0.22732804715633392
7,target,1,-0.9199403524398804,1.6285655498504639,-0.22235237061977386
7,target,2,-0.8768793344497681,1.233863115310669,-0.25307196378707886
7,target,3,-0.6652419567108154,0.9169972538948059,-0.2723628282546997
7,target,4,-0.8275524377822876,0.9904893040657043,-0.35511451959609985
7,target,5,-1.20838463306427,1.6069755554199219,-0.16446857154369354
7,target,6,-1.0795347690582275,1.561058521270752,-0.24084682762622833
7,target,7,-0.9843419790267944,1.345428466796875,-0.23575522005558014
7,target,8,-1.0789108276367188,1.3814170360565186,-0.21467582881450653
7,target,9,-0.7864463329315186,1.2725210189819336,-0.2900407314300537
7,target,10,-0.8787159323692322,1.2963122129440308,-0.20957376062870026
7,target,11,-0.9702533483505249,1.5243992805480957,-0.2703307271003723
7,target,12,-0.9672327637672424,1.3845720291137695,-0.13446174561977386
7,target,13,-0.8841765522956848,1.1159766912460327,-0.3688269853591919
7,target,14,-0.8655341267585754,1.0371813774108887,-0.389040470123291
7,target,15,-0.9356061220169067,1.0535540580749512,-0.4109421968460083
7,target,16,-0.8479504585266113,0.9867285490036011,-0.4116562604904175
7,target,17,-1.0062023401260376,1.461571455001831,-0.16642436385154724
7,target,18,-1.0991116762161255,1.5847313404083252,-0.15780328214168549
7,target,19,-0.9873412847518921,1.5096659660339355,-0.236900195479393
7,target,20,-1.0890066623687744,1.5857558250427246,-0.19034509360790253
7,target,21,-1.0990499258041382,1.4017820358276367,-0.19797314703464508
7,target,22,-0.9561426639556885,1.537682294845581,-0.1937866508960724
7,target,23,-1.002349615097046,1.4259543418884277,-0.22603727877140045
7,target,24,-0.9152227640151978,1.2817771434783936,-0.2217063158750534
7,target,25,-0.8489620685577393,1.2067525386810303,-0.29307979345321655
7,target,26,-0.8220778107643127,1.3147985935211182,-0.26060885190963745
7,target,27,-0.9767938256263733,1.5325980186462402,-0.34946417808532715
7,target,28,-0.7099937200546265,0.7466081380844116,-0.3645343780517578
7,target,29,-0.8364737033843994,1.1047855615615845,-0.20333121716976166
7,target,30,-0.7212797403335571,0.6894923448562622,-0.25343018770217896
7,target,31,-1.1753730773925781,1.4665992259979248,-0.2232658416032791
7,target,32,-1.0781779289245605,1.3139028549194336,-0.252316415309906
7,target,33,-0.831143856048584,1.0988318920135498,-0.33483660221099854
7,target,34,-0.670862078666687,0.8134986162185669,-0.3377447724342346
7,target,35,-0.7959594130516052,1.0369982719421387,-0.3446319103240967
7,target,36,-0.8198495507240295,1.0961837768554688,-0.3201574683189392
7,target,37,-0.7201923131942749,0.9001328945159912,-0.3554573655128479
7,target,38,-0.7953118085861206,1.132910966873169,-0.2656310200691223
7,target,39,-0.84315025806427,1.1677658557891846,-0.24319680035114288
7,target,40,-0.7490893602371216,1.3480111360549927,-0.2137511819601059
7,target,41,-0.8137784004211426,1.4748246669769287,-0.13594819605350494
7,target,42,-0.9729561805725098,1.2161405086517334,-0.1923302710056305
7,target,43,-0.857864260673523,1.0201082229614258,-0.14213791489601135
7,target,44,-1.07585871219635,1.322108268737793,-0.12172791361808777
7,target,45,-0.9746768474578857,1.2469769716262817,-0.08494071662425995
7,target,46,-0.20939922332763672,0.501174807548523,-0.2848701477050781
7,target,47,-0.4445240795612335,0.7438428401947021,-0.20732803642749786
7,target,48,-0.5292391180992126,0.98582524061203,-0.22309039533138275
7,target,49,-0.31540387868881226,0.5860891342163086,-0.32368212938308716
7,target,50,-0.7011675238609314,1.1920630931854248,-0.2446356564760208
7,target,51,-0.8544406890869141,1.2733044624328613,-0.20631767809391022
7,target,52,-0.713929295539856,1.1232469081878662,-0.1971413940191269
7,target,53,-0.7826324105262756,1.242466926574707,-0.262076199054718
7,target,54,-0.9189990758895874,1.3312015533447266,-0.20070995390415192
7,target,55,-0.8476169109344482,1.2889890670776367,-0.24789480865001678
7,target,56,-0.7762960195541382,1.15018630027771,-0.23956407606601715
7,target,57,-0.7430012226104736,1.1418280601501465,-0.25269556045532227
7,target,58,-0.823635995388031,1.2158634662628174,-0.26777124404907227
7,target,59,-0.6678285002708435,0.9949600696563721,-0.2206139713525772
7,target,60,-0.6489481925964355,1.005366325378418,-0.2179574817419052
7,target,61,-0.5708527565002441,0.941795289516449,-0.2444700449705124
7,target,62,-0.624299168586731,0.8125275373458862,-0.2469436675310135
7,target,63,-0.6808621883392334,0.9727223515510559,-0.2064460664987564
8,source,0,-1.0186923742294312,0.940650463104248,-0.17681613564491272
8,source,1,-0.9556582570075989,0.7948268055915833,-0.2038872390985489
8,source,2,-0.9720412492752075,0.8938857316970825,-0.17451433837413788
8,source,3,-0.9091521501541138,0.8461345434188843,-0.21789909899234772
8,source,4,-1.0155537128448486,0.9557651877403259,-0.23315484821796417
8,source,5,-0.9778338074684143,0.9791094660758972,-0.19602440297603607
8,source,6,-1.0541913509368896,1.0591390132904053,-0.2423602193593979
8,source,7,-1.038403868675232,0.9684955477714539,-0.2395276576280594
8,source,8,-1.0096209049224854,0.8874714374542236,-0.16907630860805511
8,source,9,-1.005252480506897,0.9228032231330872,-0.1702493131160736
8,source,10,-1.0205596685409546,0.9273802638053894,-0.1822517365217209
8,source,11,-0.9636399745941162,0.9239127039909363,-0.18134675920009613
8,source,12,-1.0314322710037231,0.9289016723632812,-0.211247518658638
8,source,13,-1.0148942470550537,0.9414102435112,-0.14466500282287598
8,source,14,-0.9208248853683472,0.7504927515983582,-0.1204475611448288
8,source,15,-0.9810488224029541,0.7484229803085327,-0.1551322638988495
8,source,16,-0.9951208829879761,0.8384907245635986,-0.153534397482872
8,source,17,-0.9672259092330933,0.6983088254928589,-0.12193627655506134
8,source,18,-1.0027538537979126,0.8019520044326782,-0.14379742741584778
8,source,19,-0.9529316425323486,0.7571207284927368,-0.17209669947624207
8,source,20,-0.9554327130317688,0.9123609066009521,-0.07034626603126526
8,source,21,-0.9308768510818481,0.7226368188858032,0.00863756611943245
8,source,22,-0.969815194606781,0.8068461418151855,0.020956750959157944
8,source,23,-0.9746414422988892,0.7993941307067871,0.008624494075775146
8,source,24,-0.9416770935058594,0.7665151953697205,-0.06661317497491837
8,source,25,-0.9563282132148743,0.7394710779190063,-0.07890200614929199
8,source,26,-0.8855116367340088,0.8512654304504395,-0.12598846852779388
8,source,27,-1.0116355419158936,0.8048160076141357,-0.19493882358074188
8,source,28,-1.0309507846832275,0.8726282715797424,-0.1177556961774826
8,source,29,-1.0157763957977295,0.8731846213340759,-0.20691360533237457
8,source,30,-1.0097345113754272,0.9657374024391174,-0.17008067667484283
8,source,31,-1.0310847759246826,0.9177639484405518,-0.16539698839187622
8,source,32,-1.05336332321167,0.9696955680847168,-0.18352989852428436
8,source,33,-1.0114524364471436,0.9728037714958191,-0.23048816621303558
8,source,34,-0.9732928276062012,0.93851238489151,-0.11788089573383331
8,source,35,-0.9703167676925659,0.8869566917419434,-0.16300523281097412
8,source,36,-1.0335978269577026,0.9223194718360901,-0.2010173350572586
8,source,37,-0.9285721182823181,0.8363165259361267,-0.09650090336799622
8,source,38,-0.8926424980163574,0.66618812084198,-0.08163563907146454
8,source,39,-0.9487602114677429,0.7020964622497559,-0.026636764407157898
8,source,40,-1.0864579677581787,1.005332589149475,-0.11217691004276276
8,source,41,-1.0302428007125854,0.9793469309806824,-0.038511037826538086
8,source,42,-1.0186738967895508,0.9664690494537354,-0.06142880767583847
8,source,43,-1.0182292461395264,0.9638864994049072,-0.1770491749048233
8,source,44,-0.9139953851699829,0.8095255494117737,-0.02447463572025299
8,source,45,-0.9471523761749268,0.8153412342071533,-0.186117023229599
8,source,46,-0.9744985103607178,0.7445850372314453,-0.17130520939826965
8,source,47,-1.0325449705123901,0.9639636278152466,-0.1537054181098938
8,source,48,-0.9165061116218567,0.8285512924194336,-0.16008861362934113
8,source,49,-1.0210833549499512,0.8928905725479126,-0.1767677664756775
8,source,50,-0.9075812101364136,0.9108850359916687,-0.28091341257095337
8,source,51,-0.9066144227981567,0.8367900848388672,-0.2718159556388855
8,source,52,-0.873973548412323,0.8499695062637329,-0.37879157066345215
8,source,53,-0.8197182416915894,0.7147380113601685,-0.38908058404922485
8,source,54,-0.9746091365814209,1.0102651119232178,-0.31863856315612793
8,source,55,-0.9069346189498901,0.9418308734893799,-0.27300316095352173
8,source,56,-0.9652959108352661,1.019301176071167,-0.27669215202331543
8,source,57,-0.9384632110595703,0.9963814616203308,-0.30443811416625977
8,source,58,-0.8603659868240356,0.876684844493866,-0.2902032732963562
8,source,59,-0.8804306983947754,0.9291514754295349,-0.2787471413612366
8,source,60,-0.9301278591156006,0.8642480969429016,-0.27686434984207153
8,source,61,-0.8591392636299133,0.7452398538589478,-0.3418049216270447
8,source,62,-0.9674015045166016,0.856671929359436,-0.2911052703857422
8,source,63,-0.8820626735687256,0.8157974481582642,-0.26289379596710205
8,target,0,-0.7148770689964294,1.1487772464752197,-0.2079494744539261
8,target,1,-0.9439038038253784,1.5775635242462158,-0.22630532085895538
8,target,2,-0.9311916828155518,1.2640435695648193,-0.2570972442626953
8,target,3,-0.7253224849700928,0.9097380042076111,-0.3044895529747009
8,target,4,-0.8951396942138672,1.1958556175231934,-0.2758469581604004
8,target,5,-1.0931365489959717,1.5812201499938965,-0.17738604545593262
8,target,6,-1.0723886489868164,1.5296406745910645,-0.23074086010456085
8,target,7,-0.9643964767456055,1.3485050201416016,-0.22319574654102325
8,target,8,-1.0170300006866455,1.252460241317749,-0.2397175282239914
8,target,9,-0.9140319228172302,1.2908504009246826,-0.2625507116317749
8,target,10,-0.9501466751098633,1.3115310668945312,-0.20749081671237946
8,target,11,-0.9739965796470642,1.5178592205047607,-0.25464731454849243
8,target,12,-1.003796100616455,1.347434639930725,-0.14689376950263977
8,target,13,-0.9342444539070129,1.1893093585968018,-0.3219814896583557
8,target,14,-0.9833862781524658,1.2257660627365112,-0.36895012855529785
8,target,15,-1.0073506832122803,1.178278923034668,-0.3758124113082886
8,target,16,-0.9336637854576111,1.0894047021865845,-0.3810461759567261
8,target,17,-1.024556279182434,1.476184368133545,-0.1615792214870453
8,target,18,-1.0479722023010254,1.523996353149414,-0.1624492108821869
8,target,19,-0.9910562634468079,1.410536289215088,-0.21438433229923248
8,target,20,-1.022370457649231,1.492520809173584,-0.19316908717155457
8,target,21,-1.0157986879348755,1.2966408729553223,-0.2284182459115982
8,target,22,-0.9290690422058105,1.4876065254211426,-0.18615418672561646
8,target,23,-1.0032546520233154,1.3655650615692139,-0.2176027148962021
8,target,24,-0.9019820690155029,1.3100385665893555,-0.21729280054569244
8,target,25,-0.8804841041564941,1.1933845281600952,-0.2820201516151428
8,target,26,-0.8547056913375854,1.2236204147338867,-0.2742205858230591
8,target,27,-0.9631634950637817,1.3676345348358154,-0.3576078414916992
8,target,28,-0.7890705466270447,0.8071697950363159,-0.4208851456642151
8,target,29,-0.9471266269683838,1.240884780883789,-0.20345734059810638
8,target,30,-0.9358373880386353,0.8921318054199219,-0.17997315526008606
8,target,31,-1.1800843477249146,1.548532485961914,-0.1878545582294464
8,target,32,-1.0851547718048096,1.3867921829223633,-0.23966307938098907
8,target,33,-0.8418374061584473,1.115990400314331,-0.3370850086212158
8,target,34,-0.7527652978897095,0.9117300510406494,-0.3083001971244812
8,target,35,-0.8327457904815674,1.0464810132980347,-0.3464421033859253
8,target,36,-0.8789446353912354,1.2027029991149902,-0.32715535163879395
8,target,37,-0.8309992551803589,1.0461328029632568,-0.3159627318382263
8,target,38,-0.8473591804504395,1.106648564338684,-0.272064208984375
8,target,39,-0.8671432733535767,1.1605911254882812,-0.2365858107805252
8,target,40,-0.7948936223983765,1.3397976160049438,-0.20370285212993622
8,target,41,-0.8341577649116516,1.385610818862915,-0.1112879067659378
8,target,42,-1.0045504570007324,1.2222537994384766,-0.1952599734067917
8,target,43,-0.9218745231628418,1.040169596672058,-0.1672750860452652
8,target,44,-1.0771926641464233,1.227321743965149,-0.14522616565227509
8,target,45,-0.9981516599655151,1.1998984813690186,-0.09723517298698425
8,target,46,-0.2907051742076874,0.5385465621948242,-0.3042280673980713
8,target,47,-0.5447219014167786,0.813897430896759,-0.24312029778957367
8,target,48,-0.5958483815193176,0.9821755290031433,-0.25495803356170654
8,target,49,-0.3699224889278412,0.5995725989341736,-0.35896050930023193
8,target,50,-0.7452648878097534,1.1842658519744873,-0.21282263100147247
8,target,51,-0.9097210168838501,1.2901930809020996,-0.20732341706752777
8,target,52,-0.824022114276886,1.1880717277526855,-0.2325521856546402
8,target,53,-0.8683254718780518,1.2797465324401855,-0.261410117149353
8,target,54,-0.9087572693824768,1.2449827194213867,-0.2160879224538803
8,target,55,-0.9148326516151428,1.2903164625167847,-0.24901960790157318
8,target,56,-0.835558295249939,1.1497163772583008,-0.2655389904975891
8,target,57,-0.8523550033569336,1.22560453414917,-0.25305622816085815
8,target,58,-0.902070164680481,1.2986986637115479,-0.2780848741531372
8,target,59,-0.7710896134376526,1.0875158309936523,-0.23842118680477142
8,target,60,-0.7259452939033508,1.0473957061767578,-0.23854102194309235
8,target,61,-0.708221971988678,1.0676119327545166,-0.25540512800216675
8,target,62,-0.6789183020591736,0.9054385423660278,-0.2610057592391968
8,target,63,-0.7624520063400269,1.046959400177002,-0.22668813169002533
9,source,0,-0.9506033658981323,0.9481728672981262,-0.23731620609760284
9,source,1,-0.8971534967422485,0.8326219320297241,-0.26682281494140625
9,source,2,-0.8768677711486816,0.8396246433258057,-0.23917584121227264
9,source,3,-0.84136962890625,0.8387876749038696,-0.2764156460762024
9,source,4,-0.9504110217094421,0.9302967190742493,-0.2722753882408142
9,source,5,-0.9056651592254639,0.9412374496459961,-0.2621774673461914
9,source,6,-0.9804446697235107,1.005659580230713,-0.2902183532714844
9,source,7,-0.9452610015869141,0.9248283505439758,-0.3037331700325012
9,source,8,-0.9323099255561829,0.8755675554275513,-0.22821788489818573
9,source,9,-0.9396281242370605,0.9105137586593628,-0.22889213263988495
9,source,10,-0.9650817513465881,0.9148595333099365,-0.23649142682552338
9,source,11,-0.8887693881988525,0.9189066290855408,-0.2502545714378357
9,source,12,-0.9698907136917114,0.9027032852172852,-0.25495296716690063
9,source,13,-0.943393886089325,0.932576596736908,-0.22073312103748322
9,source,14,-0.8654756546020508,0.7477918863296509,-0.20131801068782806
9,source,15,-0.9300307035446167,0.7579450011253357,-0.20036010444164276
9,source,16,-0.8965669274330139,0.78255295753479,-0.2049780935049057
9,source,17,-0.903761625289917,0.7193014621734619,-0.18928970396518707
9,source,18,-0.9326582551002502,0.7926442623138428,-0.2040203958749771
9,source,19,-0.8838411569595337,0.7302924394607544,-0.22347314655780792
9,source,20,-0.8581944108009338,0.834549605846405,-0.1821044385433197
9,source,21,-0.8643746972084045,0.7136621475219727,-0.11648350954055786
9,source,22,-0.8947632312774658,0.802290678024292,-0.07698467373847961
9,source,23,-0.8778243064880371,0.7609455585479736,-0.07473805546760559
9,source,24,-0.8797279596328735,0.7522277235984802,-0.1369064748287201
9,source,25,-0.8657973408699036,0.7014169692993164,-0.14207549393177032
9,source,26,-0.7932729721069336,0.8264938592910767,-0.2101045399904251
9,source,27,-0.968645453453064,0.8332330584526062,-0.2572031617164612
9,source,28,-0.9725199937820435,0.8565403819084167,-0.16361398994922638
9,source,29,-0.9416228532791138,0.9010510444641113,-0.24654029309749603
9,source,30,-0.9351309537887573,0.9241750836372375,-0.24429084360599518
9,source,31,-0.9495717883110046,0.8952972888946533,-0.23473362624645233
9,source,32,-0.983353316783905,0.9263462424278259,-0.2418719381093979
9,source,33,-0.9317805171012878,0.9363588094711304,-0.2807137966156006
9,source,34,-0.8784107565879822,0.8950519561767578,-0.2124435156583786
9,source,35,-0.9118551015853882,0.8454474806785583,-0.22242669761180878
9,source,36,-0.951187252998352,0.8856855034828186,-0.24737943708896637
9,source,37,-0.858483612537384,0.866557776927948,-0.17907176911830902
9,source,38,-0.8454034924507141,0.6884891986846924,-0.1542854756116867
9,source,39,-0.878054141998291,0.7233481407165527,-0.11287309229373932
9,source,40,-0.9995435476303101,0.9453645348548889,-0.20319803059101105
9,source,41,-0.955574095249176,0.9280363321304321,-0.1518903225660324
9,source,42,-0.9298750162124634,0.9083431363105774,-0.15316584706306458
9,source,43,-0.9315782785415649,0.9456576704978943,-0.25949323177337646
9,source,44,-0.8460650444030762,0.77908855676651,-0.1305198073387146
9,source,45,-0.8669224381446838,0.8041499853134155,-0.235383078455925
9,source,46,-0.9306856989860535,0.8296895027160645,-0.240986630320549
9,source,47,-0.9554541110992432,0.9326347708702087,-0.2165694683790207
9,source,48,-0.8497827053070068,0.8108903169631958,-0.23129414021968842
9,source,49,-0.9418781995773315,0.8606383800506592,-0.22207067906856537
9,source,50,-0.8729705214500427,0.893302321434021,-0.3215579390525818
9,source,51,-0.8779132962226868,0.8412187099456787,-0.32082539796829224
9,source,52,-0.850999116897583,0.858022928237915,-0.37227535247802734
9,source,53,-0.789829432964325,0.7303024530410767,-0.38419413566589355
9,source,54,-0.9183880090713501,0.9818107485771179,-0.34971821308135986
9,source,55,-0.8787522912025452,0.9441931247711182,-0.31563639640808105
9,source,56,-0.9380906820297241,1.0021426677703857,-0.32184040546417236
9,source,57,-0.908660888671875,0.9922102689743042,-0.3539414405822754
9,source,58,-0.8511189818382263,0.9075514078140259,-0.33068031072616577
9,source,59,-0.8695152401924133,0.9541488289833069,-0.3130428194999695
9,source,60,-0.8843284249305725,0.8802825808525085,-0.29839789867401123
9,source,61,-0.8471394777297974,0.8039731979370117,-0.32630813121795654
9,source,62,-0.8919153213500977,0.8360838890075684,-0.34518224000930786
9,source,63,-0.8550400733947754,0.8322755694389343,-0.3222355842590332
9,target,0,-0.63968825340271,1.0216103792190552,-0.2507922053337097
9,target,1,-0.9161118865013123,1.5799193382263184,-0.3015516996383667
9,target,2,-0.8622335195541382,1.2676966190338135,-0.2789931297302246
9,target,3,-0.6779857873916626,0.900685727596283,-0.3407673239707947
9,target,4,-0.8155829310417175,1.131379246711731,-0.3484871983528137
9,target,5,-1.0259851217269897,1.5208055973052979,-0.23563386499881744
9,target,6,-0.9805607795715332,1.4163427352905273,-0.2855820655822754
9,target,7,-0.9191083908081055,1.2982232570648193,-0.27555733919143677
9,target,8,-0.971792459487915,1.268450140953064,-0.26586735248565674
9,target,9,-0.8615078926086426,1.272048830986023,-0.32570213079452515
9,target,10,-0.8942453861236572,1.2548725605010986,-0.29447317123413086
9,target,11,-0.9129262566566467,1.4328498840332031,-0.3004631996154785
9,target,12,-0.9243863821029663,1.2916820049285889,-0.24325640499591827
9,target,13,-0.8351424336433411,1.156529188156128,-0.3564475178718567
9,target,14,-0.888514518737793,1.1531437635421753,-0.3993818163871765
9,target,15,-0.9059675931930542,1.140425682067871,-0.3941521644592285
9,target,16,-0.8507786989212036,1.0885066986083984,-0.37802642583847046
9,target,17,-0.9530048966407776,1.4262630939483643,-0.2542918920516968
9,target,18,-0.9970962405204773,1.5203804969787598,-0.2666861414909363
9,target,19,-0.9532724618911743,1.4521608352661133,-0.2827795743942261
9,target,20,-0.983755350112915,1.4772441387176514,-0.2597889304161072
9,target,21,-0.9819635152816772,1.274568796157837,-0.2640695571899414
9,target,22,-0.93388432264328,1.5430493354797363,-0.26740849018096924
9,target,23,-0.9531625509262085,1.3922889232635498,-0.28304946422576904
9,target,24,-0.8899139761924744,1.283630132675171,-0.28009307384490967
9,target,25,-0.8498509526252747,1.2663540840148926,-0.32169604301452637
9,target,26,-0.8604587912559509,1.2828855514526367,-0.3103039860725403
9,target,27,-0.9172220826148987,1.4810054302215576,-0.37223559617996216
9,target,28,-0.7623921632766724,0.8933552503585815,-0.3705788850784302
9,target,29,-0.8670448064804077,1.199784278869629,-0.29545068740844727
9,target,30,-0.7529659271240234,0.9457182884216309,-0.2950664758682251
9,target,31,-1.1134569644927979,1.5430541038513184,-0.26311635971069336
9,target,32,-1.061514139175415,1.344584345817566,-0.2800682783126831
9,target,33,-0.820064127445221,1.1381036043167114,-0.3356670141220093
9,target,34,-0.7224330902099609,0.903826117515564,-0.3853886127471924
9,target,35,-0.8205380439758301,1.0539300441741943,-0.3120410442352295
9,target,36,-0.8639383316040039,1.1856603622436523,-0.3389509320259094
9,target,37,-0.7944496870040894,1.029723048210144,-0.3213375210762024
9,target,38,-0.8413625359535217,1.1547868251800537,-0.3019745349884033
9,target,39,-0.8398715257644653,1.1625473499298096,-0.27275317907333374
9,target,40,-0.7778224945068359,1.3372629880905151,-0.2812284231185913
9,target,41,-0.8120483756065369,1.3759876489639282,-0.20198090374469757
9,target,42,-0.9353408217430115,1.1661789417266846,-0.24061350524425507
9,target,43,-0.829911470413208,1.0202414989471436,-0.2114863246679306
9,target,44,-0.983528733253479,1.1721336841583252,-0.18152505159378052
9,target,45,-0.9130982160568237,1.1330701112747192,-0.16113732755184174
9,target,46,-0.2580336332321167,0.45094311237335205,-0.34332114458084106
9,target,47,-0.5095502138137817,0.7863250374794006,-0.31093788146972656
9,target,48,-0.5240961313247681,0.8748173117637634,-0.32574009895324707
9,target,49,-0.27577701210975647,0.460174560546875,-0.3502836227416992
9,target,50,-0.6545410752296448,1.0784430503845215,-0.26353758573532104
9,target,51,-0.8644310832023621,1.2862591743469238,-0.2878339886665344
9,target,52,-0.7748377919197083,1.158494472503662,-0.28031986951828003
9,target,53,-0.8541684150695801,1.3032231330871582,-0.3407835364341736
9,target,54,-0.8667935132980347,1.2814176082611084,-0.2659301161766052
9,target,55,-0.8700786828994751,1.2858688831329346,-0.295548677444458
9,target,56,-0.8338111639022827,1.2166824340820312,-0.32188713550567627
9,target,57,-0.7923404574394226,1.2012059688568115,-0.3386904001235962
9,target,58,-0.8718183040618896,1.30989670753479,-0.34879136085510254
9,target,59,-0.7543169260025024,1.108635425567627,-0.3119599223136902
9,target,60,-0.715650200843811,1.0992672443389893,-0.29815399646759033
9,target,61,-0.6658489108085632,1.0627028942108154,-0.3125838041305542
9,target,62,-0.6823561191558838,0.9747914671897888,-0.28509998321533203
9,target,63,-0.7496617436408997,1.0875680446624756,-0.28724944591522217
10,source,0,-0.9380336403846741,1.0505530834197998,-0.25385916233062744
10,source,1,-0.8991175293922424,0.8941103219985962,-0.25278419256210327
10,source,2,-0.8666300177574158,0.9161744713783264,-0.2667784094810486
10,source,3,-0.8465927839279175,0.9373534917831421,-0.292702317237854
10,source,4,-0.9047750234603882,0.9687994122505188,-0.28420382738113403
10,source,5,-0.9007769823074341,1.0378834009170532,-0.26581400632858276
10,source,6,-0.9699393510818481,1.0852118730545044,-0.29394251108169556
10,source,7,-0.9328379034996033,0.9986073970794678,-0.30021268129348755
10,source,8,-0.9249123334884644,0.9303609728813171,-0.2334313839673996
10,source,9,-0.9255630373954773,0.9800126552581787,-0.2378646582365036
10,source,10,-0.9232563972473145,0.9602675437927246,-0.24433188140392303
10,source,11,-0.8940610885620117,0.9990707635879517,-0.27949059009552
10,source,12,-0.9211212992668152,0.9960291981697083,-0.2758294939994812
10,source,13,-0.9481105804443359,1.035903811454773,-0.23966915905475616
10,source,14,-0.8539590835571289,0.8174037933349609,-0.213967427611351
10,source,15,-0.9272989630699158,0.8823287487030029,-0.21242018043994904
10,source,16,-0.9168239235877991,0.9334704279899597,-0.22340239584445953
10,source,17,-0.886002779006958,0.8308781981468201,-0.21326814591884613
10,source,18,-0.924461841583252,0.8756821155548096,-0.2268000990152359
10,source,19,-0.8831671476364136,0.8238061666488647,-0.24338369071483612
10,source,20,-0.8459088802337646,0.8971287608146667,-0.2081812173128128
10,source,21,-0.8461600542068481,0.7467586994171143,-0.1360573023557663
10,source,22,-0.8938365578651428,0.8416478037834167,-0.10861784219741821
10,source,23,-0.898341953754425,0.8394282460212708,-0.10939078032970428
10,source,24,-0.8814986348152161,0.8313407301902771,-0.1767236739397049
10,source,25,-0.8751928210258484,0.7632627487182617,-0.16534046828746796
10,source,26,-0.8237494826316833,0.8988080024719238,-0.209660604596138
10,source,27,-0.9340164661407471,0.8819015622138977,-0.2454160898923874
10,source,28,-0.9383530616760254,0.9148725271224976,-0.18655171990394592
10,source,29,-0.9239298105239868,0.9416064023971558,-0.2557634115219116
10,source,30,-0.9293475151062012,1.0250130891799927,-0.2535288333892822
10,source,31,-0.931916356086731,0.977897047996521,-0.23369021713733673
10,source,32,-0.9468943476676941,1.0250892639160156,-0.2653747797012329
10,source,33,-0.9149733185768127,0.9863532185554504,-0.2771628499031067
10,source,34,-0.8965532183647156,0.971065104007721,-0.2185603827238083
10,source,35,-0.903315007686615,0.9247957468032837,-0.2409309297800064
10,source,36,-0.9466627240180969,0.9627172350883484,-0.25179409980773926
10,source,37,-0.8688943386077881,0.915556788444519,-0.18097256124019623
10,source,38,-0.8613491654396057,0.7711988687515259,-0.17531655728816986
10,source,39,-0.8783736228942871,0.7861760854721069,-0.1517229676246643
10,source,40,-0.9651350975036621,1.0259037017822266,-0.22664476931095123
10,source,41,-0.9522213935852051,0.9948527812957764,-0.18724288046360016
10,source,42,-0.9318112134933472,0.9868767261505127,-0.1940009742975235
10,source,43,-0.9075995087623596,0.9759789109230042,-0.2661939263343811
10,source,44,-0.8408561944961548,0.8435091972351074,-0.16224700212478638
10,source,45,-0.8611496090888977,0.8896527290344238,-0.2806927561759949
10,source,46,-0.9340403079986572,0.9088835120201111,-0.25117719173431396
10,source,47,-0.9352270364761353,1.00961172580719,-0.23608554899692535
10,source,48,-0.8576381802558899,0.9240365624427795,-0.26187485456466675
10,source,49,-0.923937201499939,0.930628776550293,-0.23928065598011017
10,source,50,-0.8856474161148071,1.0158723592758179,-0.2915968894958496
10,source,51,-0.8702395558357239,0.8868556022644043,-0.3019946813583374
10,source,52,-0.8129708170890808,0.9015761613845825,-0.34637266397476196
10,source,53,-0.8022974729537964,0.8437260389328003,-0.35793930292129517
10,source,54,-0.8893638849258423,1.034281849861145,-0.3021954894065857
10,source,55,-0.8610175251960754,0.9941825866699219,-0.31719475984573364
10,source,56,-0.9100152850151062,1.0242118835449219,-0.30703461170196533
10,source,57,-0.8907443881034851,1.0326693058013916,-0.3249169588088989
10,source,58,-0.8230024576187134,0.9400234818458557,-0.3291551470756531
10,source,59,-0.8656504154205322,0.9912388324737549,-0.3091455101966858
10,source,60,-0.8478118777275085,0.924485981464386,-0.2361481636762619
10,source,61,-0.8411393761634827,0.8781620860099792,-0.3026490807533264
10,source,62,-0.8700441122055054,0.9009882807731628,-0.2912142872810364
10,source,63,-0.8594244718551636,0.9158567786216736,-0.2800179123878479
10,target,0,-0.7408265471458435,1.1839662790298462,-0.28852009773254395
10,target,1,-0.9404152631759644,1.6149988174438477,-0.3171952962875366
10,target,2,-0.8814117908477783,1.3549379110336304,-0.31472325325012207
10,target,3,-0.7449681162834167,1.0654640197753906,-0.34413838386535645
10,target,4,-0.8209312558174133,1.1430246829986572,-0.35092073678970337
10,target,5,-1.0978327989578247,1.588651418685913,-0.28697556257247925
10,target,6,-1.0235795974731445,1.5227363109588623,-0.280056893825531
10,target,7,-0.90333491563797,1.2730789184570312,-0.2782767415046692
10,target,8,-0.9465436339378357,1.2770335674285889,-0.28402572870254517
10,target,9,-0.8248556852340698,1.2390484809875488,-0.3201289772987366
10,target,10,-0.8900637626647949,1.2500848770141602,-0.28634458780288696
10,target,11,-0.956973671913147,1.4681251049041748,-0.30661284923553467
10,target,12,-0.9687022566795349,1.3351266384124756,-0.23878349363803864
10,target,13,-0.8822458982467651,1.1989929676055908,-0.36139726638793945
10,target,14,-0.9016833305358887,1.2083091735839844,-0.3628421425819397
10,target,15,-0.9305334687232971,1.1739407777786255,-0.36071890592575073
10,target,16,-0.8538604378700256,1.0913902521133423,-0.35884469747543335
10,target,17,-0.9336100816726685,1.318234920501709,-0.24824057519435883
10,target,18,-1.0369014739990234,1.539910078048706,-0.2678069472312927
10,target,19,-0.9333691596984863,1.4197447299957275,-0.30014169216156006
10,target,20,-0.9900085926055908,1.4922676086425781,-0.28065627813339233
10,target,21,-0.9453506469726562,1.3101588487625122,-0.26213914155960083
10,target,22,-0.9431923031806946,1.4710073471069336,-0.27971726655960083
10,target,23,-0.979148268699646,1.3732366561889648,-0.2840900421142578
10,target,24,-0.8894017934799194,1.3372955322265625,-0.28478705883026123
10,target,25,-0.8943315744400024,1.3137633800506592,-0.3167310357093811
10,target,26,-0.8453239798545837,1.323350429534912,-0.31957119703292847
10,target,27,-0.9474059343338013,1.4341464042663574,-0.36483246088027954
10,target,28,-0.7244539260864258,0.9397773742675781,-0.3687007427215576
10,target,29,-0.8988034725189209,1.257841944694519,-0.2738845944404602
10,target,30,-0.7685171961784363,0.7799465656280518,-0.3064730763435364
10,target,31,-1.050209641456604,1.47222900390625,-0.30049020051956177
10,target,32,-1.0178110599517822,1.3600239753723145,-0.3085612654685974
10,target,33,-0.8380710482597351,1.256410837173462,-0.3211253881454468
10,target,34,-0.7251449227333069,0.9893429279327393,-0.33272379636764526
10,target,35,-0.840306282043457,1.161020040512085,-0.3146106004714966
10,target,36,-0.8600382208824158,1.239673137664795,-0.3001071810722351
10,target,37,-0.7763844132423401,1.1385085582733154,-0.3017738461494446
10,target,38,-0.8096274733543396,1.163863182067871,-0.2756184935569763
10,target,39,-0.8446738719940186,1.2442630529403687,-0.25711917877197266
10,target,40,-0.8213448524475098,1.3789297342300415,-0.26433074474334717
10,target,41,-0.8921293020248413,1.4270086288452148,-0.22614450752735138
10,target,42,-0.9047133922576904,1.2122094631195068,-0.2658478021621704
10,target,43,-0.8590192198753357,1.131201982498169,-0.2373722344636917
10,target,44,-0.9683979749679565,1.2964789867401123,-0.23993055522441864
10,target,45,-0.8880095481872559,1.1742243766784668,-0.18799640238285065
10,target,46,-0.37680667638778687,0.6798105835914612,-0.3178628087043762
10,target,47,-0.5880715250968933,0.8971472978591919,-0.2958785891532898
10,target,48,-0.6784570813179016,1.1194162368774414,-0.31357914209365845
10,target,49,-0.37141385674476624,0.6858152151107788,-0.35137850046157837
10,target,50,-0.7698367238044739,1.2550805807113647,-0.3200035095214844
10,target,51,-0.9284436702728271,1.337287187576294,-0.2971850037574768
10,target,52,-0.7957625985145569,1.1734676361083984,-0.2766426205635071
10,target,53,-0.9274230003356934,1.3885443210601807,-0.3333324193954468
10,target,54,-0.918659508228302,1.2941473722457886,-0.28224122524261475
10,target,55,-0.9478929042816162,1.3335857391357422,-0.30153888463974
10,target,56,-0.9208828210830688,1.3004485368728638,-0.3116152882575989
10,target,57,-0.8756608963012695,1.3220365047454834,-0.3323729634284973
10,target,58,-0.9816242456436157,1.4287755489349365,-0.3298959732055664
10,target,59,-0.8443236351013184,1.2691651582717896,-0.30435264110565186
10,target,60,-0.8257030248641968,1.274099349975586,-0.3002331256866455
10,target,61,-0.7594758868217468,1.1746749877929688,-0.3240494132041931
10,target,62,-0.7205344438552856,1.0691266059875488,-0.29765892028808594
10,target,63,-0.8322632312774658,1.2295982837677002,-0.2924821376800537
11,source,0,-0.889372706413269,0.9021779298782349,-0.26120078563690186
11,source,1,-0.8678803443908691,0.8244069814682007,-0.2704659104347229
11,source,2,-0.8373928666114807,0.796274721622467,-0.24273733794689178
11,source,3,-0.8312311172485352,0.8192527294158936,-0.27591758966445923
11,source,4,-0.8921604156494141,0.8260658979415894,-0.2827393412590027
11,source,5,-0.8830840587615967,0.8834071755409241,-0.27936261892318726
11,source,6,-0.9370509386062622,0.930363118648529,-0.2899688482284546
11,source,7,-0.9234378337860107,0.9024173021316528,-0.3059133291244507
11,source,8,-0.878922700881958,0.8007074594497681,-0.25563955307006836
11,source,9,-0.8883700966835022,0.852918803691864,-0.24726532399654388
11,source,10,-0.9158716201782227,0.8336076736450195,-0.22945202887058258
11,source,11,-0.8512580394744873,0.852863073348999,-0.260348916053772
11,source,12,-0.9049423933029175,0.8660924434661865,-0.2586721181869507
11,source,13,-0.896696150302887,0.8937278985977173,-0.22055365145206451
11,source,14,-0.8282651305198669,0.7510271072387695,-0.21888642013072968
11,source,15,-0.9091836214065552,0.7529165744781494,-0.22357876598834991
11,source,16,-0.8664777278900146,0.7814763784408569,-0.2316950112581253
11,source,17,-0.8481559157371521,0.7179795503616333,-0.21647466719150543
11,source,18,-0.8851960301399231,0.7758322954177856,-0.2225135713815689
11,source,19,-0.847161591053009,0.7153518795967102,-0.23969797790050507
11,source,20,-0.828080415725708,0.8433173894882202,-0.18933944404125214
11,source,21,-0.8074997663497925,0.6828800439834595,-0.14685533940792084
11,source,22,-0.8229051232337952,0.736454963684082,-0.1280057430267334
11,source,23,-0.829645037651062,0.7359014749526978,-0.1438482254743576
11,source,24,-0.8319545388221741,0.6941883563995361,-0.1805196851491928
11,source,25,-0.8386022448539734,0.6697187423706055,-0.2053133100271225
11,source,26,-0.7935198545455933,0.8000603914260864,-0.22908268868923187
11,source,27,-0.9001518487930298,0.7825417518615723,-0.2692524194717407
11,source,28,-0.9127084016799927,0.8125654458999634,-0.19657357037067413
11,source,29,-0.9088864326477051,0.8641338348388672,-0.2505829334259033
11,source,30,-0.874926745891571,0.857155442237854,-0.23840852081775665
11,source,31,-0.890885055065155,0.8477823138237,-0.22312279045581818
11,source,32,-0.9067848324775696,0.8773402571678162,-0.25088828802108765
11,source,33,-0.894641637802124,0.8862707614898682,-0.2846887707710266
11,source,34,-0.837550938129425,0.817754328250885,-0.23002581298351288
11,source,35,-0.8617274761199951,0.7916639447212219,-0.23804573714733124
11,source,36,-0.916846513748169,0.8735339045524597,-0.2581866979598999
11,source,37,-0.8324812650680542,0.792460560798645,-0.1975484937429428
11,source,38,-0.8275612592697144,0.6774123311042786,-0.20478342473506927
11,source,39,-0.8247804641723633,0.6800825595855713,-0.1716044694185257
11,source,40,-0.9567817449569702,0.8723421692848206,-0.24560783803462982
11,source,41,-0.930107593536377,0.8696112632751465,-0.2028183788061142
11,source,42,-0.9081697463989258,0.8763468861579895,-0.20974035561084747
11,source,43,-0.9096275568008423,0.8972455263137817,-0.27028024196624756
11,source,44,-0.8263013958930969,0.7673795223236084,-0.15686695277690887
11,source,45,-0.8354048728942871,0.774039626121521,-0.24800021946430206
11,source,46,-0.8859924674034119,0.7935013175010681,-0.2602313756942749
11,source,47,-0.9024657011032104,0.8740518093109131,-0.2290997952222824
11,source,48,-0.8279233574867249,0.7824863195419312,-0.2425086945295334
11,source,49,-0.899789035320282,0.8022028207778931,-0.25625425577163696
11,source,50,-0.8604557514190674,0.8295630216598511,-0.30698561668395996
11,source,51,-0.8682922720909119,0.8110415935516357,-0.31467509269714355
11,source,52,-0.8551353812217712,0.8192930221557617,-0.3560295104980469
11,source,53,-0.8025538921356201,0.7165542840957642,-0.36062073707580566
11,source,54,-0.9123514294624329,0.9423895478248596,-0.33069097995758057
11,source,55,-0.8596486449241638,0.906628429889679,-0.32112598419189453
11,source,56,-0.9069117307662964,0.9320592284202576,-0.32979005575180054
11,source,57,-0.9012775421142578,0.9563997983932495,-0.3551716208457947
11,source,58,-0.8439753651618958,0.871630072593689,-0.34498512744903564
11,source,59,-0.8714432716369629,0.9273257255554199,-0.3197563886642456
11,source,60,-0.9000387787818909,0.8726222515106201,-0.2811826467514038
11,source,61,-0.8380454778671265,0.7803155183792114,-0.3346487283706665
11,source,62,-0.8775862455368042,0.8127283453941345,-0.31978780031204224
11,source,63,-0.8530451655387878,0.8140685558319092,-0.293331503868103
11,target,0,-0.6769765615463257,1.0190340280532837,-0.32999151945114136
11,target,1,-0.8694018125534058,1.4138011932373047,-0.3242555260658264
11,target,2,-0.8325765132904053,1.183159351348877,-0.30323028564453125
11,target,3,-0.7220069766044617,0.9080573916435242,-0.3547095060348511
11,target,4,-0.8332614898681641,1.0765461921691895,-0.33369147777557373
11,target,5,-1.0557467937469482,1.421335220336914,-0.29063618183135986
11,target,6,-1.003566026687622,1.4020075798034668,-0.2771354913711548
11,target,7,-0.8902497291564941,1.1933176517486572,-0.3041772246360779
11,target,8,-0.9045929908752441,1.147853136062622,-0.2817743420600891
11,target,9,-0.8400288820266724,1.1370636224746704,-0.33641886711120605
11,target,10,-0.8555103540420532,1.1242005825042725,-0.3149198889732361
11,target,11,-0.91431725025177,1.3102738857269287,-0.3239549398422241
11,target,12,-0.9029467701911926,1.1860227584838867,-0.25822556018829346
11,target,13,-0.8535498380661011,1.136537790298462,-0.34864920377731323
11,target,14,-0.9203797578811646,1.1441552639007568,-0.3796573281288147
11,target,15,-0.9355257153511047,1.1668989658355713,-0.36318016052246094
11,target,16,-0.8445831537246704,1.0232195854187012,-0.36940038204193115
11,target,17,-0.9308383464813232,1.2677154541015625,-0.2599087357521057
11,target,18,-0.9716872572898865,1.3673968315124512,-0.2734687328338623
11,target,19,-0.878718376159668,1.245506763458252,-0.31122028827667236
11,target,20,-0.9681912660598755,1.3653347492218018,-0.2916858196258545
11,target,21,-0.9522684216499329,1.209367036819458,-0.2628767490386963
11,target,22,-0.918812096118927,1.3748149871826172,-0.3048640489578247
11,target,23,-0.901437520980835,1.2385237216949463,-0.2997262477874756
11,target,24,-0.8501867055892944,1.1900379657745361,-0.29077571630477905
11,target,25,-0.8299096822738647,1.1256446838378906,-0.31692826747894287
11,target,26,-0.8488039374351501,1.1847788095474243,-0.3186476230621338
11,target,27,-0.9091448187828064,1.323697805404663,-0.3472757935523987
11,target,28,-0.7402346730232239,0.8185991048812866,-0.34607744216918945
11,target,29,-0.8741716146469116,1.1408522129058838,-0.3116620182991028
11,target,30,-0.7813365459442139,0.8750296831130981,-0.3177066445350647
11,target,31,-0.9823209643363953,1.3140851259231567,-0.2954878807067871
11,target,32,-0.9645593166351318,1.1827077865600586,-0.32162219285964966
11,target,33,-0.8158531785011292,1.0964646339416504,-0.32758837938308716
11,target,34,-0.7402916550636292,0.9089343547821045,-0.3491102457046509
11,target,35,-0.8672891855239868,1.05332612991333,-0.3471083641052246
11,target,36,-0.8634886145591736,1.1548726558685303,-0.3151734471321106
11,target,37,-0.777778148651123,1.0183219909667969,-0.3219250440597534
11,target,38,-0.8381537199020386,1.1016923189163208,-0.29379385709762573
11,target,39,-0.8250461220741272,1.0983835458755493,-0.28698092699050903
11,target,40,-0.7842389345169067,1.232959508895874,-0.2996254563331604
11,target,41,-0.7954212427139282,1.2506221532821655,-0.2619847059249878
11,target,42,-0.8657299280166626,1.077416181564331,-0.25395750999450684
11,target,43,-0.7950714826583862,0.9489900469779968,-0.22894273698329926
11,target,44,-0.9458655714988708,1.1246254444122314,-0.20790301263332367
11,target,45,-0.8436868190765381,1.043322205543518,-0.18471269309520721
11,target,46,-0.4179181754589081,0.5949589014053345,-0.3876739740371704
11,target,47,-0.586743175983429,0.8039429187774658,-0.35979920625686646
11,target,48,-0.639003574848175,0.9714319109916687,-0.36231207847595215
11,target,49,-0.4529069662094116,0.6285911202430725,-0.39375168085098267
11,target,50,-0.7216199040412903,1.053689956665039,-0.3522602319717407
11,target,51,-0.8670371770858765,1.2089309692382812,-0.32912707328796387
11,target,52,-0.7920995354652405,1.087721824645996,-0.32830095291137695
11,target,53,-0.8490771055221558,1.2250258922576904,-0.3673524856567383
11,target,54,-0.8641073703765869,1.1966593265533447,-0.31196779012680054
11,target,55,-0.8712579607963562,1.1735563278198242,-0.3446319103240967
11,target,56,-0.7897515296936035,1.098387360572815,-0.3604087233543396
11,target,57,-0.7938673496246338,1.1183550357818604,-0.3742375373840332
11,target,58,-0.8778706192970276,1.2201793193817139,-0.3627840280532837
11,target,59,-0.7687835693359375,1.086195945739746,-0.35140860080718994
11,target,60,-0.7617942094802856,1.1005855798721313,-0.34847521781921387
11,target,61,-0.7209933400154114,1.0487585067749023,-0.35268765687942505
11,target,62,-0.6909226775169373,0.9293372631072998,-0.3330080509185791
11,target,63,-0.7602855563163757,1.029170274734497,-0.33871740102767944
12,source,0,-0.9177015423774719,0.9706438183784485,-0.3343973755836487
12,source,1,-0.8835326433181763,0.8565866351127625,-0.3420282006263733
12,source,2,-0.8836160898208618,0.9450364112854004,-0.31307679414749146
12,source,3,-0.8511723279953003,0.9480130076408386,-0.33697015047073364
12,source,4,-0.898202657699585,0.9174375534057617,-0.33236879110336304
12,source,5,-0.8984107971191406,0.9823575019836426,-0.33267682790756226
12,source,6,-0.9543904066085815,1.037644624710083,-0.33334553241729736
12,source,7,-0.9253301620483398,0.9614331126213074,-0.34130698442459106
12,source,8,-0.9008788466453552,0.929390549659729,-0.3311859369277954
12,source,9,-0.9180208444595337,0.9745070338249207,-0.30872106552124023
12,source,10,-0.8849010467529297,0.9231204986572266,-0.3122016191482544
12,source,11,-0.8865548372268677,0.9898017048835754,-0.32719993591308594
12,source,12,-0.9197819232940674,0.9910416007041931,-0.33537256717681885
12,source,13,-0.9191595911979675,1.0351135730743408,-0.30534303188323975
12,source,14,-0.8482328653335571,0.8624908924102783,-0.3104971647262573
12,source,15,-0.8966793417930603,0.8444762825965881,-0.30259251594543457
12,source,16,-0.8800382018089294,0.9115544557571411,-0.3109830617904663
12,source,17,-0.8699195981025696,0.876505970954895,-0.3115452527999878
12,source,18,-0.8959721326828003,0.9033312797546387,-0.31050312519073486
12,source,19,-0.8564162254333496,0.8217766284942627,-0.3276039958000183
12,source,20,-0.8792902231216431,0.9874222278594971,-0.29136568307876587
12,source,21,-0.8528538942337036,0.7928404808044434,-0.25707942247390747
12,source,22,-0.8748812675476074,0.9210302233695984,-0.25331658124923706
12,source,23,-0.8587155342102051,0.8661742210388184,-0.2672693133354187
12,source,24,-0.8860543370246887,0.8600594997406006,-0.27827519178390503
12,source,25,-0.8619304299354553,0.7632365226745605,-0.29255908727645874
12,source,26,-0.835809588432312,0.9033194780349731,-0.30734795331954956
12,source,27,-0.9000037908554077,0.8320568799972534,-0.31948959827423096
12,source,28,-0.9262310266494751,0.9058232307434082,-0.2869316339492798
12,source,29,-0.880704402923584,0.9010290503501892,-0.3178565502166748
12,source,30,-0.9042688608169556,0.9947482943534851,-0.3150174617767334
12,source,31,-0.8940684199333191,0.9724211096763611,-0.31103575229644775
12,source,32,-0.9291478395462036,0.9900226593017578,-0.3132057189941406
12,source,33,-0.9002569913864136,0.9338973164558411,-0.3513110876083374
12,source,34,-0.8821216821670532,0.9427676796913147,-0.31320691108703613
12,source,35,-0.8936337232589722,0.9006780385971069,-0.32666337490081787
12,source,36,-0.9108099341392517,0.9308082461357117,-0.3192393183708191
12,source,37,-0.8641444444656372,0.89506995677948,-0.29312628507614136
12,source,38,-0.8713560700416565,0.8436276912689209,-0.2956312894821167
12,source,39,-0.853783130645752,0.82584547996521,-0.2800356149673462
12,source,40,-0.9790430068969727,0.9505117535591125,-0.30060434341430664
12,source,41,-0.9615389704704285,1.0212693214416504,-0.29186493158340454
12,source,42,-0.9539461731910706,1.006274700164795,-0.29578620195388794
12,source,43,-0.9456980228424072,0.9808022379875183,-0.33618420362472534
12,source,44,-0.8567631244659424,0.935815155506134,-0.2703227996826172
12,source,45,-0.8450647592544556,0.889011800289154,-0.33327192068099976
12,source,46,-0.8834688663482666,0.8814448118209839,-0.3289310932159424
12,source,47,-0.9144364595413208,0.9691932797431946,-0.3156912922859192
12,source,48,-0.8492846488952637,0.9400554299354553,-0.3176458477973938
12,source,49,-0.8837484121322632,0.8700025081634521,-0.3185952305793762
12,source,50,-0.8342408537864685,0.894282341003418,-0.3641355037689209
12,source,51,-0.8693776726722717,0.890859842300415,-0.35960298776626587
12,source,52,-0.8485569357872009,0.9122270941734314,-0.41053497791290283
12,source,53,-0.8163344264030457,0.8664097189903259,-0.4106518030166626
12,source,54,-0.8726752996444702,0.926555335521698,-0.39560574293136597
12,source,55,-0.8597013354301453,0.9301617741584778,-0.3836252689361572
12,source,56,-0.914726197719574,1.0020945072174072,-0.37948155403137207
12,source,57,-0.9017980098724365,1.0116150379180908,-0.3801550269126892
12,source,58,-0.8513442277908325,0.9387683868408203,-0.3993855118751526
12,source,59,-0.8790290355682373,1.0077605247497559,-0.3760955333709717
12,source,60,-0.8853110671043396,0.9055436253547668,-0.36076027154922485
12,source,61,-0.8466300368309021,0.8871294856071472,-0.37841880321502686
12,source,62,-0.8688270449638367,0.9069014191627502,-0.3698120713233948
12,source,63,-0.861609160900116,0.9473896622657776,-0.3475065231323242
12,target,0,-0.7375996112823486,1.0095455646514893,-0.3778313994407654
12,target,1,-0.8722473382949829,1.2900038957595825,-0.3821726441383362
12,target,2,-0.8866420984268188,1.1136776208877563,-0.3699032664299011
12,target,3,-0.7736820578575134,0.9482004046440125,-0.39467835426330566
12,target,4,-0.8599722981452942,1.0697505474090576,-0.3895150423049927
12,target,5,-0.9207834005355835,1.2267160415649414,-0.3510236144065857
12,target,6,-0.9690827131271362,1.2905653715133667,-0.3501439690589905
12,target,7,-0.8620203733444214,1.1255602836608887,-0.39530515670776367
12,target,8,-0.8812687993049622,1.1183547973632812,-0.3725523352622986
12,target,9,-0.8366706371307373,1.1048073768615723,-0.4104187488555908
12,target,10,-0.8649968504905701,1.1427688598632812,-0.39615434408187866
12,target,11,-0.8534309267997742,1.1978874206542969,-0.3897808790206909
12,target,12,-0.8743971586227417,1.1734542846679688,-0.36865854263305664
12,target,13,-0.8086670637130737,0.9864622950553894,-0.4087027311325073
12,target,14,-0.8374715447425842,0.9707812070846558,-0.4213792681694031
12,target,15,-0.8873834013938904,1.0072276592254639,-0.4007139801979065
12,target,16,-0.8768282532691956,1.0139846801757812,-0.3944268822669983
12,target,17,-0.9016571640968323,1.1878784894943237,-0.3488495349884033
12,target,18,-0.9222110509872437,1.2854737043380737,-0.3548990488052368
12,target,19,-0.9189885854721069,1.282923698425293,-0.3569279909133911
12,target,20,-0.9019128680229187,1.2556133270263672,-0.3560737371444702
12,target,21,-0.9326568245887756,1.1828583478927612,-0.34144288301467896
12,target,22,-0.8448485136032104,1.257102370262146,-0.34784096479415894
12,target,23,-0.8808237314224243,1.1578714847564697,-0.37525153160095215
12,target,24,-0.8651026487350464,1.1541686058044434,-0.37434160709381104
12,target,25,-0.8531064987182617,1.0580940246582031,-0.37532782554626465
12,target,26,-0.9037327766418457,1.195519208908081,-0.3792288899421692
12,target,27,-0.912265419960022,1.2424452304840088,-0.40337663888931274
12,target,28,-0.8259443640708923,0.9112012386322021,-0.38851529359817505
12,target,29,-0.8490444421768188,1.0441497564315796,-0.38051432371139526
12,target,30,-0.8423336744308472,0.8471850156784058,-0.3712615370750427
12,target,31,-0.999899685382843,1.3236991167068481,-0.3603387475013733
12,target,32,-0.9616227149963379,1.215990662574768,-0.3789561986923218
12,target,33,-0.8865971565246582,1.0408010482788086,-0.4315168261528015
12,target,34,-0.8162485957145691,0.9262519478797913,-0.40743374824523926
12,target,35,-0.861257791519165,1.0220811367034912,-0.4192006587982178
12,target,36,-0.9142172336578369,1.1667686700820923,-0.39345353841781616
12,target,37,-0.8380667567253113,1.0371840000152588,-0.38925421237945557
12,target,38,-0.8502809405326843,1.0339454412460327,-0.39226800203323364
12,target,39,-0.8427935242652893,1.0591304302215576,-0.37621188163757324
12,target,40,-0.8234685063362122,1.2077467441558838,-0.3668360710144043
12,target,41,-0.8087784051895142,1.2071340084075928,-0.3354452848434448
12,target,42,-0.8982564210891724,1.1166164875030518,-0.3372640013694763
12,target,43,-0.8391638398170471,1.0561678409576416,-0.33464205265045166
12,target,44,-0.9340221881866455,1.1988788843154907,-0.326926052570343
12,target,45,-0.8831206560134888,1.1395678520202637,-0.30269747972488403
12,target,46,-0.5040963888168335,0.5897190570831299,-0.4429675340652466
12,target,47,-0.648297131061554,0.8086265325546265,-0.4122196435928345
12,target,48,-0.676645815372467,0.895930290222168,-0.4276878833770752
12,target,49,-0.4873918294906616,0.5879538059234619,-0.45075690746307373
12,target,50,-0.7246323823928833,0.9293987154960632,-0.4095330834388733
12,target,51,-0.872438371181488,1.1107525825500488,-0.3783765435218811
12,target,52,-0.8056610226631165,1.003840446472168,-0.3828155994415283
12,target,53,-0.8290438652038574,1.0778717994689941,-0.42650389671325684
12,target,54,-0.8513357639312744,1.0910654067993164,-0.38161683082580566
12,target,55,-0.8501412868499756,1.0937529802322388,-0.4084663391113281
12,target,56,-0.819589376449585,1.0645103454589844,-0.4295453429222107
12,target,57,-0.8080044388771057,1.0424443483352661,-0.432389497756958
12,target,58,-0.847865879535675,1.1169443130493164,-0.4343618154525757
12,target,59,-0.7814810872077942,1.0147159099578857,-0.4134184718132019
12,target,60,-0.7860603332519531,1.0151574611663818,-0.4155004024505615
12,target,61,-0.7455416917800903,0.9397681355476379,-0.41544419527053833
12,target,62,-0.7526578307151794,0.8656485080718994,-0.4242112636566162
12,target,63,-0.7959860563278198,0.9993842244148254,-0.4069565534591675
13,source,0,-0.8713261485099792,0.9647634029388428,-0.307500422000885
13,source,1,-0.8327003121376038,0.912030041217804,-0.3219042420387268
13,source,2,-0.8267405033111572,0.9275622367858887,-0.3244662880897522
13,source,3,-0.8046373128890991,0.9384534955024719,-0.32894980907440186
13,source,4,-0.83948814868927,0.9465452432632446,-0.3239819407463074
13,source,5,-0.8411675095558167,0.9947318434715271,-0.321200966835022
13,source,6,-0.8867570757865906,1.0187814235687256,-0.3243781328201294
13,source,7,-0.8643668293952942,0.9793604612350464,-0.3312312364578247
13,source,8,-0.8367345929145813,0.91893470287323,-0.3145363926887512
13,source,9,-0.8652605414390564,0.9817454218864441,-0.3087214231491089
13,source,10,-0.8519945740699768,0.9296315908432007,-0.3112121820449829
13,source,11,-0.8373547792434692,0.9661471247673035,-0.33177655935287476
13,source,12,-0.8785604238510132,0.9734084010124207,-0.3192597031593323
13,source,13,-0.8720638751983643,1.0105721950531006,-0.3055216073989868
13,source,14,-0.8257640600204468,0.883857011795044,-0.29412025213241577
13,source,15,-0.8547433614730835,0.9263112545013428,-0.2880098819732666
13,source,16,-0.8657336235046387,0.9688718914985657,-0.29744279384613037
13,source,17,-0.8489980101585388,0.9282588362693787,-0.3023870587348938
13,source,18,-0.864443838596344,0.933181643486023,-0.29794079065322876
13,source,19,-0.8266600370407104,0.8894643783569336,-0.31077080965042114
13,source,20,-0.8146112561225891,0.9471647143363953,-0.2964978814125061
13,source,21,-0.8074172139167786,0.8727681636810303,-0.2692159414291382
13,source,22,-0.826331615447998,0.9095457792282104,-0.246956929564476
13,source,23,-0.8313844799995422,0.9125383496284485,-0.25637221336364746
13,source,24,-0.8192103505134583,0.8813744187355042,-0.2862863540649414
13,source,25,-0.8216760158538818,0.843794584274292,-0.28215891122817993
13,source,26,-0.784757673740387,0.9114653468132019,-0.2965509295463562
13,source,27,-0.8524191379547119,0.8680536150932312,-0.31032657623291016
13,source,28,-0.867827296257019,0.9364880323410034,-0.29827988147735596
13,source,29,-0.8597817420959473,0.9572317600250244,-0.32292765378952026
13,source,30,-0.8627789616584778,1.000268578529358,-0.3090106248855591
13,source,31,-0.8661995530128479,0.9792271852493286,-0.3016059994697571
13,source,32,-0.8797551989555359,0.9990137219429016,-0.3091302514076233
13,source,33,-0.8541855812072754,0.9643850922584534,-0.33025991916656494
13,source,34,-0.832755446434021,0.9591392278671265,-0.3032442331314087
13,source,35,-0.8359401822090149,0.9322437644004822,-0.32026493549346924
13,source,36,-0.8731902837753296,0.9375099539756775,-0.31088894605636597
13,source,37,-0.8107631802558899,0.9174423813819885,-0.28405433893203735
13,source,38,-0.8198207020759583,0.8543801307678223,-0.2832105755805969
13,source,39,-0.8158998489379883,0.8686800003051758,-0.27824318408966064
13,source,40,-0.9039497375488281,0.9732894897460938,-0.2932896614074707
13,source,41,-0.8905130624771118,0.9939746856689453,-0.28299659490585327
13,source,42,-0.8846543431282043,0.9916709661483765,-0.29046040773391724
13,source,43,-0.8753001689910889,0.9858686923980713,-0.3261694312095642
13,source,44,-0.7943927049636841,0.9109793305397034,-0.27002835273742676
13,source,45,-0.8179271817207336,0.8997660279273987,-0.3180052638053894
13,source,46,-0.8583316802978516,0.9264535307884216,-0.32088881731033325
13,source,47,-0.8742354512214661,0.9794842600822449,-0.3090117573738098
13,source,48,-0.8089686632156372,0.9222211837768555,-0.31330668926239014
13,source,49,-0.8448445200920105,0.910502552986145,-0.3067103624343872
13,source,50,-0.8086495995521545,0.9545221924781799,-0.3426837921142578
13,source,51,-0.8189517259597778,0.9288865327835083,-0.35666823387145996
13,source,52,-0.7937031388282776,0.9378560185432434,-0.3905225992202759
13,source,53,-0.757832407951355,0.8633571863174438,-0.39906883239746094
13,source,54,-0.808338463306427,0.9684211015701294,-0.36801373958587646
13,source,55,-0.777237057685852,0.950950562953949,-0.3546711206436157
13,source,56,-0.8380589485168457,1.006394624710083,-0.344828724861145
13,source,57,-0.8184840679168701,1.0036470890045166,-0.3576536774635315
13,source,58,-0.7746398448944092,0.9519601464271545,-0.3716188669204712
13,source,59,-0.796158492565155,0.9914368987083435,-0.34924018383026123
13,source,60,-0.7990373373031616,0.9190873503684998,-0.3433774709701538
13,source,61,-0.7979199886322021,0.9139750003814697,-0.37080782651901245
13,source,62,-0.8239797353744507,0.9413927793502808,-0.3600946068763733
13,source,63,-0.8057277798652649,0.9466052055358887,-0.3508262038230896
13,target,0,-0.6778478026390076,1.0018033981323242,-0.3356402516365051
13,target,1,-0.8212658762931824,1.2552224397659302,-0.3434029221534729
13,target,2,-0.8416181206703186,1.1295554637908936,-0.3352431654930115
13,target,3,-0.7228025794029236,0.9329958558082581,-0.35922771692276
13,target,4,-0.8055633306503296,1.0530208349227905,-0.37562406063079834
13,target,5,-0.931074857711792,1.3376514911651611,-0.32000476121902466
13,target,6,-0.9093270301818848,1.2808148860931396,-0.3375256061553955
13,target,7,-0.807907223701477,1.1328824758529663,-0.36105918884277344
13,target,8,-0.8165289759635925,1.1084938049316406,-0.3480414152145386
13,target,9,-0.7911456227302551,1.1151585578918457,-0.3709871172904968
13,target,10,-0.8172905445098877,1.1277563571929932,-0.34771448373794556
13,target,11,-0.8504692316055298,1.220186471939087,-0.36017245054244995
13,target,12,-0.8503525853157043,1.1677091121673584,-0.3259073495864868
13,target,13,-0.8219571113586426,1.068389654159546,-0.35847705602645874
13,target,14,-0.8470296859741211,1.1133652925491333,-0.37507563829421997
13,target,15,-0.881753146648407,1.1140592098236084,-0.35838502645492554
13,target,16,-0.8571711778640747,1.0957229137420654,-0.359657347202301
13,target,17,-0.858869731426239,1.1991240978240967,-0.32219308614730835
13,target,18,-0.8678672313690186,1.2633154392242432,-0.3278736472129822
13,target,19,-0.8330432176589966,1.2314577102661133,-0.3452227711677551
13,target,20,-0.8683586120605469,1.2537519931793213,-0.3347276449203491
13,target,21,-0.8529716730117798,1.1375410556793213,-0.3237093687057495
13,target,22,-0.832403302192688,1.2625164985656738,-0.33175456523895264
13,target,23,-0.8479225635528564,1.174976110458374,-0.34223735332489014
13,target,24,-0.8197826743125916,1.1488399505615234,-0.3377869725227356
13,target,25,-0.8192710280418396,1.0658135414123535,-0.34738975763320923
13,target,26,-0.8313955068588257,1.1589655876159668,-0.35842347145080566
13,target,27,-0.9097307920455933,1.2775646448135376,-0.35857492685317993
13,target,28,-0.8216485381126404,0.9667587876319885,-0.3788662552833557
13,target,29,-0.8114830255508423,1.07781183719635,-0.33642297983169556
13,target,30,-0.83290696144104,0.910139262676239,-0.33212071657180786
13,target,31,-0.9071067571640015,1.2163865566253662,-0.3453484773635864
13,target,32,-0.9073377251625061,1.185315728187561,-0.3433297872543335
13,target,33,-0.7921139597892761,1.0247681140899658,-0.3645824193954468
13,target,34,-0.7426009774208069,0.9357045292854309,-0.3768910765647888
13,target,35,-0.8035668730735779,1.026124358177185,-0.3908156156539917
13,target,36,-0.8195087909698486,1.083577036857605,-0.36569273471832275
13,target,37,-0.7717763185501099,1.0075764656066895,-0.3721262216567993
13,target,38,-0.7780855298042297,1.0162901878356934,-0.3636680841445923
13,target,39,-0.7897750735282898,1.057194471359253,-0.339927077293396
13,target,40,-0.7680022120475769,1.1731003522872925,-0.3425695300102234
13,target,41,-0.7909839153289795,1.2222344875335693,-0.2998650074005127
13,target,42,-0.830843448638916,1.0791131258010864,-0.3219524025917053
13,target,43,-0.785917341709137,1.0101890563964844,-0.31479012966156006
13,target,44,-0.8804494738578796,1.130247712135315,-0.29940468072891235
13,target,45,-0.8223496675491333,1.0884830951690674,-0.28502893447875977
13,target,46,-0.5128611922264099,0.762733519077301,-0.378825306892395
13,target,47,-0.633898138999939,0.8967819809913635,-0.3501219153404236
13,target,48,-0.6329845190048218,0.9494414925575256,-0.3610531687736511
13,target,49,-0.4823523163795471,0.7003048658370972,-0.388685405254364
13,target,50,-0.7318451404571533,1.0536832809448242,-0.34928035736083984
13,target,51,-0.8118196129798889,1.0966277122497559,-0.33171653747558594
13,target,52,-0.7783219218254089,1.081099510192871,-0.33767765760421753
13,target,53,-0.7966083884239197,1.1178350448608398,-0.36853593587875366
13,target,54,-0.7984504699707031,1.0756036043167114,-0.33618175983428955
13,target,55,-0.8181262016296387,1.1220602989196777,-0.35070139169692993
13,target,56,-0.777445375919342,1.0955908298492432,-0.3666028380393982
13,target,57,-0.772301197052002,1.089085340499878,-0.37216150760650635
13,target,58,-0.8182451128959656,1.1673123836517334,-0.37971746921539307
13,target,59,-0.7503341436386108,1.0707392692565918,-0.3613775372505188
13,target,60,-0.7428085803985596,1.0377904176712036,-0.35176873207092285
13,target,61,-0.7134515643119812,0.992512583732605,-0.357410192489624
13,target,62,-0.7216829061508179,0.9293490648269653,-0.3548356890678406
13,target,63,-0.7640213370323181,1.0481884479522705,-0.3508721590042114
14,source,0,-0.9008145332336426,0.9520939588546753,-0.3315054774284363
14,source,1,-0.8814337253570557,0.8955279588699341,-0.3394973874092102
14,source,2,-0.8438242673873901,0.9062970280647278,-0.347210168838501
14,source,3,-0.8240471482276917,0.9071238040924072,-0.36229145526885986
14,source,4,-0.8754982352256775,0.9208874106407166,-0.34479933977127075
14,source,5,-0.8589736819267273,0.9399306774139404,-0.34046119451522827
14,source,6,-0.9100552201271057,0.9818384647369385,-0.34175950288772583
14,source,7,-0.8956469893455505,0.9314076900482178,-0.3425716757774353
14,source,8,-0.8660699725151062,0.8966152667999268,-0.3328557014465332
14,source,9,-0.8910623788833618,0.9501246809959412,-0.3257841467857361
14,source,10,-0.8705161213874817,0.9261872172355652,-0.33630096912384033
14,source,11,-0.8458551168441772,0.9339969754219055,-0.3532153367996216
14,source,12,-0.8908385634422302,0.9618318676948547,-0.3535492420196533
14,source,13,-0.8746814727783203,0.972614049911499,-0.3358907699584961
14,source,14,-0.8584520816802979,0.8862835168838501,-0.3229033350944519
14,source,15,-0.8788488507270813,0.8674752116203308,-0.31213682889938354
14,source,16,-0.8621901273727417,0.8870029449462891,-0.3225436210632324
14,source,17,-0.8589537143707275,0.86576908826828,-0.32350820302963257
14,source,18,-0.8865417242050171,0.8957517147064209,-0.3210596442222595
14,source,19,-0.8566299676895142,0.848736584186554,-0.3469489812850952
14,source,20,-0.8127009868621826,0.894970178604126,-0.32493388652801514
14,source,21,-0.834803581237793,0.8360838890075684,-0.3027344346046448
14,source,22,-0.8397284150123596,0.8879133462905884,-0.279633104801178
14,source,23,-0.8440982699394226,0.8757396936416626,-0.2803850769996643
14,source,24,-0.8502647280693054,0.8581184148788452,-0.3007311224937439
14,source,25,-0.8604485988616943,0.8307212591171265,-0.2978971004486084
14,source,26,-0.8191232681274414,0.893972635269165,-0.3249369263648987
14,source,27,-0.9021727442741394,0.9002350568771362,-0.33531826734542847
14,source,28,-0.9038037061691284,0.9201865196228027,-0.3150184750556946
14,source,29,-0.8713076114654541,0.9046270251274109,-0.34731876850128174
14,source,30,-0.8724524974822998,0.9502356648445129,-0.33782052993774414
14,source,31,-0.8752799034118652,0.9221879243850708,-0.32404792308807373
14,source,32,-0.8807789087295532,0.9427244663238525,-0.34131282567977905
14,source,33,-0.8744962215423584,0.9208258986473083,-0.3592822551727295
14,source,34,-0.8718276619911194,0.9348693490028381,-0.3122151494026184
14,source,35,-0.8783264756202698,0.9110458493232727,-0.3355345129966736
14,source,36,-0.9150995016098022,0.9485763311386108,-0.3287026882171631
14,source,37,-0.8526853322982788,0.9111567139625549,-0.30675357580184937
14,source,38,-0.8505449295043945,0.8540025949478149,-0.30309081077575684
14,source,39,-0.8397298455238342,0.843367338180542,-0.29069334268569946
14,source,40,-0.9143837690353394,0.9126837253570557,-0.30898094177246094
14,source,41,-0.9007236957550049,0.949561595916748,-0.30139970779418945
14,source,42,-0.8839300870895386,0.9267842769622803,-0.30628901720046997
14,source,43,-0.8881831169128418,0.92112797498703,-0.34734004735946655
14,source,44,-0.8115178942680359,0.878211259841919,-0.3015563488006592
14,source,45,-0.8089938759803772,0.8741647601127625,-0.3573651909828186
14,source,46,-0.8789805769920349,0.8887885808944702,-0.3472442626953125
14,source,47,-0.8894352912902832,0.9556058645248413,-0.3351566791534424
14,source,48,-0.8142029643058777,0.8869554400444031,-0.3415023684501648
14,source,49,-0.8740582466125488,0.8747435808181763,-0.31990349292755127
14,source,50,-0.8612655401229858,0.9320958852767944,-0.36347872018814087
14,source,51,-0.8670282959938049,0.896886944770813,-0.3767610788345337
14,source,52,-0.8375282883644104,0.8901467323303223,-0.41389143466949463
14,source,53,-0.8179036378860474,0.8711333274841309,-0.4234704375267029
14,source,54,-0.8696046471595764,0.9451485276222229,-0.3954780101776123
14,source,55,-0.8466566205024719,0.9337254762649536,-0.3773430585861206
14,source,56,-0.8805932998657227,0.9677150845527649,-0.36734825372695923
14,source,57,-0.8677601218223572,0.9582378268241882,-0.3788374662399292
14,source,58,-0.8377015590667725,0.917823851108551,-0.388211727142334
14,source,59,-0.8509306907653809,0.9451408982276917,-0.36844730377197266
14,source,60,-0.8533390760421753,0.906436026096344,-0.363312304019928
14,source,61,-0.8418238162994385,0.8885295391082764,-0.3926617503166199
14,source,62,-0.8573257327079773,0.890548050403595,-0.39649486541748047
14,source,63,-0.8418813943862915,0.8932290077209473,-0.3819049000740051
14,target,0,-0.7570792436599731,1.0103596448898315,-0.3559994697570801
14,target,1,-0.8750548362731934,1.1995598077774048,-0.3566051721572876
14,target,2,-0.845395028591156,1.046008825302124,-0.34711068868637085
14,target,3,-0.8068088889122009,0.9843639135360718,-0.3765276074409485
14,target,4,-0.8439218997955322,1.0124558210372925,-0.3822247385978699
14,target,5,-0.9635152816772461,1.2629475593566895,-0.3392072319984436
14,target,6,-0.9506099224090576,1.1933321952819824,-0.3491649031639099
14,target,7,-0.8842341303825378,1.0905632972717285,-0.37144988775253296
14,target,8,-0.8773456811904907,1.0485808849334717,-0.36166703701019287
14,target,9,-0.8535056710243225,1.0685675144195557,-0.3904018998146057
14,target,10,-0.8900882601737976,1.0886750221252441,-0.37500566244125366
14,target,11,-0.8880124092102051,1.1342666149139404,-0.3715708255767822
14,target,12,-0.8847125768661499,1.0948777198791504,-0.3456360101699829
14,target,13,-0.8505858182907104,1.021439790725708,-0.38126903772354126
14,target,14,-0.8706017732620239,1.0276081562042236,-0.40537548065185547
14,target,15,-0.8800519704818726,0.9941118955612183,-0.3949950933456421
14,target,16,-0.8452551364898682,0.9799742102622986,-0.39422446489334106
14,target,17,-0.915376603603363,1.1441583633422852,-0.33530014753341675
14,target,18,-0.9518469572067261,1.2004404067993164,-0.33307087421417236
14,target,19,-0.8994282484054565,1.1337684392929077,-0.35142362117767334
14,target,20,-0.9519851803779602,1.206446647644043,-0.34694206714630127
14,target,21,-0.9131869077682495,1.0844593048095703,-0.3332168459892273
14,target,22,-0.9240254163742065,1.2300578355789185,-0.35161322355270386
14,target,23,-0.9014807343482971,1.1280254125595093,-0.3606409430503845
14,target,24,-0.8817523717880249,1.102599859237671,-0.35015350580215454
14,target,25,-0.8615850210189819,1.0528411865234375,-0.36372268199920654
14,target,26,-0.8769199252128601,1.098171591758728,-0.3723607659339905
14,target,27,-0.9126466512680054,1.1827898025512695,-0.38229143619537354
14,target,28,-0.8220437169075012,0.9250644445419312,-0.38107508420944214
14,target,29,-0.8956619501113892,1.0637649297714233,-0.3547999858856201
14,target,30,-0.7966794967651367,0.8591172695159912,-0.3645796775817871
14,target,31,-0.9693857431411743,1.175551176071167,-0.360584557056427
14,target,32,-0.9547034502029419,1.1147518157958984,-0.3705710768699646
14,target,33,-0.8369177579879761,0.9996939301490784,-0.38188111782073975
14,target,34,-0.7863485217094421,0.9188100099563599,-0.3981230854988098
14,target,35,-0.8495883941650391,1.0026506185531616,-0.36242347955703735
14,target,36,-0.8661098480224609,1.0388445854187012,-0.38486701250076294
14,target,37,-0.8026266098022461,0.9521661400794983,-0.38308483362197876
14,target,38,-0.839483380317688,1.0057364702224731,-0.3631538152694702
14,target,39,-0.8393521904945374,1.033695936203003,-0.34703683853149414
14,target,40,-0.8355123400688171,1.1311945915222168,-0.35194045305252075
14,target,41,-0.8381935358047485,1.1620721817016602,-0.324870228767395
14,target,42,-0.8104138970375061,0.9853776693344116,-0.3448064923286438
14,target,43,-0.7728366851806641,0.9340733289718628,-0.33855289220809937
14,target,44,-0.8254817128181458,1.0161430835723877,-0.31802427768707275
14,target,45,-0.7944669723510742,0.9625135660171509,-0.3055340647697449
14,target,46,-0.6237471103668213,0.8060590028762817,-0.389379620552063
14,target,47,-0.7239930033683777,0.9347309470176697,-0.37451910972595215
14,target,48,-0.7412981986999512,1.0026237964630127,-0.3862103819847107
14,target,49,-0.6364520788192749,0.7853978872299194,-0.3857024908065796
14,target,50,-0.768551230430603,1.001530408859253,-0.3567879796028137
14,target,51,-0.8857353925704956,1.0781958103179932,-0.3633803725242615
14,target,52,-0.8395211100578308,1.028696894645691,-0.351784884929657
14,target,53,-0.8788748979568481,1.1233892440795898,-0.38461077213287354
14,target,54,-0.8695523738861084,1.0756430625915527,-0.36115390062332153
14,target,55,-0.890121340751648,1.1238558292388916,-0.3766385316848755
14,target,56,-0.8680737018585205,1.1128343343734741,-0.3855813145637512
14,target,57,-0.8444305658340454,1.0798699855804443,-0.38487690687179565
14,target,58,-0.8858669400215149,1.1272915601730347,-0.3970338702201843
14,target,59,-0.8412730097770691,1.0692691802978516,-0.3716217875480652
14,target,60,-0.8229706287384033,1.049450159072876,-0.3740324378013611
14,target,61,-0.7954616546630859,1.0090943574905396,-0.3766733407974243
14,target,62,-0.7931400537490845,0.948113739490509,-0.367314875125885
14,target,63,-0.8281885981559753,1.0289312601089478,-0.36837512254714966
15,source,0,-0.8882066011428833,0.9830515384674072,-0.3330298066139221
15,source,1,-0.8621640205383301,0.9069821834564209,-0.34357988834381104
15,source,2,-0.8358426690101624,0.9237179756164551,-0.3488718271255493
15,source,3,-0.8076357245445251,0.8966246843338013,-0.35966116189956665
15,source,4,-0.8531372547149658,0.9069643616676331,-0.3541232943534851
15,source,5,-0.849958062171936,0.9503880143165588,-0.3414270877838135
15,source,6,-0.9022287726402283,0.9957531094551086,-0.33777135610580444
15,source,7,-0.8824295401573181,0.9445751905441284,-0.3457847833633423
15,source,8,-0.8534091711044312,0.9061852693557739,-0.332821786403656
15,source,9,-0.8793016076087952,0.9583263397216797,-0.32586896419525146
15,source,10,-0.8568094968795776,0.910640299320221,-0.3428964614868164
15,source,11,-0.8416043519973755,0.949523389339447,-0.3419448137283325
15,source,12,-0.8700183629989624,0.9610288143157959,-0.34154242277145386
15,source,13,-0.8522617816925049,0.9698410034179688,-0.3254672884941101
15,source,14,-0.8400814533233643,0.9082884192466736,-0.3250776529312134
15,source,15,-0.8735827803611755,0.8770598769187927,-0.31418925523757935
15,source,16,-0.8554456233978271,0.9075308442115784,-0.32051634788513184
15,source,17,-0.8525011539459229,0.8922383785247803,-0.3148704767227173
15,source,18,-0.872035801410675,0.9204318523406982,-0.32060545682907104
15,source,19,-0.8518468737602234,0.8749569654464722,-0.34311819076538086
15,source,20,-0.8083734512329102,0.9205337762832642,-0.32447195053100586
15,source,21,-0.8297480344772339,0.8690844774246216,-0.3025848865509033
15,source,22,-0.8399275541305542,0.9166688919067383,-0.27603620290756226
15,source,23,-0.8458095788955688,0.9059060215950012,-0.278936505317688
15,source,24,-0.844578742980957,0.8814249038696289,-0.30873996019363403
15,source,25,-0.8545079827308655,0.8514541387557983,-0.30592578649520874
15,source,26,-0.8196995258331299,0.9121682643890381,-0.3330997824668884
15,source,27,-0.8778893947601318,0.9107490181922913,-0.3352692723274231
15,source,28,-0.8983225226402283,0.9751178026199341,-0.31430119276046753
15,source,29,-0.851181149482727,0.9071020483970642,-0.3406994938850403
15,source,30,-0.8524488210678101,0.9517709612846375,-0.32236313819885254
15,source,31,-0.8588814735412598,0.9364052414894104,-0.3242165446281433
15,source,32,-0.8624398112297058,0.9387509226799011,-0.336128830909729
15,source,33,-0.8562648296356201,0.9225269556045532,-0.3509945869445801
15,source,34,-0.8524726629257202,0.9439322352409363,-0.3168860077857971
15,source,35,-0.8627439737319946,0.9190880656242371,-0.3335025906562805
15,source,36,-0.8945310711860657,0.9584709405899048,-0.3287643790245056
15,source,37,-0.8290493488311768,0.9074552655220032,-0.3175881505012512
15,source,38,-0.8485891222953796,0.8729422092437744,-0.30803847312927246
15,source,39,-0.8457320928573608,0.8782325983047485,-0.29545682668685913
15,source,40,-0.9053664803504944,0.9396224021911621,-0.31621038913726807
15,source,41,-0.8868855834007263,0.9525552988052368,-0.3089138865470886
15,source,42,-0.881768524646759,0.9494744539260864,-0.31929612159729004
15,source,43,-0.8776142001152039,0.931591808795929,-0.3566124439239502
15,source,44,-0.8079391717910767,0.8776986598968506,-0.31895023584365845
15,source,45,-0.8127840757369995,0.8850841522216797,-0.35103505849838257
15,source,46,-0.8580231070518494,0.8963898420333862,-0.3342876434326172
15,source,47,-0.8742796182632446,0.9617442488670349,-0.3291294574737549
15,source,48,-0.8066067695617676,0.8934804201126099,-0.33792728185653687
15,source,49,-0.858100414276123,0.8900443911552429,-0.3290109634399414
15,source,50,-0.8462896943092346,0.9240105152130127,-0.3745079040527344
15,source,51,-0.8487105965614319,0.9038482904434204,-0.38233131170272827
15,source,52,-0.8190640807151794,0.8890103101730347,-0.41321760416030884
15,source,53,-0.7960885167121887,0.8362892866134644,-0.4348350763320923
15,source,54,-0.8440232276916504,0.9263610243797302,-0.40721529722213745
15,source,55,-0.8235750198364258,0.9081916213035583,-0.3889443874359131
15,source,56,-0.8523010611534119,0.9342426657676697,-0.37644505500793457
15,source,57,-0.8323276042938232,0.9173403978347778,-0.3953883647918701
15,source,58,-0.811518132686615,0.8960964679718018,-0.3964273929595947
15,source,59,-0.8267432451248169,0.9223100543022156,-0.3802172541618347
15,source,60,-0.8348566293716431,0.8888211250305176,-0.3840472102165222
15,source,61,-0.8212513327598572,0.8688259720802307,-0.4065234065055847
15,source,62,-0.8355510830879211,0.8855743408203125,-0.3932153582572937
15,source,63,-0.824530839920044,0.8861807584762573,-0.3849765658378601
15,target,0,-0.7570748925209045,1.0537281036376953,-0.3577427864074707
15,target,1,-0.8660388588905334,1.2262681722640991,-0.3569965958595276
15,target,2,-0.8369473218917847,1.0773370265960693,-0.3593098521232605
15,target,3,-0.7964137196540833,0.990294873714447,-0.39139848947525024
15,target,4,-0.8494897484779358,1.0687854290008545,-0.3838605284690857
15,target,5,-0.9612565040588379,1.3113123178482056,-0.3487538695335388
15,target,6,-0.9058284163475037,1.2267998456954956,-0.35380274057388306
15,target,7,-0.8570911884307861,1.135709524154663,-0.37384915351867676
15,target,8,-0.8411911725997925,1.1017951965332031,-0.3591555953025818
15,target,9,-0.8272814750671387,1.0966299772262573,-0.398060142993927
15,target,10,-0.851131021976471,1.1208555698394775,-0.37399059534072876
15,target,11,-0.8723138570785522,1.1792891025543213,-0.3686448931694031
15,target,12,-0.8652013540267944,1.133540153503418,-0.3642317056655884
15,target,13,-0.8457486629486084,1.0578455924987793,-0.3953198194503784
15,target,14,-0.8678508400917053,1.0675755739212036,-0.40867549180984497
15,target,15,-0.877754271030426,1.055941104888916,-0.39787012338638306
15,target,16,-0.8439141511917114,1.0250813961029053,-0.39713722467422485
15,target,17,-0.9107175469398499,1.1974589824676514,-0.34172970056533813
15,target,18,-0.9284472465515137,1.2720565795898438,-0.34870076179504395
15,target,19,-0.8743307590484619,1.1906414031982422,-0.360098659992218
15,target,20,-0.9318919777870178,1.2884736061096191,-0.36297041177749634
15,target,21,-0.8793225288391113,1.1460399627685547,-0.3424866199493408
15,target,22,-0.9004363417625427,1.2633763551712036,-0.3548915386199951
15,target,23,-0.889951229095459,1.1683623790740967,-0.35955125093460083
15,target,24,-0.8792546391487122,1.1668477058410645,-0.3517950177192688
15,target,25,-0.8681563138961792,1.1031463146209717,-0.3654954433441162
15,target,26,-0.8700277805328369,1.1227717399597168,-0.377987265586853
15,target,27,-0.9164819717407227,1.220038652420044,-0.3803452253341675
15,target,28,-0.8413099050521851,0.971384584903717,-0.3927319049835205
15,target,29,-0.8770537376403809,1.0687496662139893,-0.36910223960876465
15,target,30,-0.853309690952301,0.9267692565917969,-0.36561107635498047
15,target,31,-0.9412860870361328,1.2106480598449707,-0.3623112440109253
15,target,32,-0.930516242980957,1.1544996500015259,-0.37591689825057983
15,target,33,-0.8078770041465759,1.0112228393554688,-0.37273383140563965
15,target,34,-0.7780603170394897,0.9422801733016968,-0.3870515823364258
15,target,35,-0.8134709596633911,0.9714148640632629,-0.3945525288581848
15,target,36,-0.8357949256896973,1.0463738441467285,-0.3804241418838501
15,target,37,-0.7817562818527222,0.9673434495925903,-0.37458378076553345
15,target,38,-0.8105579614639282,1.0161340236663818,-0.36556071043014526
15,target,39,-0.8264179229736328,1.053266167640686,-0.3561887741088867
15,target,40,-0.8177914023399353,1.1526472568511963,-0.3604913353919983
15,target,41,-0.8345034718513489,1.1879454851150513,-0.3317248225212097
15,target,42,-0.8249209523200989,1.0348527431488037,-0.3376438021659851
15,target,43,-0.7825238704681396,0.9784568548202515,-0.3361585736274719
15,target,44,-0.8419817686080933,1.0596165657043457,-0.3154980540275574
15,target,45,-0.8005644083023071,0.9930267333984375,-0.2956141233444214
15,target,46,-0.5967956781387329,0.7724179625511169,-0.3905140161514282
15,target,47,-0.7165055871009827,0.9137001633644104,-0.3932033181190491
15,target,48,-0.7231517434120178,0.9791800379753113,-0.4001504182815552
15,target,49,-0.6113739013671875,0.7719820737838745,-0.3880678415298462
15,target,50,-0.7833545804023743,1.0323255062103271,-0.3745971918106079
15,target,51,-0.8732843995094299,1.1102039813995361,-0.368882954120636
15,target,52,-0.8379783630371094,1.0517232418060303,-0.36870330572128296
15,target,53,-0.8657413125038147,1.131337285041809,-0.39324015378952026
15,target,54,-0.8713715672492981,1.1283760070800781,-0.3550797700881958
15,target,55,-0.8839116096496582,1.1368370056152344,-0.376583993434906
15,target,56,-0.8586711287498474,1.1054143905639648,-0.39131754636764526
15,target,57,-0.8392106294631958,1.0885066986083984,-0.3930515646934509
15,target,58,-0.8811710476875305,1.1446871757507324,-0.4026169180870056
15,target,59,-0.8328076004981995,1.0751547813415527,-0.39062196016311646
15,target,60,-0.8157929182052612,1.0580973625183105,-0.38033270835876465
15,target,61,-0.8008385300636292,1.0314388275146484,-0.37682604789733887
15,target,62,-0.7759577035903931,0.9646680951118469,-0.36959224939346313
15,target,63,-0.8172520995140076,1.0427722930908203,-0.3800254464149475
16,source,0,-0.8628870248794556,0.9929766654968262,-0.32879602909088135
16,source,1,-0.8315091133117676,0.9169154167175293,-0.3386083245277405
16,source,2,-0.8179590106010437,0.9547371864318848,-0.333764910697937
16,source,3,-0.8017252683639526,0.9340201616287231,-0.3485587239265442
16,source,4,-0.827333927154541,0.9165483713150024,-0.34539592266082764
16,source,5,-0.8246644139289856,0.9617331027984619,-0.33653807640075684
16,source,6,-0.8674229979515076,1.0107462406158447,-0.33451545238494873
16,source,7,-0.8543271422386169,0.9578108191490173,-0.33967798948287964
16,source,8,-0.8321818113327026,0.9212427139282227,-0.3327592611312866
16,source,9,-0.8589485287666321,0.9864866137504578,-0.3210045099258423
16,source,10,-0.839430570602417,0.9252027273178101,-0.3376528024673462
16,source,11,-0.8390443325042725,0.9858932495117188,-0.33402329683303833
16,source,12,-0.8552604913711548,0.9785314202308655,-0.33813875913619995
16,source,13,-0.8451772928237915,0.9902703166007996,-0.3245666027069092
16,source,14,-0.8222835659980774,0.9327656030654907,-0.3219437599182129
16,source,15,-0.8424257040023804,0.8756378889083862,-0.31681710481643677
16,source,16,-0.8412731289863586,0.9253329038619995,-0.3194388151168823
16,source,17,-0.8277996182441711,0.902565598487854,-0.3197876811027527
16,source,18,-0.8437657952308655,0.927181601524353,-0.32250988483428955
16,source,19,-0.8265022039413452,0.8979967832565308,-0.34229302406311035
16,source,20,-0.8075156211853027,0.950485348701477,-0.31780868768692017
16,source,21,-0.8267809748649597,0.8913869857788086,-0.3051435351371765
16,source,22,-0.8204995393753052,0.9330854415893555,-0.2849188446998596
16,source,23,-0.8272194266319275,0.9238153100013733,-0.28048044443130493
16,source,24,-0.8230334520339966,0.8970569372177124,-0.30626070499420166
16,source,25,-0.8339433670043945,0.8708254098892212,-0.30030131340026855
16,source,26,-0.8047416806221008,0.9222602844238281,-0.33223098516464233
16,source,27,-0.8526487350463867,0.8977338075637817,-0.3330773115158081
16,source,28,-0.8469645380973816,0.9130641222000122,-0.32144755125045776
16,source,29,-0.8409215807914734,0.9459089040756226,-0.3402179479598999
16,source,30,-0.8414244651794434,0.9854606986045837,-0.32161837816238403
16,source,31,-0.8519179821014404,0.965898871421814,-0.3205697536468506
16,source,32,-0.8474209904670715,0.9515110850334167,-0.3306330442428589
16,source,33,-0.832850456237793,0.9468355178833008,-0.34531283378601074
16,source,34,-0.835349977016449,0.9826159477233887,-0.3150510787963867
16,source,35,-0.8301450610160828,0.9328882098197937,-0.32946497201919556
16,source,36,-0.8661838173866272,0.9410039186477661,-0.3282395005226135
16,source,37,-0.810496985912323,0.9107912182807922,-0.3156859278678894
16,source,38,-0.8194233179092407,0.8849289417266846,-0.30581241846084595
16,source,39,-0.8263548016548157,0.8923042416572571,-0.30240553617477417
16,source,40,-0.8837243914604187,0.9405349493026733,-0.30815720558166504
16,source,41,-0.8737376928329468,0.9820147156715393,-0.3021678924560547
16,source,42,-0.8623285889625549,0.9617456793785095,-0.3132731318473816
16,source,43,-0.866723358631134,0.957873523235321,-0.3433610796928406
16,source,44,-0.8027220964431763,0.9256206750869751,-0.30776792764663696
16,source,45,-0.8075700998306274,0.912661612033844,-0.34480440616607666
16,source,46,-0.8403701782226562,0.9121001958847046,-0.33709269762039185
16,source,47,-0.8587695360183716,0.9868521690368652,-0.316434383392334
16,source,48,-0.7998090386390686,0.925960898399353,-0.33045899868011475
16,source,49,-0.8495851755142212,0.9187171459197998,-0.3245200514793396
16,source,50,-0.8143799304962158,0.9383010864257812,-0.36665648221969604
16,source,51,-0.8202850222587585,0.9027785658836365,-0.3767433166503906
16,source,52,-0.7950875163078308,0.9066299796104431,-0.3931863307952881
16,source,53,-0.7789462804794312,0.8789825439453125,-0.4136115312576294
16,source,54,-0.8144039511680603,0.9225532412528992,-0.3947244882583618
16,source,55,-0.80353182554245,0.9249702095985413,-0.37355852127075195
16,source,56,-0.8218498229980469,0.9500752091407776,-0.3709005117416382
16,source,57,-0.8114514946937561,0.9497920870780945,-0.37844765186309814
16,source,58,-0.7934486865997314,0.9284077882766724,-0.3814750909805298
16,source,59,-0.802782416343689,0.9522960186004639,-0.3683435320854187
16,source,60,-0.8255168199539185,0.9266580939292908,-0.3545913100242615
16,source,61,-0.8030327558517456,0.9162458777427673,-0.37646567821502686
16,source,62,-0.8308352828025818,0.9348489046096802,-0.37353700399398804
16,source,63,-0.8077030777931213,0.9247490167617798,-0.36550092697143555
16,target,0,-0.7510941624641418,1.0186002254486084,-0.35657012462615967
16,target,1,-0.8333620429039001,1.1816521883010864,-0.3459438681602478
16,target,2,-0.8223171234130859,1.0627341270446777,-0.34834450483322144
16,target,3,-0.7623145580291748,0.9642873406410217,-0.3807736039161682
16,target,4,-0.8155590295791626,1.0380655527114868,-0.3785926103591919
16,target,5,-0.8915854096412659,1.2029366493225098,-0.3732374906539917
16,target,6,-0.8705952167510986,1.1733851432800293,-0.3603706955909729
16,target,7,-0.8485557436943054,1.112505316734314,-0.3691890239715576
16,target,8,-0.8362997174263,1.0726330280303955,-0.35711294412612915
16,target,9,-0.8064467310905457,1.0512669086456299,-0.38942980766296387
16,target,10,-0.8471996188163757,1.080214500427246,-0.3696276545524597
16,target,11,-0.8366852402687073,1.110346794128418,-0.3737029433250427
16,target,12,-0.8437459468841553,1.0796849727630615,-0.35398197174072266
16,target,13,-0.803807258605957,1.0078561305999756,-0.39509111642837524
16,target,14,-0.8280705809593201,1.0254791975021362,-0.40995603799819946
16,target,15,-0.8288969993591309,0.9911973476409912,-0.4058251976966858
16,target,16,-0.8117353916168213,0.9837378263473511,-0.3944111466407776
16,target,17,-0.8740270137786865,1.160143494606018,-0.3458135724067688
16,target,18,-0.9037595987319946,1.229825735092163,-0.35005730390548706
16,target,19,-0.8590803146362305,1.1593891382217407,-0.3544137477874756
16,target,20,-0.9059305191040039,1.2251429557800293,-0.3550458550453186
16,target,21,-0.8389567136764526,1.077455997467041,-0.3476046323776245
16,target,22,-0.8449684381484985,1.1690609455108643,-0.3627142310142517
16,target,23,-0.8654930591583252,1.1267085075378418,-0.3566092252731323
16,target,24,-0.8435086011886597,1.0955092906951904,-0.3551086187362671
16,target,25,-0.8173497319221497,1.0330750942230225,-0.35775285959243774
16,target,26,-0.8357126116752625,1.094069242477417,-0.37246763706207275
16,target,27,-0.88413006067276,1.1716322898864746,-0.3807108402252197
16,target,28,-0.796942949295044,0.9642473459243774,-0.3706311583518982
16,target,29,-0.8363519906997681,1.0337238311767578,-0.3618687391281128
16,target,30,-0.8152638077735901,0.9361863732337952,-0.3541160821914673
16,target,31,-0.9138885736465454,1.201560616493225,-0.3742273449897766
16,target,32,-0.8902715444564819,1.1221697330474854,-0.37983572483062744
16,target,33,-0.8312242031097412,1.0460954904556274,-0.3665546178817749
16,target,34,-0.786163330078125,0.9774302244186401,-0.37207353115081787
16,target,35,-0.809148907661438,0.9784189462661743,-0.368152379989624
16,target,36,-0.8310675621032715,1.0437016487121582,-0.37013423442840576
16,target,37,-0.785939633846283,0.9863649010658264,-0.3656734824180603
16,target,38,-0.8211100101470947,1.0155367851257324,-0.3564290404319763
16,target,39,-0.8249477744102478,1.0548826456069946,-0.34211474657058716
16,target,40,-0.7765576839447021,1.0844860076904297,-0.35490334033966064
16,target,41,-0.7932952046394348,1.1157937049865723,-0.33049100637435913
16,target,42,-0.8153855204582214,1.008549690246582,-0.3360291123390198
16,target,43,-0.7734255194664001,0.9758133888244629,-0.33382076025009155
16,target,44,-0.8296575546264648,1.021418809890747,-0.31617921590805054
16,target,45,-0.795051097869873,0.9927036762237549,-0.3006895184516907
16,target,46,-0.5774796605110168,0.7676327228546143,-0.38121914863586426
16,target,47,-0.6950080990791321,0.8840347528457642,-0.38209229707717896
16,target,48,-0.7072502374649048,0.9441479444503784,-0.3909764289855957
16,target,49,-0.576343297958374,0.7403749823570251,-0.3825192451477051
16,target,50,-0.7524486780166626,1.0211577415466309,-0.36045897006988525
16,target,51,-0.8338513374328613,1.0529513359069824,-0.3578132390975952
16,target,52,-0.7938031554222107,1.0035254955291748,-0.3567603826522827
16,target,53,-0.8256421089172363,1.0685055255889893,-0.3825116753578186
16,target,54,-0.8467064499855042,1.1019604206085205,-0.3574448823928833
16,target,55,-0.839634120464325,1.0751721858978271,-0.38125091791152954
16,target,56,-0.8282681703567505,1.065869688987732,-0.38027864694595337
16,target,57,-0.8065207004547119,1.0405590534210205,-0.3886580467224121
16,target,58,-0.8555097579956055,1.103501319885254,-0.3949393033981323
16,target,59,-0.8048481941223145,1.0392059087753296,-0.37717193365097046
16,target,60,-0.7857242822647095,1.0152660608291626,-0.36029988527297974
16,target,61,-0.7725903391838074,0.983145534992218,-0.35755789279937744
16,target,62,-0.7667535543441772,0.956354022026062,-0.36009496450424194
16,target,63,-0.7935510873794556,1.0016745328903198,-0.36584895849227905
17,source,0,-0.8654962182044983,0.9651300311088562,-0.3537254333496094
17,source,1,-0.8398615717887878,0.9080867767333984,-0.3608154058456421
17,source,2,-0.8247532248497009,0.9000281095504761,-0.35896462202072144
17,source,3,-0.8085601329803467,0.9048430323600769,-0.3646013140678406
17,source,4,-0.8303069472312927,0.9014801383018494,-0.3650578260421753
17,source,5,-0.8202393054962158,0.9398417472839355,-0.3594978451728821
17,source,6,-0.8439368605613708,0.9365364909172058,-0.3634483218193054
17,source,7,-0.8315331935882568,0.899366557598114,-0.37237733602523804
17,source,8,-0.8203985095024109,0.8797909021377563,-0.3589823842048645
17,source,9,-0.8383814692497253,0.9243415594100952,-0.35290563106536865
17,source,10,-0.8427271842956543,0.8932713866233826,-0.34577590227127075
17,source,11,-0.8294122219085693,0.9297177791595459,-0.35910964012145996
17,source,12,-0.8508660793304443,0.9292568564414978,-0.3577422499656677
17,source,13,-0.8449960350990295,0.9444789886474609,-0.336162805557251
17,source,14,-0.8366068601608276,0.9035109281539917,-0.3354477882385254
17,source,15,-0.8430883288383484,0.8660105466842651,-0.33736371994018555
17,source,16,-0.8307228088378906,0.8952614068984985,-0.3438583016395569
17,source,17,-0.8311166167259216,0.8733925819396973,-0.344326376914978
17,source,18,-0.8485562205314636,0.9045237302780151,-0.34235429763793945
17,source,19,-0.8323638439178467,0.869002103805542,-0.3622952699661255
17,source,20,-0.8177447319030762,0.9163572192192078,-0.3493354320526123
17,source,21,-0.8247839212417603,0.8774261474609375,-0.3353204131126404
17,source,22,-0.8230456113815308,0.8819674253463745,-0.31075620651245117
17,source,23,-0.8355832695960999,0.8878408670425415,-0.3075665235519409
17,source,24,-0.8260517120361328,0.8773019313812256,-0.3342033624649048
17,source,25,-0.8292292356491089,0.8492375612258911,-0.33246147632598877
17,source,26,-0.8094788193702698,0.8928403854370117,-0.34664154052734375
17,source,27,-0.8666486144065857,0.8913416862487793,-0.34670668840408325
17,source,28,-0.8676012754440308,0.9187177419662476,-0.3418247103691101
17,source,29,-0.8392080664634705,0.9026455879211426,-0.35923051834106445
17,source,30,-0.8378627300262451,0.9322614669799805,-0.3415675163269043
17,source,31,-0.8467493653297424,0.919805645942688,-0.3422890901565552
17,source,32,-0.8361147046089172,0.917321503162384,-0.36192286014556885
17,source,33,-0.8298149108886719,0.9139015674591064,-0.3689500689506531
17,source,34,-0.8465738296508789,0.9571661353111267,-0.3372049331665039
17,source,35,-0.8339306712150574,0.902178943157196,-0.3466036915779114
17,source,36,-0.8701401352882385,0.9291031360626221,-0.3439592719078064
17,source,37,-0.8281669020652771,0.8980023264884949,-0.329589307308197
17,source,38,-0.8191525936126709,0.8551630973815918,-0.33439910411834717
17,source,39,-0.8214329481124878,0.8531452417373657,-0.3284527659416199
17,source,40,-0.8537156581878662,0.8980271816253662,-0.3437921404838562
17,source,41,-0.844578742980957,0.9183838963508606,-0.33134180307388306
17,source,42,-0.8420673608779907,0.9077678322792053,-0.3363403081893921
17,source,43,-0.8393428921699524,0.9089921116828918,-0.36536645889282227
17,source,44,-0.8110505938529968,0.878958523273468,-0.32378053665161133
17,source,45,-0.8190494775772095,0.8928062319755554,-0.365014910697937
17,source,46,-0.8352320194244385,0.8745076656341553,-0.36535388231277466
17,source,47,-0.8574132919311523,0.9495769739151001,-0.34473156929016113
17,source,48,-0.8028517365455627,0.8891211748123169,-0.34807640314102173
17,source,49,-0.8446120023727417,0.8906092047691345,-0.34876585006713867
17,source,50,-0.8189471364021301,0.9205191135406494,-0.37191104888916016
17,source,51,-0.8287160396575928,0.8986978530883789,-0.3816031217575073
17,source,52,-0.8017460107803345,0.8877017498016357,-0.39512109756469727
17,source,53,-0.7929320335388184,0.863547682762146,-0.4031429886817932
17,source,54,-0.8290342092514038,0.9175025820732117,-0.38047337532043457
17,source,55,-0.8066198825836182,0.9227433800697327,-0.36907958984375
17,source,56,-0.8206345438957214,0.9311954975128174,-0.3761395215988159
17,source,57,-0.814608097076416,0.932888925075531,-0.3734935522079468
17,source,58,-0.7983899712562561,0.9073312282562256,-0.3834938406944275
17,source,59,-0.7961121797561646,0.9181658625602722,-0.3688511252403259
17,source,60,-0.8290521502494812,0.9150531888008118,-0.3707503080368042
17,source,61,-0.8153436779975891,0.8924288749694824,-0.37704479694366455
17,source,62,-0.8326123952865601,0.9161301255226135,-0.3806578516960144
17,source,63,-0.8083341717720032,0.8900090456008911,-0.3696785569190979
17,target,0,-0.7617200016975403,1.005734920501709,-0.38871318101882935
17,target,1,-0.8802904486656189,1.1933414936065674,-0.3760278820991516
17,target,2,-0.8346372842788696,1.0445852279663086,-0.3766154646873474
17,target,3,-0.7872369289398193,0.9508577585220337,-0.40581172704696655
17,target,4,-0.8469735383987427,1.0425902605056763,-0.3958299160003662
17,target,5,-0.920850396156311,1.1554956436157227,-0.3607383966445923
17,target,6,-0.897193431854248,1.118013620376587,-0.3626898527145386
17,target,7,-0.8526495099067688,1.0560393333435059,-0.3674057126045227
17,target,8,-0.8455919623374939,1.0345077514648438,-0.35435181856155396
17,target,9,-0.8355506062507629,1.0549582242965698,-0.39847129583358765
17,target,10,-0.8512685298919678,1.0618305206298828,-0.37591683864593506
17,target,11,-0.869516909122467,1.122992753982544,-0.3745582103729248
17,target,12,-0.876287579536438,1.0811623334884644,-0.3585127592086792
17,target,13,-0.8398587107658386,1.0315289497375488,-0.40555065870285034
17,target,14,-0.8550766110420227,1.020125150680542,-0.4147767424583435
17,target,15,-0.8646512031555176,1.0128215551376343,-0.41309255361557007
17,target,16,-0.8421081304550171,0.9920848608016968,-0.40590548515319824
17,target,17,-0.8765580654144287,1.0986542701721191,-0.359924852848053
17,target,18,-0.9211838841438293,1.1793065071105957,-0.355280339717865
17,target,19,-0.8692255616188049,1.1462411880493164,-0.3667175769805908
17,target,20,-0.9255281686782837,1.1969786882400513,-0.36471468210220337
17,target,21,-0.8533800840377808,1.0414721965789795,-0.3460574746131897
17,target,22,-0.9016553163528442,1.1970303058624268,-0.3572741150856018
17,target,23,-0.8864403367042542,1.124737024307251,-0.37597960233688354
17,target,24,-0.8580185770988464,1.0770204067230225,-0.3564867377281189
17,target,25,-0.8585695028305054,1.056204080581665,-0.3907619118690491
17,target,26,-0.8594203591346741,1.0888595581054688,-0.39918309450149536
17,target,27,-0.9196348786354065,1.1645138263702393,-0.4003823399543762
17,target,28,-0.85185706615448,0.9794803857803345,-0.38932710886001587
17,target,29,-0.8662490248680115,1.0368804931640625,-0.3836400508880615
17,target,30,-0.8197134733200073,0.935747504234314,-0.3895413279533386
17,target,31,-0.9039392471313477,1.1406917572021484,-0.3736862540245056
17,target,32,-0.8728358745574951,1.0854946374893188,-0.3911893367767334
17,target,33,-0.8139025568962097,1.0018668174743652,-0.3826460838317871
17,target,34,-0.7971833944320679,0.936299204826355,-0.39493823051452637
17,target,35,-0.8215100765228271,0.9803969264030457,-0.37200742959976196
17,target,36,-0.8324837684631348,1.0194363594055176,-0.37310266494750977
17,target,37,-0.797483503818512,0.9649432301521301,-0.38490843772888184
17,target,38,-0.8399338722229004,1.0177432298660278,-0.3769470453262329
17,target,39,-0.8320667743682861,1.0217220783233643,-0.36701613664627075
17,target,40,-0.83154296875,1.1065306663513184,-0.36872023344039917
17,target,41,-0.8432253003120422,1.1428101062774658,-0.3419575095176697
17,target,42,-0.8293999433517456,1.0214293003082275,-0.3575795292854309
17,target,43,-0.8080543279647827,0.9927597045898438,-0.34506839513778687
17,target,44,-0.8435384631156921,1.0377018451690674,-0.3327493667602539
17,target,45,-0.8277096748352051,1.0122135877609253,-0.3195036053657532
17,target,46,-0.6029796600341797,0.7877568006515503,-0.3935607075691223
17,target,47,-0.7228236198425293,0.9115234017372131,-0.40925461053848267
17,target,48,-0.7272716164588928,0.9611945748329163,-0.4165099859237671
17,target,49,-0.6053079962730408,0.7617518305778503,-0.39107346534729004
17,target,50,-0.780052900314331,1.0366251468658447,-0.3834426999092102
17,target,51,-0.8621455430984497,1.0774106979370117,-0.38613998889923096
17,target,52,-0.8357141017913818,1.039737343788147,-0.3872700333595276
17,target,53,-0.8451381921768188,1.075899362564087,-0.40427958965301514
17,target,54,-0.8594002723693848,1.0687401294708252,-0.38965481519699097
17,target,55,-0.8722229599952698,1.090795874595642,-0.4005427360534668
17,target,56,-0.8331133723258972,1.0534502267837524,-0.40978044271469116
17,target,57,-0.8199442028999329,1.033188819885254,-0.4103527069091797
17,target,58,-0.8764513731002808,1.0975487232208252,-0.4085949659347534
17,target,59,-0.8079429864883423,1.0187461376190186,-0.40704137086868286
17,target,60,-0.8137978315353394,1.0297532081604004,-0.39141303300857544
17,target,61,-0.7880452275276184,0.9821237921714783,-0.3979041576385498
17,target,62,-0.7856285572052002,0.9586975574493408,-0.3912045955657959
17,target,63,-0.7974832057952881,0.9852738380432129,-0.404679536819458
18,source,0,-0.8809117078781128,1.0035364627838135,-0.3593807816505432
18,source,1,-0.8602229356765747,0.9564052224159241,-0.3595484495162964
18,source,2,-0.843153178691864,0.9575809240341187,-0.3616288900375366
18,source,3,-0.8246298432350159,0.9496403336524963,-0.36691415309906006
18,source,4,-0.850570559501648,0.9577741622924805,-0.37220776081085205
18,source,5,-0.8461313843727112,0.9871379733085632,-0.36564916372299194
18,source,6,-0.8787058591842651,1.0142431259155273,-0.36493831872940063
18,source,7,-0.8617985248565674,0.9759191870689392,-0.3753209710121155
18,source,8,-0.8537163734436035,0.9572449326515198,-0.3603994846343994
18,source,9,-0.8698273301124573,0.9935869574546814,-0.356502890586853
18,source,10,-0.8611894845962524,0.9503803253173828,-0.3506366014480591
18,source,11,-0.8546230792999268,0.9919348359107971,-0.3629225492477417
18,source,12,-0.874433696269989,0.9846392273902893,-0.35905951261520386
18,source,13,-0.8714517951011658,1.0130244493484497,-0.3423961400985718
18,source,14,-0.848792314529419,0.9482088088989258,-0.3452341556549072
18,source,15,-0.8660880327224731,0.9227482080459595,-0.33952105045318604
18,source,16,-0.8521159887313843,0.9445755481719971,-0.35051941871643066
18,source,17,-0.8546643853187561,0.9310590624809265,-0.34501922130584717
18,source,18,-0.8686107397079468,0.9520447850227356,-0.34365344047546387
18,source,19,-0.8542880415916443,0.9312175512313843,-0.3519580364227295
18,source,20,-0.8397845029830933,0.9765990376472473,-0.3377096652984619
18,source,21,-0.8476688861846924,0.9214292764663696,-0.32511329650878906
18,source,22,-0.8406516313552856,0.9338695406913757,-0.31662309169769287
18,source,23,-0.8523176908493042,0.93561851978302,-0.3126871585845947
18,source,24,-0.8488328456878662,0.915762186050415,-0.32826125621795654
18,source,25,-0.8527061343193054,0.8993799090385437,-0.32753950357437134
18,source,26,-0.8208321928977966,0.9296745657920837,-0.3531329035758972
18,source,27,-0.8849056959152222,0.9634604454040527,-0.35229021310806274
18,source,28,-0.8737679719924927,0.9484909772872925,-0.3474043011665344
18,source,29,-0.8650692105293274,0.9749913215637207,-0.3568710684776306
18,source,30,-0.8636577129364014,0.9974092245101929,-0.3473167419433594
18,source,31,-0.8648838996887207,0.9742964506149292,-0.3493773341178894
18,source,32,-0.8709155917167664,0.9904948472976685,-0.36288732290267944
18,source,33,-0.8578879833221436,0.9703458547592163,-0.36832207441329956
18,source,34,-0.8512657284736633,0.9788662195205688,-0.3404301404953003
18,source,35,-0.8577513098716736,0.9471498727798462,-0.34911757707595825
18,source,36,-0.888810396194458,0.991142213344574,-0.3560495376586914
18,source,37,-0.8309258222579956,0.9231400489807129,-0.3422849178314209
18,source,38,-0.8362470865249634,0.8962080478668213,-0.3327576518058777
18,source,39,-0.8348802328109741,0.8933054208755493,-0.3218526244163513
18,source,40,-0.8909854888916016,0.9878592491149902,-0.33505696058273315
18,source,41,-0.8796244859695435,0.9972279071807861,-0.3213072419166565
18,source,42,-0.8742364645004272,0.9920514822006226,-0.33496129512786865
18,source,43,-0.8806386590003967,1.002806305885315,-0.3474477529525757
18,source,44,-0.8254904747009277,0.9329105019569397,-0.3236137628555298
18,source,45,-0.8424454927444458,0.9491317272186279,-0.36168092489242554
18,source,46,-0.8617289066314697,0.9399803280830383,-0.3596476912498474
18,source,47,-0.8760845065116882,0.9978652596473694,-0.3447492718696594
18,source,48,-0.8208687901496887,0.9355217814445496,-0.3558477759361267
18,source,49,-0.8657302260398865,0.9520071744918823,-0.34288662672042847
18,source,50,-0.8534586429595947,0.9718552231788635,-0.36730319261550903
18,source,51,-0.8516824841499329,0.9514058828353882,-0.3753071427345276
18,source,52,-0.813859760761261,0.9338719248771667,-0.398329496383667
18,source,53,-0.807658851146698,0.9113085269927979,-0.4057719111442566
18,source,54,-0.8407099843025208,0.9675024151802063,-0.3944438695907593
18,source,55,-0.8404362797737122,0.9810694456100464,-0.3697640299797058
18,source,56,-0.8582165241241455,0.9962176084518433,-0.369573712348938
18,source,57,-0.8434617519378662,0.9804794788360596,-0.3772355318069458
18,source,58,-0.83299720287323,0.9736379981040955,-0.3823849558830261
18,source,59,-0.8316082954406738,0.9837526082992554,-0.3694746494293213
18,source,60,-0.8422806859016418,0.955164909362793,-0.3701685070991516
18,source,61,-0.8195587396621704,0.9213830232620239,-0.3823588490486145
18,source,62,-0.8547850251197815,0.9539591073989868,-0.37607598304748535
18,source,63,-0.8237907290458679,0.9224410057067871,-0.37074869871139526
18,target,0,-0.753934919834137,0.9912607073783875,-0.38175636529922485
18,target,1,-0.8549749851226807,1.1654748916625977,-0.36371147632598877
18,target,2,-0.8430280089378357,1.064713478088379,-0.3699797987937927
18,target,3,-0.768035888671875,0.9267412424087524,-0.3959832787513733
18,target,4,-0.8263824582099915,0.9926093220710754,-0.3927537202835083
18,target,5,-0.910252571105957,1.1550484895706177,-0.3705012798309326
18,target,6,-0.8965430855751038,1.1215171813964844,-0.36603349447250366
18,target,7,-0.8700703382492065,1.0746650695800781,-0.3711729049682617
18,target,8,-0.8790054321289062,1.0761996507644653,-0.35973215103149414
18,target,9,-0.813571572303772,1.0193920135498047,-0.40217649936676025
18,target,10,-0.8165403008460999,1.0150009393692017,-0.39003312587738037
18,target,11,-0.847136914730072,1.0886032581329346,-0.37654387950897217
18,target,12,-0.8476207852363586,1.050781011581421,-0.36626923084259033
18,target,13,-0.8380494117736816,1.0221689939498901,-0.4036704897880554
18,target,14,-0.8583719730377197,1.0328783988952637,-0.41268569231033325
18,target,15,-0.8600401878356934,1.0113617181777954,-0.4072912335395813
18,target,16,-0.8438888192176819,0.9903495907783508,-0.40302783250808716
18,target,17,-0.8626167178153992,1.0779473781585693,-0.35649800300598145
18,target,18,-0.884164035320282,1.137744426727295,-0.3501734137535095
18,target,19,-0.8635969758033752,1.1072921752929688,-0.35827869176864624
18,target,20,-0.9044342041015625,1.1573723554611206,-0.3481118083000183
18,target,21,-0.8914477229118347,1.0784006118774414,-0.33949023485183716
18,target,22,-0.86128169298172,1.1337931156158447,-0.3536062240600586
18,target,23,-0.8754842877388,1.101232886314392,-0.3723844885826111
18,target,24,-0.8731306195259094,1.099315881729126,-0.3509504795074463
18,target,25,-0.850599467754364,1.049297571182251,-0.3788459897041321
18,target,26,-0.8484324216842651,1.0823302268981934,-0.3849669098854065
18,target,27,-0.8879954218864441,1.1303470134735107,-0.3856518268585205
18,target,28,-0.8392411470413208,0.979056715965271,-0.37799370288848877
18,target,29,-0.8376407027244568,1.0158997774124146,-0.380143940448761
18,target,30,-0.8487538695335388,0.9762635827064514,-0.3780304789543152
18,target,31,-0.890907883644104,1.1121516227722168,-0.37651175260543823
18,target,32,-0.8865911364555359,1.0725915431976318,-0.38372766971588135
18,target,33,-0.8256229162216187,1.037689208984375,-0.36664456129074097
18,target,34,-0.8047065734863281,0.9480125904083252,-0.3789284825325012
18,target,35,-0.8254299163818359,0.9848953485488892,-0.35770583152770996
18,target,36,-0.8459500074386597,1.0588757991790771,-0.3675156831741333
18,target,37,-0.8039132356643677,0.9866867661476135,-0.3795294761657715
18,target,38,-0.8361363410949707,1.0073885917663574,-0.36585545539855957
18,target,39,-0.8260143399238586,1.0335495471954346,-0.3617812395095825
18,target,40,-0.7946630120277405,1.0614851713180542,-0.3718515634536743
18,target,41,-0.8108826875686646,1.0981792211532593,-0.34797054529190063
18,target,42,-0.8447800278663635,1.0427935123443604,-0.35617733001708984
18,target,43,-0.8072682619094849,0.9882568120956421,-0.3489285111427307
18,target,44,-0.8504871726036072,1.0519616603851318,-0.3353174924850464
18,target,45,-0.8325543403625488,1.0164430141448975,-0.3300929069519043
18,target,46,-0.6425784230232239,0.8472440242767334,-0.39442694187164307
18,target,47,-0.7270607352256775,0.8932284116744995,-0.39837348461151123
18,target,48,-0.7340477108955383,0.9554309844970703,-0.4141847491264343
18,target,49,-0.6472618579864502,0.8273844718933105,-0.39213991165161133
18,target,50,-0.7993078231811523,1.0405833721160889,-0.37303340435028076
18,target,51,-0.8454131484031677,1.0354537963867188,-0.3717383146286011
18,target,52,-0.8260904550552368,1.0193054676055908,-0.3674028515815735
18,target,53,-0.8235324621200562,1.0369770526885986,-0.3941134810447693
18,target,54,-0.8546658754348755,1.0707995891571045,-0.3747760057449341
18,target,55,-0.8427243828773499,1.0499809980392456,-0.405232310295105
18,target,56,-0.8283175230026245,1.0353407859802246,-0.4046245813369751
18,target,57,-0.8209595680236816,1.0305789709091187,-0.40635573863983154
18,target,58,-0.8447086811065674,1.0570693016052246,-0.41018933057785034
18,target,59,-0.801460325717926,1.0053660869598389,-0.3983135223388672
18,target,60,-0.8040521740913391,1.0058131217956543,-0.38827717304229736
18,target,61,-0.7814739942550659,0.9612100124359131,-0.38972049951553345
18,target,62,-0.7708425521850586,0.9417762160301208,-0.37422746419906616
18,target,63,-0.7966418266296387,0.9794282913208008,-0.39423704147338867
19,source,0,-0.8724465370178223,0.9622918963432312,-0.38017237186431885
19,source,1,-0.8588467836380005,0.9085310101509094,-0.37731611728668213
19,source,2,-0.8414120674133301,0.8995170593261719,-0.38218075037002563
19,source,3,-0.8206644654273987,0.8998815417289734,-0.3942646384239197
19,source,4,-0.8456043601036072,0.8967767953872681,-0.3870909810066223
19,source,5,-0.8407705426216125,0.9326775670051575,-0.3769751787185669
19,source,6,-0.860866367816925,0.9595303535461426,-0.37797778844833374
19,source,7,-0.8550834059715271,0.916627049446106,-0.3884626626968384
19,source,8,-0.8475373387336731,0.9118921756744385,-0.37717658281326294
19,source,9,-0.8617697358131409,0.9409536719322205,-0.3741315007209778
19,source,10,-0.8569726943969727,0.9029091000556946,-0.38193678855895996
19,source,11,-0.8414642214775085,0.9300092458724976,-0.38187533617019653
19,source,12,-0.8510937690734863,0.9203590154647827,-0.38038504123687744
19,source,13,-0.8507711887359619,0.9494063854217529,-0.3716316819190979
19,source,14,-0.8484129309654236,0.9020529985427856,-0.35541224479675293
19,source,15,-0.8657299876213074,0.8840119242668152,-0.36183834075927734
19,source,16,-0.849944531917572,0.9113389849662781,-0.3689306378364563
19,source,17,-0.847597599029541,0.8926327228546143,-0.3648911118507385
19,source,18,-0.8609657287597656,0.9108152389526367,-0.3670879602432251
19,source,19,-0.8427810668945312,0.8920061588287354,-0.3850972056388855
19,source,20,-0.8249045014381409,0.9209082126617432,-0.3678094744682312
19,source,21,-0.847109854221344,0.88486647605896,-0.34693270921707153
19,source,22,-0.8359696269035339,0.8951069116592407,-0.3392276167869568
19,source,23,-0.8483611941337585,0.9070658683776855,-0.3282504081726074
19,source,24,-0.8455071449279785,0.870262622833252,-0.35005223751068115
19,source,25,-0.8575571775436401,0.8811694383621216,-0.34896862506866455
19,source,26,-0.8315194249153137,0.9115832448005676,-0.3684155344963074
19,source,27,-0.8759972453117371,0.9203336834907532,-0.3741351366043091
19,source,28,-0.8772526979446411,0.923764169216156,-0.3616856336593628
19,source,29,-0.8538987636566162,0.9173067808151245,-0.3832557797431946
19,source,30,-0.8523499369621277,0.9416775107383728,-0.3667151927947998
19,source,31,-0.8547051548957825,0.9175512790679932,-0.3746614456176758
19,source,32,-0.8499051928520203,0.9188612103462219,-0.3867737650871277
19,source,33,-0.8538908362388611,0.9212532639503479,-0.3846161961555481
19,source,34,-0.8506401181221008,0.9451339840888977,-0.36070895195007324
19,source,35,-0.8548789024353027,0.9089025259017944,-0.36775410175323486
19,source,36,-0.8788511753082275,0.9498406648635864,-0.3746100664138794
19,source,37,-0.8476869463920593,0.9042450785636902,-0.35186517238616943
19,source,38,-0.845382571220398,0.8778800368309021,-0.35154610872268677
19,source,39,-0.8470921516418457,0.8783062696456909,-0.34102457761764526
19,source,40,-0.8823936581611633,0.9510940909385681,-0.36352068185806274
19,source,41,-0.8740006685256958,0.9585563540458679,-0.35250282287597656
19,source,42,-0.8745092749595642,0.9602367281913757,-0.359078586101532
19,source,43,-0.8682754039764404,0.9390824437141418,-0.3903542160987854
19,source,44,-0.8235638737678528,0.889717698097229,-0.34436821937561035
19,source,45,-0.8250638842582703,0.8947708606719971,-0.3907725214958191
19,source,46,-0.8624815940856934,0.9060959219932556,-0.3783005475997925
19,source,47,-0.8583995699882507,0.9406280517578125,-0.3686215281486511
19,source,48,-0.8186224699020386,0.8980357050895691,-0.3753630518913269
19,source,49,-0.8554643392562866,0.9034326076507568,-0.37645429372787476
19,source,50,-0.8474162220954895,0.9372370839118958,-0.39955079555511475
19,source,51,-0.8511763215065002,0.9285775423049927,-0.4014664888381958
19,source,52,-0.8338499665260315,0.9078022241592407,-0.41785967350006104
19,source,53,-0.8289081454277039,0.8747534155845642,-0.4380134344100952
19,source,54,-0.8447532653808594,0.9183181524276733,-0.4213140606880188
19,source,55,-0.8362256288528442,0.9262750148773193,-0.4004836678504944
19,source,56,-0.8542776703834534,0.9465460777282715,-0.39417165517807007
19,source,57,-0.845371663570404,0.930718719959259,-0.4056958556175232
19,source,58,-0.8344447612762451,0.9265153408050537,-0.4078460931777954
19,source,59,-0.8373709321022034,0.9479715824127197,-0.38760465383529663
19,source,60,-0.8492689728736877,0.9199259877204895,-0.40117084980010986
19,source,61,-0.8291382193565369,0.8842505216598511,-0.4066166877746582
19,source,62,-0.8507208228111267,0.9234057068824768,-0.40360355377197266
19,source,63,-0.8345357179641724,0.9112787842750549,-0.39931821823120117
19,target,0,-0.785031259059906,1.0178766250610352,-0.4070444703102112
19,target,1,-0.8560283184051514,1.1512129306793213,-0.39165520668029785
19,target,2,-0.8465889692306519,1.0454813241958618,-0.4037003517150879
19,target,3,-0.8071430921554565,0.9445168375968933,-0.41957902908325195
19,target,4,-0.8502572178840637,1.0280930995941162,-0.42001718282699585
19,target,5,-0.9199635982513428,1.180088758468628,-0.3884162902832031
19,target,6,-0.8978991508483887,1.1254874467849731,-0.38669437170028687
19,target,7,-0.8917443752288818,1.1014394760131836,-0.39117884635925293
19,target,8,-0.8746228218078613,1.0645570755004883,-0.383419930934906
19,target,9,-0.8361483812332153,1.0437326431274414,-0.4280775189399719
19,target,10,-0.8622437715530396,1.051716923713684,-0.41504335403442383
19,target,11,-0.8664768934249878,1.1033375263214111,-0.4086308479309082
19,target,12,-0.8731385469436646,1.0599725246429443,-0.39800500869750977
19,target,13,-0.8499345183372498,1.0292292833328247,-0.4180371165275574
19,target,14,-0.8516885638237,1.0006964206695557,-0.4330636262893677
19,target,15,-0.8555450439453125,0.9808105826377869,-0.43286609649658203
19,target,16,-0.8512247204780579,0.9871383905410767,-0.42266058921813965
19,target,17,-0.8924597501754761,1.121620774269104,-0.3871361017227173
19,target,18,-0.8980366587638855,1.1393237113952637,-0.38307929039001465
19,target,19,-0.872435986995697,1.0935312509536743,-0.381591260433197
19,target,20,-0.9032084941864014,1.1552772521972656,-0.38694441318511963
19,target,21,-0.8759183883666992,1.0510804653167725,-0.36839771270751953
19,target,22,-0.8828344345092773,1.1501541137695312,-0.3891989588737488
19,target,23,-0.8835678100585938,1.100238561630249,-0.3980215787887573
19,target,24,-0.8706426024436951,1.0700109004974365,-0.3834919333457947
19,target,25,-0.8583916425704956,1.049396276473999,-0.4034804105758667
19,target,26,-0.853593111038208,1.0685107707977295,-0.4052125811576843
19,target,27,-0.8988379240036011,1.1284575462341309,-0.40861111879348755
19,target,28,-0.8505603075027466,0.970834493637085,-0.40387171506881714
19,target,29,-0.8579856753349304,1.0087738037109375,-0.4049563407897949
19,target,30,-0.861371636390686,0.9301045536994934,-0.3950765132904053
19,target,31,-0.8860392570495605,1.075355052947998,-0.40754467248916626
19,target,32,-0.8754019737243652,1.0378577709197998,-0.41644030809402466
19,target,33,-0.8338012099266052,1.0127828121185303,-0.41022419929504395
19,target,34,-0.8131726384162903,0.9341275691986084,-0.412845253944397
19,target,35,-0.8411971926689148,0.9808580875396729,-0.3974723815917969
19,target,36,-0.8528053760528564,1.0379054546356201,-0.40056681632995605
19,target,37,-0.8228589296340942,0.9725841283798218,-0.40825599431991577
19,target,38,-0.8415696620941162,0.992644190788269,-0.4020351767539978
19,target,39,-0.850501298904419,1.0464134216308594,-0.3955264091491699
19,target,40,-0.8272300958633423,1.0848276615142822,-0.396847128868103
19,target,41,-0.8432654142379761,1.1319234371185303,-0.3719862103462219
19,target,42,-0.8347854614257812,1.0156059265136719,-0.38057446479797363
19,target,43,-0.8094272613525391,0.969240128993988,-0.3725520372390747
19,target,44,-0.8395097851753235,1.0109697580337524,-0.3584858775138855
19,target,45,-0.8237155675888062,0.9912773966789246,-0.3491913080215454
19,target,46,-0.6841137409210205,0.8375315070152283,-0.405734658241272
19,target,47,-0.7651984095573425,0.9269344210624695,-0.4188796877861023
19,target,48,-0.752452552318573,0.9525156021118164,-0.43210911750793457
19,target,49,-0.6878147721290588,0.8397713899612427,-0.4056134819984436
19,target,50,-0.8004530072212219,1.0169099569320679,-0.39135080575942993
19,target,51,-0.8630485534667969,1.0571763515472412,-0.39885300397872925
19,target,52,-0.8477432131767273,1.0395281314849854,-0.3942716717720032
19,target,53,-0.853678822517395,1.0631308555603027,-0.41405200958251953
19,target,54,-0.8660978674888611,1.0798094272613525,-0.4032456874847412
19,target,55,-0.8678281307220459,1.0714857578277588,-0.4157605767250061
19,target,56,-0.8554434180259705,1.0550575256347656,-0.42111802101135254
19,target,57,-0.8411834239959717,1.0310418605804443,-0.42667555809020996
19,target,58,-0.8782948851585388,1.0869438648223877,-0.4260321259498596
19,target,59,-0.8363690972328186,1.029659390449524,-0.42145687341690063
19,target,60,-0.8347629904747009,1.0400347709655762,-0.4049931764602661
19,target,61,-0.8098931312561035,0.9932042956352234,-0.40681594610214233
19,target,62,-0.8048133254051208,0.9599758386611938,-0.40075230598449707
19,target,63,-0.8353962898254395,1.0157089233398438,-0.41240906715393066
20,source,0,-0.8473632335662842,1.0000852346420288,-0.3462854027748108
20,source,1,-0.8367186784744263,0.9758580327033997,-0.35100799798965454
20,source,2,-0.8255349397659302,0.9883726835250854,-0.34152114391326904
20,source,3,-0.8115637302398682,0.9955719709396362,-0.34363025426864624
20,source,4,-0.83210289478302,0.9916304349899292,-0.3570822477340698
20,source,5,-0.819172739982605,1.0118260383605957,-0.3427579998970032
20,source,6,-0.8424922823905945,1.0171761512756348,-0.3427673578262329
20,source,7,-0.8404242396354675,0.9940364956855774,-0.3510931134223938
20,source,8,-0.8263049125671387,0.9862582087516785,-0.3441131114959717
20,source,9,-0.8391551971435547,0.9952571988105774,-0.3395734429359436
20,source,10,-0.8381282687187195,0.9851067066192627,-0.3376307487487793
20,source,11,-0.8244020938873291,1.0126372575759888,-0.3458125591278076
20,source,12,-0.8500326871871948,1.0203711986541748,-0.34308159351348877
20,source,13,-0.8373934626579285,1.0435962677001953,-0.33514100313186646
20,source,14,-0.822452962398529,0.9557514190673828,-0.3423994779586792
20,source,15,-0.8451618552207947,0.9458048939704895,-0.3328729271888733
20,source,16,-0.8331283330917358,0.9773707985877991,-0.33900880813598633
20,source,17,-0.8355476260185242,0.9668111205101013,-0.34195202589035034
20,source,18,-0.8456363677978516,0.9784661531448364,-0.3386794328689575
20,source,19,-0.8324443101882935,0.959378182888031,-0.35331517457962036
20,source,20,-0.8151481747627258,1.0060603618621826,-0.33186662197113037
20,source,21,-0.8270254135131836,0.9526071548461914,-0.3204241991043091
20,source,22,-0.8170293569564819,0.9785902500152588,-0.3089537024497986
20,source,23,-0.8331778645515442,0.9720458388328552,-0.30375951528549194
20,source,24,-0.8264438509941101,0.9458933472633362,-0.31643545627593994
20,source,25,-0.8385400772094727,0.9409537315368652,-0.32599568367004395
20,source,26,-0.8186591863632202,0.9915465116500854,-0.3334033489227295
20,source,27,-0.8491876721382141,0.9663188457489014,-0.3467167615890503
20,source,28,-0.851260244846344,0.9565524458885193,-0.33632922172546387
20,source,29,-0.8388267755508423,1.006949782371521,-0.34624993801116943
20,source,30,-0.8338811993598938,1.0098692178726196,-0.3397931456565857
20,source,31,-0.8398193120956421,1.0090842247009277,-0.33994466066360474
20,source,32,-0.8343214988708496,0.9951891303062439,-0.3515733480453491
20,source,33,-0.8337039947509766,1.0014173984527588,-0.3587281107902527
20,source,34,-0.8216502666473389,1.0033758878707886,-0.3333319425582886
20,source,35,-0.834453821182251,0.9672331213951111,-0.3433661460876465
20,source,36,-0.844704270362854,1.0102901458740234,-0.3454517722129822
20,source,37,-0.8216601610183716,0.9664029479026794,-0.33140671253204346
20,source,38,-0.828603982925415,0.9602106809616089,-0.3243531584739685
20,source,39,-0.8247671127319336,0.9495278000831604,-0.3165505528450012
20,source,40,-0.8603128790855408,0.9911994338035583,-0.348754346370697
20,source,41,-0.8463016748428345,1.0113352537155151,-0.331092894077301
20,source,42,-0.8408320546150208,0.9935965538024902,-0.33832240104675293
20,source,43,-0.8460374474525452,1.0078167915344238,-0.3580147624015808
20,source,44,-0.8122624158859253,0.9916854500770569,-0.31534385681152344
20,source,45,-0.81863933801651,0.9927566051483154,-0.3541114926338196
20,source,46,-0.8447908163070679,0.9894979000091553,-0.3544887900352478
20,source,47,-0.8446170687675476,1.000725507736206,-0.33292055130004883
20,source,48,-0.8100569248199463,0.9952913522720337,-0.33249109983444214
20,source,49,-0.8487630486488342,0.9702399969100952,-0.34052175283432007
20,source,50,-0.8437015414237976,0.9946427941322327,-0.3684021234512329
20,source,51,-0.8363900184631348,0.9695375561714172,-0.3832257390022278
20,source,52,-0.8302289247512817,0.9801163077354431,-0.39623457193374634
20,source,53,-0.8161262273788452,0.9557449221611023,-0.4015325903892517
20,source,54,-0.8415981531143188,1.016182541847229,-0.3831483721733093
20,source,55,-0.8278685212135315,1.0091289281845093,-0.3657790422439575
20,source,56,-0.8431236743927002,1.0182600021362305,-0.36254364252090454
20,source,57,-0.8374035954475403,1.0176751613616943,-0.36921215057373047
20,source,58,-0.8180902004241943,0.997811496257782,-0.37487632036209106
20,source,59,-0.8262861371040344,1.0226953029632568,-0.3649173378944397
20,source,60,-0.8381286859512329,0.9970536828041077,-0.3619157075881958
20,source,61,-0.8225909471511841,0.9741846919059753,-0.3778095841407776
20,source,62,-0.8459215760231018,0.9922138452529907,-0.37728220224380493
20,source,63,-0.8278074264526367,0.9911867380142212,-0.36573511362075806
20,target,0,-0.7705315351486206,1.0661407709121704,-0.37468522787094116
20,target,1,-0.8594024181365967,1.213735818862915,-0.35828787088394165
20,target,2,-0.8524281978607178,1.1202235221862793,-0.36672383546829224
20,target,3,-0.8013291358947754,1.0235658884048462,-0.3821607232093811
20,target,4,-0.851691484451294,1.1034677028656006,-0.38083040714263916
20,target,5,-0.9139071702957153,1.2236223220825195,-0.3646736741065979
20,target,6,-0.8941410779953003,1.1573213338851929,-0.36364275217056274
20,target,7,-0.8563671112060547,1.1164541244506836,-0.36109763383865356
20,target,8,-0.8512693643569946,1.1009838581085205,-0.3587646484375
20,target,9,-0.8243870139122009,1.1059508323669434,-0.38226401805877686
20,target,10,-0.8551627993583679,1.1232633590698242,-0.3717558979988098
20,target,11,-0.8601272106170654,1.1699000597000122,-0.37544095516204834
20,target,12,-0.8618476390838623,1.1445837020874023,-0.352200984954834
20,target,13,-0.8482376337051392,1.0697381496429443,-0.38449692726135254
20,target,14,-0.8601187467575073,1.0860437154769897,-0.4010235667228699
20,target,15,-0.8587783575057983,1.0576088428497314,-0.3902220129966736
20,target,16,-0.8596097826957703,1.0734925270080566,-0.382627010345459
20,target,17,-0.8828040361404419,1.1661146879196167,-0.3471418619155884
20,target,18,-0.9100029468536377,1.2047767639160156,-0.334783136844635
20,target,19,-0.859661340713501,1.1439167261123657,-0.34688568115234375
20,target,20,-0.9023171663284302,1.1904352903366089,-0.34195661544799805
20,target,21,-0.8820943832397461,1.1015658378601074,-0.33281993865966797
20,target,22,-0.8626801371574402,1.1986017227172852,-0.3479989767074585
20,target,23,-0.8714256286621094,1.1469135284423828,-0.36351579427719116
20,target,24,-0.862646222114563,1.1168527603149414,-0.3420622944831848
20,target,25,-0.8498092889785767,1.0897235870361328,-0.3779059052467346
20,target,26,-0.8402281999588013,1.1120374202728271,-0.3715369701385498
20,target,27,-0.8856815099716187,1.1776189804077148,-0.3768789768218994
20,target,28,-0.8672652244567871,1.0697705745697021,-0.3695337176322937
20,target,29,-0.866089940071106,1.1178289651870728,-0.36061936616897583
20,target,30,-0.8645273447036743,1.0361610651016235,-0.3733088970184326
20,target,31,-0.9219379425048828,1.1855175495147705,-0.36063140630722046
20,target,32,-0.9118377566337585,1.1637357473373413,-0.3635808229446411
20,target,33,-0.86429363489151,1.1203393936157227,-0.37277352809906006
20,target,34,-0.8189921975135803,1.0342648029327393,-0.3703666925430298
20,target,35,-0.8398241400718689,1.0731221437454224,-0.3710886240005493
20,target,36,-0.8544495701789856,1.100332260131836,-0.3727821111679077
20,target,37,-0.8251479268074036,1.0607562065124512,-0.37481242418289185
20,target,38,-0.8375769257545471,1.0754315853118896,-0.3649371266365051
20,target,39,-0.8523639440536499,1.1164019107818604,-0.3557888865470886
20,target,40,-0.8235854506492615,1.1512460708618164,-0.3457854986190796
20,target,41,-0.8280026912689209,1.1769530773162842,-0.34360969066619873
20,target,42,-0.830249547958374,1.075810432434082,-0.3514299988746643
20,target,43,-0.7981982827186584,1.0423494577407837,-0.3429843783378601
20,target,44,-0.8235330581665039,1.0874643325805664,-0.3334830403327942
20,target,45,-0.8041162490844727,1.0570850372314453,-0.323913037776947
20,target,46,-0.6684619784355164,0.876258373260498,-0.3802766799926758
20,target,47,-0.7417076230049133,0.9806755185127258,-0.3864979147911072
20,target,48,-0.7379834651947021,1.0009410381317139,-0.3904111981391907
20,target,49,-0.6872639656066895,0.8773629665374756,-0.3779144287109375
20,target,50,-0.7967904210090637,1.0712356567382812,-0.35454702377319336
20,target,51,-0.8641840219497681,1.1292593479156494,-0.36049801111221313
20,target,52,-0.8433482050895691,1.093597173690796,-0.3604688048362732
20,target,53,-0.8550848960876465,1.1341495513916016,-0.36696112155914307
20,target,54,-0.8610648512840271,1.140921711921692,-0.36631542444229126
20,target,55,-0.8622639179229736,1.1318429708480835,-0.37812840938568115
20,target,56,-0.8298606276512146,1.0824750661849976,-0.3800874948501587
20,target,57,-0.8356521129608154,1.1015089750289917,-0.3813247084617615
20,target,58,-0.868719756603241,1.1556928157806396,-0.3816675543785095
20,target,59,-0.8203782439231873,1.0849287509918213,-0.37669360637664795
20,target,60,-0.8285432457923889,1.0994136333465576,-0.35599565505981445
20,target,61,-0.8108662962913513,1.0755939483642578,-0.35939598083496094
20,target,62,-0.8273210525512695,1.0617845058441162,-0.3508574366569519
20,target,63,-0.8187052607536316,1.057463526725769,-0.37089502811431885
21,source,0,-0.8898106813430786,1.0290157794952393,-0.3834974765777588
21,source,1,-0.8692753911018372,0.9815546274185181,-0.387116014957428
21,source,2,-0.863519549369812,0.9834120273590088,-0.3862066864967346
21,source,3,-0.8422462940216064,0.9636009931564331,-0.3956829905509949
21,source,4,-0.856067955493927,0.9850966334342957,-0.3946084976196289
21,source,5,-0.8559004068374634,0.9962030053138733,-0.38425499200820923
21,source,6,-0.886088490486145,1.0269511938095093,-0.38155168294906616
21,source,7,-0.8792692422866821,1.002037525177002,-0.3839605450630188
21,source,8,-0.8647283315658569,0.9866289496421814,-0.3834071159362793
21,source,9,-0.8751438856124878,1.003388524055481,-0.38324809074401855
21,source,10,-0.8734704852104187,0.9901472926139832,-0.38805973529815674
21,source,11,-0.8668068647384644,0.9932880997657776,-0.39284998178482056
21,source,12,-0.8856837153434753,1.0131443738937378,-0.3904930353164673
21,source,13,-0.8864721059799194,1.0271975994110107,-0.370026171207428
21,source,14,-0.8733991384506226,0.9769803881645203,-0.36579644680023193
21,source,15,-0.8683820366859436,0.9572516083717346,-0.366576611995697
21,source,16,-0.8749335408210754,0.9696095585823059,-0.36780601739883423
21,source,17,-0.8719761371612549,0.9634511470794678,-0.3736433982849121
21,source,18,-0.8889235258102417,0.9881746172904968,-0.3762575387954712
21,source,19,-0.865456223487854,0.9736127853393555,-0.38725370168685913
21,source,20,-0.8505544662475586,0.9805946946144104,-0.36631470918655396
21,source,21,-0.8506277203559875,0.9602511525154114,-0.34938645362854004
21,source,22,-0.8600908517837524,0.9733458161354065,-0.34237968921661377
21,source,23,-0.8679492473602295,0.9772529602050781,-0.3362712860107422
21,source,24,-0.8652475476264954,0.9605384469032288,-0.3590320348739624
21,source,25,-0.8696397542953491,0.9548210501670837,-0.35368841886520386
21,source,26,-0.8487434983253479,0.9758809208869934,-0.36860013008117676
21,source,27,-0.8833699226379395,0.9795835614204407,-0.3766809105873108
21,source,28,-0.8882560133934021,1.018916368484497,-0.3807644844055176
21,source,29,-0.8775622844696045,0.9877399206161499,-0.3804866075515747
21,source,30,-0.8769100308418274,0.9998434782028198,-0.38061946630477905
21,source,31,-0.8776550889015198,0.9870685338973999,-0.3889009356498718
21,source,32,-0.8703646659851074,0.9884377121925354,-0.3953703045845032
21,source,33,-0.8763338327407837,1.003572940826416,-0.3912072777748108
21,source,34,-0.8668532967567444,1.0094530582427979,-0.3742731213569641
21,source,35,-0.8735032677650452,0.9935575723648071,-0.37757277488708496
21,source,36,-0.8884983062744141,1.0165736675262451,-0.38502728939056396
21,source,37,-0.8498454093933105,0.9741098880767822,-0.36135512590408325
21,source,38,-0.8650778532028198,0.9643809199333191,-0.3568422198295593
21,source,39,-0.8535217046737671,0.9378721117973328,-0.35109955072402954
21,source,40,-0.8983135223388672,1.0213149785995483,-0.356353759765625
21,source,41,-0.8982815146446228,1.0233993530273438,-0.3436093330383301
21,source,42,-0.8970829844474792,1.0186433792114258,-0.3477790355682373
21,source,43,-0.8984906673431396,1.022362232208252,-0.371437668800354
21,source,44,-0.8407987356185913,0.9662092924118042,-0.3530714511871338
21,source,45,-0.8555500507354736,0.9665151834487915,-0.38756924867630005
21,source,46,-0.8725472688674927,0.9707677960395813,-0.3921588063240051
21,source,47,-0.896257221698761,1.0317957401275635,-0.3822011947631836
21,source,48,-0.849929928779602,0.9742503762245178,-0.3802226185798645
21,source,49,-0.8701300024986267,0.9879946112632751,-0.37682628631591797
21,source,50,-0.8609207272529602,1.0200238227844238,-0.3946874737739563
21,source,51,-0.857751727104187,0.9948298931121826,-0.4054383635520935
21,source,52,-0.8332721590995789,0.9779488444328308,-0.42146897315979004
21,source,53,-0.8191771507263184,0.9513131380081177,-0.4288221001625061
21,source,54,-0.8498294353485107,1.0235155820846558,-0.4089805483818054
21,source,55,-0.843299388885498,1.0045599937438965,-0.4004368782043457
21,source,56,-0.8587321043014526,1.020314335823059,-0.3956736922264099
21,source,57,-0.8490512371063232,1.0120513439178467,-0.39981645345687866
21,source,58,-0.8330588936805725,0.9983407855033875,-0.40637558698654175
21,source,59,-0.8447577357292175,1.020141839981079,-0.3924589157104492
21,source,60,-0.8457892537117004,0.9930418729782104,-0.3880479335784912
21,source,61,-0.8317933082580566,0.9576456546783447,-0.408305287361145
21,source,62,-0.8517385125160217,0.9879280924797058,-0.4010583162307739
21,source,63,-0.8420807123184204,0.9864668250083923,-0.38855892419815063
21,target,0,-0.7829646468162537,1.0481135845184326,-0.39032596349716187
21,target,1,-0.8738111853599548,1.2040870189666748,-0.3833807110786438
21,target,2,-0.85198575258255,1.076823115348816,-0.39321237802505493
21,target,3,-0.8256320953369141,1.0304625034332275,-0.3959837555885315
21,target,4,-0.8628705739974976,1.091902256011963,-0.40558964014053345
21,target,5,-0.9172815084457397,1.2493641376495361,-0.397718608379364
21,target,6,-0.9068410992622375,1.1866273880004883,-0.3962405323982239
21,target,7,-0.8774648904800415,1.1326477527618408,-0.39597785472869873
21,target,8,-0.8841001987457275,1.109114408493042,-0.39088916778564453
21,target,9,-0.8409050107002258,1.09834885597229,-0.4172741174697876
21,target,10,-0.8650521039962769,1.1178250312805176,-0.40022605657577515
21,target,11,-0.8712435960769653,1.1598567962646484,-0.39749228954315186
21,target,12,-0.8878045082092285,1.1247800588607788,-0.379855751991272
21,target,13,-0.8647716045379639,1.0741840600967407,-0.40576452016830444
21,target,14,-0.871859073638916,1.0997066497802734,-0.4170605540275574
21,target,15,-0.8706799745559692,1.0674548149108887,-0.41294246912002563
21,target,16,-0.8703922033309937,1.06826913356781,-0.41269201040267944
21,target,17,-0.88838791847229,1.1562743186950684,-0.38280224800109863
21,target,18,-0.9174591302871704,1.224918246269226,-0.3804260492324829
21,target,19,-0.8764510154724121,1.1550973653793335,-0.38344812393188477
21,target,20,-0.9130958914756775,1.211350917816162,-0.3817998170852661
21,target,21,-0.8836437463760376,1.116418480873108,-0.37192636728286743
21,target,22,-0.8867060542106628,1.2148628234863281,-0.38297104835510254
21,target,23,-0.8831089735031128,1.1370086669921875,-0.39372897148132324
21,target,24,-0.8811431527137756,1.1223392486572266,-0.3729819059371948
21,target,25,-0.8622971773147583,1.0869343280792236,-0.3946899175643921
21,target,26,-0.8738992214202881,1.1344842910766602,-0.3992690443992615
21,target,27,-0.9135105609893799,1.2075786590576172,-0.3978372812271118
21,target,28,-0.8639630675315857,1.043515682220459,-0.3926827907562256
21,target,29,-0.8715541362762451,1.0961452722549438,-0.3888694643974304
21,target,30,-0.847232460975647,0.9955094456672668,-0.40411943197250366
21,target,31,-0.9067643880844116,1.164966344833374,-0.39843547344207764
21,target,32,-0.8898530006408691,1.126547932624817,-0.4028683304786682
21,target,33,-0.8387662768363953,1.0590143203735352,-0.39440280199050903
21,target,34,-0.8285803198814392,1.006701946258545,-0.39584261178970337
21,target,35,-0.8289254903793335,1.0412811040878296,-0.39793896675109863
21,target,36,-0.8564167022705078,1.0721471309661865,-0.39845138788223267
21,target,37,-0.8211787343025208,1.0352346897125244,-0.3995293378829956
21,target,38,-0.8466411828994751,1.0481948852539062,-0.38441336154937744
21,target,39,-0.8509973883628845,1.0786750316619873,-0.3768730163574219
21,target,40,-0.835134744644165,1.121586799621582,-0.3843330144882202
21,target,41,-0.8444251418113708,1.1759545803070068,-0.3720235824584961
21,target,42,-0.868533194065094,1.0701699256896973,-0.38623350858688354
21,target,43,-0.8381911516189575,1.0216953754425049,-0.3716084957122803
21,target,44,-0.8635528087615967,1.0596719980239868,-0.3575807213783264
21,target,45,-0.8505093455314636,1.0421404838562012,-0.35680466890335083
21,target,46,-0.7134581804275513,0.9158926606178284,-0.3879614472389221
21,target,47,-0.7946003079414368,1.0061988830566406,-0.39346444606781006
21,target,48,-0.7826415300369263,1.0287429094314575,-0.4048815369606018
21,target,49,-0.7352030873298645,0.915680468082428,-0.3807424306869507
21,target,50,-0.8186249732971191,1.0645885467529297,-0.3841010332107544
21,target,51,-0.8762508630752563,1.1008275747299194,-0.3831460475921631
21,target,52,-0.8634054660797119,1.0801661014556885,-0.37879639863967896
21,target,53,-0.8744416832923889,1.1136549711227417,-0.40062665939331055
21,target,54,-0.8658465147018433,1.1142799854278564,-0.3885161876678467
21,target,55,-0.8748362064361572,1.1195272207260132,-0.4041903018951416
21,target,56,-0.8647894859313965,1.1046507358551025,-0.39766502380371094
21,target,57,-0.848621129989624,1.0829119682312012,-0.40458130836486816
21,target,58,-0.8889766335487366,1.1507515907287598,-0.41203635931015015
21,target,59,-0.8565236330032349,1.0944092273712158,-0.3999146819114685
21,target,60,-0.842836320400238,1.0624791383743286,-0.3831494450569153
21,target,61,-0.8232364654541016,1.0311275720596313,-0.3872157335281372
21,target,62,-0.8236887454986572,1.0109939575195312,-0.3754839301109314
21,target,63,-0.8456251621246338,1.048825979232788,-0.39420294761657715
22,source,0,-0.8634744882583618,0.9820452928543091,-0.3595353364944458
22,source,1,-0.8449022173881531,0.9366020560264587,-0.36507898569107056
22,source,2,-0.822683572769165,0.9239431023597717,-0.3533492684364319
22,source,3,-0.8040149807929993,0.9167512655258179,-0.3634251356124878
22,source,4,-0.830406904220581,0.9282039403915405,-0.37642693519592285
22,source,5,-0.82413649559021,0.9350551962852478,-0.3616613745689392
22,source,6,-0.8495801091194153,0.9641755223274231,-0.3634587526321411
22,source,7,-0.8382060527801514,0.9288904070854187,-0.375824511051178
22,source,8,-0.830308735370636,0.9132358431816101,-0.3709103465080261
22,source,9,-0.8443936109542847,0.9487411379814148,-0.3580682873725891
22,source,10,-0.83405601978302,0.917174756526947,-0.36236560344696045
22,source,11,-0.8293842077255249,0.9475449323654175,-0.3620780110359192
22,source,12,-0.848701000213623,0.9591658711433411,-0.3614060878753662
22,source,13,-0.8489413857460022,0.983559787273407,-0.34433823823928833
22,source,14,-0.8523841500282288,0.9526781439781189,-0.339260458946228
22,source,15,-0.8488625288009644,0.9221750497817993,-0.3448358178138733
22,source,16,-0.8389090895652771,0.9254116415977478,-0.34821009635925293
22,source,17,-0.8385595679283142,0.9239950776100159,-0.35152000188827515
22,source,18,-0.8517285585403442,0.9348013401031494,-0.35627973079681396
22,source,19,-0.8303580284118652,0.9166445136070251,-0.368541419506073
22,source,20,-0.8044165968894958,0.9212344884872437,-0.3412572145462036
22,source,21,-0.8250213861465454,0.9044322967529297,-0.32722723484039307
22,source,22,-0.832911491394043,0.9316740036010742,-0.3215686082839966
22,source,23,-0.8305354118347168,0.92027747631073,-0.3202812075614929
22,source,24,-0.830723762512207,0.8928110599517822,-0.33959877490997314
22,source,25,-0.8342098593711853,0.8960555195808411,-0.3501964211463928
22,source,26,-0.8229712247848511,0.9300682544708252,-0.35084307193756104
22,source,27,-0.8681773543357849,0.9555892944335938,-0.3562548756599426
22,source,28,-0.8611523509025574,0.9422647356987,-0.3502909541130066
22,source,29,-0.8380826711654663,0.9315409660339355,-0.3709782361984253
22,source,30,-0.8265034556388855,0.9441421031951904,-0.3511759042739868
22,source,31,-0.8345258235931396,0.9320113658905029,-0.35434985160827637
22,source,32,-0.8399834036827087,0.9372154474258423,-0.36214184761047363
22,source,33,-0.8359485864639282,0.9358451962471008,-0.3748714327812195
22,source,34,-0.8305461406707764,0.9537294507026672,-0.3502378463745117
22,source,35,-0.8443080186843872,0.924857497215271,-0.36064302921295166
22,source,36,-0.8736118078231812,0.9808789491653442,-0.3537108302116394
22,source,37,-0.827214241027832,0.9240542650222778,-0.34372377395629883
22,source,38,-0.833206057548523,0.907861053943634,-0.34369736909866333
22,source,39,-0.8325541019439697,0.9051929712295532,-0.33394843339920044
22,source,40,-0.8527010679244995,0.9458855390548706,-0.357430100440979
22,source,41,-0.8530559539794922,0.9714993834495544,-0.34210652112960815
22,source,42,-0.8515520095825195,0.9669562578201294,-0.34474319219589233
22,source,43,-0.8429292440414429,0.9580603837966919,-0.3716543912887573
22,source,44,-0.8112249374389648,0.9175155162811279,-0.31893301010131836
22,source,45,-0.8072729706764221,0.9044649600982666,-0.36894798278808594
22,source,46,-0.840313196182251,0.9360656142234802,-0.36868876218795776
22,source,47,-0.851083517074585,0.9648757576942444,-0.3457134962081909
22,source,48,-0.8032652735710144,0.904186487197876,-0.3510679006576538
22,source,49,-0.8484078645706177,0.9289364218711853,-0.35901641845703125
22,source,50,-0.8268963098526001,0.9627872705459595,-0.3815157413482666
22,source,51,-0.8279274106025696,0.945425271987915,-0.39020681381225586
22,source,52,-0.8101573586463928,0.9438104629516602,-0.3968868851661682
22,source,53,-0.7926400303840637,0.9139738082885742,-0.39989984035491943
22,source,54,-0.8138000965118408,0.9451655745506287,-0.4044910669326782
22,source,55,-0.8034873604774475,0.9433502554893494,-0.3878048062324524
22,source,56,-0.8192345499992371,0.9591872692108154,-0.38470780849456787
22,source,57,-0.8111573457717896,0.9670313000679016,-0.38891565799713135
22,source,58,-0.7998667359352112,0.9430392384529114,-0.398676335811615
22,source,59,-0.8079394102096558,0.9644647836685181,-0.38117390871047974
22,source,60,-0.8150717616081238,0.9447585940361023,-0.37236255407333374
22,source,61,-0.8004875779151917,0.9247708916664124,-0.3841831088066101
22,source,62,-0.817181408405304,0.9377555847167969,-0.3887394666671753
22,source,63,-0.8117942810058594,0.9524133205413818,-0.37623482942581177
22,target,0,-0.7358159422874451,0.9944931268692017,-0.37567657232284546
22,target,1,-0.8041890263557434,1.1194813251495361,-0.37064117193222046
22,target,2,-0.8058274984359741,1.029872179031372,-0.3812468647956848
22,target,3,-0.785377562046051,0.9877904653549194,-0.3920266628265381
22,target,4,-0.8256123065948486,1.0574169158935547,-0.391122043132782
22,target,5,-0.8608232140541077,1.1083558797836304,-0.38363081216812134
22,target,6,-0.87058424949646,1.1086655855178833,-0.3689950108528137
22,target,7,-0.8611019849777222,1.077021837234497,-0.3821842670440674
22,target,8,-0.8552654981613159,1.0522164106369019,-0.3647881746292114
22,target,9,-0.8208948969841003,1.0361640453338623,-0.4046240448951721
22,target,10,-0.8413259983062744,1.0655908584594727,-0.39144182205200195
22,target,11,-0.8357387185096741,1.087538719177246,-0.388062059879303
22,target,12,-0.8580036163330078,1.0638713836669922,-0.376289963722229
22,target,13,-0.8053386807441711,0.9867280125617981,-0.3978998064994812
22,target,14,-0.826472282409668,1.0227468013763428,-0.41020917892456055
22,target,15,-0.84140944480896,1.0211520195007324,-0.39732009172439575
22,target,16,-0.8225418329238892,1.0211039781570435,-0.4064915180206299
22,target,17,-0.8507146239280701,1.1010560989379883,-0.36688393354415894
22,target,18,-0.8853870034217834,1.1510283946990967,-0.3669496774673462
22,target,19,-0.8431058526039124,1.0870106220245361,-0.36946046352386475
22,target,20,-0.8802400827407837,1.1356922388076782,-0.36944717168807983
22,target,21,-0.8529485464096069,1.0470404624938965,-0.3484680652618408
22,target,22,-0.8556709885597229,1.1397111415863037,-0.3622497320175171
22,target,23,-0.8521472215652466,1.0883069038391113,-0.3760548233985901
22,target,24,-0.8456509113311768,1.0636402368545532,-0.36128145456314087
22,target,25,-0.8067527413368225,1.0146594047546387,-0.3934361934661865
22,target,26,-0.822740912437439,1.0572483539581299,-0.3918212652206421
22,target,27,-0.8468854427337646,1.1260416507720947,-0.3906857967376709
22,target,28,-0.8141969442367554,0.9838092923164368,-0.37906813621520996
22,target,29,-0.8306930661201477,1.0519804954528809,-0.3890235424041748
22,target,30,-0.8040342330932617,0.957148015499115,-0.39335012435913086
22,target,31,-0.8770575523376465,1.108694076538086,-0.38941293954849243
22,target,32,-0.8740352392196655,1.0828173160552979,-0.39354950189590454
22,target,33,-0.8290953040122986,1.0596903562545776,-0.3721035122871399
22,target,34,-0.7991915941238403,0.9723814129829407,-0.3836551904678345
22,target,35,-0.7934341430664062,0.9903688430786133,-0.3772847056388855
22,target,36,-0.8293097019195557,1.0394725799560547,-0.3726475238800049
22,target,37,-0.7946784496307373,0.9995237588882446,-0.37038594484329224
22,target,38,-0.8257729411125183,1.0225458145141602,-0.37293505668640137
22,target,39,-0.8221167922019958,1.039067268371582,-0.36805468797683716
22,target,40,-0.804698646068573,1.071682333946228,-0.3663499355316162
22,target,41,-0.8029280304908752,1.0872457027435303,-0.3510821461677551
22,target,42,-0.8146913647651672,0.9996293187141418,-0.3555966019630432
22,target,43,-0.797023594379425,0.9529077410697937,-0.354483425617218
22,target,44,-0.815729022026062,0.9705520272254944,-0.3449106812477112
22,target,45,-0.8134363889694214,0.9705846905708313,-0.3315054774284363
22,target,46,-0.640544056892395,0.8306065797805786,-0.39397192001342773
22,target,47,-0.7199599146842957,0.931882381439209,-0.39679455757141113
22,target,48,-0.7095084190368652,0.9580695033073425,-0.4078769087791443
22,target,49,-0.671288013458252,0.8456838726997375,-0.3839942216873169
22,target,50,-0.7489527463912964,0.9817416071891785,-0.3752737045288086
22,target,51,-0.8227208256721497,1.0361733436584473,-0.39136451482772827
22,target,52,-0.8008754253387451,1.007684588432312,-0.3895002007484436
22,target,53,-0.8003276586532593,1.042344331741333,-0.4011915922164917
22,target,54,-0.8202325105667114,1.0539398193359375,-0.3889309763908386
22,target,55,-0.8332735896110535,1.0727332830429077,-0.39614224433898926
22,target,56,-0.7920957207679749,1.0343017578125,-0.4013984203338623
22,target,57,-0.7842872738838196,1.0175769329071045,-0.41369301080703735
22,target,58,-0.8346483707427979,1.0886696577072144,-0.40753036737442017
22,target,59,-0.7837966680526733,1.0155768394470215,-0.4060215950012207
22,target,60,-0.786870002746582,1.0260493755340576,-0.3943400979042053
22,target,61,-0.7645975947380066,0.9847580790519714,-0.3981754779815674
22,target,62,-0.7739034295082092,0.9627236723899841,-0.3807910084724426
22,target,63,-0.7863852977752686,1.0032527446746826,-0.3944823145866394
23,source,0,-0.8709511756896973,1.0029206275939941,-0.36788249015808105
23,source,1,-0.8597566485404968,0.9692243933677673,-0.36889487504959106
23,source,2,-0.8415985703468323,0.9474309682846069,-0.37050557136535645
23,source,3,-0.8271909356117249,0.9445667266845703,-0.37365418672561646
23,source,4,-0.8515172004699707,0.9531357288360596,-0.373119592666626
23,source,5,-0.8465311527252197,0.9767396450042725,-0.3657979965209961
23,source,6,-0.8659874796867371,1.0008211135864258,-0.37364840507507324
23,source,7,-0.8605065941810608,0.9697184562683105,-0.3765215277671814
23,source,8,-0.8539377450942993,0.9649258255958557,-0.3716204762458801
23,source,9,-0.8592590689659119,0.9865294694900513,-0.36815810203552246
23,source,10,-0.8568794131278992,0.9619008302688599,-0.36798882484436035
23,source,11,-0.8452801704406738,0.9828494787216187,-0.3755296468734741
23,source,12,-0.861156165599823,0.9856592416763306,-0.36963969469070435
23,source,13,-0.8596858978271484,1.006807804107666,-0.35457074642181396
23,source,14,-0.850616455078125,0.9561594128608704,-0.35979658365249634
23,source,15,-0.8638852834701538,0.937861979007721,-0.3462890386581421
23,source,16,-0.8533637523651123,0.9449704885482788,-0.3603856563568115
23,source,17,-0.8513044118881226,0.9437017440795898,-0.3619104027748108
23,source,18,-0.8657354712486267,0.9508313536643982,-0.3673219084739685
23,source,19,-0.8575437664985657,0.9560409188270569,-0.37199294567108154
23,source,20,-0.8326911330223083,0.9705860018730164,-0.35415762662887573
23,source,21,-0.8488402366638184,0.9482041001319885,-0.34103190898895264
23,source,22,-0.8358745574951172,0.9478996992111206,-0.34015703201293945
23,source,23,-0.8477177619934082,0.9539597630500793,-0.3367809057235718
23,source,24,-0.843805193901062,0.9284610748291016,-0.3488001227378845
23,source,25,-0.8544764518737793,0.9335227012634277,-0.3496386408805847
23,source,26,-0.8348067402839661,0.956121027469635,-0.35833805799484253
23,source,27,-0.8715966939926147,0.9572468996047974,-0.36451268196105957
23,source,28,-0.872696042060852,0.9711781740188599,-0.35817044973373413
23,source,29,-0.8619723320007324,0.9734719395637512,-0.3667599558830261
23,source,30,-0.8514005541801453,0.9741387367248535,-0.3650408983230591
23,source,31,-0.863377571105957,0.9783015251159668,-0.36403608322143555
23,source,32,-0.8557442426681519,0.974898099899292,-0.37348753213882446
23,source,33,-0.857342004776001,0.9738731384277344,-0.3768562078475952
23,source,34,-0.8503050804138184,0.9977917671203613,-0.3537280559539795
23,source,35,-0.8570461273193359,0.9618229269981384,-0.3637614846229553
23,source,36,-0.8697829842567444,0.98271244764328,-0.3665928244590759
23,source,37,-0.8418698906898499,0.9466090202331543,-0.34888166189193726
23,source,38,-0.8453884124755859,0.9380285739898682,-0.3444671034812927
23,source,39,-0.8472857475280762,0.9338369965553284,-0.34049099683761597
23,source,40,-0.8737779855728149,0.9903886318206787,-0.35878241062164307
23,source,41,-0.8651531934738159,0.9968352913856506,-0.3465456962585449
23,source,42,-0.8657501339912415,0.992985188961029,-0.3541393280029297
23,source,43,-0.8665687441825867,0.9923213720321655,-0.37121331691741943
23,source,44,-0.829296886920929,0.9550434947013855,-0.33881425857543945
23,source,45,-0.8361790180206299,0.9520273804664612,-0.3754187822341919
23,source,46,-0.8578758239746094,0.957064688205719,-0.37449073791503906
23,source,47,-0.8644667267799377,0.9890797138214111,-0.35973232984542847
23,source,48,-0.8332972526550293,0.9536495804786682,-0.3617129325866699
23,source,49,-0.8669369220733643,0.9573296308517456,-0.3609984517097473
23,source,50,-0.8475296497344971,0.9865910410881042,-0.3769475221633911
23,source,51,-0.8519173860549927,0.9797163009643555,-0.3838174343109131
23,source,52,-0.8392674922943115,0.9682744741439819,-0.39231616258621216
23,source,53,-0.8188901543617249,0.9453932046890259,-0.39933478832244873
23,source,54,-0.8511029481887817,0.9754123687744141,-0.39220988750457764
23,source,55,-0.8420955538749695,0.9824606776237488,-0.37664443254470825
23,source,56,-0.861002504825592,1.0051463842391968,-0.37955009937286377
23,source,57,-0.8516494035720825,1.0005302429199219,-0.3797703981399536
23,source,58,-0.8394323587417603,0.9882810115814209,-0.3843908905982971
23,source,59,-0.842481255531311,1.0082907676696777,-0.37946003675460815
23,source,60,-0.8496874570846558,0.9823601841926575,-0.37284475564956665
23,source,61,-0.8396354913711548,0.9806253910064697,-0.3858225345611572
23,source,62,-0.8539926409721375,0.971350908279419,-0.3835518956184387
23,source,63,-0.8403365015983582,0.9718815088272095,-0.3703573942184448
23,target,0,-0.7857341766357422,1.0455131530761719,-0.37944114208221436
23,target,1,-0.8701090216636658,1.1895344257354736,-0.36858677864074707
23,target,2,-0.8538349866867065,1.1135311126708984,-0.3610365390777588
23,target,3,-0.8361953496932983,1.0564610958099365,-0.3841952681541443
23,target,4,-0.8659322261810303,1.1049926280975342,-0.3806864619255066
23,target,5,-0.8773499727249146,1.1232008934020996,-0.38435864448547363
23,target,6,-0.8823019862174988,1.1172614097595215,-0.38015061616897583
23,target,7,-0.8733514547348022,1.086022138595581,-0.3814581036567688
23,target,8,-0.8738912343978882,1.0795624256134033,-0.37588125467300415
23,target,9,-0.8405004143714905,1.0899901390075684,-0.3931901454925537
23,target,10,-0.8635354042053223,1.0984385013580322,-0.38261640071868896
23,target,11,-0.8559966683387756,1.1274440288543701,-0.38453948497772217
23,target,12,-0.8737563490867615,1.102461576461792,-0.3695739507675171
23,target,13,-0.8419177532196045,1.0497817993164062,-0.3942556381225586
23,target,14,-0.8666085600852966,1.0757063627243042,-0.39875078201293945
23,target,15,-0.8528100252151489,1.0424344539642334,-0.3999602198600769
23,target,16,-0.8484597206115723,1.049267292022705,-0.3966407775878906
23,target,17,-0.8889142274856567,1.1496350765228271,-0.3615263104438782
23,target,18,-0.8950154781341553,1.169582486152649,-0.36654478311538696
23,target,19,-0.8694331645965576,1.1201441287994385,-0.3726609945297241
23,target,20,-0.8969599008560181,1.1658852100372314,-0.37227141857147217
23,target,21,-0.8612504005432129,1.0670602321624756,-0.3586804270744324
23,target,22,-0.861070990562439,1.151573657989502,-0.3695716857910156
23,target,23,-0.8852838277816772,1.13486909866333,-0.3738209009170532
23,target,24,-0.8716109991073608,1.105093240737915,-0.36493295431137085
23,target,25,-0.8619155883789062,1.1140918731689453,-0.38166725635528564
23,target,26,-0.8469093441963196,1.1066842079162598,-0.3803975582122803
23,target,27,-0.8877962827682495,1.166519045829773,-0.3841365575790405
23,target,28,-0.8367928266525269,1.049665927886963,-0.35868632793426514
23,target,29,-0.8677414655685425,1.0978410243988037,-0.37591975927352905
23,target,30,-0.8531805276870728,0.9985446929931641,-0.37897026538848877
23,target,31,-0.918356716632843,1.1709296703338623,-0.3771436810493469
23,target,32,-0.9151232838630676,1.1357896327972412,-0.38305604457855225
23,target,33,-0.843979001045227,1.090585470199585,-0.3577902317047119
23,target,34,-0.829116702079773,1.0324597358703613,-0.3682587742805481
23,target,35,-0.8103477954864502,1.046338438987732,-0.36233359575271606
23,target,36,-0.850933313369751,1.0946252346038818,-0.3709595799446106
23,target,37,-0.8177477717399597,1.0487139225006104,-0.36469507217407227
23,target,38,-0.8405548930168152,1.0663089752197266,-0.36058443784713745
23,target,39,-0.8553528785705566,1.0925503969192505,-0.35925859212875366
23,target,40,-0.8236756324768066,1.1144822835922241,-0.36478322744369507
23,target,41,-0.8313791155815125,1.1267461776733398,-0.35605692863464355
23,target,42,-0.8427683711051941,1.0465543270111084,-0.3652445673942566
23,target,43,-0.8185458183288574,1.0078989267349243,-0.36485010385513306
23,target,44,-0.8366501927375793,1.035987377166748,-0.34829598665237427
23,target,45,-0.8318561315536499,1.0296884775161743,-0.34529274702072144
23,target,46,-0.722633957862854,0.9226424098014832,-0.39364880323410034
23,target,47,-0.7890607118606567,1.0098475217819214,-0.390153169631958
23,target,48,-0.776849091053009,1.031216025352478,-0.4048423767089844
23,target,49,-0.7228890657424927,0.9124491810798645,-0.3886784315109253
23,target,50,-0.8137150406837463,1.0419669151306152,-0.3740209937095642
23,target,51,-0.8715289831161499,1.1147651672363281,-0.37601202726364136
23,target,52,-0.8510018587112427,1.0871833562850952,-0.3724035620689392
23,target,53,-0.8694859743118286,1.1152393817901611,-0.38504499197006226
23,target,54,-0.8781008720397949,1.140758752822876,-0.37437427043914795
23,target,55,-0.8840751051902771,1.126119613647461,-0.3897402286529541
23,target,56,-0.8784784078598022,1.1222689151763916,-0.3906368017196655
23,target,57,-0.8615336418151855,1.1052284240722656,-0.3953578472137451
23,target,58,-0.8933598399162292,1.1497132778167725,-0.4012871980667114
23,target,59,-0.8501451015472412,1.100677251815796,-0.3927565813064575
23,target,60,-0.8493815660476685,1.0966135263442993,-0.3762628436088562
23,target,61,-0.8233770132064819,1.060638189315796,-0.38071614503860474
23,target,62,-0.8300518989562988,1.0518829822540283,-0.36738497018814087
23,target,63,-0.8416494131088257,1.073688268661499,-0.38749629259109497
24,source,0,-0.8760799169540405,0.9879791736602783,-0.3819757103919983
24,source,1,-0.8653846979141235,0.9483773112297058,-0.3870197534561157
24,source,2,-0.853861927986145,0.9434419870376587,-0.38637787103652954
24,source,3,-0.8421617150306702,0.9266484379768372,-0.39303284883499146
24,source,4,-0.8567622303962708,0.9374243021011353,-0.40109431743621826
24,source,5,-0.8583351969718933,0.9588361978530884,-0.38460272550582886
24,source,6,-0.8754398226737976,0.9886900782585144,-0.3863567113876343
24,source,7,-0.8705023527145386,0.962306022644043,-0.39139771461486816
24,source,8,-0.8634395599365234,0.9461073279380798,-0.38654792308807373
24,source,9,-0.8722504377365112,0.9798513054847717,-0.3795531392097473
24,source,10,-0.8662636280059814,0.9423872828483582,-0.38308990001678467
24,source,11,-0.8554236888885498,0.9596542119979858,-0.38982272148132324
24,source,12,-0.8669391870498657,0.9633110761642456,-0.3868163824081421
24,source,13,-0.8687693476676941,0.9730071425437927,-0.3676455020904541
24,source,14,-0.8575875759124756,0.9333475232124329,-0.3648848533630371
24,source,15,-0.8713507652282715,0.9250276684761047,-0.3703914284706116
24,source,16,-0.8585628867149353,0.923020601272583,-0.377074658870697
24,source,17,-0.855194628238678,0.922978937625885,-0.37830275297164917
24,source,18,-0.8665295839309692,0.930343508720398,-0.3799390196800232
24,source,19,-0.8572624921798706,0.9296497702598572,-0.3893256187438965
24,source,20,-0.8477943539619446,0.9305076599121094,-0.37551450729370117
24,source,21,-0.8581355214118958,0.9221628904342651,-0.35476231575012207
24,source,22,-0.8479582667350769,0.9223441481590271,-0.35629361867904663
24,source,23,-0.8624768257141113,0.9247380495071411,-0.35316336154937744
24,source,24,-0.8527329564094543,0.9158902764320374,-0.36507147550582886
24,source,25,-0.858296811580658,0.9174058437347412,-0.3697471022605896
24,source,26,-0.8473085165023804,0.9306790828704834,-0.371367871761322
24,source,27,-0.8840992450714111,0.948556125164032,-0.3773520588874817
24,source,28,-0.8778234720230103,0.9513259530067444,-0.3764289617538452
24,source,29,-0.86711585521698,0.9404429793357849,-0.3886592984199524
24,source,30,-0.8629800081253052,0.9600566029548645,-0.37765830755233765
24,source,31,-0.8701738119125366,0.9529726505279541,-0.37888675928115845
24,source,32,-0.8648669719696045,0.957344651222229,-0.3900293707847595
24,source,33,-0.8678183555603027,0.9580056071281433,-0.39499926567077637
24,source,34,-0.860564649105072,0.9777989983558655,-0.37453901767730713
24,source,35,-0.8653309345245361,0.9546509385108948,-0.3823290467262268
24,source,36,-0.8838669061660767,0.973682165145874,-0.3745112419128418
24,source,37,-0.8545525670051575,0.9358890056610107,-0.3637142777442932
24,source,38,-0.8579963445663452,0.934640645980835,-0.3618249297142029
24,source,39,-0.8559541702270508,0.9224497079849243,-0.3619201183319092
24,source,40,-0.8762879967689514,0.9627138376235962,-0.38362663984298706
24,source,41,-0.8704162836074829,0.9708106517791748,-0.36567699909210205
24,source,42,-0.8691228628158569,0.9632967114448547,-0.3751278519630432
24,source,43,-0.8745865821838379,0.9635236263275146,-0.3949248194694519
24,source,44,-0.8447579145431519,0.920967698097229,-0.3527648448944092
24,source,45,-0.845374584197998,0.9206368327140808,-0.3935415744781494
24,source,46,-0.8647375106811523,0.9388103485107422,-0.38842958211898804
24,source,47,-0.8765350580215454,0.9825542569160461,-0.3704497218132019
24,source,48,-0.8487763404846191,0.931942343711853,-0.38503116369247437
24,source,49,-0.8718303442001343,0.9389902353286743,-0.38286852836608887
24,source,50,-0.8482762575149536,0.96561598777771,-0.3968406915664673
24,source,51,-0.8535757660865784,0.9473780393600464,-0.41006219387054443
24,source,52,-0.8393315672874451,0.9440332055091858,-0.4252381920814514
24,source,53,-0.8342829942703247,0.9244980812072754,-0.42283833026885986
24,source,54,-0.8558458685874939,0.9612051248550415,-0.4201788306236267
24,source,55,-0.8523598313331604,0.9775840640068054,-0.4059562087059021
24,source,56,-0.865653932094574,0.9845172166824341,-0.4015602469444275
24,source,57,-0.8593882322311401,0.9771257638931274,-0.40387970209121704
24,source,58,-0.841485857963562,0.9680504202842712,-0.41518813371658325
24,source,59,-0.8542323112487793,0.9844028949737549,-0.400162935256958
24,source,60,-0.8512254357337952,0.95136958360672,-0.39522039890289307
24,source,61,-0.8402769565582275,0.933563232421875,-0.40712296962738037
24,source,62,-0.8556053638458252,0.9427953958511353,-0.40819883346557617
24,source,63,-0.8432031869888306,0.9374457597732544,-0.3920033574104309
24,target,0,-0.7861877679824829,1.0055201053619385,-0.40309810638427734
24,target,1,-0.8473222851753235,1.1248425245285034,-0.3893497586250305
24,target,2,-0.8586113452911377,1.0694671869277954,-0.39212650060653687
24,target,3,-0.8229936361312866,0.9902827143669128,-0.40945297479629517
24,target,4,-0.8454604148864746,1.0232739448547363,-0.414648175239563
24,target,5,-0.8604100346565247,1.0817420482635498,-0.4101690649986267
24,target,6,-0.877703070640564,1.0940721035003662,-0.402229905128479
24,target,7,-0.8693329691886902,1.0631247758865356,-0.40714722871780396
24,target,8,-0.8705813884735107,1.0456513166427612,-0.3935531973838806
24,target,9,-0.8340547680854797,1.0207159519195557,-0.4245433807373047
24,target,10,-0.8524417877197266,1.0393128395080566,-0.40904444456100464
24,target,11,-0.832758903503418,1.052736759185791,-0.4056563973426819
24,target,12,-0.858601987361908,1.0376323461532593,-0.3872532248497009
24,target,13,-0.8292152881622314,0.991282045841217,-0.4129965901374817
24,target,14,-0.8487452864646912,1.0140312910079956,-0.4254376292228699
24,target,15,-0.8369792103767395,0.9819937944412231,-0.426963746547699
24,target,16,-0.8356901407241821,0.9990977048873901,-0.41841334104537964
24,target,17,-0.8769136667251587,1.0981907844543457,-0.38445425033569336
24,target,18,-0.893021821975708,1.1176276206970215,-0.3878509998321533
24,target,19,-0.8720930218696594,1.0862956047058105,-0.3882104754447937
24,target,20,-0.8864302039146423,1.1200683116912842,-0.3885793089866638
24,target,21,-0.8674818873405457,1.0573668479919434,-0.3760920763015747
24,target,22,-0.8516885042190552,1.1050091981887817,-0.3839268088340759
24,target,23,-0.8732183575630188,1.078845500946045,-0.397760808467865
24,target,24,-0.8648045063018799,1.0650405883789062,-0.384358286857605
24,target,25,-0.8375124931335449,1.0242130756378174,-0.4012715816497803
24,target,26,-0.8326133489608765,1.0410898923873901,-0.40356582403182983
24,target,27,-0.8617977499961853,1.116211175918579,-0.3996657133102417
24,target,28,-0.8005836009979248,0.9611084461212158,-0.37775808572769165
24,target,29,-0.8588434457778931,1.0412266254425049,-0.4043065905570984
24,target,30,-0.8446464538574219,0.9609603881835938,-0.403949499130249
24,target,31,-0.8931808471679688,1.101181983947754,-0.4050736427307129
24,target,32,-0.9026143550872803,1.0859098434448242,-0.40657883882522583
24,target,33,-0.8551769256591797,1.0383293628692627,-0.40615350008010864
24,target,34,-0.8215850591659546,0.9608211517333984,-0.40621763467788696
24,target,35,-0.8210023641586304,0.9894512295722961,-0.4081107974052429
24,target,36,-0.8635388612747192,1.0384132862091064,-0.4056057929992676
24,target,37,-0.8333197236061096,0.9993187189102173,-0.4000130891799927
24,target,38,-0.8420801162719727,1.0107866525650024,-0.38848114013671875
24,target,39,-0.8585020899772644,1.048572063446045,-0.3904549479484558
24,target,40,-0.8118200302124023,1.05440092086792,-0.38966435194015503
24,target,41,-0.8179787397384644,1.077235221862793,-0.3755582571029663
24,target,42,-0.8439434766769409,1.0005425214767456,-0.38328391313552856
24,target,43,-0.8309061527252197,0.9589993357658386,-0.37173306941986084
24,target,44,-0.85054612159729,0.9768481254577637,-0.3563324809074402
24,target,45,-0.8398349285125732,0.9713482856750488,-0.3553023338317871
24,target,46,-0.7090935111045837,0.8560338020324707,-0.41513490676879883
24,target,47,-0.7773524522781372,0.9529474973678589,-0.41338515281677246
24,target,48,-0.7654793858528137,0.9704926609992981,-0.424960196018219
24,target,49,-0.7190210223197937,0.8614014983177185,-0.39642345905303955
24,target,50,-0.7978513240814209,0.9959043860435486,-0.3963555693626404
24,target,51,-0.8615607023239136,1.0598294734954834,-0.40209561586380005
24,target,52,-0.8379206657409668,1.0353755950927734,-0.3915516138076782
24,target,53,-0.8426542282104492,1.0552945137023926,-0.4101090431213379
24,target,54,-0.857071042060852,1.06296968460083,-0.4043006896972656
24,target,55,-0.8566865921020508,1.060185194015503,-0.4166359305381775
24,target,56,-0.8430017232894897,1.0504701137542725,-0.41310399770736694
24,target,57,-0.8405057787895203,1.0409061908721924,-0.41835999488830566
24,target,58,-0.8617632985115051,1.0738754272460938,-0.42357903718948364
24,target,59,-0.8287228941917419,1.0405328273773193,-0.4096298813819885
24,target,60,-0.8403412103652954,1.049824595451355,-0.3980199098587036
24,target,61,-0.8154114484786987,1.0100029706954956,-0.4046438932418823
24,target,62,-0.8206557631492615,0.9967952370643616,-0.3921598792076111
24,target,63,-0.8273721933364868,1.0152257680892944,-0.40786463022232056
25,source,0,-0.8584080934524536,0.9940525889396667,-0.3653530478477478
25,source,1,-0.8450149297714233,0.9547905921936035,-0.3697751760482788
25,source,2,-0.8321862816810608,0.9429717063903809,-0.37215691804885864
25,source,3,-0.8207204341888428,0.9487264156341553,-0.3777574300765991
25,source,4,-0.840227484703064,0.9456324577331543,-0.37888669967651367
25,source,5,-0.8414236903190613,0.9882356524467468,-0.3651358485221863
25,source,6,-0.852006733417511,0.9919276237487793,-0.3691587448120117
25,source,7,-0.841493546962738,0.9646837711334229,-0.3761884570121765
25,source,8,-0.8381842374801636,0.9557923674583435,-0.371757447719574
25,source,9,-0.8508108258247375,0.9810543656349182,-0.367853045463562
25,source,10,-0.8445814251899719,0.9439147710800171,-0.36664408445358276
25,source,11,-0.8382197022438049,0.9791601300239563,-0.3674585819244385
25,source,12,-0.841710090637207,0.9555649161338806,-0.36443328857421875
25,source,13,-0.8424409031867981,0.9912399053573608,-0.35383141040802
25,source,14,-0.836704671382904,0.9538230895996094,-0.35252565145492554
25,source,15,-0.8467586040496826,0.9315193891525269,-0.35527580976486206
25,source,16,-0.8407993316650391,0.9515049457550049,-0.35728609561920166
25,source,17,-0.8312321305274963,0.9210468530654907,-0.36239075660705566
25,source,18,-0.8482685089111328,0.9462785124778748,-0.35700321197509766
25,source,19,-0.83672696352005,0.9297773241996765,-0.37062060832977295
25,source,20,-0.8218161463737488,0.9533480405807495,-0.3533288836479187
25,source,21,-0.8350070714950562,0.9317282438278198,-0.34669625759124756
25,source,22,-0.8237916231155396,0.9287570118904114,-0.34018033742904663
25,source,23,-0.8386877775192261,0.9452461004257202,-0.33000457286834717
25,source,24,-0.8313072919845581,0.9263949394226074,-0.34971755743026733
25,source,25,-0.8379936218261719,0.9148731827735901,-0.35485029220581055
25,source,26,-0.8230860233306885,0.9404783844947815,-0.3610377907752991
25,source,27,-0.8552484512329102,0.9448619484901428,-0.353357195854187
25,source,28,-0.8683913350105286,0.9567840695381165,-0.3544405698776245
25,source,29,-0.8374006748199463,0.9375972151756287,-0.3715648055076599
25,source,30,-0.8393580913543701,0.9749929904937744,-0.35987305641174316
25,source,31,-0.8391374945640564,0.9515674114227295,-0.37152767181396484
25,source,32,-0.8382928967475891,0.9596993923187256,-0.3748232126235962
25,source,33,-0.8444948196411133,0.9641013145446777,-0.3763387203216553
25,source,34,-0.8456950187683105,0.9922140836715698,-0.35673683881759644
25,source,35,-0.846008837223053,0.9519641399383545,-0.3648379445075989
25,source,36,-0.8564500212669373,0.9666010737419128,-0.3632344603538513
25,source,37,-0.8348299264907837,0.9509691596031189,-0.35337305068969727
25,source,38,-0.8369381427764893,0.9327121376991272,-0.3513760566711426
25,source,39,-0.8332828283309937,0.9287686944007874,-0.34903180599212646
25,source,40,-0.8481773138046265,0.9549987316131592,-0.36499279737472534
25,source,41,-0.8426518440246582,0.9684396982192993,-0.34433865547180176
25,source,42,-0.8446060419082642,0.9698924422264099,-0.3559526205062866
25,source,43,-0.8428313732147217,0.9526543617248535,-0.37591731548309326
25,source,44,-0.8167847394943237,0.9262774586677551,-0.34900498390197754
25,source,45,-0.8233045339584351,0.9315316081047058,-0.37518370151519775
25,source,46,-0.8361101746559143,0.9329313635826111,-0.369736909866333
25,source,47,-0.8579970002174377,0.984978973865509,-0.3570707440376282
25,source,48,-0.8221842050552368,0.9452148079872131,-0.370012104511261
25,source,49,-0.847753643989563,0.9369902014732361,-0.3675997257232666
25,source,50,-0.826194703578949,0.9706562757492065,-0.38013768196105957
25,source,51,-0.82756507396698,0.9456755518913269,-0.3907063603401184
25,source,52,-0.8132026195526123,0.9364468455314636,-0.4119652509689331
25,source,53,-0.8099409341812134,0.927595853805542,-0.4193617105484009
25,source,54,-0.8301466107368469,0.9595844149589539,-0.40304696559906006
25,source,55,-0.8269927501678467,0.980489194393158,-0.39286160469055176
25,source,56,-0.8355047702789307,0.9859552979469299,-0.386471152305603
25,source,57,-0.832634449005127,0.9876847267150879,-0.3893178105354309
25,source,58,-0.8182864785194397,0.9759908318519592,-0.39480775594711304
25,source,59,-0.8258553743362427,0.9901838898658752,-0.3913699984550476
25,source,60,-0.8362501859664917,0.9685567617416382,-0.382587730884552
25,source,61,-0.8174882531166077,0.9420055747032166,-0.39908939599990845
25,source,62,-0.8340941667556763,0.9425454139709473,-0.39111608266830444
25,source,63,-0.8205093741416931,0.9451658129692078,-0.3836158514022827
25,target,0,-0.7832304239273071,1.0313057899475098,-0.3861246705055237
25,target,1,-0.8467327952384949,1.1533918380737305,-0.37829893827438354
25,target,2,-0.8221895694732666,1.0467920303344727,-0.3924766182899475
25,target,3,-0.7950725555419922,0.9850549697875977,-0.40474170446395874
25,target,4,-0.8368855714797974,1.0343972444534302,-0.4033586382865906
25,target,5,-0.8618241548538208,1.0944442749023438,-0.40696078538894653
25,target,6,-0.8665357828140259,1.1135601997375488,-0.3878301978111267
25,target,7,-0.8683066964149475,1.0877695083618164,-0.39445626735687256
25,target,8,-0.8503934144973755,1.060687780380249,-0.3864862322807312
25,target,9,-0.819611668586731,1.0370804071426392,-0.409463107585907
25,target,10,-0.8389714360237122,1.042214035987854,-0.39882344007492065
25,target,11,-0.8377672433853149,1.085264801979065,-0.3968467116355896
25,target,12,-0.8506821393966675,1.0494790077209473,-0.3912428617477417
25,target,13,-0.8294806480407715,1.015320897102356,-0.4041435718536377
25,target,14,-0.8452043533325195,1.0401872396469116,-0.41363096237182617
25,target,15,-0.8395233154296875,1.0066332817077637,-0.41110163927078247
25,target,16,-0.8312193155288696,1.008390188217163,-0.40795934200286865
25,target,17,-0.8711179494857788,1.1170547008514404,-0.3811178207397461
25,target,18,-0.8853837251663208,1.1532279253005981,-0.38398313522338867
25,target,19,-0.8609171509742737,1.1051850318908691,-0.3772851228713989
25,target,20,-0.8791697025299072,1.1429967880249023,-0.387869656085968
25,target,21,-0.8486351370811462,1.0643596649169922,-0.36671721935272217
25,target,22,-0.8610582947731018,1.1458954811096191,-0.37969475984573364
25,target,23,-0.866457998752594,1.096987009048462,-0.38753002882003784
25,target,24,-0.849170446395874,1.085340976715088,-0.38095223903656006
25,target,25,-0.8308194279670715,1.0508478879928589,-0.39000946283340454
25,target,26,-0.826865017414093,1.0696861743927002,-0.38861435651779175
25,target,27,-0.8829790949821472,1.1613651514053345,-0.3825048804283142
25,target,28,-0.7909514904022217,0.986858606338501,-0.38192081451416016
25,target,29,-0.8438299894332886,1.0520124435424805,-0.3943670392036438
25,target,30,-0.8039297461509705,0.9213181138038635,-0.3959057927131653
25,target,31,-0.8795936107635498,1.0948002338409424,-0.40137428045272827
25,target,32,-0.8686490058898926,1.0612058639526367,-0.40074342489242554
25,target,33,-0.8189589381217957,1.0155212879180908,-0.40493422746658325
25,target,34,-0.8003705739974976,0.9719864130020142,-0.39877575635910034
25,target,35,-0.7924105525016785,1.0007176399230957,-0.3924883008003235
25,target,36,-0.8294504880905151,1.0458054542541504,-0.397708535194397
25,target,37,-0.7901461124420166,1.0010781288146973,-0.39007771015167236
25,target,38,-0.8226682543754578,1.0128560066223145,-0.39368969202041626
25,target,39,-0.8294376134872437,1.0342440605163574,-0.39087730646133423
25,target,40,-0.8071128726005554,1.0773035287857056,-0.3789774775505066
25,target,41,-0.824523389339447,1.1021614074707031,-0.367703378200531
25,target,42,-0.8382620811462402,1.0373921394348145,-0.37116843461990356
25,target,43,-0.8108013868331909,0.9959924221038818,-0.36916452646255493
25,target,44,-0.8340718746185303,1.0227415561676025,-0.35329490900039673
25,target,45,-0.8164659142494202,1.0087186098098755,-0.35183393955230713
25,target,46,-0.7050511837005615,0.8957988023757935,-0.3842642903327942
25,target,47,-0.7782652974128723,1.00004243850708,-0.3894280195236206
25,target,48,-0.7737607955932617,1.0140727758407593,-0.3992652893066406
25,target,49,-0.7103930115699768,0.8923979997634888,-0.37069207429885864
25,target,50,-0.8015008568763733,1.0416494607925415,-0.3827497959136963
25,target,51,-0.8417618274688721,1.0753192901611328,-0.3914182186126709
25,target,52,-0.8382555842399597,1.0724875926971436,-0.3848828673362732
25,target,53,-0.8466359376907349,1.0871107578277588,-0.397266685962677
25,target,54,-0.8513085246086121,1.0834410190582275,-0.39164507389068604
25,target,55,-0.8770740628242493,1.113222360610962,-0.3926563262939453
25,target,56,-0.8658682107925415,1.1011707782745361,-0.3894357681274414
25,target,57,-0.8433061838150024,1.0688272714614868,-0.4026608467102051
25,target,58,-0.8786977529525757,1.123694896697998,-0.4061940312385559
25,target,59,-0.832518458366394,1.0723700523376465,-0.39741528034210205
25,target,60,-0.8327667713165283,1.0730552673339844,-0.3886888027191162
25,target,61,-0.8129762411117554,1.0386834144592285,-0.3930850028991699
25,target,62,-0.8043632507324219,0.9934278130531311,-0.3874555826187134
25,target,63,-0.8253389596939087,1.0388734340667725,-0.3948153257369995
26,source,0,-0.8814040422439575,1.0317280292510986,-0.3848496079444885
26,source,1,-0.8671138286590576,0.9898406863212585,-0.38660961389541626
26,source,2,-0.8560746908187866,0.9822239279747009,-0.38764286041259766
26,source,3,-0.8495986461639404,0.9912432432174683,-0.38645511865615845
26,source,4,-0.8621745109558105,0.9912793636322021,-0.39132189750671387
26,source,5,-0.8621349334716797,1.0138602256774902,-0.38063734769821167
26,source,6,-0.8751208186149597,1.0183897018432617,-0.38596123456954956
26,source,7,-0.8730791211128235,0.9995264410972595,-0.3906399607658386
26,source,8,-0.8623751401901245,0.9898190498352051,-0.3862759470939636
26,source,9,-0.8781334757804871,1.0145171880722046,-0.3789692521095276
26,source,10,-0.8757305145263672,0.9922922849655151,-0.37755489349365234
26,source,11,-0.8568198680877686,1.009577751159668,-0.3875252604484558
26,source,12,-0.8737148642539978,0.9960076808929443,-0.3793408274650574
26,source,13,-0.8736949563026428,1.034356951713562,-0.366976261138916
26,source,14,-0.8628714084625244,0.9808158278465271,-0.3707016706466675
26,source,15,-0.8756380081176758,0.9690521359443665,-0.3694288730621338
26,source,16,-0.8697298169136047,0.9788978695869446,-0.3714025020599365
26,source,17,-0.8615087866783142,0.9629344344139099,-0.37803226709365845
26,source,18,-0.8795692920684814,0.9833138585090637,-0.3736116886138916
26,source,19,-0.8666286468505859,0.9669760465621948,-0.3818966746330261
26,source,20,-0.8475937247276306,0.9966301918029785,-0.36775296926498413
26,source,21,-0.8663865327835083,0.9697006940841675,-0.3642120361328125
26,source,22,-0.8553865551948547,0.9605503082275391,-0.35718053579330444
26,source,23,-0.8692445755004883,0.9805033802986145,-0.3446589708328247
26,source,24,-0.8577162027359009,0.9600299000740051,-0.36487042903900146
26,source,25,-0.8645544648170471,0.9636563658714294,-0.3640420436859131
26,source,26,-0.8490359783172607,0.974753201007843,-0.37269115447998047
26,source,27,-0.8857859373092651,1.0028835535049438,-0.37695062160491943
26,source,28,-0.891062319278717,0.9934658408164978,-0.3693103790283203
26,source,29,-0.871965229511261,0.989669144153595,-0.3807715177536011
26,source,30,-0.8706079125404358,1.015058994293213,-0.37543386220932007
26,source,31,-0.8736163377761841,0.9947382807731628,-0.37969833612442017
26,source,32,-0.8663501143455505,0.9961428046226501,-0.3871092200279236
26,source,33,-0.8741307854652405,1.0098509788513184,-0.38901716470718384
26,source,34,-0.8616733551025391,1.0156809091567993,-0.37373828887939453
26,source,35,-0.8722630143165588,0.9867812395095825,-0.3743179440498352
26,source,36,-0.8785922527313232,1.0096895694732666,-0.3839032053947449
26,source,37,-0.8571076989173889,0.9794290065765381,-0.3695349097251892
26,source,38,-0.8526163697242737,0.9597770571708679,-0.3611201047897339
26,source,39,-0.8571915030479431,0.9546436667442322,-0.3610713481903076
26,source,40,-0.8791416883468628,0.9902340173721313,-0.3751114010810852
26,source,41,-0.881341814994812,1.0076394081115723,-0.35652536153793335
26,source,42,-0.8769246339797974,1.0010167360305786,-0.36883413791656494
26,source,43,-0.8806896209716797,1.0030837059020996,-0.3817037343978882
26,source,44,-0.8489355444908142,0.9681329131126404,-0.36117029190063477
26,source,45,-0.8514276742935181,0.9713127613067627,-0.38544702529907227
26,source,46,-0.8708541989326477,0.9854990243911743,-0.3810240626335144
26,source,47,-0.8768245577812195,1.0136897563934326,-0.377402663230896
26,source,48,-0.8483856320381165,0.9809547066688538,-0.3740159273147583
26,source,49,-0.8780548572540283,0.9827467203140259,-0.37269192934036255
26,source,50,-0.8686255216598511,1.0180467367172241,-0.38556748628616333
26,source,51,-0.8783268928527832,1.0131458044052124,-0.3920058608055115
26,source,52,-0.860620379447937,1.0027737617492676,-0.40428465604782104
26,source,53,-0.8500851392745972,0.9777995347976685,-0.4093562960624695
26,source,54,-0.8722026348114014,1.0176405906677246,-0.4084380269050598
26,source,55,-0.8658456802368164,1.0246775150299072,-0.3930431604385376
26,source,56,-0.8829671144485474,1.039981484413147,-0.3900027871131897
26,source,57,-0.8745335936546326,1.0321052074432373,-0.3944375514984131
26,source,58,-0.8604881763458252,1.021526575088501,-0.401483416557312
26,source,59,-0.869544506072998,1.0450999736785889,-0.3917081356048584
26,source,60,-0.880208432674408,1.0078763961791992,-0.39381569623947144
26,source,61,-0.8594964146614075,0.9874711036682129,-0.40104180574417114
26,source,62,-0.8846263289451599,1.0127251148223877,-0.3918364644050598
26,source,63,-0.8605610132217407,0.9983922839164734,-0.38532209396362305
26,target,0,-0.8092965483665466,1.040733814239502,-0.39351773262023926
26,target,1,-0.8746770024299622,1.164901614189148,-0.38331151008605957
26,target,2,-0.8683203458786011,1.0934929847717285,-0.369903028011322
26,target,3,-0.8418543338775635,1.04478120803833,-0.39520180225372314
26,target,4,-0.8688032627105713,1.0767017602920532,-0.39866548776626587
26,target,5,-0.9029839038848877,1.15134859085083,-0.4067382216453552
26,target,6,-0.8755956292152405,1.1257389783859253,-0.40575742721557617
26,target,7,-0.8782482743263245,1.105228304862976,-0.4028887152671814
26,target,8,-0.8569841384887695,1.090672492980957,-0.39486759901046753
26,target,9,-0.8571177124977112,1.0810569524765015,-0.4152994751930237
26,target,10,-0.8722833395004272,1.0820962190628052,-0.4064764976501465
26,target,11,-0.8605111837387085,1.111862063407898,-0.4078214764595032
26,target,12,-0.8889577388763428,1.0963819026947021,-0.3909587860107422
26,target,13,-0.8647534251213074,1.0608580112457275,-0.40234512090682983
26,target,14,-0.8723612427711487,1.07209312915802,-0.411720871925354
26,target,15,-0.8540060520172119,1.0259101390838623,-0.4172990918159485
26,target,16,-0.8437613248825073,1.0290594100952148,-0.41947025060653687
26,target,17,-0.8868198990821838,1.1233220100402832,-0.39043110609054565
26,target,18,-0.9019256830215454,1.179152488708496,-0.395501971244812
26,target,19,-0.8756954073905945,1.1419035196304321,-0.3786540627479553
26,target,20,-0.8909972906112671,1.1528992652893066,-0.3901202082633972
26,target,21,-0.8580302000045776,1.0958061218261719,-0.37670862674713135
26,target,22,-0.8780955076217651,1.1545424461364746,-0.3925870656967163
26,target,23,-0.890273928642273,1.1219919919967651,-0.3916676640510559
26,target,24,-0.8665225505828857,1.0900152921676636,-0.3789491653442383
26,target,25,-0.8568694591522217,1.0686862468719482,-0.3973740339279175
26,target,26,-0.8665239214897156,1.1072652339935303,-0.39480364322662354
26,target,27,-0.8976763486862183,1.146639347076416,-0.3920367956161499
26,target,28,-0.8461315631866455,1.0198274850845337,-0.37810683250427246
26,target,29,-0.8687793612480164,1.0826408863067627,-0.39874762296676636
26,target,30,-0.860303521156311,1.0084521770477295,-0.38613462448120117
26,target,31,-0.916690468788147,1.1575713157653809,-0.39642632007598877
26,target,32,-0.9146507978439331,1.1428688764572144,-0.4012163281440735
26,target,33,-0.8596178889274597,1.0627286434173584,-0.3770299553871155
26,target,34,-0.8359875679016113,1.0100560188293457,-0.3907396197319031
26,target,35,-0.8494929075241089,1.0516390800476074,-0.38958990573883057
26,target,36,-0.8541346788406372,1.0560646057128906,-0.39462214708328247
26,target,37,-0.8388930559158325,1.0269855260849,-0.38303446769714355
26,target,38,-0.8546625375747681,1.032287359237671,-0.38863199949264526
26,target,39,-0.8724013566970825,1.0615748167037964,-0.3776280879974365
26,target,40,-0.8398209810256958,1.1003193855285645,-0.38593363761901855
26,target,41,-0.8461033701896667,1.120858073234558,-0.38219118118286133
26,target,42,-0.8588375449180603,1.0672247409820557,-0.3854222297668457
26,target,43,-0.8391011357307434,1.0399366617202759,-0.3735785484313965
26,target,44,-0.8610965609550476,1.0640298128128052,-0.3618053197860718
26,target,45,-0.8460096120834351,1.0452589988708496,-0.3629922866821289
26,target,46,-0.7303788065910339,0.9145216345787048,-0.4096813201904297
26,target,47,-0.8167313933372498,1.0094668865203857,-0.40298062562942505
26,target,48,-0.7992486953735352,1.0223462581634521,-0.41637760400772095
26,target,49,-0.7349597215652466,0.9144664406776428,-0.39949220418930054
26,target,50,-0.8363102078437805,1.0710340738296509,-0.38115984201431274
26,target,51,-0.8787404894828796,1.0868844985961914,-0.3940812945365906
26,target,52,-0.8661676645278931,1.072296380996704,-0.3880213499069214
26,target,53,-0.8732039928436279,1.1036293506622314,-0.4091452956199646
26,target,54,-0.8854753971099854,1.1179065704345703,-0.3941798806190491
26,target,55,-0.8923991918563843,1.1178513765335083,-0.41026556491851807
26,target,56,-0.8764779567718506,1.1055428981781006,-0.40732312202453613
26,target,57,-0.8631393909454346,1.083405613899231,-0.41031473875045776
26,target,58,-0.8855118751525879,1.1156203746795654,-0.41902416944503784
26,target,59,-0.8571004271507263,1.078471302986145,-0.41254186630249023
26,target,60,-0.8649374842643738,1.0789623260498047,-0.3940132260322571
26,target,61,-0.8476412892341614,1.048513412475586,-0.39817750453948975
26,target,62,-0.8422455787658691,1.026613712310791,-0.3800201416015625
26,target,63,-0.8544334769248962,1.0570387840270996,-0.40447479486465454
27,source,0,-0.8661383390426636,1.0197734832763672,-0.37715667486190796
27,source,1,-0.8438206315040588,0.9679185748100281,-0.38764095306396484
27,source,2,-0.8309144973754883,0.9681328535079956,-0.37845665216445923
27,source,3,-0.8225092887878418,0.9830859899520874,-0.38692861795425415
27,source,4,-0.8397835493087769,0.9702364206314087,-0.3970714211463928
27,source,5,-0.8380761742591858,0.988570511341095,-0.38258153200149536
27,source,6,-0.8627909421920776,1.0138328075408936,-0.38169652223587036
27,source,7,-0.853684663772583,0.9919052720069885,-0.38794124126434326
27,source,8,-0.8432226181030273,0.9837227463722229,-0.39009636640548706
27,source,9,-0.8624895811080933,1.0125820636749268,-0.3772928714752197
27,source,10,-0.8454394936561584,0.9816080927848816,-0.3755533695220947
27,source,11,-0.838889479637146,1.0002734661102295,-0.38041967153549194
27,source,12,-0.8542914390563965,0.9962871074676514,-0.3728663921356201
27,source,13,-0.8504574298858643,1.0221607685089111,-0.3626009225845337
27,source,14,-0.839874804019928,0.9717307090759277,-0.3635638356208801
27,source,15,-0.8544228076934814,0.9569424390792847,-0.37069129943847656
27,source,16,-0.8513683676719666,0.9712662696838379,-0.37008053064346313
27,source,17,-0.8448135852813721,0.9608169794082642,-0.37089329957962036
27,source,18,-0.8565757274627686,0.9684496521949768,-0.37309229373931885
27,source,19,-0.8397634625434875,0.9565324783325195,-0.3869733214378357
27,source,20,-0.8237996697425842,0.9938633441925049,-0.3610255718231201
27,source,21,-0.8395293951034546,0.9616134166717529,-0.35749268531799316
27,source,22,-0.8300204873085022,0.961881697177887,-0.3409985303878784
27,source,23,-0.8477067947387695,0.9687290191650391,-0.3441346287727356
27,source,24,-0.8388754725456238,0.9459204077720642,-0.3655245304107666
27,source,25,-0.844183087348938,0.9495483040809631,-0.3692457675933838
27,source,26,-0.8230206966400146,0.966822624206543,-0.37706029415130615
27,source,27,-0.871360719203949,0.984444260597229,-0.37480223178863525
27,source,28,-0.8670214414596558,0.9754728078842163,-0.3707153797149658
27,source,29,-0.8444527387619019,0.9715867638587952,-0.3830428719520569
27,source,30,-0.8498417139053345,1.0129127502441406,-0.37536531686782837
27,source,31,-0.8463123440742493,0.9918229579925537,-0.37437325716018677
27,source,32,-0.842736542224884,0.9886875748634338,-0.38605737686157227
27,source,33,-0.8517431616783142,0.997189462184906,-0.3904036283493042
27,source,34,-0.8397599458694458,0.9971186518669128,-0.3758142590522766
27,source,35,-0.8464058041572571,0.9655183553695679,-0.37928032875061035
27,source,36,-0.8661664724349976,0.9988816380500793,-0.37755346298217773
27,source,37,-0.8347538113594055,0.9654942750930786,-0.3653859496116638
27,source,38,-0.836596667766571,0.9440392851829529,-0.36755454540252686
27,source,39,-0.8366069197654724,0.9476580023765564,-0.3602473735809326
27,source,40,-0.8550717234611511,0.9806311726570129,-0.3784615397453308
27,source,41,-0.8570009469985962,0.9999778270721436,-0.36226886510849
27,source,42,-0.8543720841407776,0.9944911003112793,-0.3716629147529602
27,source,43,-0.8553654551506042,0.9926707148551941,-0.3890012502670288
27,source,44,-0.819990873336792,0.9694328904151917,-0.3551466464996338
27,source,45,-0.8255820274353027,0.9680068492889404,-0.37976139783859253
27,source,46,-0.8518467545509338,0.9773794412612915,-0.38115638494491577
27,source,47,-0.8603504300117493,1.010263442993164,-0.365958571434021
27,source,48,-0.820045530796051,0.9719069004058838,-0.3761557936668396
27,source,49,-0.8550578355789185,0.9729847311973572,-0.3781575560569763
27,source,50,-0.8341608047485352,0.9876235127449036,-0.39804506301879883
27,source,51,-0.8437545299530029,0.9832953214645386,-0.4063239097595215
27,source,52,-0.8211244344711304,0.955204963684082,-0.42430639266967773
27,source,53,-0.8121299147605896,0.9371344447135925,-0.4288386106491089
27,source,54,-0.8322806358337402,0.9764057397842407,-0.41605156660079956
27,source,55,-0.8295721411705017,0.9898813366889954,-0.4058796763420105
27,source,56,-0.8423420786857605,1.001185655593872,-0.4016062617301941
27,source,57,-0.840048611164093,0.9972937703132629,-0.40398383140563965
27,source,58,-0.8248914480209351,0.9896712303161621,-0.41387027502059937
27,source,59,-0.8297055959701538,0.9997602105140686,-0.40173065662384033
27,source,60,-0.8390743732452393,0.9746370911598206,-0.40433967113494873
27,source,61,-0.8198326230049133,0.958979070186615,-0.4011217951774597
27,source,62,-0.836957573890686,0.9653024077415466,-0.4016464948654175
27,source,63,-0.8181777596473694,0.956881046295166,-0.40211135149002075
27,target,0,-0.7743732929229736,1.0277767181396484,-0.4075492024421692
27,target,1,-0.8558290004730225,1.1815356016159058,-0.38614606857299805
27,target,2,-0.8442643880844116,1.0927708148956299,-0.38779085874557495
27,target,3,-0.8226149082183838,1.0557408332824707,-0.39861392974853516
27,target,4,-0.8302450180053711,1.0431920289993286,-0.4179092049598694
27,target,5,-0.8424396514892578,1.0989813804626465,-0.4156966209411621
27,target,6,-0.8671451807022095,1.113403558731079,-0.40338408946990967
27,target,7,-0.8540737628936768,1.0862457752227783,-0.4131205081939697
27,target,8,-0.8454467058181763,1.0671615600585938,-0.4063239097595215
27,target,9,-0.8223084807395935,1.0518622398376465,-0.4308369755744934
27,target,10,-0.8378031849861145,1.0634112358093262,-0.41412484645843506
27,target,11,-0.8344613313674927,1.0972832441329956,-0.4093131422996521
27,target,12,-0.8566367030143738,1.0784399509429932,-0.39372289180755615
27,target,13,-0.83352130651474,1.0423080921173096,-0.41591745615005493
27,target,14,-0.8522624373435974,1.0699646472930908,-0.4238376021385193
27,target,15,-0.84319669008255,1.038663625717163,-0.42049407958984375
27,target,16,-0.833256721496582,1.0412688255310059,-0.4263206720352173
27,target,17,-0.8599655032157898,1.1117522716522217,-0.38996291160583496
27,target,18,-0.8697282075881958,1.1479113101959229,-0.3929517865180969
27,target,19,-0.8620615005493164,1.1303324699401855,-0.3894590139389038
27,target,20,-0.8554161787033081,1.1263844966888428,-0.3960723876953125
27,target,21,-0.8469948768615723,1.073357343673706,-0.3851270079612732
27,target,22,-0.8449533581733704,1.1263337135314941,-0.387611448764801
27,target,23,-0.8737969398498535,1.1199837923049927,-0.39570319652557373
27,target,24,-0.8463758230209351,1.0929651260375977,-0.3889394998550415
27,target,25,-0.8429831266403198,1.0807926654815674,-0.40000617504119873
27,target,26,-0.8353042602539062,1.0886986255645752,-0.4036327004432678
27,target,27,-0.8774375915527344,1.15364670753479,-0.39148086309432983
27,target,28,-0.8306463956832886,1.0315628051757812,-0.37794095277786255
27,target,29,-0.8552120923995972,1.096366286277771,-0.4086267948150635
27,target,30,-0.8194892406463623,0.99970942735672,-0.4112841486930847
27,target,31,-0.8943091034889221,1.150815486907959,-0.40114766359329224
27,target,32,-0.8889779448509216,1.117305040359497,-0.40519022941589355
27,target,33,-0.8364166617393494,1.068877935409546,-0.389767587184906
27,target,34,-0.8101427555084229,0.9972582459449768,-0.39971888065338135
27,target,35,-0.8108079433441162,1.0269992351531982,-0.3963508605957031
27,target,36,-0.8329371213912964,1.0592041015625,-0.40956616401672363
27,target,37,-0.8154727816581726,1.0191079378128052,-0.3975868821144104
27,target,38,-0.822943925857544,1.0275828838348389,-0.39523786306381226
27,target,39,-0.8437842130661011,1.0640140771865845,-0.3909788727760315
27,target,40,-0.8017674088478088,1.0746262073516846,-0.39290279150009155
27,target,41,-0.8131526708602905,1.1133244037628174,-0.38286811113357544
27,target,42,-0.8309401869773865,1.0463917255401611,-0.386737585067749
27,target,43,-0.8172476887702942,1.014214038848877,-0.3737390637397766
27,target,44,-0.8396859765052795,1.055616855621338,-0.36038076877593994
27,target,45,-0.823983371257782,1.0276787281036377,-0.35576194524765015
27,target,46,-0.7096383571624756,0.9237629175186157,-0.4195544719696045
27,target,47,-0.7840536832809448,1.01340651512146,-0.40956294536590576
27,target,48,-0.7658349871635437,1.0285303592681885,-0.4266096353530884
27,target,49,-0.7149003744125366,0.9182378053665161,-0.40610265731811523
27,target,50,-0.807600200176239,1.0573110580444336,-0.3928537368774414
27,target,51,-0.8569319844245911,1.096301794052124,-0.398495078086853
27,target,52,-0.8415828347206116,1.0889852046966553,-0.39942705631256104
27,target,53,-0.8505736589431763,1.1062517166137695,-0.41126030683517456
27,target,54,-0.8604950904846191,1.1205745935440063,-0.3975840210914612
27,target,55,-0.8699146509170532,1.1232521533966064,-0.41583794355392456
27,target,56,-0.8552724123001099,1.1189956665039062,-0.4149433970451355
27,target,57,-0.8441999554634094,1.1007256507873535,-0.41702699661254883
27,target,58,-0.8766448497772217,1.142575979232788,-0.4228890538215637
27,target,59,-0.8378480672836304,1.094167947769165,-0.41807109117507935
27,target,60,-0.8435509204864502,1.0937485694885254,-0.39779824018478394
27,target,61,-0.8178706765174866,1.0488967895507812,-0.40603315830230713
27,target,62,-0.8171229958534241,1.036820888519287,-0.3840208649635315
27,target,63,-0.837268590927124,1.0693204402923584,-0.4107617735862732
28,source,0,-0.8594614267349243,1.0152246952056885,-0.3705262541770935
28,source,1,-0.8433831930160522,0.9726279377937317,-0.37333476543426514
28,source,2,-0.8427597284317017,0.9825328588485718,-0.3735618591308594
28,source,3,-0.8339326977729797,0.9838082194328308,-0.37660640478134155
28,source,4,-0.8490378856658936,0.9839260578155518,-0.3829050064086914
28,source,5,-0.8443001508712769,1.005338191986084,-0.36950987577438354
28,source,6,-0.8626375198364258,1.0231636762619019,-0.3704383969306946
28,source,7,-0.8605499863624573,1.0073692798614502,-0.37345147132873535
28,source,8,-0.8522542715072632,0.998718798160553,-0.3753513693809509
28,source,9,-0.8589104413986206,1.0121577978134155,-0.36983925104141235
28,source,10,-0.8555668592453003,0.9777986407279968,-0.36558103561401367
28,source,11,-0.8448241949081421,1.0077195167541504,-0.3733287453651428
28,source,12,-0.8584601879119873,1.0062843561172485,-0.3677050471305847
28,source,13,-0.8525264263153076,1.0162334442138672,-0.35922133922576904
28,source,14,-0.837552547454834,0.9763866066932678,-0.3599621057510376
28,source,15,-0.8547694683074951,0.9625208377838135,-0.3632833957672119
28,source,16,-0.8461405634880066,0.9804976582527161,-0.3648097515106201
28,source,17,-0.8410261273384094,0.9606873393058777,-0.36384832859039307
28,source,18,-0.851050853729248,0.9604861736297607,-0.3653813600540161
28,source,19,-0.8479709029197693,0.9603814482688904,-0.37521493434906006
28,source,20,-0.8366321325302124,0.9938355684280396,-0.35799241065979004
28,source,21,-0.851015567779541,0.9632760286331177,-0.3544995188713074
28,source,22,-0.8345037698745728,0.9687501788139343,-0.3487303853034973
28,source,23,-0.842369794845581,0.9597376585006714,-0.34277355670928955
28,source,24,-0.8403036594390869,0.9524932503700256,-0.3570142984390259
28,source,25,-0.8402866125106812,0.9481542110443115,-0.3586857318878174
28,source,26,-0.8336855173110962,0.986545205116272,-0.3687059283256531
28,source,27,-0.8593080639839172,0.9792274832725525,-0.3682669401168823
28,source,28,-0.8585148453712463,0.9799798130989075,-0.3667203187942505
28,source,29,-0.8517308235168457,0.986548662185669,-0.37244749069213867
28,source,30,-0.8502439856529236,1.0036120414733887,-0.36517125368118286
28,source,31,-0.8595557808876038,1.0051155090332031,-0.3682531714439392
28,source,32,-0.8513814210891724,0.9970312118530273,-0.37503910064697266
28,source,33,-0.8546237945556641,1.0099928379058838,-0.37612998485565186
28,source,34,-0.8361708521842957,0.9921844005584717,-0.36861652135849
28,source,35,-0.8409147262573242,0.9666464328765869,-0.37093907594680786
28,source,36,-0.8668391704559326,0.9980908036231995,-0.3687747120857239
28,source,37,-0.8373323082923889,0.969751238822937,-0.3627789616584778
28,source,38,-0.8333896994590759,0.9459353089332581,-0.35420554876327515
28,source,39,-0.8387783765792847,0.9572564959526062,-0.35310518741607666
28,source,40,-0.8681574463844299,0.9959242343902588,-0.3603079319000244
28,source,41,-0.8611874580383301,1.0044094324111938,-0.35663801431655884
28,source,42,-0.8560025691986084,0.9971421957015991,-0.36064445972442627
28,source,43,-0.8664814829826355,1.0066375732421875,-0.37351226806640625
28,source,44,-0.8335165977478027,0.972226619720459,-0.3559083342552185
28,source,45,-0.8371005654335022,0.9661765098571777,-0.3765133023262024
28,source,46,-0.8521222472190857,0.9837496876716614,-0.3717089295387268
28,source,47,-0.862568199634552,1.0088331699371338,-0.36677998304367065
28,source,48,-0.8342138528823853,0.9793907999992371,-0.36596131324768066
28,source,49,-0.8639433979988098,0.9815467596054077,-0.3620748519897461
28,source,50,-0.8414498567581177,1.0056395530700684,-0.3841487169265747
28,source,51,-0.8491646647453308,0.9911543726921082,-0.3914611339569092
28,source,52,-0.8299154043197632,0.9809224605560303,-0.4007943868637085
28,source,53,-0.8328234553337097,0.9772607684135437,-0.4021875858306885
28,source,54,-0.849805474281311,1.0044136047363281,-0.4021719694137573
28,source,55,-0.8478547930717468,1.0170190334320068,-0.3837735056877136
28,source,56,-0.8571367859840393,1.0234898328781128,-0.3800111413002014
28,source,57,-0.8566624522209167,1.0342352390289307,-0.3836161494255066
28,source,58,-0.8367747664451599,1.0078692436218262,-0.3934386372566223
28,source,59,-0.8463596701622009,1.022926688194275,-0.3857327103614807
28,source,60,-0.8534402251243591,1.0052931308746338,-0.38686126470565796
28,source,61,-0.8357671499252319,0.9884018301963806,-0.3880521059036255
28,source,62,-0.8456695079803467,0.9881433844566345,-0.38950324058532715
28,source,63,-0.8318324089050293,0.9818025827407837,-0.3830655813217163
28,target,0,-0.795915424823761,1.0429532527923584,-0.3891722559928894
28,target,1,-0.8602246046066284,1.155024528503418,-0.3777737617492676
28,target,2,-0.8601737022399902,1.1056156158447266,-0.3696437478065491
28,target,3,-0.8316781520843506,1.04392671585083,-0.39102303981781006
28,target,4,-0.8542214632034302,1.0700924396514893,-0.3935609459877014
28,target,5,-0.8813673853874207,1.1142323017120361,-0.3970901370048523
28,target,6,-0.8842477798461914,1.1122770309448242,-0.38751113414764404
28,target,7,-0.8704901337623596,1.0923051834106445,-0.39799177646636963
28,target,8,-0.8649627566337585,1.0757315158843994,-0.38762491941452026
28,target,9,-0.8473525047302246,1.0891790390014648,-0.4126901626586914
28,target,10,-0.8778029680252075,1.1080896854400635,-0.40313494205474854
28,target,11,-0.8653775453567505,1.1246910095214844,-0.40116292238235474
28,target,12,-0.8903216123580933,1.1163816452026367,-0.3940630555152893
28,target,13,-0.847988486289978,1.05031418800354,-0.39412564039230347
28,target,14,-0.8717866539955139,1.073408603668213,-0.40291541814804077
28,target,15,-0.8669784069061279,1.058573603630066,-0.3966314196586609
28,target,16,-0.8495965600013733,1.0506718158721924,-0.4032561182975769
28,target,17,-0.8756941556930542,1.1091737747192383,-0.38023972511291504
28,target,18,-0.9034610986709595,1.1561853885650635,-0.38569706678390503
28,target,19,-0.8619500398635864,1.112992286682129,-0.38257747888565063
28,target,20,-0.889581561088562,1.1453526020050049,-0.38459980487823486
28,target,21,-0.8705536127090454,1.0834338665008545,-0.371262788772583
28,target,22,-0.8545073866844177,1.1187032461166382,-0.38098353147506714
28,target,23,-0.879757285118103,1.1151554584503174,-0.38427668809890747
28,target,24,-0.86785489320755,1.0926977396011353,-0.37641412019729614
28,target,25,-0.8548296689987183,1.0728012323379517,-0.38747167587280273
28,target,26,-0.8593294024467468,1.1120991706848145,-0.39337795972824097
28,target,27,-0.886229932308197,1.1370034217834473,-0.3846227526664734
28,target,28,-0.8287678956985474,1.0215239524841309,-0.3731381893157959
28,target,29,-0.8689600825309753,1.0829490423202515,-0.39180344343185425
28,target,30,-0.8281880021095276,0.9887650609016418,-0.39036452770233154
28,target,31,-0.9106051325798035,1.1525628566741943,-0.3911868929862976
28,target,32,-0.9026326537132263,1.1196682453155518,-0.3953425884246826
28,target,33,-0.8534184098243713,1.0888688564300537,-0.37263041734695435
28,target,34,-0.8298119902610779,1.0390400886535645,-0.37626492977142334
28,target,35,-0.8191042542457581,1.0438389778137207,-0.3811987042427063
28,target,36,-0.8608273267745972,1.0807290077209473,-0.38141489028930664
28,target,37,-0.8263710141181946,1.0469416379928589,-0.3701643943786621
28,target,38,-0.8433033227920532,1.058122158050537,-0.37507444620132446
28,target,39,-0.8615738153457642,1.0860466957092285,-0.3742679953575134
28,target,40,-0.8305124044418335,1.0995862483978271,-0.38087958097457886
28,target,41,-0.8281750679016113,1.1139485836029053,-0.37613439559936523
28,target,42,-0.847610354423523,1.0515695810317993,-0.37677568197250366
28,target,43,-0.8168593049049377,1.0156737565994263,-0.3692358136177063
28,target,44,-0.8419802784919739,1.0326179265975952,-0.3546626567840576
28,target,45,-0.8229480981826782,1.0146620273590088,-0.35541456937789917
28,target,46,-0.7171220779418945,0.9142203330993652,-0.39275074005126953
28,target,47,-0.7910405993461609,1.0029523372650146,-0.3978160619735718
28,target,48,-0.788735568523407,1.0257503986358643,-0.4028797745704651
28,target,49,-0.719115674495697,0.902072548866272,-0.38719266653060913
28,target,50,-0.820324718952179,1.0493416786193848,-0.36827659606933594
28,target,51,-0.8608307838439941,1.0875921249389648,-0.3904353976249695
28,target,52,-0.8496160507202148,1.0762238502502441,-0.38623660802841187
28,target,53,-0.8641718626022339,1.0975170135498047,-0.3986390233039856
28,target,54,-0.8669381141662598,1.1049892902374268,-0.3917173743247986
28,target,55,-0.8808987736701965,1.102853536605835,-0.4031619429588318
28,target,56,-0.8647937774658203,1.0979496240615845,-0.3990461826324463
28,target,57,-0.8466869592666626,1.0745234489440918,-0.39980846643447876
28,target,58,-0.8849215507507324,1.1195976734161377,-0.4075929522514343
28,target,59,-0.848761260509491,1.0841169357299805,-0.40044456720352173
28,target,60,-0.8474646806716919,1.0825480222702026,-0.3882281184196472
28,target,61,-0.827887773513794,1.0540757179260254,-0.39084070920944214
28,target,62,-0.8263108134269714,1.0424723625183105,-0.371654748916626
28,target,63,-0.845745861530304,1.0580778121948242,-0.39747321605682373
29,source,0,-0.8747135400772095,1.0452698469161987,-0.37936484813690186
29,source,1,-0.8631787896156311,1.007660984992981,-0.3850470185279846
29,source,2,-0.8498798608779907,0.9989548325538635,-0.38789695501327515
29,source,3,-0.8401591777801514,1.0022029876708984,-0.3860318660736084
29,source,4,-0.8524919748306274,0.9988440871238708,-0.39282387495040894
29,source,5,-0.8558559417724609,1.028170108795166,-0.3764961361885071
29,source,6,-0.8707364797592163,1.0478236675262451,-0.3832817077636719
29,source,7,-0.8681937456130981,1.035102128982544,-0.38972967863082886
29,source,8,-0.8604443669319153,1.0251564979553223,-0.38110363483428955
29,source,9,-0.8630634546279907,1.0321040153503418,-0.38270699977874756
29,source,10,-0.8594893217086792,0.9934400320053101,-0.3825664520263672
29,source,11,-0.8535288572311401,1.0207816362380981,-0.382388174533844
29,source,12,-0.8645496964454651,1.0204534530639648,-0.3749668002128601
29,source,13,-0.8664486408233643,1.0396744012832642,-0.3665469288825989
29,source,14,-0.8559550046920776,1.0108966827392578,-0.3702434301376343
29,source,15,-0.86870276927948,0.9971006512641907,-0.37844783067703247
29,source,16,-0.8621821403503418,1.0037853717803955,-0.37706440687179565
29,source,17,-0.855385959148407,0.9845000505447388,-0.37208908796310425
29,source,18,-0.869907557964325,0.9986277222633362,-0.3772478699684143
29,source,19,-0.8608635663986206,0.9893357157707214,-0.3846665620803833
29,source,20,-0.8382586240768433,0.9964884519577026,-0.36726993322372437
29,source,21,-0.8570149540901184,0.9871870279312134,-0.36468392610549927
29,source,22,-0.8472015261650085,0.9925663471221924,-0.3641452193260193
29,source,23,-0.8543792366981506,0.9880735278129578,-0.3578590750694275
29,source,24,-0.852562665939331,0.979703426361084,-0.37099623680114746
29,source,25,-0.8631994724273682,0.994499921798706,-0.36593252420425415
29,source,26,-0.8472464084625244,1.011877179145813,-0.3721378445625305
29,source,27,-0.8767220377922058,1.003507137298584,-0.3787345886230469
29,source,28,-0.8750847578048706,1.0020453929901123,-0.3708329200744629
29,source,29,-0.8667792081832886,1.0062860250473022,-0.38373637199401855
29,source,30,-0.8653385639190674,1.033049464225769,-0.37781786918640137
29,source,31,-0.8661804795265198,1.0153961181640625,-0.3802199363708496
29,source,32,-0.8573815822601318,1.0170159339904785,-0.3920259475708008
29,source,33,-0.8666250705718994,1.034860610961914,-0.389343798160553
29,source,34,-0.861858069896698,1.0425825119018555,-0.3796307444572449
29,source,35,-0.8600444197654724,0.997319757938385,-0.37903648614883423
29,source,36,-0.8789262175559998,1.0248184204101562,-0.3787655234336853
29,source,37,-0.8503578305244446,0.9975128173828125,-0.3734627962112427
29,source,38,-0.8564409613609314,0.9859363436698914,-0.3646005392074585
29,source,39,-0.8527456521987915,0.9852936863899231,-0.3626781105995178
29,source,40,-0.8807147145271301,1.027367115020752,-0.3786014914512634
29,source,41,-0.88044273853302,1.0363883972167969,-0.36199647188186646
29,source,42,-0.8730041980743408,1.0263550281524658,-0.37045830488204956
29,source,43,-0.8795945644378662,1.033943772315979,-0.3828607201576233
29,source,44,-0.8356087803840637,0.9734880924224854,-0.36380428075790405
29,source,45,-0.8446321487426758,0.9890292286872864,-0.38313186168670654
29,source,46,-0.8661053776741028,1.0016909837722778,-0.3802695870399475
29,source,47,-0.8754253387451172,1.0346715450286865,-0.3774324655532837
29,source,48,-0.8447674512863159,1.0073232650756836,-0.37536001205444336
29,source,49,-0.8681141138076782,1.0015039443969727,-0.3745030164718628
29,source,50,-0.8587852716445923,1.027184009552002,-0.3972773551940918
29,source,51,-0.865549623966217,1.0167845487594604,-0.40637993812561035
29,source,52,-0.8425995111465454,1.0076314210891724,-0.4110071659088135
29,source,53,-0.8331764936447144,0.9936895966529846,-0.41276752948760986
29,source,54,-0.8594489097595215,1.0279070138931274,-0.4095425605773926
29,source,55,-0.8652427196502686,1.0457897186279297,-0.393806517124176
29,source,56,-0.8704894781112671,1.0484399795532227,-0.39505839347839355
29,source,57,-0.8647016286849976,1.0456911325454712,-0.39901667833328247
29,source,58,-0.8587309122085571,1.0376033782958984,-0.401964008808136
29,source,59,-0.8604849576950073,1.0450479984283447,-0.3983173966407776
29,source,60,-0.8567405939102173,1.0278723239898682,-0.39130699634552
29,source,61,-0.8517506718635559,1.0221290588378906,-0.39726608991622925
29,source,62,-0.8668966293334961,1.0172452926635742,-0.4031047821044922
29,source,63,-0.8450796604156494,1.004655361175537,-0.3953336477279663
29,target,0,-0.8030890226364136,1.0625704526901245,-0.3904930353164673
29,target,1,-0.8691195845603943,1.1790437698364258,-0.3779151439666748
29,target,2,-0.8565261363983154,1.1047935485839844,-0.3820146918296814
29,target,3,-0.8337642550468445,1.0698587894439697,-0.39385491609573364
29,target,4,-0.8633279800415039,1.0834307670593262,-0.4009644389152527
29,target,5,-0.909691333770752,1.1539299488067627,-0.4038153886795044
29,target,6,-0.904211699962616,1.153327226638794,-0.399334192276001
29,target,7,-0.8914980888366699,1.1291828155517578,-0.4025680422782898
29,target,8,-0.8828135132789612,1.1130632162094116,-0.3963872790336609
29,target,9,-0.8560525178909302,1.1003987789154053,-0.4045026898384094
29,target,10,-0.877362072467804,1.1071522235870361,-0.40174466371536255
29,target,11,-0.8782655000686646,1.1327698230743408,-0.3942294120788574
29,target,12,-0.8853813409805298,1.110785961151123,-0.3856835961341858
29,target,13,-0.8636172413825989,1.0615746974945068,-0.40363824367523193
29,target,14,-0.8720780611038208,1.0810837745666504,-0.41886037588119507
29,target,15,-0.8596259951591492,1.05647873878479,-0.41720646619796753
29,target,16,-0.8542726039886475,1.0677690505981445,-0.4139643907546997
29,target,17,-0.8927101492881775,1.132044792175293,-0.3850816488265991
29,target,18,-0.9171396493911743,1.1844477653503418,-0.3872215747833252
29,target,19,-0.8742460608482361,1.14851975440979,-0.3856712579727173
29,target,20,-0.903531014919281,1.1723970174789429,-0.38605743646621704
29,target,21,-0.8863916397094727,1.1200129985809326,-0.37672728300094604
29,target,22,-0.8751332759857178,1.1621135473251343,-0.38687431812286377
29,target,23,-0.8876231908798218,1.138177514076233,-0.3843492269515991
29,target,24,-0.8789467215538025,1.111720085144043,-0.38358044624328613
29,target,25,-0.8543709516525269,1.0789833068847656,-0.39756250381469727
29,target,26,-0.8479381799697876,1.1204614639282227,-0.39109551906585693
29,target,27,-0.8831319212913513,1.1699599027633667,-0.38682276010513306
29,target,28,-0.8501969575881958,1.049889326095581,-0.39093273878097534
29,target,29,-0.8705164194107056,1.1013436317443848,-0.39620351791381836
29,target,30,-0.8441022038459778,1.0013666152954102,-0.3994644284248352
29,target,31,-0.9081382751464844,1.1536922454833984,-0.40036851167678833
29,target,32,-0.8975470662117004,1.1260871887207031,-0.4056292176246643
29,target,33,-0.8466434478759766,1.0871829986572266,-0.381936252117157
29,target,34,-0.8227206468582153,1.0354201793670654,-0.391082227230072
29,target,35,-0.8248782753944397,1.0614217519760132,-0.38779693841934204
29,target,36,-0.8646610975265503,1.0840309858322144,-0.39472609758377075
29,target,37,-0.8265472054481506,1.0588897466659546,-0.3793390393257141
29,target,38,-0.8552063703536987,1.0836703777313232,-0.379369854927063
29,target,39,-0.8529998064041138,1.085174560546875,-0.3791393041610718
29,target,40,-0.8388469219207764,1.1222312450408936,-0.37739628553390503
29,target,41,-0.853710949420929,1.1485728025436401,-0.3718794584274292
29,target,42,-0.8545821905136108,1.0625163316726685,-0.37317967414855957
29,target,43,-0.8300319314002991,1.0308709144592285,-0.36472010612487793
29,target,44,-0.850871741771698,1.0464153289794922,-0.3536396026611328
29,target,45,-0.8431311845779419,1.038938045501709,-0.3579450845718384
29,target,46,-0.7363807559013367,0.930279552936554,-0.40235811471939087
29,target,47,-0.8004420399665833,1.0236191749572754,-0.3994738459587097
29,target,48,-0.7830724120140076,1.022315502166748,-0.4105360507965088
29,target,49,-0.7397347688674927,0.9365384578704834,-0.3950132131576538
29,target,50,-0.8285854458808899,1.0480186939239502,-0.37556642293930054
29,target,51,-0.868536114692688,1.1115798950195312,-0.3874204754829407
29,target,52,-0.8465540409088135,1.0863091945648193,-0.39001572132110596
29,target,53,-0.8630996942520142,1.1135658025741577,-0.40354984998703003
29,target,54,-0.8744537830352783,1.1271188259124756,-0.3891301155090332
29,target,55,-0.8885815739631653,1.1336348056793213,-0.4020296335220337
29,target,56,-0.8688110709190369,1.1155856847763062,-0.4032596945762634
29,target,57,-0.8501784205436707,1.088860034942627,-0.40926164388656616
29,target,58,-0.8732690811157227,1.1198301315307617,-0.41678696870803833
29,target,59,-0.8372942209243774,1.084625482559204,-0.4075770378112793
29,target,60,-0.8461008071899414,1.0902050733566284,-0.38944971561431885
29,target,61,-0.8284083008766174,1.056527018547058,-0.393238365650177
29,target,62,-0.818927526473999,1.0413718223571777,-0.3796657919883728
29,target,63,-0.8392753005027771,1.0646412372589111,-0.40151870250701904
30,source,0,-0.8744456171989441,1.0690927505493164,-0.3937380909919739
30,source,1,-0.8644134998321533,1.0437939167022705,-0.39884334802627563
30,source,2,-0.8552564382553101,1.04691481590271,-0.3965887427330017
30,source,3,-0.843010663986206,1.0320792198181152,-0.39752572774887085
30,source,4,-0.8493589758872986,1.0297526121139526,-0.41101664304733276
30,source,5,-0.8534310460090637,1.0524951219558716,-0.3958982229232788
30,source,6,-0.8691034913063049,1.0744291543960571,-0.40173059701919556
30,source,7,-0.8635004758834839,1.056295394897461,-0.40893757343292236
30,source,8,-0.8579182624816895,1.0474791526794434,-0.4026399254798889
30,source,9,-0.8645118474960327,1.0631844997406006,-0.3977440595626831
30,source,10,-0.8633620142936707,1.0329346656799316,-0.39759522676467896
30,source,11,-0.8651018738746643,1.0655378103256226,-0.3948988914489746
30,source,12,-0.871283233165741,1.0581309795379639,-0.390422523021698
30,source,13,-0.8654325008392334,1.067145824432373,-0.3796765208244324
30,source,14,-0.8512848615646362,1.0348049402236938,-0.3825225830078125
30,source,15,-0.8642261624336243,1.0176769495010376,-0.385062575340271
30,source,16,-0.8599449992179871,1.031614065170288,-0.38643884658813477
30,source,17,-0.8550779819488525,1.0123307704925537,-0.3822587728500366
30,source,18,-0.8697388172149658,1.030747652053833,-0.38677120208740234
30,source,19,-0.8554589748382568,1.0206190347671509,-0.39404213428497314
30,source,20,-0.8443495035171509,1.0362685918807983,-0.3755006194114685
30,source,21,-0.8535488843917847,1.0231386423110962,-0.3732132911682129
30,source,22,-0.841460108757019,1.0168036222457886,-0.3661717176437378
30,source,23,-0.8512560129165649,1.010607123374939,-0.3618773818016052
30,source,24,-0.8461583852767944,1.0062671899795532,-0.37691730260849
30,source,25,-0.8543447852134705,1.0147244930267334,-0.3855594992637634
30,source,26,-0.8379590511322021,1.032496690750122,-0.38623446226119995
30,source,27,-0.8782508969306946,1.0335620641708374,-0.38448888063430786
30,source,28,-0.8769798874855042,1.0348273515701294,-0.38475948572158813
30,source,29,-0.8684635758399963,1.0441670417785645,-0.39613986015319824
30,source,30,-0.8689802885055542,1.071361780166626,-0.39196866750717163
30,source,31,-0.8678196668624878,1.0519053936004639,-0.3938148617744446
30,source,32,-0.8613107204437256,1.0570536851882935,-0.4046097993850708
30,source,33,-0.8576256632804871,1.0484724044799805,-0.40746963024139404
30,source,34,-0.8570786714553833,1.0554113388061523,-0.39158689975738525
30,source,35,-0.862471878528595,1.0326251983642578,-0.3937707543373108
30,source,36,-0.8806798458099365,1.0458314418792725,-0.3851543664932251
30,source,37,-0.8452630639076233,1.0171772241592407,-0.3828521966934204
30,source,38,-0.8453009724617004,1.0054247379302979,-0.37790775299072266
30,source,39,-0.8439868688583374,1.010143756866455,-0.37100523710250854
30,source,40,-0.8693404197692871,1.0504850149154663,-0.3975982069969177
30,source,41,-0.8693388104438782,1.0524396896362305,-0.38087666034698486
30,source,42,-0.8635663390159607,1.0497961044311523,-0.38973546028137207
30,source,43,-0.8707430362701416,1.0535023212432861,-0.39971911907196045
30,source,44,-0.8398289084434509,1.020527720451355,-0.36476433277130127
30,source,45,-0.8472007513046265,1.028817892074585,-0.3929259777069092
30,source,46,-0.8677622079849243,1.0405927896499634,-0.3900225758552551
30,source,47,-0.8768428564071655,1.0645477771759033,-0.3866543769836426
30,source,48,-0.8456756472587585,1.031972885131836,-0.3883211016654968
30,source,49,-0.8632628321647644,1.0264201164245605,-0.38569843769073486
30,source,50,-0.8407024145126343,1.0325052738189697,-0.419480562210083
30,source,51,-0.8566573858261108,1.0493338108062744,-0.42330044507980347
30,source,52,-0.8441407084465027,1.0372562408447266,-0.42686402797698975
30,source,53,-0.8434092402458191,1.0255235433578491,-0.42526859045028687
30,source,54,-0.8475500345230103,1.046032190322876,-0.43119561672210693
30,source,55,-0.8458863496780396,1.0542980432510376,-0.4184749722480774
30,source,56,-0.8566228747367859,1.0667846202850342,-0.4173445701599121
30,source,57,-0.8518728017807007,1.0633692741394043,-0.4197709560394287
30,source,58,-0.8424258828163147,1.0519427061080933,-0.4226328730583191
30,source,59,-0.848426103591919,1.0704874992370605,-0.41814327239990234
30,source,60,-0.8534245491027832,1.0542347431182861,-0.41317033767700195
30,source,61,-0.8392545580863953,1.0272197723388672,-0.4132622480392456
30,source,62,-0.8611630201339722,1.0422965288162231,-0.4199818968772888
30,source,63,-0.8463079929351807,1.042749285697937,-0.4110909104347229
30,target,0,-0.7914076447486877,1.0763399600982666,-0.41236329078674316
30,target,1,-0.8658762574195862,1.188464641571045,-0.4111276865005493
30,target,2,-0.8586020469665527,1.1398046016693115,-0.4059484601020813
30,target,3,-0.8270795941352844,1.0887701511383057,-0.4213308095932007
30,target,4,-0.8567222356796265,1.1041793823242188,-0.4263022541999817
30,target,5,-0.8752425312995911,1.1407263278961182,-0.4228838086128235
30,target,6,-0.8923071622848511,1.1563434600830078,-0.4133123755455017
30,target,7,-0.8845189809799194,1.1241939067840576,-0.4097977876663208
30,target,8,-0.8791227340698242,1.114107370376587,-0.3999069333076477
30,target,9,-0.8454208374023438,1.0833845138549805,-0.43789440393447876
30,target,10,-0.8742983341217041,1.111860990524292,-0.4263418912887573
30,target,11,-0.8747041821479797,1.1383311748504639,-0.4126521348953247
30,target,12,-0.8818715214729309,1.1091151237487793,-0.4168199896812439
30,target,13,-0.8500857353210449,1.0826538801193237,-0.42181330919265747
30,target,14,-0.8622412085533142,1.0976414680480957,-0.43616366386413574
30,target,15,-0.855475127696991,1.0825104713439941,-0.4328871965408325
30,target,16,-0.8514809608459473,1.0922552347183228,-0.4368172883987427
30,target,17,-0.880842924118042,1.1450483798980713,-0.4036146402359009
30,target,18,-0.8892634510993958,1.182192087173462,-0.4012366533279419
30,target,19,-0.8681607842445374,1.1550607681274414,-0.40412789583206177
30,target,20,-0.8865132331848145,1.1751232147216797,-0.4036244750022888
30,target,21,-0.8875770568847656,1.1321806907653809,-0.3882420063018799
30,target,22,-0.8565898537635803,1.162160873413086,-0.40478014945983887
30,target,23,-0.8824530839920044,1.1394646167755127,-0.40624499320983887
30,target,24,-0.8740044832229614,1.1294748783111572,-0.38952112197875977
30,target,25,-0.8533697128295898,1.10062575340271,-0.41616761684417725
30,target,26,-0.847520112991333,1.122128963470459,-0.423806369304657
30,target,27,-0.8757586479187012,1.1668503284454346,-0.41938459873199463
30,target,28,-0.8351137042045593,1.0602607727050781,-0.41619765758514404
30,target,29,-0.8535323143005371,1.1074345111846924,-0.42529046535491943
30,target,30,-0.8397705554962158,1.0369093418121338,-0.4256126284599304
30,target,31,-0.8962619304656982,1.1573189496994019,-0.42266494035720825
30,target,32,-0.8860131502151489,1.1319668292999268,-0.4247255325317383
30,target,33,-0.8565313816070557,1.130956768989563,-0.40447109937667847
30,target,34,-0.833928108215332,1.0790597200393677,-0.4090721011161804
30,target,35,-0.8452054858207703,1.0920915603637695,-0.4139382243156433
30,target,36,-0.8729944229125977,1.1244513988494873,-0.40253186225891113
30,target,37,-0.8406597971916199,1.089787483215332,-0.4097476601600647
30,target,38,-0.8558722734451294,1.1022138595581055,-0.4101376533508301
30,target,39,-0.8632380962371826,1.1188702583312988,-0.40392929315567017
30,target,40,-0.8299146890640259,1.1149600744247437,-0.398722767829895
30,target,41,-0.8403233289718628,1.1434780359268188,-0.38543498516082764
30,target,42,-0.8542673587799072,1.0793536901474,-0.39239799976348877
30,target,43,-0.8323992490768433,1.0419265031814575,-0.38912731409072876
30,target,44,-0.8553358316421509,1.0748505592346191,-0.37912702560424805
30,target,45,-0.8430959582328796,1.0622217655181885,-0.38285911083221436
30,target,46,-0.7347550392150879,0.9860612154006958,-0.4224509000778198
30,target,47,-0.7927234768867493,1.053678274154663,-0.42483681440353394
30,target,48,-0.7821576595306396,1.0589840412139893,-0.43259721994400024
30,target,49,-0.7324570417404175,0.9761176109313965,-0.41071414947509766
30,target,50,-0.8174779415130615,1.0890365839004517,-0.40518730878829956
30,target,51,-0.8558617830276489,1.1100876331329346,-0.42303919792175293
30,target,52,-0.8389304280281067,1.1018331050872803,-0.4222901463508606
30,target,53,-0.857291579246521,1.12953782081604,-0.42992454767227173
30,target,54,-0.8571598529815674,1.121992588043213,-0.4223412275314331
30,target,55,-0.8679910898208618,1.1257573366165161,-0.4291808605194092
30,target,56,-0.8515890836715698,1.1265385150909424,-0.43233543634414673
30,target,57,-0.8442866206169128,1.112257957458496,-0.4314407706260681
30,target,58,-0.8727039098739624,1.143075704574585,-0.43641752004623413
30,target,59,-0.8386160731315613,1.1182069778442383,-0.43110644817352295
30,target,60,-0.8448501229286194,1.1161117553710938,-0.41599440574645996
30,target,61,-0.819917619228363,1.0799694061279297,-0.41751575469970703
30,target,62,-0.814993143081665,1.0719282627105713,-0.4067603349685669
30,target,63,-0.8360379338264465,1.094771146774292,-0.4257163405418396
31,source,0,-0.8604890704154968,1.0459632873535156,-0.39241790771484375
31,source,1,-0.8480070233345032,1.014202356338501,-0.39613234996795654
31,source,2,-0.8399884700775146,1.020858645439148,-0.39677488803863525
31,source,3,-0.8330598473548889,1.0234742164611816,-0.3983215093612671
31,source,4,-0.8422273397445679,1.0106315612792969,-0.40774768590927124
31,source,5,-0.8402308225631714,1.0340244770050049,-0.3955538868904114
31,source,6,-0.8514618873596191,1.0358188152313232,-0.39975160360336304
31,source,7,-0.8555375337600708,1.038804292678833,-0.4017009735107422
31,source,8,-0.8425272107124329,1.0141384601593018,-0.3992573618888855
31,source,9,-0.8516073226928711,1.0359660387039185,-0.3942076563835144
31,source,10,-0.851675808429718,1.0125857591629028,-0.39464354515075684
31,source,11,-0.8428540229797363,1.0330560207366943,-0.3958823084831238
31,source,12,-0.8539078235626221,1.026924729347229,-0.3897908329963684
31,source,13,-0.8594458699226379,1.0563328266143799,-0.37948399782180786
31,source,14,-0.8387022018432617,1.004190444946289,-0.3826119899749756
31,source,15,-0.8519776463508606,0.9953992366790771,-0.38332533836364746
31,source,16,-0.85115647315979,1.0114188194274902,-0.3866901397705078
31,source,17,-0.8462817668914795,0.9978471994400024,-0.382993221282959
31,source,18,-0.8605862855911255,1.0113093852996826,-0.3842136859893799
31,source,19,-0.8425304889678955,0.996218740940094,-0.39156460762023926
31,source,20,-0.8312948346138,1.0183535814285278,-0.3724685311317444
31,source,21,-0.8376551270484924,0.9898936152458191,-0.37080562114715576
31,source,22,-0.8341464400291443,0.9908333420753479,-0.3622788190841675
31,source,23,-0.840789794921875,0.9894565343856812,-0.3634425401687622
31,source,24,-0.8378220200538635,0.9827497601509094,-0.3789297342300415
31,source,25,-0.84293133020401,0.981723964214325,-0.3797387480735779
31,source,26,-0.8259416818618774,1.0029118061065674,-0.38741105794906616
31,source,27,-0.8667831420898438,1.0162131786346436,-0.38749659061431885
31,source,28,-0.8592056632041931,1.0163047313690186,-0.38717418909072876
31,source,29,-0.8526414036750793,1.019230842590332,-0.3937068581581116
31,source,30,-0.851022481918335,1.0406967401504517,-0.3888345956802368
31,source,31,-0.85712069272995,1.0359240770339966,-0.38842666149139404
31,source,32,-0.8479142785072327,1.0336483716964722,-0.4012153744697571
31,source,33,-0.8468136787414551,1.0309736728668213,-0.40099018812179565
31,source,34,-0.8423186540603638,1.0357334613800049,-0.3884487748146057
31,source,35,-0.8470594882965088,1.0034780502319336,-0.38893580436706543
31,source,36,-0.8737917542457581,1.0314240455627441,-0.3878520131111145
31,source,37,-0.8349854946136475,1.0015926361083984,-0.3824855089187622
31,source,38,-0.8307269215583801,0.9763745665550232,-0.3767312169075012
31,source,39,-0.8354111313819885,0.9796735048294067,-0.3706281781196594
31,source,40,-0.8532315492630005,1.0083976984024048,-0.3966659903526306
31,source,41,-0.854470431804657,1.0117785930633545,-0.37842339277267456
31,source,42,-0.8488634824752808,1.008452296257019,-0.38466495275497437
31,source,43,-0.8539571762084961,1.015883207321167,-0.40217357873916626
31,source,44,-0.8287166357040405,0.996938169002533,-0.3644505739212036
31,source,45,-0.8417143821716309,1.0137407779693604,-0.38772642612457275
31,source,46,-0.8550052642822266,1.0223054885864258,-0.3923000693321228
31,source,47,-0.8563982844352722,1.0384222269058228,-0.38292694091796875
31,source,48,-0.8349868059158325,1.0178269147872925,-0.3880687355995178
31,source,49,-0.8569619059562683,1.006253719329834,-0.3908619284629822
31,source,50,-0.833177924156189,1.0137698650360107,-0.4078966975212097
31,source,51,-0.8466907143592834,1.0165724754333496,-0.41529154777526855
31,source,52,-0.828875720500946,1.0020523071289062,-0.42403459548950195
31,source,53,-0.8215646743774414,0.9895198941230774,-0.42003434896469116
31,source,54,-0.8380399942398071,1.0192451477050781,-0.4278097152709961
31,source,55,-0.8308149576187134,1.0194361209869385,-0.41362881660461426
31,source,56,-0.843958854675293,1.0281028747558594,-0.41241538524627686
31,source,57,-0.8387935161590576,1.0329669713974,-0.4132046103477478
31,source,58,-0.8300138115882874,1.0187318325042725,-0.4190686345100403
31,source,59,-0.8305789828300476,1.029094934463501,-0.41471463441848755
31,source,60,-0.8465471267700195,1.0261605978012085,-0.4124789237976074
31,source,61,-0.8302602767944336,0.9976884126663208,-0.4147125482559204
31,source,62,-0.8499517440795898,1.0186033248901367,-0.4155155420303345
31,source,63,-0.8391173481941223,1.0300121307373047,-0.4091595411300659
31,target,0,-0.7870648503303528,1.0540742874145508,-0.40559566020965576
31,target,1,-0.8530430793762207,1.149324893951416,-0.3964812159538269
31,target,2,-0.8468223214149475,1.098771095275879,-0.40209275484085083
31,target,3,-0.8257002830505371,1.0612871646881104,-0.4103351831436157
31,target,4,-0.8539177179336548,1.0981279611587524,-0.41797053813934326
31,target,5,-0.8900631666183472,1.1540813446044922,-0.4182654619216919
31,target,6,-0.8805718421936035,1.138599157333374,-0.40779590606689453
31,target,7,-0.8695149421691895,1.116342544555664,-0.4115862250328064
31,target,8,-0.866675078868866,1.0927202701568604,-0.4008246660232544
31,target,9,-0.8294960260391235,1.0696355104446411,-0.42887556552886963
31,target,10,-0.8530750274658203,1.1038274765014648,-0.4192584156990051
31,target,11,-0.8631896376609802,1.1370391845703125,-0.414451003074646
31,target,12,-0.8654837012290955,1.0995237827301025,-0.4068732261657715
31,target,13,-0.8443253040313721,1.0638562440872192,-0.4227709174156189
31,target,14,-0.859255313873291,1.090207576751709,-0.4290187954902649
31,target,15,-0.8461114168167114,1.0621912479400635,-0.43155914545059204
31,target,16,-0.8361971378326416,1.0625126361846924,-0.43011730909347534
31,target,17,-0.8687006831169128,1.129889726638794,-0.3954099416732788
31,target,18,-0.8961362242698669,1.177817940711975,-0.3966814875602722
31,target,19,-0.8625243306159973,1.1232274770736694,-0.39658862352371216
31,target,20,-0.8829750418663025,1.1648800373077393,-0.40029633045196533
31,target,21,-0.8818081617355347,1.125887155532837,-0.39134126901626587
31,target,22,-0.8711544275283813,1.167227029800415,-0.39832717180252075
31,target,23,-0.8678836226463318,1.1187455654144287,-0.40644240379333496
31,target,24,-0.8607292175292969,1.123321771621704,-0.3907592296600342
31,target,25,-0.8455880284309387,1.0726020336151123,-0.41036760807037354
31,target,26,-0.8470168709754944,1.1038899421691895,-0.41451752185821533
31,target,27,-0.8712446689605713,1.1396827697753906,-0.40789705514907837
31,target,28,-0.8292375206947327,1.0476655960083008,-0.40275317430496216
31,target,29,-0.8522619605064392,1.0884008407592773,-0.41270917654037476
31,target,30,-0.8374084234237671,1.0303831100463867,-0.4151345491409302
31,target,31,-0.8911796808242798,1.1297709941864014,-0.411577045917511
31,target,32,-0.8833811283111572,1.1010128259658813,-0.415002703666687
31,target,33,-0.8353081941604614,1.0931243896484375,-0.3979824185371399
31,target,34,-0.820044219493866,1.0514099597930908,-0.39788419008255005
31,target,35,-0.8141266703605652,1.076343297958374,-0.4034201502799988
31,target,36,-0.8438485860824585,1.0921869277954102,-0.4062396287918091
31,target,37,-0.8074465990066528,1.0600292682647705,-0.3977198004722595
31,target,38,-0.8357028961181641,1.0825085639953613,-0.4029134511947632
31,target,39,-0.8373290300369263,1.085716962814331,-0.3984360694885254
31,target,40,-0.8184165954589844,1.100530982017517,-0.3959544897079468
31,target,41,-0.8318266272544861,1.1373212337493896,-0.38416576385498047
31,target,42,-0.8518790006637573,1.077493667602539,-0.39235931634902954
31,target,43,-0.8298493027687073,1.0430010557174683,-0.38533759117126465
31,target,44,-0.8455488681793213,1.0597259998321533,-0.3775525689125061
31,target,45,-0.8385401964187622,1.0533024072647095,-0.3691008687019348
31,target,46,-0.7232303619384766,0.9448432326316833,-0.4088197350502014
31,target,47,-0.7999668121337891,1.0300884246826172,-0.4123573303222656
31,target,48,-0.7861324548721313,1.0388849973678589,-0.4230126738548279
31,target,49,-0.7327153086662292,0.9491710066795349,-0.4014222025871277
31,target,50,-0.8106095790863037,1.0409464836120605,-0.39829814434051514
31,target,51,-0.8552011251449585,1.0980836153030396,-0.4105410575866699
31,target,52,-0.8457878232002258,1.0864250659942627,-0.4077196717262268
31,target,53,-0.8495965003967285,1.092964768409729,-0.4168543219566345
31,target,54,-0.8521580100059509,1.1131370067596436,-0.4117780923843384
31,target,55,-0.8632476329803467,1.1020816564559937,-0.42361652851104736
31,target,56,-0.8514424562454224,1.0924867391586304,-0.42204606533050537
31,target,57,-0.8430924415588379,1.0798449516296387,-0.42176133394241333
31,target,58,-0.8731657862663269,1.1177902221679688,-0.427146315574646
31,target,59,-0.8375352025032043,1.086179494857788,-0.4191882610321045
31,target,60,-0.8426624536514282,1.0819613933563232,-0.4055131673812866
31,target,61,-0.8216845393180847,1.0544586181640625,-0.40621739625930786
31,target,62,-0.8096024990081787,1.0369389057159424,-0.39990848302841187
31,target,63,-0.8308728933334351,1.0561819076538086,-0.41634953022003174
32,source,0,-0.8740111589431763,1.02793288230896,-0.3958315849304199
32,source,1,-0.8653782606124878,0.9952097535133362,-0.3955540657043457
32,source,2,-0.8519763946533203,0.9982900619506836,-0.40125572681427
32,source,3,-0.8406577110290527,1.0049748420715332,-0.40390437841415405
32,source,4,-0.8654398322105408,1.0092990398406982,-0.40697216987609863
32,source,5,-0.857694685459137,1.0099345445632935,-0.39212483167648315
32,source,6,-0.8722176551818848,1.0267765522003174,-0.3987486958503723
32,source,7,-0.8692227005958557,1.0132848024368286,-0.40081387758255005
32,source,8,-0.8553802371025085,1.0028444528579712,-0.3996705412864685
32,source,9,-0.8637640476226807,1.011206865310669,-0.3966220021247864
32,source,10,-0.8675979375839233,1.0031323432922363,-0.3982089161872864
32,source,11,-0.8505092859268188,1.014015793800354,-0.39966070652008057
32,source,12,-0.8675962686538696,1.0085508823394775,-0.39221692085266113
32,source,13,-0.8704378604888916,1.0467132329940796,-0.3851603865623474
32,source,14,-0.8505869507789612,0.9864034652709961,-0.3862675428390503
32,source,15,-0.869296669960022,0.9802896976470947,-0.3815497159957886
32,source,16,-0.8601453304290771,0.9912697672843933,-0.39220130443573
32,source,17,-0.8526331186294556,0.9753721952438354,-0.3906218409538269
32,source,18,-0.8687084317207336,0.992931067943573,-0.39097487926483154
32,source,19,-0.860673725605011,0.9885892868041992,-0.3973407745361328
32,source,20,-0.8357375264167786,1.0056886672973633,-0.39108413457870483
32,source,21,-0.8564229011535645,0.9908567070960999,-0.3814696669578552
32,source,22,-0.850364089012146,0.9859607815742493,-0.3747868537902832
32,source,23,-0.851836085319519,0.9808698296546936,-0.3725724220275879
32,source,24,-0.852263331413269,0.9736679196357727,-0.38732433319091797
32,source,25,-0.8630378246307373,0.9782885909080505,-0.3866022825241089
32,source,26,-0.8464398384094238,0.9960693120956421,-0.39250391721725464
32,source,27,-0.8847033977508545,0.9996086955070496,-0.39425283670425415
32,source,28,-0.8872076272964478,1.0114341974258423,-0.3886985182762146
32,source,29,-0.8697220683097839,1.0082978010177612,-0.3970624804496765
32,source,30,-0.8610336780548096,1.0284345149993896,-0.3948240280151367
32,source,31,-0.8633291721343994,1.015331506729126,-0.3986167907714844
32,source,32,-0.866411566734314,1.0264134407043457,-0.40284132957458496
32,source,33,-0.8651320934295654,1.0160061120986938,-0.40269935131073
32,source,34,-0.8573417067527771,1.0210033655166626,-0.39190495014190674
32,source,35,-0.8615038990974426,0.9797123074531555,-0.3913920521736145
32,source,36,-0.8865495920181274,1.0214567184448242,-0.39315587282180786
32,source,37,-0.8518399000167847,0.9895170331001282,-0.38289594650268555
32,source,38,-0.8517919182777405,0.9741355776786804,-0.3832066059112549
32,source,39,-0.8533549308776855,0.9787317514419556,-0.3796426057815552
32,source,40,-0.8714770078659058,0.9956393837928772,-0.391976535320282
32,source,41,-0.8679340481758118,1.0055642127990723,-0.37733304500579834
32,source,42,-0.8657145500183105,0.9962303042411804,-0.38701701164245605
32,source,43,-0.8718322515487671,1.003313660621643,-0.40097731351852417
32,source,44,-0.8375861048698425,0.9844284057617188,-0.3772568106651306
32,source,45,-0.8473433256149292,0.9921246767044067,-0.3992527723312378
32,source,46,-0.8622925281524658,0.9977039098739624,-0.3979884386062622
32,source,47,-0.8755519986152649,1.0272194147109985,-0.3902010917663574
32,source,48,-0.842339038848877,0.9937751889228821,-0.392089307308197
32,source,49,-0.8733905553817749,1.0037513971328735,-0.3881340026855469
32,source,50,-0.853933572769165,1.004060983657837,-0.40306246280670166
32,source,51,-0.8638239502906799,1.0085992813110352,-0.40714430809020996
32,source,52,-0.8400411605834961,0.9884152412414551,-0.41905468702316284
32,source,53,-0.8328214287757874,0.9817008376121521,-0.4182654023170471
32,source,54,-0.8610403537750244,1.0164247751235962,-0.4203442335128784
32,source,55,-0.852103590965271,1.0187536478042603,-0.41150879859924316
32,source,56,-0.8612011671066284,1.0237935781478882,-0.4081079959869385
32,source,57,-0.8568320274353027,1.0277373790740967,-0.40912944078445435
32,source,58,-0.8416365385055542,1.0103089809417725,-0.4169069528579712
32,source,59,-0.8429526686668396,1.0192515850067139,-0.408832848072052
32,source,60,-0.8653375506401062,1.0218122005462646,-0.40735262632369995
32,source,61,-0.841382622718811,1.000967264175415,-0.4117957353591919
32,source,62,-0.8608367443084717,1.0066943168640137,-0.4119042158126831
32,source,63,-0.8458191156387329,1.0051755905151367,-0.4051607847213745
32,target,0,-0.7946584224700928,1.0488145351409912,-0.39996492862701416
32,target,1,-0.8644654750823975,1.1608383655548096,-0.3883747458457947
32,target,2,-0.8574482202529907,1.1148350238800049,-0.3872573971748352
32,target,3,-0.8326971530914307,1.0512957572937012,-0.40446484088897705
32,target,4,-0.862762987613678,1.0891122817993164,-0.4074544906616211
32,target,5,-0.8863357305526733,1.0961110591888428,-0.40809255838394165
32,target,6,-0.8896806240081787,1.1228747367858887,-0.4063186049461365
32,target,7,-0.8893523216247559,1.124539852142334,-0.4115139842033386
32,target,8,-0.8811922073364258,1.106911063194275,-0.40533167123794556
32,target,9,-0.8456984758377075,1.0753669738769531,-0.42653340101242065
32,target,10,-0.866996169090271,1.104614019393921,-0.41927653551101685
32,target,11,-0.876061737537384,1.1284708976745605,-0.4069826602935791
32,target,12,-0.8695833086967468,1.0948166847229004,-0.4045644998550415
32,target,13,-0.8535220623016357,1.0600643157958984,-0.41371071338653564
32,target,14,-0.8657545447349548,1.082552433013916,-0.42271852493286133
32,target,15,-0.855570912361145,1.0606038570404053,-0.4232795238494873
32,target,16,-0.8426966667175293,1.053257942199707,-0.4236360192298889
32,target,17,-0.8797664046287537,1.1249241828918457,-0.39342671632766724
32,target,18,-0.9014451503753662,1.1698077917099,-0.39666569232940674
32,target,19,-0.8728610277175903,1.135091781616211,-0.3970022201538086
32,target,20,-0.8949321508407593,1.154416561126709,-0.3991734981536865
32,target,21,-0.8956505656242371,1.1017816066741943,-0.3870449662208557
32,target,22,-0.871936023235321,1.1476448774337769,-0.39553672075271606
32,target,23,-0.878339946269989,1.1248691082000732,-0.40097576379776
32,target,24,-0.8747715950012207,1.109771728515625,-0.38761085271835327
32,target,25,-0.8467572927474976,1.0741198062896729,-0.4004446268081665
32,target,26,-0.8501496315002441,1.1030614376068115,-0.4062291979789734
32,target,27,-0.8781546354293823,1.1659045219421387,-0.3957898020744324
32,target,28,-0.8347575068473816,1.0634053945541382,-0.38138121366500854
32,target,29,-0.8595384955406189,1.0822303295135498,-0.40822458267211914
32,target,30,-0.8409885168075562,1.0134849548339844,-0.40388917922973633
32,target,31,-0.9068262577056885,1.133795976638794,-0.401020348072052
32,target,32,-0.8930138349533081,1.1149778366088867,-0.4115428328514099
32,target,33,-0.855236291885376,1.1092698574066162,-0.3834275007247925
32,target,34,-0.8318479061126709,1.0457258224487305,-0.3915819525718689
32,target,35,-0.8276969790458679,1.0636495351791382,-0.39118343591690063
32,target,36,-0.8658093214035034,1.0861341953277588,-0.3944546580314636
32,target,37,-0.8273700475692749,1.0597631931304932,-0.3868038058280945
32,target,38,-0.8517211675643921,1.0783782005310059,-0.38926029205322266
32,target,39,-0.8591132760047913,1.0941824913024902,-0.384244441986084
32,target,40,-0.8289859890937805,1.1058270931243896,-0.39165830612182617
32,target,41,-0.8360529541969299,1.1265568733215332,-0.3824917674064636
32,target,42,-0.8482767343521118,1.0671910047531128,-0.399580717086792
32,target,43,-0.8299738764762878,1.03574800491333,-0.38996630907058716
32,target,44,-0.8372901082038879,1.0574895143508911,-0.37914562225341797
32,target,45,-0.8328216075897217,1.040270447731018,-0.37871676683425903
32,target,46,-0.7325946092605591,0.9121335744857788,-0.4081186056137085
32,target,47,-0.8087309002876282,1.0134706497192383,-0.40844494104385376
32,target,48,-0.7795428037643433,1.0068551301956177,-0.423414945602417
32,target,49,-0.7290170788764954,0.9051880836486816,-0.4036741852760315
32,target,50,-0.8028245568275452,1.0330541133880615,-0.39609062671661377
32,target,51,-0.8706986904144287,1.1040562391281128,-0.40442389249801636
32,target,52,-0.8509261012077332,1.0807788372039795,-0.4010971188545227
32,target,53,-0.8571891188621521,1.093675136566162,-0.40944594144821167
32,target,54,-0.8626315593719482,1.1161208152770996,-0.40426093339920044
32,target,55,-0.8685207366943359,1.0991802215576172,-0.41887664794921875
32,target,56,-0.8541505336761475,1.077253818511963,-0.4150683879852295
32,target,57,-0.8450231552124023,1.0743086338043213,-0.4187203049659729
32,target,58,-0.8742589354515076,1.11332368850708,-0.4205845594406128
32,target,59,-0.8422004580497742,1.0800201892852783,-0.41460615396499634
32,target,60,-0.8591300845146179,1.1041407585144043,-0.40102916955947876
32,target,61,-0.8307877779006958,1.0553607940673828,-0.40837860107421875
32,target,62,-0.8408840298652649,1.0704326629638672,-0.3896756172180176
32,target,63,-0.8388109803199768,1.0606486797332764,-0.40872931480407715
33,source,0,-0.8637099266052246,1.049914002418518,-0.3973078727722168
33,source,1,-0.8555619716644287,1.0058679580688477,-0.397821843624115
33,source,2,-0.8387860655784607,1.012458086013794,-0.4087446331977844
33,source,3,-0.8221381902694702,1.0034573078155518,-0.410963237285614
33,source,4,-0.8399437069892883,1.0034992694854736,-0.41339361667633057
33,source,5,-0.8406986594200134,1.022541880607605,-0.3968583345413208
33,source,6,-0.855044424533844,1.0439128875732422,-0.40132349729537964
33,source,7,-0.8520698547363281,1.0292301177978516,-0.40313541889190674
33,source,8,-0.8399493098258972,1.0158946514129639,-0.4034639000892639
33,source,9,-0.848797082901001,1.0262629985809326,-0.40037083625793457
33,source,10,-0.8460392355918884,1.0032480955123901,-0.4025788903236389
33,source,11,-0.8436678051948547,1.032273769378662,-0.4036151170730591
33,source,12,-0.8515912294387817,1.0235530138015747,-0.3958926796913147
33,source,13,-0.8516992330551147,1.0596649646759033,-0.39106231927871704
33,source,14,-0.8422912359237671,1.0065772533416748,-0.3875189423561096
33,source,15,-0.8619570136070251,1.0035536289215088,-0.37980717420578003
33,source,16,-0.8480262756347656,1.0078778266906738,-0.3956461548805237
33,source,17,-0.8425643444061279,0.9933302998542786,-0.3907281160354614
33,source,18,-0.859191358089447,1.0121424198150635,-0.3903944492340088
33,source,19,-0.8466714024543762,1.000326156616211,-0.40296095609664917
33,source,20,-0.8210316896438599,1.0140177011489868,-0.39576977491378784
33,source,21,-0.8420058488845825,0.9958572387695312,-0.38632041215896606
33,source,22,-0.8362316489219666,1.0008413791656494,-0.3777979016304016
33,source,23,-0.8442754149436951,0.9934985041618347,-0.3779526352882385
33,source,24,-0.8419777750968933,0.9813255071640015,-0.38663995265960693
33,source,25,-0.8514533042907715,0.9856696128845215,-0.3845011591911316
33,source,26,-0.8323593735694885,1.0098505020141602,-0.39587992429733276
33,source,27,-0.8726791739463806,1.0152671337127686,-0.3875633478164673
33,source,28,-0.868233859539032,1.007599115371704,-0.3885902762413025
33,source,29,-0.8544930219650269,1.0097359418869019,-0.40116846561431885
33,source,30,-0.8503228425979614,1.0382039546966553,-0.39815402030944824
33,source,31,-0.8527652025222778,1.0307269096374512,-0.3991984724998474
33,source,32,-0.8437752723693848,1.0293020009994507,-0.4084473252296448
33,source,33,-0.8431690335273743,1.0217387676239014,-0.4098183512687683
33,source,34,-0.8536617755889893,1.0354456901550293,-0.39620834589004517
33,source,35,-0.8522453308105469,1.0029873847961426,-0.3934832811355591
33,source,36,-0.8669261932373047,1.023029088973999,-0.39604055881500244
33,source,37,-0.8415239453315735,1.0033910274505615,-0.38549482822418213
33,source,38,-0.8424612283706665,0.9870479702949524,-0.3809463381767273
33,source,39,-0.8413078188896179,0.993369996547699,-0.3826380968093872
33,source,40,-0.8612267971038818,1.0133192539215088,-0.3922680616378784
33,source,41,-0.8591538667678833,1.0355122089385986,-0.38204246759414673
33,source,42,-0.8500516414642334,1.0193930864334106,-0.3941659927368164
33,source,43,-0.8565548062324524,1.024486780166626,-0.40729546546936035
33,source,44,-0.8190194964408875,0.9880039095878601,-0.3875943422317505
33,source,45,-0.8328601121902466,1.0049031972885132,-0.4063132405281067
33,source,46,-0.8567408323287964,1.0276325941085815,-0.39786452054977417
33,source,47,-0.861399233341217,1.039389967918396,-0.3932002782821655
33,source,48,-0.8241830468177795,1.000706672668457,-0.40352481603622437
33,source,49,-0.8561900854110718,0.9998372793197632,-0.3894283175468445
33,source,50,-0.8385616540908813,1.0287106037139893,-0.40960413217544556
33,source,51,-0.850429892539978,1.027890682220459,-0.4125358462333679
33,source,52,-0.8239696621894836,1.0037363767623901,-0.43016529083251953
33,source,53,-0.8197428584098816,0.9970513582229614,-0.4344162344932556
33,source,54,-0.8377739787101746,1.0161550045013428,-0.42999404668807983
33,source,55,-0.8425387740135193,1.035849690437317,-0.42028069496154785
33,source,56,-0.8460440635681152,1.0424245595932007,-0.41746944189071655
33,source,57,-0.842864990234375,1.0485641956329346,-0.4183592200279236
33,source,58,-0.8305326700210571,1.0276185274124146,-0.4256489872932434
33,source,59,-0.8341534733772278,1.0372549295425415,-0.41931188106536865
33,source,60,-0.8436675071716309,1.023269772529602,-0.41568779945373535
33,source,61,-0.835665225982666,1.0262787342071533,-0.4255274534225464
33,source,62,-0.8421689867973328,1.0232996940612793,-0.42061811685562134
33,source,63,-0.8319267630577087,1.030841588973999,-0.41497623920440674
33,target,0,-0.7783518433570862,1.0563170909881592,-0.4088618755340576
33,target,1,-0.8511960506439209,1.1720775365829468,-0.397189736366272
33,target,2,-0.8367496132850647,1.1236693859100342,-0.4018514156341553
33,target,3,-0.8159285187721252,1.0626347064971924,-0.41354846954345703
33,target,4,-0.8425731658935547,1.0960536003112793,-0.4142703413963318
33,target,5,-0.868310809135437,1.1267757415771484,-0.41776394844055176
33,target,6,-0.8759907484054565,1.1324124336242676,-0.4151172637939453
33,target,7,-0.8625372648239136,1.1019110679626465,-0.41908615827560425
33,target,8,-0.8625235557556152,1.100657343864441,-0.4173782467842102
33,target,9,-0.8275294899940491,1.0722285509109497,-0.43721693754196167
33,target,10,-0.8463401198387146,1.1035799980163574,-0.4220677614212036
33,target,11,-0.856662392616272,1.1369359493255615,-0.4174858331680298
33,target,12,-0.8484126925468445,1.093055248260498,-0.41368603706359863
33,target,13,-0.8328415155410767,1.067073941230774,-0.4287537932395935
33,target,14,-0.8425813913345337,1.0776309967041016,-0.43101948499679565
33,target,15,-0.8342121243476868,1.0652713775634766,-0.4341871738433838
33,target,16,-0.8245917558670044,1.0601425170898438,-0.4325944185256958
33,target,17,-0.8717148900032043,1.1392139196395874,-0.4009745121002197
33,target,18,-0.8866971731185913,1.1646791696548462,-0.40538638830184937
33,target,19,-0.8594768643379211,1.129878282546997,-0.4091135859489441
33,target,20,-0.8787489533424377,1.159048080444336,-0.4084833264350891
33,target,21,-0.8770730495452881,1.1204969882965088,-0.3987307548522949
33,target,22,-0.8561376929283142,1.1537079811096191,-0.40060144662857056
33,target,23,-0.8676849603652954,1.1272578239440918,-0.40481430292129517
33,target,24,-0.8551780581474304,1.1190847158432007,-0.4063442349433899
33,target,25,-0.8394600749015808,1.0967226028442383,-0.40766793489456177
33,target,26,-0.837699830532074,1.0990229845046997,-0.4168160557746887
33,target,27,-0.8486967086791992,1.1444132328033447,-0.4074883460998535
33,target,28,-0.8220362067222595,1.0615549087524414,-0.4051562547683716
33,target,29,-0.83896803855896,1.0855917930603027,-0.4146876335144043
33,target,30,-0.8210819959640503,1.0207606554031372,-0.4133341312408447
33,target,31,-0.8833608627319336,1.132981300354004,-0.41077834367752075
33,target,32,-0.8757562041282654,1.1060887575149536,-0.41809046268463135
33,target,33,-0.8414394855499268,1.1214354038238525,-0.4005323052406311
33,target,34,-0.8167266249656677,1.0610431432724,-0.402823269367218
33,target,35,-0.8220971822738647,1.092264175415039,-0.41909629106521606
33,target,36,-0.8551153540611267,1.1182353496551514,-0.4103813171386719
33,target,37,-0.8132897615432739,1.081798791885376,-0.40798985958099365
33,target,38,-0.835145890712738,1.0832147598266602,-0.405784010887146
33,target,39,-0.8435917496681213,1.1076624393463135,-0.3992263674736023
33,target,40,-0.8240213990211487,1.1218602657318115,-0.4056001901626587
33,target,41,-0.8189537525177002,1.1326260566711426,-0.3953057527542114
33,target,42,-0.8337407112121582,1.0625007152557373,-0.4081781506538391
33,target,43,-0.8201313018798828,1.0331950187683105,-0.4008757472038269
33,target,44,-0.8297255039215088,1.069790244102478,-0.39141374826431274
33,target,45,-0.8167209625244141,1.041116714477539,-0.3911614418029785
33,target,46,-0.7057123184204102,0.9388304948806763,-0.41090816259384155
33,target,47,-0.78568434715271,1.031740665435791,-0.415031373500824
33,target,48,-0.7711480855941772,1.0356762409210205,-0.42732733488082886
33,target,49,-0.7158545851707458,0.9413102865219116,-0.4048413634300232
33,target,50,-0.7928987741470337,1.0672729015350342,-0.399614155292511
33,target,51,-0.8454775214195251,1.0986860990524292,-0.41384661197662354
33,target,52,-0.8279189467430115,1.0776140689849854,-0.40748298168182373
33,target,53,-0.8398520946502686,1.105945110321045,-0.41961783170700073
33,target,54,-0.8445703983306885,1.110093355178833,-0.41428595781326294
33,target,55,-0.858268678188324,1.1124800443649292,-0.4261680841445923
33,target,56,-0.8467063903808594,1.11063551902771,-0.42169684171676636
33,target,57,-0.8263049125671387,1.0782043933868408,-0.4236905574798584
33,target,58,-0.8614917397499084,1.1222423315048218,-0.42738664150238037
33,target,59,-0.8317925930023193,1.0950709581375122,-0.4226045608520508
33,target,60,-0.8381761908531189,1.1117048263549805,-0.4089370369911194
33,target,61,-0.8094772100448608,1.0734038352966309,-0.4102352261543274
33,target,62,-0.8105877041816711,1.0714781284332275,-0.39694446325302124
33,target,63,-0.8191277384757996,1.0687613487243652,-0.4164224863052368
34,source,0,-0.8720494508743286,1.0869312286376953,-0.4103834629058838
34,source,1,-0.8560034036636353,1.032459020614624,-0.4142236113548279
34,source,2,-0.846852719783783,1.038038730621338,-0.4170607328414917
34,source,3,-0.8327924013137817,1.0339410305023193,-0.4242449402809143
34,source,4,-0.8468586206436157,1.0399227142333984,-0.42570263147354126
34,source,5,-0.8468929529190063,1.054734468460083,-0.4153516888618469
34,source,6,-0.8585206270217896,1.0741740465164185,-0.41750669479370117
34,source,7,-0.8552102446556091,1.0614526271820068,-0.42001283168792725
34,source,8,-0.8487793207168579,1.05121910572052,-0.4200252294540405
34,source,9,-0.8573437929153442,1.065335988998413,-0.41648048162460327
34,source,10,-0.8524636030197144,1.0365986824035645,-0.41287219524383545
34,source,11,-0.8448163866996765,1.0530691146850586,-0.4163815975189209
34,source,12,-0.8603145480155945,1.0601937770843506,-0.40992385149002075
34,source,13,-0.8657762408256531,1.092280626296997,-0.40158677101135254
34,source,14,-0.8467151522636414,1.0381884574890137,-0.40249526500701904
34,source,15,-0.8583269119262695,1.027719497680664,-0.40328896045684814
34,source,16,-0.8566024899482727,1.0411614179611206,-0.40793853998184204
34,source,17,-0.8480688333511353,1.027946949005127,-0.40813690423965454
34,source,18,-0.8702917695045471,1.051814079284668,-0.40795469284057617
34,source,19,-0.8576135635375977,1.0339016914367676,-0.41630107164382935
34,source,20,-0.840570867061615,1.0474021434783936,-0.40302330255508423
34,source,21,-0.8486713171005249,1.0252060890197754,-0.39869576692581177
34,source,22,-0.8464705348014832,1.03847336769104,-0.3854655623435974
34,source,23,-0.8511424660682678,1.0344274044036865,-0.38890790939331055
34,source,24,-0.8463770151138306,1.0163977146148682,-0.3993402123451233
34,source,25,-0.8594115972518921,1.0299404859542847,-0.40204131603240967
34,source,26,-0.8418214321136475,1.0486817359924316,-0.4056650400161743
34,source,27,-0.8808013200759888,1.0590825080871582,-0.405203640460968
34,source,28,-0.8697758316993713,1.050357460975647,-0.40579503774642944
34,source,29,-0.8624978065490723,1.0510332584381104,-0.41403812170028687
34,source,30,-0.8609254360198975,1.072080135345459,-0.41616231203079224
34,source,31,-0.8647194504737854,1.0614244937896729,-0.41335612535476685
34,source,32,-0.8503881692886353,1.054068922996521,-0.4211461544036865
34,source,33,-0.8560373187065125,1.0699036121368408,-0.42221367359161377
34,source,34,-0.86114501953125,1.076462984085083,-0.4100795388221741
34,source,35,-0.859394907951355,1.0462465286254883,-0.41082215309143066
34,source,36,-0.8757025599479675,1.0678794384002686,-0.413673996925354
34,source,37,-0.8420031070709229,1.030964970588684,-0.4025923013687134
34,source,38,-0.8490029573440552,1.0231651067733765,-0.3983879089355469
34,source,39,-0.8477835655212402,1.024693489074707,-0.3944851756095886
34,source,40,-0.8734216094017029,1.0634403228759766,-0.40985816717147827
34,source,41,-0.8681758642196655,1.0729048252105713,-0.3965107202529907
34,source,42,-0.861819326877594,1.055554986000061,-0.4042145013809204
34,source,43,-0.8683584332466125,1.0653290748596191,-0.4191192388534546
34,source,44,-0.8361707329750061,1.0267877578735352,-0.39645105600357056
34,source,45,-0.8471236824989319,1.040268898010254,-0.4117431044578552
34,source,46,-0.8653544783592224,1.0606083869934082,-0.41263920068740845
34,source,47,-0.8676429390907288,1.0693156719207764,-0.4069608449935913
34,source,48,-0.8351746797561646,1.031740665435791,-0.41449129581451416
34,source,49,-0.8650363683700562,1.0414197444915771,-0.41012972593307495
34,source,50,-0.8550667762756348,1.058589220046997,-0.42067664861679077
34,source,51,-0.8476169109344482,1.0311154127120972,-0.43227148056030273
34,source,52,-0.8288804292678833,1.0168921947479248,-0.444611132144928
34,source,53,-0.821571946144104,1.0024101734161377,-0.4543151259422302
34,source,54,-0.8435091972351074,1.0411067008972168,-0.44482356309890747
34,source,55,-0.8465692400932312,1.05413818359375,-0.43313318490982056
34,source,56,-0.8537076711654663,1.064403772354126,-0.4273332953453064
34,source,57,-0.8525505065917969,1.0736801624298096,-0.43051308393478394
34,source,58,-0.8375860452651978,1.0480996370315552,-0.4377182722091675
34,source,59,-0.8402273654937744,1.0532571077346802,-0.43352609872817993
34,source,60,-0.8621037602424622,1.0553486347198486,-0.431938111782074
34,source,61,-0.8435468077659607,1.0297331809997559,-0.43752461671829224
34,source,62,-0.8534539341926575,1.0345699787139893,-0.43493640422821045
34,source,63,-0.8422564268112183,1.034027099609375,-0.43063873052597046
34,target,0,-0.7855328917503357,1.0582175254821777,-0.43033456802368164
34,target,1,-0.8506432771682739,1.1679749488830566,-0.4214015007019043
34,target,2,-0.8436959981918335,1.1237183809280396,-0.4229814410209656
34,target,3,-0.8199877142906189,1.077603816986084,-0.4239844083786011
34,target,4,-0.8402721285820007,1.082823395729065,-0.4316844344139099
34,target,5,-0.863855242729187,1.1390585899353027,-0.44116705656051636
34,target,6,-0.8691398501396179,1.1320033073425293,-0.43332916498184204
34,target,7,-0.8663908839225769,1.1302576065063477,-0.4359971880912781
34,target,8,-0.862386167049408,1.1208057403564453,-0.4341666102409363
34,target,9,-0.8487010598182678,1.1165060997009277,-0.44588011503219604
34,target,10,-0.8611882328987122,1.1226675510406494,-0.43842077255249023
34,target,11,-0.8724412322044373,1.157301902770996,-0.4264325499534607
34,target,12,-0.8696877360343933,1.1258034706115723,-0.4247569441795349
34,target,13,-0.848886251449585,1.0833063125610352,-0.438301682472229
34,target,14,-0.851855993270874,1.0926837921142578,-0.4430408477783203
34,target,15,-0.8448285460472107,1.0718575716018677,-0.4432139992713928
34,target,16,-0.84321129322052,1.0884571075439453,-0.4396595358848572
34,target,17,-0.8758183717727661,1.1545801162719727,-0.4152681231498718
34,target,18,-0.8890292644500732,1.1846061944961548,-0.42388612031936646
34,target,19,-0.8665095567703247,1.1577961444854736,-0.42549699544906616
34,target,20,-0.8745126724243164,1.1678681373596191,-0.42563802003860474
34,target,21,-0.8714532256126404,1.1346771717071533,-0.417114794254303
34,target,22,-0.8539489507675171,1.1508415937423706,-0.4236612319946289
34,target,23,-0.870225191116333,1.1419413089752197,-0.4228505492210388
34,target,24,-0.8608683943748474,1.1315529346466064,-0.41791075468063354
34,target,25,-0.8463358879089355,1.1074755191802979,-0.42470329999923706
34,target,26,-0.8485278487205505,1.1326984167099,-0.42678433656692505
34,target,27,-0.8563327789306641,1.1419860124588013,-0.4250766634941101
34,target,28,-0.8358747363090515,1.0690841674804688,-0.41816675662994385
34,target,29,-0.8522483110427856,1.1095199584960938,-0.42981523275375366
34,target,30,-0.833498477935791,1.0288527011871338,-0.42420023679733276
34,target,31,-0.8921312689781189,1.1537142992019653,-0.42714977264404297
34,target,32,-0.8901525735855103,1.1430505514144897,-0.42866188287734985
34,target,33,-0.8515033721923828,1.1198017597198486,-0.4205629229545593
34,target,34,-0.8211640119552612,1.0672584772109985,-0.42114150524139404
34,target,35,-0.8228670358657837,1.0896666049957275,-0.4313117265701294
34,target,36,-0.8586809635162354,1.1104086637496948,-0.4325728416442871
34,target,37,-0.8215646147727966,1.0805914402008057,-0.4242979884147644
34,target,38,-0.8542346954345703,1.1076394319534302,-0.41866517066955566
34,target,39,-0.8646960258483887,1.1332817077636719,-0.41557568311691284
34,target,40,-0.8271137475967407,1.1314973831176758,-0.4220215082168579
34,target,41,-0.8319284915924072,1.1521512269973755,-0.41314828395843506
34,target,42,-0.8494711518287659,1.0980286598205566,-0.41722726821899414
34,target,43,-0.8396832942962646,1.0818462371826172,-0.40659862756729126
34,target,44,-0.8411153554916382,1.096579909324646,-0.4007156491279602
34,target,45,-0.8385103940963745,1.0840046405792236,-0.39869511127471924
34,target,46,-0.7275891900062561,0.9476978182792664,-0.42345327138900757
34,target,47,-0.7928622364997864,1.035233974456787,-0.428631067276001
34,target,48,-0.7723953723907471,1.033276081085205,-0.4462427496910095
34,target,49,-0.7269972562789917,0.9481310844421387,-0.41787195205688477
34,target,50,-0.7994115948677063,1.0592268705368042,-0.41439419984817505
34,target,51,-0.859999418258667,1.121516466140747,-0.42665332555770874
34,target,52,-0.8393240571022034,1.099865198135376,-0.42027199268341064
34,target,53,-0.8487531542778015,1.1185302734375,-0.43640148639678955
34,target,54,-0.846875786781311,1.1170570850372314,-0.4324997067451477
34,target,55,-0.8653022646903992,1.125067949295044,-0.4416794776916504
34,target,56,-0.8497768640518188,1.1119098663330078,-0.43687647581100464
34,target,57,-0.8394787907600403,1.1025491952896118,-0.44034767150878906
34,target,58,-0.8672052025794983,1.1300222873687744,-0.44203072786331177
34,target,59,-0.8391709923744202,1.1074199676513672,-0.43639200925827026
34,target,60,-0.8456820249557495,1.11764657497406,-0.4239617586135864
34,target,61,-0.8177079558372498,1.0756794214248657,-0.42515724897384644
34,target,62,-0.8152480721473694,1.062969446182251,-0.4125490188598633
34,target,63,-0.8255093097686768,1.0694262981414795,-0.43337273597717285
35,source,0,-0.8655730485916138,1.0327061414718628,-0.3965685963630676
35,source,1,-0.8558797240257263,0.9912089109420776,-0.39990341663360596
35,source,2,-0.8434687256813049,0.98488450050354,-0.39719158411026
35,source,3,-0.8376551270484924,0.9902916550636292,-0.4032450318336487
35,source,4,-0.847293496131897,0.9961298108100891,-0.42103826999664307
35,source,5,-0.8603153824806213,1.0272901058197021,-0.40132176876068115
35,source,6,-0.8678106069564819,1.034173846244812,-0.4048736095428467
35,source,7,-0.8633497357368469,1.0235114097595215,-0.40831005573272705
35,source,8,-0.8557568788528442,1.012000322341919,-0.40747737884521484
35,source,9,-0.8629544973373413,1.0238056182861328,-0.40216583013534546
35,source,10,-0.8530858755111694,0.9909148216247559,-0.4067600965499878
35,source,11,-0.8486989140510559,1.0103305578231812,-0.39872992038726807
35,source,12,-0.8519560098648071,0.9993063807487488,-0.3969830274581909
35,source,13,-0.8627651929855347,1.0275042057037354,-0.3840339183807373
35,source,14,-0.8534966707229614,0.9986558556556702,-0.38772159814834595
35,source,15,-0.8532696962356567,0.9808628559112549,-0.39403003454208374
35,source,16,-0.8524503111839294,0.986318826675415,-0.3931889533996582
35,source,17,-0.8464208841323853,0.9736429452896118,-0.3891788721084595
35,source,18,-0.863783061504364,0.9963648915290833,-0.3885720372200012
35,source,19,-0.8525516986846924,0.9792878031730652,-0.40301787853240967
35,source,20,-0.8350745439529419,0.9950603246688843,-0.3848974108695984
35,source,21,-0.8472399711608887,0.9827221632003784,-0.3851040005683899
35,source,22,-0.845725953578949,0.9839639067649841,-0.3710682988166809
35,source,23,-0.8529103994369507,0.9958550333976746,-0.3727535605430603
35,source,24,-0.8493410348892212,0.980830729007721,-0.38875895738601685
35,source,25,-0.856149435043335,0.9791732430458069,-0.38963717222213745
35,source,26,-0.8357628583908081,0.9902874231338501,-0.39803558588027954
35,source,27,-0.8672552704811096,0.988431990146637,-0.39239001274108887
35,source,28,-0.8709772229194641,1.0217955112457275,-0.3877972364425659
35,source,29,-0.8537352681159973,0.9866947531700134,-0.40183043479919434
35,source,30,-0.8560500144958496,1.0224978923797607,-0.39733755588531494
35,source,31,-0.8552471399307251,0.9987984895706177,-0.3985741138458252
35,source,32,-0.85540372133255,1.0087065696716309,-0.4064617156982422
35,source,33,-0.8575015068054199,1.0238488912582397,-0.41305768489837646
35,source,34,-0.8528214693069458,1.0265780687332153,-0.39783281087875366
35,source,35,-0.8494681715965271,0.9970647692680359,-0.3992782235145569
35,source,36,-0.8726655840873718,1.0030266046524048,-0.39388370513916016
35,source,37,-0.8493958711624146,1.0051580667495728,-0.38989192247390747
35,source,38,-0.8455500602722168,0.9738019704818726,-0.3891751170158386
35,source,39,-0.8493738174438477,0.9828954935073853,-0.38515228033065796
35,source,40,-0.8619211912155151,1.0071879625320435,-0.40625661611557007
35,source,41,-0.8678470849990845,1.0141578912734985,-0.3857969641685486
35,source,42,-0.8647875785827637,1.0096708536148071,-0.3921302556991577
35,source,43,-0.8583930730819702,1.0024669170379639,-0.4130311608314514
35,source,44,-0.8352553248405457,0.9807512164115906,-0.37353211641311646
35,source,45,-0.8409563302993774,0.9801631569862366,-0.3950827121734619
35,source,46,-0.8520879745483398,0.983657956123352,-0.3988698720932007
35,source,47,-0.8657064437866211,1.017554759979248,-0.38768136501312256
35,source,48,-0.8372607827186584,0.9878367781639099,-0.395378053188324
35,source,49,-0.862830638885498,1.0000871419906616,-0.39859431982040405
35,source,50,-0.852538526058197,1.0107163190841675,-0.41572028398513794
35,source,51,-0.8531671166419983,0.9993501901626587,-0.42279988527297974
35,source,52,-0.834036111831665,0.976068377494812,-0.4387781620025635
35,source,53,-0.8266248106956482,0.9622085094451904,-0.44699937105178833
35,source,54,-0.8438374400138855,0.9926854968070984,-0.4460430145263672
35,source,55,-0.8531540036201477,1.0160558223724365,-0.42856138944625854
35,source,56,-0.8609617948532104,1.0274914503097534,-0.42042404413223267
35,source,57,-0.8602661490440369,1.0302095413208008,-0.4240596294403076
35,source,58,-0.8438370227813721,1.0135074853897095,-0.4329074025154114
35,source,59,-0.8458225727081299,1.0193411111831665,-0.42989271879196167
35,source,60,-0.8510668873786926,1.0054750442504883,-0.43227601051330566
35,source,61,-0.8363310098648071,0.9815987944602966,-0.43926650285720825
35,source,62,-0.8446248173713684,0.9805012941360474,-0.430172324180603
35,source,63,-0.8384867906570435,0.9810014963150024,-0.42402684688568115
35,target,0,-0.8022417426109314,1.0465662479400635,-0.4170120358467102
35,target,1,-0.8698908686637878,1.1635713577270508,-0.4083378314971924
35,target,2,-0.8511000871658325,1.0890772342681885,-0.4103797674179077
35,target,3,-0.8311889171600342,1.0536761283874512,-0.41430675983428955
35,target,4,-0.8559178709983826,1.0559804439544678,-0.4277111887931824
35,target,5,-0.8944957256317139,1.1273211240768433,-0.437680184841156
35,target,6,-0.8864122629165649,1.1096595525741577,-0.4173995852470398
35,target,7,-0.8790228962898254,1.0996711254119873,-0.41871410608291626
35,target,8,-0.8672593832015991,1.0799205303192139,-0.41392654180526733
35,target,9,-0.8516272902488708,1.0715298652648926,-0.44014203548431396
35,target,10,-0.8766250610351562,1.0958127975463867,-0.4324883222579956
35,target,11,-0.8812034130096436,1.1183220148086548,-0.42220407724380493
35,target,12,-0.8737631440162659,1.087533712387085,-0.4210388660430908
35,target,13,-0.8631910085678101,1.0751924514770508,-0.4323351979255676
35,target,14,-0.8693172931671143,1.0760622024536133,-0.43488961458206177
35,target,15,-0.8650194406509399,1.06203031539917,-0.43253183364868164
35,target,16,-0.86018306016922,1.0725290775299072,-0.4303078055381775
35,target,17,-0.8849809169769287,1.1251873970031738,-0.4091009497642517
35,target,18,-0.8983910083770752,1.1456512212753296,-0.41263288259506226
35,target,19,-0.878293514251709,1.1224232912063599,-0.40436774492263794
35,target,20,-0.8920242786407471,1.146886944770813,-0.41064172983169556
35,target,21,-0.8766403794288635,1.1043941974639893,-0.40787917375564575
35,target,22,-0.8739708662033081,1.1460635662078857,-0.41200101375579834
35,target,23,-0.8887375593185425,1.1334985494613647,-0.4089619517326355
35,target,24,-0.8728739619255066,1.1054478883743286,-0.40484941005706787
35,target,25,-0.8509947657585144,1.0754170417785645,-0.4125209450721741
35,target,26,-0.8500387072563171,1.0853254795074463,-0.418496310710907
35,target,27,-0.876771867275238,1.1342101097106934,-0.40656161308288574
35,target,28,-0.8418577313423157,1.0502938032150269,-0.40649884939193726
35,target,29,-0.8738669157028198,1.1053555011749268,-0.421566903591156
35,target,30,-0.844785749912262,1.04024076461792,-0.4187227487564087
35,target,31,-0.9047480821609497,1.1232093572616577,-0.4143189787864685
35,target,32,-0.9016149044036865,1.118617057800293,-0.4223165512084961
35,target,33,-0.8403920531272888,1.0563488006591797,-0.42295634746551514
35,target,34,-0.8340976238250732,1.033621072769165,-0.41157931089401245
35,target,35,-0.8273016810417175,1.0494773387908936,-0.4174308180809021
35,target,36,-0.8517780303955078,1.0609678030014038,-0.4247196912765503
35,target,37,-0.8281949162483215,1.0440189838409424,-0.41078197956085205
35,target,38,-0.8499315977096558,1.0575073957443237,-0.411679208278656
35,target,39,-0.8522711396217346,1.0698739290237427,-0.4102487564086914
35,target,40,-0.8337656855583191,1.1020687818527222,-0.4106866121292114
35,target,41,-0.852996826171875,1.135466456413269,-0.4001786708831787
35,target,42,-0.8392181396484375,1.039557695388794,-0.4033668041229248
35,target,43,-0.8393454551696777,1.0297331809997559,-0.3972170948982239
35,target,44,-0.8488218784332275,1.0518465042114258,-0.3911556005477905
35,target,45,-0.8381435871124268,1.0317250490188599,-0.3857399821281433
35,target,46,-0.7503066062927246,0.9479026198387146,-0.42038214206695557
35,target,47,-0.8130494356155396,1.0355383157730103,-0.4221385717391968
35,target,48,-0.8063837289810181,1.04592764377594,-0.4364483952522278
35,target,49,-0.746382474899292,0.9453154802322388,-0.4139552712440491
35,target,50,-0.8241905570030212,1.055935025215149,-0.41253936290740967
35,target,51,-0.871894896030426,1.1075464487075806,-0.41743165254592896
35,target,52,-0.8570460081100464,1.091162919998169,-0.4148394465446472
35,target,53,-0.8690224289894104,1.1086453199386597,-0.4279900789260864
35,target,54,-0.8762958645820618,1.1214796304702759,-0.4181050658226013
35,target,55,-0.8890258073806763,1.122910976409912,-0.430692195892334
35,target,56,-0.8790081739425659,1.1180386543273926,-0.426203191280365
35,target,57,-0.8600829243659973,1.0937579870224,-0.43091458082199097
35,target,58,-0.8975615501403809,1.1369695663452148,-0.43262583017349243
35,target,59,-0.8637183904647827,1.1033008098602295,-0.42826521396636963
35,target,60,-0.8650553226470947,1.1107373237609863,-0.4159098267555237
35,target,61,-0.8340848684310913,1.0682190656661987,-0.42089319229125977
35,target,62,-0.8313887119293213,1.0527496337890625,-0.4071488380432129
35,target,63,-0.8468982577323914,1.064883828163147,-0.42781758308410645
36,source,0,-0.8734222650527954,1.0399184226989746,-0.3930928111076355
36,source,1,-0.8645193576812744,1.0080904960632324,-0.3927353620529175
36,source,2,-0.8533427715301514,1.0101423263549805,-0.39473825693130493
36,source,3,-0.8467456102371216,1.0141890048980713,-0.39753806591033936
36,source,4,-0.8591365814208984,1.0127514600753784,-0.4076381325721741
36,source,5,-0.8619222640991211,1.032536268234253,-0.39024418592453003
36,source,6,-0.8654547929763794,1.03224778175354,-0.40123945474624634
36,source,7,-0.8642014861106873,1.0260083675384521,-0.4015319347381592
36,source,8,-0.8616601824760437,1.0262037515640259,-0.398986279964447
36,source,9,-0.8666132688522339,1.032570719718933,-0.3940458297729492
36,source,10,-0.8663275837898254,1.0128686428070068,-0.39596402645111084
36,source,11,-0.8609706163406372,1.0232243537902832,-0.394195020198822
36,source,12,-0.8593822717666626,1.0051312446594238,-0.3921172618865967
36,source,13,-0.8701295852661133,1.0428789854049683,-0.38196152448654175
36,source,14,-0.8620460033416748,1.0198044776916504,-0.3843674659729004
36,source,15,-0.866116464138031,1.0029808282852173,-0.3825833797454834
36,source,16,-0.8616920709609985,1.0073010921478271,-0.39350324869155884
36,source,17,-0.8585107326507568,1.0005372762680054,-0.38985198736190796
36,source,18,-0.8703511953353882,1.0111808776855469,-0.38951998949050903
36,source,19,-0.8598000407218933,1.0020514726638794,-0.395923376083374
36,source,20,-0.8412228226661682,1.0191221237182617,-0.38805097341537476
36,source,21,-0.857036828994751,1.013096809387207,-0.3824334144592285
36,source,22,-0.8517378568649292,1.0044188499450684,-0.37570130825042725
36,source,23,-0.8634806275367737,1.0131479501724243,-0.37400615215301514
36,source,24,-0.8556360006332397,0.9997296929359436,-0.3833480477333069
36,source,25,-0.8613659143447876,0.9981378316879272,-0.3831601142883301
36,source,26,-0.8453195095062256,1.0114796161651611,-0.39073532819747925
36,source,27,-0.876966118812561,1.0009195804595947,-0.3837427496910095
36,source,28,-0.8813693523406982,1.029646635055542,-0.38173991441726685
36,source,29,-0.8663926124572754,1.0115712881088257,-0.3919362425804138
36,source,30,-0.8625848889350891,1.0261152982711792,-0.38925182819366455
36,source,31,-0.8638715744018555,1.0136148929595947,-0.39158910512924194
36,source,32,-0.8572951555252075,1.0158112049102783,-0.4025493264198303
36,source,33,-0.8629922866821289,1.0297341346740723,-0.4067624807357788
36,source,34,-0.8596627712249756,1.0303833484649658,-0.38904011249542236
36,source,35,-0.8597206473350525,1.0068860054016113,-0.39000964164733887
36,source,36,-0.8861417770385742,1.028567910194397,-0.3840063214302063
36,source,37,-0.8599483370780945,1.0282948017120361,-0.3838779926300049
36,source,38,-0.8517941236495972,0.9929142594337463,-0.379503071308136
36,source,39,-0.8564490675926208,1.0061120986938477,-0.37904947996139526
36,source,40,-0.865436315536499,1.0127261877059937,-0.3934847116470337
36,source,41,-0.8723615407943726,1.0307376384735107,-0.384746789932251
36,source,42,-0.8682228922843933,1.0216186046600342,-0.3897113800048828
36,source,43,-0.8660458326339722,1.0178015232086182,-0.4018537402153015
36,source,44,-0.8439867496490479,1.0097973346710205,-0.376631498336792
36,source,45,-0.8524614572525024,1.0087695121765137,-0.39692890644073486
36,source,46,-0.8661093711853027,1.0157874822616577,-0.3936328887939453
36,source,47,-0.8732132315635681,1.029658555984497,-0.3853824734687805
36,source,48,-0.8483102321624756,1.015861988067627,-0.39123207330703735
36,source,49,-0.8691123723983765,1.0104174613952637,-0.38815855979919434
36,source,50,-0.8581841588020325,1.0268254280090332,-0.4090152978897095
36,source,51,-0.8636494278907776,1.0280323028564453,-0.40969783067703247
36,source,52,-0.8470946550369263,1.009796142578125,-0.42994433641433716
36,source,53,-0.8442452549934387,0.9998124241828918,-0.4352668523788452
36,source,54,-0.8548282384872437,1.0269978046417236,-0.432275652885437
36,source,55,-0.8593696355819702,1.0437116622924805,-0.41387325525283813
36,source,56,-0.8619610071182251,1.0443313121795654,-0.41202521324157715
36,source,57,-0.8596624135971069,1.0459833145141602,-0.4119572043418884
36,source,58,-0.8516745567321777,1.0378590822219849,-0.41897052526474
36,source,59,-0.8532871007919312,1.0462983846664429,-0.4139203429222107
36,source,60,-0.8647222518920898,1.0391840934753418,-0.4157523512840271
36,source,61,-0.8467543721199036,1.0109707117080688,-0.4256541132926941
36,source,62,-0.864178478717804,1.0250425338745117,-0.4147421717643738
36,source,63,-0.853787899017334,1.0296118259429932,-0.4124026298522949
36,target,0,-0.8152617812156677,1.082545518875122,-0.40717607736587524
36,target,1,-0.8736109137535095,1.1761733293533325,-0.4010956883430481
36,target,2,-0.8629226088523865,1.1135581731796265,-0.41063112020492554
36,target,3,-0.8430078029632568,1.0822923183441162,-0.4141882658004761
36,target,4,-0.8733134269714355,1.104660987854004,-0.418134868144989
36,target,5,-0.9142281413078308,1.1478886604309082,-0.41771620512008667
36,target,6,-0.8950210213661194,1.1207818984985352,-0.40145546197891235
36,target,7,-0.885863184928894,1.1028650999069214,-0.40954869985580444
36,target,8,-0.8873268961906433,1.0908668041229248,-0.403816819190979
36,target,9,-0.856557309627533,1.093681812286377,-0.4308989644050598
36,target,10,-0.8806302547454834,1.1140908002853394,-0.4212445020675659
36,target,11,-0.8776355981826782,1.132336139678955,-0.405384361743927
36,target,12,-0.8815913200378418,1.1140549182891846,-0.41076743602752686
36,target,13,-0.8740170001983643,1.087317705154419,-0.41908830404281616
36,target,14,-0.8880445957183838,1.1138756275177002,-0.4217926263809204
36,target,15,-0.8780789375305176,1.0876916646957397,-0.4254394769668579
36,target,16,-0.8605690002441406,1.0846202373504639,-0.4243088364601135
36,target,17,-0.8888781666755676,1.1325080394744873,-0.402458131313324
36,target,18,-0.8981790542602539,1.1464145183563232,-0.3958836793899536
36,target,19,-0.8763116598129272,1.1177781820297241,-0.402873158454895
36,target,20,-0.8927757740020752,1.1460522413253784,-0.40258514881134033
36,target,21,-0.880413293838501,1.0904476642608643,-0.39233171939849854
36,target,22,-0.8827463984489441,1.1592732667922974,-0.3967856764793396
36,target,23,-0.8916693925857544,1.1367559432983398,-0.402992308139801
36,target,24,-0.8726541996002197,1.104713797569275,-0.3957290053367615
36,target,25,-0.8668413758277893,1.1125353574752808,-0.4037861227989197
36,target,26,-0.8548871874809265,1.0948758125305176,-0.4153292179107666
36,target,27,-0.8890177011489868,1.1647025346755981,-0.40041184425354004
36,target,28,-0.8541865944862366,1.085500955581665,-0.39873814582824707
36,target,29,-0.8809794187545776,1.123291254043579,-0.4141973853111267
36,target,30,-0.8474408984184265,1.04050612449646,-0.4189114570617676
36,target,31,-0.924454391002655,1.1655356884002686,-0.403816282749176
36,target,32,-0.9116657376289368,1.1517865657806396,-0.41091710329055786
36,target,33,-0.859591543674469,1.1026917695999146,-0.41860097646713257
36,target,34,-0.848685622215271,1.0691792964935303,-0.41030728816986084
36,target,35,-0.8280283212661743,1.061173915863037,-0.4182632565498352
36,target,36,-0.8680965900421143,1.0884032249450684,-0.4215981364250183
36,target,37,-0.8305541276931763,1.065307378768921,-0.41482943296432495
36,target,38,-0.8536583781242371,1.077202558517456,-0.40847641229629517
36,target,39,-0.8655519485473633,1.0961189270019531,-0.4113995432853699
36,target,40,-0.8404552936553955,1.1117593050003052,-0.4044976234436035
36,target,41,-0.8544778227806091,1.1436903476715088,-0.389400839805603
36,target,42,-0.8543500900268555,1.0693546533584595,-0.4032970666885376
36,target,43,-0.8439956307411194,1.054269552230835,-0.3972102403640747
36,target,44,-0.8579323291778564,1.0710290670394897,-0.3894032835960388
36,target,45,-0.8463962078094482,1.0525684356689453,-0.38547736406326294
36,target,46,-0.7655414342880249,0.9924713969230652,-0.4098352789878845
36,target,47,-0.822975218296051,1.071939468383789,-0.419622004032135
36,target,48,-0.8187074661254883,1.0781363248825073,-0.42877793312072754
36,target,49,-0.774915874004364,0.9914232492446899,-0.3947712779045105
36,target,50,-0.8381563425064087,1.0853323936462402,-0.40533870458602905
36,target,51,-0.8881933093070984,1.141489028930664,-0.41539549827575684
36,target,52,-0.8772718906402588,1.131558895111084,-0.4096676707267761
36,target,53,-0.8827850818634033,1.1352663040161133,-0.4227867126464844
36,target,54,-0.892103910446167,1.1476726531982422,-0.41259729862213135
36,target,55,-0.9051802754402161,1.1443023681640625,-0.4251357913017273
36,target,56,-0.8895806670188904,1.1391594409942627,-0.4226064682006836
36,target,57,-0.8710135221481323,1.1187214851379395,-0.42495763301849365
36,target,58,-0.9115017056465149,1.163405179977417,-0.42541253566741943
36,target,59,-0.8812847137451172,1.1361616849899292,-0.42359739542007446
36,target,60,-0.8730720281600952,1.1327847242355347,-0.42137324810028076
36,target,61,-0.8483002185821533,1.0991358757019043,-0.42295151948928833
36,target,62,-0.8479630947113037,1.0918489694595337,-0.4156440496444702
36,target,63,-0.8671653270721436,1.1052131652832031,-0.42621874809265137
37,source,0,-0.8309414982795715,1.012132167816162,-0.4139549732208252
37,source,1,-0.8251453042030334,0.9774069786071777,-0.4164204001426697
37,source,2,-0.8143531084060669,0.9839397072792053,-0.4216940999031067
37,source,3,-0.8073278069496155,0.9919010400772095,-0.4257512092590332
37,source,4,-0.8105196952819824,0.9681500196456909,-0.43279772996902466
37,source,5,-0.8168553113937378,1.0012580156326294,-0.418312668800354
37,source,6,-0.8262929916381836,1.008087396621704,-0.4237968921661377
37,source,7,-0.8281683325767517,0.9982227683067322,-0.4273926019668579
37,source,8,-0.8204662799835205,0.9934217929840088,-0.42087405920028687
37,source,9,-0.8285825252532959,1.0046470165252686,-0.4224179983139038
37,source,10,-0.8245891332626343,0.9785355925559998,-0.4213410019874573
37,source,11,-0.8234850168228149,1.0093737840652466,-0.4199700355529785
37,source,12,-0.8264576196670532,0.9979154467582703,-0.41327929496765137
37,source,13,-0.8252588510513306,1.0120794773101807,-0.4117932915687561
37,source,14,-0.8201515674591064,0.981988787651062,-0.40754348039627075
37,source,15,-0.825916588306427,0.9619792103767395,-0.4061858654022217
37,source,16,-0.827453076839447,0.9773555994033813,-0.41006284952163696
37,source,17,-0.820927619934082,0.9650704860687256,-0.40740323066711426
37,source,18,-0.8337756395339966,0.9851841926574707,-0.4097464680671692
37,source,19,-0.8255448937416077,0.971705436706543,-0.42025911808013916
37,source,20,-0.808087944984436,0.9996514916419983,-0.40759360790252686
37,source,21,-0.8166790008544922,0.9729395508766174,-0.4043588638305664
37,source,22,-0.817342221736908,0.9708214402198792,-0.392877995967865
37,source,23,-0.8290233612060547,0.9768387079238892,-0.3914017081260681
37,source,24,-0.8206062912940979,0.967735230922699,-0.4019663333892822
37,source,25,-0.8244155645370483,0.9625812768936157,-0.4036334156990051
37,source,26,-0.8058110475540161,0.981192946434021,-0.41542214155197144
37,source,27,-0.8322219848632812,0.9634432792663574,-0.4116116166114807
37,source,28,-0.8345058560371399,0.9874580502510071,-0.4079696536064148
37,source,29,-0.8232241868972778,0.9791454672813416,-0.41523802280426025
37,source,30,-0.8267276287078857,1.0044444799423218,-0.4174814224243164
37,source,31,-0.8267822265625,0.9922880530357361,-0.41918545961380005
37,source,32,-0.8194625973701477,0.9886795878410339,-0.42608749866485596
37,source,33,-0.8221881985664368,0.9948626160621643,-0.42957228422164917
37,source,34,-0.8214975595474243,1.0015404224395752,-0.41089731454849243
37,source,35,-0.8255559802055359,0.9820576906204224,-0.41352635622024536
37,source,36,-0.8390342593193054,0.9922348260879517,-0.4142411947250366
37,source,37,-0.8140484094619751,0.9787116050720215,-0.4123902916908264
37,source,38,-0.8155743479728699,0.956044614315033,-0.39858126640319824
37,source,39,-0.8200730681419373,0.9657490849494934,-0.3950255513191223
37,source,40,-0.8214443922042847,0.9703279137611389,-0.4170849919319153
37,source,41,-0.8314959406852722,0.9916366934776306,-0.4037531018257141
37,source,42,-0.8270848989486694,0.989037275314331,-0.41184788942337036
37,source,43,-0.8243306279182434,0.9807494878768921,-0.42275911569595337
37,source,44,-0.8052860498428345,0.980029284954071,-0.40427714586257935
37,source,45,-0.813576340675354,0.9873379468917847,-0.4189891219139099
37,source,46,-0.8300336003303528,0.9824373722076416,-0.4146461486816406
37,source,47,-0.8318921327590942,1.0043742656707764,-0.4133451581001282
37,source,48,-0.8077265024185181,0.9927782416343689,-0.4143255949020386
37,source,49,-0.8288993835449219,0.9737582206726074,-0.41499096155166626
37,source,50,-0.8132863640785217,0.9821117520332336,-0.4401787519454956
37,source,51,-0.8159195184707642,0.9734172224998474,-0.44014763832092285
37,source,52,-0.8008304834365845,0.9567736983299255,-0.45637673139572144
37,source,53,-0.8005907535552979,0.9565732479095459,-0.45543915033340454
37,source,54,-0.8088014721870422,0.9747090935707092,-0.4565661549568176
37,source,55,-0.8174340128898621,0.9979457855224609,-0.44437694549560547
37,source,56,-0.8224464654922485,0.9994001984596252,-0.44066160917282104
37,source,57,-0.817449152469635,0.9978426098823547,-0.4402484893798828
37,source,58,-0.8081396818161011,0.9832408428192139,-0.4482567310333252
37,source,59,-0.810497522354126,0.9949159026145935,-0.4446502923965454
37,source,60,-0.8186472654342651,0.9890261888504028,-0.43964076042175293
37,source,61,-0.8100666403770447,0.9716441035270691,-0.4443243741989136
37,source,62,-0.8109553456306458,0.9719400405883789,-0.4382638931274414
37,source,63,-0.8009606599807739,0.96635502576828,-0.44024038314819336
37,target,0,-0.7723357677459717,1.0307233333587646,-0.42542994022369385
37,target,1,-0.8343484997749329,1.131683349609375,-0.416515588760376
37,target,2,-0.8167768120765686,1.055705189704895,-0.4227699637413025
37,target,3,-0.7942221164703369,1.0041797161102295,-0.43028897047042847
37,target,4,-0.8166491389274597,1.0336363315582275,-0.4339865446090698
37,target,5,-0.8488063812255859,1.0865929126739502,-0.44628196954727173
37,target,6,-0.8426396250724792,1.07235848903656,-0.4365065097808838
37,target,7,-0.8263614773750305,1.047684907913208,-0.43992751836776733
37,target,8,-0.8277471661567688,1.0432133674621582,-0.4360750913619995
37,target,9,-0.8087162971496582,1.0428293943405151,-0.4384242296218872
37,target,10,-0.8267980217933655,1.0677354335784912,-0.4306551218032837
37,target,11,-0.8327644467353821,1.0913434028625488,-0.42349642515182495
37,target,12,-0.8297390341758728,1.062138319015503,-0.423858106136322
37,target,13,-0.8241761326789856,1.0432605743408203,-0.4387142062187195
37,target,14,-0.8357833623886108,1.0483545064926147,-0.4444692134857178
37,target,15,-0.8329412937164307,1.0367696285247803,-0.4394230246543884
37,target,16,-0.8146606683731079,1.0194441080093384,-0.44163042306900024
37,target,17,-0.83106529712677,1.0839006900787354,-0.42145663499832153
37,target,18,-0.8480569124221802,1.1010265350341797,-0.42436879873275757
37,target,19,-0.8361057043075562,1.0796730518341064,-0.4270314574241638
37,target,20,-0.8561416268348694,1.113975167274475,-0.42503607273101807
37,target,21,-0.8283249735832214,1.046433448791504,-0.4239227771759033
37,target,22,-0.8351107835769653,1.114966869354248,-0.41891127824783325
37,target,23,-0.8423888087272644,1.0852410793304443,-0.424196720123291
37,target,24,-0.8372362852096558,1.078803300857544,-0.4249120354652405
37,target,25,-0.8245319128036499,1.0534040927886963,-0.4213339686393738
37,target,26,-0.8192009925842285,1.0594228506088257,-0.42714017629623413
37,target,27,-0.8509382605552673,1.126855492591858,-0.413852334022522
37,target,28,-0.8074848055839539,1.045147180557251,-0.40312033891677856
37,target,29,-0.8256871104240417,1.0443520545959473,-0.4324820637702942
37,target,30,-0.7962037920951843,0.9671793580055237,-0.44607704877853394
37,target,31,-0.8413965702056885,1.0752637386322021,-0.4287324547767639
37,target,32,-0.8445947766304016,1.0413167476654053,-0.4388911724090576
37,target,33,-0.7987133264541626,1.032638430595398,-0.4220969080924988
37,target,34,-0.7936508655548096,1.0118441581726074,-0.42426764965057373
37,target,35,-0.7820689082145691,1.0286381244659424,-0.4318004250526428
37,target,36,-0.8112660050392151,1.036102294921875,-0.43859022855758667
37,target,37,-0.782645046710968,1.019112467765808,-0.4269474148750305
37,target,38,-0.8078675270080566,1.0314463376998901,-0.4246395230293274
37,target,39,-0.8087789416313171,1.0383515357971191,-0.41897594928741455
37,target,40,-0.7997536063194275,1.0750811100006104,-0.4251217246055603
37,target,41,-0.8102337718009949,1.101111888885498,-0.41127049922943115
37,target,42,-0.8047794699668884,1.0351524353027344,-0.42354094982147217
37,target,43,-0.7933914661407471,1.015325903892517,-0.41461992263793945
37,target,44,-0.8056321740150452,1.0397279262542725,-0.4139658212661743
37,target,45,-0.7960100769996643,1.0184903144836426,-0.40723609924316406
37,target,46,-0.7298744320869446,0.932876706123352,-0.4188796877861023
37,target,47,-0.776965320110321,0.9964749813079834,-0.4243311285972595
37,target,48,-0.7690119743347168,1.0078940391540527,-0.4403337240219116
37,target,49,-0.7270239591598511,0.9245784878730774,-0.408783495426178
37,target,50,-0.7979485392570496,1.030508279800415,-0.41379666328430176
37,target,51,-0.8373286724090576,1.08087158203125,-0.42762988805770874
37,target,52,-0.8165442943572998,1.052131175994873,-0.42339271306991577
37,target,53,-0.8347958922386169,1.0804673433303833,-0.43407613039016724
37,target,54,-0.8368098735809326,1.0870742797851562,-0.42757147550582886
37,target,55,-0.8496421575546265,1.0887439250946045,-0.4362795352935791
37,target,56,-0.8347377777099609,1.074609637260437,-0.43160563707351685
37,target,57,-0.8211279511451721,1.0593085289001465,-0.43738096952438354
37,target,58,-0.8547250032424927,1.1096198558807373,-0.43692952394485474
37,target,59,-0.8162053823471069,1.0552961826324463,-0.43455708026885986
37,target,60,-0.8224490284919739,1.071852684020996,-0.42566972970962524
37,target,61,-0.7923668622970581,1.0306196212768555,-0.4304790496826172
37,target,62,-0.7909313440322876,1.0160778760910034,-0.4191778302192688
37,target,63,-0.812009871006012,1.0353667736053467,-0.4360731840133667
38,source,0,-0.8424519896507263,1.0250182151794434,-0.40638500452041626
38,source,1,-0.832933783531189,0.9942117929458618,-0.40687668323516846
38,source,2,-0.8270882368087769,0.9999439716339111,-0.40521442890167236
38,source,3,-0.8180162906646729,1.010636806488037,-0.40695542097091675
38,source,4,-0.8322882652282715,1.0081779956817627,-0.41410231590270996
38,source,5,-0.8334957361221313,1.0201596021652222,-0.4061182737350464
38,source,6,-0.8415704965591431,1.0282700061798096,-0.41170984506607056
38,source,7,-0.8445295691490173,1.0231597423553467,-0.41322946548461914
38,source,8,-0.8355092406272888,1.0128741264343262,-0.4068319797515869
38,source,9,-0.8433542847633362,1.0269216299057007,-0.40606164932250977
38,source,10,-0.8384963870048523,1.0080792903900146,-0.4012260437011719
38,source,11,-0.828981876373291,1.021298885345459,-0.4046335816383362
38,source,12,-0.8343943357467651,1.0082216262817383,-0.4021598696708679
38,source,13,-0.8363027572631836,1.031369686126709,-0.3947873115539551
38,source,14,-0.8317180871963501,0.997535228729248,-0.39547276496887207
38,source,15,-0.8365081548690796,0.9807560443878174,-0.3928647041320801
38,source,16,-0.842282235622406,1.0012080669403076,-0.40183478593826294
38,source,17,-0.8310232758522034,0.9799766540527344,-0.397641658782959
38,source,18,-0.84513258934021,0.9960069060325623,-0.3997494578361511
38,source,19,-0.8378393054008484,0.9938337802886963,-0.4087609052658081
38,source,20,-0.8224003314971924,1.0158016681671143,-0.3953518271446228
38,source,21,-0.8294315338134766,0.9917240738868713,-0.3903493881225586
38,source,22,-0.8261822462081909,0.9909518361091614,-0.3841993808746338
38,source,23,-0.8342369794845581,0.9927303791046143,-0.37961703538894653
38,source,24,-0.8258599638938904,0.9818877577781677,-0.3921995162963867
38,source,25,-0.8350760340690613,0.9853529930114746,-0.396672785282135
38,source,26,-0.8164343237876892,1.0011589527130127,-0.39960360527038574
38,source,27,-0.8458983898162842,0.9883521795272827,-0.4012228846549988
38,source,28,-0.8461368083953857,1.0075466632843018,-0.3971622586250305
38,source,29,-0.8349231481552124,1.002091646194458,-0.4009529948234558
38,source,30,-0.8385235667228699,1.0266873836517334,-0.3992180824279785
38,source,31,-0.8425924181938171,1.0230690240859985,-0.4048125743865967
38,source,32,-0.8418785333633423,1.022993564605713,-0.413785457611084
38,source,33,-0.8382798433303833,1.0227372646331787,-0.4130828380584717
38,source,34,-0.8308420181274414,1.0178167819976807,-0.39759671688079834
38,source,35,-0.8309152126312256,1.0001064538955688,-0.4019428491592407
38,source,36,-0.8455960750579834,1.0012013912200928,-0.40426158905029297
38,source,37,-0.8237260580062866,0.9988759756088257,-0.39593422412872314
38,source,38,-0.8239105343818665,0.9767393469810486,-0.3935263156890869
38,source,39,-0.8322753310203552,0.987707793712616,-0.3858066201210022
38,source,40,-0.8422366380691528,1.0076253414154053,-0.4010174870491028
38,source,41,-0.8470491766929626,1.0141136646270752,-0.39175766706466675
38,source,42,-0.8438791036605835,1.0103741884231567,-0.3975314497947693
38,source,43,-0.8426927328109741,1.0093629360198975,-0.4100037217140198
38,source,44,-0.8166087865829468,0.9969310760498047,-0.3869847059249878
38,source,45,-0.8257773518562317,1.006284475326538,-0.40493834018707275
38,source,46,-0.8372800946235657,1.0008888244628906,-0.4040961265563965
38,source,47,-0.840739369392395,1.023993730545044,-0.3971549868583679
38,source,48,-0.8208227753639221,1.0119277238845825,-0.40058422088623047
38,source,49,-0.8417869806289673,1.0005483627319336,-0.40112876892089844
38,source,50,-0.8149553537368774,1.008544683456421,-0.4218117594718933
38,source,51,-0.829009473323822,1.0157617330551147,-0.42357683181762695
38,source,52,-0.8191618919372559,0.991008996963501,-0.436614453792572
38,source,53,-0.8176390528678894,0.9885265827178955,-0.43852847814559937
38,source,54,-0.8328995704650879,1.0197080373764038,-0.43076562881469727
38,source,55,-0.8266421556472778,1.0204458236694336,-0.425034761428833
38,source,56,-0.8335987329483032,1.0316393375396729,-0.4227263927459717
38,source,57,-0.831451416015625,1.031543254852295,-0.42071640491485596
38,source,58,-0.8224211931228638,1.0225410461425781,-0.42637205123901367
38,source,59,-0.8247841000556946,1.03147554397583,-0.42423510551452637
38,source,60,-0.8360708951950073,1.027693510055542,-0.4209117889404297
38,source,61,-0.8210462331771851,0.9991618394851685,-0.4315566420555115
38,source,62,-0.8270530104637146,1.004047155380249,-0.4243547320365906
38,source,63,-0.8181888461112976,1.0040857791900635,-0.4223499894142151
38,target,0,-0.7919213771820068,1.0629146099090576,-0.41385793685913086
38,target,1,-0.8437756299972534,1.1545835733413696,-0.40339457988739014
38,target,2,-0.8375399112701416,1.0983986854553223,-0.41128289699554443
38,target,3,-0.8162056803703308,1.0566627979278564,-0.42273932695388794
38,target,4,-0.8293400406837463,1.0707695484161377,-0.4260558485984802
38,target,5,-0.8561064600944519,1.0951762199401855,-0.41914862394332886
38,target,6,-0.8533475399017334,1.101820707321167,-0.417385995388031
38,target,7,-0.8337586522102356,1.0783600807189941,-0.4180474281311035
38,target,8,-0.8355569839477539,1.0641474723815918,-0.4150770902633667
38,target,9,-0.8165796995162964,1.0610826015472412,-0.43689441680908203
38,target,10,-0.831170380115509,1.0843942165374756,-0.423949658870697
38,target,11,-0.836279571056366,1.1120414733886719,-0.41403937339782715
38,target,12,-0.8414084315299988,1.0881893634796143,-0.4209962487220764
38,target,13,-0.8301938772201538,1.0720151662826538,-0.42860060930252075
38,target,14,-0.8378093838691711,1.0727221965789795,-0.4356594681739807
38,target,15,-0.8400989174842834,1.0603291988372803,-0.4351212978363037
38,target,16,-0.824698805809021,1.055335283279419,-0.43342506885528564
38,target,17,-0.8414989709854126,1.1142396926879883,-0.40374624729156494
38,target,18,-0.8495219945907593,1.1154029369354248,-0.40738654136657715
38,target,19,-0.8370946049690247,1.102400302886963,-0.40418994426727295
38,target,20,-0.8574265241622925,1.1249525547027588,-0.4051411747932434
38,target,21,-0.8444169163703918,1.0744256973266602,-0.39919888973236084
38,target,22,-0.834946870803833,1.1233572959899902,-0.4023076295852661
38,target,23,-0.8463760614395142,1.1119385957717896,-0.40907585620880127
38,target,24,-0.8420220613479614,1.0890171527862549,-0.4029485583305359
38,target,25,-0.8340685963630676,1.0817532539367676,-0.4164559841156006
38,target,26,-0.8261247277259827,1.0853749513626099,-0.42340946197509766
38,target,27,-0.8567842245101929,1.1465957164764404,-0.4118168354034424
38,target,28,-0.8169345855712891,1.052825689315796,-0.4058912396430969
38,target,29,-0.8362724781036377,1.0790883302688599,-0.425748348236084
38,target,30,-0.8230524063110352,1.0238051414489746,-0.42784440517425537
38,target,31,-0.8551420569419861,1.0993003845214844,-0.4152262806892395
38,target,32,-0.8540144562721252,1.084914207458496,-0.42592084407806396
38,target,33,-0.8370064496994019,1.0853545665740967,-0.419597327709198
38,target,34,-0.8145222663879395,1.0376121997833252,-0.42138397693634033
38,target,35,-0.8167256116867065,1.0536993741989136,-0.4352021813392639
38,target,36,-0.8349825143814087,1.0752578973770142,-0.42321234941482544
38,target,37,-0.8143410086631775,1.0507913827896118,-0.42483246326446533
38,target,38,-0.833696722984314,1.0745315551757812,-0.41731613874435425
38,target,39,-0.8350324630737305,1.0795023441314697,-0.4158153533935547
38,target,40,-0.8056552410125732,1.0892809629440308,-0.41458261013031006
38,target,41,-0.8154531121253967,1.1143196821212769,-0.3975134491920471
38,target,42,-0.8228559494018555,1.0683956146240234,-0.40558958053588867
38,target,43,-0.8089596033096313,1.04100501537323,-0.40147697925567627
38,target,44,-0.8227357864379883,1.0708026885986328,-0.3935644030570984
38,target,45,-0.8144189715385437,1.0417609214782715,-0.3916395306587219
38,target,46,-0.7426407337188721,0.9666613340377808,-0.4108044505119324
38,target,47,-0.7947771549224854,1.0360069274902344,-0.42117178440093994
38,target,48,-0.7912735342979431,1.0512406826019287,-0.4291892647743225
38,target,49,-0.7267768383026123,0.940770149230957,-0.4074442386627197
38,target,50,-0.8132827281951904,1.0736401081085205,-0.4016910195350647
38,target,51,-0.8495878577232361,1.1139888763427734,-0.418024480342865
38,target,52,-0.8290348052978516,1.0877718925476074,-0.41745567321777344
38,target,53,-0.8368310332298279,1.1009962558746338,-0.42386406660079956
38,target,54,-0.8525100946426392,1.1243712902069092,-0.41685348749160767
38,target,55,-0.8553450703620911,1.1126036643981934,-0.42445915937423706
38,target,56,-0.8400441408157349,1.096540093421936,-0.42542511224746704
38,target,57,-0.827879786491394,1.0873620510101318,-0.42578935623168945
38,target,58,-0.8645358085632324,1.1285462379455566,-0.42654162645339966
38,target,59,-0.8362328410148621,1.0937108993530273,-0.42668598890304565
38,target,60,-0.8411537408828735,1.1052141189575195,-0.4211757779121399
38,target,61,-0.8171587586402893,1.0641226768493652,-0.4257645010948181
38,target,62,-0.8246219754219055,1.0744918584823608,-0.41795217990875244
38,target,63,-0.8385487794876099,1.0864784717559814,-0.42733311653137207
39,source,0,-0.8753358125686646,1.0645886659622192,-0.4044158458709717
39,source,1,-0.8587203025817871,1.017209529876709,-0.40817368030548096
39,source,2,-0.8570749759674072,1.03977370262146,-0.3968178629875183
39,source,3,-0.8458897471427917,1.0304267406463623,-0.40812474489212036
39,source,4,-0.8526095151901245,1.0141656398773193,-0.4207649230957031
39,source,5,-0.8582594990730286,1.0298926830291748,-0.4082196354866028
39,source,6,-0.8691118955612183,1.0425572395324707,-0.410739004611969
39,source,7,-0.869286060333252,1.0311923027038574,-0.4112895131111145
39,source,8,-0.8605075478553772,1.0290988683700562,-0.40789538621902466
39,source,9,-0.8700296878814697,1.0457561016082764,-0.4005802869796753
39,source,10,-0.8676520586013794,1.0306683778762817,-0.40368103981018066
39,source,11,-0.8577262163162231,1.0478620529174805,-0.4020686745643616
39,source,12,-0.8698692321777344,1.0438990592956543,-0.4020029902458191
39,source,13,-0.8749040961265564,1.0771297216415405,-0.3950759768486023
39,source,14,-0.8632650375366211,1.0277023315429688,-0.3921165466308594
39,source,15,-0.8652036786079407,1.0004246234893799,-0.3964112401008606
39,source,16,-0.8708304166793823,1.0294559001922607,-0.4003738760948181
39,source,17,-0.8618282675743103,1.0142507553100586,-0.39500898122787476
39,source,18,-0.8723528981208801,1.0256067514419556,-0.39893287420272827
39,source,19,-0.8610775470733643,1.0159509181976318,-0.4093925952911377
39,source,20,-0.8506377935409546,1.0473923683166504,-0.3887934684753418
39,source,21,-0.854640007019043,1.0072259902954102,-0.3861083984375
39,source,22,-0.8554643392562866,1.0140429735183716,-0.3780626058578491
39,source,23,-0.8671855926513672,1.0160014629364014,-0.3804670572280884
39,source,24,-0.8606728911399841,1.0061112642288208,-0.38932090997695923
39,source,25,-0.8653525710105896,1.0001887083053589,-0.394466757774353
39,source,26,-0.8488130569458008,1.0237014293670654,-0.40448057651519775
39,source,27,-0.8728328943252563,1.0147147178649902,-0.40084177255630493
39,source,28,-0.8705773949623108,1.0250251293182373,-0.39869844913482666
39,source,29,-0.8657827377319336,1.03851318359375,-0.40163570642471313
39,source,30,-0.8682871460914612,1.0546293258666992,-0.3949148654937744
39,source,31,-0.8662043809890747,1.0506912469863892,-0.40158748626708984
39,source,32,-0.8631338477134705,1.036999225616455,-0.40656936168670654
39,source,33,-0.8645926117897034,1.0364198684692383,-0.40638571977615356
39,source,34,-0.8595712184906006,1.0412040948867798,-0.39777636528015137
39,source,35,-0.864250123500824,1.0219131708145142,-0.40410786867141724
39,source,36,-0.875342845916748,1.0355037450790405,-0.40362828969955444
39,source,37,-0.850591778755188,1.0161993503570557,-0.40033483505249023
39,source,38,-0.8547772765159607,0.9991594552993774,-0.39058250188827515
39,source,39,-0.8583667874336243,1.0000966787338257,-0.38780516386032104
39,source,40,-0.8677065372467041,1.0218350887298584,-0.40841662883758545
39,source,41,-0.8743210434913635,1.036742925643921,-0.391548216342926
39,source,42,-0.8714042901992798,1.033652424812317,-0.39779502153396606
39,source,43,-0.8695358633995056,1.0310850143432617,-0.4111969470977783
39,source,44,-0.8487242460250854,1.0278518199920654,-0.38201582431793213
39,source,45,-0.8536929488182068,1.0244594812393188,-0.4025527238845825
39,source,46,-0.8658020496368408,1.0312950611114502,-0.400906503200531
39,source,47,-0.8731777667999268,1.059442162513733,-0.3935847282409668
39,source,48,-0.8444439172744751,1.0284557342529297,-0.40073615312576294
39,source,49,-0.8679611086845398,1.0187580585479736,-0.39905792474746704
39,source,50,-0.8499801754951477,1.0282824039459229,-0.4263725280761719
39,source,51,-0.8578749895095825,1.030014991760254,-0.43100106716156006
39,source,52,-0.8453001976013184,1.014355182647705,-0.44340407848358154
39,source,53,-0.8425867557525635,1.0059969425201416,-0.44490480422973633
39,source,54,-0.8521061539649963,1.0280075073242188,-0.43999922275543213
39,source,55,-0.8576515316963196,1.0379612445831299,-0.4270390272140503
39,source,56,-0.8634935617446899,1.040012001991272,-0.4260125756263733
39,source,57,-0.8602187037467957,1.0389807224273682,-0.4248972535133362
39,source,58,-0.8484775424003601,1.0293575525283813,-0.4300505518913269
39,source,59,-0.854109525680542,1.0457618236541748,-0.4271169900894165
39,source,60,-0.8631869554519653,1.0470610857009888,-0.4237615466117859
39,source,61,-0.8502165079116821,1.0238292217254639,-0.43259769678115845
39,source,62,-0.8564044237136841,1.0325472354888916,-0.42478376626968384
39,source,63,-0.8462125062942505,1.0301244258880615,-0.4229874014854431
39,target,0,-0.8172224164009094,1.081617832183838,-0.42011821269989014
39,target,1,-0.8725090622901917,1.181302785873413,-0.410447359085083
39,target,2,-0.8686339855194092,1.1302309036254883,-0.4123622179031372
39,target,3,-0.8450202941894531,1.0826079845428467,-0.4231898784637451
39,target,4,-0.8680960536003113,1.1074819564819336,-0.4264499545097351
39,target,5,-0.8909871578216553,1.1428992748260498,-0.43071889877319336
39,target,6,-0.8795164823532104,1.1455281972885132,-0.4197757840156555
39,target,7,-0.8775689601898193,1.1353182792663574,-0.4266735315322876
39,target,8,-0.8676778078079224,1.1080667972564697,-0.4245721101760864
39,target,9,-0.8510777950286865,1.0780954360961914,-0.4403391480445862
39,target,10,-0.8735995888710022,1.121366024017334,-0.42871928215026855
39,target,11,-0.8701905012130737,1.1403381824493408,-0.42251282930374146
39,target,12,-0.8782469630241394,1.1227933168411255,-0.41845589876174927
39,target,13,-0.8675344586372375,1.0932273864746094,-0.43653953075408936
39,target,14,-0.8711914420127869,1.099782109260559,-0.44121474027633667
39,target,15,-0.8679568767547607,1.0775599479675293,-0.44170331954956055
39,target,16,-0.8515223264694214,1.0714411735534668,-0.4411996603012085
39,target,17,-0.8848316669464111,1.1606281995773315,-0.4089425802230835
39,target,18,-0.8866981863975525,1.1713409423828125,-0.4122580289840698
39,target,19,-0.8681633472442627,1.142073631286621,-0.41507601737976074
39,target,20,-0.888084888458252,1.1713606119155884,-0.4173407554626465
39,target,21,-0.8734793066978455,1.1215202808380127,-0.40916574001312256
39,target,22,-0.8682727217674255,1.1591715812683105,-0.4113512635231018
39,target,23,-0.8797658681869507,1.1437861919403076,-0.41792595386505127
39,target,24,-0.8723500370979309,1.1321439743041992,-0.41498488187789917
39,target,25,-0.8598579168319702,1.1061716079711914,-0.4199286103248596
39,target,26,-0.8556525707244873,1.1087143421173096,-0.4255487322807312
39,target,27,-0.8823392391204834,1.1618499755859375,-0.4172371029853821
39,target,28,-0.8556671738624573,1.0956493616104126,-0.4120623469352722
39,target,29,-0.8692766427993774,1.1052563190460205,-0.4274209141731262
39,target,30,-0.8625542521476746,1.0629860162734985,-0.4282768964767456
39,target,31,-0.894383430480957,1.137096881866455,-0.4229668974876404
39,target,32,-0.8890770673751831,1.109778881072998,-0.4296376705169678
39,target,33,-0.866640567779541,1.131781816482544,-0.4124346971511841
39,target,34,-0.847586989402771,1.0748746395111084,-0.41399919986724854
39,target,35,-0.8425583839416504,1.0961945056915283,-0.4326575994491577
39,target,36,-0.8696605563163757,1.117390751838684,-0.4206918478012085
39,target,37,-0.8446865677833557,1.1027498245239258,-0.4166642427444458
39,target,38,-0.8614596724510193,1.0971335172653198,-0.4154496192932129
39,target,39,-0.8709515929222107,1.1236034631729126,-0.4094032645225525
39,target,40,-0.8385379314422607,1.1259396076202393,-0.4153684377670288
39,target,41,-0.8475168347358704,1.1494479179382324,-0.402621328830719
39,target,42,-0.8526227474212646,1.0819807052612305,-0.4052506685256958
39,target,43,-0.8409794569015503,1.0649194717407227,-0.40185874700546265
39,target,44,-0.8533617854118347,1.086186170578003,-0.3950037956237793
39,target,45,-0.8437981605529785,1.072412371635437,-0.3914225697517395
39,target,46,-0.7621873617172241,0.9797505736351013,-0.41857826709747314
39,target,47,-0.82537841796875,1.047924518585205,-0.42244744300842285
39,target,48,-0.8103778958320618,1.0499805212020874,-0.43935346603393555
39,target,49,-0.7476304769515991,0.9562565088272095,-0.41297364234924316
39,target,50,-0.8258752226829529,1.0671321153640747,-0.41273730993270874
39,target,51,-0.8793922066688538,1.1198087930679321,-0.42466527223587036
39,target,52,-0.8630613088607788,1.1025487184524536,-0.41886377334594727
39,target,53,-0.8749548196792603,1.1285078525543213,-0.43073582649230957
39,target,54,-0.882631778717041,1.1470451354980469,-0.42362332344055176
39,target,55,-0.8793208003044128,1.1204662322998047,-0.4383472800254822
39,target,56,-0.8661025762557983,1.113356590270996,-0.43378764390945435
39,target,57,-0.8618336915969849,1.107110857963562,-0.4344103932380676
39,target,58,-0.8908190727233887,1.1418004035949707,-0.43718868494033813
39,target,59,-0.8598322868347168,1.1084412336349487,-0.4340498447418213
39,target,60,-0.8677339553833008,1.1192150115966797,-0.42249417304992676
39,target,61,-0.8469131588935852,1.0801441669464111,-0.4281919002532959
39,target,62,-0.8534470796585083,1.0936843156814575,-0.4100189805030823
39,target,63,-0.859116792678833,1.0924947261810303,-0.43224066495895386
40,source,0,-0.8661119937896729,1.0519952774047852,-0.410580575466156
40,source,1,-0.8564854860305786,1.025280475616455,-0.41211193799972534
40,source,2,-0.8520570397377014,1.0452876091003418,-0.4031420946121216
40,source,3,-0.8400705456733704,1.0433956384658813,-0.4083567261695862
40,source,4,-0.8490339517593384,1.0184237957000732,-0.4215456247329712
40,source,5,-0.8550335764884949,1.0362002849578857,-0.41425925493240356
40,source,6,-0.8669110536575317,1.0459840297698975,-0.4129735231399536
40,source,7,-0.8672414422035217,1.0386242866516113,-0.41408848762512207
40,source,8,-0.8572676181793213,1.033478021621704,-0.4104756712913513
40,source,9,-0.8641153573989868,1.0455825328826904,-0.40512633323669434
40,source,10,-0.8577458262443542,1.0278518199920654,-0.4060801863670349
40,source,11,-0.8561854362487793,1.0605216026306152,-0.4097409248352051
40,source,12,-0.8601236939430237,1.0464801788330078,-0.4087139964103699
40,source,13,-0.8701266646385193,1.0785186290740967,-0.40012431144714355
40,source,14,-0.8611108064651489,1.0478472709655762,-0.3980342745780945
40,source,15,-0.8622981905937195,1.024986982345581,-0.40256649255752563
40,source,16,-0.8625991344451904,1.0381577014923096,-0.40470635890960693
40,source,17,-0.8541375398635864,1.0216484069824219,-0.4009386897087097
40,source,18,-0.8618896007537842,1.0307484865188599,-0.4053680896759033
40,source,19,-0.8547438979148865,1.0229136943817139,-0.41285979747772217
40,source,20,-0.8396531343460083,1.051675796508789,-0.39407336711883545
40,source,21,-0.8474313616752625,1.019343376159668,-0.3940272331237793
40,source,22,-0.8494057059288025,1.0255827903747559,-0.38472265005111694
40,source,23,-0.858698844909668,1.0353384017944336,-0.3889150619506836
40,source,24,-0.8568916916847229,1.0215041637420654,-0.39472824335098267
40,source,25,-0.8552202582359314,1.0107252597808838,-0.40304017066955566
40,source,26,-0.8413884043693542,1.038289189338684,-0.4085969924926758
40,source,27,-0.8699083924293518,1.0255300998687744,-0.40752023458480835
40,source,28,-0.8641566634178162,1.0229398012161255,-0.4073191285133362
40,source,29,-0.8573834896087646,1.036086082458496,-0.40708035230636597
40,source,30,-0.86491459608078,1.0614919662475586,-0.40103650093078613
40,source,31,-0.8635134100914001,1.0561761856079102,-0.406369149684906
40,source,32,-0.8525426983833313,1.041214108467102,-0.4094412326812744
40,source,33,-0.8612077236175537,1.048877239227295,-0.41159671545028687
40,source,34,-0.8550441265106201,1.0403896570205688,-0.40591728687286377
40,source,35,-0.8597016334533691,1.02328622341156,-0.41531902551651
40,source,36,-0.8721586465835571,1.04856276512146,-0.40846240520477295
40,source,37,-0.8527664542198181,1.0397484302520752,-0.40469640493392944
40,source,38,-0.8547655344009399,1.0179939270019531,-0.39537930488586426
40,source,39,-0.8546152114868164,1.015160322189331,-0.3901640772819519
40,source,40,-0.8606715202331543,1.0305101871490479,-0.41386878490448
40,source,41,-0.8625519275665283,1.0428493022918701,-0.39811497926712036
40,source,42,-0.85683274269104,1.0371214151382446,-0.40434277057647705
40,source,43,-0.8580440282821655,1.0379935503005981,-0.4161888360977173
40,source,44,-0.8418288230895996,1.0418487787246704,-0.3851143717765808
40,source,45,-0.8467410206794739,1.0371474027633667,-0.40438729524612427
40,source,46,-0.8589543104171753,1.0380347967147827,-0.40555381774902344
40,source,47,-0.8686895370483398,1.0579862594604492,-0.3964534401893616
40,source,48,-0.8400518298149109,1.0360376834869385,-0.40207916498184204
40,source,49,-0.8584709167480469,1.0220327377319336,-0.4019504189491272
40,source,50,-0.8455365300178528,1.040399193763733,-0.4283900260925293
40,source,51,-0.8470869064331055,1.0332860946655273,-0.4355108141899109
40,source,52,-0.8339941501617432,1.0224823951721191,-0.43788307905197144
40,source,53,-0.8306553959846497,1.0193607807159424,-0.4365726113319397
40,source,54,-0.8470067977905273,1.03448486328125,-0.43639087677001953
40,source,55,-0.8562546372413635,1.0552564859390259,-0.42782461643218994
40,source,56,-0.8610197305679321,1.0623501539230347,-0.4251638650894165
40,source,57,-0.8593646287918091,1.0612926483154297,-0.42425763607025146
40,source,58,-0.8443963527679443,1.0463799238204956,-0.43267393112182617
40,source,59,-0.8522922992706299,1.0579627752304077,-0.4272645115852356
40,source,60,-0.8440577983856201,1.0305731296539307,-0.42058467864990234
40,source,61,-0.8348005414009094,1.025210976600647,-0.4278576374053955
40,source,62,-0.8373592495918274,1.0261876583099365,-0.4247239828109741
40,source,63,-0.8362125754356384,1.0357506275177002,-0.420133113861084
40,target,0,-0.8053784966468811,1.0818891525268555,-0.4207858443260193
40,target,1,-0.85381680727005,1.1467204093933105,-0.41916167736053467
40,target,2,-0.8510846495628357,1.1163756847381592,-0.4181212782859802
40,target,3,-0.8373512625694275,1.0808324813842773,-0.42888879776000977
40,target,4,-0.8495028018951416,1.0888854265213013,-0.43455129861831665
40,target,5,-0.8862885236740112,1.1276271343231201,-0.4398667812347412
40,target,6,-0.8763949871063232,1.1172587871551514,-0.432198703289032
40,target,7,-0.8682547211647034,1.0988200902938843,-0.43344545364379883
40,target,8,-0.8669176697731018,1.0924417972564697,-0.43289440870285034
40,target,9,-0.8422003984451294,1.0832170248031616,-0.44395947456359863
40,target,10,-0.8673982620239258,1.1146390438079834,-0.43494856357574463
40,target,11,-0.8685567378997803,1.1330968141555786,-0.431114137172699
40,target,12,-0.8653197288513184,1.1096961498260498,-0.42609602212905884
40,target,13,-0.8584868311882019,1.089475393295288,-0.44155746698379517
40,target,14,-0.8657951354980469,1.0961625576019287,-0.4431300163269043
40,target,15,-0.8558183908462524,1.0847244262695312,-0.44411665201187134
40,target,16,-0.8464255928993225,1.0857374668121338,-0.4437969923019409
40,target,17,-0.8699668645858765,1.1266863346099854,-0.4185997247695923
40,target,18,-0.892408549785614,1.1515240669250488,-0.4207025170326233
40,target,19,-0.860827624797821,1.1194400787353516,-0.4240149259567261
40,target,20,-0.8830849528312683,1.1375958919525146,-0.42561566829681396
40,target,21,-0.8655773997306824,1.0883996486663818,-0.4174654483795166
40,target,22,-0.8712621927261353,1.1491003036499023,-0.4215313196182251
40,target,23,-0.8734533786773682,1.1277682781219482,-0.4231885075569153
40,target,24,-0.8679143190383911,1.1064645051956177,-0.4194340705871582
40,target,25,-0.8460785150527954,1.0885505676269531,-0.42165207862854004
40,target,26,-0.856224000453949,1.1138083934783936,-0.42950403690338135
40,target,27,-0.8686867952346802,1.136082649230957,-0.4283788800239563
40,target,28,-0.8342474102973938,1.0670922994613647,-0.42486268281936646
40,target,29,-0.8632952570915222,1.0955404043197632,-0.43246185779571533
40,target,30,-0.8446727991104126,1.0397976636886597,-0.4297891855239868
40,target,31,-0.8931089639663696,1.1371549367904663,-0.4274865984916687
40,target,32,-0.8863415718078613,1.1199779510498047,-0.43566209077835083
40,target,33,-0.8402919173240662,1.1010282039642334,-0.41451728343963623
40,target,34,-0.8308342695236206,1.0745340585708618,-0.41932862997055054
40,target,35,-0.8317813873291016,1.0878320932388306,-0.43241870403289795
40,target,36,-0.8533365726470947,1.090752124786377,-0.4259225130081177
40,target,37,-0.8217891454696655,1.0740447044372559,-0.4243629574775696
40,target,38,-0.8452692627906799,1.0878053903579712,-0.4202726483345032
40,target,39,-0.8513362407684326,1.0935406684875488,-0.4165668487548828
40,target,40,-0.8406367301940918,1.1256872415542603,-0.4200911521911621
40,target,41,-0.8455004096031189,1.1399214267730713,-0.4085434675216675
40,target,42,-0.8477997779846191,1.0900988578796387,-0.4176998734474182
40,target,43,-0.8368824124336243,1.063838243484497,-0.4084169268608093
40,target,44,-0.8487488031387329,1.0997731685638428,-0.40330809354782104
40,target,45,-0.8404467701911926,1.075688362121582,-0.3978896737098694
40,target,46,-0.7626792788505554,0.9961543679237366,-0.42365413904190063
40,target,47,-0.8188907504081726,1.0565147399902344,-0.42720913887023926
40,target,48,-0.8101443648338318,1.0647306442260742,-0.4381753206253052
40,target,49,-0.7615821361541748,0.9879620671272278,-0.4206252098083496
40,target,50,-0.8215025067329407,1.0765516757965088,-0.4152398705482483
40,target,51,-0.8687819242477417,1.1125215291976929,-0.42837637662887573
40,target,52,-0.8576945066452026,1.102074384689331,-0.4234834313392639
40,target,53,-0.8607031106948853,1.1172093152999878,-0.43700873851776123
40,target,54,-0.868769109249115,1.1301867961883545,-0.42950576543807983
40,target,55,-0.8797565698623657,1.125604510307312,-0.4396932125091553
40,target,56,-0.8646203279495239,1.1155158281326294,-0.43457895517349243
40,target,57,-0.8538697957992554,1.1034913063049316,-0.4384642243385315
40,target,58,-0.8890712261199951,1.1400980949401855,-0.4417386054992676
40,target,59,-0.8612831234931946,1.1163418292999268,-0.43721669912338257
40,target,60,-0.855392575263977,1.116008996963501,-0.425398051738739
40,target,61,-0.8378723859786987,1.0802509784698486,-0.430672824382782
40,target,62,-0.8392258882522583,1.0902584791183472,-0.4129717946052551
40,target,63,-0.8478783369064331,1.0900521278381348,-0.43196409940719604
41,source,0,-0.9023837447166443,1.0648746490478516,-0.42073678970336914
41,source,1,-0.8902074098587036,1.0343639850616455,-0.4218270182609558
41,source,2,-0.8813562989234924,1.0328078269958496,-0.42380768060684204
41,source,3,-0.876851499080658,1.0353882312774658,-0.42537033557891846
41,source,4,-0.8820205330848694,1.0265716314315796,-0.4352213740348816
41,source,5,-0.8883031010627747,1.0454630851745605,-0.4256790280342102
41,source,6,-0.9026356339454651,1.0669224262237549,-0.422829806804657
41,source,7,-0.8990809321403503,1.0516357421875,-0.4236629009246826
41,source,8,-0.8844799995422363,1.0398879051208496,-0.4237831234931946
41,source,9,-0.9031745791435242,1.0560693740844727,-0.41715651750564575
41,source,10,-0.8924848437309265,1.0304794311523438,-0.4175242781639099
41,source,11,-0.8946087956428528,1.059030532836914,-0.41761237382888794
41,source,12,-0.8949921727180481,1.0449433326721191,-0.41577446460723877
41,source,13,-0.9022455215454102,1.07326078414917,-0.4077061414718628
41,source,14,-0.889686107635498,1.0366525650024414,-0.4093948006629944
41,source,15,-0.8863903880119324,1.0197298526763916,-0.4099818468093872
41,source,16,-0.8943624496459961,1.0332272052764893,-0.4118843078613281
41,source,17,-0.8821121454238892,1.015054702758789,-0.41240906715393066
41,source,18,-0.8930498957633972,1.0286426544189453,-0.41519010066986084
41,source,19,-0.8849774599075317,1.017266869544983,-0.4222412109375
41,source,20,-0.8747143149375916,1.036787748336792,-0.41055184602737427
41,source,21,-0.8781856298446655,1.0207328796386719,-0.41464656591415405
41,source,22,-0.8777649998664856,1.017651081085205,-0.40090852975845337
41,source,23,-0.8826674222946167,1.01759934425354,-0.40250134468078613
41,source,24,-0.8819229006767273,1.0162110328674316,-0.41141289472579956
41,source,25,-0.8829694986343384,1.0176594257354736,-0.41550129652023315
41,source,26,-0.8723481297492981,1.025716781616211,-0.41759389638900757
41,source,27,-0.9034549593925476,1.037589430809021,-0.4151551127433777
41,source,28,-0.8974058628082275,1.0323054790496826,-0.417425274848938
41,source,29,-0.8951858282089233,1.0386583805084229,-0.4160575270652771
41,source,30,-0.8974756002426147,1.0563336610794067,-0.4163450002670288
41,source,31,-0.8938891291618347,1.0451557636260986,-0.41875457763671875
41,source,32,-0.8936235308647156,1.0484838485717773,-0.42294228076934814
41,source,33,-0.8913343548774719,1.0505118370056152,-0.4270913600921631
41,source,34,-0.8900036811828613,1.0480883121490479,-0.4158196449279785
41,source,35,-0.8911315202713013,1.0312235355377197,-0.4208981394767761
41,source,36,-0.9050019383430481,1.0556795597076416,-0.41729897260665894
41,source,37,-0.8775007724761963,1.023380160331726,-0.4169580936431885
41,source,38,-0.8796631097793579,1.0143437385559082,-0.4080531597137451
41,source,39,-0.8808839917182922,1.0141522884368896,-0.41049355268478394
41,source,40,-0.8930099010467529,1.0358484983444214,-0.42109715938568115
41,source,41,-0.8966675400733948,1.0458271503448486,-0.4099457859992981
41,source,42,-0.8919890522956848,1.0432040691375732,-0.4187568426132202
41,source,43,-0.8920345902442932,1.0405638217926025,-0.4277244210243225
41,source,44,-0.8703218102455139,1.0220972299575806,-0.40331870317459106
41,source,45,-0.8792359828948975,1.0263628959655762,-0.4189336895942688
41,source,46,-0.8943544626235962,1.0401450395584106,-0.41671454906463623
41,source,47,-0.902344822883606,1.0541754961013794,-0.40942496061325073
41,source,48,-0.8753770589828491,1.0289407968521118,-0.4174582362174988
41,source,49,-0.8947640657424927,1.026947259902954,-0.4163318872451782
41,source,50,-0.8741403222084045,1.0414273738861084,-0.43700361251831055
41,source,51,-0.886640727519989,1.0525273084640503,-0.437480092048645
41,source,52,-0.8710686564445496,1.0282866954803467,-0.445110023021698
41,source,53,-0.8607862591743469,1.0175807476043701,-0.4463497996330261
41,source,54,-0.872892439365387,1.0295991897583008,-0.45102375745773315
41,source,55,-0.8801078796386719,1.05142080783844,-0.43837541341781616
41,source,56,-0.8878229260444641,1.0565590858459473,-0.4384833574295044
41,source,57,-0.8850868344306946,1.0563769340515137,-0.43587416410446167
41,source,58,-0.8731347322463989,1.045889139175415,-0.44051283597946167
41,source,59,-0.8810765743255615,1.0545870065689087,-0.43575984239578247
41,source,60,-0.882842481136322,1.0433642864227295,-0.4372739791870117
41,source,61,-0.8679887652397156,1.0299773216247559,-0.4416099786758423
41,source,62,-0.874561071395874,1.034469723701477,-0.439930260181427
41,source,63,-0.8692036867141724,1.0332987308502197,-0.42887401580810547
41,target,0,-0.8191592693328857,1.0633842945098877,-0.4291868209838867
41,target,1,-0.8847132921218872,1.1503105163574219,-0.41862374544143677
41,target,2,-0.8765490651130676,1.1021023988723755,-0.426388680934906
41,target,3,-0.8652786016464233,1.070907711982727,-0.432395339012146
41,target,4,-0.8832830190658569,1.099966049194336,-0.440174400806427
41,target,5,-0.9128289222717285,1.1423611640930176,-0.4451402425765991
41,target,6,-0.9044654369354248,1.1234025955200195,-0.4358784556388855
41,target,7,-0.9050015211105347,1.1212801933288574,-0.4366021752357483
41,target,8,-0.899794340133667,1.1111347675323486,-0.43270111083984375
41,target,9,-0.8749496340751648,1.0883909463882446,-0.4446161985397339
41,target,10,-0.8975669741630554,1.118574857711792,-0.42948800325393677
41,target,11,-0.8957764506340027,1.1304140090942383,-0.4291536808013916
41,target,12,-0.899121880531311,1.1093868017196655,-0.42773550748825073
41,target,13,-0.8767115473747253,1.088383436203003,-0.4471656084060669
41,target,14,-0.8876489400863647,1.0970159769058228,-0.45220571756362915
41,target,15,-0.886100172996521,1.087244987487793,-0.45295363664627075
41,target,16,-0.8814940452575684,1.0903568267822266,-0.4483644962310791
41,target,17,-0.8986876010894775,1.1254783868789673,-0.42391932010650635
41,target,18,-0.916144609451294,1.1517786979675293,-0.42913663387298584
41,target,19,-0.8921940922737122,1.120453953742981,-0.4299030303955078
41,target,20,-0.9104043245315552,1.1505193710327148,-0.43150168657302856
41,target,21,-0.8975433111190796,1.1074626445770264,-0.42476987838745117
41,target,22,-0.8895632028579712,1.1348774433135986,-0.42577195167541504
41,target,23,-0.8958382606506348,1.1261703968048096,-0.4308425188064575
41,target,24,-0.8958030343055725,1.1211676597595215,-0.4219565987586975
41,target,25,-0.8675864934921265,1.0802228450775146,-0.4291570782661438
41,target,26,-0.8802088499069214,1.0985195636749268,-0.4311823844909668
41,target,27,-0.89348965883255,1.1345877647399902,-0.4289984703063965
41,target,28,-0.8669190406799316,1.0767433643341064,-0.4261905550956726
41,target,29,-0.8840450048446655,1.0912163257598877,-0.4353194236755371
41,target,30,-0.8758236169815063,1.0588042736053467,-0.43525391817092896
41,target,31,-0.9177945852279663,1.1258536577224731,-0.4269829988479614
41,target,32,-0.9119198322296143,1.1066540479660034,-0.43748629093170166
41,target,33,-0.8706201910972595,1.0959272384643555,-0.42329102754592896
41,target,34,-0.8585163950920105,1.0703396797180176,-0.4242759346961975
41,target,35,-0.8568203449249268,1.0710790157318115,-0.4318048357963562
41,target,36,-0.8836424946784973,1.0929421186447144,-0.4343854784965515
41,target,37,-0.8562012314796448,1.0690371990203857,-0.4285928010940552
41,target,38,-0.8725860118865967,1.083700180053711,-0.42566871643066406
41,target,39,-0.874647855758667,1.087846279144287,-0.42376708984375
41,target,40,-0.8586807250976562,1.1097149848937988,-0.42370808124542236
41,target,41,-0.8655694127082825,1.1361844539642334,-0.4157431721687317
41,target,42,-0.8819139003753662,1.0867197513580322,-0.4198928475379944
41,target,43,-0.8701744079589844,1.0655033588409424,-0.4148600101470947
41,target,44,-0.8827270269393921,1.085745096206665,-0.40573257207870483
41,target,45,-0.8756596446037292,1.0739612579345703,-0.4057800769805908
41,target,46,-0.791309654712677,0.9968787431716919,-0.4320950508117676
41,target,47,-0.8358264565467834,1.051706314086914,-0.43551164865493774
41,target,48,-0.8183169364929199,1.0476362705230713,-0.4486980438232422
41,target,49,-0.7825781106948853,0.970665454864502,-0.42948538064956665
41,target,50,-0.8439611196517944,1.0637176036834717,-0.424083948135376
41,target,51,-0.8796775341033936,1.103137493133545,-0.43534767627716064
41,target,52,-0.8768959045410156,1.0995408296585083,-0.4309208393096924
41,target,53,-0.8813191652297974,1.1085247993469238,-0.44016730785369873
41,target,54,-0.8786641359329224,1.1157346963882446,-0.43562769889831543
41,target,55,-0.8889003396034241,1.111980676651001,-0.4474529027938843
41,target,56,-0.8752713799476624,1.0975751876831055,-0.4417579770088196
41,target,57,-0.8673780560493469,1.0891185998916626,-0.4445810914039612
41,target,58,-0.8967751860618591,1.1222707033157349,-0.4448040723800659
41,target,59,-0.8673323392868042,1.0895514488220215,-0.4427412152290344
41,target,60,-0.871243953704834,1.1020493507385254,-0.43437594175338745
41,target,61,-0.8555603623390198,1.0765198469161987,-0.4387555718421936
41,target,62,-0.8526928424835205,1.066746473312378,-0.4232359528541565
41,target,63,-0.8596168756484985,1.0685908794403076,-0.44178152084350586
42,source,0,-0.8665118217468262,1.0490148067474365,-0.4170371890068054
42,source,1,-0.8574649095535278,1.0185353755950928,-0.4153019189834595
42,source,2,-0.8499351143836975,1.0281881093978882,-0.4196069836616516
42,source,3,-0.8381482362747192,1.0236494541168213,-0.4179996848106384
42,source,4,-0.8486409783363342,1.019688367843628,-0.4296935796737671
42,source,5,-0.8532033562660217,1.038791298866272,-0.41982322931289673
42,source,6,-0.8679183721542358,1.0566773414611816,-0.4222349524497986
42,source,7,-0.866193413734436,1.0447123050689697,-0.42216038703918457
42,source,8,-0.8539667129516602,1.032048225402832,-0.4190812110900879
42,source,9,-0.8639975786209106,1.0445458889007568,-0.41802871227264404
42,source,10,-0.8596066236495972,1.0198041200637817,-0.41598349809646606
42,source,11,-0.852973997592926,1.0395569801330566,-0.4184685945510864
42,source,12,-0.8597267270088196,1.0324804782867432,-0.412664532661438
42,source,13,-0.8589960932731628,1.0477511882781982,-0.40448445081710815
42,source,14,-0.8543412089347839,1.028489351272583,-0.4022061824798584
42,source,15,-0.8599890470504761,1.0131155252456665,-0.40280425548553467
42,source,16,-0.8534260392189026,1.0171773433685303,-0.40862375497817993
42,source,17,-0.8475655317306519,1.0118951797485352,-0.4065476059913635
42,source,18,-0.8600409626960754,1.020268440246582,-0.4125193953514099
42,source,19,-0.8533406257629395,1.0166420936584473,-0.41645753383636475
42,source,20,-0.8377904295921326,1.0305263996124268,-0.40428000688552856
42,source,21,-0.8471294641494751,1.0168213844299316,-0.4048435091972351
42,source,22,-0.8388566374778748,1.0085492134094238,-0.39957183599472046
42,source,23,-0.8491361737251282,1.0148005485534668,-0.39948803186416626
42,source,24,-0.8468490839004517,1.0087916851043701,-0.4030543565750122
42,source,25,-0.8540148138999939,1.0142197608947754,-0.40612196922302246
42,source,26,-0.8346989750862122,1.0248444080352783,-0.4058099389076233
42,source,27,-0.8722988963127136,1.0249642133712769,-0.4099147915840149
42,source,28,-0.8664678335189819,1.0234010219573975,-0.4093448519706726
42,source,29,-0.8583734035491943,1.0245170593261719,-0.41072601079940796
42,source,30,-0.8590524196624756,1.0407423973083496,-0.41172415018081665
42,source,31,-0.8603867888450623,1.0303101539611816,-0.41761666536331177
42,source,32,-0.8538956642150879,1.0332987308502197,-0.4212099313735962
42,source,33,-0.8573821783065796,1.0426135063171387,-0.4223918318748474
42,source,34,-0.8534388542175293,1.034913420677185,-0.41309207677841187
42,source,35,-0.8602955341339111,1.0261287689208984,-0.41598331928253174
42,source,36,-0.8670247793197632,1.0337588787078857,-0.4158937931060791
42,source,37,-0.8461902141571045,1.0243315696716309,-0.4080043435096741
42,source,38,-0.848259449005127,1.0121396780014038,-0.39894652366638184
42,source,39,-0.8465356230735779,1.0091781616210938,-0.40083467960357666
42,source,40,-0.8630828857421875,1.0379889011383057,-0.4176509380340576
42,source,41,-0.8597909212112427,1.0374773740768433,-0.403156578540802
42,source,42,-0.8578766584396362,1.0377421379089355,-0.4116176962852478
42,source,43,-0.8623110055923462,1.0387439727783203,-0.4187632203102112
42,source,44,-0.8358202576637268,1.0129345655441284,-0.3944656252861023
42,source,45,-0.8463276624679565,1.0217586755752563,-0.4097445011138916
42,source,46,-0.8597235679626465,1.0307775735855103,-0.41384732723236084
42,source,47,-0.8648849725723267,1.0406451225280762,-0.41108787059783936
42,source,48,-0.8376306891441345,1.0203566551208496,-0.41049671173095703
42,source,49,-0.8621976971626282,1.018435001373291,-0.4065823554992676
42,source,50,-0.8463479280471802,1.0359547138214111,-0.42948710918426514
42,source,51,-0.8579503297805786,1.0446784496307373,-0.43155038356781006
42,source,52,-0.8350261449813843,1.0229549407958984,-0.4386538863182068
42,source,53,-0.8262103796005249,1.0144983530044556,-0.4366339445114136
42,source,54,-0.84681236743927,1.0328350067138672,-0.4396268129348755
42,source,55,-0.8545921444892883,1.0518227815628052,-0.4312443137168884
42,source,56,-0.8611092567443848,1.0602247714996338,-0.4300570487976074
42,source,57,-0.8583670258522034,1.0606069564819336,-0.4301503896713257
42,source,58,-0.847166121006012,1.043577790260315,-0.43444889783859253
42,source,59,-0.854081928730011,1.0534498691558838,-0.43159639835357666
42,source,60,-0.8560448288917542,1.0437476634979248,-0.4272521734237671
42,source,61,-0.8432347178459167,1.0319671630859375,-0.42879951000213623
42,source,62,-0.8446194529533386,1.0241422653198242,-0.4351404905319214
42,source,63,-0.8398035764694214,1.0344434976577759,-0.4222261905670166
42,target,0,-0.8017061948776245,1.0720651149749756,-0.4285125136375427
42,target,1,-0.8613551259040833,1.1510646343231201,-0.423470139503479
42,target,2,-0.8494277000427246,1.1053189039230347,-0.4251590967178345
42,target,3,-0.8326151967048645,1.0754785537719727,-0.43191367387771606
42,target,4,-0.8514156341552734,1.0864272117614746,-0.4369029402732849
42,target,5,-0.8828952312469482,1.1163458824157715,-0.44014406204223633
42,target,6,-0.8721672296524048,1.0962116718292236,-0.42895323038101196
42,target,7,-0.8656326532363892,1.0971059799194336,-0.43614041805267334
42,target,8,-0.8622146844863892,1.0878069400787354,-0.43338871002197266
42,target,9,-0.8339208960533142,1.0726408958435059,-0.44432270526885986
42,target,10,-0.8574724793434143,1.0969316959381104,-0.43281155824661255
42,target,11,-0.8576226234436035,1.1132497787475586,-0.4316293001174927
42,target,12,-0.8564891815185547,1.0831854343414307,-0.428459107875824
42,target,13,-0.8494038581848145,1.0756237506866455,-0.44220423698425293
42,target,14,-0.8555074334144592,1.0821537971496582,-0.4479252099990845
42,target,15,-0.8506274223327637,1.0704771280288696,-0.4471384286880493
42,target,16,-0.8441677093505859,1.08098304271698,-0.44243842363357544
42,target,17,-0.8741042017936707,1.1278090476989746,-0.4208309054374695
42,target,18,-0.8760706186294556,1.1269397735595703,-0.42475688457489014
42,target,19,-0.8574886918067932,1.1099488735198975,-0.4305311441421509
42,target,20,-0.8743032217025757,1.1292362213134766,-0.4301829934120178
42,target,21,-0.8612962961196899,1.0881608724594116,-0.41973477602005005
42,target,22,-0.8622613549232483,1.1271698474884033,-0.42212021350860596
42,target,23,-0.8711905479431152,1.1200437545776367,-0.42741668224334717
42,target,24,-0.8650181889533997,1.1039071083068848,-0.42214369773864746
42,target,25,-0.846839964389801,1.08673894405365,-0.4284217953681946
42,target,26,-0.8489391803741455,1.0992298126220703,-0.4303450584411621
42,target,27,-0.8729943037033081,1.1368417739868164,-0.4280303716659546
42,target,28,-0.8403376340866089,1.0653218030929565,-0.4172099828720093
42,target,29,-0.8585302233695984,1.0972825288772583,-0.43341028690338135
42,target,30,-0.8452576398849487,1.0523381233215332,-0.4303029179573059
42,target,31,-0.885016143321991,1.114842176437378,-0.42821764945983887
42,target,32,-0.8814099431037903,1.1025059223175049,-0.4360123872756958
42,target,33,-0.8539430499076843,1.100203514099121,-0.4229740500450134
42,target,34,-0.8283414244651794,1.0658941268920898,-0.42410778999328613
42,target,35,-0.8191027045249939,1.0681169033050537,-0.42142820358276367
42,target,36,-0.8575487732887268,1.0902884006500244,-0.431613028049469
42,target,37,-0.8272377848625183,1.0714738368988037,-0.4248133897781372
42,target,38,-0.8446106314659119,1.0799834728240967,-0.4214487671852112
42,target,39,-0.8564534187316895,1.094832420349121,-0.42177313566207886
42,target,40,-0.8279795050621033,1.1086583137512207,-0.420440137386322
42,target,41,-0.840873658657074,1.1340348720550537,-0.4130074977874756
42,target,42,-0.8466310501098633,1.0826059579849243,-0.41673487424850464
42,target,43,-0.8345965147018433,1.0489552021026611,-0.41631484031677246
42,target,44,-0.8428783416748047,1.0677423477172852,-0.4006650447845459
42,target,45,-0.8318537473678589,1.0444211959838867,-0.4013028144836426
42,target,46,-0.7642086148262024,1.0006463527679443,-0.42425060272216797
42,target,47,-0.8168119192123413,1.057201623916626,-0.43227267265319824
42,target,48,-0.8048380017280579,1.0643439292907715,-0.44431257247924805
42,target,49,-0.7594707012176514,0.9844794273376465,-0.42669743299484253
42,target,50,-0.8268004059791565,1.0822052955627441,-0.41917651891708374
42,target,51,-0.8617834448814392,1.107146143913269,-0.4340288043022156
42,target,52,-0.85276859998703,1.093520164489746,-0.43046969175338745
42,target,53,-0.8645367622375488,1.1148139238357544,-0.43747055530548096
42,target,54,-0.8617875576019287,1.1164274215698242,-0.42960017919540405
42,target,55,-0.8724027872085571,1.1105879545211792,-0.4450204372406006
42,target,56,-0.8594772219657898,1.1053030490875244,-0.44227349758148193
42,target,57,-0.8546164035797119,1.0973800420761108,-0.44251877069473267
42,target,58,-0.8863664865493774,1.1271030902862549,-0.4447939395904541
42,target,59,-0.8560738563537598,1.1047418117523193,-0.44172126054763794
42,target,60,-0.851422131061554,1.1055446863174438,-0.4337390661239624
42,target,61,-0.8352779150009155,1.0832570791244507,-0.4339447021484375
42,target,62,-0.8349421620368958,1.0773875713348389,-0.42202985286712646
42,target,63,-0.8448848724365234,1.0803284645080566,-0.43711912631988525
43,source,0,-0.8787789940834045,1.0592604875564575,-0.4198141098022461
43,source,1,-0.8700132369995117,1.03121018409729,-0.41625136137008667
43,source,2,-0.8611288070678711,1.0391314029693604,-0.42023295164108276
43,source,3,-0.8521389961242676,1.0385642051696777,-0.42338865995407104
43,source,4,-0.8613473176956177,1.0264275074005127,-0.4307335615158081
43,source,5,-0.8691436648368835,1.0524927377700806,-0.41985654830932617
43,source,6,-0.8785169124603271,1.0616137981414795,-0.4252256155014038
43,source,7,-0.8774536848068237,1.0529546737670898,-0.42071783542633057
43,source,8,-0.8671456575393677,1.039860486984253,-0.41950470209121704
43,source,9,-0.8743948936462402,1.052079439163208,-0.42019325494766235
43,source,10,-0.8666191697120667,1.0281758308410645,-0.4173794388771057
43,source,11,-0.8670072555541992,1.0512371063232422,-0.4199811816215515
43,source,12,-0.8730075359344482,1.0439438819885254,-0.41785478591918945
43,source,13,-0.872695803642273,1.0711488723754883,-0.41141629219055176
43,source,14,-0.8699730634689331,1.049004316329956,-0.4065835475921631
43,source,15,-0.8722218871116638,1.0220413208007812,-0.40667587518692017
43,source,16,-0.8677448034286499,1.0275200605392456,-0.4122583866119385
43,source,17,-0.8660629987716675,1.022615909576416,-0.4129728078842163
43,source,18,-0.8774503469467163,1.0353703498840332,-0.4150729179382324
43,source,19,-0.867545485496521,1.0252848863601685,-0.41666895151138306
43,source,20,-0.8524552583694458,1.0477710962295532,-0.40876632928848267
43,source,21,-0.8579745888710022,1.019015908241272,-0.4032304286956787
43,source,22,-0.8534737825393677,1.0242663621902466,-0.3978041410446167
43,source,23,-0.8615896701812744,1.0231828689575195,-0.39863038063049316
43,source,24,-0.8576170802116394,1.0136761665344238,-0.40721195936203003
43,source,25,-0.8674407005310059,1.018600344657898,-0.410900354385376
43,source,26,-0.851526141166687,1.028764247894287,-0.4127815365791321
43,source,27,-0.8873833417892456,1.035348653793335,-0.4090540409088135
43,source,28,-0.8786947131156921,1.0308759212493896,-0.41217344999313354
43,source,29,-0.8731249570846558,1.040478229522705,-0.4149031639099121
43,source,30,-0.8685417771339417,1.0534582138061523,-0.41598254442214966
43,source,31,-0.8715330362319946,1.0439848899841309,-0.41827118396759033
43,source,32,-0.8648183941841125,1.0427675247192383,-0.4234767556190491
43,source,33,-0.8681001663208008,1.0494333505630493,-0.42484813928604126
43,source,34,-0.8657099008560181,1.0425243377685547,-0.41221392154693604
43,source,35,-0.8680356740951538,1.0268092155456543,-0.41812753677368164
43,source,36,-0.8862578868865967,1.0489907264709473,-0.4164993166923523
43,source,37,-0.8605223894119263,1.029829502105713,-0.41365623474121094
43,source,38,-0.8622866272926331,1.021092414855957,-0.405378520488739
43,source,39,-0.8605480194091797,1.0221538543701172,-0.40518057346343994
43,source,40,-0.8727226257324219,1.035024881362915,-0.4213346838951111
43,source,41,-0.8745052218437195,1.0447945594787598,-0.4037898778915405
43,source,42,-0.8716973066329956,1.0384260416030884,-0.41071224212646484
43,source,43,-0.8746389150619507,1.0418705940246582,-0.4183719754219055
43,source,44,-0.847487211227417,1.0255813598632812,-0.396892786026001
43,source,45,-0.8598232269287109,1.0351970195770264,-0.41633141040802
43,source,46,-0.8752962946891785,1.0452430248260498,-0.4158177375793457
43,source,47,-0.8731436729431152,1.0539532899856567,-0.41243600845336914
43,source,48,-0.8523845672607422,1.0372505187988281,-0.4168981909751892
43,source,49,-0.8777855038642883,1.0309820175170898,-0.41410017013549805
43,source,50,-0.8570282459259033,1.0487370491027832,-0.4286431074142456
43,source,51,-0.863038957118988,1.0472991466522217,-0.4319249987602234
43,source,52,-0.8492586016654968,1.0310025215148926,-0.4417453408241272
43,source,53,-0.8355138301849365,1.0162172317504883,-0.4413437247276306
43,source,54,-0.8563877940177917,1.043385624885559,-0.44194281101226807
43,source,55,-0.8660336136817932,1.0635069608688354,-0.4289399981498718
43,source,56,-0.868797779083252,1.061964988708496,-0.427198588848114
43,source,57,-0.8650631904602051,1.0624566078186035,-0.42782193422317505
43,source,58,-0.8556428551673889,1.0494699478149414,-0.43243980407714844
43,source,59,-0.8581262826919556,1.0579733848571777,-0.42919838428497314
43,source,60,-0.8604710698127747,1.0515332221984863,-0.42959678173065186
43,source,61,-0.8470725417137146,1.0315884351730347,-0.4317912459373474
43,source,62,-0.8591248393058777,1.0359303951263428,-0.43092966079711914
43,source,63,-0.8532487154006958,1.0528068542480469,-0.4236971139907837
43,target,0,-0.8095935583114624,1.0718412399291992,-0.42243748903274536
43,target,1,-0.8684048652648926,1.1569222211837769,-0.419555127620697
43,target,2,-0.8554529547691345,1.0997552871704102,-0.42406725883483887
43,target,3,-0.8392302989959717,1.0764763355255127,-0.4305490255355835
43,target,4,-0.8571844100952148,1.0952132940292358,-0.435943603515625
43,target,5,-0.879042387008667,1.1319448947906494,-0.4415799379348755
43,target,6,-0.8861427307128906,1.1249911785125732,-0.42634302377700806
43,target,7,-0.8792679905891418,1.1086714267730713,-0.43851178884506226
43,target,8,-0.8741730451583862,1.1014761924743652,-0.4366542100906372
43,target,9,-0.8490062355995178,1.083672046661377,-0.44434845447540283
43,target,10,-0.8676843047142029,1.1068334579467773,-0.4338464140892029
43,target,11,-0.8587496280670166,1.1186107397079468,-0.4317449927330017
43,target,12,-0.8724719285964966,1.1018741130828857,-0.43277913331985474
43,target,13,-0.8541854619979858,1.0839014053344727,-0.43871110677719116
43,target,14,-0.8635609745979309,1.0939207077026367,-0.44730186462402344
43,target,15,-0.8596723079681396,1.0777286291122437,-0.4488506317138672
43,target,16,-0.8504800796508789,1.0814828872680664,-0.4440686106681824
43,target,17,-0.877705454826355,1.1327369213104248,-0.42049652338027954
43,target,18,-0.8828195929527283,1.1478445529937744,-0.42062604427337646
43,target,19,-0.8718506097793579,1.1279118061065674,-0.4269740581512451
43,target,20,-0.8908627033233643,1.1572930812835693,-0.4287971258163452
43,target,21,-0.8807632923126221,1.1076841354370117,-0.41854023933410645
43,target,22,-0.8724297285079956,1.1532524824142456,-0.42368394136428833
43,target,23,-0.8844252824783325,1.1356921195983887,-0.42571157217025757
43,target,24,-0.8769074082374573,1.1260509490966797,-0.41961008310317993
43,target,25,-0.8548935651779175,1.095967173576355,-0.42563432455062866
43,target,26,-0.8630767464637756,1.1066348552703857,-0.43189889192581177
43,target,27,-0.8809273838996887,1.1513221263885498,-0.42529553174972534
43,target,28,-0.8494810461997986,1.0844101905822754,-0.41746944189071655
43,target,29,-0.8627986907958984,1.1063082218170166,-0.43314075469970703
43,target,30,-0.8529766201972961,1.0665886402130127,-0.4334706664085388
43,target,31,-0.8868334889411926,1.1248153448104858,-0.42601144313812256
43,target,32,-0.8805233240127563,1.10245943069458,-0.4317876696586609
43,target,33,-0.8459693789482117,1.0746183395385742,-0.4270605444908142
43,target,34,-0.8319990634918213,1.0539108514785767,-0.4301629662513733
43,target,35,-0.8275275826454163,1.0761775970458984,-0.43574589490890503
43,target,36,-0.8595898151397705,1.0870418548583984,-0.433918297290802
43,target,37,-0.8336261510848999,1.0718612670898438,-0.4307524561882019
43,target,38,-0.8551623225212097,1.0837408304214478,-0.4215483069419861
43,target,39,-0.8589956760406494,1.0880497694015503,-0.42273545265197754
43,target,40,-0.8448405861854553,1.1193081140518188,-0.42492425441741943
43,target,41,-0.8518359661102295,1.1455214023590088,-0.413424551486969
43,target,42,-0.8593394756317139,1.092050552368164,-0.4238610863685608
43,target,43,-0.84897780418396,1.0736782550811768,-0.4240338206291199
43,target,44,-0.8591108322143555,1.093724012374878,-0.41401219367980957
43,target,45,-0.8503328561782837,1.07266104221344,-0.4096837639808655
43,target,46,-0.7802936434745789,1.0155255794525146,-0.42023414373397827
43,target,47,-0.828553318977356,1.065222144126892,-0.43263542652130127
43,target,48,-0.8156808614730835,1.0713367462158203,-0.440201997756958
43,target,49,-0.7719174027442932,0.9884149432182312,-0.4184611439704895
43,target,50,-0.8353738784790039,1.089064359664917,-0.4128000736236572
43,target,51,-0.8677515983581543,1.1130753755569458,-0.4326675534248352
43,target,52,-0.8573793172836304,1.102391242980957,-0.4301285147666931
43,target,53,-0.8670616149902344,1.1182916164398193,-0.43741893768310547
43,target,54,-0.8639712333679199,1.1178244352340698,-0.4322032332420349
43,target,55,-0.8826910853385925,1.1253392696380615,-0.44049543142318726
43,target,56,-0.8693597912788391,1.1205575466156006,-0.43997156620025635
43,target,57,-0.8554023504257202,1.1006078720092773,-0.4388663172721863
43,target,58,-0.8884779810905457,1.1388320922851562,-0.4445382356643677
43,target,59,-0.8571353554725647,1.1049450635910034,-0.4395378828048706
43,target,60,-0.8563039898872375,1.1036887168884277,-0.42994463443756104
43,target,61,-0.8415382504463196,1.0791999101638794,-0.43306493759155273
43,target,62,-0.8357588648796082,1.0598223209381104,-0.41857844591140747
43,target,63,-0.8524155616760254,1.0885744094848633,-0.43580323457717896
44,source,0,-0.8690979480743408,1.0414702892303467,-0.41318589448928833
44,source,1,-0.8596505522727966,1.0171321630477905,-0.41622447967529297
44,source,2,-0.8485052585601807,1.012205958366394,-0.4143259525299072
44,source,3,-0.8416730165481567,1.023681640625,-0.4168516993522644
44,source,4,-0.8542674779891968,1.0136725902557373,-0.4281166195869446
44,source,5,-0.857303261756897,1.0290011167526245,-0.41802114248275757
44,source,6,-0.862763524055481,1.029670238494873,-0.42229771614074707
44,source,7,-0.8598901033401489,1.0211126804351807,-0.4237836003303528
44,source,8,-0.853527307510376,1.0192228555679321,-0.41868823766708374
44,source,9,-0.8600990176200867,1.0299583673477173,-0.41361182928085327
44,source,10,-0.8558415174484253,1.005576491355896,-0.4128599762916565
44,source,11,-0.8504577875137329,1.0266706943511963,-0.4147132635116577
44,source,12,-0.8559086322784424,1.016444206237793,-0.4140516519546509
44,source,13,-0.8585219979286194,1.0352623462677002,-0.40066659450531006
44,source,14,-0.8558717966079712,1.024137258529663,-0.3989710211753845
44,source,15,-0.8602428436279297,1.0016974210739136,-0.4087783098220825
44,source,16,-0.85561603307724,1.005791425704956,-0.4084342122077942
44,source,17,-0.8511654138565063,0.9997152090072632,-0.4090076684951782
44,source,18,-0.86158287525177,1.0108988285064697,-0.4104872941970825
44,source,19,-0.8522663116455078,0.9990177750587463,-0.415428102016449
44,source,20,-0.8361402750015259,1.0129401683807373,-0.4011901021003723
44,source,21,-0.8510785102844238,1.0081713199615479,-0.402022123336792
44,source,22,-0.8369737267494202,0.993471622467041,-0.38911187648773193
44,source,23,-0.8505440950393677,1.0059990882873535,-0.3923887014389038
44,source,24,-0.845782995223999,0.9968615174293518,-0.40290766954421997
44,source,25,-0.8516689538955688,0.9951683282852173,-0.41021716594696045
44,source,26,-0.8396531343460083,1.0186851024627686,-0.4069254398345947
44,source,27,-0.8743056058883667,1.0214426517486572,-0.40582984685897827
44,source,28,-0.8690600991249084,1.0150442123413086,-0.4120171070098877
44,source,29,-0.8579562306404114,1.0110195875167847,-0.41028833389282227
44,source,30,-0.853115439414978,1.0234736204147339,-0.41084539890289307
44,source,31,-0.859528124332428,1.017024278640747,-0.411551833152771
44,source,32,-0.8473862409591675,1.0144506692886353,-0.4180719256401062
44,source,33,-0.8554093837738037,1.0270369052886963,-0.42126983404159546
44,source,34,-0.8523433804512024,1.0237131118774414,-0.41381657123565674
44,source,35,-0.8631336688995361,1.0197796821594238,-0.4165974259376526
44,source,36,-0.8720794320106506,1.0313013792037964,-0.4127592444419861
44,source,37,-0.8559926748275757,1.0237095355987549,-0.4068118929862976
44,source,38,-0.8471212387084961,0.9900516867637634,-0.40208423137664795
44,source,39,-0.8454558849334717,0.9966149926185608,-0.4004228711128235
44,source,40,-0.8620550632476807,1.0123162269592285,-0.41940218210220337
44,source,41,-0.8583246469497681,1.0157302618026733,-0.4032410979270935
44,source,42,-0.8561601638793945,1.012739896774292,-0.4121447801589966
44,source,43,-0.8568080067634583,1.0107526779174805,-0.42448121309280396
44,source,44,-0.8435146808624268,1.0076220035552979,-0.39247262477874756
44,source,45,-0.8483014106750488,1.0119130611419678,-0.4087411165237427
44,source,46,-0.8591098785400391,1.0184919834136963,-0.4138714075088501
44,source,47,-0.8658179640769958,1.0304068326950073,-0.4039924144744873
44,source,48,-0.8413650989532471,1.0142557621002197,-0.4092060923576355
44,source,49,-0.8682409524917603,1.0177758932113647,-0.40835893154144287
44,source,50,-0.8547613024711609,1.0271961688995361,-0.4277772307395935
44,source,51,-0.8628315925598145,1.0316932201385498,-0.4298253059387207
44,source,52,-0.8509612083435059,1.0194662809371948,-0.44019484519958496
44,source,53,-0.8410548567771912,1.0106737613677979,-0.43972837924957275
44,source,54,-0.8588007092475891,1.0307533740997314,-0.4437466859817505
44,source,55,-0.8583815693855286,1.0357156991958618,-0.43321692943573
44,source,56,-0.8624404668807983,1.0326433181762695,-0.43184417486190796
44,source,57,-0.8589144349098206,1.0339651107788086,-0.4355499744415283
44,source,58,-0.8514312505722046,1.030245065689087,-0.4373251795768738
44,source,59,-0.8532217741012573,1.0365538597106934,-0.43198442459106445
44,source,60,-0.8591671586036682,1.0259819030761719,-0.42899972200393677
44,source,61,-0.850183367729187,1.020029067993164,-0.4342901110649109
44,source,62,-0.8567216396331787,1.0239061117172241,-0.4290282130241394
44,source,63,-0.8446955680847168,1.0181186199188232,-0.4196924567222595
44,target,0,-0.8157544732093811,1.061285376548767,-0.43056684732437134
44,target,1,-0.8742969036102295,1.1403547525405884,-0.41786694526672363
44,target,2,-0.8609118461608887,1.0901131629943848,-0.42164337635040283
44,target,3,-0.840909481048584,1.0519558191299438,-0.4273698925971985
44,target,4,-0.8663792610168457,1.08357834815979,-0.4357576370239258
44,target,5,-0.9105844497680664,1.146523356437683,-0.4454362988471985
44,target,6,-0.8931716680526733,1.1153535842895508,-0.437660276889801
44,target,7,-0.8835489749908447,1.0958924293518066,-0.4436532258987427
44,target,8,-0.8827267289161682,1.0916551351547241,-0.4402828812599182
44,target,9,-0.850239634513855,1.0716683864593506,-0.45347124338150024
44,target,10,-0.8712954521179199,1.1010713577270508,-0.4420350193977356
44,target,11,-0.871394157409668,1.1102612018585205,-0.4387567639350891
44,target,12,-0.8736652135848999,1.0948691368103027,-0.4345306158065796
44,target,13,-0.8631071448326111,1.0765291452407837,-0.4438982605934143
44,target,14,-0.8666049838066101,1.0774322748184204,-0.4469776749610901
44,target,15,-0.861814558506012,1.062516689300537,-0.4509510397911072
44,target,16,-0.8503658771514893,1.063982605934143,-0.44861286878585815
44,target,17,-0.8759590983390808,1.1018967628479004,-0.42522352933883667
44,target,18,-0.8961898684501648,1.1337218284606934,-0.4260789155960083
44,target,19,-0.8752205967903137,1.1039600372314453,-0.42502957582473755
44,target,20,-0.8960286974906921,1.1291563510894775,-0.43170714378356934
44,target,21,-0.8885183334350586,1.0987043380737305,-0.4222116470336914
44,target,22,-0.8848916292190552,1.1307566165924072,-0.42639702558517456
44,target,23,-0.8768613338470459,1.1050910949707031,-0.4300385117530823
44,target,24,-0.885612428188324,1.1121469736099243,-0.4215448498725891
44,target,25,-0.8542050719261169,1.0580965280532837,-0.4234303832054138
44,target,26,-0.8597321510314941,1.0846209526062012,-0.43044406175613403
44,target,27,-0.8813558220863342,1.1240273714065552,-0.42696553468704224
44,target,28,-0.8573532104492188,1.0587198734283447,-0.4080631136894226
44,target,29,-0.8623602390289307,1.0862951278686523,-0.43365103006362915
44,target,30,-0.8475631475448608,1.0405850410461426,-0.4323686957359314
44,target,31,-0.8882977962493896,1.0977730751037598,-0.4295961856842041
44,target,32,-0.883868396282196,1.0800378322601318,-0.4371386170387268
44,target,33,-0.860685408115387,1.0808606147766113,-0.43280309438705444
44,target,34,-0.8424760103225708,1.0502750873565674,-0.42520761489868164
44,target,35,-0.8400240540504456,1.0648155212402344,-0.43914955854415894
44,target,36,-0.8736256957054138,1.0779094696044922,-0.4339821934700012
44,target,37,-0.8456218242645264,1.0593202114105225,-0.4283280372619629
44,target,38,-0.8637083768844604,1.0662769079208374,-0.4245559573173523
44,target,39,-0.8725488781929016,1.0852360725402832,-0.42622655630111694
44,target,40,-0.8526878356933594,1.1074731349945068,-0.4276159405708313
44,target,41,-0.8600271940231323,1.1314895153045654,-0.42031145095825195
44,target,42,-0.845066249370575,1.0587306022644043,-0.42308229207992554
44,target,43,-0.8358593583106995,1.0406584739685059,-0.4071158766746521
44,target,44,-0.8422834277153015,1.04727303981781,-0.39878058433532715
44,target,45,-0.8325985074043274,1.0311594009399414,-0.39877182245254517
44,target,46,-0.7682654857635498,0.9915684461593628,-0.43076038360595703
44,target,47,-0.8334140777587891,1.0527253150939941,-0.4327850937843323
44,target,48,-0.8136326670646667,1.0515868663787842,-0.44315624237060547
44,target,49,-0.7723645567893982,0.978569507598877,-0.42315399646759033
44,target,50,-0.841559112071991,1.0785150527954102,-0.4114260673522949
44,target,51,-0.8696216344833374,1.0914571285247803,-0.4333256483078003
44,target,52,-0.8618205785751343,1.0827980041503906,-0.4248117208480835
44,target,53,-0.8744155764579773,1.0989354848861694,-0.43992727994918823
44,target,54,-0.8684104084968567,1.0979185104370117,-0.43577080965042114
44,target,55,-0.8883019685745239,1.1075429916381836,-0.4423792362213135
44,target,56,-0.8752792477607727,1.0987458229064941,-0.43938136100769043
44,target,57,-0.863565981388092,1.0837550163269043,-0.4427492022514343
44,target,58,-0.8893722295761108,1.1091172695159912,-0.4453200101852417
44,target,59,-0.8615632653236389,1.0834406614303589,-0.4423925280570984
44,target,60,-0.8645884990692139,1.0914161205291748,-0.43192607164382935
44,target,61,-0.852457582950592,1.0744706392288208,-0.433915376663208
44,target,62,-0.8501483201980591,1.0668145418167114,-0.4208916425704956
44,target,63,-0.859123170375824,1.0764994621276855,-0.4371345043182373
45,source,0,-0.8671703338623047,1.0822877883911133,-0.43517327308654785
45,source,1,-0.8612895011901855,1.058107852935791,-0.4345731735229492
45,source,2,-0.848938524723053,1.057729959487915,-0.4323351979255676
45,source,3,-0.8447496891021729,1.070684790611267,-0.4384188652038574
45,source,4,-0.8563658595085144,1.0621538162231445,-0.4466426372528076
45,source,5,-0.8563313484191895,1.0730047225952148,-0.4374963045120239
45,source,6,-0.8658897280693054,1.0818238258361816,-0.4379603862762451
45,source,7,-0.8654072284698486,1.077540397644043,-0.4425564408302307
45,source,8,-0.8567352294921875,1.0713274478912354,-0.43706148862838745
45,source,9,-0.8623363971710205,1.0754108428955078,-0.4353080987930298
45,source,10,-0.8544530868530273,1.0584485530853271,-0.43695342540740967
45,source,11,-0.8558130264282227,1.0804569721221924,-0.4350399971008301
45,source,12,-0.8577587008476257,1.0720798969268799,-0.4374925494194031
45,source,13,-0.8611780405044556,1.0892915725708008,-0.428051233291626
45,source,14,-0.8530244827270508,1.062258005142212,-0.4261596202850342
45,source,15,-0.8552218079566956,1.043569564819336,-0.4276633858680725
45,source,16,-0.8520821928977966,1.0508413314819336,-0.4310014247894287
45,source,17,-0.852689802646637,1.0498661994934082,-0.4281824231147766
45,source,18,-0.8636326789855957,1.0610809326171875,-0.4321799874305725
45,source,19,-0.8545382022857666,1.0539021492004395,-0.4345414638519287
45,source,20,-0.8345843553543091,1.0696898698806763,-0.4199453592300415
45,source,21,-0.8471848964691162,1.0541727542877197,-0.4228898882865906
45,source,22,-0.8419262766838074,1.0519342422485352,-0.41123539209365845
45,source,23,-0.8515494465827942,1.0536658763885498,-0.4163038730621338
45,source,24,-0.848469614982605,1.049379587173462,-0.42510443925857544
45,source,25,-0.8548171520233154,1.0461663007736206,-0.42862623929977417
45,source,26,-0.8412268161773682,1.0643596649169922,-0.42743581533432007
45,source,27,-0.8688886165618896,1.0535944700241089,-0.4342876672744751
45,source,28,-0.8696382641792297,1.0629256963729858,-0.4308645725250244
45,source,29,-0.8614651560783386,1.0665464401245117,-0.43423211574554443
45,source,30,-0.8577698469161987,1.0807743072509766,-0.4321923851966858
45,source,31,-0.8618189692497253,1.0763601064682007,-0.43658268451690674
45,source,32,-0.8546346426010132,1.0697734355926514,-0.43977516889572144
45,source,33,-0.8588276505470276,1.0768496990203857,-0.4409251809120178
45,source,34,-0.8554015755653381,1.0741424560546875,-0.43186670541763306
45,source,35,-0.8561758995056152,1.0565106868743896,-0.4360601305961609
45,source,36,-0.8721015453338623,1.0689809322357178,-0.4345471262931824
45,source,37,-0.8518474698066711,1.0648342370986938,-0.4251168966293335
45,source,38,-0.8457659482955933,1.0423450469970703,-0.4245147705078125
45,source,39,-0.8465274572372437,1.0437407493591309,-0.4180986285209656
45,source,40,-0.8572292923927307,1.059149146080017,-0.4373204708099365
45,source,41,-0.8613481521606445,1.0722599029541016,-0.4243510365486145
45,source,42,-0.8565321564674377,1.0650804042816162,-0.4317197799682617
45,source,43,-0.858910858631134,1.0637215375900269,-0.4406830668449402
45,source,44,-0.8408453464508057,1.0584068298339844,-0.41273224353790283
45,source,45,-0.8459571599960327,1.0646809339523315,-0.4320659041404724
45,source,46,-0.8622376322746277,1.0645718574523926,-0.4335032105445862
45,source,47,-0.8654199838638306,1.0798864364624023,-0.42928045988082886
45,source,48,-0.8455684781074524,1.0690110921859741,-0.43047475814819336
45,source,49,-0.8629605770111084,1.0604923963546753,-0.42764121294021606
45,source,50,-0.8494679927825928,1.061372995376587,-0.44715678691864014
45,source,51,-0.8568254709243774,1.0622010231018066,-0.44951939582824707
45,source,52,-0.8463265299797058,1.0533196926116943,-0.46001338958740234
45,source,53,-0.8407803773880005,1.047821044921875,-0.46495962142944336
45,source,54,-0.8533746600151062,1.0698323249816895,-0.4583035111427307
45,source,55,-0.8584849834442139,1.0786585807800293,-0.44820713996887207
45,source,56,-0.8613420128822327,1.084001898765564,-0.44525444507598877
45,source,57,-0.85819411277771,1.0862483978271484,-0.4479394555091858
45,source,58,-0.8504140973091125,1.0735814571380615,-0.4516122341156006
45,source,59,-0.8545610904693604,1.0829899311065674,-0.4475206732749939
45,source,60,-0.8586814999580383,1.0775258541107178,-0.4488059878349304
45,source,61,-0.8485080003738403,1.0680432319641113,-0.44747650623321533
45,source,62,-0.8574203252792358,1.0658438205718994,-0.4478709101676941
45,source,63,-0.8432359099388123,1.0578224658966064,-0.4439467191696167
45,target,0,-0.805695652961731,1.0898381471633911,-0.44333672523498535
45,target,1,-0.8700529932975769,1.1714088916778564,-0.43521231412887573
45,target,2,-0.853312611579895,1.122138500213623,-0.44108712673187256
45,target,3,-0.8368579149246216,1.0980318784713745,-0.4462239146232605
45,target,4,-0.8533477783203125,1.1151014566421509,-0.4512462019920349
45,target,5,-0.8716803789138794,1.132796049118042,-0.4597393870353699
45,target,6,-0.872768759727478,1.1302707195281982,-0.4499606490135193
45,target,7,-0.8659462928771973,1.1182522773742676,-0.45494985580444336
45,target,8,-0.8665583729743958,1.1184682846069336,-0.4520161747932434
45,target,9,-0.840549647808075,1.093124508857727,-0.4625096321105957
45,target,10,-0.8552374243736267,1.1189104318618774,-0.4498162269592285
45,target,11,-0.859032392501831,1.1275343894958496,-0.44468265771865845
45,target,12,-0.857671856880188,1.1155261993408203,-0.4435778260231018
45,target,13,-0.8455979824066162,1.085160255432129,-0.4565371870994568
45,target,14,-0.854921281337738,1.1013309955596924,-0.46078819036483765
45,target,15,-0.8569639921188354,1.0936381816864014,-0.4595121741294861
45,target,16,-0.8466355800628662,1.1000367403030396,-0.4596226215362549
45,target,17,-0.8661161661148071,1.1308033466339111,-0.43850982189178467
45,target,18,-0.8735960721969604,1.1467121839523315,-0.43889838457107544
45,target,19,-0.8746277093887329,1.1506638526916504,-0.4391900897026062
45,target,20,-0.8765944838523865,1.1441280841827393,-0.4468684792518616
45,target,21,-0.8672969341278076,1.118934154510498,-0.44310224056243896
45,target,22,-0.8686257600784302,1.1462944746017456,-0.4370254874229431
45,target,23,-0.8739997744560242,1.1358636617660522,-0.43910056352615356
45,target,24,-0.8635729551315308,1.1218993663787842,-0.44260454177856445
45,target,25,-0.8498481512069702,1.1001348495483398,-0.44072800874710083
45,target,26,-0.8540987968444824,1.1172946691513062,-0.4481886029243469
45,target,27,-0.8797715902328491,1.1644721031188965,-0.4395902156829834
45,target,28,-0.8439419269561768,1.09617280960083,-0.4377948045730591
45,target,29,-0.852444589138031,1.1085786819458008,-0.4485650062561035
45,target,30,-0.8369486927986145,1.0788460969924927,-0.4505845904350281
45,target,31,-0.8675752282142639,1.1240462064743042,-0.44547462463378906
45,target,32,-0.870552122592926,1.1181026697158813,-0.44943684339523315
45,target,33,-0.8577426671981812,1.1217879056930542,-0.44439637660980225
45,target,34,-0.8439232707023621,1.0951439142227173,-0.44269877672195435
45,target,35,-0.8341594934463501,1.0923908948898315,-0.4505738615989685
45,target,36,-0.8592670559883118,1.1079413890838623,-0.4518369436264038
45,target,37,-0.8364267349243164,1.0970423221588135,-0.4444626569747925
45,target,38,-0.8548246026039124,1.1068177223205566,-0.4386208653450012
45,target,39,-0.8609155416488647,1.120173454284668,-0.44112980365753174
45,target,40,-0.842060923576355,1.1241962909698486,-0.43917131423950195
45,target,41,-0.8432646989822388,1.1403114795684814,-0.42961394786834717
45,target,42,-0.840653121471405,1.100210189819336,-0.4421875476837158
45,target,43,-0.8353698253631592,1.0889320373535156,-0.4377613067626953
45,target,44,-0.841701865196228,1.108722448348999,-0.43016254901885986
45,target,45,-0.8320072889328003,1.0869998931884766,-0.42919498682022095
45,target,46,-0.7730087041854858,1.0308747291564941,-0.4478737711906433
45,target,47,-0.8242509961128235,1.0897178649902344,-0.4461590647697449
45,target,48,-0.8072442412376404,1.0790379047393799,-0.45758187770843506
45,target,49,-0.7717861533164978,1.023055076599121,-0.447925865650177
45,target,50,-0.823586106300354,1.1024978160858154,-0.4354379177093506
45,target,51,-0.8636422753334045,1.1217994689941406,-0.44859933853149414
45,target,52,-0.8525072336196899,1.1162946224212646,-0.44112294912338257
45,target,53,-0.861907958984375,1.129242181777954,-0.4528566002845764
45,target,54,-0.8582475185394287,1.1314091682434082,-0.445370614528656
45,target,55,-0.8747502565383911,1.1305842399597168,-0.4529198408126831
45,target,56,-0.8614276051521301,1.1275783777236938,-0.4490200877189636
45,target,57,-0.8507219552993774,1.1173585653305054,-0.45321881771087646
45,target,58,-0.8780374526977539,1.1435816287994385,-0.45227932929992676
45,target,59,-0.8563486337661743,1.1266663074493408,-0.4522608518600464
45,target,60,-0.8561661243438721,1.1324704885482788,-0.44269728660583496
45,target,61,-0.8418931365013123,1.111452579498291,-0.44583630561828613
45,target,62,-0.8383296728134155,1.1073307991027832,-0.437799870967865
45,target,63,-0.8474500179290771,1.1106228828430176,-0.4470088481903076
46,source,0,-0.8641829490661621,1.0361071825027466,-0.4106028079986572
46,source,1,-0.8571668863296509,1.0110108852386475,-0.4083779454231262
46,source,2,-0.8437920808792114,1.007556438446045,-0.40446507930755615
46,source,3,-0.8374977707862854,1.0275375843048096,-0.40912580490112305
46,source,4,-0.8529853820800781,1.0185075998306274,-0.4171704649925232
46,source,5,-0.8505813479423523,1.0266685485839844,-0.41028153896331787
46,source,6,-0.8585514426231384,1.03106689453125,-0.409898042678833
46,source,7,-0.861504077911377,1.0275177955627441,-0.41357433795928955
46,source,8,-0.8508564233779907,1.0238844156265259,-0.41097015142440796
46,source,9,-0.8622982501983643,1.0331581830978394,-0.4061269760131836
46,source,10,-0.8528995513916016,1.0145021677017212,-0.40956413745880127
46,source,11,-0.8488942384719849,1.0280537605285645,-0.4081975221633911
46,source,12,-0.851633608341217,1.020522952079773,-0.40891849994659424
46,source,13,-0.8473629951477051,1.0308761596679688,-0.39980727434158325
46,source,14,-0.8458314538002014,1.0126761198043823,-0.3982968330383301
46,source,15,-0.8563144207000732,1.0060763359069824,-0.4026588201522827
46,source,16,-0.8528474569320679,1.0092151165008545,-0.4046064019203186
46,source,17,-0.8470791578292847,0.9971417188644409,-0.4011908173561096
46,source,18,-0.8576011061668396,1.010047435760498,-0.40963131189346313
46,source,19,-0.8517069816589355,1.0047929286956787,-0.40936756134033203
46,source,20,-0.8336348533630371,1.0219589471817017,-0.39560896158218384
46,source,21,-0.8482416868209839,1.0061002969741821,-0.3976384401321411
46,source,22,-0.8366137742996216,0.9977278709411621,-0.3888654112815857
46,source,23,-0.8500320911407471,1.010786533355713,-0.3935207724571228
46,source,24,-0.8431298732757568,0.9976987242698669,-0.4005706310272217
46,source,25,-0.8539573550224304,1.0016099214553833,-0.4033934473991394
46,source,26,-0.8361632823944092,1.0140881538391113,-0.40247029066085815
46,source,27,-0.865380048751831,1.0128757953643799,-0.4041129946708679
46,source,28,-0.8650252223014832,1.0137999057769775,-0.4063180685043335
46,source,29,-0.8528664708137512,1.0109020471572876,-0.4075319170951843
46,source,30,-0.8528945446014404,1.0275065898895264,-0.40538114309310913
46,source,31,-0.8568494319915771,1.0230692625045776,-0.40683311223983765
46,source,32,-0.8517179489135742,1.0230047702789307,-0.41206467151641846
46,source,33,-0.8532605171203613,1.0285372734069824,-0.41558772325515747
46,source,34,-0.8529888391494751,1.0291221141815186,-0.4078329801559448
46,source,35,-0.8542294502258301,1.007529854774475,-0.4110599756240845
46,source,36,-0.863594651222229,1.0250645875930786,-0.40852099657058716
46,source,37,-0.8492381572723389,1.0231058597564697,-0.3996332287788391
46,source,38,-0.8442486524581909,0.9958807826042175,-0.3977401852607727
46,source,39,-0.8456259369850159,0.9965705275535583,-0.3930289149284363
46,source,40,-0.859734058380127,1.0164108276367188,-0.4103195071220398
46,source,41,-0.8553006052970886,1.0210590362548828,-0.39763158559799194
46,source,42,-0.8521681427955627,1.0162341594696045,-0.40625500679016113
46,source,43,-0.8516398668289185,1.017564296722412,-0.41296452283859253
46,source,44,-0.8355772495269775,1.0106335878372192,-0.3865150213241577
46,source,45,-0.8422102928161621,1.0222856998443604,-0.40602946281433105
46,source,46,-0.8551477193832397,1.011272668838501,-0.4041498303413391
46,source,47,-0.8540065288543701,1.0196903944015503,-0.40190333127975464
46,source,48,-0.8366475105285645,1.0193383693695068,-0.40190213918685913
46,source,49,-0.8594358563423157,1.0105410814285278,-0.40368884801864624
46,source,50,-0.8427827954292297,1.0169405937194824,-0.42461270093917847
46,source,51,-0.8500399589538574,1.0192850828170776,-0.42657381296157837
46,source,52,-0.8405829071998596,1.0134634971618652,-0.4317557215690613
46,source,53,-0.8299941420555115,1.0026822090148926,-0.4326009154319763
46,source,54,-0.8460626006126404,1.0266423225402832,-0.42990177869796753
46,source,55,-0.8498179912567139,1.0328421592712402,-0.42128145694732666
46,source,56,-0.853634238243103,1.0376880168914795,-0.4213666319847107
46,source,57,-0.8503197431564331,1.0360547304153442,-0.42406827211380005
46,source,58,-0.8423193693161011,1.028075933456421,-0.42663317918777466
46,source,59,-0.8429436087608337,1.0326414108276367,-0.4222821593284607
46,source,60,-0.8486472368240356,1.0303786993026733,-0.4164513945579529
46,source,61,-0.8341771364212036,1.016268014907837,-0.4195185899734497
46,source,62,-0.8445791602134705,1.0117923021316528,-0.4236408472061157
46,source,63,-0.8325610160827637,1.0102105140686035,-0.41785961389541626
46,target,0,-0.8061928153038025,1.065427303314209,-0.4168878197669983
46,target,1,-0.8521783351898193,1.1232995986938477,-0.4183434844017029
46,target,2,-0.843959629535675,1.0800100564956665,-0.41469675302505493
46,target,3,-0.8258231282234192,1.0501667261123657,-0.4250950813293457
46,target,4,-0.8407145142555237,1.0657343864440918,-0.4259989261627197
46,target,5,-0.8780956268310547,1.1135772466659546,-0.4366415739059448
46,target,6,-0.8721994757652283,1.0935144424438477,-0.4252632260322571
46,target,7,-0.8639136552810669,1.0882785320281982,-0.4316830039024353
46,target,8,-0.8640255331993103,1.0782079696655273,-0.4285181164741516
46,target,9,-0.8372607827186584,1.0650367736816406,-0.4411160349845886
46,target,10,-0.8547762632369995,1.0901029109954834,-0.430086612701416
46,target,11,-0.8451954126358032,1.0886441469192505,-0.42772650718688965
46,target,12,-0.8549070358276367,1.0774221420288086,-0.42295217514038086
46,target,13,-0.8404002785682678,1.0569069385528564,-0.4324256181716919
46,target,14,-0.8505293130874634,1.0770739316940308,-0.4379875659942627
46,target,15,-0.8481147885322571,1.0589985847473145,-0.4378093481063843
46,target,16,-0.836760401725769,1.0624029636383057,-0.435221791267395
46,target,17,-0.8576569557189941,1.0957242250442505,-0.41410964727401733
46,target,18,-0.8685595989227295,1.1168670654296875,-0.4196670651435852
46,target,19,-0.8579822182655334,1.1010048389434814,-0.4210955500602722
46,target,20,-0.8759397864341736,1.123194932937622,-0.4272648096084595
46,target,21,-0.8662948608398438,1.0790610313415527,-0.4168558716773987
46,target,22,-0.8608860969543457,1.1145334243774414,-0.41635191440582275
46,target,23,-0.8635263442993164,1.1035798788070679,-0.41601091623306274
46,target,24,-0.8609639406204224,1.0933420658111572,-0.41966092586517334
46,target,25,-0.838486909866333,1.0642976760864258,-0.42082369327545166
46,target,26,-0.8456234931945801,1.085026502609253,-0.4217453598976135
46,target,27,-0.8633413910865784,1.1169869899749756,-0.4176112413406372
46,target,28,-0.8323241472244263,1.0525397062301636,-0.4074234366416931
46,target,29,-0.8494262099266052,1.087191104888916,-0.4258652925491333
46,target,30,-0.831378698348999,1.03261399269104,-0.4283226728439331
46,target,31,-0.8641794919967651,1.0949506759643555,-0.4204899072647095
46,target,32,-0.8647471070289612,1.0844275951385498,-0.42661207914352417
46,target,33,-0.8417783975601196,1.0798884630203247,-0.41279029846191406
46,target,34,-0.8316430449485779,1.0480762720108032,-0.41670143604278564
46,target,35,-0.8253110647201538,1.0595707893371582,-0.4226934313774109
46,target,36,-0.8475268483161926,1.064892053604126,-0.42266327142715454
46,target,37,-0.8225964307785034,1.0511703491210938,-0.41490209102630615
46,target,38,-0.8438090085983276,1.0684905052185059,-0.41165173053741455
46,target,39,-0.8504783511161804,1.0788462162017822,-0.41015541553497314
46,target,40,-0.8293081521987915,1.09245765209198,-0.4168848991394043
46,target,41,-0.839992344379425,1.1172568798065186,-0.4061710834503174
46,target,42,-0.8411900401115417,1.0671354532241821,-0.41449880599975586
46,target,43,-0.8330600261688232,1.0545810461044312,-0.41203802824020386
46,target,44,-0.8429175019264221,1.0750629901885986,-0.40374624729156494
46,target,45,-0.8367775678634644,1.05226731300354,-0.40176451206207275
46,target,46,-0.7742725610733032,1.0123947858810425,-0.420512855052948
46,target,47,-0.8163324594497681,1.055979609489441,-0.42438191175460815
46,target,48,-0.8067960143089294,1.0599308013916016,-0.4335751533508301
46,target,49,-0.7709245085716248,0.9940555095672607,-0.4191860556602478
46,target,50,-0.8211510181427002,1.072373628616333,-0.4081522226333618
46,target,51,-0.8530372977256775,1.0852100849151611,-0.425659716129303
46,target,52,-0.8436402082443237,1.0756304264068604,-0.42117947340011597
46,target,53,-0.8514591455459595,1.096097469329834,-0.431856632232666
46,target,54,-0.8532707691192627,1.1053504943847656,-0.42284560203552246
46,target,55,-0.868260383605957,1.1086012125015259,-0.4295377731323242
46,target,56,-0.8549859523773193,1.1025280952453613,-0.42759549617767334
46,target,57,-0.8417707085609436,1.0835872888565063,-0.43006014823913574
46,target,58,-0.8701740503311157,1.1163092851638794,-0.4328942894935608
46,target,59,-0.8463195562362671,1.0950517654418945,-0.42978954315185547
46,target,60,-0.8473762273788452,1.102705717086792,-0.4193776845932007
46,target,61,-0.827218770980835,1.0701360702514648,-0.4250108599662781
46,target,62,-0.8289431929588318,1.0702663660049438,-0.41186434030532837
46,target,63,-0.8408026695251465,1.0783586502075195,-0.42282235622406006
47,source,0,-0.8713217973709106,1.0766170024871826,-0.42240458726882935
47,source,1,-0.8574385046958923,1.036607265472412,-0.41831469535827637
47,source,2,-0.8495231866836548,1.0367369651794434,-0.41834598779678345
47,source,3,-0.8413002490997314,1.0393680334091187,-0.4208196997642517
47,source,4,-0.8554221391677856,1.0371556282043457,-0.43112003803253174
47,source,5,-0.8542091846466064,1.0546941757202148,-0.4216257929801941
47,source,6,-0.8647668361663818,1.0713927745819092,-0.4218405485153198
47,source,7,-0.862914502620697,1.0567753314971924,-0.4236568808555603
47,source,8,-0.8541668653488159,1.0507216453552246,-0.4220161437988281
47,source,9,-0.8664863705635071,1.0689964294433594,-0.41672325134277344
47,source,10,-0.8569079637527466,1.0282859802246094,-0.41861140727996826
47,source,11,-0.8542691469192505,1.0546839237213135,-0.41866517066955566
47,source,12,-0.8586809635162354,1.0478789806365967,-0.41738200187683105
47,source,13,-0.8634456992149353,1.0711538791656494,-0.40706104040145874
47,source,14,-0.856961727142334,1.044738531112671,-0.40604084730148315
47,source,15,-0.8622815608978271,1.0281257629394531,-0.40960943698883057
47,source,16,-0.8586201667785645,1.0378756523132324,-0.41380733251571655
47,source,17,-0.8534138202667236,1.0290957689285278,-0.4108276963233948
47,source,18,-0.8611958622932434,1.0366312265396118,-0.4155302047729492
47,source,19,-0.85596764087677,1.0351955890655518,-0.42175376415252686
47,source,20,-0.8386458158493042,1.041163682937622,-0.4062621593475342
47,source,21,-0.8563964366912842,1.0299590826034546,-0.4117699861526489
47,source,22,-0.8457741737365723,1.0206589698791504,-0.4018535614013672
47,source,23,-0.8535518050193787,1.0318697690963745,-0.4020655155181885
47,source,24,-0.8521895408630371,1.027054786682129,-0.41030168533325195
47,source,25,-0.859484851360321,1.0271395444869995,-0.41274338960647583
47,source,26,-0.8415051698684692,1.0397261381149292,-0.4169045686721802
47,source,27,-0.8739535808563232,1.0413042306900024,-0.4140576124191284
47,source,28,-0.873720645904541,1.0409889221191406,-0.41455692052841187
47,source,29,-0.8586903214454651,1.0412200689315796,-0.41896384954452515
47,source,30,-0.8599952459335327,1.0557233095169067,-0.41498881578445435
47,source,31,-0.8603402376174927,1.0501883029937744,-0.41777729988098145
47,source,32,-0.8520628213882446,1.0463740825653076,-0.42277592420578003
47,source,33,-0.8554931879043579,1.0530321598052979,-0.4246234893798828
47,source,34,-0.8591563701629639,1.0580707788467407,-0.41925621032714844
47,source,35,-0.8625016808509827,1.0379188060760498,-0.4200366139411926
47,source,36,-0.8703729510307312,1.054480791091919,-0.420235276222229
47,source,37,-0.8549379110336304,1.041870355606079,-0.4097023010253906
47,source,38,-0.8543522953987122,1.028883934020996,-0.40883809328079224
47,source,39,-0.8517523407936096,1.0197324752807617,-0.4011119604110718
47,source,40,-0.8644022941589355,1.0462007522583008,-0.41861748695373535
47,source,41,-0.8639843463897705,1.050949215888977,-0.40579867362976074
47,source,42,-0.8590071797370911,1.046677589416504,-0.4113679528236389
47,source,43,-0.860275149345398,1.045274019241333,-0.422061562538147
47,source,44,-0.8432485461235046,1.0226161479949951,-0.402429461479187
47,source,45,-0.8464177846908569,1.0315046310424805,-0.41616857051849365
47,source,46,-0.8626459240913391,1.0419673919677734,-0.41482627391815186
47,source,47,-0.8662604689598083,1.0579395294189453,-0.41127121448516846
47,source,48,-0.8431417942047119,1.036097526550293,-0.4134565591812134
47,source,49,-0.8680161833763123,1.0396194458007812,-0.4147692918777466
47,source,50,-0.8435652256011963,1.0530009269714355,-0.43250685930252075
47,source,51,-0.8494669198989868,1.0536572933197021,-0.43522030115127563
47,source,52,-0.8396850228309631,1.045219898223877,-0.44251203536987305
47,source,53,-0.8310492038726807,1.0315324068069458,-0.4406636357307434
47,source,54,-0.8427141904830933,1.0473151206970215,-0.44707196950912476
47,source,55,-0.8471380472183228,1.0576362609863281,-0.4355775713920593
47,source,56,-0.8532637357711792,1.0691916942596436,-0.43372833728790283
47,source,57,-0.8496173620223999,1.0680811405181885,-0.43582290410995483
47,source,58,-0.8411595225334167,1.0527732372283936,-0.4392485022544861
47,source,59,-0.8458395004272461,1.0649747848510742,-0.43734484910964966
47,source,60,-0.855327308177948,1.0627925395965576,-0.4341322183609009
47,source,61,-0.8428008556365967,1.0522007942199707,-0.4365294575691223
47,source,62,-0.847822368144989,1.053999662399292,-0.4371439814567566
47,source,63,-0.8417145609855652,1.0493934154510498,-0.4313051700592041
47,target,0,-0.8038450479507446,1.0775753259658813,-0.433965265750885
47,target,1,-0.8609457612037659,1.1515064239501953,-0.4276871085166931
47,target,2,-0.850411057472229,1.1126019954681396,-0.4304726719856262
47,target,3,-0.8377621173858643,1.0830409526824951,-0.43510764837265015
47,target,4,-0.8548941612243652,1.109553575515747,-0.43978339433670044
47,target,5,-0.8824323415756226,1.1326748132705688,-0.4480908513069153
47,target,6,-0.8815975189208984,1.1253060102462769,-0.435280978679657
47,target,7,-0.8633320331573486,1.1015537977218628,-0.4415903091430664
47,target,8,-0.8649107217788696,1.0961428880691528,-0.43699491024017334
47,target,9,-0.8478078842163086,1.0901082754135132,-0.45353883504867554
47,target,10,-0.8721354007720947,1.118391513824463,-0.4455338716506958
47,target,11,-0.8640811443328857,1.1260886192321777,-0.4376251697540283
47,target,12,-0.8718039989471436,1.1085705757141113,-0.44009000062942505
47,target,13,-0.8436697721481323,1.0839697122573853,-0.4471571445465088
47,target,14,-0.860572874546051,1.1041951179504395,-0.4505552053451538
47,target,15,-0.854888379573822,1.0870400667190552,-0.44820767641067505
47,target,16,-0.8464544415473938,1.0874007940292358,-0.4472140669822693
47,target,17,-0.8693826198577881,1.1286790370941162,-0.4294697642326355
47,target,18,-0.877583384513855,1.1419634819030762,-0.4328610897064209
47,target,19,-0.8634769916534424,1.1246833801269531,-0.4329622983932495
47,target,20,-0.8789421319961548,1.1393399238586426,-0.43698930740356445
47,target,21,-0.8688069581985474,1.1065877676010132,-0.42964959144592285
47,target,22,-0.8674647212028503,1.1409263610839844,-0.429926335811615
47,target,23,-0.8718120455741882,1.133141040802002,-0.43057215213775635
47,target,24,-0.858893096446991,1.107870101928711,-0.43307626247406006
47,target,25,-0.8420896530151367,1.084775447845459,-0.43516820669174194
47,target,26,-0.8608914613723755,1.1233524084091187,-0.4315563440322876
47,target,27,-0.8718457818031311,1.1457910537719727,-0.429421603679657
47,target,28,-0.8420348763465881,1.0825915336608887,-0.424532949924469
47,target,29,-0.8662682175636292,1.119361162185669,-0.4392203092575073
47,target,30,-0.8376279473304749,1.0665109157562256,-0.4418637156486511
47,target,31,-0.8774864673614502,1.1262264251708984,-0.4367337226867676
47,target,32,-0.8793200254440308,1.11972975730896,-0.4404674172401428
47,target,33,-0.8556541204452515,1.111345648765564,-0.4302811622619629
47,target,34,-0.842013955116272,1.0898003578186035,-0.43431299924850464
47,target,35,-0.8326332569122314,1.0947964191436768,-0.434035062789917
47,target,36,-0.858545184135437,1.099271535873413,-0.43476706743240356
47,target,37,-0.835669755935669,1.0906074047088623,-0.43044185638427734
47,target,38,-0.8550236225128174,1.0973711013793945,-0.4330978989601135
47,target,39,-0.8625054955482483,1.1097192764282227,-0.42892253398895264
47,target,40,-0.84156334400177,1.1153931617736816,-0.4268442988395691
47,target,41,-0.8428882360458374,1.131364107131958,-0.4167059659957886
47,target,42,-0.8434118032455444,1.085188627243042,-0.4217660427093506
47,target,43,-0.8368359208106995,1.0768845081329346,-0.4155750870704651
47,target,44,-0.8405990600585938,1.0846633911132812,-0.4073449373245239
47,target,45,-0.8379880785942078,1.068959355354309,-0.40659117698669434
47,target,46,-0.7557027339935303,1.0125846862792969,-0.4347054362297058
47,target,47,-0.8101747035980225,1.0638638734817505,-0.4363473057746887
47,target,48,-0.7978889346122742,1.0676472187042236,-0.4475221037864685
47,target,49,-0.7559347748756409,1.0065617561340332,-0.4326851963996887
47,target,50,-0.8160255551338196,1.0870269536972046,-0.4259774088859558
47,target,51,-0.8637295961380005,1.1191933155059814,-0.4409031271934509
47,target,52,-0.8524854183197021,1.1100934743881226,-0.4354538321495056
47,target,53,-0.8565053939819336,1.1211708784103394,-0.44247299432754517
47,target,54,-0.8584620952606201,1.1192413568496704,-0.44027388095855713
47,target,55,-0.8759045600891113,1.1322619915008545,-0.4436696171760559
47,target,56,-0.8557136058807373,1.122502088546753,-0.4408188462257385
47,target,57,-0.8423712849617004,1.1026508808135986,-0.442257821559906
47,target,58,-0.876813530921936,1.1417820453643799,-0.44488900899887085
47,target,59,-0.850071907043457,1.1161202192306519,-0.4419950246810913
47,target,60,-0.8541906476020813,1.1231814622879028,-0.4336029887199402
47,target,61,-0.8399813175201416,1.0993146896362305,-0.43840616941452026
47,target,62,-0.835871160030365,1.0874541997909546,-0.42518824338912964
47,target,63,-0.8421069979667664,1.0949883460998535,-0.4383401870727539
48,source,0,-0.8740703463554382,1.0818493366241455,-0.4232076406478882
48,source,1,-0.8604700565338135,1.0530662536621094,-0.4242919087409973
48,source,2,-0.8542553186416626,1.056593656539917,-0.4151967167854309
48,source,3,-0.8460813760757446,1.057569980621338,-0.4210602045059204
48,source,4,-0.8578888773918152,1.0555851459503174,-0.4374881386756897
48,source,5,-0.8614552021026611,1.064577341079712,-0.42550957202911377
48,source,6,-0.8691242337226868,1.0724294185638428,-0.42556512355804443
48,source,7,-0.8684636950492859,1.0675770044326782,-0.42738640308380127
48,source,8,-0.8582708835601807,1.0564699172973633,-0.4257831573486328
48,source,9,-0.8699592351913452,1.0768954753875732,-0.4203053116798401
48,source,10,-0.8651885390281677,1.055891752243042,-0.4173654317855835
48,source,11,-0.8569632172584534,1.0662975311279297,-0.42050278186798096
48,source,12,-0.8625271916389465,1.0589544773101807,-0.4183264374732971
48,source,13,-0.8734266757965088,1.0919897556304932,-0.40701931715011597
48,source,14,-0.8617540001869202,1.0597238540649414,-0.4083518385887146
48,source,15,-0.8640850782394409,1.0430127382278442,-0.4187712073326111
48,source,16,-0.8598400950431824,1.0457638502120972,-0.4137123227119446
48,source,17,-0.8546108603477478,1.0398683547973633,-0.4115734100341797
48,source,18,-0.8687185049057007,1.0530407428741455,-0.41580212116241455
48,source,19,-0.8604573607444763,1.0537467002868652,-0.42030197381973267
48,source,20,-0.8456679582595825,1.0634682178497314,-0.4016168713569641
48,source,21,-0.8569678068161011,1.0450414419174194,-0.41205108165740967
48,source,22,-0.8483914136886597,1.0430946350097656,-0.39697813987731934
48,source,23,-0.8574121594429016,1.0514763593673706,-0.4022812843322754
48,source,24,-0.8537951707839966,1.0392459630966187,-0.4133939743041992
48,source,25,-0.8576719164848328,1.0375914573669434,-0.4190821647644043
48,source,26,-0.8505664467811584,1.063075304031372,-0.41880470514297485
48,source,27,-0.8769540190696716,1.0529754161834717,-0.4176548719406128
48,source,28,-0.870038628578186,1.0537828207015991,-0.4195728898048401
48,source,29,-0.8670229911804199,1.0684616565704346,-0.41986292600631714
48,source,30,-0.8631206750869751,1.068769931793213,-0.41649359464645386
48,source,31,-0.8659364581108093,1.0699279308319092,-0.4159550666809082
48,source,32,-0.8604435920715332,1.0648045539855957,-0.42171216011047363
48,source,33,-0.8641308546066284,1.0672870874404907,-0.4266424775123596
48,source,34,-0.8540158271789551,1.0639029741287231,-0.4277934432029724
48,source,35,-0.8603970408439636,1.0514339208602905,-0.4268292784690857
48,source,36,-0.8755951523780823,1.0703375339508057,-0.41960519552230835
48,source,37,-0.8547027111053467,1.0577740669250488,-0.4188425540924072
48,source,38,-0.8559267520904541,1.0413295030593872,-0.413061261177063
48,source,39,-0.8529607057571411,1.0377482175827026,-0.4055541157722473
48,source,40,-0.8639259338378906,1.064767837524414,-0.4274832010269165
48,source,41,-0.8654571175575256,1.0686190128326416,-0.40860289335250854
48,source,42,-0.862691342830658,1.0641725063323975,-0.4146270155906677
48,source,43,-0.8641979694366455,1.0625139474868774,-0.42592376470565796
48,source,44,-0.8457891941070557,1.0476419925689697,-0.39466041326522827
48,source,45,-0.8548574447631836,1.056520700454712,-0.41243910789489746
48,source,46,-0.8611812591552734,1.044914960861206,-0.41514724493026733
48,source,47,-0.8699712753295898,1.0740668773651123,-0.4110717177391052
48,source,48,-0.8444923162460327,1.0541186332702637,-0.4133719205856323
48,source,49,-0.8672451972961426,1.057448387145996,-0.4211704134941101
48,source,50,-0.8449509143829346,1.0520668029785156,-0.4369582533836365
48,source,51,-0.853537917137146,1.0567495822906494,-0.4393916130065918
48,source,52,-0.8426872491836548,1.0486030578613281,-0.4480744004249573
48,source,53,-0.833896815776825,1.040308952331543,-0.44731491804122925
48,source,54,-0.8493726253509521,1.0619590282440186,-0.4514654874801636
48,source,55,-0.8555577993392944,1.0727429389953613,-0.4344136118888855
48,source,56,-0.8576561808586121,1.0726724863052368,-0.4327603578567505
48,source,57,-0.8539296388626099,1.072352647781372,-0.4365713596343994
48,source,58,-0.8465386629104614,1.062838077545166,-0.44036781787872314
48,source,59,-0.8539174199104309,1.0785990953445435,-0.43654489517211914
48,source,60,-0.8623214960098267,1.0755188465118408,-0.43731653690338135
48,source,61,-0.8463729619979858,1.061262845993042,-0.44149404764175415
48,source,62,-0.8515943884849548,1.0568501949310303,-0.4386076331138611
48,source,63,-0.8398609161376953,1.050304889678955,-0.43038564920425415
48,target,0,-0.8023465871810913,1.0813778638839722,-0.43469715118408203
48,target,1,-0.8536904454231262,1.1400703191757202,-0.43439680337905884
48,target,2,-0.8498061299324036,1.1178545951843262,-0.42944401502609253
48,target,3,-0.835302472114563,1.0871409177780151,-0.43903064727783203
48,target,4,-0.846875011920929,1.102516770362854,-0.4392404556274414
48,target,5,-0.8753836154937744,1.1264357566833496,-0.45349347591400146
48,target,6,-0.875282883644104,1.127927303314209,-0.43816202878952026
48,target,7,-0.859213650226593,1.1116914749145508,-0.4487850069999695
48,target,8,-0.8586525917053223,1.1090972423553467,-0.4419349431991577
48,target,9,-0.8383082151412964,1.083094835281372,-0.4554064869880676
48,target,10,-0.8574110865592957,1.1077501773834229,-0.4461555480957031
48,target,11,-0.8465614318847656,1.1050846576690674,-0.4444444179534912
48,target,12,-0.8628064393997192,1.1026241779327393,-0.43971747159957886
48,target,13,-0.8426371812820435,1.073227882385254,-0.44772738218307495
48,target,14,-0.8561277389526367,1.0988585948944092,-0.45383214950561523
48,target,15,-0.8518105745315552,1.0805296897888184,-0.45256757736206055
48,target,16,-0.8446005582809448,1.0866492986679077,-0.4504759907722473
48,target,17,-0.8647089004516602,1.1308141946792603,-0.43400317430496216
48,target,18,-0.8751221299171448,1.145622968673706,-0.4339523911476135
48,target,19,-0.8644101619720459,1.1289031505584717,-0.4363589286804199
48,target,20,-0.8738492727279663,1.1423907279968262,-0.44146132469177246
48,target,21,-0.8656274676322937,1.1085128784179688,-0.43029844760894775
48,target,22,-0.8646798133850098,1.1383590698242188,-0.43396687507629395
48,target,23,-0.8704289793968201,1.131619930267334,-0.4370161294937134
48,target,24,-0.8579421639442444,1.116362452507019,-0.43514108657836914
48,target,25,-0.8420746922492981,1.0816898345947266,-0.44126254320144653
48,target,26,-0.85504549741745,1.1170532703399658,-0.43785375356674194
48,target,27,-0.8744872212409973,1.1424407958984375,-0.43195009231567383
48,target,28,-0.8484083414077759,1.0771926641464233,-0.41848182678222656
48,target,29,-0.8535020351409912,1.1070984601974487,-0.4431300759315491
48,target,30,-0.8416505455970764,1.0651843547821045,-0.43564361333847046
48,target,31,-0.8842474222183228,1.1340337991714478,-0.4352334141731262
48,target,32,-0.8770540952682495,1.1191432476043701,-0.4428662061691284
48,target,33,-0.8455591201782227,1.1033334732055664,-0.4290494918823242
48,target,34,-0.8343042731285095,1.0834276676177979,-0.43382930755615234
48,target,35,-0.8245212435722351,1.0880420207977295,-0.4381250739097595
48,target,36,-0.8548500537872314,1.1119837760925293,-0.43804627656936646
48,target,37,-0.8282861709594727,1.0887880325317383,-0.4300518035888672
48,target,38,-0.8535336256027222,1.1029963493347168,-0.4365154504776001
48,target,39,-0.8615030646324158,1.1248259544372559,-0.4312952160835266
48,target,40,-0.8311557769775391,1.1058034896850586,-0.43300729990005493
48,target,41,-0.8363633751869202,1.1311691999435425,-0.4243617653846741
48,target,42,-0.851441502571106,1.0950044393539429,-0.422410786151886
48,target,43,-0.8392645716667175,1.0807101726531982,-0.42051416635513306
48,target,44,-0.8507049679756165,1.0894784927368164,-0.4109768271446228
48,target,45,-0.8447814583778381,1.0845555067062378,-0.41204893589019775
48,target,46,-0.7584716081619263,1.0022077560424805,-0.43487393856048584
48,target,47,-0.8166073560714722,1.0681825876235962,-0.43984997272491455
48,target,48,-0.802815318107605,1.0696468353271484,-0.4514017701148987
48,target,49,-0.7633498311042786,0.9978690147399902,-0.4281483292579651
48,target,50,-0.8294801712036133,1.0848641395568848,-0.4238676428794861
48,target,51,-0.8565852642059326,1.107832670211792,-0.4439047574996948
48,target,52,-0.8493982553482056,1.1070196628570557,-0.4394340515136719
48,target,53,-0.8474639058113098,1.1045573949813843,-0.44670724868774414
48,target,54,-0.855035662651062,1.1189013719558716,-0.44018810987472534
48,target,55,-0.8725831508636475,1.1231825351715088,-0.4485776424407959
48,target,56,-0.8529687523841858,1.1129679679870605,-0.4456667900085449
48,target,57,-0.8423242568969727,1.1013774871826172,-0.4480505585670471
48,target,58,-0.8748538494110107,1.1344225406646729,-0.44984757900238037
48,target,59,-0.8469939231872559,1.108933687210083,-0.4464969038963318
48,target,60,-0.8547731637954712,1.1212865114212036,-0.4349406957626343
48,target,61,-0.8351094722747803,1.0927047729492188,-0.44064491987228394
48,target,62,-0.8399405479431152,1.1004142761230469,-0.4250982999801636
48,target,63,-0.8416645526885986,1.0939496755599976,-0.4400328993797302
49,source,0,-0.879177987575531,1.0848684310913086,-0.432333767414093
49,source,1,-0.8657798767089844,1.0508127212524414,-0.4294099807739258
49,source,2,-0.8595882654190063,1.0600051879882812,-0.4205748438835144
49,source,3,-0.8493539094924927,1.062854290008545,-0.4263821244239807
49,source,4,-0.8595128059387207,1.0500319004058838,-0.44047147035598755
49,source,5,-0.8646076917648315,1.0589721202850342,-0.4310641884803772
49,source,6,-0.8742859363555908,1.075186014175415,-0.43502604961395264
49,source,7,-0.8743669986724854,1.067173719406128,-0.4351511597633362
49,source,8,-0.8594061732292175,1.050262212753296,-0.43368905782699585
49,source,9,-0.8732507228851318,1.0702859163284302,-0.4266763925552368
49,source,10,-0.8680259585380554,1.0517165660858154,-0.42069172859191895
49,source,11,-0.8631004095077515,1.0726737976074219,-0.42315226793289185
49,source,12,-0.8675940036773682,1.0620877742767334,-0.42195892333984375
49,source,13,-0.872881293296814,1.0877068042755127,-0.4125765562057495
49,source,14,-0.867178201675415,1.0550198554992676,-0.41253340244293213
49,source,15,-0.8616955876350403,1.0348193645477295,-0.42164379358291626
49,source,16,-0.864644467830658,1.0499894618988037,-0.4188893437385559
49,source,17,-0.8561301827430725,1.0384681224822998,-0.41668111085891724
49,source,18,-0.8687037229537964,1.0480042695999146,-0.4202791452407837
49,source,19,-0.8643894195556641,1.0499215126037598,-0.42499208450317383
49,source,20,-0.8518752455711365,1.0737085342407227,-0.40437376499176025
49,source,21,-0.8592907190322876,1.05238676071167,-0.41564851999282837
49,source,22,-0.851537823677063,1.0432183742523193,-0.4028523564338684
49,source,23,-0.8598593473434448,1.0493361949920654,-0.40661150217056274
49,source,24,-0.85417240858078,1.0433001518249512,-0.41696810722351074
49,source,25,-0.8617609739303589,1.0364861488342285,-0.4249300956726074
49,source,26,-0.8520280122756958,1.0581902265548706,-0.420468807220459
49,source,27,-0.8794223666191101,1.0498077869415283,-0.4240418076515198
49,source,28,-0.8765186071395874,1.054872989654541,-0.422294020652771
49,source,29,-0.8666206002235413,1.0600556135177612,-0.42518800497055054
49,source,30,-0.8678532242774963,1.076817512512207,-0.4195094704627991
49,source,31,-0.8689024448394775,1.0716530084609985,-0.42065364122390747
49,source,32,-0.8642860651016235,1.0614489316940308,-0.4269038438796997
49,source,33,-0.8646647334098816,1.06050705909729,-0.4362548589706421
49,source,34,-0.8634664416313171,1.075239658355713,-0.43192487955093384
49,source,35,-0.8675576448440552,1.0476830005645752,-0.4294460415840149
49,source,36,-0.8783619403839111,1.0609933137893677,-0.4229010343551636
49,source,37,-0.8556737303733826,1.0529859066009521,-0.4202718138694763
49,source,38,-0.8559593558311462,1.0342235565185547,-0.417235791683197
49,source,39,-0.856305718421936,1.0377815961837769,-0.41035884618759155
49,source,40,-0.8652377724647522,1.0553745031356812,-0.4333189129829407
49,source,41,-0.8686127066612244,1.0651841163635254,-0.41523826122283936
49,source,42,-0.8643391728401184,1.0554959774017334,-0.42270952463150024
49,source,43,-0.8673269152641296,1.058416724205017,-0.4330298900604248
49,source,44,-0.8462746739387512,1.0461981296539307,-0.3968502879142761
49,source,45,-0.8561251759529114,1.0557432174682617,-0.41620051860809326
49,source,46,-0.8663289546966553,1.0484609603881836,-0.42173635959625244
49,source,47,-0.875424861907959,1.0786850452423096,-0.4152100682258606
49,source,48,-0.8498367667198181,1.059361457824707,-0.41673344373703003
49,source,49,-0.8682853579521179,1.0436222553253174,-0.42405200004577637
49,source,50,-0.8446652889251709,1.0480618476867676,-0.44836747646331787
49,source,51,-0.8515986800193787,1.04989755153656,-0.4494485855102539
49,source,52,-0.8440564870834351,1.0456743240356445,-0.45389479398727417
49,source,53,-0.8387706279754639,1.0394117832183838,-0.45154690742492676
49,source,54,-0.8490532636642456,1.0545709133148193,-0.4561416506767273
49,source,55,-0.856461763381958,1.0634315013885498,-0.44568967819213867
49,source,56,-0.8599305152893066,1.0668562650680542,-0.4461103081703186
49,source,57,-0.8570150136947632,1.0660678148269653,-0.447867751121521
49,source,58,-0.8509617447853088,1.059683084487915,-0.4511869549751282
49,source,59,-0.8535633087158203,1.0700565576553345,-0.44756168127059937
49,source,60,-0.8595710396766663,1.0653008222579956,-0.4431309103965759
49,source,61,-0.8464608192443848,1.0534138679504395,-0.448100745677948
49,source,62,-0.8480468988418579,1.0483295917510986,-0.45143669843673706
49,source,63,-0.8362995982170105,1.0439186096191406,-0.44315218925476074
49,target,0,-0.8073707818984985,1.0761313438415527,-0.4444040060043335
49,target,1,-0.8559137582778931,1.1410082578659058,-0.4418911337852478
49,target,2,-0.8524110317230225,1.1150532960891724,-0.44313788414001465
49,target,3,-0.8372170329093933,1.0843040943145752,-0.4485768675804138
49,target,4,-0.8468793034553528,1.089695930480957,-0.45387810468673706
49,target,5,-0.8633418083190918,1.109484076499939,-0.457535982131958
49,target,6,-0.8710733652114868,1.1125388145446777,-0.44604969024658203
49,target,7,-0.8574138879776001,1.1047130823135376,-0.45393919944763184
49,target,8,-0.860691249370575,1.0988390445709229,-0.4473663568496704
49,target,9,-0.8485276699066162,1.0939346551895142,-0.46573877334594727
49,target,10,-0.8629299402236938,1.1088967323303223,-0.4509902596473694
49,target,11,-0.8517511487007141,1.1073718070983887,-0.4491769075393677
49,target,12,-0.8642541766166687,1.1072803735733032,-0.444053053855896
49,target,13,-0.8452732563018799,1.0683887004852295,-0.4560309052467346
49,target,14,-0.854295551776886,1.0871992111206055,-0.4641196131706238
49,target,15,-0.8542628884315491,1.0740482807159424,-0.46144282817840576
49,target,16,-0.846543550491333,1.0801966190338135,-0.4596361517906189
49,target,17,-0.8605676889419556,1.1149824857711792,-0.4429135322570801
49,target,18,-0.8673719167709351,1.128098726272583,-0.44136810302734375
49,target,19,-0.8637906312942505,1.1226141452789307,-0.4430941343307495
49,target,20,-0.868972659111023,1.1315922737121582,-0.44391679763793945
49,target,21,-0.8640844225883484,1.0936591625213623,-0.43577247858047485
49,target,22,-0.8549818992614746,1.1244430541992188,-0.4420583248138428
49,target,23,-0.8646128177642822,1.1160888671875,-0.44531846046447754
49,target,24,-0.8547115325927734,1.106798529624939,-0.43867552280426025
49,target,25,-0.8483986258506775,1.0853712558746338,-0.4468686580657959
49,target,26,-0.8608957529067993,1.1233816146850586,-0.44483596086502075
49,target,27,-0.8781558275222778,1.143958330154419,-0.44105392694473267
49,target,28,-0.839995265007019,1.0586261749267578,-0.43047845363616943
49,target,29,-0.8498290777206421,1.0981571674346924,-0.45217281579971313
49,target,30,-0.8399349451065063,1.0603089332580566,-0.44788217544555664
49,target,31,-0.8714032173156738,1.104068398475647,-0.4441392421722412
49,target,32,-0.873627781867981,1.1069812774658203,-0.45168161392211914
49,target,33,-0.8540143370628357,1.100149154663086,-0.4433351755142212
49,target,34,-0.8386220932006836,1.0733880996704102,-0.4436300992965698
49,target,35,-0.8351833820343018,1.0826501846313477,-0.4457300901412964
49,target,36,-0.8536799550056458,1.086348533630371,-0.44723761081695557
49,target,37,-0.8373589515686035,1.079719066619873,-0.4428355097770691
49,target,38,-0.8537951111793518,1.089941382408142,-0.44420725107192993
49,target,39,-0.8577001094818115,1.0991640090942383,-0.4416903257369995
49,target,40,-0.8303881883621216,1.1044580936431885,-0.43707454204559326
49,target,41,-0.836935818195343,1.1291673183441162,-0.4273754954338074
49,target,42,-0.8497065901756287,1.1090738773345947,-0.4280446767807007
49,target,43,-0.8433763980865479,1.1029083728790283,-0.42246246337890625
49,target,44,-0.8491570353507996,1.107386589050293,-0.4086545705795288
49,target,45,-0.8436614274978638,1.0926204919815063,-0.41274017095565796
49,target,46,-0.7666540145874023,1.0052520036697388,-0.4513794183731079
49,target,47,-0.8182396292686462,1.0672345161437988,-0.44950252771377563
49,target,48,-0.8091463446617126,1.0751471519470215,-0.45982950925827026
49,target,49,-0.7643535733222961,0.9915215373039246,-0.446242094039917
49,target,50,-0.8213712573051453,1.0770716667175293,-0.43655669689178467
49,target,51,-0.8544942736625671,1.0986523628234863,-0.4504017233848572
49,target,52,-0.8505170941352844,1.1033639907836914,-0.4438468813896179
49,target,53,-0.853569746017456,1.1078250408172607,-0.4562009572982788
49,target,54,-0.854054868221283,1.1084061861038208,-0.4480448365211487
49,target,55,-0.8719165325164795,1.1192810535430908,-0.4580850601196289
49,target,56,-0.856187105178833,1.1145997047424316,-0.4549025893211365
49,target,57,-0.84602952003479,1.0996110439300537,-0.4573591947555542
49,target,58,-0.8749874234199524,1.1304821968078613,-0.45677435398101807
49,target,59,-0.8553966283798218,1.1195869445800781,-0.4548962712287903
49,target,60,-0.851730227470398,1.1198679208755493,-0.4469454288482666
49,target,61,-0.8342897891998291,1.0900921821594238,-0.4488717317581177
49,target,62,-0.8312404155731201,1.0835410356521606,-0.43780022859573364
49,target,63,-0.8408635258674622,1.0884572267532349,-0.4503978490829468
50,source,0,-0.8919386267662048,1.1133323907852173,-0.43318110704421997
50,source,1,-0.885169506072998,1.0894378423690796,-0.43170714378356934
50,source,2,-0.8723900318145752,1.0807182788848877,-0.4278218746185303
50,source,3,-0.8600094318389893,1.0865811109542847,-0.4312056303024292
50,source,4,-0.8668423295021057,1.0692169666290283,-0.4441831111907959
50,source,5,-0.8771102428436279,1.0823274850845337,-0.43158870935440063
50,source,6,-0.8881239891052246,1.1030850410461426,-0.4338614344596863
50,source,7,-0.8866783380508423,1.089674949645996,-0.4341776371002197
50,source,8,-0.8747673630714417,1.0794240236282349,-0.43381267786026
50,source,9,-0.8870556354522705,1.0970159769058228,-0.4310479164123535
50,source,10,-0.8792232275009155,1.0750436782836914,-0.42861831188201904
50,source,11,-0.880195677280426,1.107506513595581,-0.4301688075065613
50,source,12,-0.8831765055656433,1.0974209308624268,-0.4259120225906372
50,source,13,-0.885877788066864,1.1201610565185547,-0.42063379287719727
50,source,14,-0.8817744851112366,1.090413212776184,-0.41776394844055176
50,source,15,-0.874163031578064,1.0637362003326416,-0.42281317710876465
50,source,16,-0.8767188191413879,1.0769858360290527,-0.4232262969017029
50,source,17,-0.8684589862823486,1.0645110607147217,-0.4215380549430847
50,source,18,-0.8803524971008301,1.078815221786499,-0.42625463008880615
50,source,19,-0.879528284072876,1.0785101652145386,-0.4302862286567688
50,source,20,-0.859874963760376,1.09238600730896,-0.4165824055671692
50,source,21,-0.8715286254882812,1.076668620109558,-0.42237013578414917
50,source,22,-0.8615220189094543,1.070326566696167,-0.41227877140045166
50,source,23,-0.8700635433197021,1.069880485534668,-0.4124768376350403
50,source,24,-0.867793619632721,1.0647995471954346,-0.42110615968704224
50,source,25,-0.8761730790138245,1.0622764825820923,-0.42772990465164185
50,source,26,-0.8646554946899414,1.0867191553115845,-0.42373019456863403
50,source,27,-0.8957531452178955,1.0834035873413086,-0.4252238869667053
50,source,28,-0.8917723894119263,1.0874137878417969,-0.42789173126220703
50,source,29,-0.882707417011261,1.0892645120620728,-0.4252700209617615
50,source,30,-0.8821348547935486,1.1036139726638794,-0.4265078902244568
50,source,31,-0.8841402530670166,1.1017531156539917,-0.42797166109085083
50,source,32,-0.8769535422325134,1.089782953262329,-0.43155747652053833
50,source,33,-0.87677001953125,1.0902798175811768,-0.43655359745025635
50,source,34,-0.8766264915466309,1.1007071733474731,-0.43313705921173096
50,source,35,-0.8834785223007202,1.0806219577789307,-0.4303715229034424
50,source,36,-0.8959442973136902,1.096901297569275,-0.4249612092971802
50,source,37,-0.8713993430137634,1.0807801485061646,-0.4226544499397278
50,source,38,-0.8727675080299377,1.0648202896118164,-0.41748130321502686
50,source,39,-0.8709304332733154,1.0659492015838623,-0.416403591632843
50,source,40,-0.8834112882614136,1.0835554599761963,-0.43345993757247925
50,source,41,-0.8842448592185974,1.0912017822265625,-0.42021721601486206
50,source,42,-0.8782710433006287,1.0805416107177734,-0.42894530296325684
50,source,43,-0.8807709217071533,1.0822612047195435,-0.4382264018058777
50,source,44,-0.8635368347167969,1.079849362373352,-0.4101404547691345
50,source,45,-0.8697314262390137,1.084085464477539,-0.4232600927352905
50,source,46,-0.882096529006958,1.0845414400100708,-0.42606449127197266
50,source,47,-0.8894702196121216,1.1076655387878418,-0.4225110411643982
50,source,48,-0.8598139882087708,1.0816454887390137,-0.42429548501968384
50,source,49,-0.8830626010894775,1.0766425132751465,-0.42468833923339844
50,source,50,-0.854989767074585,1.0710630416870117,-0.44816410541534424
50,source,51,-0.8636446595191956,1.075317621231079,-0.4504079818725586
50,source,52,-0.8537341356277466,1.0658140182495117,-0.45824122428894043
50,source,53,-0.8455973267555237,1.0581896305084229,-0.45695310831069946
50,source,54,-0.8571076989173889,1.0741310119628906,-0.45932257175445557
50,source,55,-0.8656246662139893,1.0886883735656738,-0.4475063681602478
50,source,56,-0.870834469795227,1.1004321575164795,-0.4479271173477173
50,source,57,-0.8661011457443237,1.0977578163146973,-0.4488210082054138
50,source,58,-0.856119692325592,1.083045482635498,-0.4509425759315491
50,source,59,-0.858281672000885,1.088272213935852,-0.45063817501068115
50,source,60,-0.8749735951423645,1.0901718139648438,-0.44556957483291626
50,source,61,-0.8522129654884338,1.0745888948440552,-0.44886916875839233
50,source,62,-0.8599635362625122,1.0738201141357422,-0.4506392478942871
50,source,63,-0.8491429090499878,1.0637191534042358,-0.4428294897079468
50,target,0,-0.8217964172363281,1.1027145385742188,-0.4418342709541321
50,target,1,-0.8659934997558594,1.1619528532028198,-0.43612051010131836
50,target,2,-0.8666831254959106,1.141528844833374,-0.4427194595336914
50,target,3,-0.8546813130378723,1.1128208637237549,-0.44515711069107056
50,target,4,-0.8688356280326843,1.1304514408111572,-0.44855910539627075
50,target,5,-0.8812421560287476,1.1498324871063232,-0.4618350863456726
50,target,6,-0.8880486488342285,1.1523756980895996,-0.4512983560562134
50,target,7,-0.8777758479118347,1.140903353691101,-0.4529942274093628
50,target,8,-0.8821520805358887,1.138365626335144,-0.4496728777885437
50,target,9,-0.8583572506904602,1.120511531829834,-0.462013304233551
50,target,10,-0.8788301944732666,1.1434097290039062,-0.45104485750198364
50,target,11,-0.8727513551712036,1.1538203954696655,-0.44411951303482056
50,target,12,-0.8817076086997986,1.1429402828216553,-0.44569432735443115
50,target,13,-0.8605691194534302,1.1036512851715088,-0.451063334941864
50,target,14,-0.8743371963500977,1.1253182888031006,-0.45778346061706543
50,target,15,-0.8712241649627686,1.1128352880477905,-0.4561648368835449
50,target,16,-0.8599667549133301,1.1111359596252441,-0.45739132165908813
50,target,17,-0.8843441605567932,1.1599948406219482,-0.44128209352493286
50,target,18,-0.8907418251037598,1.174790859222412,-0.44134294986724854
50,target,19,-0.875160813331604,1.1497206687927246,-0.44162070751190186
50,target,20,-0.8885989785194397,1.1711485385894775,-0.44451677799224854
50,target,21,-0.8797228932380676,1.135634422302246,-0.4425848126411438
50,target,22,-0.8751575946807861,1.166831135749817,-0.4399462342262268
50,target,23,-0.8844441771507263,1.1535089015960693,-0.4422351121902466
50,target,24,-0.8762666583061218,1.1453763246536255,-0.43994569778442383
50,target,25,-0.8663896322250366,1.1199756860733032,-0.439467191696167
50,target,26,-0.8743711113929749,1.1508013010025024,-0.4417825937271118
50,target,27,-0.8870269060134888,1.168722152709961,-0.4377492666244507
50,target,28,-0.8628991842269897,1.1069855690002441,-0.43684953451156616
50,target,29,-0.8748094439506531,1.1395491361618042,-0.4446682333946228
50,target,30,-0.8613114356994629,1.089308261871338,-0.44610828161239624
50,target,31,-0.8922891616821289,1.1391336917877197,-0.440470814704895
50,target,32,-0.8933995366096497,1.1386082172393799,-0.44507938623428345
50,target,33,-0.8699105978012085,1.137342929840088,-0.44774937629699707
50,target,34,-0.857844352722168,1.1163127422332764,-0.4452652931213379
50,target,35,-0.8485124707221985,1.1086559295654297,-0.44884324073791504
50,target,36,-0.8728168606758118,1.1260604858398438,-0.4512961506843567
50,target,37,-0.8462975025177002,1.106917142868042,-0.4461262822151184
50,target,38,-0.8771921992301941,1.1311359405517578,-0.4449458718299866
50,target,39,-0.8776216506958008,1.1380181312561035,-0.4423140287399292
50,target,40,-0.848642885684967,1.1390407085418701,-0.4374382495880127
50,target,41,-0.8519251346588135,1.1600887775421143,-0.429146409034729
50,target,42,-0.8668835759162903,1.1363462209701538,-0.43600428104400635
50,target,43,-0.8630234003067017,1.131752371788025,-0.4288831353187561
50,target,44,-0.8646824359893799,1.136451244354248,-0.41918784379959106
50,target,45,-0.8589813113212585,1.1241916418075562,-0.42094093561172485
50,target,46,-0.7847420573234558,1.0382637977600098,-0.44033282995224
50,target,47,-0.8416208028793335,1.1032716035842896,-0.44446998834609985
50,target,48,-0.8215105533599854,1.096834421157837,-0.45251762866973877
50,target,49,-0.7882586121559143,1.029781699180603,-0.43225765228271484
50,target,50,-0.8372210264205933,1.0955888032913208,-0.4302288293838501
50,target,51,-0.8797407150268555,1.1380717754364014,-0.44681262969970703
50,target,52,-0.8744667768478394,1.1344553232192993,-0.439566433429718
50,target,53,-0.8721507787704468,1.1362791061401367,-0.45077598094940186
50,target,54,-0.8728033900260925,1.1460700035095215,-0.44362616539001465
50,target,55,-0.8860536217689514,1.1496312618255615,-0.45187807083129883
50,target,56,-0.870695948600769,1.140270471572876,-0.45035916566848755
50,target,57,-0.8578948974609375,1.125457763671875,-0.4533182382583618
50,target,58,-0.8907554745674133,1.1622750759124756,-0.4523083567619324
50,target,59,-0.8694708347320557,1.1435418128967285,-0.45038604736328125
50,target,60,-0.8702509999275208,1.146220326423645,-0.4439491629600525
50,target,61,-0.8567278385162354,1.1165730953216553,-0.44563424587249756
50,target,62,-0.8511938452720642,1.1128382682800293,-0.4382154941558838
50,target,63,-0.8543418645858765,1.113801121711731,-0.44795531034469604
51,source,0,-0.8866407871246338,1.0925730466842651,-0.4326653480529785
51,source,1,-0.8760194778442383,1.0597326755523682,-0.42880159616470337
51,source,2,-0.8662434816360474,1.05767822265625,-0.42781275510787964
51,source,3,-0.8531389832496643,1.055497169494629,-0.434362530708313
51,source,4,-0.8626319169998169,1.045673131942749,-0.44800615310668945
51,source,5,-0.8705310821533203,1.0554935932159424,-0.43014949560165405
51,source,6,-0.8878587484359741,1.0882701873779297,-0.42999494075775146
51,source,7,-0.884949803352356,1.0697753429412842,-0.429659903049469
51,source,8,-0.8730199337005615,1.0582444667816162,-0.43285834789276123
51,source,9,-0.8854366540908813,1.0794737339019775,-0.42389440536499023
51,source,10,-0.8709833025932312,1.0491979122161865,-0.43133294582366943
51,source,11,-0.878359317779541,1.0863349437713623,-0.4279852509498596
51,source,12,-0.8795815706253052,1.0757026672363281,-0.42815178632736206
51,source,13,-0.8785871267318726,1.0922517776489258,-0.4196063280105591
51,source,14,-0.8712518215179443,1.0589759349822998,-0.4187324643135071
51,source,15,-0.8668475151062012,1.0293182134628296,-0.42397671937942505
51,source,16,-0.8722964525222778,1.049773931503296,-0.424530029296875
51,source,17,-0.8596063852310181,1.0338642597198486,-0.4249824285507202
51,source,18,-0.8748982548713684,1.0521931648254395,-0.4261912703514099
51,source,19,-0.8684155941009521,1.0412492752075195,-0.43130069971084595
51,source,20,-0.8540704250335693,1.062117576599121,-0.42277634143829346
51,source,21,-0.8602316975593567,1.0397791862487793,-0.42681312561035156
51,source,22,-0.8598827123641968,1.0395854711532593,-0.414470374584198
51,source,23,-0.8658908605575562,1.042987585067749,-0.41614919900894165
51,source,24,-0.8612557053565979,1.0300368070602417,-0.4241371154785156
51,source,25,-0.8673158884048462,1.0291438102722168,-0.4305318593978882
51,source,26,-0.8553725481033325,1.048734426498413,-0.4281853437423706
51,source,27,-0.8869714140892029,1.0592916011810303,-0.4258195161819458
51,source,28,-0.8877207040786743,1.0676043033599854,-0.4280233383178711
51,source,29,-0.8736165761947632,1.0615079402923584,-0.4295935034751892
51,source,30,-0.8789942264556885,1.082990288734436,-0.42483991384506226
51,source,31,-0.8773379325866699,1.0671565532684326,-0.42705851793289185
51,source,32,-0.8754332065582275,1.0637800693511963,-0.43095606565475464
51,source,33,-0.8740950226783752,1.0662050247192383,-0.43550050258636475
51,source,34,-0.8757691979408264,1.0796771049499512,-0.4293513894081116
51,source,35,-0.8782561421394348,1.0556719303131104,-0.4301617741584778
51,source,36,-0.8872256278991699,1.0692232847213745,-0.42646169662475586
51,source,37,-0.8600419759750366,1.047113299369812,-0.4267506003379822
51,source,38,-0.8653916716575623,1.034332275390625,-0.4210183024406433
51,source,39,-0.8627263307571411,1.028959035873413,-0.42049187421798706
51,source,40,-0.8782108426094055,1.0537492036819458,-0.4319698214530945
51,source,41,-0.8791337013244629,1.0655947923660278,-0.4200286269187927
51,source,42,-0.8775405883789062,1.0605170726776123,-0.423973023891449
51,source,43,-0.8768121004104614,1.0624679327011108,-0.43509024381637573
51,source,44,-0.849517285823822,1.0414190292358398,-0.41397619247436523
51,source,45,-0.8578675985336304,1.0443623065948486,-0.43152880668640137
51,source,46,-0.8706263303756714,1.048893690109253,-0.4286218285560608
51,source,47,-0.8904752135276794,1.0940980911254883,-0.42025887966156006
51,source,48,-0.8547155261039734,1.0489342212677002,-0.42823326587677
51,source,49,-0.876968264579773,1.0486981868743896,-0.4264860153198242
51,source,50,-0.8451721668243408,1.055262804031372,-0.44910818338394165
51,source,51,-0.8530555963516235,1.0556720495224,-0.45190000534057617
51,source,52,-0.8374382257461548,1.0379784107208252,-0.45953041315078735
51,source,53,-0.8318919539451599,1.0319468975067139,-0.4601324796676636
51,source,54,-0.8437830209732056,1.0482780933380127,-0.46433067321777344
51,source,55,-0.8508042097091675,1.0579757690429688,-0.45092153549194336
51,source,56,-0.8576606512069702,1.0653680562973022,-0.44889354705810547
51,source,57,-0.8560220003128052,1.0658624172210693,-0.4499146342277527
51,source,58,-0.8465927839279175,1.0575381517410278,-0.4527307152748108
51,source,59,-0.8496338129043579,1.0663988590240479,-0.45070451498031616
51,source,60,-0.8558706641197205,1.061246395111084,-0.44646304845809937
51,source,61,-0.8416581153869629,1.0510077476501465,-0.45287954807281494
51,source,62,-0.8438807129859924,1.0529025793075562,-0.4528135061264038
51,source,63,-0.8349990248680115,1.0479680299758911,-0.4422076940536499
51,target,0,-0.8141520619392395,1.0890653133392334,-0.4414905309677124
51,target,1,-0.8644975423812866,1.1613692045211792,-0.4375327229499817
51,target,2,-0.8573079109191895,1.1309009790420532,-0.4372703433036804
51,target,3,-0.8421441316604614,1.0924140214920044,-0.4439545273780823
51,target,4,-0.8550008535385132,1.1171822547912598,-0.4462239742279053
51,target,5,-0.8791714310646057,1.1346079111099243,-0.4569564461708069
51,target,6,-0.8829498291015625,1.1382886171340942,-0.44620341062545776
51,target,7,-0.8735288977622986,1.1278679370880127,-0.4557134509086609
51,target,8,-0.8774104714393616,1.125739574432373,-0.4504368305206299
51,target,9,-0.8432419300079346,1.0968018770217896,-0.4642016887664795
51,target,10,-0.8656699657440186,1.1190898418426514,-0.45379310846328735
51,target,11,-0.8557471036911011,1.1260156631469727,-0.4488554000854492
51,target,12,-0.869434654712677,1.1169922351837158,-0.44554293155670166
51,target,13,-0.8558704853057861,1.0933263301849365,-0.4514501094818115
51,target,14,-0.8637354969978333,1.1015372276306152,-0.4584859609603882
51,target,15,-0.855720043182373,1.081774353981018,-0.4596797823905945
51,target,16,-0.8438147306442261,1.081802487373352,-0.4589148759841919
51,target,17,-0.8736189007759094,1.1380032300949097,-0.43920063972473145
51,target,18,-0.8817605376243591,1.1635347604751587,-0.4406775236129761
51,target,19,-0.8712287545204163,1.140039324760437,-0.4444711208343506
51,target,20,-0.8886185884475708,1.169642448425293,-0.4439185857772827
51,target,21,-0.8769294023513794,1.132729411125183,-0.44071269035339355
51,target,22,-0.8630514144897461,1.1434221267700195,-0.4399915337562561
51,target,23,-0.8768038749694824,1.1391955614089966,-0.4413522481918335
51,target,24,-0.8785891532897949,1.1548640727996826,-0.4367551803588867
51,target,25,-0.8583226203918457,1.1037107706069946,-0.43698614835739136
51,target,26,-0.8599826097488403,1.1253650188446045,-0.4441348910331726
51,target,27,-0.8819396495819092,1.1536352634429932,-0.4355624318122864
51,target,28,-0.8391557335853577,1.0707013607025146,-0.42835456132888794
51,target,29,-0.8649092316627502,1.116039752960205,-0.4458884596824646
51,target,30,-0.841986894607544,1.0585969686508179,-0.45219218730926514
51,target,31,-0.8791416883468628,1.1266405582427979,-0.45129984617233276
51,target,32,-0.8825533390045166,1.1217396259307861,-0.4511333703994751
51,target,33,-0.8462835550308228,1.1022850275039673,-0.4418259859085083
51,target,34,-0.8398669362068176,1.0929310321807861,-0.44123148918151855
51,target,35,-0.8295520544052124,1.0897588729858398,-0.441070556640625
51,target,36,-0.8613132238388062,1.1166329383850098,-0.4445626139640808
51,target,37,-0.8269485235214233,1.0919883251190186,-0.43658292293548584
51,target,38,-0.8512721061706543,1.1036877632141113,-0.4389529824256897
51,target,39,-0.8640662431716919,1.1285033226013184,-0.4351065158843994
51,target,40,-0.842136561870575,1.121758222579956,-0.43669164180755615
51,target,41,-0.848068356513977,1.1439694166183472,-0.42938244342803955
51,target,42,-0.8599948883056641,1.1070795059204102,-0.4377930760383606
51,target,43,-0.8507368564605713,1.0988308191299438,-0.43585121631622314
51,target,44,-0.8598456382751465,1.108893871307373,-0.42579495906829834
51,target,45,-0.8519898056983948,1.091249942779541,-0.42590945959091187
51,target,46,-0.79436194896698,1.026904582977295,-0.4340536594390869
51,target,47,-0.8433365821838379,1.0985116958618164,-0.44215071201324463
51,target,48,-0.8210157752037048,1.0830963850021362,-0.4546385407447815
51,target,49,-0.7883884310722351,1.0118178129196167,-0.43874210119247437
51,target,50,-0.8415126204490662,1.0938401222229004,-0.42693430185317993
51,target,51,-0.8737435340881348,1.1289478540420532,-0.4461554288864136
51,target,52,-0.8680441379547119,1.124440312385559,-0.44023048877716064
51,target,53,-0.8729955554008484,1.1291272640228271,-0.4497525691986084
51,target,54,-0.869755208492279,1.131659984588623,-0.4415838122367859
51,target,55,-0.8858343958854675,1.142495036125183,-0.4535061717033386
51,target,56,-0.8757145404815674,1.1345374584197998,-0.4509715437889099
51,target,57,-0.8602741956710815,1.1154899597167969,-0.4506060481071472
51,target,58,-0.890780508518219,1.1516326665878296,-0.45274972915649414
51,target,59,-0.8686808347702026,1.1308534145355225,-0.4503933787345886
51,target,60,-0.8674441576004028,1.1396116018295288,-0.44152528047561646
51,target,61,-0.8548057675361633,1.1117998361587524,-0.44451814889907837
51,target,62,-0.8381145000457764,1.1009680032730103,-0.43443000316619873
51,target,63,-0.8518123626708984,1.1037507057189941,-0.4484822750091553
52,source,0,-0.883442223072052,1.0960209369659424,-0.4375028610229492
52,source,1,-0.875129222869873,1.0691335201263428,-0.43489325046539307
52,source,2,-0.8660117387771606,1.0725823640823364,-0.43326324224472046
52,source,3,-0.8574075698852539,1.0822169780731201,-0.4379357695579529
52,source,4,-0.8662405610084534,1.0636534690856934,-0.44760704040527344
52,source,5,-0.8723543286323547,1.0784934759140015,-0.43611717224121094
52,source,6,-0.8821027278900146,1.0901843309402466,-0.435327410697937
52,source,7,-0.8818492293357849,1.0833032131195068,-0.4379090666770935
52,source,8,-0.871947705745697,1.0774199962615967,-0.4382731318473816
52,source,9,-0.8821617960929871,1.0913214683532715,-0.4316578507423401
52,source,10,-0.874675452709198,1.075160264968872,-0.43296200037002563
52,source,11,-0.8744158744812012,1.0963488817214966,-0.4355764389038086
52,source,12,-0.8796381950378418,1.0913281440734863,-0.4308004379272461
52,source,13,-0.8771677613258362,1.1072008609771729,-0.42566484212875366
52,source,14,-0.8689640164375305,1.067430019378662,-0.4263836741447449
52,source,15,-0.8718734979629517,1.0517325401306152,-0.4270007610321045
52,source,16,-0.871845006942749,1.06809401512146,-0.429987370967865
52,source,17,-0.86250901222229,1.05535888671875,-0.4297487735748291
52,source,18,-0.8744974136352539,1.0658786296844482,-0.4331139922142029
52,source,19,-0.8695697784423828,1.0603110790252686,-0.4356541037559509
52,source,20,-0.8583823442459106,1.0891308784484863,-0.42839759588241577
52,source,21,-0.8687173128128052,1.0622622966766357,-0.4315999150276184
52,source,22,-0.8616016507148743,1.0596450567245483,-0.4199087619781494
52,source,23,-0.8666419386863708,1.0616326332092285,-0.4219253659248352
52,source,24,-0.8656790852546692,1.0506675243377686,-0.42583131790161133
52,source,25,-0.8752158880233765,1.0532026290893555,-0.4320065975189209
52,source,26,-0.8570993542671204,1.0705256462097168,-0.4300270080566406
52,source,27,-0.889230489730835,1.0684579610824585,-0.42712271213531494
52,source,28,-0.8866113424301147,1.0680127143859863,-0.42785418033599854
52,source,29,-0.8732102513313293,1.0770726203918457,-0.43233656883239746
52,source,30,-0.8794772028923035,1.0953706502914429,-0.4308720827102661
52,source,31,-0.8794282674789429,1.0937604904174805,-0.43271201848983765
52,source,32,-0.8763004541397095,1.0847923755645752,-0.43587297201156616
52,source,33,-0.875656247138977,1.0826624631881714,-0.43979591131210327
52,source,34,-0.8750197887420654,1.0891013145446777,-0.43560951948165894
52,source,35,-0.8794515132904053,1.0688396692276,-0.43473827838897705
52,source,36,-0.8850793838500977,1.0803313255310059,-0.43117624521255493
52,source,37,-0.8673415780067444,1.0689340829849243,-0.4290371537208557
52,source,38,-0.8679758906364441,1.0519819259643555,-0.4224123954772949
52,source,39,-0.8673350811004639,1.0545692443847656,-0.42341285943984985
52,source,40,-0.8818840980529785,1.0697765350341797,-0.4311688542366028
52,source,41,-0.878369927406311,1.0797066688537598,-0.422219455242157
52,source,42,-0.875154972076416,1.0727437734603882,-0.42737406492233276
52,source,43,-0.8771253824234009,1.075808048248291,-0.4369075298309326
52,source,44,-0.8611435890197754,1.0749924182891846,-0.41948074102401733
52,source,45,-0.8636185526847839,1.0739715099334717,-0.43558967113494873
52,source,46,-0.8739544749259949,1.0674158334732056,-0.4319901466369629
52,source,47,-0.8842102289199829,1.0965945720672607,-0.42534351348876953
52,source,48,-0.8583118319511414,1.0794568061828613,-0.43223971128463745
52,source,49,-0.8776890635490417,1.06205415725708,-0.4307953119277954
52,source,50,-0.8543353080749512,1.0647895336151123,-0.44912534952163696
52,source,51,-0.8644155859947205,1.0694427490234375,-0.4515509009361267
52,source,52,-0.8547643423080444,1.0598835945129395,-0.45654183626174927
52,source,53,-0.8462796807289124,1.0482041835784912,-0.45786041021347046
52,source,54,-0.8601791262626648,1.0703344345092773,-0.4591929316520691
52,source,55,-0.8670558929443359,1.0803508758544922,-0.4479891061782837
52,source,56,-0.8714703917503357,1.0863330364227295,-0.4479967951774597
52,source,57,-0.8664795160293579,1.0840489864349365,-0.45041322708129883
52,source,58,-0.8597325682640076,1.0743639469146729,-0.4514155983924866
52,source,59,-0.8660387992858887,1.083984375,-0.44942766427993774
52,source,60,-0.8726019263267517,1.0855178833007812,-0.44803494215011597
52,source,61,-0.8610267639160156,1.0758916139602661,-0.45099854469299316
52,source,62,-0.8637353181838989,1.072962760925293,-0.45147883892059326
52,source,63,-0.8556031584739685,1.0644317865371704,-0.4412716031074524
52,target,0,-0.8202188014984131,1.0917339324951172,-0.4476635456085205
52,target,1,-0.8642638921737671,1.1532676219940186,-0.43566668033599854
52,target,2,-0.8604643940925598,1.1258996725082397,-0.4433920383453369
52,target,3,-0.8553808927536011,1.104240894317627,-0.44677942991256714
52,target,4,-0.8610612750053406,1.1061291694641113,-0.45049768686294556
52,target,5,-0.8832316398620605,1.1392951011657715,-0.45765674114227295
52,target,6,-0.8877788782119751,1.1352355480194092,-0.44654232263565063
52,target,7,-0.8774949312210083,1.1287577152252197,-0.4556772708892822
52,target,8,-0.8818076848983765,1.1343097686767578,-0.44860702753067017
52,target,9,-0.8531036376953125,1.10017728805542,-0.4631879925727844
52,target,10,-0.8695306777954102,1.1254074573516846,-0.45184391736984253
52,target,11,-0.8599229454994202,1.125864028930664,-0.4470694661140442
52,target,12,-0.8724385499954224,1.1266000270843506,-0.4458743929862976
52,target,13,-0.8492896556854248,1.0784807205200195,-0.45400458574295044
52,target,14,-0.8675166368484497,1.1051099300384521,-0.4614080786705017
52,target,15,-0.8572163581848145,1.086186408996582,-0.462172269821167
52,target,16,-0.8531200289726257,1.0965856313705444,-0.4618600010871887
52,target,17,-0.8823373913764954,1.144392728805542,-0.44178956747055054
52,target,18,-0.8879847526550293,1.1669594049453735,-0.4392549395561218
52,target,19,-0.8753411769866943,1.1444621086120605,-0.43961089849472046
52,target,20,-0.8903607130050659,1.1653544902801514,-0.4429861307144165
52,target,21,-0.8763486742973328,1.1286063194274902,-0.43723833560943604
52,target,22,-0.874468207359314,1.152815580368042,-0.43688899278640747
52,target,23,-0.8792605400085449,1.1377596855163574,-0.440502405166626
52,target,24,-0.8775202631950378,1.1407549381256104,-0.4351152181625366
52,target,25,-0.8578571677207947,1.0980485677719116,-0.4384058713912964
52,target,26,-0.8657167553901672,1.1237201690673828,-0.4435838460922241
52,target,27,-0.8776942491531372,1.1525049209594727,-0.4373456835746765
52,target,28,-0.8515805006027222,1.0891554355621338,-0.4335281252861023
52,target,29,-0.8650065064430237,1.1136488914489746,-0.44637244939804077
52,target,30,-0.8529157042503357,1.0744640827178955,-0.44984763860702515
52,target,31,-0.8900020122528076,1.1377522945404053,-0.44213366508483887
52,target,32,-0.8935820460319519,1.1390047073364258,-0.4486105442047119
52,target,33,-0.8594426512718201,1.1190136671066284,-0.4464704394340515
52,target,34,-0.8573233485221863,1.1079838275909424,-0.44591325521469116
52,target,35,-0.8366307020187378,1.1131839752197266,-0.4374183416366577
52,target,36,-0.8728922009468079,1.124990463256836,-0.4468557834625244
52,target,37,-0.8473369479179382,1.1041293144226074,-0.4381476044654846
52,target,38,-0.8662562370300293,1.117854118347168,-0.44106900691986084
52,target,39,-0.878054141998291,1.1436123847961426,-0.4384114146232605
52,target,40,-0.8463273644447327,1.1317806243896484,-0.434359610080719
52,target,41,-0.8488864898681641,1.1488913297653198,-0.42883145809173584
52,target,42,-0.8657124638557434,1.1191571950912476,-0.4362252354621887
52,target,43,-0.8597907423973083,1.1183936595916748,-0.4355469346046448
52,target,44,-0.8609916567802429,1.1264369487762451,-0.42597174644470215
52,target,45,-0.8599281311035156,1.1180360317230225,-0.4271555542945862
52,target,46,-0.7921706438064575,1.0321710109710693,-0.4453868269920349
52,target,47,-0.8460296988487244,1.0973706245422363,-0.44962894916534424
52,target,48,-0.8144463300704956,1.074753761291504,-0.4579774737358093
52,target,49,-0.7824342846870422,1.018289566040039,-0.45007944107055664
52,target,50,-0.8320385217666626,1.0881094932556152,-0.43486499786376953
52,target,51,-0.8736226558685303,1.1266844272613525,-0.44746434688568115
52,target,52,-0.8610223531723022,1.1151961088180542,-0.4452434182167053
52,target,53,-0.8658353090286255,1.1234228610992432,-0.4520130157470703
52,target,54,-0.8637202978134155,1.1300207376480103,-0.4472976326942444
52,target,55,-0.875885009765625,1.1276612281799316,-0.4550555348396301
52,target,56,-0.8724526762962341,1.1301349401474,-0.45237237215042114
52,target,57,-0.8568668365478516,1.1138861179351807,-0.4543551802635193
52,target,58,-0.883496880531311,1.144056797027588,-0.45567530393600464
52,target,59,-0.862943172454834,1.1229722499847412,-0.45251286029815674
52,target,60,-0.8665820360183716,1.1316208839416504,-0.4472435712814331
52,target,61,-0.8532522916793823,1.101663589477539,-0.44866102933883667
52,target,62,-0.8489959239959717,1.1041101217269897,-0.44214683771133423
52,target,63,-0.8534730672836304,1.1038111448287964,-0.4519757628440857
53,source,0,-0.8708727955818176,1.0862528085708618,-0.4308967590332031
53,source,1,-0.8645689487457275,1.0617356300354004,-0.4286314845085144
53,source,2,-0.8499714732170105,1.0580034255981445,-0.42322057485580444
53,source,3,-0.8373668193817139,1.0620208978652954,-0.42863911390304565
53,source,4,-0.8507687449455261,1.0476510524749756,-0.4408460855484009
53,source,5,-0.857788622379303,1.067091703414917,-0.4287646412849426
53,source,6,-0.8660668730735779,1.0805811882019043,-0.4287779927253723
53,source,7,-0.8670588731765747,1.0709636211395264,-0.4293896555900574
53,source,8,-0.8562114238739014,1.0602282285690308,-0.42881423234939575
53,source,9,-0.8670699596405029,1.0804622173309326,-0.4250715970993042
53,source,10,-0.8536860346794128,1.0460965633392334,-0.42661356925964355
53,source,11,-0.8499571084976196,1.073596715927124,-0.4266899824142456
53,source,12,-0.8575583100318909,1.064272165298462,-0.4239862561225891
53,source,13,-0.8639525175094604,1.0869393348693848,-0.41548413038253784
53,source,14,-0.8626062870025635,1.066232442855835,-0.41767024993896484
53,source,15,-0.8624144792556763,1.0462288856506348,-0.42384928464889526
53,source,16,-0.8587216138839722,1.055431842803955,-0.42461061477661133
53,source,17,-0.8529472351074219,1.0417965650558472,-0.4192565679550171
53,source,18,-0.8643591403961182,1.0544503927230835,-0.42315673828125
53,source,19,-0.8604671955108643,1.0544805526733398,-0.4287151098251343
53,source,20,-0.8390154838562012,1.067854881286621,-0.4169241786003113
53,source,21,-0.8566265106201172,1.0525541305541992,-0.4181763529777527
53,source,22,-0.8508714437484741,1.0540647506713867,-0.412869393825531
53,source,23,-0.8558000922203064,1.0495386123657227,-0.415671169757843
53,source,24,-0.8541172742843628,1.0461225509643555,-0.4186490774154663
53,source,25,-0.8580105304718018,1.0385373830795288,-0.42431211471557617
53,source,26,-0.8485468626022339,1.0611498355865479,-0.42412763833999634
53,source,27,-0.8785585761070251,1.0586233139038086,-0.4255455732345581
53,source,28,-0.8742729425430298,1.0515811443328857,-0.4175887703895569
53,source,29,-0.8582302331924438,1.0606282949447632,-0.4245654344558716
53,source,30,-0.8554890751838684,1.0736188888549805,-0.4224211573600769
53,source,31,-0.858797550201416,1.0761337280273438,-0.42517364025115967
53,source,32,-0.8551926612854004,1.0602818727493286,-0.42849117517471313
53,source,33,-0.8604193925857544,1.0713491439819336,-0.4338555335998535
53,source,34,-0.8564214706420898,1.0767459869384766,-0.4294613003730774
53,source,35,-0.8607692718505859,1.0470201969146729,-0.4271160364151001
53,source,36,-0.8759061098098755,1.069183111190796,-0.4247938394546509
53,source,37,-0.8567706942558289,1.0664069652557373,-0.4240838289260864
53,source,38,-0.8577247858047485,1.0448017120361328,-0.4174557328224182
53,source,39,-0.8586705923080444,1.045024037361145,-0.41283589601516724
53,source,40,-0.8644349575042725,1.0598154067993164,-0.4278138279914856
53,source,41,-0.867389976978302,1.0817008018493652,-0.4168490171432495
53,source,42,-0.8633351922035217,1.0715773105621338,-0.42035311460494995
53,source,43,-0.8628196120262146,1.0714375972747803,-0.43284451961517334
53,source,44,-0.8401875495910645,1.052452564239502,-0.4092603921890259
53,source,45,-0.8459643125534058,1.0529776811599731,-0.42235153913497925
53,source,46,-0.8644182682037354,1.0612249374389648,-0.42560499906539917
53,source,47,-0.8673160076141357,1.0835206508636475,-0.41866785287857056
53,source,48,-0.840045690536499,1.062005639076233,-0.42262566089630127
53,source,49,-0.8665938377380371,1.0515480041503906,-0.4222455620765686
53,source,50,-0.8412856459617615,1.056382417678833,-0.44612234830856323
53,source,51,-0.8527605533599854,1.0656366348266602,-0.4490460753440857
53,source,52,-0.8416426181793213,1.0539782047271729,-0.453688383102417
53,source,53,-0.836795449256897,1.0477285385131836,-0.45413339138031006
53,source,54,-0.8463708758354187,1.06453537940979,-0.4553709626197815
53,source,55,-0.8509846329689026,1.0742348432540894,-0.44646477699279785
53,source,56,-0.8536989688873291,1.0779364109039307,-0.4447553753852844
53,source,57,-0.8519274592399597,1.0804027318954468,-0.4465100169181824
53,source,58,-0.8439335823059082,1.0639190673828125,-0.4494062066078186
53,source,59,-0.8493130803108215,1.0788227319717407,-0.4482216238975525
53,source,60,-0.853230357170105,1.0748043060302734,-0.44191378355026245
53,source,61,-0.8469852805137634,1.0697517395019531,-0.44788771867752075
53,source,62,-0.8480275869369507,1.0675787925720215,-0.4469648003578186
53,source,63,-0.841273844242096,1.063222885131836,-0.44149506092071533
53,target,0,-0.8173189163208008,1.0967669486999512,-0.44284695386886597
53,target,1,-0.8650586605072021,1.1707279682159424,-0.4364808201789856
53,target,2,-0.8554966449737549,1.1366727352142334,-0.44059205055236816
53,target,3,-0.8487168550491333,1.1085244417190552,-0.4438861608505249
53,target,4,-0.8510972261428833,1.1105408668518066,-0.446216881275177
53,target,5,-0.8718283772468567,1.129485845565796,-0.4668269157409668
53,target,6,-0.8712854385375977,1.1330126523971558,-0.4495464563369751
53,target,7,-0.867745041847229,1.122385025024414,-0.4521322250366211
53,target,8,-0.8672466278076172,1.1200048923492432,-0.4471006989479065
53,target,9,-0.8439157009124756,1.104763150215149,-0.4588930010795593
53,target,10,-0.8643858432769775,1.1233808994293213,-0.45210254192352295
53,target,11,-0.8576723337173462,1.1276333332061768,-0.4461272954940796
53,target,12,-0.8605917692184448,1.1199257373809814,-0.4445909261703491
53,target,13,-0.8522889018058777,1.0887370109558105,-0.45071524381637573
53,target,14,-0.8625292778015137,1.1074273586273193,-0.4569985270500183
53,target,15,-0.8536404371261597,1.0911693572998047,-0.45408719778060913
53,target,16,-0.8446825742721558,1.0953412055969238,-0.4559168219566345
53,target,17,-0.8632009029388428,1.134315013885498,-0.4399487376213074
53,target,18,-0.877090334892273,1.1610660552978516,-0.4428330659866333
53,target,19,-0.8672525882720947,1.1472814083099365,-0.43993979692459106
53,target,20,-0.8776779174804688,1.1580862998962402,-0.44487303495407104
53,target,21,-0.8659085035324097,1.1161913871765137,-0.43793290853500366
53,target,22,-0.8650227785110474,1.1450706720352173,-0.4426533579826355
53,target,23,-0.8673986196517944,1.1342992782592773,-0.43954920768737793
53,target,24,-0.8697194457054138,1.1361199617385864,-0.4358600974082947
53,target,25,-0.8530402183532715,1.1060740947723389,-0.4352998733520508
53,target,26,-0.8597490191459656,1.1267690658569336,-0.4447323679924011
53,target,27,-0.871749758720398,1.149350881576538,-0.43787193298339844
53,target,28,-0.8467335104942322,1.0956358909606934,-0.4283304214477539
53,target,29,-0.8589112162590027,1.1138920783996582,-0.4490165710449219
53,target,30,-0.8401197791099548,1.0831600427627563,-0.44919270277023315
53,target,31,-0.8788598775863647,1.1445560455322266,-0.44651317596435547
53,target,32,-0.8813987374305725,1.1375997066497803,-0.45143288373947144
53,target,33,-0.8497138023376465,1.1220365762710571,-0.43732863664627075
53,target,34,-0.8450312614440918,1.1084504127502441,-0.4390345811843872
53,target,35,-0.8376970291137695,1.0994864702224731,-0.43818068504333496
53,target,36,-0.8639442920684814,1.1274738311767578,-0.44280868768692017
53,target,37,-0.8348190784454346,1.1019351482391357,-0.4345051050186157
53,target,38,-0.8561180830001831,1.1172311305999756,-0.4347187876701355
53,target,39,-0.8615571856498718,1.1356968879699707,-0.4323996901512146
53,target,40,-0.8404595851898193,1.1342499256134033,-0.4347487688064575
53,target,41,-0.8394632339477539,1.1408690214157104,-0.42758703231811523
53,target,42,-0.8484017252922058,1.1101733446121216,-0.4287445545196533
53,target,43,-0.8443370461463928,1.106048345565796,-0.4274877905845642
53,target,44,-0.8409079909324646,1.1044270992279053,-0.4165480136871338
53,target,45,-0.8362500667572021,1.0944817066192627,-0.4191727638244629
53,target,46,-0.774310827255249,1.0197745561599731,-0.4404965043067932
53,target,47,-0.8267381191253662,1.0852199792861938,-0.445625901222229
53,target,48,-0.8106886148452759,1.0831694602966309,-0.45623427629470825
53,target,49,-0.7694031596183777,1.004822015762329,-0.4423030614852905
53,target,50,-0.8284707069396973,1.0978257656097412,-0.42984795570373535
53,target,51,-0.8644044995307922,1.1276847124099731,-0.4467986226081848
53,target,52,-0.8525596857070923,1.1157574653625488,-0.4441709518432617
53,target,53,-0.8669479489326477,1.1311777830123901,-0.4490220546722412
53,target,54,-0.8608339428901672,1.1295632123947144,-0.4435502886772156
53,target,55,-0.8768608570098877,1.135908603668213,-0.4548249840736389
53,target,56,-0.8696637749671936,1.1342005729675293,-0.4495842456817627
53,target,57,-0.855397641658783,1.1170903444290161,-0.45096778869628906
53,target,58,-0.8827431201934814,1.147636890411377,-0.45378923416137695
53,target,59,-0.8604526519775391,1.1277642250061035,-0.4496700167655945
53,target,60,-0.859769344329834,1.1347355842590332,-0.443753182888031
53,target,61,-0.8445378541946411,1.1070590019226074,-0.4452100396156311
53,target,62,-0.8343480229377747,1.1016948223114014,-0.4362298846244812
53,target,63,-0.847090482711792,1.1103318929672241,-0.44621044397354126
54,source,0,-0.8703843355178833,1.0783482789993286,-0.433698832988739
54,source,1,-0.8660438060760498,1.059281587600708,-0.4339185953140259
54,source,2,-0.8530290722846985,1.0505906343460083,-0.43363064527511597
54,source,3,-0.8449898958206177,1.0595288276672363,-0.43148893117904663
54,source,4,-0.8517391681671143,1.0498443841934204,-0.44566667079925537
54,source,5,-0.8576359748840332,1.0597388744354248,-0.43590492010116577
54,source,6,-0.8635878562927246,1.0674633979797363,-0.43727898597717285
54,source,7,-0.8665006756782532,1.0627107620239258,-0.4376993179321289
54,source,8,-0.8558288216590881,1.0548111200332642,-0.43633681535720825
54,source,9,-0.8632423281669617,1.0630602836608887,-0.43391144275665283
54,source,10,-0.8571906685829163,1.0519664287567139,-0.43427717685699463
54,source,11,-0.8602895736694336,1.074193000793457,-0.4337669610977173
54,source,12,-0.8616211414337158,1.0642035007476807,-0.431898832321167
54,source,13,-0.865516185760498,1.082747220993042,-0.4199085831642151
54,source,14,-0.8597989082336426,1.0568842887878418,-0.42457664012908936
54,source,15,-0.8613076210021973,1.0398263931274414,-0.42472130060195923
54,source,16,-0.8609318137168884,1.0520602464675903,-0.4308152198791504
54,source,17,-0.8521535396575928,1.0392835140228271,-0.4273378849029541
54,source,18,-0.8654425144195557,1.0536367893218994,-0.43280917406082153
54,source,19,-0.8577686548233032,1.0449362993240356,-0.434196412563324
54,source,20,-0.8432419896125793,1.0574369430541992,-0.4235496520996094
54,source,21,-0.8531101942062378,1.0426790714263916,-0.4237573742866516
54,source,22,-0.8505525588989258,1.0428016185760498,-0.4163445830345154
54,source,23,-0.8579024076461792,1.045785665512085,-0.4184010624885559
54,source,24,-0.8550002574920654,1.0413053035736084,-0.42234140634536743
54,source,25,-0.8612138032913208,1.036991834640503,-0.42889970541000366
54,source,26,-0.8486266136169434,1.0542933940887451,-0.4268115758895874
54,source,27,-0.8738988637924194,1.0572712421417236,-0.43109261989593506
54,source,28,-0.8759250640869141,1.059445858001709,-0.4278683662414551
54,source,29,-0.8578845262527466,1.0525208711624146,-0.4317516088485718
54,source,30,-0.8660147786140442,1.0720552206039429,-0.42756831645965576
54,source,31,-0.8611776828765869,1.0614447593688965,-0.4306207299232483
54,source,32,-0.856127917766571,1.0543572902679443,-0.4377443790435791
54,source,33,-0.8605434894561768,1.0590312480926514,-0.440926730632782
54,source,34,-0.8611146807670593,1.0719164609909058,-0.4330090284347534
54,source,35,-0.8650741577148438,1.0515378713607788,-0.43231308460235596
54,source,36,-0.8777304291725159,1.0723373889923096,-0.42880553007125854
54,source,37,-0.8552879095077515,1.0567116737365723,-0.42264753580093384
54,source,38,-0.8549315333366394,1.036865234375,-0.41999584436416626
54,source,39,-0.8561054468154907,1.0380219221115112,-0.4202997088432312
54,source,40,-0.8616554737091064,1.0548038482666016,-0.4285661578178406
54,source,41,-0.863349974155426,1.0637342929840088,-0.42061930894851685
54,source,42,-0.863451361656189,1.0616967678070068,-0.42566096782684326
54,source,43,-0.8595576286315918,1.0584009885787964,-0.43477386236190796
54,source,44,-0.8457623720169067,1.0460271835327148,-0.4145195484161377
54,source,45,-0.8473575711250305,1.0517549514770508,-0.43113601207733154
54,source,46,-0.8642949461936951,1.0548654794692993,-0.4331955909729004
54,source,47,-0.8690317869186401,1.0736324787139893,-0.4235767126083374
54,source,48,-0.8454714417457581,1.0593516826629639,-0.4262077212333679
54,source,49,-0.8647240400314331,1.0505053997039795,-0.4288620948791504
54,source,50,-0.8461925983428955,1.059737205505371,-0.4380396008491516
54,source,51,-0.8534185290336609,1.0591742992401123,-0.44428759813308716
54,source,52,-0.8443222045898438,1.049741506576538,-0.4510902762413025
54,source,53,-0.8395559787750244,1.046915054321289,-0.45287221670150757
54,source,54,-0.8537040948867798,1.0632838010787964,-0.4518800973892212
54,source,55,-0.8539565801620483,1.0637454986572266,-0.4420962333679199
54,source,56,-0.8567256331443787,1.0691382884979248,-0.4392046332359314
54,source,57,-0.8542981743812561,1.0698236227035522,-0.4406241178512573
54,source,58,-0.8469935655593872,1.061005711555481,-0.4408133029937744
54,source,59,-0.8503433465957642,1.068534016609192,-0.4417484402656555
54,source,60,-0.8599599599838257,1.068518877029419,-0.4436057209968567
54,source,61,-0.8440044522285461,1.0550727844238281,-0.4479675889015198
54,source,62,-0.8519948124885559,1.0609148740768433,-0.4425937533378601
54,source,63,-0.8425546884536743,1.0520167350769043,-0.43751823902130127
54,target,0,-0.8203044533729553,1.0924787521362305,-0.43618589639663696
54,target,1,-0.860024631023407,1.1468753814697266,-0.4276977777481079
54,target,2,-0.8513349890708923,1.1153604984283447,-0.43751227855682373
54,target,3,-0.8446191549301147,1.0952965021133423,-0.43558603525161743
54,target,4,-0.8559160828590393,1.1049751043319702,-0.44368594884872437
54,target,5,-0.8877923488616943,1.1369316577911377,-0.4556584358215332
54,target,6,-0.8790712356567383,1.1307413578033447,-0.4410260319709778
54,target,7,-0.8716936707496643,1.1186118125915527,-0.4472174048423767
54,target,8,-0.8692736625671387,1.1138758659362793,-0.4436544179916382
54,target,9,-0.8500169515609741,1.0944478511810303,-0.45305967330932617
54,target,10,-0.8763291835784912,1.1253960132598877,-0.4424628019332886
54,target,11,-0.871023416519165,1.1347365379333496,-0.4370754361152649
54,target,12,-0.8703638315200806,1.119471788406372,-0.43490320444107056
54,target,13,-0.8595971465110779,1.0937999486923218,-0.4453507661819458
54,target,14,-0.86866295337677,1.1098054647445679,-0.44864821434020996
54,target,15,-0.8588114976882935,1.094293236732483,-0.4479181170463562
54,target,16,-0.8513733744621277,1.094308853149414,-0.4498598575592041
54,target,17,-0.8750473260879517,1.1319568157196045,-0.433327853679657
54,target,18,-0.8806014060974121,1.1500966548919678,-0.43192780017852783
54,target,19,-0.8657400012016296,1.1305570602416992,-0.4325219392776489
54,target,20,-0.8762159943580627,1.1434543132781982,-0.43701303005218506
54,target,21,-0.8703829050064087,1.1181776523590088,-0.4271512031555176
54,target,22,-0.8678041100502014,1.1392762660980225,-0.4319584369659424
54,target,23,-0.8744996190071106,1.1335327625274658,-0.43320971727371216
54,target,24,-0.8681451678276062,1.1203672885894775,-0.4275440573692322
54,target,25,-0.8523165583610535,1.098623514175415,-0.430370032787323
54,target,26,-0.8593436479568481,1.1146572828292847,-0.43492019176483154
54,target,27,-0.873869001865387,1.1482017040252686,-0.4311126470565796
54,target,28,-0.8429096937179565,1.085082769393921,-0.4289325475692749
54,target,29,-0.8674938678741455,1.1139699220657349,-0.4374516010284424
54,target,30,-0.849154531955719,1.0816233158111572,-0.4456294775009155
54,target,31,-0.8853361010551453,1.1291959285736084,-0.44202274084091187
54,target,32,-0.882310152053833,1.1218454837799072,-0.443705677986145
54,target,33,-0.8528239727020264,1.1079294681549072,-0.44046056270599365
54,target,34,-0.8404258489608765,1.089867115020752,-0.43708789348602295
54,target,35,-0.8381183743476868,1.0908231735229492,-0.442704439163208
54,target,36,-0.8679935932159424,1.1155879497528076,-0.4380013942718506
54,target,37,-0.8358128070831299,1.0899553298950195,-0.43905961513519287
54,target,38,-0.858353853225708,1.1077725887298584,-0.4355355501174927
54,target,39,-0.8650107979774475,1.1213886737823486,-0.4334982633590698
54,target,40,-0.8438090085983276,1.1177849769592285,-0.43041515350341797
54,target,41,-0.8491478562355042,1.138654112815857,-0.41969627141952515
54,target,42,-0.8498274087905884,1.0999982357025146,-0.4323500990867615
54,target,43,-0.8426512479782104,1.0883557796478271,-0.430056095123291
54,target,44,-0.84894859790802,1.099830985069275,-0.4205988049507141
54,target,45,-0.8439081907272339,1.0847046375274658,-0.4217662215232849
54,target,46,-0.7881700992584229,1.0286470651626587,-0.43429142236709595
54,target,47,-0.8333870768547058,1.0836656093597412,-0.43668752908706665
54,target,48,-0.8182696104049683,1.080120325088501,-0.44700467586517334
54,target,49,-0.7821469902992249,1.0158270597457886,-0.4348762631416321
54,target,50,-0.8329935669898987,1.0834128856658936,-0.4275307059288025
54,target,51,-0.8635492324829102,1.1158761978149414,-0.44086402654647827
54,target,52,-0.8542995452880859,1.1071350574493408,-0.4332394003868103
54,target,53,-0.8640949130058289,1.1213743686676025,-0.4434567093849182
54,target,54,-0.8624345064163208,1.1229678392410278,-0.4390699863433838
54,target,55,-0.8753251433372498,1.1247923374176025,-0.4486590623855591
54,target,56,-0.8667920827865601,1.1182936429977417,-0.4446377754211426
54,target,57,-0.8561906218528748,1.10721755027771,-0.44503259658813477
54,target,58,-0.8791713714599609,1.1367470026016235,-0.44573044776916504
54,target,59,-0.8556298613548279,1.1126916408538818,-0.4431043863296509
54,target,60,-0.8637117743492126,1.1221723556518555,-0.4347875118255615
54,target,61,-0.8482674360275269,1.0989079475402832,-0.43902862071990967
54,target,62,-0.8383063673973083,1.0876810550689697,-0.4309021234512329
54,target,63,-0.842563807964325,1.090942144393921,-0.442621111869812
55,source,0,-0.8681062459945679,1.0894335508346558,-0.43625205755233765
55,source,1,-0.86541748046875,1.0706188678741455,-0.4359866976737976
55,source,2,-0.8536006212234497,1.0670990943908691,-0.4321022629737854
55,source,3,-0.8469890356063843,1.0763580799102783,-0.43465548753738403
55,source,4,-0.8570190668106079,1.0696085691452026,-0.44524550437927246
55,source,5,-0.8597195148468018,1.0777124166488647,-0.43981069326400757
55,source,6,-0.8667575716972351,1.0930027961730957,-0.44067972898483276
55,source,7,-0.8671673536300659,1.083982229232788,-0.4389444589614868
55,source,8,-0.8615312576293945,1.0768924951553345,-0.43865352869033813
55,source,9,-0.8670194149017334,1.0851123332977295,-0.43292170763015747
55,source,10,-0.8603194952011108,1.0712461471557617,-0.43293309211730957
55,source,11,-0.8568096160888672,1.0819957256317139,-0.435716450214386
55,source,12,-0.8593692183494568,1.0787317752838135,-0.43600255250930786
55,source,13,-0.8667984008789062,1.0973179340362549,-0.42518484592437744
55,source,14,-0.864228367805481,1.0759602785110474,-0.42796826362609863
55,source,15,-0.8661496043205261,1.059849500656128,-0.42902082204818726
55,source,16,-0.8641388416290283,1.0668773651123047,-0.434165894985199
55,source,17,-0.8564266562461853,1.054807424545288,-0.43257588148117065
55,source,18,-0.8651368618011475,1.0653619766235352,-0.43469804525375366
55,source,19,-0.8633454442024231,1.0684552192687988,-0.4361621141433716
55,source,20,-0.8473340272903442,1.074781894683838,-0.4246944785118103
55,source,21,-0.8568929433822632,1.0517563819885254,-0.423359751701355
55,source,22,-0.8549668788909912,1.062554121017456,-0.42080193758010864
55,source,23,-0.8593701124191284,1.0545985698699951,-0.42313963174819946
55,source,24,-0.8574649691581726,1.0525379180908203,-0.4282872676849365
55,source,25,-0.8659106492996216,1.057666540145874,-0.4340236783027649
55,source,26,-0.8523231744766235,1.071020245552063,-0.4310828447341919
55,source,27,-0.8774054646492004,1.0693445205688477,-0.4337056875228882
55,source,28,-0.8743364214897156,1.0669419765472412,-0.43022316694259644
55,source,29,-0.862118124961853,1.0729212760925293,-0.43049222230911255
55,source,30,-0.8667160272598267,1.0890731811523438,-0.432506799697876
55,source,31,-0.8648050427436829,1.0842280387878418,-0.43130481243133545
55,source,32,-0.8608419895172119,1.0750901699066162,-0.4374343752861023
55,source,33,-0.8634461164474487,1.0809764862060547,-0.4426453709602356
55,source,34,-0.8622636795043945,1.0844306945800781,-0.43431395292282104
55,source,35,-0.8669276237487793,1.0625170469284058,-0.4351552128791809
55,source,36,-0.8768344521522522,1.0842835903167725,-0.42902272939682007
55,source,37,-0.86055988073349,1.0728108882904053,-0.4278023838996887
55,source,38,-0.8615838885307312,1.0611634254455566,-0.42547720670700073
55,source,39,-0.8614187240600586,1.056903600692749,-0.42669373750686646
55,source,40,-0.8654830455780029,1.0775840282440186,-0.4339391589164734
55,source,41,-0.8655382394790649,1.082270622253418,-0.42606836557388306
55,source,42,-0.8605074286460876,1.0743850469589233,-0.4300500154495239
55,source,43,-0.8605462312698364,1.0762723684310913,-0.43842411041259766
55,source,44,-0.8466836810112,1.063155174255371,-0.4103630781173706
55,source,45,-0.8502726554870605,1.0716493129730225,-0.43003982305526733
55,source,46,-0.8626523017883301,1.0705974102020264,-0.43637615442276
55,source,47,-0.867699921131134,1.0885131359100342,-0.4246094822883606
55,source,48,-0.8494998216629028,1.0746333599090576,-0.4299061894416809
55,source,49,-0.8701316118240356,1.06802499294281,-0.4306182265281677
55,source,50,-0.8457455635070801,1.0700466632843018,-0.4462035894393921
55,source,51,-0.8549520969390869,1.0741177797317505,-0.4479917883872986
55,source,52,-0.8423509001731873,1.063380241394043,-0.45591312646865845
55,source,53,-0.8372697830200195,1.064298152923584,-0.453471302986145
55,source,54,-0.8533810973167419,1.0795475244522095,-0.45556026697158813
55,source,55,-0.8568296432495117,1.084697961807251,-0.44765567779541016
55,source,56,-0.8585697412490845,1.0868980884552002,-0.4452272653579712
55,source,57,-0.8554049730300903,1.0889812707901,-0.4475095868110657
55,source,58,-0.8509534597396851,1.0809314250946045,-0.4511268138885498
55,source,59,-0.8537152409553528,1.0876247882843018,-0.4482893943786621
55,source,60,-0.8564145565032959,1.0843071937561035,-0.44315463304519653
55,source,61,-0.8452125787734985,1.0740078687667847,-0.44401711225509644
55,source,62,-0.8539445400238037,1.0791118144989014,-0.44336986541748047
55,source,63,-0.845482587814331,1.0811827182769775,-0.44067978858947754
55,target,0,-0.8160302639007568,1.0959653854370117,-0.45041871070861816
55,target,1,-0.8524758815765381,1.1539044380187988,-0.4409636855125427
55,target,2,-0.8505849242210388,1.1335924863815308,-0.4439653754234314
55,target,3,-0.8427475690841675,1.1122920513153076,-0.446871817111969
55,target,4,-0.8503828644752502,1.1129395961761475,-0.4498158097267151
55,target,5,-0.8679631352424622,1.1354104280471802,-0.46657609939575195
55,target,6,-0.8725602626800537,1.1434884071350098,-0.4457491636276245
55,target,7,-0.8696223497390747,1.1365089416503906,-0.45050328969955444
55,target,8,-0.8640791177749634,1.1204447746276855,-0.4487830400466919
55,target,9,-0.8372976779937744,1.1064958572387695,-0.45801687240600586
55,target,10,-0.8687322735786438,1.1343579292297363,-0.44889605045318604
55,target,11,-0.8545578122138977,1.1305418014526367,-0.4465658664703369
55,target,12,-0.8675830960273743,1.130603551864624,-0.43796980381011963
55,target,13,-0.8466808199882507,1.0980734825134277,-0.4533805847167969
55,target,14,-0.8586820363998413,1.1128425598144531,-0.45774245262145996
55,target,15,-0.855239987373352,1.101670742034912,-0.4553554058074951
55,target,16,-0.8479188680648804,1.1077640056610107,-0.4570521116256714
55,target,17,-0.8693159222602844,1.1401041746139526,-0.44138360023498535
55,target,18,-0.8757222890853882,1.1643311977386475,-0.44104015827178955
55,target,19,-0.8624998927116394,1.1478080749511719,-0.443042516708374
55,target,20,-0.8750749230384827,1.1664080619812012,-0.44565147161483765
55,target,21,-0.8646069765090942,1.1308047771453857,-0.4347490072250366
55,target,22,-0.8610295653343201,1.1497185230255127,-0.44105637073516846
55,target,23,-0.866635799407959,1.1398991346359253,-0.4394634962081909
55,target,24,-0.8655173778533936,1.1394083499908447,-0.436021089553833
55,target,25,-0.850274384021759,1.113061547279358,-0.4397750496864319
55,target,26,-0.8571605086326599,1.1378650665283203,-0.4399489760398865
55,target,27,-0.8679155707359314,1.1552832126617432,-0.437136173248291
55,target,28,-0.8377605080604553,1.0936076641082764,-0.432515025138855
55,target,29,-0.8618396520614624,1.1252862215042114,-0.44890832901000977
55,target,30,-0.8471853137016296,1.090227723121643,-0.450547456741333
55,target,31,-0.8732883930206299,1.1435701847076416,-0.45119792222976685
55,target,32,-0.8798865675926208,1.1437456607818604,-0.45303910970687866
55,target,33,-0.8473384380340576,1.1152901649475098,-0.4456207752227783
55,target,34,-0.8493621349334717,1.117598056793213,-0.44170308113098145
55,target,35,-0.8286709189414978,1.0966663360595703,-0.4410727620124817
55,target,36,-0.8640263080596924,1.129410982131958,-0.44795846939086914
55,target,37,-0.8328415751457214,1.1024720668792725,-0.44032764434814453
55,target,38,-0.855108380317688,1.1192915439605713,-0.43618589639663696
55,target,39,-0.8626440167427063,1.1368517875671387,-0.4352198839187622
55,target,40,-0.8329101800918579,1.1295197010040283,-0.4409855008125305
55,target,41,-0.8402007222175598,1.145902156829834,-0.430133581161499
55,target,42,-0.8458648324012756,1.1140835285186768,-0.43797391653060913
55,target,43,-0.8459131121635437,1.108336091041565,-0.43373745679855347
55,target,44,-0.8468305468559265,1.116926670074463,-0.4274033308029175
55,target,45,-0.8456939458847046,1.1032607555389404,-0.42468178272247314
55,target,46,-0.7900212407112122,1.0449473857879639,-0.44698941707611084
55,target,47,-0.8276591897010803,1.0940415859222412,-0.44996023178100586
55,target,48,-0.8198853135108948,1.093177318572998,-0.458878755569458
55,target,49,-0.7847011089324951,1.039036750793457,-0.446608304977417
55,target,50,-0.827346920967102,1.0993471145629883,-0.44073110818862915
55,target,51,-0.8643966317176819,1.1323788166046143,-0.4478725790977478
55,target,52,-0.8516414761543274,1.1170203685760498,-0.44521403312683105
55,target,53,-0.8618727326393127,1.1347339153289795,-0.4537659287452698
55,target,54,-0.8584379553794861,1.131104588508606,-0.44808876514434814
55,target,55,-0.8720685243606567,1.1391546726226807,-0.45600390434265137
55,target,56,-0.8607960939407349,1.1352931261062622,-0.4551616907119751
55,target,57,-0.8505375981330872,1.118817687034607,-0.45734572410583496
55,target,58,-0.875862181186676,1.1478495597839355,-0.45613932609558105
55,target,59,-0.8561862707138062,1.1312826871871948,-0.4549022912979126
55,target,60,-0.8586263656616211,1.1359702348709106,-0.44679492712020874
55,target,61,-0.8460335731506348,1.1116491556167603,-0.4504828453063965
55,target,62,-0.8387046456336975,1.1029226779937744,-0.4419413208961487
55,target,63,-0.8427984118461609,1.1058437824249268,-0.4536646008491516
56,source,0,-0.8781182169914246,1.0818102359771729,-0.43486517667770386
56,source,1,-0.8765119314193726,1.0679064989089966,-0.43599212169647217
56,source,2,-0.8629539608955383,1.054957389831543,-0.43267613649368286
56,source,3,-0.858119010925293,1.0622234344482422,-0.4333631992340088
56,source,4,-0.8652607798576355,1.0567851066589355,-0.4446719288825989
56,source,5,-0.8679466843605042,1.0644677877426147,-0.4368908405303955
56,source,6,-0.8752759695053101,1.081003189086914,-0.43739378452301025
56,source,7,-0.8782706260681152,1.0757873058319092,-0.437236487865448
56,source,8,-0.8681312799453735,1.0682754516601562,-0.43738555908203125
56,source,9,-0.8774908185005188,1.074593186378479,-0.43355846405029297
56,source,10,-0.8689002990722656,1.0615657567977905,-0.4348224401473999
56,source,11,-0.865817129611969,1.0666385889053345,-0.43607914447784424
56,source,12,-0.8733010292053223,1.0664396286010742,-0.43234390020370483
56,source,13,-0.8779679536819458,1.0893309116363525,-0.4222407937049866
56,source,14,-0.8688068985939026,1.0625641345977783,-0.42625975608825684
56,source,15,-0.8725908994674683,1.0570471286773682,-0.4309448003768921
56,source,16,-0.8697373270988464,1.0533735752105713,-0.4301760196685791
56,source,17,-0.8666998147964478,1.0456387996673584,-0.4300740957260132
56,source,18,-0.874727725982666,1.0582047700881958,-0.4333001971244812
56,source,19,-0.87043297290802,1.0573487281799316,-0.4353277087211609
56,source,20,-0.8552282452583313,1.0658239126205444,-0.41959065198898315
56,source,21,-0.8646381497383118,1.0499489307403564,-0.42527323961257935
56,source,22,-0.8612055778503418,1.0503653287887573,-0.41655027866363525
56,source,23,-0.8649377822875977,1.050581455230713,-0.4200740456581116
56,source,24,-0.8603414297103882,1.0451717376708984,-0.4282688498497009
56,source,25,-0.8669756650924683,1.048709750175476,-0.432637095451355
56,source,26,-0.8590535521507263,1.0618107318878174,-0.4298296570777893
56,source,27,-0.882897138595581,1.0568764209747314,-0.4322577714920044
56,source,28,-0.8798889517784119,1.0574371814727783,-0.4325331449508667
56,source,29,-0.8728780746459961,1.0639532804489136,-0.4302447438240051
56,source,30,-0.8750421404838562,1.078988790512085,-0.4301295876502991
56,source,31,-0.8719996809959412,1.0694856643676758,-0.431817889213562
56,source,32,-0.8670651316642761,1.059964895248413,-0.43795108795166016
56,source,33,-0.87001633644104,1.0670536756515503,-0.44068533182144165
56,source,34,-0.8665975332260132,1.0727612972259521,-0.4347642660140991
56,source,35,-0.8727593421936035,1.0572508573532104,-0.4361405372619629
56,source,36,-0.8855000734329224,1.0722405910491943,-0.4305182695388794
56,source,37,-0.862482488155365,1.0610084533691406,-0.4286343455314636
56,source,38,-0.8631450533866882,1.0455126762390137,-0.42535310983657837
56,source,39,-0.8644955158233643,1.049605369567871,-0.4238896369934082
56,source,40,-0.8774819374084473,1.0797559022903442,-0.4323403239250183
56,source,41,-0.8768437504768372,1.0761539936065674,-0.4188570976257324
56,source,42,-0.8760557174682617,1.07273530960083,-0.4255717992782593
56,source,43,-0.8782154321670532,1.078993797302246,-0.43422234058380127
56,source,44,-0.8563144207000732,1.0551388263702393,-0.41014158725738525
56,source,45,-0.8603558540344238,1.0580624341964722,-0.42966926097869873
56,source,46,-0.8729993104934692,1.0596007108688354,-0.43551772832870483
56,source,47,-0.8779853582382202,1.0752276182174683,-0.42425739765167236
56,source,48,-0.858918309211731,1.0598270893096924,-0.42602527141571045
56,source,49,-0.8774856328964233,1.0660717487335205,-0.43093931674957275
56,source,50,-0.8613053560256958,1.0695750713348389,-0.44513213634490967
56,source,51,-0.8698199987411499,1.0718817710876465,-0.4471443295478821
56,source,52,-0.8570154309272766,1.0598009824752808,-0.45500439405441284
56,source,53,-0.8494195342063904,1.051473617553711,-0.45411330461502075
56,source,54,-0.8672233819961548,1.0734851360321045,-0.45434707403182983
56,source,55,-0.8662582635879517,1.0758960247039795,-0.44499343633651733
56,source,56,-0.8706706762313843,1.0781782865524292,-0.44389599561691284
56,source,57,-0.8738856911659241,1.0866492986679077,-0.44501304626464844
56,source,58,-0.8611481189727783,1.07254159450531,-0.4489802122116089
56,source,59,-0.8667694330215454,1.0826441049575806,-0.4476357698440552
56,source,60,-0.8688309192657471,1.0806381702423096,-0.4430568218231201
56,source,61,-0.8574451804161072,1.0664653778076172,-0.4460444450378418
56,source,62,-0.8682825565338135,1.0685739517211914,-0.44746309518814087
56,source,63,-0.8593024611473083,1.063866376876831,-0.4388810396194458
56,target,0,-0.8300061225891113,1.0929596424102783,-0.43820488452911377
56,target,1,-0.8704558610916138,1.1491258144378662,-0.4310680031776428
56,target,2,-0.859218418598175,1.1163623332977295,-0.4371449947357178
56,target,3,-0.8563096523284912,1.1000018119812012,-0.439944326877594
56,target,4,-0.8655472993850708,1.1021214723587036,-0.4450748562812805
56,target,5,-0.8769317269325256,1.12937331199646,-0.46623045206069946
56,target,6,-0.8877757787704468,1.138454794883728,-0.4491799473762512
56,target,7,-0.8813748955726624,1.1236038208007812,-0.4488540291786194
56,target,8,-0.8803268074989319,1.118226408958435,-0.44350212812423706
56,target,9,-0.8604214787483215,1.1033732891082764,-0.45319849252700806
56,target,10,-0.8813259601593018,1.1292483806610107,-0.4432947635650635
56,target,11,-0.8720676898956299,1.1294798851013184,-0.4422362446784973
56,target,12,-0.8790144324302673,1.1234643459320068,-0.43282604217529297
56,target,13,-0.8611413836479187,1.093974232673645,-0.44696879386901855
56,target,14,-0.8712366223335266,1.1063783168792725,-0.4531646966934204
56,target,15,-0.8647454380989075,1.088984489440918,-0.45431095361709595
56,target,16,-0.8592486381530762,1.0933489799499512,-0.45539700984954834
56,target,17,-0.8779467940330505,1.1269049644470215,-0.4356861114501953
56,target,18,-0.8875748515129089,1.1519956588745117,-0.43939483165740967
56,target,19,-0.8720130324363708,1.1323022842407227,-0.4396522045135498
56,target,20,-0.8859403729438782,1.1539870500564575,-0.4394575357437134
56,target,21,-0.8746379613876343,1.122174620628357,-0.4383057951927185
56,target,22,-0.873468279838562,1.142913818359375,-0.43495434522628784
56,target,23,-0.8758754730224609,1.1265180110931396,-0.4339735507965088
56,target,24,-0.8808863162994385,1.130125880241394,-0.43362289667129517
56,target,25,-0.8579611778259277,1.099765419960022,-0.4335784316062927
56,target,26,-0.8695849776268005,1.1240315437316895,-0.43530452251434326
56,target,27,-0.8820698261260986,1.1482429504394531,-0.42477816343307495
56,target,28,-0.8560067415237427,1.088404893875122,-0.4190889596939087
56,target,29,-0.873435378074646,1.1156272888183594,-0.4407113194465637
56,target,30,-0.8568455576896667,1.067662239074707,-0.44785118103027344
56,target,31,-0.8877831697463989,1.1327303647994995,-0.4427831172943115
56,target,32,-0.886557936668396,1.122105598449707,-0.4482831358909607
56,target,33,-0.8604533672332764,1.107499599456787,-0.4397176504135132
56,target,34,-0.8608619570732117,1.0962826013565063,-0.43673020601272583
56,target,35,-0.8478871583938599,1.1023173332214355,-0.43657219409942627
56,target,36,-0.871622622013092,1.11311936378479,-0.4458158612251282
56,target,37,-0.8505366444587708,1.1012581586837769,-0.43495458364486694
56,target,38,-0.8699946999549866,1.1120827198028564,-0.4319891929626465
56,target,39,-0.8745385408401489,1.126133918762207,-0.42840880155563354
56,target,40,-0.8510370850563049,1.1249936819076538,-0.43265849351882935
56,target,41,-0.855981707572937,1.1432838439941406,-0.42327457666397095
56,target,42,-0.8623281717300415,1.1060954332351685,-0.4344669580459595
56,target,43,-0.8566089272499084,1.0975379943847656,-0.4302012324333191
56,target,44,-0.8605917692184448,1.109724760055542,-0.4188321828842163
56,target,45,-0.8575944304466248,1.0959851741790771,-0.42162394523620605
56,target,46,-0.8019242286682129,1.0311546325683594,-0.4400480389595032
56,target,47,-0.845227837562561,1.0901689529418945,-0.43970924615859985
56,target,48,-0.8274674415588379,1.081305980682373,-0.44929206371307373
56,target,49,-0.79440838098526,1.021227478981018,-0.44128018617630005
56,target,50,-0.84220290184021,1.0882887840270996,-0.4265206456184387
56,target,51,-0.8787344098091125,1.1248306035995483,-0.43990665674209595
56,target,52,-0.8701744079589844,1.1175775527954102,-0.4367135763168335
56,target,53,-0.877305269241333,1.1276915073394775,-0.4461158514022827
56,target,54,-0.8689628839492798,1.12349534034729,-0.43712353706359863
56,target,55,-0.885185718536377,1.1334540843963623,-0.445590615272522
56,target,56,-0.8768020272254944,1.1293401718139648,-0.44557470083236694
56,target,57,-0.8681375980377197,1.1181230545043945,-0.4462096095085144
56,target,58,-0.8880627751350403,1.1422890424728394,-0.4471166133880615
56,target,59,-0.8697561025619507,1.1248177289962769,-0.4458669424057007
56,target,60,-0.8734971284866333,1.130988597869873,-0.437597393989563
56,target,61,-0.8609218597412109,1.1110153198242188,-0.4414719343185425
56,target,62,-0.853813111782074,1.1019961833953857,-0.43070119619369507
56,target,63,-0.8577452898025513,1.1026320457458496,-0.44503653049468994
57,source,0,-0.8604797124862671,1.0799970626831055,-0.4434546232223511
57,source,1,-0.8569062948226929,1.0644199848175049,-0.4451916217803955
57,source,2,-0.8485671877861023,1.0613858699798584,-0.44605594873428345
57,source,3,-0.8420979976654053,1.06752347946167,-0.4480217695236206
57,source,4,-0.8539270758628845,1.058212161064148,-0.4556811451911926
57,source,5,-0.8553740978240967,1.0709089040756226,-0.4464055299758911
57,source,6,-0.858833372592926,1.078698992729187,-0.4474084973335266
57,source,7,-0.8633391261100769,1.0769150257110596,-0.4487156867980957
57,source,8,-0.8528972268104553,1.0636893510818481,-0.44741928577423096
57,source,9,-0.8632511496543884,1.07578444480896,-0.4441336989402771
57,source,10,-0.8540180325508118,1.0585309267044067,-0.4485519528388977
57,source,11,-0.8472568988800049,1.0693414211273193,-0.44568032026290894
57,source,12,-0.8531543016433716,1.062568187713623,-0.43852168321609497
57,source,13,-0.8579108715057373,1.0842152833938599,-0.43089067935943604
57,source,14,-0.8543596267700195,1.0675562620162964,-0.4357273578643799
57,source,15,-0.8573769330978394,1.0534847974777222,-0.44138216972351074
57,source,16,-0.8532657623291016,1.052283525466919,-0.4389519691467285
57,source,17,-0.8487706780433655,1.0472602844238281,-0.43620043992996216
57,source,18,-0.8589184284210205,1.0597772598266602,-0.43985605239868164
57,source,19,-0.8541938066482544,1.0542283058166504,-0.4428890347480774
57,source,20,-0.8405581712722778,1.0742121934890747,-0.4308044910430908
57,source,21,-0.849685788154602,1.058252215385437,-0.43609023094177246
57,source,22,-0.8438733816146851,1.0518136024475098,-0.4279469847679138
57,source,23,-0.8512424230575562,1.0573729276657104,-0.4280674457550049
57,source,24,-0.8471233248710632,1.0490273237228394,-0.4353967308998108
57,source,25,-0.8522152304649353,1.0439558029174805,-0.4397178292274475
57,source,26,-0.8448901772499084,1.0663337707519531,-0.4386906027793884
57,source,27,-0.8660479784011841,1.060013771057129,-0.4427787661552429
57,source,28,-0.8675633668899536,1.0695862770080566,-0.44110530614852905
57,source,29,-0.8541922569274902,1.0659959316253662,-0.43904590606689453
57,source,30,-0.853492021560669,1.0726861953735352,-0.44118762016296387
57,source,31,-0.8556395769119263,1.0727064609527588,-0.44492125511169434
57,source,32,-0.8538296818733215,1.0648548603057861,-0.4468752145767212
57,source,33,-0.8560950756072998,1.0723474025726318,-0.4528154730796814
57,source,34,-0.8538414239883423,1.070054292678833,-0.4453513026237488
57,source,35,-0.8551930785179138,1.0499322414398193,-0.44192779064178467
57,source,36,-0.8650501370429993,1.068009853363037,-0.4405643343925476
57,source,37,-0.8482236862182617,1.0638086795806885,-0.4382668137550354
57,source,38,-0.8471629619598389,1.042088270187378,-0.4335445165634155
57,source,39,-0.851577639579773,1.0509181022644043,-0.43209028244018555
57,source,40,-0.8555821180343628,1.068068265914917,-0.4415847659111023
57,source,41,-0.8564012050628662,1.0700383186340332,-0.4323381185531616
57,source,42,-0.8554850816726685,1.0708189010620117,-0.437857985496521
57,source,43,-0.857891321182251,1.0745716094970703,-0.4454408884048462
57,source,44,-0.8459335565567017,1.0634822845458984,-0.4260292649269104
57,source,45,-0.8443018794059753,1.0581719875335693,-0.4371108412742615
57,source,46,-0.8565024733543396,1.065528154373169,-0.44393664598464966
57,source,47,-0.8602011799812317,1.0772489309310913,-0.4368683695793152
57,source,48,-0.8412290811538696,1.063330054283142,-0.4397108554840088
57,source,49,-0.8575627207756042,1.0534687042236328,-0.4382517337799072
57,source,50,-0.8428354859352112,1.0664923191070557,-0.4560856819152832
57,source,51,-0.8525452613830566,1.0726240873336792,-0.45974200963974
57,source,52,-0.842896044254303,1.0676798820495605,-0.4669780731201172
57,source,53,-0.8352059125900269,1.056728720664978,-0.46606016159057617
57,source,54,-0.853725254535675,1.0803701877593994,-0.4703253507614136
57,source,55,-0.8543156385421753,1.0822269916534424,-0.4578664302825928
57,source,56,-0.8554906249046326,1.0859415531158447,-0.4568462371826172
57,source,57,-0.8545949459075928,1.087792992591858,-0.45849746465682983
57,source,58,-0.8495549559593201,1.0759310722351074,-0.46068084239959717
57,source,59,-0.8517324924468994,1.0862412452697754,-0.4608781337738037
57,source,60,-0.8519481420516968,1.0847742557525635,-0.45935481786727905
57,source,61,-0.8434222340583801,1.0716603994369507,-0.45928138494491577
57,source,62,-0.8469707369804382,1.072026252746582,-0.4594549536705017
57,source,63,-0.8422868847846985,1.074049711227417,-0.4525858759880066
57,target,0,-0.8146927356719971,1.1011286973953247,-0.4532771110534668
57,target,1,-0.8586386442184448,1.1569881439208984,-0.4419219493865967
57,target,2,-0.8442932367324829,1.1215367317199707,-0.4485190510749817
57,target,3,-0.8416050672531128,1.099806547164917,-0.4507433772087097
57,target,4,-0.8504322171211243,1.1165292263031006,-0.45445913076400757
57,target,5,-0.8666879534721375,1.134178638458252,-0.47544771432876587
57,target,6,-0.8689596056938171,1.1433980464935303,-0.4580996632575989
57,target,7,-0.8564271330833435,1.1167490482330322,-0.46095865964889526
57,target,8,-0.8554832339286804,1.1111432313919067,-0.45842283964157104
57,target,9,-0.8444594740867615,1.1017158031463623,-0.46567684412002563
57,target,10,-0.8653830885887146,1.1326003074645996,-0.4545796513557434
57,target,11,-0.8637906312942505,1.1410777568817139,-0.4506092071533203
57,target,12,-0.8608724474906921,1.1295385360717773,-0.44726336002349854
57,target,13,-0.8486377596855164,1.098130702972412,-0.4575650095939636
57,target,14,-0.8581411242485046,1.1110501289367676,-0.463842511177063
57,target,15,-0.8521965742111206,1.1027694940567017,-0.4638567566871643
57,target,16,-0.8473570942878723,1.1048943996429443,-0.46306806802749634
57,target,17,-0.8622820377349854,1.1383647918701172,-0.4478905200958252
57,target,18,-0.8756489753723145,1.1575922966003418,-0.4507982134819031
57,target,19,-0.8606088757514954,1.1424413919448853,-0.44993799924850464
57,target,20,-0.8699442744255066,1.1569104194641113,-0.4527984857559204
57,target,21,-0.8596725463867188,1.1245499849319458,-0.4525831341743469
57,target,22,-0.8628647327423096,1.1536048650741577,-0.4491877555847168
57,target,23,-0.8599510192871094,1.1339173316955566,-0.44637197256088257
57,target,24,-0.8593297004699707,1.128861427307129,-0.44756829738616943
57,target,25,-0.8535126447677612,1.1126580238342285,-0.4396044611930847
57,target,26,-0.8566054105758667,1.128234624862671,-0.4505809545516968
57,target,27,-0.8676761388778687,1.1575815677642822,-0.43933749198913574
57,target,28,-0.8424698114395142,1.1028382778167725,-0.43166595697402954
57,target,29,-0.8593772649765015,1.1136186122894287,-0.45040184259414673
57,target,30,-0.8416458368301392,1.0822937488555908,-0.4541109800338745
57,target,31,-0.8664393424987793,1.1255704164505005,-0.45152920484542847
57,target,32,-0.8717648983001709,1.1270370483398438,-0.4564557671546936
57,target,33,-0.845768928527832,1.1176478862762451,-0.4491077661514282
57,target,34,-0.8385872840881348,1.1038625240325928,-0.4476776719093323
57,target,35,-0.8292561769485474,1.1062567234039307,-0.4441302418708801
57,target,36,-0.858302652835846,1.1170310974121094,-0.4608946442604065
57,target,37,-0.8301470279693604,1.1027778387069702,-0.4483649730682373
57,target,38,-0.853736400604248,1.1215758323669434,-0.44758379459381104
57,target,39,-0.856760561466217,1.1320542097091675,-0.44686752557754517
57,target,40,-0.8384880423545837,1.1300649642944336,-0.4428083896636963
57,target,41,-0.8413581252098083,1.1530731916427612,-0.43579941987991333
57,target,42,-0.8431721925735474,1.1089634895324707,-0.44141411781311035
57,target,43,-0.8412966728210449,1.0999557971954346,-0.43375128507614136
57,target,44,-0.844780445098877,1.1104950904846191,-0.4207134246826172
57,target,45,-0.8405235409736633,1.1004754304885864,-0.4305686950683594
57,target,46,-0.7863445281982422,1.0312962532043457,-0.44613826274871826
57,target,47,-0.830020546913147,1.0901720523834229,-0.4513407349586487
57,target,48,-0.8199915885925293,1.0899766683578491,-0.4581981301307678
57,target,49,-0.7793335318565369,1.0192396640777588,-0.44454002380371094
57,target,50,-0.8266271948814392,1.099367380142212,-0.44255876541137695
57,target,51,-0.8635857701301575,1.1320526599884033,-0.4532269239425659
57,target,52,-0.8570542335510254,1.1202611923217773,-0.44726288318634033
57,target,53,-0.8630872964859009,1.1331003904342651,-0.4547528624534607
57,target,54,-0.8575820326805115,1.1344492435455322,-0.4517095685005188
57,target,55,-0.8697477579116821,1.137577772140503,-0.456470787525177
57,target,56,-0.8612278699874878,1.1267869472503662,-0.4527888894081116
57,target,57,-0.8515437841415405,1.120835781097412,-0.45449912548065186
57,target,58,-0.8746162056922913,1.1468150615692139,-0.4551013708114624
57,target,59,-0.8575280904769897,1.129150629043579,-0.4522876739501953
57,target,60,-0.8604344129562378,1.1346244812011719,-0.44770747423171997
57,target,61,-0.8438898324966431,1.1103723049163818,-0.4510185718536377
57,target,62,-0.8394026756286621,1.1063997745513916,-0.4413487911224365
57,target,63,-0.8441116809844971,1.1078290939331055,-0.4533952474594116
58,source,0,-0.8701502680778503,1.0971899032592773,-0.45327287912368774
58,source,1,-0.8614891767501831,1.0765581130981445,-0.4540109634399414
58,source,2,-0.8549985289573669,1.0722768306732178,-0.45456308126449585
58,source,3,-0.8455758094787598,1.07124662399292,-0.4571508765220642
58,source,4,-0.8574023842811584,1.0740246772766113,-0.46208512783050537
58,source,5,-0.8597943186759949,1.0852324962615967,-0.45628273487091064
58,source,6,-0.864866316318512,1.0934778451919556,-0.4575127363204956
58,source,7,-0.8678633570671082,1.0907847881317139,-0.4541182518005371
58,source,8,-0.8556641936302185,1.0791828632354736,-0.4561132788658142
58,source,9,-0.8661320209503174,1.0888499021530151,-0.4508213996887207
58,source,10,-0.8632341623306274,1.0800909996032715,-0.4523247480392456
58,source,11,-0.8578909635543823,1.0845656394958496,-0.45576733350753784
58,source,12,-0.8598783016204834,1.0799367427825928,-0.45164769887924194
58,source,13,-0.8624745607376099,1.1000139713287354,-0.44316720962524414
58,source,14,-0.8596924543380737,1.0741065740585327,-0.44286680221557617
58,source,15,-0.8616036176681519,1.06669020652771,-0.44679319858551025
58,source,16,-0.8606983423233032,1.072251319885254,-0.45013266801834106
58,source,17,-0.8538364768028259,1.0668574571609497,-0.4488418698310852
58,source,18,-0.8640460968017578,1.070962905883789,-0.4528387784957886
58,source,19,-0.8593498468399048,1.0694608688354492,-0.45294708013534546
58,source,20,-0.8481106162071228,1.0752143859863281,-0.44274574518203735
58,source,21,-0.8567858934402466,1.0575891733169556,-0.4451911449432373
58,source,22,-0.8504501581192017,1.060640573501587,-0.4373578429222107
58,source,23,-0.8570590019226074,1.061466932296753,-0.4396868348121643
58,source,24,-0.8535533547401428,1.0572164058685303,-0.44432735443115234
58,source,25,-0.8587853908538818,1.0589807033538818,-0.4493163824081421
58,source,26,-0.8517251014709473,1.0761849880218506,-0.44527673721313477
58,source,27,-0.8677181005477905,1.0731470584869385,-0.4478885531425476
58,source,28,-0.87272047996521,1.070001244544983,-0.4501526355743408
58,source,29,-0.8621991872787476,1.0822479724884033,-0.4489845633506775
58,source,30,-0.8619383573532104,1.0856775045394897,-0.4498679041862488
58,source,31,-0.8639668822288513,1.086683750152588,-0.4510989785194397
58,source,32,-0.859070360660553,1.0757222175598145,-0.4584478735923767
58,source,33,-0.8607240319252014,1.0835902690887451,-0.4583386182785034
58,source,34,-0.8612715005874634,1.0893685817718506,-0.4531245827674866
58,source,35,-0.865570604801178,1.0738029479980469,-0.4544605016708374
58,source,36,-0.8713045120239258,1.0867818593978882,-0.4495081305503845
58,source,37,-0.8571230173110962,1.0745320320129395,-0.44416964054107666
58,source,38,-0.85673987865448,1.0597355365753174,-0.44250768423080444
58,source,39,-0.8555508852005005,1.0594549179077148,-0.4432939887046814
58,source,40,-0.8679351806640625,1.0908411741256714,-0.44898509979248047
58,source,41,-0.8674582242965698,1.0899477005004883,-0.43882232904434204
58,source,42,-0.8649555444717407,1.085566520690918,-0.4428853988647461
58,source,43,-0.8685336112976074,1.0905414819717407,-0.4485667943954468
58,source,44,-0.8481735587120056,1.0650334358215332,-0.4351377487182617
58,source,45,-0.8514695167541504,1.0715131759643555,-0.45333558320999146
58,source,46,-0.8617712259292603,1.077641487121582,-0.4508833885192871
58,source,47,-0.8647874593734741,1.0859642028808594,-0.44647443294525146
58,source,48,-0.8494504690170288,1.0736021995544434,-0.45025378465652466
58,source,49,-0.8685995936393738,1.0751914978027344,-0.44849693775177
58,source,50,-0.8474352359771729,1.0854218006134033,-0.4600115418434143
58,source,51,-0.854157030582428,1.0865669250488281,-0.4630836248397827
58,source,52,-0.840959370136261,1.0741544961929321,-0.4676617980003357
58,source,53,-0.8353745937347412,1.0687276124954224,-0.4638344645500183
58,source,54,-0.8569785952568054,1.0897542238235474,-0.46943503618240356
58,source,55,-0.8599275946617126,1.0961267948150635,-0.45963549613952637
58,source,56,-0.8607209920883179,1.097126841545105,-0.4592192769050598
58,source,57,-0.8580090403556824,1.098820447921753,-0.46075713634490967
58,source,58,-0.8518322706222534,1.0892527103424072,-0.46219009160995483
58,source,59,-0.8557896614074707,1.0960731506347656,-0.4620820879936218
58,source,60,-0.8562722206115723,1.0891361236572266,-0.4581368565559387
58,source,61,-0.8443751335144043,1.079688549041748,-0.4586920142173767
58,source,62,-0.848170816898346,1.0832546949386597,-0.4599650502204895
58,source,63,-0.8426014184951782,1.0782556533813477,-0.45357632637023926
58,target,0,-0.8206535577774048,1.1124913692474365,-0.4472352862358093
58,target,1,-0.8686026930809021,1.1662964820861816,-0.4461607336997986
58,target,2,-0.844480574131012,1.1315637826919556,-0.45181018114089966
58,target,3,-0.8480691313743591,1.1179652214050293,-0.45185667276382446
58,target,4,-0.8510314226150513,1.119847059249878,-0.45750731229782104
58,target,5,-0.8770203590393066,1.1548516750335693,-0.4742078185081482
58,target,6,-0.8782902956008911,1.155468463897705,-0.4617103934288025
58,target,7,-0.8687443137168884,1.134558081626892,-0.46359479427337646
58,target,8,-0.8683257699012756,1.1312472820281982,-0.46180975437164307
58,target,9,-0.8531885743141174,1.116601824760437,-0.46651923656463623
58,target,10,-0.8674027323722839,1.1331610679626465,-0.45770615339279175
58,target,11,-0.8671752214431763,1.1496825218200684,-0.45266151428222656
58,target,12,-0.8701248168945312,1.1382884979248047,-0.45156747102737427
58,target,13,-0.8561128377914429,1.112503170967102,-0.4604213237762451
58,target,14,-0.8618822693824768,1.1195387840270996,-0.4660766124725342
58,target,15,-0.8599197268486023,1.1203444004058838,-0.4649505019187927
58,target,16,-0.8540657758712769,1.120849609375,-0.4639636278152466
58,target,17,-0.8655796051025391,1.1371510028839111,-0.4531683921813965
58,target,18,-0.8795629739761353,1.1654372215270996,-0.452828049659729
58,target,19,-0.8687293529510498,1.14468514919281,-0.4551447629928589
58,target,20,-0.8813071846961975,1.166569471359253,-0.455700159072876
58,target,21,-0.8668534159660339,1.1367824077606201,-0.4530983567237854
58,target,22,-0.8690629601478577,1.1551848649978638,-0.45046311616897583
58,target,23,-0.868218183517456,1.137629508972168,-0.45198488235473633
58,target,24,-0.8635947704315186,1.1343986988067627,-0.45091843605041504
58,target,25,-0.8611825704574585,1.123457670211792,-0.4462240934371948
58,target,26,-0.8631938099861145,1.1405179500579834,-0.4534456729888916
58,target,27,-0.8762807846069336,1.1618956327438354,-0.44424962997436523
58,target,28,-0.8451430797576904,1.1036484241485596,-0.4440653324127197
58,target,29,-0.8602676391601562,1.1167867183685303,-0.45611608028411865
58,target,30,-0.8448691964149475,1.081617832183838,-0.4616464376449585
58,target,31,-0.8775896430015564,1.1489696502685547,-0.45975762605667114
58,target,32,-0.8806827068328857,1.1376981735229492,-0.4619847536087036
58,target,33,-0.8398971557617188,1.1166470050811768,-0.4492917060852051
58,target,34,-0.8446587920188904,1.1190831661224365,-0.45069360733032227
58,target,35,-0.82940274477005,1.1050515174865723,-0.4421062469482422
58,target,36,-0.8605965375900269,1.1292999982833862,-0.457309365272522
58,target,37,-0.8279362320899963,1.1019136905670166,-0.4476160407066345
58,target,38,-0.8590782284736633,1.1307058334350586,-0.446749210357666
58,target,39,-0.8611868023872375,1.1374902725219727,-0.44599246978759766
58,target,40,-0.8429667949676514,1.1334043741226196,-0.4463801980018616
58,target,41,-0.8486974239349365,1.152618408203125,-0.4381306767463684
58,target,42,-0.8534018397331238,1.1176650524139404,-0.4495519995689392
58,target,43,-0.8495984077453613,1.1080701351165771,-0.4456801414489746
58,target,44,-0.8536843657493591,1.123488187789917,-0.4387548565864563
58,target,45,-0.8477897644042969,1.1072615385055542,-0.43891143798828125
58,target,46,-0.7942838668823242,1.0569921731948853,-0.44711583852767944
58,target,47,-0.8399942517280579,1.1058745384216309,-0.45150959491729736
58,target,48,-0.8271510004997253,1.1021310091018677,-0.4597335457801819
58,target,49,-0.7901402115821838,1.0434436798095703,-0.44664686918258667
58,target,50,-0.8355199694633484,1.107835292816162,-0.4465029835700989
58,target,51,-0.8689271807670593,1.1411646604537964,-0.4564664959907532
58,target,52,-0.8630795478820801,1.1327438354492188,-0.4507176876068115
58,target,53,-0.8748362064361572,1.147329568862915,-0.460074245929718
58,target,54,-0.8668726682662964,1.1431373357772827,-0.45439761877059937
58,target,55,-0.8804687261581421,1.1471021175384521,-0.4613134264945984
58,target,56,-0.8760408163070679,1.140380620956421,-0.45522451400756836
58,target,57,-0.8641064167022705,1.1310839653015137,-0.45860999822616577
58,target,58,-0.8895968794822693,1.1591639518737793,-0.45992422103881836
58,target,59,-0.869189441204071,1.1415514945983887,-0.4561930298805237
58,target,60,-0.8668582439422607,1.136757254600525,-0.4520602822303772
58,target,61,-0.8494397401809692,1.1141650676727295,-0.4554545283317566
58,target,62,-0.8377711176872253,1.1024081707000732,-0.4446386694908142
58,target,63,-0.855538010597229,1.1177726984024048,-0.4568426012992859
59,source,0,-0.871738076210022,1.0759596824645996,-0.44391191005706787
59,source,1,-0.8690623044967651,1.0649619102478027,-0.44162964820861816
59,source,2,-0.8561943173408508,1.052172303199768,-0.442190945148468
59,source,3,-0.8474151492118835,1.0583410263061523,-0.4422540068626404
59,source,4,-0.8549191951751709,1.0523858070373535,-0.4505237936973572
59,source,5,-0.8592926263809204,1.0625171661376953,-0.4435366988182068
59,source,6,-0.8637497425079346,1.0697126388549805,-0.4448210597038269
59,source,7,-0.8691473007202148,1.0649707317352295,-0.445518434047699
59,source,8,-0.8572003841400146,1.0593481063842773,-0.4455499053001404
59,source,9,-0.8695048689842224,1.0703880786895752,-0.4410831928253174
59,source,10,-0.8617794513702393,1.052609920501709,-0.4417678117752075
59,source,11,-0.8571835160255432,1.0646206140518188,-0.44431012868881226
59,source,12,-0.8660855293273926,1.0688139200210571,-0.44216346740722656
59,source,13,-0.8660029172897339,1.0855138301849365,-0.4316440224647522
59,source,14,-0.8597151041030884,1.0588605403900146,-0.4310463070869446
59,source,15,-0.8646658658981323,1.0511752367019653,-0.4364722967147827
59,source,16,-0.8622402548789978,1.0511372089385986,-0.43828701972961426
59,source,17,-0.857144296169281,1.04679274559021,-0.43622922897338867
59,source,18,-0.8666032552719116,1.057072401046753,-0.4426717758178711
59,source,19,-0.8603187799453735,1.052332878112793,-0.4444073438644409
59,source,20,-0.8500063419342041,1.0673166513442993,-0.42989015579223633
59,source,21,-0.8574535846710205,1.0444278717041016,-0.43325555324554443
59,source,22,-0.8506981134414673,1.0466657876968384,-0.42495447397232056
59,source,23,-0.8556568622589111,1.0452446937561035,-0.4272317886352539
59,source,24,-0.8548462390899658,1.040665864944458,-0.4332403540611267
59,source,25,-0.8583335876464844,1.0402817726135254,-0.43779170513153076
59,source,26,-0.8492802381515503,1.0573598146438599,-0.43394821882247925
59,source,27,-0.8744138479232788,1.0578382015228271,-0.43659108877182007
59,source,28,-0.8757892847061157,1.0600260496139526,-0.4370330572128296
59,source,29,-0.8625429272651672,1.0572471618652344,-0.4404463768005371
59,source,30,-0.863432765007019,1.0680427551269531,-0.4385511875152588
59,source,31,-0.8650853633880615,1.0626285076141357,-0.44022417068481445
59,source,32,-0.8588094115257263,1.0566821098327637,-0.4476977586746216
59,source,33,-0.8611400723457336,1.0640454292297363,-0.4465608596801758
59,source,34,-0.8603322505950928,1.0696966648101807,-0.4418385624885559
59,source,35,-0.8625648617744446,1.0510377883911133,-0.44185566902160645
59,source,36,-0.875547468662262,1.067677617073059,-0.44144630432128906
59,source,37,-0.8561845421791077,1.058956265449524,-0.4316112995147705
59,source,38,-0.8569225668907166,1.0421011447906494,-0.43045103549957275
59,source,39,-0.8550084233283997,1.0417954921722412,-0.4305683970451355
59,source,40,-0.8695398569107056,1.0712511539459229,-0.4384337067604065
59,source,41,-0.8687257170677185,1.074429988861084,-0.42718052864074707
59,source,42,-0.867842972278595,1.0719339847564697,-0.4325917959213257
59,source,43,-0.8694623112678528,1.073650598526001,-0.4424252510070801
59,source,44,-0.8480085134506226,1.053880214691162,-0.419216513633728
59,source,45,-0.8533223867416382,1.0572038888931274,-0.43946194648742676
59,source,46,-0.8654700517654419,1.0578231811523438,-0.4412052631378174
59,source,47,-0.8708024621009827,1.0741819143295288,-0.4323089122772217
59,source,48,-0.8476911783218384,1.0574522018432617,-0.43396949768066406
59,source,49,-0.8666357398033142,1.0548908710479736,-0.4362429976463318
59,source,50,-0.8527210354804993,1.0746649503707886,-0.44952744245529175
59,source,51,-0.8615567684173584,1.0788668394088745,-0.4528597593307495
59,source,52,-0.8470872640609741,1.0652530193328857,-0.4609752297401428
59,source,53,-0.8446120023727417,1.0641752481460571,-0.4577125906944275
59,source,54,-0.8593247532844543,1.0749831199645996,-0.46167218685150146
59,source,55,-0.856792688369751,1.080918788909912,-0.4522603750228882
59,source,56,-0.8594188094139099,1.081840991973877,-0.4506772756576538
59,source,57,-0.8593010902404785,1.082932472229004,-0.4540180563926697
59,source,58,-0.8494216203689575,1.0727605819702148,-0.45434141159057617
59,source,59,-0.8565438985824585,1.083954095840454,-0.45340484380722046
59,source,60,-0.8638417720794678,1.0828046798706055,-0.45116353034973145
59,source,61,-0.8471553325653076,1.0685523748397827,-0.45502638816833496
59,source,62,-0.85930997133255,1.078277587890625,-0.4540187120437622
59,source,63,-0.8489151000976562,1.0673421621322632,-0.4469485282897949
59,target,0,-0.823359489440918,1.0959713459014893,-0.44300413131713867
59,target,1,-0.8667986392974854,1.1540063619613647,-0.4421543478965759
59,target,2,-0.8597182631492615,1.1280055046081543,-0.4438789486885071
59,target,3,-0.855593740940094,1.1112802028656006,-0.4461454749107361
59,target,4,-0.8616006374359131,1.109910249710083,-0.44975292682647705
59,target,5,-0.8808748126029968,1.1415400505065918,-0.4642370939254761
59,target,6,-0.8820281028747559,1.1390514373779297,-0.45601075887680054
59,target,7,-0.8743129968643188,1.1254758834838867,-0.45618683099746704
59,target,8,-0.8721166849136353,1.119189977645874,-0.45252007246017456
59,target,9,-0.8563005924224854,1.1014745235443115,-0.4620963931083679
59,target,10,-0.8742284774780273,1.1236238479614258,-0.4494953751564026
59,target,11,-0.8692797422409058,1.1323885917663574,-0.4443122148513794
59,target,12,-0.8736681938171387,1.1220049858093262,-0.44317030906677246
59,target,13,-0.8625326156616211,1.1023011207580566,-0.4504270553588867
59,target,14,-0.8688753843307495,1.1105989217758179,-0.45642030239105225
59,target,15,-0.866132915019989,1.1067830324172974,-0.4564175605773926
59,target,16,-0.8630203604698181,1.1105849742889404,-0.4562531113624573
59,target,17,-0.8687463998794556,1.132317304611206,-0.44426339864730835
59,target,18,-0.8785850405693054,1.1524393558502197,-0.44559645652770996
59,target,19,-0.8638167977333069,1.1278352737426758,-0.44769853353500366
59,target,20,-0.8825799226760864,1.1580479145050049,-0.4475521445274353
59,target,21,-0.8762283325195312,1.133684515953064,-0.44480597972869873
59,target,22,-0.8652616739273071,1.140658974647522,-0.44076091051101685
59,target,23,-0.8674294948577881,1.1236599683761597,-0.4438773989677429
59,target,24,-0.8699619174003601,1.1309754848480225,-0.4435923099517822
59,target,25,-0.8583036661148071,1.107276201248169,-0.4412500262260437
59,target,26,-0.8641995191574097,1.1242802143096924,-0.4452517628669739
59,target,27,-0.8747860789299011,1.1432100534439087,-0.4377591609954834
59,target,28,-0.8549544215202332,1.1011974811553955,-0.43459612131118774
59,target,29,-0.8664816617965698,1.1151505708694458,-0.4491809010505676
59,target,30,-0.854843258857727,1.0929925441741943,-0.4543291926383972
59,target,31,-0.8833415508270264,1.1346137523651123,-0.449340283870697
59,target,32,-0.8848599791526794,1.1282235383987427,-0.453768789768219
59,target,33,-0.8592820167541504,1.1131181716918945,-0.4500929117202759
59,target,34,-0.8587773442268372,1.108856201171875,-0.44520407915115356
59,target,35,-0.8425369262695312,1.1098785400390625,-0.439910352230072
59,target,36,-0.8715620636940002,1.1266297101974487,-0.4528278708457947
59,target,37,-0.8421940803527832,1.1066488027572632,-0.44223475456237793
59,target,38,-0.8668080568313599,1.119006872177124,-0.4430142641067505
59,target,39,-0.8743952512741089,1.139623999595642,-0.4387069344520569
59,target,40,-0.8435620665550232,1.1243820190429688,-0.44145816564559937
59,target,41,-0.848179280757904,1.1438556909561157,-0.42975330352783203
59,target,42,-0.8540877103805542,1.105553150177002,-0.4438881278038025
59,target,43,-0.8460891246795654,1.0861284732818604,-0.4432344436645508
59,target,44,-0.8521435856819153,1.1065456867218018,-0.4346211552619934
59,target,45,-0.8427782654762268,1.088354229927063,-0.43216389417648315
59,target,46,-0.7937741279602051,1.042426347732544,-0.44467300176620483
59,target,47,-0.8447580337524414,1.0984015464782715,-0.44736844301223755
59,target,48,-0.8274275064468384,1.0895341634750366,-0.4545218348503113
59,target,49,-0.7873316407203674,1.030790090560913,-0.44491904973983765
59,target,50,-0.8366093635559082,1.0960227251052856,-0.43739140033721924
59,target,51,-0.8727008700370789,1.1218150854110718,-0.4509655833244324
59,target,52,-0.8643847107887268,1.1152262687683105,-0.44676637649536133
59,target,53,-0.8730967044830322,1.1314747333526611,-0.4551270008087158
59,target,54,-0.8685202598571777,1.128638744354248,-0.44682157039642334
59,target,55,-0.8754778504371643,1.1252503395080566,-0.45658451318740845
59,target,56,-0.8741916418075562,1.1300277709960938,-0.45159977674484253
59,target,57,-0.8651176691055298,1.1224620342254639,-0.45187169313430786
59,target,58,-0.8882346153259277,1.144677996635437,-0.4546608328819275
59,target,59,-0.8670670390129089,1.1296199560165405,-0.4521348476409912
59,target,60,-0.8683480024337769,1.1279292106628418,-0.44871240854263306
59,target,61,-0.8550438284873962,1.1061993837356567,-0.4514288306236267
59,target,62,-0.8505373001098633,1.1026140451431274,-0.4402152895927429
59,target,63,-0.8557167053222656,1.108154535293579,-0.4531123638153076
60,source,0,-0.8805810809135437,1.098067283630371,-0.43473631143569946
60,source,1,-0.8777029514312744,1.0836811065673828,-0.4337180256843567
60,source,2,-0.8625173568725586,1.0673224925994873,-0.43052834272384644
60,source,3,-0.8559163808822632,1.0694739818572998,-0.4325737953186035
60,source,4,-0.8674574494361877,1.0723528861999512,-0.4470873475074768
60,source,5,-0.8746631145477295,1.0878690481185913,-0.4381905198097229
60,source,6,-0.8801478743553162,1.092498540878296,-0.4370242953300476
60,source,7,-0.883730411529541,1.0906888246536255,-0.4372035264968872
60,source,8,-0.8716089725494385,1.0783543586730957,-0.4338432550430298
60,source,9,-0.8800647854804993,1.0879974365234375,-0.4296053647994995
60,source,10,-0.871344804763794,1.063403844833374,-0.4323478937149048
60,source,11,-0.8662959337234497,1.0774747133255005,-0.43212276697158813
60,source,12,-0.8755863904953003,1.0851361751556396,-0.43170034885406494
60,source,13,-0.8780391216278076,1.0992730855941772,-0.416765034198761
60,source,14,-0.8718504905700684,1.0817358493804932,-0.42277324199676514
60,source,15,-0.8766213059425354,1.066338062286377,-0.4312117099761963
60,source,16,-0.8734497427940369,1.068735122680664,-0.4266398549079895
60,source,17,-0.8651741743087769,1.0584276914596558,-0.42378926277160645
60,source,18,-0.8763182163238525,1.0711883306503296,-0.42885303497314453
60,source,19,-0.8723702430725098,1.0719873905181885,-0.43177175521850586
60,source,20,-0.8553159832954407,1.0728480815887451,-0.4150196313858032
60,source,21,-0.862881064414978,1.0598828792572021,-0.42347073554992676
60,source,22,-0.8598489165306091,1.0590426921844482,-0.41326361894607544
60,source,23,-0.8654468655586243,1.0606741905212402,-0.417174756526947
60,source,24,-0.8679680228233337,1.0608179569244385,-0.42253369092941284
60,source,25,-0.8711077570915222,1.062416434288025,-0.4295165538787842
60,source,26,-0.8577987551689148,1.069254755973816,-0.4281049966812134
60,source,27,-0.8861125707626343,1.0742748975753784,-0.43158775568008423
60,source,28,-0.8832039833068848,1.0728919506072998,-0.4289446473121643
60,source,29,-0.8727298378944397,1.0791711807250977,-0.4305735230445862
60,source,30,-0.8731331825256348,1.0776989459991455,-0.4259776473045349
60,source,31,-0.8754285573959351,1.077124834060669,-0.4280892610549927
60,source,32,-0.867340087890625,1.074689507484436,-0.4372568726539612
60,source,33,-0.8707271814346313,1.0832383632659912,-0.4398748278617859
60,source,34,-0.8743156790733337,1.0831167697906494,-0.4305172562599182
60,source,35,-0.8727229833602905,1.0619328022003174,-0.4320148825645447
60,source,36,-0.88554447889328,1.0889928340911865,-0.4296496510505676
60,source,37,-0.8670426607131958,1.0732016563415527,-0.42510610818862915
60,source,38,-0.8693802356719971,1.0613784790039062,-0.421531617641449
60,source,39,-0.8659113049507141,1.0599441528320312,-0.4181014895439148
60,source,40,-0.8804270029067993,1.0821747779846191,-0.4405975341796875
60,source,41,-0.8777933716773987,1.0872900485992432,-0.42388248443603516
60,source,42,-0.8784613013267517,1.088413119316101,-0.42717278003692627
60,source,43,-0.8780487775802612,1.0846548080444336,-0.43941622972488403
60,source,44,-0.852232038974762,1.0525710582733154,-0.40702563524246216
60,source,45,-0.8608999848365784,1.0644536018371582,-0.42513102293014526
60,source,46,-0.8736580014228821,1.0800764560699463,-0.43213438987731934
60,source,47,-0.8787462711334229,1.087632417678833,-0.42265528440475464
60,source,48,-0.8587300181388855,1.066427230834961,-0.42389553785324097
60,source,49,-0.8786718845367432,1.0756618976593018,-0.43238162994384766
60,source,50,-0.8616083860397339,1.082999348640442,-0.44916367530822754
60,source,51,-0.8701808452606201,1.0890811681747437,-0.4529494643211365
60,source,52,-0.8561275601387024,1.0734543800354004,-0.4601077437400818
60,source,53,-0.8523053526878357,1.072662353515625,-0.45789074897766113
60,source,54,-0.8656458258628845,1.085839033126831,-0.4597318172454834
60,source,55,-0.8665899038314819,1.0930055379867554,-0.4502968192100525
60,source,56,-0.8698254227638245,1.094359278678894,-0.44694769382476807
60,source,57,-0.8697694540023804,1.0968196392059326,-0.45044034719467163
60,source,58,-0.8587580919265747,1.0810840129852295,-0.4508911371231079
60,source,59,-0.8657278418540955,1.0919723510742188,-0.4504883885383606
60,source,60,-0.8701214790344238,1.095344066619873,-0.44721829891204834
60,source,61,-0.8541592359542847,1.0760204792022705,-0.4504784941673279
60,source,62,-0.8665181398391724,1.0880255699157715,-0.45334339141845703
60,source,63,-0.8558335900306702,1.0797368288040161,-0.44543367624282837
60,target,0,-0.8231829404830933,1.092585563659668,-0.4423902630805969
60,target,1,-0.8735002279281616,1.1639173030853271,-0.43650877475738525
60,target,2,-0.8696001172065735,1.1382932662963867,-0.4426897168159485
60,target,3,-0.8630451560020447,1.1210761070251465,-0.44315028190612793
60,target,4,-0.8653596639633179,1.1269629001617432,-0.4480054974555969
60,target,5,-0.8822476267814636,1.1543612480163574,-0.4643423557281494
60,target,6,-0.882265567779541,1.1433249711990356,-0.44953715801239014
60,target,7,-0.8752836585044861,1.1341594457626343,-0.45042383670806885
60,target,8,-0.8762732744216919,1.1273562908172607,-0.44823962450027466
60,target,9,-0.8570196032524109,1.1158952713012695,-0.4555596113204956
60,target,10,-0.8785755634307861,1.137399435043335,-0.44666826725006104
60,target,11,-0.8719609379768372,1.1460834741592407,-0.44184887409210205
60,target,12,-0.8804888725280762,1.1339739561080933,-0.43840330839157104
60,target,13,-0.8654885292053223,1.1063249111175537,-0.4516793489456177
60,target,14,-0.8689556121826172,1.1147769689559937,-0.4573911428451538
60,target,15,-0.8690151572227478,1.119307041168213,-0.4543723464012146
60,target,16,-0.8629084825515747,1.1193058490753174,-0.45345622301101685
60,target,17,-0.8738649487495422,1.142453908920288,-0.4378957152366638
60,target,18,-0.8835738301277161,1.161595106124878,-0.44157087802886963
60,target,19,-0.8706573247909546,1.1381628513336182,-0.4394764304161072
60,target,20,-0.8871825337409973,1.1671440601348877,-0.44241493940353394
60,target,21,-0.8830968141555786,1.1460416316986084,-0.4401017427444458
60,target,22,-0.866250216960907,1.146668791770935,-0.4364127516746521
60,target,23,-0.8758527040481567,1.1421937942504883,-0.4363970160484314
60,target,24,-0.8783801198005676,1.1464009284973145,-0.43465954065322876
60,target,25,-0.8670105338096619,1.1179633140563965,-0.43627607822418213
60,target,26,-0.8717517852783203,1.135864496231079,-0.43704164028167725
60,target,27,-0.8741155862808228,1.1513545513153076,-0.4347754120826721
60,target,28,-0.8625465631484985,1.1104786396026611,-0.428835391998291
60,target,29,-0.8737011551856995,1.121096134185791,-0.44687169790267944
60,target,30,-0.8601897954940796,1.0992112159729004,-0.453363299369812
60,target,31,-0.890434980392456,1.1552972793579102,-0.4507025480270386
60,target,32,-0.893805980682373,1.1456408500671387,-0.45268625020980835
60,target,33,-0.8586085438728333,1.1140220165252686,-0.4443313479423523
60,target,34,-0.8605740666389465,1.119187831878662,-0.4411291480064392
60,target,35,-0.8374625444412231,1.0986785888671875,-0.4431126117706299
60,target,36,-0.8767470121383667,1.1314210891723633,-0.4519166946411133
60,target,37,-0.84690922498703,1.1065243482589722,-0.443630576133728
60,target,38,-0.866820216178894,1.1185821294784546,-0.4395393133163452
60,target,39,-0.8761380910873413,1.1374160051345825,-0.4391794800758362
60,target,40,-0.8496168255805969,1.124910593032837,-0.43191176652908325
60,target,41,-0.8533176183700562,1.1465051174163818,-0.42563146352767944
60,target,42,-0.8622381091117859,1.1088333129882812,-0.42649418115615845
60,target,43,-0.8572059273719788,1.0970762968063354,-0.4239364266395569
60,target,44,-0.8650695085525513,1.109148621559143,-0.40556561946868896
60,target,45,-0.8581643104553223,1.0964818000793457,-0.41214919090270996
60,target,46,-0.8030341267585754,1.0419921875,-0.4365975260734558
60,target,47,-0.8450870513916016,1.0959707498550415,-0.4442863464355469
60,target,48,-0.8272870779037476,1.0850690603256226,-0.4530293345451355
60,target,49,-0.7949255108833313,1.0222456455230713,-0.4345581531524658
60,target,50,-0.8402563333511353,1.0948805809020996,-0.4333980679512024
60,target,51,-0.8746559619903564,1.1297976970672607,-0.44984787702560425
60,target,52,-0.8681533336639404,1.1208199262619019,-0.4422330856323242
60,target,53,-0.8761277794837952,1.1345808506011963,-0.45144492387771606
60,target,54,-0.8681434988975525,1.12990140914917,-0.44440221786499023
60,target,55,-0.8815097212791443,1.1319382190704346,-0.4539615511894226
60,target,56,-0.8799552917480469,1.1309781074523926,-0.4488866925239563
60,target,57,-0.8685933947563171,1.1244616508483887,-0.4492896795272827
60,target,58,-0.8929149508476257,1.1520206928253174,-0.45262330770492554
60,target,59,-0.8719669580459595,1.133354663848877,-0.4497870206832886
60,target,60,-0.8718733191490173,1.1303150653839111,-0.4439712166786194
60,target,61,-0.8589524030685425,1.106010913848877,-0.44819575548171997
60,target,62,-0.854512095451355,1.1035661697387695,-0.4382636547088623
60,target,63,-0.8590587377548218,1.1052494049072266,-0.4501972794532776
61,source,0,-0.8785468339920044,1.095644474029541,-0.4442317485809326
61,source,1,-0.8751347064971924,1.0793485641479492,-0.4429051876068115
61,source,2,-0.8652040958404541,1.0754413604736328,-0.43588411808013916
61,source,3,-0.8618130683898926,1.0852184295654297,-0.4385404586791992
61,source,4,-0.8691698312759399,1.0791254043579102,-0.44915348291397095
61,source,5,-0.8714500665664673,1.0868644714355469,-0.44296586513519287
61,source,6,-0.8762503266334534,1.0925596952438354,-0.44544267654418945
61,source,7,-0.8784675598144531,1.088579773902893,-0.4445430636405945
61,source,8,-0.8687361478805542,1.0825245380401611,-0.442298948764801
61,source,9,-0.8766541481018066,1.0861223936080933,-0.4389578104019165
61,source,10,-0.8770309686660767,1.081104040145874,-0.43748170137405396
61,source,11,-0.8683893084526062,1.0876288414001465,-0.44123953580856323
61,source,12,-0.8760473728179932,1.0883524417877197,-0.43638479709625244
61,source,13,-0.8793933391571045,1.1030431985855103,-0.42703181505203247
61,source,14,-0.8701556921005249,1.0753177404403687,-0.4295784831047058
61,source,15,-0.8742409944534302,1.071178674697876,-0.4360203742980957
61,source,16,-0.874727725982666,1.0759540796279907,-0.43564295768737793
61,source,17,-0.871052622795105,1.068150520324707,-0.4303889870643616
61,source,18,-0.8771721124649048,1.0788154602050781,-0.43899017572402954
61,source,19,-0.874644935131073,1.0780110359191895,-0.4389076828956604
61,source,20,-0.8645555377006531,1.0904669761657715,-0.4223366379737854
61,source,21,-0.8710540533065796,1.0711109638214111,-0.42565810680389404
61,source,22,-0.8664337396621704,1.0677380561828613,-0.418060839176178
61,source,23,-0.8682104349136353,1.0676047801971436,-0.42349833250045776
61,source,24,-0.8678104877471924,1.0652700662612915,-0.4275306463241577
61,source,25,-0.8715021014213562,1.0671632289886475,-0.4359703063964844
61,source,26,-0.8634282350540161,1.0804870128631592,-0.4333188533782959
61,source,27,-0.8823219537734985,1.0748579502105713,-0.43913328647613525
61,source,28,-0.8841021656990051,1.0755188465118408,-0.43352001905441284
61,source,29,-0.8747018575668335,1.0843524932861328,-0.436737596988678
61,source,30,-0.877077579498291,1.0929901599884033,-0.43611228466033936
61,source,31,-0.8777333498001099,1.0875658988952637,-0.4362422823905945
61,source,32,-0.8723256587982178,1.085249900817871,-0.44173282384872437
61,source,33,-0.8707956075668335,1.0859299898147583,-0.4444926977157593
61,source,34,-0.8706692457199097,1.084644079208374,-0.44019627571105957
61,source,35,-0.875642716884613,1.0726652145385742,-0.4420318603515625
61,source,36,-0.8825571537017822,1.0866665840148926,-0.4386698007583618
61,source,37,-0.8685473203659058,1.0805561542510986,-0.4284381866455078
61,source,38,-0.8683714270591736,1.062235951423645,-0.4283531904220581
61,source,39,-0.8690169453620911,1.0648112297058105,-0.42487823963165283
61,source,40,-0.8775230050086975,1.0840688943862915,-0.43890464305877686
61,source,41,-0.8768286108970642,1.0881327390670776,-0.4257085919380188
61,source,42,-0.876139223575592,1.0872654914855957,-0.43035078048706055
61,source,43,-0.8792554140090942,1.091702938079834,-0.43949609994888306
61,source,44,-0.861880898475647,1.0743016004562378,-0.41170644760131836
61,source,45,-0.8654851317405701,1.0801315307617188,-0.4327465295791626
61,source,46,-0.8733782768249512,1.080153465270996,-0.4387705326080322
61,source,47,-0.8786389827728271,1.090721845626831,-0.43042147159576416
61,source,48,-0.8628566265106201,1.082456111907959,-0.43083488941192627
61,source,49,-0.8794556856155396,1.0773372650146484,-0.43594396114349365
61,source,50,-0.8668352961540222,1.0917065143585205,-0.4463217854499817
61,source,51,-0.872624397277832,1.0921945571899414,-0.45134681463241577
61,source,52,-0.8628676533699036,1.0811877250671387,-0.4576185941696167
61,source,53,-0.8585764169692993,1.077834129333496,-0.4571012854576111
61,source,54,-0.8726186752319336,1.0939546823501587,-0.4579976797103882
61,source,55,-0.8711926341056824,1.0978608131408691,-0.4497806429862976
61,source,56,-0.8728593587875366,1.095637321472168,-0.4479491114616394
61,source,57,-0.8726472854614258,1.1000750064849854,-0.45023900270462036
61,source,58,-0.8650562763214111,1.091220498085022,-0.4518352150917053
61,source,59,-0.8704036474227905,1.0992751121520996,-0.4499547481536865
61,source,60,-0.8785510659217834,1.1017041206359863,-0.44743674993515015
61,source,61,-0.865339994430542,1.090325117111206,-0.4497722387313843
61,source,62,-0.8722468614578247,1.0926204919815063,-0.4525689482688904
61,source,63,-0.8657879829406738,1.0889906883239746,-0.44706737995147705
61,target,0,-0.8362613916397095,1.1136115789413452,-0.4406259059906006
61,target,1,-0.8792881965637207,1.1767041683197021,-0.43957018852233887
61,target,2,-0.8716368675231934,1.1485865116119385,-0.4416769742965698
61,target,3,-0.8707935810089111,1.135730504989624,-0.44326847791671753
61,target,4,-0.8723202347755432,1.1340681314468384,-0.44991111755371094
61,target,5,-0.8923142552375793,1.1566970348358154,-0.4596825838088989
61,target,6,-0.884857714176178,1.144043207168579,-0.45002084970474243
61,target,7,-0.8796277046203613,1.1391959190368652,-0.45300012826919556
61,target,8,-0.8785098791122437,1.1327884197235107,-0.44842928647994995
61,target,9,-0.8635483980178833,1.1212594509124756,-0.4600887894630432
61,target,10,-0.8817497491836548,1.1440842151641846,-0.4498439431190491
61,target,11,-0.8759847283363342,1.1497862339019775,-0.4462907910346985
61,target,12,-0.8847061991691589,1.1400357484817505,-0.44161081314086914
61,target,13,-0.8700684309005737,1.1214349269866943,-0.4534282684326172
61,target,14,-0.8772890567779541,1.1267731189727783,-0.4583204984664917
61,target,15,-0.8792341351509094,1.132254958152771,-0.45480167865753174
61,target,16,-0.8710076808929443,1.1326264142990112,-0.4545442461967468
61,target,17,-0.8826431632041931,1.1565886735916138,-0.44108617305755615
61,target,18,-0.8880305886268616,1.164076328277588,-0.4443513751029968
61,target,19,-0.8798189759254456,1.1527395248413086,-0.441569983959198
61,target,20,-0.8922696709632874,1.1730735301971436,-0.4444289207458496
61,target,21,-0.8828302621841431,1.1417810916900635,-0.4421430230140686
61,target,22,-0.8781040906906128,1.1583805084228516,-0.44038331508636475
61,target,23,-0.8823574185371399,1.1534440517425537,-0.4416022300720215
61,target,24,-0.881794810295105,1.15252685546875,-0.4395807385444641
61,target,25,-0.8729377388954163,1.133570671081543,-0.44008398056030273
61,target,26,-0.876565158367157,1.1400017738342285,-0.4431115388870239
61,target,27,-0.8883165121078491,1.1723757982254028,-0.436286985874176
61,target,28,-0.8751164674758911,1.1320899724960327,-0.42910200357437134
61,target,29,-0.8820858001708984,1.1349821090698242,-0.4495760202407837
61,target,30,-0.867553174495697,1.1057403087615967,-0.4520549774169922
61,target,31,-0.8945406675338745,1.155760645866394,-0.4507827162742615
61,target,32,-0.8971133232116699,1.1463372707366943,-0.4525254964828491
61,target,33,-0.8670963048934937,1.1242719888687134,-0.44391149282455444
61,target,34,-0.8675887584686279,1.123809814453125,-0.44094449281692505
61,target,35,-0.8517659306526184,1.1110494136810303,-0.44000107049942017
61,target,36,-0.8770266175270081,1.1360927820205688,-0.45286256074905396
61,target,37,-0.8532010316848755,1.1165986061096191,-0.44112932682037354
61,target,38,-0.8753113746643066,1.1293199062347412,-0.4404639005661011
61,target,39,-0.8818945288658142,1.146773099899292,-0.4389033317565918
61,target,40,-0.8606116771697998,1.143839716911316,-0.43886417150497437
61,target,41,-0.8616629242897034,1.1597387790679932,-0.4310423731803894
61,target,42,-0.8662960529327393,1.1317728757858276,-0.4354560375213623
61,target,43,-0.8595883846282959,1.1173241138458252,-0.4308767318725586
61,target,44,-0.8651496171951294,1.1297123432159424,-0.42278629541397095
61,target,45,-0.8610907196998596,1.1181023120880127,-0.42169660329818726
61,target,46,-0.8070780038833618,1.0468816757202148,-0.438170850276947
61,target,47,-0.8529611825942993,1.1110577583312988,-0.44837141036987305
61,target,48,-0.8409873247146606,1.1075048446655273,-0.4548625946044922
61,target,49,-0.8055155873298645,1.0401921272277832,-0.4358155131340027
61,target,50,-0.8479576110839844,1.1084816455841064,-0.4362828731536865
61,target,51,-0.8848075866699219,1.147430658340454,-0.4523792862892151
61,target,52,-0.877413272857666,1.1384172439575195,-0.44478845596313477
61,target,53,-0.8870030641555786,1.154139518737793,-0.45652294158935547
61,target,54,-0.8803120851516724,1.1549468040466309,-0.4451635479927063
61,target,55,-0.8923115134239197,1.1515092849731445,-0.45620667934417725
61,target,56,-0.887467622756958,1.1470171213150024,-0.453607976436615
61,target,57,-0.8788394927978516,1.14210045337677,-0.45217180252075195
61,target,58,-0.898432731628418,1.1644513607025146,-0.4566163420677185
61,target,59,-0.8795633316040039,1.1500412225723267,-0.4539644122123718
61,target,60,-0.8822962045669556,1.1518796682357788,-0.4480665326118469
61,target,61,-0.8704574704170227,1.1312215328216553,-0.4510091543197632
61,target,62,-0.8648080229759216,1.1225355863571167,-0.4400748610496521
61,target,63,-0.8681330680847168,1.1262385845184326,-0.45300430059432983
62,source,0,-0.8752007484436035,1.102920413017273,-0.4483839273452759
62,source,1,-0.874139666557312,1.092745065689087,-0.4482870101928711
62,source,2,-0.8635303974151611,1.08584725856781,-0.4448366165161133
62,source,3,-0.8620790243148804,1.0958898067474365,-0.4464947581291199
62,source,4,-0.8675687909126282,1.089970350265503,-0.4533235430717468
62,source,5,-0.8669119477272034,1.0953636169433594,-0.4497835040092468
62,source,6,-0.871263861656189,1.1013896465301514,-0.4511379599571228
62,source,7,-0.8721809387207031,1.097777009010315,-0.4513337016105652
62,source,8,-0.8651661276817322,1.089872121810913,-0.4474329352378845
62,source,9,-0.8726100325584412,1.0968005657196045,-0.44577449560165405
62,source,10,-0.8748878240585327,1.0921846628189087,-0.445592999458313
62,source,11,-0.8705947399139404,1.1031508445739746,-0.44870251417160034
62,source,12,-0.8729503154754639,1.0984392166137695,-0.44590067863464355
62,source,13,-0.8779109716415405,1.1133370399475098,-0.43792885541915894
62,source,14,-0.8710569143295288,1.0942847728729248,-0.43774962425231934
62,source,15,-0.8701052069664001,1.077188491821289,-0.43971526622772217
62,source,16,-0.872829794883728,1.0863234996795654,-0.44306522607803345
62,source,17,-0.8716229796409607,1.0824830532073975,-0.43908005952835083
62,source,18,-0.8760302066802979,1.0911824703216553,-0.44635993242263794
62,source,19,-0.8735319972038269,1.089119791984558,-0.4462040662765503
62,source,20,-0.8638015985488892,1.0955413579940796,-0.4330158233642578
62,source,21,-0.8697165846824646,1.0790913105010986,-0.43403881788253784
62,source,22,-0.8637909293174744,1.080125331878662,-0.4274514317512512
62,source,23,-0.8700599074363708,1.0837606191635132,-0.43168121576309204
62,source,24,-0.8672159910202026,1.0780823230743408,-0.435660719871521
62,source,25,-0.8717798590660095,1.0798041820526123,-0.4417324662208557
62,source,26,-0.8620160222053528,1.091931700706482,-0.438701868057251
62,source,27,-0.8794952630996704,1.085023045539856,-0.44498908519744873
62,source,28,-0.882394552230835,1.085579514503479,-0.443165123462677
62,source,29,-0.8724637627601624,1.0950697660446167,-0.44270336627960205
62,source,30,-0.874646782875061,1.1013844013214111,-0.44397276639938354
62,source,31,-0.8748024702072144,1.0993928909301758,-0.4445881247520447
62,source,32,-0.8689134120941162,1.0938084125518799,-0.4493781328201294
62,source,33,-0.8680616617202759,1.0959116220474243,-0.4510383605957031
62,source,34,-0.8687771558761597,1.0951907634735107,-0.44666534662246704
62,source,35,-0.8716423511505127,1.0826237201690674,-0.446677565574646
62,source,36,-0.8805854320526123,1.0950045585632324,-0.44475144147872925
62,source,37,-0.8652430772781372,1.0866987705230713,-0.43456584215164185
62,source,38,-0.866361141204834,1.0758072137832642,-0.4360821843147278
62,source,39,-0.8679401874542236,1.0767667293548584,-0.43352949619293213
62,source,40,-0.8710891008377075,1.0928702354431152,-0.4404941201210022
62,source,41,-0.8728593587875366,1.0974760055541992,-0.4316090941429138
62,source,42,-0.8714205622673035,1.0949645042419434,-0.4363211989402771
62,source,43,-0.873719334602356,1.0972404479980469,-0.44425058364868164
62,source,44,-0.8611749410629272,1.0849310159683228,-0.42278051376342773
62,source,45,-0.8681472539901733,1.0919467210769653,-0.440574586391449
62,source,46,-0.8717379570007324,1.0911338329315186,-0.44578492641448975
62,source,47,-0.8765007853507996,1.099363088607788,-0.43952280282974243
62,source,48,-0.8606089353561401,1.0932812690734863,-0.4406071901321411
62,source,49,-0.8735998272895813,1.0848841667175293,-0.441245436668396
62,source,50,-0.8590796589851379,1.0969805717468262,-0.4515114426612854
62,source,51,-0.8686251640319824,1.1001135110855103,-0.4559243321418762
62,source,52,-0.8588725328445435,1.089569091796875,-0.4613962769508362
62,source,53,-0.8538554310798645,1.0810368061065674,-0.4619365334510803
62,source,54,-0.8690965175628662,1.1022775173187256,-0.4609863758087158
62,source,55,-0.865695595741272,1.1029796600341797,-0.4542073607444763
62,source,56,-0.8660091161727905,1.1022765636444092,-0.4526103734970093
62,source,57,-0.8656244277954102,1.1072072982788086,-0.4556325674057007
62,source,58,-0.8593856692314148,1.0955636501312256,-0.45595765113830566
62,source,59,-0.8657819032669067,1.1065683364868164,-0.45579618215560913
62,source,60,-0.8726615905761719,1.102555274963379,-0.45230239629745483
62,source,61,-0.8601787090301514,1.0930454730987549,-0.45280784368515015
62,source,62,-0.8656159043312073,1.095137119293213,-0.4554634690284729
62,source,63,-0.8607158660888672,1.094846487045288,-0.4486362934112549
62,target,0,-0.8297064304351807,1.1091710329055786,-0.449939489364624
62,target,1,-0.8704619407653809,1.1663732528686523,-0.4442310929298401
62,target,2,-0.8631786704063416,1.1422903537750244,-0.4491339325904846
62,target,3,-0.8587213754653931,1.1277430057525635,-0.44905567169189453
62,target,4,-0.8666743040084839,1.1291050910949707,-0.4553738236427307
62,target,5,-0.8808733224868774,1.1483744382858276,-0.464186429977417
62,target,6,-0.8803681135177612,1.141432523727417,-0.4571514129638672
62,target,7,-0.8740649223327637,1.1309046745300293,-0.4588216543197632
62,target,8,-0.8748927116394043,1.1301361322402954,-0.45427465438842773
62,target,9,-0.8636723160743713,1.1227701902389526,-0.46592921018600464
62,target,10,-0.8819665908813477,1.1438395977020264,-0.45683538913726807
62,target,11,-0.8768455982208252,1.1486854553222656,-0.451214075088501
62,target,12,-0.8811632394790649,1.1375749111175537,-0.4482588768005371
62,target,13,-0.8660503625869751,1.1193513870239258,-0.4596502184867859
62,target,14,-0.8726833462715149,1.1307041645050049,-0.4628394842147827
62,target,15,-0.8701747059822083,1.1260215044021606,-0.4599747061729431
62,target,16,-0.8644967079162598,1.1276001930236816,-0.46067893505096436
62,target,17,-0.8786246180534363,1.1522815227508545,-0.44735610485076904
62,target,18,-0.8800894021987915,1.1528619527816772,-0.4465833306312561
62,target,19,-0.8731600642204285,1.1443289518356323,-0.446014404296875
62,target,20,-0.8819172978401184,1.1602391004562378,-0.4502257704734802
62,target,21,-0.8759928345680237,1.1338107585906982,-0.44995296001434326
62,target,22,-0.8716713786125183,1.152005910873413,-0.4446776509284973
62,target,23,-0.8760786056518555,1.1462829113006592,-0.445099413394928
62,target,24,-0.874218225479126,1.1396164894104004,-0.44430673122406006
62,target,25,-0.8656664490699768,1.1306861639022827,-0.44283097982406616
62,target,26,-0.8695358037948608,1.1388033628463745,-0.4477345943450928
62,target,27,-0.8789793252944946,1.1596285104751587,-0.4403214454650879
62,target,28,-0.8613322973251343,1.120366096496582,-0.4371185302734375
62,target,29,-0.870421290397644,1.1281983852386475,-0.4522150158882141
62,target,30,-0.8597807288169861,1.103497862815857,-0.45563679933547974
62,target,31,-0.8826126456260681,1.1456741094589233,-0.45337235927581787
62,target,32,-0.8879044055938721,1.1397998332977295,-0.4559512138366699
62,target,33,-0.8644970655441284,1.1267590522766113,-0.4500887989997864
62,target,34,-0.8614216446876526,1.123072624206543,-0.4482124447822571
62,target,35,-0.8477875590324402,1.1161423921585083,-0.44907546043395996
62,target,36,-0.873088002204895,1.1286671161651611,-0.46010464429855347
62,target,37,-0.8494913578033447,1.1144592761993408,-0.44992464780807495
62,target,38,-0.8735942840576172,1.127824306488037,-0.44829827547073364
62,target,39,-0.8770915269851685,1.1368188858032227,-0.44883978366851807
62,target,40,-0.8502827882766724,1.1328964233398438,-0.44498902559280396
62,target,41,-0.8525121212005615,1.147951364517212,-0.4393932819366455
62,target,42,-0.8667184114456177,1.1341238021850586,-0.4469190239906311
62,target,43,-0.8600295782089233,1.122267246246338,-0.44208377599716187
62,target,44,-0.86342453956604,1.131808876991272,-0.43643563985824585
62,target,45,-0.8614680767059326,1.1249709129333496,-0.43256503343582153
62,target,46,-0.797261118888855,1.058902382850647,-0.44406652450561523
62,target,47,-0.8435801267623901,1.1101970672607422,-0.4520731568336487
62,target,48,-0.832935631275177,1.106565237045288,-0.460369348526001
62,target,49,-0.7945950031280518,1.0453221797943115,-0.4434141516685486
62,target,50,-0.8397727012634277,1.1066131591796875,-0.4413716793060303
62,target,51,-0.8770217299461365,1.1443943977355957,-0.45547568798065186
62,target,52,-0.8672806620597839,1.1307053565979004,-0.44974613189697266
62,target,53,-0.8746073246002197,1.1481133699417114,-0.4583597779273987
62,target,54,-0.8731926083564758,1.150435209274292,-0.45110517740249634
62,target,55,-0.8806711435317993,1.1431130170822144,-0.4608767032623291
62,target,56,-0.8757516145706177,1.1421318054199219,-0.45589321851730347
62,target,57,-0.8680233359336853,1.1339384317398071,-0.45531386137008667
62,target,58,-0.8882942795753479,1.1573489904403687,-0.4584525227546692
62,target,59,-0.8686262965202332,1.1425162553787231,-0.45634567737579346
62,target,60,-0.8670459985733032,1.1398261785507202,-0.4518721103668213
62,target,61,-0.8579721450805664,1.1220182180404663,-0.45516437292099
62,target,62,-0.8571863174438477,1.1164313554763794,-0.4463161826133728
62,target,63,-0.8573236465454102,1.1194835901260376,-0.4578176736831665
63,source,0,-0.8764060139656067,1.0953387022018433,-0.4467981457710266
63,source,1,-0.869784951210022,1.07521390914917,-0.448062002658844
63,source,2,-0.8597264289855957,1.0764808654785156,-0.4417949318885803
63,source,3,-0.8522046208381653,1.078403353691101,-0.4431024193763733
63,source,4,-0.8594316244125366,1.0666919946670532,-0.4542563557624817
63,source,5,-0.8655927181243896,1.0837500095367432,-0.44722896814346313
63,source,6,-0.8715738654136658,1.0903569459915161,-0.44894838333129883
63,source,7,-0.8713608384132385,1.0854971408843994,-0.4493834376335144
63,source,8,-0.8632550239562988,1.0746104717254639,-0.4463905692100525
63,source,9,-0.8724257349967957,1.0850178003311157,-0.44225603342056274
63,source,10,-0.8684136271476746,1.0774619579315186,-0.4406769275665283
63,source,11,-0.8636989593505859,1.0875942707061768,-0.44581282138824463
63,source,12,-0.8691468238830566,1.0874580144882202,-0.4441335201263428
63,source,13,-0.8768419027328491,1.104134202003479,-0.4333372712135315
63,source,14,-0.8653334975242615,1.0746779441833496,-0.43442589044570923
63,source,15,-0.8653703331947327,1.0587382316589355,-0.438309907913208
63,source,16,-0.8677512407302856,1.0708813667297363,-0.4394306540489197
63,source,17,-0.8638052940368652,1.0654451847076416,-0.4378770589828491
63,source,18,-0.8710699081420898,1.0754573345184326,-0.4441940188407898
63,source,19,-0.8647424578666687,1.0660879611968994,-0.44712531566619873
63,source,20,-0.8555445671081543,1.0809848308563232,-0.43153536319732666
63,source,21,-0.8603067994117737,1.0641905069351196,-0.43432122468948364
63,source,22,-0.859409749507904,1.0645588636398315,-0.4235683083534241
63,source,23,-0.8629254102706909,1.0666935443878174,-0.43303340673446655
63,source,24,-0.8632246851921082,1.0640945434570312,-0.43484801054000854
63,source,25,-0.8647025227546692,1.0574560165405273,-0.44388294219970703
63,source,26,-0.8554921746253967,1.0716471672058105,-0.43894702196121216
63,source,27,-0.8837791681289673,1.0816611051559448,-0.4430055022239685
63,source,28,-0.8747195601463318,1.0741734504699707,-0.4445192217826843
63,source,29,-0.869135856628418,1.079326868057251,-0.44105064868927
63,source,30,-0.8692406415939331,1.0892326831817627,-0.43863773345947266
63,source,31,-0.8687360286712646,1.0837666988372803,-0.4388556480407715
63,source,32,-0.8617862462997437,1.0748214721679688,-0.44628429412841797
63,source,33,-0.8640692234039307,1.079791784286499,-0.4507034420967102
63,source,34,-0.8678929805755615,1.0849851369857788,-0.44592559337615967
63,source,35,-0.8676460981369019,1.068514108657837,-0.44682061672210693
63,source,36,-0.883441686630249,1.088279366493225,-0.4403228163719177
63,source,37,-0.8599007725715637,1.0725961923599243,-0.4350241422653198
63,source,38,-0.8619211912155151,1.0522725582122803,-0.4345322251319885
63,source,39,-0.8629084825515747,1.0617753267288208,-0.4317622184753418
63,source,40,-0.8671741485595703,1.0742383003234863,-0.44409602880477905
63,source,41,-0.8704764246940613,1.0831375122070312,-0.43269747495651245
63,source,42,-0.8717855215072632,1.0823423862457275,-0.4355170726776123
63,source,43,-0.8710614442825317,1.080411672592163,-0.4495176672935486
63,source,44,-0.8534032106399536,1.071406602859497,-0.42253047227859497
63,source,45,-0.8569331169128418,1.0703481435775757,-0.4371452331542969
63,source,46,-0.8718702793121338,1.0799248218536377,-0.44306206703186035
63,source,47,-0.8744304180145264,1.090454339981079,-0.4346424341201782
63,source,48,-0.8548234105110168,1.0791494846343994,-0.4371878504753113
63,source,49,-0.8713929653167725,1.0660443305969238,-0.43950432538986206
63,source,50,-0.8549458384513855,1.0782651901245117,-0.4522418975830078
63,source,51,-0.8626283407211304,1.0819065570831299,-0.45406633615493774
63,source,52,-0.8478360772132874,1.0674155950546265,-0.46747350692749023
63,source,53,-0.8436833024024963,1.0612156391143799,-0.46694308519363403
63,source,54,-0.8591208457946777,1.0795421600341797,-0.4637579917907715
63,source,55,-0.8599226474761963,1.0909372568130493,-0.4548390507698059
63,source,56,-0.8614275455474854,1.087249517440796,-0.45271480083465576
63,source,57,-0.8609222173690796,1.093776822090149,-0.4540063142776489
63,source,58,-0.8526076674461365,1.0804874897003174,-0.4557877779006958
63,source,59,-0.8571131229400635,1.089921236038208,-0.454755961894989
63,source,60,-0.8657134175300598,1.088007926940918,-0.45239800214767456
63,source,61,-0.8537680506706238,1.0779342651367188,-0.452617883682251
63,source,62,-0.8606867790222168,1.0827078819274902,-0.45561522245407104
63,source,63,-0.8548189401626587,1.0784971714019775,-0.4467313289642334
63,target,0,-0.8226675987243652,1.0938701629638672,-0.44795167446136475
63,target,1,-0.8668823838233948,1.1565871238708496,-0.44364285469055176
63,target,2,-0.8613358736038208,1.1335030794143677,-0.44561415910720825
63,target,3,-0.8529815077781677,1.1081433296203613,-0.445989191532135
63,target,4,-0.8614271283149719,1.1208382844924927,-0.4522579312324524
63,target,5,-0.8759411573410034,1.139554738998413,-0.4659046530723572
63,target,6,-0.8769115209579468,1.1333295106887817,-0.4554542303085327
63,target,7,-0.8674930930137634,1.1188223361968994,-0.4601792097091675
63,target,8,-0.8696104884147644,1.1174712181091309,-0.45456796884536743
63,target,9,-0.8535011410713196,1.1135950088500977,-0.46590369939804077
63,target,10,-0.8722758889198303,1.1341578960418701,-0.4541926383972168
63,target,11,-0.8659121990203857,1.1422234773635864,-0.4511820673942566
63,target,12,-0.8715922832489014,1.1321096420288086,-0.44477951526641846
63,target,13,-0.8566832542419434,1.1015547513961792,-0.4557623863220215
63,target,14,-0.8640855550765991,1.111192226409912,-0.46153444051742554
63,target,15,-0.8657330274581909,1.109104871749878,-0.4586922526359558
63,target,16,-0.8605021834373474,1.1146478652954102,-0.46082019805908203
63,target,17,-0.8784583806991577,1.1525678634643555,-0.4436134696006775
63,target,18,-0.8784651160240173,1.1533396244049072,-0.4446418881416321
63,target,19,-0.8702707290649414,1.1371479034423828,-0.4464089870452881
63,target,20,-0.8799306750297546,1.1525225639343262,-0.44947779178619385
63,target,21,-0.8748583197593689,1.1278860569000244,-0.4472355842590332
63,target,22,-0.8643914461135864,1.1422433853149414,-0.44272446632385254
63,target,23,-0.8745168447494507,1.1372621059417725,-0.4450846314430237
63,target,24,-0.8709032535552979,1.1312012672424316,-0.444221556186676
63,target,25,-0.8592295050621033,1.1091246604919434,-0.4415730834007263
63,target,26,-0.8596389293670654,1.1219130754470825,-0.4476563334465027
63,target,27,-0.8744526505470276,1.1486092805862427,-0.4405178427696228
63,target,28,-0.8596566915512085,1.0998200178146362,-0.43681222200393677
63,target,29,-0.8675415515899658,1.1244714260101318,-0.4519299268722534
63,target,30,-0.8583162426948547,1.0965349674224854,-0.4559844732284546
63,target,31,-0.8806756734848022,1.138871669769287,-0.44839948415756226
63,target,32,-0.8820510506629944,1.1352062225341797,-0.45464956760406494
63,target,33,-0.8584632873535156,1.1235287189483643,-0.4449204206466675
63,target,34,-0.8521764278411865,1.1065820455551147,-0.44359999895095825
63,target,35,-0.8411974906921387,1.1136574745178223,-0.44397246837615967
63,target,36,-0.8711977005004883,1.1325578689575195,-0.45411550998687744
63,target,37,-0.8443669080734253,1.1093977689743042,-0.4448855519294739
63,target,38,-0.8677271008491516,1.1274702548980713,-0.4413299560546875
63,target,39,-0.8763115406036377,1.1452116966247559,-0.44118088483810425
63,target,40,-0.8487852811813354,1.1293935775756836,-0.44361668825149536
63,target,41,-0.848547101020813,1.1426527500152588,-0.43647658824920654
63,target,42,-0.854206919670105,1.1148262023925781,-0.44327276945114136
63,target,43,-0.8466840982437134,1.100937843322754,-0.43990248441696167
63,target,44,-0.8515756130218506,1.1160553693771362,-0.43105196952819824
63,target,45,-0.8479335904121399,1.1072113513946533,-0.4306003451347351
63,target,46,-0.7995261549949646,1.039661169052124,-0.4387030005455017
63,target,47,-0.8385486602783203,1.090781807899475,-0.4476473927497864
63,target,48,-0.8229992985725403,1.084136724472046,-0.4561173915863037
63,target,49,-0.7976711988449097,1.0274133682250977,-0.4346357583999634
63,target,50,-0.8325811624526978,1.0863709449768066,-0.4391481876373291
63,target,51,-0.8700597882270813,1.1299431324005127,-0.45183753967285156
63,target,52,-0.8604776859283447,1.1206097602844238,-0.44586825370788574
63,target,53,-0.870991587638855,1.130874514579773,-0.45608288049697876
63,target,54,-0.869901180267334,1.1356298923492432,-0.4473019242286682
63,target,55,-0.8756670951843262,1.1335093975067139,-0.4580304026603699
63,target,56,-0.8713386058807373,1.1313083171844482,-0.4526863694190979
63,target,57,-0.8636249899864197,1.1209278106689453,-0.4542809724807739
63,target,58,-0.882537841796875,1.145446538925171,-0.4559699296951294
63,target,59,-0.8623696565628052,1.1250088214874268,-0.4532318711280823
63,target,60,-0.8668157458305359,1.1310722827911377,-0.4473097324371338
63,target,61,-0.854267954826355,1.1093595027923584,-0.45059025287628174
63,target,62,-0.8498482704162598,1.1072967052459717,-0.44178885221481323
63,target,63,-0.8501022458076477,1.103011131286621,-0.4569103717803955
64,source,0,-0.8752233982086182,1.0905590057373047,-0.4351021647453308
64,source,1,-0.8674153089523315,1.0685497522354126,-0.4366282820701599
64,source,2,-0.8549299240112305,1.063971757888794,-0.4339824914932251
64,source,3,-0.849373996257782,1.0711239576339722,-0.43290019035339355
64,source,4,-0.8528326749801636,1.0600409507751465,-0.44979220628738403
64,source,5,-0.8636035919189453,1.0727572441101074,-0.4369545578956604
64,source,6,-0.8697184920310974,1.0818650722503662,-0.4389520287513733
64,source,7,-0.8703709840774536,1.0777740478515625,-0.4386556148529053
64,source,8,-0.862825870513916,1.0667787790298462,-0.4376055598258972
64,source,9,-0.8727372884750366,1.081038236618042,-0.4323377013206482
64,source,10,-0.864242672920227,1.066819429397583,-0.4325014352798462
64,source,11,-0.8645867109298706,1.081963062286377,-0.4326019287109375
64,source,12,-0.8649765253067017,1.0773106813430786,-0.4339557886123657
64,source,13,-0.8697798252105713,1.093498945236206,-0.42363446950912476
64,source,14,-0.8659498691558838,1.0730104446411133,-0.42538970708847046
64,source,15,-0.8623366355895996,1.0526747703552246,-0.43157219886779785
64,source,16,-0.8674399852752686,1.0636043548583984,-0.4277644157409668
64,source,17,-0.8582952618598938,1.0541483163833618,-0.42657244205474854
64,source,18,-0.8680898547172546,1.0654022693634033,-0.432281494140625
64,source,19,-0.8633145093917847,1.0644497871398926,-0.43569403886795044
64,source,20,-0.8512592315673828,1.0745551586151123,-0.4246528744697571
64,source,21,-0.8561464548110962,1.05562424659729,-0.43179649114608765
64,source,22,-0.8569066524505615,1.0577435493469238,-0.4162279963493347
64,source,23,-0.859952986240387,1.057077169418335,-0.42470693588256836
64,source,24,-0.862294614315033,1.0570517778396606,-0.4283149242401123
64,source,25,-0.8634392023086548,1.0521984100341797,-0.4359530210494995
64,source,26,-0.851864218711853,1.0643866062164307,-0.42988812923431396
64,source,27,-0.8756886720657349,1.0655312538146973,-0.43212199211120605
64,source,28,-0.8719388246536255,1.0687237977981567,-0.4361386299133301
64,source,29,-0.8616946339607239,1.0675451755523682,-0.4335755705833435
64,source,30,-0.8664190173149109,1.081211805343628,-0.4283633232116699
64,source,31,-0.8674978613853455,1.076960563659668,-0.43063443899154663
64,source,32,-0.8599470853805542,1.0715157985687256,-0.4384503960609436
64,source,33,-0.8607149720191956,1.071594476699829,-0.44168519973754883
64,source,34,-0.8652746081352234,1.0819768905639648,-0.4351120591163635
64,source,35,-0.8661468625068665,1.060577392578125,-0.43331342935562134
64,source,36,-0.8740015029907227,1.0734930038452148,-0.43238312005996704
64,source,37,-0.859653115272522,1.067873477935791,-0.4270506501197815
64,source,38,-0.8634346127510071,1.053102731704712,-0.4258006811141968
64,source,39,-0.863188624382019,1.0558255910873413,-0.42333656549453735
64,source,40,-0.8657007217407227,1.065859079360962,-0.4376766085624695
64,source,41,-0.8690977096557617,1.0785198211669922,-0.4260563254356384
64,source,42,-0.8699264526367188,1.0747361183166504,-0.42738085985183716
64,source,43,-0.8656899333000183,1.0729856491088867,-0.44101840257644653
64,source,44,-0.8471770882606506,1.0610074996948242,-0.41320163011550903
64,source,45,-0.8544800281524658,1.0647614002227783,-0.42931222915649414
64,source,46,-0.8654314279556274,1.069874882698059,-0.43254441022872925
64,source,47,-0.8739017248153687,1.0867326259613037,-0.42460042238235474
64,source,48,-0.8520164489746094,1.0689274072647095,-0.42497503757476807
64,source,49,-0.8673149943351746,1.0604262351989746,-0.4335605502128601
64,source,50,-0.8470414280891418,1.0767099857330322,-0.45257270336151123
64,source,51,-0.8533552885055542,1.074521541595459,-0.4570697546005249
64,source,52,-0.8400145173072815,1.0633249282836914,-0.46751296520233154
64,source,53,-0.8418975472450256,1.0670207738876343,-0.4656152129173279
64,source,54,-0.850493848323822,1.0740987062454224,-0.4651721715927124
64,source,55,-0.8521809577941895,1.0828800201416016,-0.4563238024711609
64,source,56,-0.8542972207069397,1.0819299221038818,-0.4544140696525574
64,source,57,-0.8543081879615784,1.087249994277954,-0.4560701251029968
64,source,58,-0.8464527130126953,1.0753690004348755,-0.4570190906524658
64,source,59,-0.8512516021728516,1.0827089548110962,-0.45774972438812256
64,source,60,-0.8600841760635376,1.0863227844238281,-0.45273488759994507
64,source,61,-0.848264753818512,1.0759233236312866,-0.45676982402801514
64,source,62,-0.8525267243385315,1.0752757787704468,-0.4560812711715698
64,source,63,-0.8441513776779175,1.0706454515457153,-0.45182645320892334
64,target,0,-0.8136045932769775,1.0916179418563843,-0.4519948363304138
64,target,1,-0.855593740940094,1.1473671197891235,-0.44470685720443726
64,target,2,-0.8473414778709412,1.1236376762390137,-0.45033693313598633
64,target,3,-0.844566822052002,1.105621576309204,-0.44943588972091675
64,target,4,-0.851068377494812,1.1140391826629639,-0.45538341999053955
64,target,5,-0.8706764578819275,1.138871192932129,-0.46721822023391724
64,target,6,-0.8707827925682068,1.1289563179016113,-0.4562380909919739
64,target,7,-0.8635115623474121,1.1129889488220215,-0.45971888303756714
64,target,8,-0.8657252788543701,1.1118026971817017,-0.45448505878448486
64,target,9,-0.8451646566390991,1.1021593809127808,-0.46705371141433716
64,target,10,-0.8667705655097961,1.1249094009399414,-0.4594823122024536
64,target,11,-0.8567652106285095,1.1302940845489502,-0.45498430728912354
64,target,12,-0.8644108176231384,1.1188793182373047,-0.45077890157699585
64,target,13,-0.8504294753074646,1.0990989208221436,-0.4579920172691345
64,target,14,-0.8594704270362854,1.1117383241653442,-0.4623892307281494
64,target,15,-0.8555058240890503,1.1033082008361816,-0.46055668592453003
64,target,16,-0.8511826992034912,1.1083848476409912,-0.46037518978118896
64,target,17,-0.8705316185951233,1.1392815113067627,-0.4477662444114685
64,target,18,-0.8681842088699341,1.1413325071334839,-0.4459771513938904
64,target,19,-0.8569557070732117,1.1240613460540771,-0.446270227432251
64,target,20,-0.8690646886825562,1.1438663005828857,-0.4495866894721985
64,target,21,-0.8589032292366028,1.114591121673584,-0.4493291974067688
64,target,22,-0.8573668003082275,1.1365396976470947,-0.44570720195770264
64,target,23,-0.8637042045593262,1.1298357248306274,-0.44653886556625366
64,target,24,-0.8598049283027649,1.1224586963653564,-0.44394445419311523
64,target,25,-0.8472479581832886,1.1045730113983154,-0.44298386573791504
64,target,26,-0.8521849513053894,1.1135307550430298,-0.4499272108078003
64,target,27,-0.8586596250534058,1.1356117725372314,-0.4459165334701538
64,target,28,-0.8495358228683472,1.100890874862671,-0.44055837392807007
64,target,29,-0.8594350218772888,1.114938497543335,-0.45103704929351807
64,target,30,-0.838577151298523,1.0723333358764648,-0.45896458625793457
64,target,31,-0.8697459101676941,1.1293230056762695,-0.4508380889892578
64,target,32,-0.8724517822265625,1.124079704284668,-0.4550611972808838
64,target,33,-0.8439313173294067,1.1158379316329956,-0.45039016008377075
64,target,34,-0.8427184820175171,1.1031420230865479,-0.4486847519874573
64,target,35,-0.8284527063369751,1.1014928817749023,-0.44784462451934814
64,target,36,-0.8601743578910828,1.121198058128357,-0.4574577212333679
64,target,37,-0.8307889103889465,1.1006792783737183,-0.44972431659698486
64,target,38,-0.8529951572418213,1.112901210784912,-0.44731104373931885
64,target,39,-0.8606576919555664,1.126488447189331,-0.45026934146881104
64,target,40,-0.8416731953620911,1.123358964920044,-0.44628775119781494
64,target,41,-0.8455409407615662,1.1372814178466797,-0.43754827976226807
64,target,42,-0.8520896434783936,1.107752799987793,-0.4413386583328247
64,target,43,-0.8475231528282166,1.0950459241867065,-0.43924278020858765
64,target,44,-0.8507667779922485,1.1068387031555176,-0.4304347634315491
64,target,45,-0.8488196134567261,1.098219633102417,-0.428846538066864
64,target,46,-0.7865728139877319,1.0405389070510864,-0.4425550103187561
64,target,47,-0.8301348686218262,1.0906648635864258,-0.44898611307144165
64,target,48,-0.8137401938438416,1.0829408168792725,-0.4586103558540344
64,target,49,-0.7830777168273926,1.0248589515686035,-0.4379836320877075
64,target,50,-0.8203867673873901,1.0821080207824707,-0.43967878818511963
64,target,51,-0.8620057106018066,1.122536540031433,-0.45245081186294556
64,target,52,-0.849693238735199,1.1084568500518799,-0.4500289559364319
64,target,53,-0.857358455657959,1.1228723526000977,-0.4564186930656433
64,target,54,-0.8561908602714539,1.128582239151001,-0.4525056481361389
64,target,55,-0.8630443811416626,1.1253662109375,-0.4606085419654846
64,target,56,-0.8585593700408936,1.125378966331482,-0.4543786644935608
64,target,57,-0.8474307060241699,1.1121965646743774,-0.4563503861427307
64,target,58,-0.8667327761650085,1.1324543952941895,-0.4582381248474121
64,target,59,-0.8534044027328491,1.1239206790924072,-0.4546647071838379
64,target,60,-0.8521875143051147,1.1189088821411133,-0.4497342109680176
64,target,61,-0.8414157629013062,1.1016647815704346,-0.4530850052833557
64,target,62,-0.8342688679695129,1.0966877937316895,-0.44709527492523193
64,target,63,-0.8366159200668335,1.0973073244094849,-0.45814573764801025
65,source,0,-0.8796311020851135,1.099801778793335,-0.4474327564239502
65,source,1,-0.872878909111023,1.0804426670074463,-0.44875669479370117
65,source,2,-0.8615034818649292,1.0742316246032715,-0.4498799443244934
65,source,3,-0.8569709062576294,1.0806273221969604,-0.4479128122329712
65,source,4,-0.8600924611091614,1.0740770101547241,-0.45814406871795654
65,source,5,-0.8648532629013062,1.0828182697296143,-0.44972872734069824
65,source,6,-0.871488094329834,1.095033884048462,-0.45102459192276
65,source,7,-0.8705450296401978,1.086722731590271,-0.4518466591835022
65,source,8,-0.8633480072021484,1.078861117362976,-0.44904017448425293
65,source,9,-0.8718327879905701,1.0895246267318726,-0.4462469220161438
65,source,10,-0.870197057723999,1.0793516635894775,-0.44865548610687256
65,source,11,-0.8694203495979309,1.0945134162902832,-0.4495716691017151
65,source,12,-0.8671974539756775,1.0892066955566406,-0.4472963809967041
65,source,13,-0.8752298355102539,1.107130527496338,-0.4382172226905823
65,source,14,-0.866377592086792,1.0816441774368286,-0.44105440378189087
65,source,15,-0.8697230219841003,1.0660446882247925,-0.4397522807121277
65,source,16,-0.8695910573005676,1.075505256652832,-0.4444217085838318
65,source,17,-0.8642811179161072,1.0690772533416748,-0.44307374954223633
65,source,18,-0.8708624839782715,1.0783801078796387,-0.44831353425979614
65,source,19,-0.866504430770874,1.0740251541137695,-0.45015841722488403
65,source,20,-0.8541127443313599,1.0807271003723145,-0.43960040807724
65,source,21,-0.8624122142791748,1.0673573017120361,-0.4421127438545227
65,source,22,-0.8610528707504272,1.0679538249969482,-0.43527281284332275
65,source,23,-0.8643366098403931,1.0699114799499512,-0.438220739364624
65,source,24,-0.8619589805603027,1.065110683441162,-0.4430336356163025
65,source,25,-0.8656105995178223,1.0659258365631104,-0.4442901611328125
65,source,26,-0.8570345640182495,1.076909065246582,-0.4421194791793823
65,source,27,-0.8783915638923645,1.07954740524292,-0.44460344314575195
65,source,28,-0.8802507519721985,1.0821857452392578,-0.446087121963501
65,source,29,-0.8675365447998047,1.0830700397491455,-0.4463343024253845
65,source,30,-0.8712624907493591,1.0947312116622925,-0.4466562271118164
65,source,31,-0.8699368238449097,1.0838167667388916,-0.4481666684150696
65,source,32,-0.8642224073410034,1.0808839797973633,-0.45389819145202637
65,source,33,-0.8621209859848022,1.0799713134765625,-0.4544767737388611
65,source,34,-0.8664617538452148,1.090065360069275,-0.4472277760505676
65,source,35,-0.8690748810768127,1.074068546295166,-0.4486311078071594
65,source,36,-0.8798843026161194,1.084460735321045,-0.443808376789093
65,source,37,-0.8633419275283813,1.0767474174499512,-0.43661046028137207
65,source,38,-0.8605394959449768,1.0609910488128662,-0.4395957589149475
65,source,39,-0.8649851083755493,1.0672056674957275,-0.4376062750816345
65,source,40,-0.8675186038017273,1.0799050331115723,-0.4438279867172241
65,source,41,-0.8697530031204224,1.0842920541763306,-0.4353991150856018
65,source,42,-0.8685455918312073,1.079032063484192,-0.4394676685333252
65,source,43,-0.868651270866394,1.08211350440979,-0.4477757215499878
65,source,44,-0.8523592948913574,1.0709421634674072,-0.431193470954895
65,source,45,-0.8556649684906006,1.076147198677063,-0.44628220796585083
65,source,46,-0.8684905767440796,1.0787739753723145,-0.4466429352760315
65,source,47,-0.8806285262107849,1.0967421531677246,-0.4391583800315857
65,source,48,-0.8559091091156006,1.0785908699035645,-0.4438595771789551
65,source,49,-0.8730277419090271,1.076676607131958,-0.44256651401519775
65,source,50,-0.8556467294692993,1.0863018035888672,-0.4532368779182434
65,source,51,-0.8616875410079956,1.086158275604248,-0.45639050006866455
65,source,52,-0.8488709926605225,1.0719823837280273,-0.46563929319381714
65,source,53,-0.8466644883155823,1.069244384765625,-0.46081221103668213
65,source,54,-0.8581249713897705,1.0835247039794922,-0.4641150236129761
65,source,55,-0.8615469932556152,1.0899596214294434,-0.45443159341812134
65,source,56,-0.8630236387252808,1.08977472782135,-0.4554404616355896
65,source,57,-0.8621742725372314,1.095194697380066,-0.45693546533584595
65,source,58,-0.8547060489654541,1.0833797454833984,-0.45862674713134766
65,source,59,-0.8620959520339966,1.0927491188049316,-0.45584291219711304
65,source,60,-0.8608013391494751,1.0859259366989136,-0.4528506398200989
65,source,61,-0.8545150756835938,1.0796680450439453,-0.4522169232368469
65,source,62,-0.856195867061615,1.0779153108596802,-0.458168625831604
65,source,63,-0.8500304818153381,1.079168677330017,-0.45121824741363525
65,target,0,-0.8298859596252441,1.1083464622497559,-0.44983911514282227
65,target,1,-0.8701331615447998,1.163940191268921,-0.4425007104873657
65,target,2,-0.8575528264045715,1.1295362710952759,-0.4480860233306885
65,target,3,-0.8537707328796387,1.116966724395752,-0.44935309886932373
65,target,4,-0.8569063544273376,1.1172676086425781,-0.45536667108535767
65,target,5,-0.8794187903404236,1.135089635848999,-0.46609681844711304
65,target,6,-0.8893362879753113,1.1385581493377686,-0.45412832498550415
65,target,7,-0.874069094657898,1.124769926071167,-0.4592013359069824
65,target,8,-0.8779365420341492,1.1245348453521729,-0.45543956756591797
65,target,9,-0.8562209606170654,1.1161396503448486,-0.4640476107597351
65,target,10,-0.8726526498794556,1.1353273391723633,-0.4554893970489502
65,target,11,-0.865014910697937,1.1406564712524414,-0.45176583528518677
65,target,12,-0.8743155002593994,1.1323716640472412,-0.4510875940322876
65,target,13,-0.8622103333473206,1.1119880676269531,-0.4580034017562866
65,target,14,-0.8654597997665405,1.115026593208313,-0.46346819400787354
65,target,15,-0.8678739666938782,1.11043381690979,-0.4602481722831726
65,target,16,-0.8579159379005432,1.1105921268463135,-0.46055346727371216
65,target,17,-0.8730564713478088,1.1416356563568115,-0.4475652575492859
65,target,18,-0.8860622048377991,1.153700828552246,-0.4463982582092285
65,target,19,-0.8688966035842896,1.141840934753418,-0.44493407011032104
65,target,20,-0.8840829730033875,1.1579511165618896,-0.44768226146698
65,target,21,-0.8814843893051147,1.1352505683898926,-0.4456028342247009
65,target,22,-0.8656114339828491,1.1448187828063965,-0.4426962733268738
65,target,23,-0.871067225933075,1.136911153793335,-0.4466482996940613
65,target,24,-0.8718969821929932,1.133699655532837,-0.44254231452941895
65,target,25,-0.8617779016494751,1.1196467876434326,-0.4437587261199951
65,target,26,-0.8683642148971558,1.1315122842788696,-0.446135938167572
65,target,27,-0.8736684322357178,1.1494699716567993,-0.44158273935317993
65,target,28,-0.858165979385376,1.103510856628418,-0.44035232067108154
65,target,29,-0.8667418956756592,1.1256511211395264,-0.45393192768096924
65,target,30,-0.8506951332092285,1.0905749797821045,-0.46159887313842773
65,target,31,-0.8884363174438477,1.143433928489685,-0.45145511627197266
65,target,32,-0.888324499130249,1.1415913105010986,-0.455623984336853
65,target,33,-0.8515543341636658,1.1179803609848022,-0.44709330797195435
65,target,34,-0.852112889289856,1.1091043949127197,-0.45013606548309326
65,target,35,-0.8433734178543091,1.106627345085144,-0.44626718759536743
65,target,36,-0.8721738457679749,1.1270365715026855,-0.45529162883758545
65,target,37,-0.8428614735603333,1.1052334308624268,-0.4477155804634094
65,target,38,-0.8644999265670776,1.119573950767517,-0.44896793365478516
65,target,39,-0.8708678483963013,1.1312569379806519,-0.44659316539764404
65,target,40,-0.8526720404624939,1.1336332559585571,-0.44511479139328003
65,target,41,-0.8491169810295105,1.1430554389953613,-0.43789470195770264
65,target,42,-0.8575135469436646,1.1189213991165161,-0.45462149381637573
65,target,43,-0.8512440919876099,1.1127712726593018,-0.4477584958076477
65,target,44,-0.8541868329048157,1.1232768297195435,-0.4431478977203369
65,target,45,-0.8516504764556885,1.1119744777679443,-0.44133830070495605
65,target,46,-0.8057141304016113,1.057656168937683,-0.4384467601776123
65,target,47,-0.8463407754898071,1.1102322340011597,-0.44857609272003174
65,target,48,-0.8318421244621277,1.1030521392822266,-0.45610278844833374
65,target,49,-0.8072397112846375,1.0451388359069824,-0.4354053735733032
65,target,50,-0.8344550132751465,1.1016786098480225,-0.4440566897392273
65,target,51,-0.8732907772064209,1.1397323608398438,-0.45494431257247925
65,target,52,-0.8608428835868835,1.1257954835891724,-0.452110230922699
65,target,53,-0.8706333041191101,1.13926362991333,-0.45715057849884033
65,target,54,-0.8672354221343994,1.1367566585540771,-0.4525192975997925
65,target,55,-0.8784966468811035,1.1444084644317627,-0.45955890417099
65,target,56,-0.8767972588539124,1.146498203277588,-0.45136159658432007
65,target,57,-0.8635385036468506,1.1292316913604736,-0.4553282856941223
65,target,58,-0.8857258558273315,1.1561686992645264,-0.4566724896430969
65,target,59,-0.8704794645309448,1.1439464092254639,-0.4536186456680298
65,target,60,-0.8682503700256348,1.1410300731658936,-0.4506205916404724
65,target,61,-0.857460618019104,1.1222457885742188,-0.45455390214920044
65,target,62,-0.8531205058097839,1.1143474578857422,-0.44545644521713257
65,target,63,-0.8546068668365479,1.116590976715088,-0.4579523801803589
66,source,0,-0.8731955289840698,1.0852477550506592,-0.44459986686706543
66,source,1,-0.8641300797462463,1.0633466243743896,-0.44586461782455444
66,source,2,-0.856216549873352,1.0650584697723389,-0.4441920518875122
66,source,3,-0.8515709638595581,1.071256160736084,-0.44434142112731934
66,source,4,-0.8586471080780029,1.066246509552002,-0.45128965377807617
66,source,5,-0.8614519238471985,1.0749406814575195,-0.44614505767822266
66,source,6,-0.8648879528045654,1.0782771110534668,-0.4483256936073303
66,source,7,-0.8675829768180847,1.074004054069519,-0.44846177101135254
66,source,8,-0.8580508232116699,1.0647287368774414,-0.44480031728744507
66,source,9,-0.8668646812438965,1.0777850151062012,-0.44275015592575073
66,source,10,-0.867908239364624,1.069564700126648,-0.4417886734008789
66,source,11,-0.8605808019638062,1.0773515701293945,-0.4466041326522827
66,source,12,-0.861899197101593,1.0749436616897583,-0.44062477350234985
66,source,13,-0.8690762519836426,1.0949150323867798,-0.43252992630004883
66,source,14,-0.8607882261276245,1.0661725997924805,-0.434992253780365
66,source,15,-0.8671695590019226,1.0561065673828125,-0.43726271390914917
66,source,16,-0.8648449182510376,1.0655027627944946,-0.4394134283065796
66,source,17,-0.8615626096725464,1.0588164329528809,-0.4376251697540283
66,source,18,-0.8675206899642944,1.066490888595581,-0.44326913356781006
66,source,19,-0.8658647537231445,1.0649974346160889,-0.44538164138793945
66,source,20,-0.8541550636291504,1.0800468921661377,-0.431115984916687
66,source,21,-0.8619049787521362,1.0637667179107666,-0.43505632877349854
66,source,22,-0.8562672734260559,1.061538815498352,-0.4279717803001404
66,source,23,-0.8611489534378052,1.064039945602417,-0.43163710832595825
66,source,24,-0.8593151569366455,1.0560615062713623,-0.4358646869659424
66,source,25,-0.8659626245498657,1.0551725625991821,-0.44107574224472046
66,source,26,-0.8551348447799683,1.0714715719223022,-0.4377114772796631
66,source,27,-0.8759204149246216,1.0664985179901123,-0.44073486328125
66,source,28,-0.8726680874824524,1.0643351078033447,-0.44061553478240967
66,source,29,-0.8642838001251221,1.0755410194396973,-0.44128304719924927
66,source,30,-0.8656294941902161,1.0821850299835205,-0.44073694944381714
66,source,31,-0.8657519817352295,1.0779305696487427,-0.44060081243515015
66,source,32,-0.8591518402099609,1.0709750652313232,-0.4449530839920044
66,source,33,-0.8607886433601379,1.0737967491149902,-0.44914543628692627
66,source,34,-0.8616307973861694,1.0743560791015625,-0.4439634084701538
66,source,35,-0.863852322101593,1.0570769309997559,-0.4465959072113037
66,source,36,-0.8774172067642212,1.0774176120758057,-0.4417879581451416
66,source,37,-0.8587556481361389,1.0683236122131348,-0.4354601502418518
66,source,38,-0.8577719926834106,1.0467777252197266,-0.4360000491142273
66,source,39,-0.8599032163619995,1.0591180324554443,-0.43260663747787476
66,source,40,-0.8677938580513,1.0720961093902588,-0.44251227378845215
66,source,41,-0.8675969839096069,1.076660394668579,-0.4334697127342224
66,source,42,-0.8674964308738708,1.0722427368164062,-0.43621277809143066
66,source,43,-0.8712946176528931,1.0755457878112793,-0.44653505086898804
66,source,44,-0.8520572185516357,1.06587553024292,-0.42557990550994873
66,source,45,-0.8567620515823364,1.0693798065185547,-0.4370272159576416
66,source,46,-0.8654965758323669,1.066917896270752,-0.44394928216934204
66,source,47,-0.8699153661727905,1.07900071144104,-0.43673449754714966
66,source,48,-0.8516731262207031,1.0694708824157715,-0.4380651116371155
66,source,49,-0.8684720396995544,1.0646198987960815,-0.43764054775238037
66,source,50,-0.8565648794174194,1.0738327503204346,-0.45476770401000977
66,source,51,-0.8605333566665649,1.0743488073349,-0.45655912160873413
66,source,52,-0.8506114482879639,1.0628937482833862,-0.46637529134750366
66,source,53,-0.8487105369567871,1.0615973472595215,-0.46166324615478516
66,source,54,-0.8611400127410889,1.0759036540985107,-0.46172934770584106
66,source,55,-0.8639683723449707,1.0850818157196045,-0.45402270555496216
66,source,56,-0.8643977642059326,1.0834379196166992,-0.4545134902000427
66,source,57,-0.8659874796867371,1.0894744396209717,-0.45598381757736206
66,source,58,-0.856137752532959,1.0768523216247559,-0.45619821548461914
66,source,59,-0.862368643283844,1.0873262882232666,-0.45536065101623535
66,source,60,-0.8644461631774902,1.0800893306732178,-0.45218807458877563
66,source,61,-0.8555958271026611,1.0742321014404297,-0.45294100046157837
66,source,62,-0.8598020076751709,1.0724633932113647,-0.4548664689064026
66,source,63,-0.8511139154434204,1.0681612491607666,-0.4495053291320801
66,target,0,-0.8304155468940735,1.0985808372497559,-0.44682157039642334
66,target,1,-0.8677021265029907,1.1525108814239502,-0.4426560401916504
66,target,2,-0.8602520227432251,1.1272544860839844,-0.4460463523864746
66,target,3,-0.8569486141204834,1.111920952796936,-0.4459965229034424
66,target,4,-0.8564180135726929,1.1048625707626343,-0.45195674896240234
66,target,5,-0.8780039548873901,1.12302827835083,-0.46764707565307617
66,target,6,-0.8830339312553406,1.129713773727417,-0.45610153675079346
66,target,7,-0.8719849586486816,1.1174144744873047,-0.4580528736114502
66,target,8,-0.8786438703536987,1.1211214065551758,-0.4543263912200928
66,target,9,-0.8525780439376831,1.1043782234191895,-0.4624812602996826
66,target,10,-0.8700701594352722,1.1236623525619507,-0.45437371730804443
66,target,11,-0.8635197877883911,1.1255772113800049,-0.45111358165740967
66,target,12,-0.868557870388031,1.1154215335845947,-0.4462934732437134
66,target,13,-0.8573898673057556,1.0966795682907104,-0.45628243684768677
66,target,14,-0.86504727602005,1.1070811748504639,-0.4604581594467163
66,target,15,-0.861894965171814,1.097057580947876,-0.4590250849723816
66,target,16,-0.8556824922561646,1.100278377532959,-0.45886802673339844
66,target,17,-0.874301552772522,1.1359143257141113,-0.444469690322876
66,target,18,-0.880511462688446,1.1439929008483887,-0.44605910778045654
66,target,19,-0.8697917461395264,1.1327465772628784,-0.44646286964416504
66,target,20,-0.882316529750824,1.1451927423477173,-0.4502241611480713
66,target,21,-0.8765555620193481,1.125391960144043,-0.4487829804420471
66,target,22,-0.8694732189178467,1.1358366012573242,-0.44422996044158936
66,target,23,-0.8738952875137329,1.1302319765090942,-0.44320762157440186
66,target,24,-0.8741321563720703,1.129090666770935,-0.44409483671188354
66,target,25,-0.8597222566604614,1.1089801788330078,-0.4420728087425232
66,target,26,-0.8634997010231018,1.1203943490982056,-0.44501620531082153
66,target,27,-0.8733491897583008,1.1435449123382568,-0.4405589699745178
66,target,28,-0.8559635877609253,1.0972790718078613,-0.43799054622650146
66,target,29,-0.8645555973052979,1.1115903854370117,-0.45052969455718994
66,target,30,-0.8523179888725281,1.0834054946899414,-0.4572145342826843
66,target,31,-0.8806830048561096,1.1283563375473022,-0.4482908844947815
66,target,32,-0.8833186626434326,1.1254771947860718,-0.45283883810043335
66,target,33,-0.8620296716690063,1.120755910873413,-0.4413664937019348
66,target,34,-0.8533530235290527,1.0989652872085571,-0.44386667013168335
66,target,35,-0.8445255756378174,1.102186679840088,-0.44470280408859253
66,target,36,-0.8699294924736023,1.1209895610809326,-0.45216262340545654
66,target,37,-0.8448805809020996,1.09806489944458,-0.44260913133621216
66,target,38,-0.8620202541351318,1.1093125343322754,-0.44463932514190674
66,target,39,-0.8714956045150757,1.128523349761963,-0.44076383113861084
66,target,40,-0.8512843251228333,1.125854253768921,-0.44470810890197754
66,target,41,-0.8517052531242371,1.1376545429229736,-0.43886512517929077
66,target,42,-0.8581162095069885,1.1177194118499756,-0.4422975778579712
66,target,43,-0.8514861464500427,1.1102983951568604,-0.4401659369468689
66,target,44,-0.8551959991455078,1.1197423934936523,-0.4307803511619568
66,target,45,-0.8498876094818115,1.111013412475586,-0.43248677253723145
66,target,46,-0.8033747673034668,1.0472824573516846,-0.440731406211853
66,target,47,-0.8420335054397583,1.0930298566818237,-0.44899821281433105
66,target,48,-0.8301441669464111,1.091457486152649,-0.4557785391807556
66,target,49,-0.8010669350624084,1.0301334857940674,-0.44113677740097046
66,target,50,-0.8365080952644348,1.0942425727844238,-0.440615713596344
66,target,51,-0.8691723942756653,1.1254642009735107,-0.45167165994644165
66,target,52,-0.85892653465271,1.1134800910949707,-0.44721829891204834
66,target,53,-0.8671345710754395,1.1255043745040894,-0.4532862901687622
66,target,54,-0.8689192533493042,1.131709098815918,-0.44632142782211304
66,target,55,-0.8777433037757874,1.1329963207244873,-0.4556039571762085
66,target,56,-0.8742153644561768,1.1288740634918213,-0.45041102170944214
66,target,57,-0.8580228090286255,1.1135942935943604,-0.4529709815979004
66,target,58,-0.8794754147529602,1.1356785297393799,-0.4547972083091736
66,target,59,-0.8659214973449707,1.1280789375305176,-0.45073091983795166
66,target,60,-0.8633596897125244,1.1261987686157227,-0.44610416889190674
66,target,61,-0.8513989448547363,1.109028935432434,-0.45038414001464844
66,target,62,-0.8493573069572449,1.1040292978286743,-0.4419060945510864
66,target,63,-0.8529888391494751,1.1054131984710693,-0.45294082164764404
67,source,0,-0.8711990118026733,1.0888924598693848,-0.44961392879486084
67,source,1,-0.8637748956680298,1.0711407661437988,-0.4506881833076477
67,source,2,-0.8544808626174927,1.070801854133606,-0.44494593143463135
67,source,3,-0.8467274904251099,1.0737054347991943,-0.44492143392562866
67,source,4,-0.8529295921325684,1.0653283596038818,-0.4571404457092285
67,source,5,-0.8574533462524414,1.0745103359222412,-0.44978874921798706
67,source,6,-0.8627297878265381,1.0804529190063477,-0.4520537257194519
67,source,7,-0.8640068769454956,1.0760927200317383,-0.4514855146408081
67,source,8,-0.8553484678268433,1.0657405853271484,-0.4482184648513794
67,source,9,-0.8640990257263184,1.081502914428711,-0.44667863845825195
67,source,10,-0.8623601794242859,1.0689795017242432,-0.4437981843948364
67,source,11,-0.8606138825416565,1.0879781246185303,-0.44840294122695923
67,source,12,-0.8586023449897766,1.0723164081573486,-0.44688481092453003
67,source,13,-0.8648130893707275,1.0952410697937012,-0.4368746876716614
67,source,14,-0.8599685430526733,1.0717438459396362,-0.43728530406951904
67,source,15,-0.8610470294952393,1.057629108428955,-0.43986862897872925
67,source,16,-0.8591169118881226,1.062394380569458,-0.44469642639160156
67,source,17,-0.855778157711029,1.0581507682800293,-0.44115710258483887
67,source,18,-0.8649685382843018,1.0717341899871826,-0.4472416639328003
67,source,19,-0.8592983484268188,1.064934253692627,-0.4502667784690857
67,source,20,-0.8524749279022217,1.0789768695831299,-0.43202292919158936
67,source,21,-0.8564591407775879,1.0642585754394531,-0.4356271028518677
67,source,22,-0.8533328771591187,1.0616176128387451,-0.4295184016227722
67,source,23,-0.85793536901474,1.0646966695785522,-0.43667131662368774
67,source,24,-0.8538087010383606,1.0552328824996948,-0.4388837218284607
67,source,25,-0.8618621230125427,1.058349609375,-0.4463750720024109
67,source,26,-0.8482785820960999,1.0670347213745117,-0.44295626878738403
67,source,27,-0.8730066418647766,1.0673773288726807,-0.44666534662246704
67,source,28,-0.8677931427955627,1.0688881874084473,-0.4467032551765442
67,source,29,-0.8596905469894409,1.0745073556900024,-0.4450823664665222
67,source,30,-0.8610481023788452,1.0818860530853271,-0.4440842270851135
67,source,31,-0.8612545728683472,1.0786106586456299,-0.44376420974731445
67,source,32,-0.8551124930381775,1.0736758708953857,-0.4488581418991089
67,source,33,-0.8561822772026062,1.0731964111328125,-0.45198941230773926
67,source,34,-0.8581732511520386,1.0759845972061157,-0.4498807191848755
67,source,35,-0.8620504140853882,1.0607664585113525,-0.45056748390197754
67,source,36,-0.8746218085289001,1.0830810070037842,-0.4462277293205261
67,source,37,-0.8538818955421448,1.0688986778259277,-0.4378209710121155
67,source,38,-0.8565416932106018,1.051419973373413,-0.43974488973617554
67,source,39,-0.8559290766716003,1.0603206157684326,-0.4370756149291992
67,source,40,-0.863142728805542,1.0690946578979492,-0.4477676749229431
67,source,41,-0.8636012077331543,1.0745158195495605,-0.43878424167633057
67,source,42,-0.8638136386871338,1.0687583684921265,-0.4400220513343811
67,source,43,-0.8632720708847046,1.0691111087799072,-0.45159125328063965
67,source,44,-0.848125159740448,1.0657507181167603,-0.4280690550804138
67,source,45,-0.8495084047317505,1.067152976989746,-0.44088131189346313
67,source,46,-0.8648108839988708,1.076554775238037,-0.4468045234680176
67,source,47,-0.8645265102386475,1.0824241638183594,-0.43993884325027466
67,source,48,-0.8491299152374268,1.0717805624008179,-0.4421037435531616
67,source,49,-0.8660968542098999,1.0675355195999146,-0.44411206245422363
67,source,50,-0.8494907021522522,1.0729382038116455,-0.45505309104919434
67,source,51,-0.854682207107544,1.0755462646484375,-0.4579172134399414
67,source,52,-0.8444572687149048,1.0631126165390015,-0.46703147888183594
67,source,53,-0.8457330465316772,1.0631155967712402,-0.4649261236190796
67,source,54,-0.8557879328727722,1.0789353847503662,-0.46569758653640747
67,source,55,-0.8570007681846619,1.0871601104736328,-0.4573342800140381
67,source,56,-0.8583040237426758,1.0856726169586182,-0.4557468295097351
67,source,57,-0.8560158610343933,1.0877888202667236,-0.4582419991493225
67,source,58,-0.8488448262214661,1.0776302814483643,-0.4588310718536377
67,source,59,-0.859114944934845,1.0923948287963867,-0.4586508274078369
67,source,60,-0.8609558939933777,1.0834615230560303,-0.45543456077575684
67,source,61,-0.8532624244689941,1.0769402980804443,-0.45905840396881104
67,source,62,-0.8537622690200806,1.0709385871887207,-0.4595654010772705
67,source,63,-0.8448522686958313,1.0693416595458984,-0.4523441195487976
67,target,0,-0.8236784934997559,1.0949491262435913,-0.4496743083000183
67,target,1,-0.8617868423461914,1.1444010734558105,-0.44594115018844604
67,target,2,-0.8494694232940674,1.1132655143737793,-0.451676607131958
67,target,3,-0.8452538847923279,1.0979523658752441,-0.448316752910614
67,target,4,-0.8540560603141785,1.1044219732284546,-0.45518583059310913
67,target,5,-0.8765015602111816,1.1295260190963745,-0.4684830904006958
67,target,6,-0.8794832825660706,1.1341922283172607,-0.45701318979263306
67,target,7,-0.8637967109680176,1.1142475605010986,-0.4623425602912903
67,target,8,-0.8686214089393616,1.1166813373565674,-0.45939064025878906
67,target,9,-0.8455289006233215,1.0979204177856445,-0.4663873314857483
67,target,10,-0.8668927550315857,1.119520664215088,-0.4599621295928955
67,target,11,-0.8623583912849426,1.1305804252624512,-0.4556293487548828
67,target,12,-0.8626978993415833,1.110393762588501,-0.4509088397026062
67,target,13,-0.8496710658073425,1.0910725593566895,-0.45812636613845825
67,target,14,-0.8581544160842896,1.1057498455047607,-0.46329569816589355
67,target,15,-0.8588670492172241,1.0964038372039795,-0.4606791138648987
67,target,16,-0.8495603799819946,1.0982060432434082,-0.4618101716041565
67,target,17,-0.8687635064125061,1.130897045135498,-0.44931793212890625
67,target,18,-0.87774258852005,1.1472711563110352,-0.44643718004226685
67,target,19,-0.8627457618713379,1.1272637844085693,-0.4477391242980957
67,target,20,-0.8780203461647034,1.1475244760513306,-0.45321011543273926
67,target,21,-0.8702329397201538,1.1254136562347412,-0.45045244693756104
67,target,22,-0.8661311268806458,1.1382896900177002,-0.44603514671325684
67,target,23,-0.8647071123123169,1.1238036155700684,-0.44620561599731445
67,target,24,-0.8625944256782532,1.125227928161621,-0.44877517223358154
67,target,25,-0.852607786655426,1.105913758277893,-0.44475704431533813
67,target,26,-0.8542015552520752,1.1106789112091064,-0.4491204619407654
67,target,27,-0.8682392835617065,1.136240005493164,-0.4443116784095764
67,target,28,-0.8511890172958374,1.088986873626709,-0.4453358054161072
67,target,29,-0.8584511280059814,1.1079256534576416,-0.45303958654403687
67,target,30,-0.8464444875717163,1.0795660018920898,-0.4569161534309387
67,target,31,-0.8733757734298706,1.131373643875122,-0.4552980661392212
67,target,32,-0.8735764026641846,1.1208395957946777,-0.45570337772369385
67,target,33,-0.8557438850402832,1.1109474897384644,-0.45138734579086304
67,target,34,-0.8470439910888672,1.0944609642028809,-0.4498593211174011
67,target,35,-0.8423125743865967,1.0991780757904053,-0.4539605379104614
67,target,36,-0.8674020767211914,1.118708848953247,-0.459969162940979
67,target,37,-0.8394317626953125,1.0969257354736328,-0.44907915592193604
67,target,38,-0.8568085432052612,1.1044338941574097,-0.45163995027542114
67,target,39,-0.8651169538497925,1.1204758882522583,-0.44948381185531616
67,target,40,-0.8446427583694458,1.1203174591064453,-0.4495069980621338
67,target,41,-0.8473567366600037,1.1363121271133423,-0.44254469871520996
67,target,42,-0.8527714014053345,1.108436942100525,-0.446189820766449
67,target,43,-0.8431680202484131,1.0976769924163818,-0.442674458026886
67,target,44,-0.8474128842353821,1.1040160655975342,-0.4365001916885376
67,target,45,-0.8439688086509705,1.095862627029419,-0.4335950016975403
67,target,46,-0.8028620481491089,1.0480109453201294,-0.44248437881469727
67,target,47,-0.8337520956993103,1.0875403881072998,-0.44795113801956177
67,target,48,-0.8230963945388794,1.0864994525909424,-0.45483583211898804
67,target,49,-0.799092710018158,1.0322597026824951,-0.4373056888580322
67,target,50,-0.8338758945465088,1.0929546356201172,-0.44102418422698975
67,target,51,-0.8637155294418335,1.1190581321716309,-0.4553138017654419
67,target,52,-0.8532764911651611,1.107120156288147,-0.4502657651901245
67,target,53,-0.8597494959831238,1.1193978786468506,-0.45575183629989624
67,target,54,-0.8597057461738586,1.1230101585388184,-0.4501418471336365
67,target,55,-0.8672959208488464,1.1257972717285156,-0.4582289457321167
67,target,56,-0.8643547296524048,1.123802900314331,-0.45109808444976807
67,target,57,-0.8488637208938599,1.1072022914886475,-0.4535963535308838
67,target,58,-0.8731349110603333,1.134209394454956,-0.45625364780426025
67,target,59,-0.8566343188285828,1.1207808256149292,-0.4512333869934082
67,target,60,-0.8556240200996399,1.1166390180587769,-0.4478153586387634
67,target,61,-0.84733647108078,1.1033596992492676,-0.450716495513916
67,target,62,-0.8405503034591675,1.0918147563934326,-0.445669949054718
67,target,63,-0.8438513875007629,1.0968892574310303,-0.4533882737159729
68,source,0,-0.8830490112304688,1.0970828533172607,-0.45186203718185425
68,source,1,-0.8745973110198975,1.0771156549453735,-0.4519449472427368
68,source,2,-0.8650655150413513,1.06855046749115,-0.4487929344177246
68,source,3,-0.8592503070831299,1.0762357711791992,-0.45038729906082153
68,source,4,-0.8663483262062073,1.071617841720581,-0.4594399333000183
68,source,5,-0.8685234785079956,1.0812466144561768,-0.45228487253189087
68,source,6,-0.8764064311981201,1.0901809930801392,-0.4545157551765442
68,source,7,-0.8772726655006409,1.0865833759307861,-0.4526596665382385
68,source,8,-0.866869330406189,1.0741767883300781,-0.4510788321495056
68,source,9,-0.8760154247283936,1.0866031646728516,-0.44821006059646606
68,source,10,-0.8749281167984009,1.078976035118103,-0.4465644359588623
68,source,11,-0.8749273419380188,1.0924592018127441,-0.45105117559432983
68,source,12,-0.8751223683357239,1.0844649076461792,-0.4459967017173767
68,source,13,-0.8784599304199219,1.104315996170044,-0.44179362058639526
68,source,14,-0.8676157593727112,1.0727770328521729,-0.4415581226348877
68,source,15,-0.8710706830024719,1.0653696060180664,-0.4427194595336914
68,source,16,-0.872564435005188,1.0698742866516113,-0.44598084688186646
68,source,17,-0.8676174283027649,1.0614427328109741,-0.44394391775131226
68,source,18,-0.8751300573348999,1.0736377239227295,-0.4497643709182739
68,source,19,-0.8680974245071411,1.0685148239135742,-0.45216721296310425
68,source,20,-0.8612395524978638,1.0770621299743652,-0.43886613845825195
68,source,21,-0.867327094078064,1.0623947381973267,-0.44089096784591675
68,source,22,-0.8655976057052612,1.0639979839324951,-0.43393468856811523
68,source,23,-0.8690779209136963,1.0679489374160767,-0.4389934539794922
68,source,24,-0.8659783601760864,1.0595924854278564,-0.44129180908203125
68,source,25,-0.8701851963996887,1.0636640787124634,-0.4482933282852173
68,source,26,-0.8608524799346924,1.0746227502822876,-0.44462525844573975
68,source,27,-0.8856467008590698,1.0785634517669678,-0.4457770586013794
68,source,28,-0.8829793334007263,1.075714349746704,-0.4454185366630554
68,source,29,-0.8703566789627075,1.0809552669525146,-0.4482685327529907
68,source,30,-0.8764610886573792,1.0911633968353271,-0.44768184423446655
68,source,31,-0.8722795248031616,1.080202341079712,-0.4469239115715027
68,source,32,-0.8674384355545044,1.0738391876220703,-0.45179063081741333
68,source,33,-0.8683679103851318,1.076993703842163,-0.45474064350128174
68,source,34,-0.8731951117515564,1.0881595611572266,-0.4506824016571045
68,source,35,-0.8768702149391174,1.0728931427001953,-0.44986414909362793
68,source,36,-0.8845419883728027,1.0852570533752441,-0.44711965322494507
68,source,37,-0.8645130395889282,1.073854684829712,-0.4410330653190613
68,source,38,-0.8654859066009521,1.0547573566436768,-0.440743088722229
68,source,39,-0.866845965385437,1.0642085075378418,-0.43995922803878784
68,source,40,-0.8742088079452515,1.078334093093872,-0.445858359336853
68,source,41,-0.8756568431854248,1.0829435586929321,-0.4381266236305237
68,source,42,-0.8756231069564819,1.0779449939727783,-0.4400774836540222
68,source,43,-0.8747146725654602,1.079094648361206,-0.45015645027160645
68,source,44,-0.8575628399848938,1.0653109550476074,-0.43106019496917725
68,source,45,-0.8607883453369141,1.0687812566757202,-0.44522666931152344
68,source,46,-0.8741926550865173,1.0788893699645996,-0.4473533034324646
68,source,47,-0.8804810047149658,1.0913112163543701,-0.4421064257621765
68,source,48,-0.8602886199951172,1.0743094682693481,-0.44630616903305054
68,source,49,-0.8754094839096069,1.0714490413665771,-0.4465450644493103
68,source,50,-0.8610529899597168,1.080810546875,-0.45791035890579224
68,source,51,-0.8654398918151855,1.0845236778259277,-0.45955681800842285
68,source,52,-0.8532126545906067,1.0682497024536133,-0.4666510224342346
68,source,53,-0.8524526357650757,1.0672295093536377,-0.46494102478027344
68,source,54,-0.8632635474205017,1.0809825658798218,-0.46770453453063965
68,source,55,-0.8649960160255432,1.0904570817947388,-0.4602811336517334
68,source,56,-0.8662439584732056,1.0897272825241089,-0.45809996128082275
68,source,57,-0.8666423559188843,1.0942903757095337,-0.46041208505630493
68,source,58,-0.8584756851196289,1.0841392278671265,-0.4600808620452881
68,source,59,-0.8655369281768799,1.0944463014602661,-0.460335910320282
68,source,60,-0.8654939532279968,1.0810720920562744,-0.4568324685096741
68,source,61,-0.8591511249542236,1.0784327983856201,-0.45873987674713135
68,source,62,-0.8631327152252197,1.0802764892578125,-0.45894110202789307
68,source,63,-0.8543125987052917,1.0761733055114746,-0.4511038064956665
68,target,0,-0.8276028037071228,1.0954185724258423,-0.45074713230133057
68,target,1,-0.8678367733955383,1.151091456413269,-0.44534832239151
68,target,2,-0.8576435446739197,1.116031527519226,-0.4504185914993286
68,target,3,-0.8533189296722412,1.1066169738769531,-0.449210524559021
68,target,4,-0.8588789701461792,1.103996992111206,-0.45721834897994995
68,target,5,-0.8792294263839722,1.128864049911499,-0.4686868190765381
68,target,6,-0.8830116987228394,1.1340855360031128,-0.45530664920806885
68,target,7,-0.8684372901916504,1.1115576028823853,-0.46018362045288086
68,target,8,-0.8751276731491089,1.116280198097229,-0.4556036591529846
68,target,9,-0.8507046103477478,1.0996742248535156,-0.46810251474380493
68,target,10,-0.8640761375427246,1.1162083148956299,-0.46231698989868164
68,target,11,-0.8619606494903564,1.125784158706665,-0.45595234632492065
68,target,12,-0.8643569946289062,1.1090128421783447,-0.4551202654838562
68,target,13,-0.8565697073936462,1.0955719947814941,-0.4596627950668335
68,target,14,-0.8617000579833984,1.1051104068756104,-0.46441125869750977
68,target,15,-0.8632625937461853,1.094083309173584,-0.4609328508377075
68,target,16,-0.8560962080955505,1.0998945236206055,-0.4618971347808838
68,target,17,-0.8695855140686035,1.128645658493042,-0.44985759258270264
68,target,18,-0.8811690211296082,1.1464637517929077,-0.4496769905090332
68,target,19,-0.8706510066986084,1.1339118480682373,-0.4471324682235718
68,target,20,-0.8810583353042603,1.1453136205673218,-0.4510233998298645
68,target,21,-0.8735858798027039,1.1235495805740356,-0.4487465023994446
68,target,22,-0.8667672872543335,1.1383185386657715,-0.4437369704246521
68,target,23,-0.8693101406097412,1.1283321380615234,-0.4466872215270996
68,target,24,-0.8691824674606323,1.1261160373687744,-0.4457990527153015
68,target,25,-0.8597132563591003,1.1106219291687012,-0.44366443157196045
68,target,26,-0.8655503988265991,1.1231248378753662,-0.4499744772911072
68,target,27,-0.8738304376602173,1.1409457921981812,-0.44107794761657715
68,target,28,-0.858077883720398,1.0930300951004028,-0.4411766529083252
68,target,29,-0.8671941757202148,1.1178855895996094,-0.45674097537994385
68,target,30,-0.8553580045700073,1.086106538772583,-0.45866191387176514
68,target,31,-0.8764498233795166,1.124868392944336,-0.45487111806869507
68,target,32,-0.8752394914627075,1.117525577545166,-0.4589504599571228
68,target,33,-0.8549312353134155,1.1040544509887695,-0.448667049407959
68,target,34,-0.8529883623123169,1.095784068107605,-0.4500172734260559
68,target,35,-0.8447169661521912,1.0981953144073486,-0.44602322578430176
68,target,36,-0.8671427965164185,1.111858606338501,-0.45673424005508423
68,target,37,-0.8431074023246765,1.0940561294555664,-0.4458034038543701
68,target,38,-0.8612214922904968,1.1034877300262451,-0.44851547479629517
68,target,39,-0.865096926689148,1.1142933368682861,-0.4509313106536865
68,target,40,-0.8495664596557617,1.123731017112732,-0.4473227858543396
68,target,41,-0.8481224775314331,1.1340832710266113,-0.44110602140426636
68,target,42,-0.861160397529602,1.1128170490264893,-0.4488102197647095
68,target,43,-0.8514142632484436,1.1032276153564453,-0.4463074803352356
68,target,44,-0.8566749095916748,1.1163442134857178,-0.4421520233154297
68,target,45,-0.8524611592292786,1.1047495603561401,-0.4379688501358032
68,target,46,-0.8096148371696472,1.0497865676879883,-0.44670796394348145
68,target,47,-0.8462534546852112,1.1009371280670166,-0.45400470495224
68,target,48,-0.8324011564254761,1.0945813655853271,-0.46015113592147827
68,target,49,-0.8070791363716125,1.041245698928833,-0.44260090589523315
68,target,50,-0.8427597284317017,1.0947540998458862,-0.4442257285118103
68,target,51,-0.8747303485870361,1.1317039728164673,-0.4578714966773987
68,target,52,-0.8650307655334473,1.1170687675476074,-0.4556681513786316
68,target,53,-0.8712280988693237,1.1331368684768677,-0.4590594172477722
68,target,54,-0.8653539419174194,1.1268965005874634,-0.45290011167526245
68,target,55,-0.8766928315162659,1.13667893409729,-0.46237850189208984
68,target,56,-0.8761289119720459,1.1364972591400146,-0.45567119121551514
68,target,57,-0.861860454082489,1.121029019355774,-0.4570421576499939
68,target,58,-0.8848587274551392,1.1478486061096191,-0.4596153497695923
68,target,59,-0.8666183948516846,1.1317403316497803,-0.4559438228607178
68,target,60,-0.8680585026741028,1.1314632892608643,-0.4538308382034302
68,target,61,-0.8608652353286743,1.1150848865509033,-0.4566503167152405
68,target,62,-0.8519748449325562,1.1006648540496826,-0.45195937156677246
68,target,63,-0.8563768267631531,1.109358549118042,-0.45914745330810547
69,source,0,-0.8919615745544434,1.102413535118103,-0.44496744871139526
69,source,1,-0.88238924741745,1.0838072299957275,-0.44606590270996094
69,source,2,-0.8784152269363403,1.0815563201904297,-0.44338351488113403
69,source,3,-0.8705461025238037,1.0821454524993896,-0.44632071256637573
69,source,4,-0.8777083158493042,1.0800955295562744,-0.4496191143989563
69,source,5,-0.8766743540763855,1.0837628841400146,-0.4441443085670471
69,source,6,-0.8844189643859863,1.0924291610717773,-0.4452376961708069
69,source,7,-0.8848345279693604,1.0891997814178467,-0.44529491662979126
69,source,8,-0.8775537014007568,1.079391598701477,-0.4433314800262451
69,source,9,-0.8841919302940369,1.0895551443099976,-0.4418409466743469
69,source,10,-0.8834043741226196,1.082062005996704,-0.44407135248184204
69,source,11,-0.8815807104110718,1.0927941799163818,-0.4461668133735657
69,source,12,-0.8826371431350708,1.089386224746704,-0.4416959881782532
69,source,13,-0.8882509469985962,1.108737826347351,-0.43732815980911255
69,source,14,-0.8803761005401611,1.0867226123809814,-0.43555277585983276
69,source,15,-0.8824939727783203,1.0752025842666626,-0.43729835748672485
69,source,16,-0.8828298449516296,1.0797590017318726,-0.4404664635658264
69,source,17,-0.8779726028442383,1.0758464336395264,-0.43991315364837646
69,source,18,-0.8857394456863403,1.0852997303009033,-0.4439051151275635
69,source,19,-0.8782738447189331,1.0793452262878418,-0.44596290588378906
69,source,20,-0.8704675436019897,1.0847675800323486,-0.4344310164451599
69,source,21,-0.8756826519966125,1.074812889099121,-0.434628963470459
69,source,22,-0.8731878995895386,1.0757150650024414,-0.4284701943397522
69,source,23,-0.8774818181991577,1.0769435167312622,-0.43431657552719116
69,source,24,-0.8782930970191956,1.0723559856414795,-0.43739497661590576
69,source,25,-0.8797224760055542,1.0731443166732788,-0.44001853466033936
69,source,26,-0.8690434694290161,1.081292748451233,-0.43927955627441406
69,source,27,-0.8922557234764099,1.0876071453094482,-0.44172877073287964
69,source,28,-0.8882955312728882,1.0817391872406006,-0.44005537033081055
69,source,29,-0.8814951181411743,1.0896546840667725,-0.44254350662231445
69,source,30,-0.8839321136474609,1.0951075553894043,-0.44115710258483887
69,source,31,-0.8836779594421387,1.0903222560882568,-0.44282495975494385
69,source,32,-0.8778144121170044,1.083498239517212,-0.44363486766815186
69,source,33,-0.8764563798904419,1.0836372375488281,-0.4477975368499756
69,source,34,-0.8824511766433716,1.0918794870376587,-0.4452144503593445
69,source,35,-0.8824281692504883,1.077019453048706,-0.4437252879142761
69,source,36,-0.8936747312545776,1.0938667058944702,-0.4410816431045532
69,source,37,-0.8778215646743774,1.087409496307373,-0.4340860843658447
69,source,38,-0.8763770461082458,1.069441318511963,-0.4372292160987854
69,source,39,-0.8776034712791443,1.0729503631591797,-0.4343079924583435
69,source,40,-0.8810238838195801,1.0874037742614746,-0.43917137384414673
69,source,41,-0.8827556371688843,1.0929663181304932,-0.43237000703811646
69,source,42,-0.8808378577232361,1.0872721672058105,-0.4353426694869995
69,source,43,-0.8811428546905518,1.087540864944458,-0.4453837275505066
69,source,44,-0.8710238337516785,1.0770221948623657,-0.4293234348297119
69,source,45,-0.8716388940811157,1.0780603885650635,-0.44084078073501587
69,source,46,-0.8827996253967285,1.0912307500839233,-0.44504374265670776
69,source,47,-0.8899792432785034,1.0987915992736816,-0.43832165002822876
69,source,48,-0.8712782859802246,1.0831031799316406,-0.4412914514541626
69,source,49,-0.8824901580810547,1.0792560577392578,-0.4379280209541321
69,source,50,-0.8684419393539429,1.0876688957214355,-0.4527167081832886
69,source,51,-0.8740794658660889,1.0919532775878906,-0.4547092914581299
69,source,52,-0.8643118143081665,1.0793063640594482,-0.4616084694862366
69,source,53,-0.8635242581367493,1.0768412351608276,-0.45981544256210327
69,source,54,-0.8718476891517639,1.0890007019042969,-0.4626409411430359
69,source,55,-0.8710078001022339,1.091651201248169,-0.4529837965965271
69,source,56,-0.8744999766349792,1.094528317451477,-0.4514927864074707
69,source,57,-0.8738270998001099,1.0977420806884766,-0.4538145065307617
69,source,58,-0.8662704825401306,1.0871632099151611,-0.4533134698867798
69,source,59,-0.8730254173278809,1.0965750217437744,-0.4539480209350586
69,source,60,-0.8739227056503296,1.0897576808929443,-0.45487290620803833
69,source,61,-0.8700913190841675,1.0911760330200195,-0.4530066251754761
69,source,62,-0.8726282119750977,1.0894215106964111,-0.4556977152824402
69,source,63,-0.8661278486251831,1.0847384929656982,-0.44963693618774414
69,target,0,-0.8373245596885681,1.1014766693115234,-0.44952696561813354
69,target,1,-0.8751353025436401,1.1531363725662231,-0.4418643116950989
69,target,2,-0.8736670613288879,1.128989577293396,-0.44694024324417114
69,target,3,-0.8659820556640625,1.112317442893982,-0.4458163380622864
69,target,4,-0.8721568584442139,1.1189073324203491,-0.45178061723709106
69,target,5,-0.8904311060905457,1.1436508893966675,-0.460693359375
69,target,6,-0.893642246723175,1.149440050125122,-0.45026230812072754
69,target,7,-0.8839621543884277,1.1320350170135498,-0.453923761844635
69,target,8,-0.8861486315727234,1.1315017938613892,-0.4497910141944885
69,target,9,-0.8670724630355835,1.1155524253845215,-0.4624937176704407
69,target,10,-0.8832944631576538,1.1368135213851929,-0.4553954005241394
69,target,11,-0.8780372142791748,1.144370436668396,-0.44910138845443726
69,target,12,-0.8785075545310974,1.1239597797393799,-0.44991815090179443
69,target,13,-0.8713826537132263,1.1079676151275635,-0.45468348264694214
69,target,14,-0.87701416015625,1.1219391822814941,-0.45796358585357666
69,target,15,-0.878911018371582,1.1162211894989014,-0.45572179555892944
69,target,16,-0.8702616691589355,1.1197577714920044,-0.45684969425201416
69,target,17,-0.8804652690887451,1.1412756443023682,-0.4431210160255432
69,target,18,-0.8906118869781494,1.155259370803833,-0.44350993633270264
69,target,19,-0.875380277633667,1.1325753927230835,-0.44497597217559814
69,target,20,-0.8902906775474548,1.1549482345581055,-0.4468485116958618
69,target,21,-0.8839332461357117,1.134645700454712,-0.44385552406311035
69,target,22,-0.8765543699264526,1.1456815004348755,-0.44021517038345337
69,target,23,-0.8808767795562744,1.1357003450393677,-0.4421936869621277
69,target,24,-0.8827812075614929,1.1383038759231567,-0.44023728370666504
69,target,25,-0.8713578581809998,1.1173003911972046,-0.4409724473953247
69,target,26,-0.874600887298584,1.1291556358337402,-0.44418656826019287
69,target,27,-0.8785610198974609,1.1456472873687744,-0.439710795879364
69,target,28,-0.866260826587677,1.1043447256088257,-0.43908900022506714
69,target,29,-0.8775747418403625,1.1229383945465088,-0.4485442638397217
69,target,30,-0.8704025745391846,1.105160117149353,-0.45134520530700684
69,target,31,-0.891614556312561,1.1422159671783447,-0.4482828974723816
69,target,32,-0.893294632434845,1.1318813562393188,-0.4523318409919739
69,target,33,-0.8726029396057129,1.1248377561569214,-0.44659751653671265
69,target,34,-0.8667027950286865,1.1135332584381104,-0.4451332688331604
69,target,35,-0.8547526597976685,1.110076665878296,-0.4429739713668823
69,target,36,-0.8813883662223816,1.1291478872299194,-0.452735960483551
69,target,37,-0.854766309261322,1.1052566766738892,-0.4440407156944275
69,target,38,-0.8728283643722534,1.1172122955322266,-0.444807231426239
69,target,39,-0.8769186735153198,1.1293896436691284,-0.4450055956840515
69,target,40,-0.8565518260002136,1.124847412109375,-0.44397062063217163
69,target,41,-0.8575635552406311,1.1413718461990356,-0.43834078311920166
69,target,42,-0.8715481162071228,1.1140155792236328,-0.44530409574508667
69,target,43,-0.8639304637908936,1.100572109222412,-0.44298332929611206
69,target,44,-0.870341956615448,1.114011287689209,-0.43680888414382935
69,target,45,-0.8660238981246948,1.1064331531524658,-0.4338647723197937
69,target,46,-0.8170531392097473,1.0530941486358643,-0.4469801187515259
69,target,47,-0.851574718952179,1.098987340927124,-0.44968581199645996
69,target,48,-0.8434910774230957,1.0969557762145996,-0.45472949743270874
69,target,49,-0.8157511949539185,1.0424566268920898,-0.4460243582725525
69,target,50,-0.8499525189399719,1.0951573848724365,-0.4377422332763672
69,target,51,-0.8827401399612427,1.13667631149292,-0.45205098390579224
69,target,52,-0.8714399337768555,1.118511438369751,-0.44895631074905396
69,target,53,-0.8769029974937439,1.1315248012542725,-0.4533095955848694
69,target,54,-0.880474328994751,1.1427429914474487,-0.4475725293159485
69,target,55,-0.8857457637786865,1.137401819229126,-0.455905020236969
69,target,56,-0.8816757202148438,1.1330167055130005,-0.4504821300506592
69,target,57,-0.8696691989898682,1.1212226152420044,-0.45218753814697266
69,target,58,-0.8896517753601074,1.1440389156341553,-0.45379191637039185
69,target,59,-0.8724526166915894,1.1292083263397217,-0.4511735439300537
69,target,60,-0.8726811408996582,1.128906488418579,-0.448336660861969
69,target,61,-0.8653498888015747,1.1122796535491943,-0.45107191801071167
69,target,62,-0.8603408932685852,1.1066839694976807,-0.4446614980697632
69,target,63,-0.8614416718482971,1.1064105033874512,-0.4539867639541626
70,source,0,-0.8769323825836182,1.0981097221374512,-0.45337164402008057
70,source,1,-0.8678751587867737,1.080138087272644,-0.4543147087097168
70,source,2,-0.8631696105003357,1.0765466690063477,-0.4502526521682739
70,source,3,-0.8540430068969727,1.077164649963379,-0.44926512241363525
70,source,4,-0.8618720769882202,1.0751502513885498,-0.45792925357818604
70,source,5,-0.8643382787704468,1.087084412574768,-0.45288509130477905
70,source,6,-0.8691936731338501,1.0900754928588867,-0.4547274112701416
70,source,7,-0.8692960739135742,1.0842211246490479,-0.4543125033378601
70,source,8,-0.8637308478355408,1.0799527168273926,-0.4508800506591797
70,source,9,-0.8694521188735962,1.0888899564743042,-0.44881969690322876
70,source,10,-0.8676562905311584,1.0781733989715576,-0.450006902217865
70,source,11,-0.866119921207428,1.0897088050842285,-0.4522724747657776
70,source,12,-0.8632553815841675,1.0790449380874634,-0.4506404995918274
70,source,13,-0.8687404990196228,1.1000947952270508,-0.44286036491394043
70,source,14,-0.8646389245986938,1.0795155763626099,-0.4445480704307556
70,source,15,-0.867339551448822,1.0699704885482788,-0.44615811109542847
70,source,16,-0.8658654689788818,1.0696842670440674,-0.44786620140075684
70,source,17,-0.8618825674057007,1.068615198135376,-0.4474172592163086
70,source,18,-0.8713322877883911,1.0813188552856445,-0.4515511989593506
70,source,19,-0.8642138242721558,1.0720252990722656,-0.45551931858062744
70,source,20,-0.856903076171875,1.0819495916366577,-0.43896347284317017
70,source,21,-0.8618977069854736,1.0726072788238525,-0.44342654943466187
70,source,22,-0.8571914434432983,1.067765712738037,-0.43452203273773193
70,source,23,-0.8624856472015381,1.0724173784255981,-0.4398236870765686
70,source,24,-0.8604877591133118,1.066408395767212,-0.44581204652786255
70,source,25,-0.8660123348236084,1.069215178489685,-0.44830822944641113
70,source,26,-0.8552064299583435,1.0787875652313232,-0.4469343423843384
70,source,27,-0.8762773275375366,1.0800678730010986,-0.4488829970359802
70,source,28,-0.8741464614868164,1.0775699615478516,-0.4497278928756714
70,source,29,-0.866202712059021,1.0806565284729004,-0.4497867226600647
70,source,30,-0.8672073483467102,1.0871189832687378,-0.4484233856201172
70,source,31,-0.8691216111183167,1.08528470993042,-0.4485493302345276
70,source,32,-0.8608482480049133,1.0769256353378296,-0.45161890983581543
70,source,33,-0.864046573638916,1.08323335647583,-0.454113245010376
70,source,34,-0.8666437864303589,1.0859706401824951,-0.45116889476776123
70,source,35,-0.8697912693023682,1.074338674545288,-0.4523167014122009
70,source,36,-0.8783907294273376,1.090280532836914,-0.4484633207321167
70,source,37,-0.862264096736908,1.080683946609497,-0.4417315721511841
70,source,38,-0.8617842793464661,1.064558506011963,-0.44395917654037476
70,source,39,-0.8631014227867126,1.0701932907104492,-0.44150978326797485
70,source,40,-0.8683992028236389,1.0859239101409912,-0.44902223348617554
70,source,41,-0.8677429556846619,1.0865638256072998,-0.44226258993148804
70,source,42,-0.8670754432678223,1.0816247463226318,-0.44424986839294434
70,source,43,-0.8674892783164978,1.0836985111236572,-0.45290112495422363
70,source,44,-0.8571476936340332,1.073610782623291,-0.43486207723617554
70,source,45,-0.8578444123268127,1.0763397216796875,-0.44730502367019653
70,source,46,-0.8692536354064941,1.0834934711456299,-0.4505545496940613
70,source,47,-0.8732044100761414,1.0929478406906128,-0.44367045164108276
70,source,48,-0.8578528761863708,1.0783629417419434,-0.4459215998649597
70,source,49,-0.8707078695297241,1.0740735530853271,-0.44624781608581543
70,source,50,-0.8576867580413818,1.087619423866272,-0.4593809247016907
70,source,51,-0.8623711466789246,1.0910542011260986,-0.4605575203895569
70,source,52,-0.8530265688896179,1.077622890472412,-0.4675840139389038
70,source,53,-0.8526815176010132,1.0767152309417725,-0.46473902463912964
70,source,54,-0.862663984298706,1.0894784927368164,-0.4674975275993347
70,source,55,-0.8620745539665222,1.0971100330352783,-0.4588150382041931
70,source,56,-0.8644185662269592,1.0965487957000732,-0.4581419825553894
70,source,57,-0.8643935918807983,1.100942850112915,-0.45989036560058594
70,source,58,-0.8564528822898865,1.0893312692642212,-0.460368812084198
70,source,59,-0.8641905188560486,1.1012213230133057,-0.4596283435821533
70,source,60,-0.8640758395195007,1.0882396697998047,-0.45939987897872925
70,source,61,-0.858415424823761,1.0868585109710693,-0.4585818648338318
70,source,62,-0.8620679378509521,1.0880403518676758,-0.46130114793777466
70,source,63,-0.8553259968757629,1.0866515636444092,-0.45583951473236084
70,target,0,-0.8310190439224243,1.1071292161941528,-0.4506390690803528
70,target,1,-0.8746540546417236,1.1649188995361328,-0.446441650390625
70,target,2,-0.8649883270263672,1.1379189491271973,-0.4511454105377197
70,target,3,-0.8606741428375244,1.1234514713287354,-0.4503883719444275
70,target,4,-0.865280032157898,1.1270756721496582,-0.45724886655807495
70,target,5,-0.8863530158996582,1.1512199640274048,-0.4700447916984558
70,target,6,-0.889242947101593,1.148841381072998,-0.4568782448768616
70,target,7,-0.875801682472229,1.1300479173660278,-0.4625259041786194
70,target,8,-0.8758950233459473,1.1238760948181152,-0.4568920135498047
70,target,9,-0.8571954369544983,1.1207160949707031,-0.4666215777397156
70,target,10,-0.8746559619903564,1.141858458518982,-0.46121418476104736
70,target,11,-0.8715232610702515,1.1507494449615479,-0.45279067754745483
70,target,12,-0.8723616600036621,1.1336510181427002,-0.45343828201293945
70,target,13,-0.863677978515625,1.1130801439285278,-0.4586571455001831
70,target,14,-0.8731870651245117,1.1306490898132324,-0.4643963575363159
70,target,15,-0.8712176084518433,1.1206532716751099,-0.46077972650527954
70,target,16,-0.8650714755058289,1.1246974468231201,-0.4618384838104248
70,target,17,-0.8776813745498657,1.1506298780441284,-0.45006853342056274
70,target,18,-0.886122465133667,1.15970778465271,-0.45119911432266235
70,target,19,-0.871468722820282,1.1382445096969604,-0.45010948181152344
70,target,20,-0.888433039188385,1.1627869606018066,-0.454609215259552
70,target,21,-0.8760803937911987,1.1320276260375977,-0.45194166898727417
70,target,22,-0.8756691217422485,1.155056118965149,-0.4473012089729309
70,target,23,-0.8739340305328369,1.1410558223724365,-0.44816911220550537
70,target,24,-0.8766458034515381,1.1410294771194458,-0.4507782459259033
70,target,25,-0.8656060695648193,1.1251667737960815,-0.4439084529876709
70,target,26,-0.8672676086425781,1.1301130056381226,-0.44943833351135254
70,target,27,-0.8802710771560669,1.160526990890503,-0.44404226541519165
70,target,28,-0.8600255250930786,1.1109545230865479,-0.4462270140647888
70,target,29,-0.8742908239364624,1.136042833328247,-0.45411646366119385
70,target,30,-0.8604013919830322,1.1061230897903442,-0.460049569606781
70,target,31,-0.8838317394256592,1.1530365943908691,-0.45557713508605957
70,target,32,-0.8834478855133057,1.1396825313568115,-0.4567473530769348
70,target,33,-0.8660792112350464,1.1358435153961182,-0.4508172273635864
70,target,34,-0.8569256663322449,1.116957664489746,-0.4512730836868286
70,target,35,-0.8532379865646362,1.1171660423278809,-0.453097403049469
70,target,36,-0.8752674460411072,1.1388853788375854,-0.457830548286438
70,target,37,-0.8490204811096191,1.114828109741211,-0.4512740969657898
70,target,38,-0.8663379549980164,1.1255871057510376,-0.4512079358100891
70,target,39,-0.8719497323036194,1.1367011070251465,-0.44948244094848633
70,target,40,-0.8507317900657654,1.1333144903182983,-0.4480709433555603
70,target,41,-0.8540289402008057,1.1481337547302246,-0.44091546535491943
70,target,42,-0.8584734797477722,1.1132798194885254,-0.448566198348999
70,target,43,-0.8503755331039429,1.1035375595092773,-0.4440561532974243
70,target,44,-0.8553680181503296,1.1149892807006836,-0.4400296211242676
70,target,45,-0.852828860282898,1.1047966480255127,-0.43655478954315186
70,target,46,-0.8132586479187012,1.0584540367126465,-0.44261908531188965
70,target,47,-0.8479526042938232,1.110564112663269,-0.4515363574028015
70,target,48,-0.8339231610298157,1.1043851375579834,-0.45673513412475586
70,target,49,-0.8118429183959961,1.0508286952972412,-0.43855762481689453
70,target,50,-0.8453806638717651,1.1037198305130005,-0.43905001878738403
70,target,51,-0.87547767162323,1.1427303552627563,-0.4559590220451355
70,target,52,-0.8649121522903442,1.12925124168396,-0.4524015188217163
70,target,53,-0.8736515045166016,1.1442930698394775,-0.456989586353302
70,target,54,-0.8762595653533936,1.1503303050994873,-0.4510517716407776
70,target,55,-0.8817239999771118,1.1497193574905396,-0.45819664001464844
70,target,56,-0.8749231100082397,1.144316554069519,-0.4529663324356079
70,target,57,-0.8645350933074951,1.1354022026062012,-0.45479363203048706
70,target,58,-0.8880910277366638,1.1612968444824219,-0.4564974308013916
70,target,59,-0.8692934513092041,1.1417417526245117,-0.45332759618759155
70,target,60,-0.8654825687408447,1.1371746063232422,-0.4514305591583252
70,target,61,-0.8567912578582764,1.1193712949752808,-0.4548457860946655
70,target,62,-0.8528385162353516,1.1172600984573364,-0.45019692182540894
70,target,63,-0.8573757410049438,1.1189007759094238,-0.456828773021698
71,source,0,-0.8843190670013428,1.1009600162506104,-0.45432692766189575
71,source,1,-0.8759952783584595,1.0839226245880127,-0.4565681219100952
71,source,2,-0.870344340801239,1.080417513847351,-0.45032191276550293
71,source,3,-0.8649947643280029,1.0866718292236328,-0.45001477003097534
71,source,4,-0.8722702860832214,1.08125901222229,-0.4603007435798645
71,source,5,-0.871283769607544,1.088546872138977,-0.45565366744995117
71,source,6,-0.8773046135902405,1.0933221578598022,-0.45720887184143066
71,source,7,-0.8782839179039001,1.088169813156128,-0.4571613669395447
71,source,8,-0.8713887333869934,1.0827981233596802,-0.45357251167297363
71,source,9,-0.8768832087516785,1.0921679735183716,-0.45048850774765015
71,source,10,-0.8797892332077026,1.0820496082305908,-0.4480888247489929
71,source,11,-0.8751193284988403,1.093447208404541,-0.4520235061645508
71,source,12,-0.875166654586792,1.0875706672668457,-0.44826656579971313
71,source,13,-0.8827784657478333,1.1045856475830078,-0.44062405824661255
71,source,14,-0.8718727231025696,1.0784893035888672,-0.4443018436431885
71,source,15,-0.8748856782913208,1.0717706680297852,-0.44807344675064087
71,source,16,-0.8755736947059631,1.0753469467163086,-0.44817113876342773
71,source,17,-0.8692647218704224,1.0689549446105957,-0.44795554876327515
71,source,18,-0.8775920867919922,1.0813562870025635,-0.4519039988517761
71,source,19,-0.8733727931976318,1.077455997467041,-0.4546791911125183
71,source,20,-0.8668593168258667,1.085695505142212,-0.43513262271881104
71,source,21,-0.8698364496231079,1.073989987373352,-0.44191163778305054
71,source,22,-0.8642846345901489,1.0635044574737549,-0.435405969619751
71,source,23,-0.8683740496635437,1.071837067604065,-0.44038498401641846
71,source,24,-0.8643873929977417,1.064992904663086,-0.4474446773529053
71,source,25,-0.8693928122520447,1.0680334568023682,-0.4503675699234009
71,source,26,-0.8598124980926514,1.0790033340454102,-0.4477115869522095
71,source,27,-0.8849613666534424,1.0821748971939087,-0.4497646689414978
71,source,28,-0.88222336769104,1.0826960802078247,-0.4488264322280884
71,source,29,-0.8754164576530457,1.0859922170639038,-0.4510924220085144
71,source,30,-0.8775032758712769,1.0930709838867188,-0.44675159454345703
71,source,31,-0.880262553691864,1.0867122411727905,-0.4477826952934265
71,source,32,-0.8726109862327576,1.0850582122802734,-0.45166629552841187
71,source,33,-0.8694808483123779,1.0840613842010498,-0.4570627808570862
71,source,34,-0.8701205253601074,1.0884708166122437,-0.4537886381149292
71,source,35,-0.8746148347854614,1.0776695013046265,-0.45409315824508667
71,source,36,-0.8871413469314575,1.0911273956298828,-0.4483165144920349
71,source,37,-0.8676937818527222,1.0807464122772217,-0.44413405656814575
71,source,38,-0.8653629422187805,1.0630711317062378,-0.4440857172012329
71,source,39,-0.8675549030303955,1.0686542987823486,-0.44143450260162354
71,source,40,-0.8807218670845032,1.0911941528320312,-0.4500354528427124
71,source,41,-0.8755601644515991,1.085669994354248,-0.4426730275154114
71,source,42,-0.8750659823417664,1.0828498601913452,-0.44682085514068604
71,source,43,-0.8761394619941711,1.0861523151397705,-0.45597702264785767
71,source,44,-0.8636748790740967,1.073965311050415,-0.43355023860931396
71,source,45,-0.8674253225326538,1.0792897939682007,-0.44468408823013306
71,source,46,-0.8782854080200195,1.0862464904785156,-0.45016801357269287
71,source,47,-0.8813567161560059,1.0966626405715942,-0.4442654252052307
71,source,48,-0.8664098978042603,1.0820566415786743,-0.4451088309288025
71,source,49,-0.8792501091957092,1.0797361135482788,-0.4482153058052063
71,source,50,-0.8653637170791626,1.086106538772583,-0.4625951647758484
71,source,51,-0.873637855052948,1.0956106185913086,-0.46252018213272095
71,source,52,-0.8585814237594604,1.0745790004730225,-0.469169557094574
71,source,53,-0.854875922203064,1.0711050033569336,-0.4674339294433594
71,source,54,-0.8704949021339417,1.0871044397354126,-0.4689309000968933
71,source,55,-0.8687275052070618,1.0920212268829346,-0.4618073105812073
71,source,56,-0.8724148273468018,1.0918354988098145,-0.4606970548629761
71,source,57,-0.8729650974273682,1.0956511497497559,-0.46305280923843384
71,source,58,-0.8627554774284363,1.0848162174224854,-0.46342039108276367
71,source,59,-0.8683263063430786,1.09259033203125,-0.46133607625961304
71,source,60,-0.8722368478775024,1.0875108242034912,-0.4589020013809204
71,source,61,-0.8641380071640015,1.0825629234313965,-0.4607459306716919
71,source,62,-0.8709299564361572,1.0890748500823975,-0.46233075857162476
71,source,63,-0.8622461557388306,1.087414026260376,-0.4559200406074524
71,target,0,-0.836094319820404,1.1041743755340576,-0.4547554850578308
71,target,1,-0.8729126453399658,1.1559088230133057,-0.44988083839416504
71,target,2,-0.8700644969940186,1.1313750743865967,-0.4559110999107361
71,target,3,-0.8652840852737427,1.117671251296997,-0.45419198274612427
71,target,4,-0.8681895136833191,1.1203413009643555,-0.4598698616027832
71,target,5,-0.8899233341217041,1.1485316753387451,-0.47466224431991577
71,target,6,-0.8883127570152283,1.1447889804840088,-0.4597471356391907
71,target,7,-0.8775365352630615,1.1229219436645508,-0.46549445390701294
71,target,8,-0.8822527527809143,1.1226181983947754,-0.46012914180755615
71,target,9,-0.8613513708114624,1.1171483993530273,-0.4689669609069824
71,target,10,-0.8765785694122314,1.135254144668579,-0.4613262414932251
71,target,11,-0.8705300688743591,1.1379213333129883,-0.4554242491722107
71,target,12,-0.8750057816505432,1.1260454654693604,-0.45328813791275024
71,target,13,-0.8669588565826416,1.107079267501831,-0.4648529291152954
71,target,14,-0.8750941753387451,1.119077444076538,-0.46744221448898315
71,target,15,-0.8742853403091431,1.1096174716949463,-0.4662179946899414
71,target,16,-0.8676298260688782,1.1145778894424438,-0.46721696853637695
71,target,17,-0.8797134160995483,1.1424368619918823,-0.45133543014526367
71,target,18,-0.8860441446304321,1.1546034812927246,-0.4530442953109741
71,target,19,-0.8738617300987244,1.134473443031311,-0.4540567398071289
71,target,20,-0.8886303901672363,1.1569465398788452,-0.4558509588241577
71,target,21,-0.8812305927276611,1.1364176273345947,-0.45436370372772217
71,target,22,-0.873028576374054,1.1451358795166016,-0.4494490623474121
71,target,23,-0.8777192831039429,1.1368110179901123,-0.451479971408844
71,target,24,-0.8776972889900208,1.1358888149261475,-0.45175987482070923
71,target,25,-0.8667358756065369,1.1143747568130493,-0.450192391872406
71,target,26,-0.8759653568267822,1.1292411088943481,-0.4541390538215637
71,target,27,-0.8818268775939941,1.1488404273986816,-0.4498165249824524
71,target,28,-0.8662440180778503,1.1041605472564697,-0.4501398205757141
71,target,29,-0.87369304895401,1.1218698024749756,-0.4584842324256897
71,target,30,-0.8702477812767029,1.1045427322387695,-0.4627406597137451
71,target,31,-0.889407753944397,1.1442067623138428,-0.45775729417800903
71,target,32,-0.888519287109375,1.1302320957183838,-0.46012765169143677
71,target,33,-0.867347240447998,1.1266460418701172,-0.4532126188278198
71,target,34,-0.8648492693901062,1.1181886196136475,-0.45270705223083496
71,target,35,-0.8532891273498535,1.1123428344726562,-0.45504599809646606
71,target,36,-0.8788207173347473,1.130552053451538,-0.45887160301208496
71,target,37,-0.8539465665817261,1.112587332725525,-0.452569842338562
71,target,38,-0.872200071811676,1.1226035356521606,-0.45025211572647095
71,target,39,-0.8762763738632202,1.1305193901062012,-0.45150065422058105
71,target,40,-0.8531963229179382,1.1309369802474976,-0.44861435890197754
71,target,41,-0.8529201149940491,1.1400479078292847,-0.44326478242874146
71,target,42,-0.8694182634353638,1.1181488037109375,-0.4470463991165161
71,target,43,-0.8616868257522583,1.106549859046936,-0.4433484673500061
71,target,44,-0.8679070472717285,1.1161298751831055,-0.43614286184310913
71,target,45,-0.8634388446807861,1.1036120653152466,-0.4352889657020569
71,target,46,-0.8130661845207214,1.0524325370788574,-0.4559687376022339
71,target,47,-0.8509696125984192,1.1038283109664917,-0.456582248210907
71,target,48,-0.8397073745727539,1.100815773010254,-0.4628159999847412
71,target,49,-0.8160346746444702,1.0460906028747559,-0.4504006505012512
71,target,50,-0.8503150939941406,1.0994839668273926,-0.4492917060852051
71,target,51,-0.878031313419342,1.135818600654602,-0.459749698638916
71,target,52,-0.8704889416694641,1.121337652206421,-0.4563818573951721
71,target,53,-0.8736101984977722,1.133030891418457,-0.4620133638381958
71,target,54,-0.8772985339164734,1.1394848823547363,-0.4550367593765259
71,target,55,-0.8828018307685852,1.13906729221344,-0.4642695188522339
71,target,56,-0.8783397078514099,1.1377428770065308,-0.4592386484146118
71,target,57,-0.8676806092262268,1.1272053718566895,-0.4607747793197632
71,target,58,-0.888883650302887,1.1485931873321533,-0.46185827255249023
71,target,59,-0.8705466389656067,1.1331796646118164,-0.4590749144554138
71,target,60,-0.8686216473579407,1.1293466091156006,-0.4561172127723694
71,target,61,-0.8616008758544922,1.1146750450134277,-0.46026575565338135
71,target,62,-0.8593400120735168,1.110196590423584,-0.4528309106826782
71,target,63,-0.8615909814834595,1.1127687692642212,-0.46234607696533203
72,source,0,-0.8791787624359131,1.09823739528656,-0.4527099132537842
72,source,1,-0.8677260875701904,1.0762112140655518,-0.45465099811553955
72,source,2,-0.8653990030288696,1.0782392024993896,-0.4501901865005493
72,source,3,-0.856458842754364,1.0777021646499634,-0.452924907207489
72,source,4,-0.8652400970458984,1.0773472785949707,-0.4579922556877136
72,source,5,-0.8673274517059326,1.084989309310913,-0.4512670636177063
72,source,6,-0.8728665113449097,1.0891565084457397,-0.45334750413894653
72,source,7,-0.8735319972038269,1.0865628719329834,-0.45356446504592896
72,source,8,-0.8677130937576294,1.0787882804870605,-0.45058202743530273
72,source,9,-0.8736121654510498,1.0863683223724365,-0.449782133102417
72,source,10,-0.8693697452545166,1.0705461502075195,-0.4489046335220337
72,source,11,-0.8688128590583801,1.0850961208343506,-0.4505953788757324
72,source,12,-0.8703116178512573,1.0804352760314941,-0.44911229610443115
72,source,13,-0.8721936345100403,1.0955636501312256,-0.4423375725746155
72,source,14,-0.8683757185935974,1.0794602632522583,-0.44483333826065063
72,source,15,-0.8679329752922058,1.0682672262191772,-0.44665706157684326
72,source,16,-0.8703292608261108,1.073448657989502,-0.44668424129486084
72,source,17,-0.8631038665771484,1.0657083988189697,-0.4466233253479004
72,source,18,-0.8718751668930054,1.0775682926177979,-0.45088493824005127
72,source,19,-0.8665411472320557,1.0728933811187744,-0.45430535078048706
72,source,20,-0.8564072847366333,1.076798439025879,-0.4406058192253113
72,source,21,-0.8635957837104797,1.0676182508468628,-0.4436640739440918
72,source,22,-0.860489010810852,1.0671474933624268,-0.4349362850189209
72,source,23,-0.8633557558059692,1.0700786113739014,-0.43993115425109863
72,source,24,-0.8623140454292297,1.0658633708953857,-0.4447326064109802
72,source,25,-0.8668719530105591,1.0672836303710938,-0.44810473918914795
72,source,26,-0.8543996810913086,1.07415771484375,-0.448101282119751
72,source,27,-0.8813326358795166,1.0827933549880981,-0.4493716359138489
72,source,28,-0.879711389541626,1.082878828048706,-0.4471154808998108
72,source,29,-0.8689754009246826,1.0809431076049805,-0.4513450860977173
72,source,30,-0.869489848613739,1.0848908424377441,-0.44718241691589355
72,source,31,-0.869378924369812,1.081330418586731,-0.44925010204315186
72,source,32,-0.8674700856208801,1.076191782951355,-0.44931381940841675
72,source,33,-0.8680381774902344,1.0803722143173218,-0.4544711709022522
72,source,34,-0.8687970042228699,1.087981939315796,-0.45269304513931274
72,source,35,-0.8694268465042114,1.0729035139083862,-0.4508240818977356
72,source,36,-0.8812536001205444,1.0848486423492432,-0.4474230408668518
72,source,37,-0.8629693984985352,1.0807150602340698,-0.4439641833305359
72,source,38,-0.8611208200454712,1.0611910820007324,-0.4441424608230591
72,source,39,-0.8632270693778992,1.06739342212677,-0.44169896841049194
72,source,40,-0.8687171339988708,1.0845242738723755,-0.4465196132659912
72,source,41,-0.8683132529258728,1.084827184677124,-0.44148552417755127
72,source,42,-0.8681789636611938,1.082201600074768,-0.4435879588127136
72,source,43,-0.8685128688812256,1.0818414688110352,-0.4552531838417053
72,source,44,-0.8539549112319946,1.0662946701049805,-0.4357367753982544
72,source,45,-0.858362078666687,1.069052815437317,-0.4473487138748169
72,source,46,-0.8726074695587158,1.084509015083313,-0.4494442343711853
72,source,47,-0.8757306933403015,1.093930959701538,-0.445545494556427
72,source,48,-0.8577499985694885,1.0773580074310303,-0.4463598132133484
72,source,49,-0.8702493906021118,1.074826955795288,-0.4456945061683655
72,source,50,-0.8551734685897827,1.0851056575775146,-0.4627079963684082
72,source,51,-0.8608922362327576,1.089011549949646,-0.4632415771484375
72,source,52,-0.8551908135414124,1.0781364440917969,-0.4713354706764221
72,source,53,-0.8508865237236023,1.0755932331085205,-0.46866023540496826
72,source,54,-0.8633008003234863,1.0936444997787476,-0.47043168544769287
72,source,55,-0.862513542175293,1.0985939502716064,-0.4608386158943176
72,source,56,-0.8653963208198547,1.0985666513442993,-0.4597693681716919
72,source,57,-0.864904522895813,1.1008632183074951,-0.46196138858795166
72,source,58,-0.8553463220596313,1.0903640985488892,-0.46295350790023804
72,source,59,-0.861845850944519,1.0987045764923096,-0.4616386294364929
72,source,60,-0.863730788230896,1.0927894115447998,-0.46169745922088623
72,source,61,-0.8565816879272461,1.0867185592651367,-0.4613966941833496
72,source,62,-0.86014324426651,1.0836936235427856,-0.46313339471817017
72,source,63,-0.8507136702537537,1.082543134689331,-0.4591696858406067
72,target,0,-0.8318085670471191,1.1060717105865479,-0.45662903785705566
72,target,1,-0.8676295280456543,1.159993290901184,-0.4511805772781372
72,target,2,-0.8620547652244568,1.1301777362823486,-0.4546663165092468
72,target,3,-0.8548396825790405,1.119828701019287,-0.4533432126045227
72,target,4,-0.8625388741493225,1.1199698448181152,-0.4593921899795532
72,target,5,-0.8813672065734863,1.1451044082641602,-0.4721311926841736
72,target,6,-0.8828287124633789,1.1462732553482056,-0.45976901054382324
72,target,7,-0.8730291128158569,1.1246914863586426,-0.4643977880477905
72,target,8,-0.8743835687637329,1.1213600635528564,-0.4601179361343384
72,target,9,-0.8566619157791138,1.1175692081451416,-0.46885138750076294
72,target,10,-0.8705034852027893,1.1342685222625732,-0.46300768852233887
72,target,11,-0.8674681186676025,1.1406359672546387,-0.45528876781463623
72,target,12,-0.8654673099517822,1.1253129243850708,-0.4559025168418884
72,target,13,-0.8604044914245605,1.1059558391571045,-0.463431715965271
72,target,14,-0.8658195734024048,1.1201473474502563,-0.4672333002090454
72,target,15,-0.8677660822868347,1.1153125762939453,-0.4631474018096924
72,target,16,-0.8611899614334106,1.1192296743392944,-0.4654654264450073
72,target,17,-0.8730081915855408,1.1454551219940186,-0.45143330097198486
72,target,18,-0.8801175355911255,1.1593440771102905,-0.45033204555511475
72,target,19,-0.8688019514083862,1.1364378929138184,-0.4529770612716675
72,target,20,-0.8815469741821289,1.1579651832580566,-0.45424729585647583
72,target,21,-0.8713574409484863,1.1316903829574585,-0.4533687233924866
72,target,22,-0.8676662445068359,1.1498873233795166,-0.45111095905303955
72,target,23,-0.8708038330078125,1.138067603111267,-0.450842022895813
72,target,24,-0.870090126991272,1.1344819068908691,-0.4531298875808716
72,target,25,-0.8604437708854675,1.1201484203338623,-0.4478294253349304
72,target,26,-0.8661550283432007,1.1338067054748535,-0.4531654119491577
72,target,27,-0.8761254549026489,1.1565377712249756,-0.44656652212142944
72,target,28,-0.8566343784332275,1.1076345443725586,-0.450703501701355
72,target,29,-0.8652843236923218,1.1264100074768066,-0.45659345388412476
72,target,30,-0.8594701290130615,1.1008745431900024,-0.4578368663787842
72,target,31,-0.8787117004394531,1.1444602012634277,-0.45499998331069946
72,target,32,-0.8807744979858398,1.1314533948898315,-0.456537663936615
72,target,33,-0.8616119623184204,1.124692678451538,-0.4527292251586914
72,target,34,-0.8555665016174316,1.1142373085021973,-0.45284003019332886
72,target,35,-0.8548439145088196,1.1113612651824951,-0.46029943227767944
72,target,36,-0.8695802092552185,1.1279984712600708,-0.4603382349014282
72,target,37,-0.8496232032775879,1.1087307929992676,-0.45533645153045654
72,target,38,-0.8639236092567444,1.1201566457748413,-0.4530993103981018
72,target,39,-0.868787407875061,1.1304758787155151,-0.4544230103492737
72,target,40,-0.8482473492622375,1.133944034576416,-0.4514119625091553
72,target,41,-0.8513200879096985,1.1473658084869385,-0.4454997777938843
72,target,42,-0.859864354133606,1.1094777584075928,-0.44973236322402954
72,target,43,-0.8537118434906006,1.1040185689926147,-0.44707369804382324
72,target,44,-0.8561195135116577,1.1072922945022583,-0.4417359232902527
72,target,45,-0.8527671694755554,1.1019656658172607,-0.43919992446899414
72,target,46,-0.8105181455612183,1.0635263919830322,-0.4481002688407898
72,target,47,-0.8450210690498352,1.1124591827392578,-0.45557689666748047
72,target,48,-0.8315597772598267,1.1064410209655762,-0.46097373962402344
72,target,49,-0.8074648380279541,1.0537776947021484,-0.44706547260284424
72,target,50,-0.8441870808601379,1.1055132150650024,-0.44701069593429565
72,target,51,-0.866938591003418,1.1385186910629272,-0.4584043025970459
72,target,52,-0.8602823615074158,1.1270051002502441,-0.4551822543144226
72,target,53,-0.868245005607605,1.1420018672943115,-0.46078401803970337
72,target,54,-0.8689355254173279,1.1431056261062622,-0.454448401927948
72,target,55,-0.8747376203536987,1.1423639059066772,-0.46325987577438354
72,target,56,-0.872903048992157,1.145529866218567,-0.4576563835144043
72,target,57,-0.8616437315940857,1.132922649383545,-0.4585552215576172
72,target,58,-0.8835529088973999,1.15518057346344,-0.4616185426712036
72,target,59,-0.866563081741333,1.142949104309082,-0.45774179697036743
72,target,60,-0.8625580072402954,1.1376522779464722,-0.4554975628852844
72,target,61,-0.8533777594566345,1.1201636791229248,-0.4582899808883667
72,target,62,-0.8509862422943115,1.1150524616241455,-0.45098239183425903
72,target,63,-0.8554319143295288,1.1186163425445557,-0.4604265093803406
73,source,0,-0.883293628692627,1.105508804321289,-0.44883227348327637
73,source,1,-0.8742283582687378,1.0855411291122437,-0.44968271255493164
73,source,2,-0.8693674802780151,1.080122470855713,-0.4473353624343872
73,source,3,-0.859367847442627,1.0799518823623657,-0.4488968849182129
73,source,4,-0.8670533895492554,1.0799975395202637,-0.45720869302749634
73,source,5,-0.8667095899581909,1.0832164287567139,-0.4491731524467468
73,source,6,-0.8773854374885559,1.0999983549118042,-0.45228415727615356
73,source,7,-0.8783345222473145,1.0939991474151611,-0.4499356150627136
73,source,8,-0.8678135275840759,1.0799801349639893,-0.4493805170059204
73,source,9,-0.8780629634857178,1.094193458557129,-0.4456719160079956
73,source,10,-0.8745494484901428,1.0806952714920044,-0.4464089870452881
73,source,11,-0.876793622970581,1.1032885313034058,-0.4493477940559387
73,source,12,-0.8764733672142029,1.0927107334136963,-0.4479525685310364
73,source,13,-0.8772116899490356,1.1073085069656372,-0.441561222076416
73,source,14,-0.8699870109558105,1.0812256336212158,-0.44176071882247925
73,source,15,-0.871125340461731,1.0697814226150513,-0.4410896897315979
73,source,16,-0.8736640214920044,1.0787220001220703,-0.4437335729598999
73,source,17,-0.868256688117981,1.0729660987854004,-0.4441547989845276
73,source,18,-0.8759803771972656,1.083248496055603,-0.44849127531051636
73,source,19,-0.8709867000579834,1.076308012008667,-0.4503173232078552
73,source,20,-0.8605449795722961,1.0833446979522705,-0.4366680383682251
73,source,21,-0.8664097189903259,1.0690343379974365,-0.4389185905456543
73,source,22,-0.8650253415107727,1.0739753246307373,-0.4311578869819641
73,source,23,-0.8636193871498108,1.0695652961730957,-0.4368506669998169
73,source,24,-0.8633499145507812,1.0632174015045166,-0.44131332635879517
73,source,25,-0.867711067199707,1.0647141933441162,-0.44311219453811646
73,source,26,-0.85858154296875,1.0768702030181885,-0.443480908870697
73,source,27,-0.888302743434906,1.092829942703247,-0.44579392671585083
73,source,28,-0.8789445161819458,1.084010362625122,-0.44652605056762695
73,source,29,-0.876485288143158,1.0904361009597778,-0.4477972388267517
73,source,30,-0.8768599033355713,1.0987192392349243,-0.44574427604675293
73,source,31,-0.8739821314811707,1.0878322124481201,-0.4463302493095398
73,source,32,-0.8691253066062927,1.0816868543624878,-0.4493008852005005
73,source,33,-0.8679119348526001,1.0817523002624512,-0.45284581184387207
73,source,34,-0.8725663423538208,1.0953024625778198,-0.4494969844818115
73,source,35,-0.8744989037513733,1.0790674686431885,-0.4485853910446167
73,source,36,-0.8890787363052368,1.099550485610962,-0.4440634846687317
73,source,37,-0.8652635812759399,1.0780577659606934,-0.4389868378639221
73,source,38,-0.8629521131515503,1.060199499130249,-0.4381250739097595
73,source,39,-0.8664541840553284,1.0679370164871216,-0.4375303387641907
73,source,40,-0.8742040395736694,1.0867679119110107,-0.44510090351104736
73,source,41,-0.8759281039237976,1.0915496349334717,-0.4380250573158264
73,source,42,-0.8750655055046082,1.0848459005355835,-0.4395623803138733
73,source,43,-0.8740605115890503,1.085618495941162,-0.44926464557647705
73,source,44,-0.8575211763381958,1.0707721710205078,-0.4304583668708801
73,source,45,-0.8634797930717468,1.0781233310699463,-0.4435212016105652
73,source,46,-0.8775949478149414,1.0924463272094727,-0.4439392685890198
73,source,47,-0.8814433217048645,1.1014456748962402,-0.440737247467041
73,source,48,-0.8624964952468872,1.082542896270752,-0.4435202479362488
73,source,49,-0.8726163506507874,1.0751101970672607,-0.4433198571205139
73,source,50,-0.855534017086029,1.0814299583435059,-0.45637309551239014
73,source,51,-0.8601105213165283,1.083083987236023,-0.4577232599258423
73,source,52,-0.8560411930084229,1.0743052959442139,-0.465684711933136
73,source,53,-0.8511542677879333,1.0742653608322144,-0.4630436301231384
73,source,54,-0.8606568574905396,1.0832979679107666,-0.46742963790893555
73,source,55,-0.859883189201355,1.0909628868103027,-0.45576077699661255
73,source,56,-0.8632961511611938,1.093350887298584,-0.45462435483932495
73,source,57,-0.8603053092956543,1.0914809703826904,-0.45744115114212036
73,source,58,-0.8506377935409546,1.0809333324432373,-0.45792633295059204
73,source,59,-0.8560382723808289,1.0879802703857422,-0.4571763277053833
73,source,60,-0.8592498898506165,1.0852792263031006,-0.4555917978286743
73,source,61,-0.8551052808761597,1.08341383934021,-0.4537401795387268
73,source,62,-0.8610689043998718,1.0826022624969482,-0.4552638530731201
73,source,63,-0.850236177444458,1.0765044689178467,-0.45123291015625
73,target,0,-0.823867917060852,1.0950822830200195,-0.44932645559310913
73,target,1,-0.8611326813697815,1.149571418762207,-0.44105368852615356
73,target,2,-0.8561849594116211,1.1268153190612793,-0.44278156757354736
73,target,3,-0.8528775572776794,1.1122872829437256,-0.4462519884109497
73,target,4,-0.8553615808486938,1.1074278354644775,-0.45086437463760376
73,target,5,-0.8724978566169739,1.1256802082061768,-0.46956807374954224
73,target,6,-0.879443883895874,1.136806607246399,-0.456348180770874
73,target,7,-0.8691564798355103,1.120693325996399,-0.4603421688079834
73,target,8,-0.8722056746482849,1.1199342012405396,-0.4558452367782593
73,target,9,-0.8494880199432373,1.1053135395050049,-0.4643462300300598
73,target,10,-0.8589762449264526,1.1198368072509766,-0.45506131649017334
73,target,11,-0.8560526371002197,1.1238837242126465,-0.44948679208755493
73,target,12,-0.8609628677368164,1.1163032054901123,-0.44735080003738403
73,target,13,-0.8486500382423401,1.088018536567688,-0.4567837715148926
73,target,14,-0.8574293255805969,1.1009541749954224,-0.4631296992301941
73,target,15,-0.8607355356216431,1.0976076126098633,-0.4592955708503723
73,target,16,-0.854428768157959,1.1019045114517212,-0.46111756563186646
73,target,17,-0.8630218505859375,1.1269662380218506,-0.44491684436798096
73,target,18,-0.8725156784057617,1.1478819847106934,-0.4463668465614319
73,target,19,-0.8598791360855103,1.1273744106292725,-0.44693195819854736
73,target,20,-0.8728126883506775,1.1432092189788818,-0.4523842930793762
73,target,21,-0.8687846660614014,1.126101016998291,-0.45005035400390625
73,target,22,-0.855858325958252,1.127042293548584,-0.4465349316596985
73,target,23,-0.8617303967475891,1.1253933906555176,-0.44468313455581665
73,target,24,-0.8672653436660767,1.1311086416244507,-0.44637393951416016
73,target,25,-0.8540647029876709,1.1107828617095947,-0.4387781620025635
73,target,26,-0.8600568175315857,1.1218953132629395,-0.4455036520957947
73,target,27,-0.8688292503356934,1.142768383026123,-0.4379205107688904
73,target,28,-0.8526344299316406,1.098623514175415,-0.4399781823158264
73,target,29,-0.8556949496269226,1.104677438735962,-0.453119158744812
73,target,30,-0.8463462591171265,1.0733795166015625,-0.4536149501800537
73,target,31,-0.8683767914772034,1.1280522346496582,-0.4507513642311096
73,target,32,-0.8687083125114441,1.116065502166748,-0.45557111501693726
73,target,33,-0.8557829260826111,1.1201963424682617,-0.4464406967163086
73,target,34,-0.8563026189804077,1.1113598346710205,-0.4417473077774048
73,target,35,-0.8404996395111084,1.098923921585083,-0.45150744915008545
73,target,36,-0.8650966882705688,1.12467622756958,-0.4528219699859619
73,target,37,-0.8404619693756104,1.1032750606536865,-0.4452130198478699
73,target,38,-0.8606805205345154,1.1161203384399414,-0.44449543952941895
73,target,39,-0.8618744611740112,1.127359390258789,-0.4437739849090576
73,target,40,-0.8424503803253174,1.1200273036956787,-0.4459155797958374
73,target,41,-0.8433790802955627,1.1292815208435059,-0.4396885633468628
73,target,42,-0.8609862327575684,1.1152880191802979,-0.44512516260147095
73,target,43,-0.8533427715301514,1.1048879623413086,-0.4432184100151062
73,target,44,-0.8536228537559509,1.1097705364227295,-0.4393407702445984
73,target,45,-0.852953314781189,1.1017236709594727,-0.4358130097389221
73,target,46,-0.8046789765357971,1.0478061437606812,-0.44447439908981323
73,target,47,-0.8358545303344727,1.0936697721481323,-0.44999343156814575
73,target,48,-0.8229177594184875,1.0896151065826416,-0.4564182162284851
73,target,49,-0.8012452125549316,1.0421403646469116,-0.44092249870300293
73,target,50,-0.8341691493988037,1.0886610746383667,-0.4407356381416321
73,target,51,-0.8642925024032593,1.123760461807251,-0.452470064163208
73,target,52,-0.8528136014938354,1.1072254180908203,-0.4506586790084839
73,target,53,-0.8593078255653381,1.1255861520767212,-0.45492100715637207
73,target,54,-0.8615831136703491,1.1300437450408936,-0.4493691921234131
73,target,55,-0.8632686138153076,1.1256524324417114,-0.459425151348114
73,target,56,-0.8598660826683044,1.1264843940734863,-0.4524485468864441
73,target,57,-0.8508711457252502,1.1148550510406494,-0.453971266746521
73,target,58,-0.869271993637085,1.132810354232788,-0.45710188150405884
73,target,59,-0.853546142578125,1.1228958368301392,-0.4522448182106018
73,target,60,-0.8539817333221436,1.1230814456939697,-0.4508066177368164
73,target,61,-0.8456951379776001,1.107503890991211,-0.4533519148826599
73,target,62,-0.8456448316574097,1.1075806617736816,-0.44531702995300293
73,target,63,-0.8418252468109131,1.0988800525665283,-0.45501232147216797
74,source,0,-0.8784747123718262,1.0996809005737305,-0.44871556758880615
74,source,1,-0.8699485063552856,1.082792043685913,-0.45051777362823486
74,source,2,-0.8658414483070374,1.082949161529541,-0.44830846786499023
74,source,3,-0.860616147518158,1.0859425067901611,-0.44904863834381104
74,source,4,-0.867946207523346,1.0833280086517334,-0.45493775606155396
74,source,5,-0.8657611608505249,1.088623285293579,-0.4490663409233093
74,source,6,-0.8723089098930359,1.0968914031982422,-0.45057159662246704
74,source,7,-0.8732286691665649,1.0939362049102783,-0.45182204246520996
74,source,8,-0.8653494715690613,1.0814605951309204,-0.44898682832717896
74,source,9,-0.8737744688987732,1.0946038961410522,-0.44724196195602417
74,source,10,-0.8727013468742371,1.0848305225372314,-0.44777435064315796
74,source,11,-0.8727542161941528,1.0981539487838745,-0.4500187635421753
74,source,12,-0.8728917241096497,1.0898298025131226,-0.4468005299568176
74,source,13,-0.8750500082969666,1.1029891967773438,-0.4417467713356018
74,source,14,-0.8708891868591309,1.087867259979248,-0.44252270460128784
74,source,15,-0.8697224259376526,1.074019432067871,-0.44302594661712646
74,source,16,-0.8722560405731201,1.0825152397155762,-0.44485974311828613
74,source,17,-0.8679745197296143,1.0758545398712158,-0.4446728229522705
74,source,18,-0.8756650686264038,1.086490511894226,-0.4489908218383789
74,source,19,-0.8711813688278198,1.0816314220428467,-0.4494614601135254
74,source,20,-0.8603094816207886,1.088396430015564,-0.43634212017059326
74,source,21,-0.8669326305389404,1.077807903289795,-0.4413064122200012
74,source,22,-0.8641727566719055,1.0780749320983887,-0.43546539545059204
74,source,23,-0.8668496608734131,1.0790822505950928,-0.43735557794570923
74,source,24,-0.865642786026001,1.0725843906402588,-0.44157278537750244
74,source,25,-0.8693602681159973,1.0719923973083496,-0.444585919380188
74,source,26,-0.8600051403045654,1.0828547477722168,-0.44253379106521606
74,source,27,-0.8837377429008484,1.0882467031478882,-0.44578349590301514
74,source,28,-0.8806345462799072,1.0875284671783447,-0.44459253549575806
74,source,29,-0.8722422122955322,1.0893044471740723,-0.44607073068618774
74,source,30,-0.8724565505981445,1.0948231220245361,-0.44672298431396484
74,source,31,-0.8730085492134094,1.0896711349487305,-0.4480416178703308
74,source,32,-0.869594156742096,1.085699200630188,-0.4501916766166687
74,source,33,-0.866361141204834,1.08587646484375,-0.45320284366607666
74,source,34,-0.8701708316802979,1.0935325622558594,-0.4500526785850525
74,source,35,-0.8723505735397339,1.081347942352295,-0.44934046268463135
74,source,36,-0.8827753663063049,1.091348648071289,-0.44632041454315186
74,source,37,-0.8653421998023987,1.0851986408233643,-0.43929189443588257
74,source,38,-0.8630257844924927,1.0659725666046143,-0.4404512643814087
74,source,39,-0.8679074048995972,1.0762109756469727,-0.4377630949020386
74,source,40,-0.8704653978347778,1.0874662399291992,-0.443414568901062
74,source,41,-0.8704280853271484,1.0932743549346924,-0.44067275524139404
74,source,42,-0.8696495890617371,1.0889469385147095,-0.44250810146331787
74,source,43,-0.8706458210945129,1.0895047187805176,-0.45014119148254395
74,source,44,-0.8590549230575562,1.0789072513580322,-0.4328581690788269
74,source,45,-0.8633149862289429,1.079953670501709,-0.4450085759162903
74,source,46,-0.8742680549621582,1.090947151184082,-0.44523751735687256
74,source,47,-0.8771964907646179,1.096117377281189,-0.44433730840682983
74,source,48,-0.8593249917030334,1.084096908569336,-0.4438297152519226
74,source,49,-0.8714598417282104,1.0787451267242432,-0.44282829761505127
74,source,50,-0.860039234161377,1.0876152515411377,-0.45685476064682007
74,source,51,-0.8647997975349426,1.0918899774551392,-0.4567757248878479
74,source,52,-0.8579729199409485,1.0809696912765503,-0.46460020542144775
74,source,53,-0.8555798530578613,1.080627202987671,-0.4615877866744995
74,source,54,-0.8675019145011902,1.0936994552612305,-0.46353578567504883
74,source,55,-0.8663716316223145,1.0990835428237915,-0.4550650715827942
74,source,56,-0.8695433139801025,1.100912094116211,-0.4552522897720337
74,source,57,-0.8674404621124268,1.1017159223556519,-0.4568668603897095
74,source,58,-0.8593676686286926,1.0903027057647705,-0.4576837420463562
74,source,59,-0.8647264242172241,1.0993881225585938,-0.45660150051116943
74,source,60,-0.8662962913513184,1.0941333770751953,-0.4555695056915283
74,source,61,-0.8603155016899109,1.0927046537399292,-0.4552823305130005
74,source,62,-0.86383455991745,1.0905687808990479,-0.4552718997001648
74,source,63,-0.855933666229248,1.0882341861724854,-0.4510510563850403
74,target,0,-0.8314304351806641,1.1042383909225464,-0.4501956105232239
74,target,1,-0.8662467002868652,1.1520966291427612,-0.44454115629196167
74,target,2,-0.8594801425933838,1.1297931671142578,-0.44867902994155884
74,target,3,-0.8540043234825134,1.113427758216858,-0.4496232271194458
74,target,4,-0.8619872331619263,1.1197872161865234,-0.4536423087120056
74,target,5,-0.8824308514595032,1.138089895248413,-0.4692057967185974
74,target,6,-0.8809731006622314,1.1349985599517822,-0.45596379041671753
74,target,7,-0.8744133710861206,1.1228934526443481,-0.4595017433166504
74,target,8,-0.8768354058265686,1.1222715377807617,-0.4556732773780823
74,target,9,-0.8560115694999695,1.1105313301086426,-0.46512752771377563
74,target,10,-0.8709247708320618,1.1301655769348145,-0.45914775133132935
74,target,11,-0.865522563457489,1.1298977136611938,-0.45034509897232056
74,target,12,-0.8665851354598999,1.120008945465088,-0.45187997817993164
74,target,13,-0.8600092530250549,1.111327052116394,-0.4599013924598694
74,target,14,-0.8703733682632446,1.1209461688995361,-0.46335744857788086
74,target,15,-0.869960606098175,1.1135272979736328,-0.4591338038444519
74,target,16,-0.8645961284637451,1.1201720237731934,-0.45869946479797363
74,target,17,-0.8739649653434753,1.1378275156021118,-0.446572482585907
74,target,18,-0.8786113262176514,1.1476407051086426,-0.44757556915283203
74,target,19,-0.8710061311721802,1.1345198154449463,-0.44623875617980957
74,target,20,-0.8788317441940308,1.1465442180633545,-0.4512137174606323
74,target,21,-0.868977427482605,1.1230043172836304,-0.4502430558204651
74,target,22,-0.8701214790344238,1.1423571109771729,-0.4458070993423462
74,target,23,-0.8725942373275757,1.1330578327178955,-0.44361966848373413
74,target,24,-0.8717100620269775,1.133195161819458,-0.447634220123291
74,target,25,-0.8602190017700195,1.11952543258667,-0.44246751070022583
74,target,26,-0.8661882281303406,1.126847743988037,-0.4468829035758972
74,target,27,-0.8759915828704834,1.1503978967666626,-0.44003838300704956
74,target,28,-0.8580289483070374,1.1073476076126099,-0.43957698345184326
74,target,29,-0.8673710823059082,1.1205203533172607,-0.4545440077781677
74,target,30,-0.8568364977836609,1.09273362159729,-0.4545641541481018
74,target,31,-0.8802627325057983,1.134444236755371,-0.4495939016342163
74,target,32,-0.8822484612464905,1.1284981966018677,-0.45368921756744385
74,target,33,-0.8583707213401794,1.1189781427383423,-0.449948787689209
74,target,34,-0.856779932975769,1.1139097213745117,-0.44695818424224854
74,target,35,-0.8480483889579773,1.1045289039611816,-0.45293712615966797
74,target,36,-0.8710933923721313,1.1272516250610352,-0.455064594745636
74,target,37,-0.8478111028671265,1.1078051328659058,-0.4484062194824219
74,target,38,-0.8638957738876343,1.1186143159866333,-0.4476204514503479
74,target,39,-0.8681209683418274,1.1321208477020264,-0.44573646783828735
74,target,40,-0.8493210077285767,1.1258859634399414,-0.4468187689781189
74,target,41,-0.8499699234962463,1.1371171474456787,-0.4407387375831604
74,target,42,-0.8637543320655823,1.1184263229370117,-0.44506603479385376
74,target,43,-0.8588382005691528,1.1116256713867188,-0.4429759979248047
74,target,44,-0.8597602844238281,1.1159939765930176,-0.43995046615600586
74,target,45,-0.8570793867111206,1.1101515293121338,-0.4374496340751648
74,target,46,-0.8061016201972961,1.0547417402267456,-0.44797080755233765
74,target,47,-0.8394879102706909,1.0989465713500977,-0.45339953899383545
74,target,48,-0.8333755135536194,1.1016013622283936,-0.4590579867362976
74,target,49,-0.8046646118164062,1.049384355545044,-0.44557613134384155
74,target,50,-0.8460894227027893,1.1069204807281494,-0.4436384439468384
74,target,51,-0.870492696762085,1.134610891342163,-0.454571008682251
74,target,52,-0.8620138168334961,1.1210572719573975,-0.4511489272117615
74,target,53,-0.8696024417877197,1.1358331441879272,-0.457375705242157
74,target,54,-0.8702932596206665,1.1394275426864624,-0.4497194290161133
74,target,55,-0.878225564956665,1.143524408340454,-0.4586639404296875
74,target,56,-0.8712340593338013,1.1377177238464355,-0.45407426357269287
74,target,57,-0.8632053136825562,1.1299107074737549,-0.4557065963745117
74,target,58,-0.8819639682769775,1.1460411548614502,-0.45842522382736206
74,target,59,-0.8651010394096375,1.1356924772262573,-0.45612794160842896
74,target,60,-0.8600779175758362,1.1285845041275024,-0.45369237661361694
74,target,61,-0.8531107306480408,1.1162761449813843,-0.4557209014892578
74,target,62,-0.8507548570632935,1.1138588190078735,-0.44785380363464355
74,target,63,-0.8528994917869568,1.111811637878418,-0.4563677906990051
75,source,0,-0.8847424387931824,1.0944023132324219,-0.44673824310302734
75,source,1,-0.8763910531997681,1.0757921934127808,-0.4484896659851074
75,source,2,-0.8676883578300476,1.072898030281067,-0.4447552561759949
75,source,3,-0.8635923266410828,1.074171543121338,-0.44523829221725464
75,source,4,-0.873627245426178,1.0732775926589966,-0.45502424240112305
75,source,5,-0.8713133335113525,1.0756975412368774,-0.447681188583374
75,source,6,-0.8778252601623535,1.0866092443466187,-0.44830822944641113
75,source,7,-0.8806470632553101,1.0825438499450684,-0.4491844177246094
75,source,8,-0.8731403350830078,1.0740869045257568,-0.4469683766365051
75,source,9,-0.8792481422424316,1.0852997303009033,-0.4449620246887207
75,source,10,-0.875581681728363,1.0731384754180908,-0.44460994005203247
75,source,11,-0.8753435611724854,1.0874191522598267,-0.4471696615219116
75,source,12,-0.8778772950172424,1.0807629823684692,-0.4465411305427551
75,source,13,-0.8792896270751953,1.0980825424194336,-0.43785613775253296
75,source,14,-0.8727067708969116,1.0762503147125244,-0.4400320053100586
75,source,15,-0.8760494589805603,1.0654765367507935,-0.4413074254989624
75,source,16,-0.8754615783691406,1.0724232196807861,-0.4414173364639282
75,source,17,-0.8700048923492432,1.0669198036193848,-0.4427127242088318
75,source,18,-0.8788874745368958,1.07846999168396,-0.4468050003051758
75,source,19,-0.8745349049568176,1.0697941780090332,-0.44779080152511597
75,source,20,-0.8627374768257141,1.0781675577163696,-0.43116313219070435
75,source,21,-0.8698103427886963,1.0708050727844238,-0.4333508014678955
75,source,22,-0.8666912317276001,1.0686728954315186,-0.4272448420524597
75,source,23,-0.8669968843460083,1.0653057098388672,-0.43384212255477905
75,source,24,-0.8675525188446045,1.0588399171829224,-0.43986034393310547
75,source,25,-0.8719300031661987,1.0590161085128784,-0.4428766965866089
75,source,26,-0.8638738989830017,1.070885419845581,-0.4412495493888855
75,source,27,-0.8871998190879822,1.0790903568267822,-0.4445522427558899
75,source,28,-0.8835172653198242,1.0803228616714478,-0.44365257024765015
75,source,29,-0.8774883151054382,1.0770628452301025,-0.4450543522834778
75,source,30,-0.876755952835083,1.08854341506958,-0.4424588680267334
75,source,31,-0.8755298256874084,1.075602412223816,-0.44473469257354736
75,source,32,-0.8728220462799072,1.0781502723693848,-0.4461762309074402
75,source,33,-0.871349573135376,1.0735466480255127,-0.45191502571105957
75,source,34,-0.871826171875,1.0811330080032349,-0.44953054189682007
75,source,35,-0.8776935935020447,1.0702253580093384,-0.44920504093170166
75,source,36,-0.8888384699821472,1.0861883163452148,-0.44346868991851807
75,source,37,-0.8684567213058472,1.0742179155349731,-0.4384456276893616
75,source,38,-0.8668118119239807,1.0543850660324097,-0.4381145238876343
75,source,39,-0.8700227737426758,1.063805103302002,-0.4347187876701355
75,source,40,-0.8776687383651733,1.0790541172027588,-0.442205548286438
75,source,41,-0.8760261535644531,1.081956148147583,-0.43674159049987793
75,source,42,-0.874769926071167,1.0768346786499023,-0.4383682608604431
75,source,43,-0.8755749464035034,1.076772928237915,-0.4491051435470581
75,source,44,-0.8602652549743652,1.0663708448410034,-0.4244281053543091
75,source,45,-0.8663676381111145,1.0697519779205322,-0.44021207094192505
75,source,46,-0.877341091632843,1.0822522640228271,-0.44285762310028076
75,source,47,-0.8814738988876343,1.0896944999694824,-0.43954914808273315
75,source,48,-0.8636730313301086,1.0731170177459717,-0.43961048126220703
75,source,49,-0.8785597085952759,1.0727074146270752,-0.4416012763977051
75,source,50,-0.8660709857940674,1.0798693895339966,-0.45450741052627563
75,source,51,-0.8699412941932678,1.085749864578247,-0.4552048444747925
75,source,52,-0.860223114490509,1.0717172622680664,-0.46405506134033203
75,source,53,-0.8596633672714233,1.07486891746521,-0.45883965492248535
75,source,54,-0.8694652318954468,1.082648515701294,-0.46255701780319214
75,source,55,-0.8697399497032166,1.090796709060669,-0.45201075077056885
75,source,56,-0.8718962669372559,1.0894980430603027,-0.4510762095451355
75,source,57,-0.8722605109214783,1.0915714502334595,-0.45320916175842285
75,source,58,-0.8641944527626038,1.0836154222488403,-0.4547509551048279
75,source,59,-0.8674993515014648,1.089625358581543,-0.4525184631347656
75,source,60,-0.8685814142227173,1.083142638206482,-0.45260089635849
75,source,61,-0.8631007671356201,1.0845322608947754,-0.4502429962158203
75,source,62,-0.867900013923645,1.0807353258132935,-0.4538511633872986
75,source,63,-0.8596676588058472,1.081444263458252,-0.44714707136154175
75,target,0,-0.8389361500740051,1.103837490081787,-0.44563597440719604
75,target,1,-0.8707130551338196,1.1446853876113892,-0.4437728524208069
75,target,2,-0.8703762888908386,1.1287739276885986,-0.44742709398269653
75,target,3,-0.8624879121780396,1.1081347465515137,-0.4478476047515869
75,target,4,-0.8660788536071777,1.1120505332946777,-0.4524335265159607
75,target,5,-0.8831454515457153,1.1346940994262695,-0.46885716915130615
75,target,6,-0.8866897225379944,1.1358308792114258,-0.4555397629737854
75,target,7,-0.8793678283691406,1.1220238208770752,-0.4610500931739807
75,target,8,-0.8813343048095703,1.119438886642456,-0.4559999704360962
75,target,9,-0.8633368611335754,1.1106786727905273,-0.46432268619537354
75,target,10,-0.8747287392616272,1.1277377605438232,-0.456809937953949
75,target,11,-0.8667724132537842,1.1239874362945557,-0.45217573642730713
75,target,12,-0.8732868432998657,1.1145622730255127,-0.44862252473831177
75,target,13,-0.8660753965377808,1.1057612895965576,-0.4596066474914551
75,target,14,-0.8730717301368713,1.1151703596115112,-0.4626534581184387
75,target,15,-0.8716785907745361,1.1057873964309692,-0.459502637386322
75,target,16,-0.8656183481216431,1.1116299629211426,-0.45798301696777344
75,target,17,-0.8787589073181152,1.1349549293518066,-0.4445682168006897
75,target,18,-0.8863728642463684,1.1485443115234375,-0.44690829515457153
75,target,19,-0.875170111656189,1.1288836002349854,-0.4464353919029236
75,target,20,-0.8860400319099426,1.1477776765823364,-0.450386106967926
75,target,21,-0.87899249792099,1.1283056735992432,-0.44965749979019165
75,target,22,-0.8739114999771118,1.14060640335083,-0.4430784583091736
75,target,23,-0.8749879002571106,1.1314682960510254,-0.44397103786468506
75,target,24,-0.8798520565032959,1.1353912353515625,-0.44572919607162476
75,target,25,-0.8677841424942017,1.1138650178909302,-0.4414018392562866
75,target,26,-0.8709389567375183,1.1183714866638184,-0.44823944568634033
75,target,27,-0.8786478638648987,1.1394318342208862,-0.4402671456336975
75,target,28,-0.8658549189567566,1.1036726236343384,-0.4374276399612427
75,target,29,-0.8729978799819946,1.117281436920166,-0.45305776596069336
75,target,30,-0.8615545630455017,1.0907177925109863,-0.4516407251358032
75,target,31,-0.8840648531913757,1.1305434703826904,-0.45360440015792847
75,target,32,-0.8839201927185059,1.1201343536376953,-0.4560794234275818
75,target,33,-0.8693575859069824,1.1280308961868286,-0.4434402585029602
75,target,34,-0.8673343658447266,1.1108722686767578,-0.44504547119140625
75,target,35,-0.8516066670417786,1.1028010845184326,-0.45084863901138306
75,target,36,-0.8787887096405029,1.1281499862670898,-0.452001690864563
75,target,37,-0.855380117893219,1.1087913513183594,-0.44481080770492554
75,target,38,-0.8708948493003845,1.1147103309631348,-0.4428543448448181
75,target,39,-0.8799083232879639,1.1322377920150757,-0.4415695071220398
75,target,40,-0.8585935831069946,1.1252007484436035,-0.4435043931007385
75,target,41,-0.8582163453102112,1.1383624076843262,-0.4369118809700012
75,target,42,-0.8690216541290283,1.1121635437011719,-0.44259560108184814
75,target,43,-0.861345112323761,1.0994665622711182,-0.44195032119750977
75,target,44,-0.865260899066925,1.1086211204528809,-0.43674880266189575
75,target,45,-0.860501766204834,1.0986032485961914,-0.4323650598526001
75,target,46,-0.8161711692810059,1.0554473400115967,-0.4435480833053589
75,target,47,-0.849606990814209,1.0949692726135254,-0.44732964038848877
75,target,48,-0.8372155427932739,1.0949516296386719,-0.4544118046760559
75,target,49,-0.8124898076057434,1.0423521995544434,-0.44209861755371094
75,target,50,-0.8535416722297668,1.0999809503555298,-0.43951475620269775
75,target,51,-0.8753402233123779,1.1215559244155884,-0.4534395933151245
75,target,52,-0.868556797504425,1.1135408878326416,-0.4507395029067993
75,target,53,-0.8750898241996765,1.127150535583496,-0.4554445147514343
75,target,54,-0.8749347925186157,1.1341404914855957,-0.4486519694328308
75,target,55,-0.8810157775878906,1.1347949504852295,-0.45923757553100586
75,target,56,-0.8750576972961426,1.1317071914672852,-0.4522758722305298
75,target,57,-0.8674323558807373,1.120032548904419,-0.4545244574546814
75,target,58,-0.8865119814872742,1.140777826309204,-0.45615243911743164
75,target,59,-0.8696293830871582,1.1273444890975952,-0.4532191753387451
75,target,60,-0.8690853118896484,1.1246161460876465,-0.4497342109680176
75,target,61,-0.8625288605690002,1.1116836071014404,-0.45182979106903076
75,target,62,-0.8596885204315186,1.1093906164169312,-0.4448205232620239
75,target,63,-0.8577866554260254,1.1056938171386719,-0.4543214440345764
76,source,0,-0.8767248392105103,1.0954620838165283,-0.44892823696136475
76,source,1,-0.8676338791847229,1.076034665107727,-0.4512268304824829
76,source,2,-0.8643397092819214,1.080570101737976,-0.44605177640914917
76,source,3,-0.854791522026062,1.0778906345367432,-0.4478796124458313
76,source,4,-0.86644047498703,1.0756644010543823,-0.4565068483352661
76,source,5,-0.8652470111846924,1.0797944068908691,-0.4490622282028198
76,source,6,-0.8722328543663025,1.0884630680084229,-0.45059287548065186
76,source,7,-0.8732106685638428,1.0858232975006104,-0.45156556367874146
76,source,8,-0.8654667139053345,1.0761010646820068,-0.44930166006088257
76,source,9,-0.874156653881073,1.0909218788146973,-0.4470062851905823
76,source,10,-0.8669422268867493,1.074647068977356,-0.44794654846191406
76,source,11,-0.8648459911346436,1.0860371589660645,-0.45070695877075195
76,source,12,-0.8672027587890625,1.0821788311004639,-0.45021241903305054
76,source,13,-0.8689641952514648,1.0958551168441772,-0.4405619502067566
76,source,14,-0.8676193356513977,1.0820248126983643,-0.4417228698730469
76,source,15,-0.8677400946617126,1.0682475566864014,-0.44389039278030396
76,source,16,-0.8676146268844604,1.0752975940704346,-0.444230854511261
76,source,17,-0.8612985610961914,1.068953514099121,-0.44502830505371094
76,source,18,-0.8706621527671814,1.0803625583648682,-0.4492299556732178
76,source,19,-0.8655057549476624,1.0736584663391113,-0.44973224401474
76,source,20,-0.8551186323165894,1.080678939819336,-0.4362635612487793
76,source,21,-0.8631594777107239,1.071678876876831,-0.4399906396865845
76,source,22,-0.8609346747398376,1.0715546607971191,-0.4344552755355835
76,source,23,-0.8613841533660889,1.069908618927002,-0.4402438998222351
76,source,24,-0.8612223863601685,1.0634350776672363,-0.44415777921676636
76,source,25,-0.8659006953239441,1.0653750896453857,-0.4478653073310852
76,source,26,-0.8561391830444336,1.073581576347351,-0.44546324014663696
76,source,27,-0.879389762878418,1.079292893409729,-0.44677621126174927
76,source,28,-0.8796566128730774,1.084277629852295,-0.44787901639938354
76,source,29,-0.8649676442146301,1.0773276090621948,-0.4487302303314209
76,source,30,-0.8700506687164307,1.0921237468719482,-0.44612783193588257
76,source,31,-0.8673341870307922,1.0820308923721313,-0.4468899965286255
76,source,32,-0.865027129650116,1.0810660123825073,-0.4492441415786743
76,source,33,-0.8651692271232605,1.0796897411346436,-0.4533272385597229
76,source,34,-0.8677278161048889,1.0855334997177124,-0.45144063234329224
76,source,35,-0.8692781329154968,1.072106122970581,-0.4510900378227234
76,source,36,-0.8785320520401001,1.0856786966323853,-0.44702285528182983
76,source,37,-0.8612204194068909,1.0762945413589478,-0.4421377182006836
76,source,38,-0.8625310659408569,1.0637257099151611,-0.4412282705307007
76,source,39,-0.8637540340423584,1.068604826927185,-0.44004011154174805
76,source,40,-0.8676937222480774,1.0800843238830566,-0.44584184885025024
76,source,41,-0.8672187924385071,1.0855071544647217,-0.4411236047744751
76,source,42,-0.8682514429092407,1.082511305809021,-0.4421127438545227
76,source,43,-0.8671665787696838,1.0807602405548096,-0.45151394605636597
76,source,44,-0.8533335328102112,1.0705127716064453,-0.4310588240623474
76,source,45,-0.8589792251586914,1.0747804641723633,-0.4439069628715515
76,source,46,-0.8696044683456421,1.084460735321045,-0.4459204077720642
76,source,47,-0.8728899955749512,1.090094804763794,-0.44194483757019043
76,source,48,-0.8576218485832214,1.0800312757492065,-0.44347697496414185
76,source,49,-0.8673961162567139,1.0732628107070923,-0.44655686616897583
76,source,50,-0.8574819564819336,1.085248351097107,-0.4564773440361023
76,source,51,-0.8610584735870361,1.0896018743515015,-0.4587767720222473
76,source,52,-0.8555426597595215,1.0796141624450684,-0.46486401557922363
76,source,53,-0.8524296283721924,1.0798105001449585,-0.46061837673187256
76,source,54,-0.8623045086860657,1.0875213146209717,-0.4652296304702759
76,source,55,-0.8636253476142883,1.096278190612793,-0.45592164993286133
76,source,56,-0.8637647032737732,1.0941095352172852,-0.4552868604660034
76,source,57,-0.8642693758010864,1.0974698066711426,-0.4564405679702759
76,source,58,-0.8564275503158569,1.088118076324463,-0.45805424451828003
76,source,59,-0.8598488569259644,1.0935907363891602,-0.4573603868484497
76,source,60,-0.861232578754425,1.0898587703704834,-0.4551693797111511
76,source,61,-0.8565000295639038,1.087672233581543,-0.45411717891693115
76,source,62,-0.8591057658195496,1.0856568813323975,-0.45689427852630615
76,source,63,-0.8492860198020935,1.08476984500885,-0.4521403908729553
76,target,0,-0.8307613134384155,1.102468490600586,-0.45033520460128784
76,target,1,-0.8641977310180664,1.148897409439087,-0.4470890760421753
76,target,2,-0.8602571487426758,1.1289114952087402,-0.4483904242515564
76,target,3,-0.8500814437866211,1.1091794967651367,-0.4508587121963501
76,target,4,-0.8560026288032532,1.1088005304336548,-0.454828143119812
76,target,5,-0.8767294883728027,1.1342841386795044,-0.4713956117630005
76,target,6,-0.878081738948822,1.1328372955322266,-0.4571797251701355
76,target,7,-0.8732631802558899,1.124039649963379,-0.46173352003097534
76,target,8,-0.8738857507705688,1.1193172931671143,-0.4584354758262634
76,target,9,-0.852368950843811,1.1072843074798584,-0.4652774930000305
76,target,10,-0.8667767643928528,1.1234216690063477,-0.4605249762535095
76,target,11,-0.8633113503456116,1.127952218055725,-0.4537357687950134
76,target,12,-0.8647404313087463,1.1130661964416504,-0.4529046416282654
76,target,13,-0.8566550016403198,1.1038434505462646,-0.460884153842926
76,target,14,-0.8632096648216248,1.1152905225753784,-0.4647166132926941
76,target,15,-0.8634772896766663,1.1103105545043945,-0.4597906470298767
76,target,16,-0.857912003993988,1.115878939628601,-0.45917677879333496
76,target,17,-0.8684898018836975,1.13210129737854,-0.4489489793777466
76,target,18,-0.8758875131607056,1.146775484085083,-0.45026063919067383
76,target,19,-0.8667860627174377,1.130117416381836,-0.44869714975357056
76,target,20,-0.8795397281646729,1.1494622230529785,-0.4536746144294739
76,target,21,-0.8715541958808899,1.1293902397155762,-0.45219337940216064
76,target,22,-0.8680977821350098,1.1381292343139648,-0.44757431745529175
76,target,23,-0.868060827255249,1.1302804946899414,-0.4451789855957031
76,target,24,-0.8726476430892944,1.134628176689148,-0.448062002658844
76,target,25,-0.8583619594573975,1.1148431301116943,-0.44528084993362427
76,target,26,-0.8599624633789062,1.120532751083374,-0.4492255449295044
76,target,27,-0.8714228272438049,1.1441515684127808,-0.4420274496078491
76,target,28,-0.8576509952545166,1.1088447570800781,-0.4401279091835022
76,target,29,-0.8627046346664429,1.1186530590057373,-0.45600253343582153
76,target,30,-0.8514544367790222,1.0907986164093018,-0.4555802345275879
76,target,31,-0.870968222618103,1.1298521757125854,-0.45563143491744995
76,target,32,-0.8718622922897339,1.1218597888946533,-0.45725661516189575
76,target,33,-0.8594998121261597,1.123645544052124,-0.44713258743286133
76,target,34,-0.8537946343421936,1.1077978610992432,-0.4497852325439453
76,target,35,-0.8495976328849792,1.1095812320709229,-0.45330750942230225
76,target,36,-0.8672588467597961,1.1227505207061768,-0.45492976903915405
76,target,37,-0.8470495939254761,1.1068048477172852,-0.44813787937164307
76,target,38,-0.8602340221405029,1.1126161813735962,-0.44789791107177734
76,target,39,-0.8676354885101318,1.1275031566619873,-0.44595593214035034
76,target,40,-0.851265013217926,1.1247684955596924,-0.44863635301589966
76,target,41,-0.8527547717094421,1.1359639167785645,-0.44255346059799194
76,target,42,-0.8606188297271729,1.1081892251968384,-0.44554072618484497
76,target,43,-0.8525338172912598,1.0999383926391602,-0.4460678696632385
76,target,44,-0.8568990230560303,1.1071617603302002,-0.4407777190208435
76,target,45,-0.8542373180389404,1.0984740257263184,-0.43800950050354004
76,target,46,-0.8077716827392578,1.059511423110962,-0.4500269293785095
76,target,47,-0.8386964201927185,1.0964553356170654,-0.4531775116920471
76,target,48,-0.8316015005111694,1.0997588634490967,-0.4593456983566284
76,target,49,-0.8062523007392883,1.049645185470581,-0.44691306352615356
76,target,50,-0.845313549041748,1.1021625995635986,-0.4462130069732666
76,target,51,-0.8651152849197388,1.1274456977844238,-0.45562756061553955
76,target,52,-0.8571971654891968,1.1159062385559082,-0.4534488320350647
76,target,53,-0.8632320165634155,1.1280014514923096,-0.45918530225753784
76,target,54,-0.8647313117980957,1.132798194885254,-0.4505384564399719
76,target,55,-0.8724018931388855,1.134406328201294,-0.4612243175506592
76,target,56,-0.8679934144020081,1.1340618133544922,-0.45447099208831787
76,target,57,-0.8583372831344604,1.124845027923584,-0.45661890506744385
76,target,58,-0.878069281578064,1.1443610191345215,-0.45822590589523315
76,target,59,-0.86007159948349,1.1295866966247559,-0.4559285044670105
76,target,60,-0.8576874136924744,1.1229379177093506,-0.45318132638931274
76,target,61,-0.8505035042762756,1.1092114448547363,-0.45530223846435547
76,target,62,-0.847076416015625,1.1078555583953857,-0.44959431886672974
76,target,63,-0.8488681316375732,1.107029914855957,-0.45740270614624023
77,source,0,-0.8793767094612122,1.1113255023956299,-0.45414113998413086
77,source,1,-0.8703004121780396,1.0912084579467773,-0.4564250111579895
77,source,2,-0.8649728298187256,1.0941632986068726,-0.4509061574935913
77,source,3,-0.8583552837371826,1.0951199531555176,-0.45176172256469727
77,source,4,-0.8664979338645935,1.0912632942199707,-0.4611433744430542
77,source,5,-0.8669681549072266,1.0945351123809814,-0.454173743724823
77,source,6,-0.8736959099769592,1.104271411895752,-0.4558183550834656
77,source,7,-0.8751646876335144,1.0995885133743286,-0.45587342977523804
77,source,8,-0.86742103099823,1.0913262367248535,-0.4540252089500427
77,source,9,-0.8745893239974976,1.1047881841659546,-0.4511483907699585
77,source,10,-0.8707787394523621,1.0940330028533936,-0.4509488344192505
77,source,11,-0.8700044751167297,1.1058483123779297,-0.45353543758392334
77,source,12,-0.8691689968109131,1.0967822074890137,-0.45272737741470337
77,source,13,-0.8706721067428589,1.1124677658081055,-0.44483286142349243
77,source,14,-0.8700557947158813,1.0947835445404053,-0.44551634788513184
77,source,15,-0.8705250024795532,1.0831193923950195,-0.44796955585479736
77,source,16,-0.8711322546005249,1.0904176235198975,-0.4470934271812439
77,source,17,-0.8640122413635254,1.082857370376587,-0.4473103880882263
77,source,18,-0.8729808330535889,1.0952504873275757,-0.45236003398895264
77,source,19,-0.868473470211029,1.087441325187683,-0.4533284902572632
77,source,20,-0.8600112199783325,1.0999178886413574,-0.43780869245529175
77,source,21,-0.8666588664054871,1.0880811214447021,-0.4426729083061218
77,source,22,-0.8649478554725647,1.0884485244750977,-0.4364410638809204
77,source,23,-0.8663704991340637,1.08785080909729,-0.4411056637763977
77,source,24,-0.8642024993896484,1.0804518461227417,-0.44629234075546265
77,source,25,-0.8696513175964355,1.080193281173706,-0.4511493444442749
77,source,26,-0.8578741550445557,1.0910179615020752,-0.4489973187446594
77,source,27,-0.8832786679267883,1.0942153930664062,-0.4512477517127991
77,source,28,-0.8770490288734436,1.094834327697754,-0.45263785123825073
77,source,29,-0.8694062829017639,1.0940983295440674,-0.45225822925567627
77,source,30,-0.8736971616744995,1.1077264547348022,-0.44936513900756836
77,source,31,-0.8717182874679565,1.099959373474121,-0.45063096284866333
77,source,32,-0.8679261803627014,1.0966811180114746,-0.45391225814819336
77,source,33,-0.8680306077003479,1.0949124097824097,-0.4571533799171448
77,source,34,-0.8697127103805542,1.1017804145812988,-0.4548487067222595
77,source,35,-0.8738740682601929,1.0871202945709229,-0.4556936025619507
77,source,36,-0.8823837041854858,1.1027767658233643,-0.4499244689941406
77,source,37,-0.8655920624732971,1.0915262699127197,-0.4455193281173706
77,source,38,-0.8656215667724609,1.0769734382629395,-0.44476521015167236
77,source,39,-0.8652896285057068,1.0808138847351074,-0.44345468282699585
77,source,40,-0.8732180595397949,1.0944467782974243,-0.4522709846496582
77,source,41,-0.8710258603096008,1.096659541130066,-0.4451825022697449
77,source,42,-0.8718267679214478,1.0946693420410156,-0.44639045000076294
77,source,43,-0.8705648183822632,1.0931503772735596,-0.4555841088294983
77,source,44,-0.8580408096313477,1.08804452419281,-0.43319106101989746
77,source,45,-0.860821008682251,1.0910463333129883,-0.44662171602249146
77,source,46,-0.8735320568084717,1.0987441539764404,-0.44915616512298584
77,source,47,-0.8734509944915771,1.1047203540802002,-0.4458351135253906
77,source,48,-0.8603421449661255,1.0951659679412842,-0.4475141763687134
77,source,49,-0.8742661476135254,1.0891228914260864,-0.44968223571777344
77,source,50,-0.8580687046051025,1.0986278057098389,-0.4612621068954468
77,source,51,-0.8631652593612671,1.1033368110656738,-0.46321237087249756
77,source,52,-0.8523482084274292,1.0881189107894897,-0.46933507919311523
77,source,53,-0.8516782522201538,1.0932327508926392,-0.461397647857666
77,source,54,-0.8639072179794312,1.1018741130828857,-0.4711434245109558
77,source,55,-0.8653283715248108,1.1091351509094238,-0.46080541610717773
77,source,56,-0.8666524291038513,1.1071999073028564,-0.460951030254364
77,source,57,-0.8665834069252014,1.1088881492614746,-0.4616454839706421
77,source,58,-0.8594299554824829,1.1011579036712646,-0.46181756258010864
77,source,59,-0.863377571105957,1.1071274280548096,-0.46127092838287354
77,source,60,-0.8637213706970215,1.1023986339569092,-0.4597829580307007
77,source,61,-0.8572219014167786,1.100427508354187,-0.4584415555000305
77,source,62,-0.8608685731887817,1.0974946022033691,-0.460915207862854
77,source,63,-0.8530560731887817,1.096901535987854,-0.4544777274131775
77,target,0,-0.8306523561477661,1.1119258403778076,-0.45197510719299316
77,target,1,-0.8616610765457153,1.1542563438415527,-0.44961100816726685
77,target,2,-0.8600770235061646,1.141379475593567,-0.45218002796173096
77,target,3,-0.8533850312232971,1.12001371383667,-0.454609215259552
77,target,4,-0.8602989912033081,1.1254587173461914,-0.45643240213394165
77,target,5,-0.8742737174034119,1.147119164466858,-0.4774291515350342
77,target,6,-0.878847599029541,1.1435790061950684,-0.46326106786727905
77,target,7,-0.8746297359466553,1.1349700689315796,-0.46611738204956055
77,target,8,-0.8743739724159241,1.1295547485351562,-0.46221643686294556
77,target,9,-0.858619213104248,1.1221729516983032,-0.46952420473098755
77,target,10,-0.8728758692741394,1.1391063928604126,-0.4623364210128784
77,target,11,-0.8665686249732971,1.1393232345581055,-0.4571155309677124
77,target,12,-0.8693844079971313,1.1264450550079346,-0.45498472452163696
77,target,13,-0.8570528030395508,1.1153266429901123,-0.46296072006225586
77,target,14,-0.8659577965736389,1.1259129047393799,-0.46741652488708496
77,target,15,-0.8668617606163025,1.1202924251556396,-0.46341878175735474
77,target,16,-0.8601647615432739,1.1235589981079102,-0.4640238285064697
77,target,17,-0.8716278076171875,1.1454496383666992,-0.4524892568588257
77,target,18,-0.878412127494812,1.1584879159927368,-0.45445555448532104
77,target,19,-0.8700791001319885,1.1417512893676758,-0.4532972574234009
77,target,20,-0.8785847425460815,1.1595425605773926,-0.45767635107040405
77,target,21,-0.8707917332649231,1.1388132572174072,-0.4588357210159302
77,target,22,-0.8660630583763123,1.1487517356872559,-0.4510372281074524
77,target,23,-0.8700952529907227,1.1410046815872192,-0.4500083327293396
77,target,24,-0.8725965619087219,1.1436948776245117,-0.45356035232543945
77,target,25,-0.857826292514801,1.1222790479660034,-0.45002615451812744
77,target,26,-0.8639582395553589,1.1307992935180664,-0.4535285234451294
77,target,27,-0.8716161847114563,1.1534523963928223,-0.44339853525161743
77,target,28,-0.8556010127067566,1.1156805753707886,-0.4451301693916321
77,target,29,-0.8632281422615051,1.1250474452972412,-0.4597095251083374
77,target,30,-0.8542653322219849,1.1022613048553467,-0.4573603868484497
77,target,31,-0.877176821231842,1.1403228044509888,-0.4590986371040344
77,target,32,-0.8782204389572144,1.1315910816192627,-0.46119898557662964
77,target,33,-0.8590924739837646,1.133446455001831,-0.4503396153450012
77,target,34,-0.8597498536109924,1.1232010126113892,-0.4520959258079529
77,target,35,-0.8455774188041687,1.1198623180389404,-0.4525076150894165
77,target,36,-0.8727154731750488,1.1411776542663574,-0.45907872915267944
77,target,37,-0.8478747606277466,1.1211223602294922,-0.4498664140701294
77,target,38,-0.8641495704650879,1.1277557611465454,-0.451194703578949
77,target,39,-0.8703299760818481,1.1425695419311523,-0.4495002031326294
77,target,40,-0.8512253761291504,1.133824348449707,-0.4503253102302551
77,target,41,-0.8535853624343872,1.1488585472106934,-0.4442848563194275
77,target,42,-0.8604610562324524,1.1229897737503052,-0.44886624813079834
77,target,43,-0.8557620048522949,1.1137295961380005,-0.4483170509338379
77,target,44,-0.8557015061378479,1.1176581382751465,-0.44444340467453003
77,target,45,-0.8561988472938538,1.1142890453338623,-0.43923574686050415
77,target,46,-0.8081693053245544,1.0694726705551147,-0.45176517963409424
77,target,47,-0.8416080474853516,1.1070619821548462,-0.45506882667541504
77,target,48,-0.8337617516517639,1.108033299446106,-0.46166181564331055
77,target,49,-0.8071366548538208,1.0591800212860107,-0.450042724609375
77,target,50,-0.8438196778297424,1.1094732284545898,-0.44994091987609863
77,target,51,-0.8667507767677307,1.135913372039795,-0.45841550827026367
77,target,52,-0.8597728610038757,1.1254287958145142,-0.45679014921188354
77,target,53,-0.8661444187164307,1.1345561742782593,-0.46200597286224365
77,target,54,-0.8666831254959106,1.141709804534912,-0.4544582962989807
77,target,55,-0.8740277886390686,1.1405420303344727,-0.46406060457229614
77,target,56,-0.8714326024055481,1.1408205032348633,-0.4575445055961609
77,target,57,-0.8630881905555725,1.1344270706176758,-0.459053099155426
77,target,58,-0.8812206387519836,1.1508150100708008,-0.46052008867263794
77,target,59,-0.8637198209762573,1.1383613348007202,-0.45854324102401733
77,target,60,-0.8611600399017334,1.1342421770095825,-0.45575326681137085
77,target,61,-0.8530244827270508,1.1190710067749023,-0.4579022526741028
77,target,62,-0.8490766882896423,1.1180987358093262,-0.45072656869888306
77,target,63,-0.8546411991119385,1.1195664405822754,-0.4598732590675354
78,source,0,-0.8763002753257751,1.1006841659545898,-0.45191335678100586
78,source,1,-0.8687908053398132,1.0836342573165894,-0.4536290168762207
78,source,2,-0.865558385848999,1.0851852893829346,-0.4518488049507141
78,source,3,-0.8597092032432556,1.09035325050354,-0.452872097492218
78,source,4,-0.8685669898986816,1.0890207290649414,-0.4580368995666504
78,source,5,-0.8673475384712219,1.0934946537017822,-0.4525407552719116
78,source,6,-0.8733269572257996,1.098266839981079,-0.45377081632614136
78,source,7,-0.8724106550216675,1.0916136503219604,-0.4539892077445984
78,source,8,-0.8659582734107971,1.0877685546875,-0.4515918493270874
78,source,9,-0.8730008602142334,1.096803069114685,-0.44942641258239746
78,source,10,-0.8711247444152832,1.08870267868042,-0.4498057961463928
78,source,11,-0.8697333335876465,1.0989789962768555,-0.4526839852333069
78,source,12,-0.871938943862915,1.0940449237823486,-0.4501858949661255
78,source,13,-0.8753352761268616,1.1089136600494385,-0.4450490474700928
78,source,14,-0.8678027391433716,1.0865861177444458,-0.44572269916534424
78,source,15,-0.8710997104644775,1.0769174098968506,-0.44499748945236206
78,source,16,-0.870692253112793,1.0846192836761475,-0.4473378658294678
78,source,17,-0.8645496368408203,1.0773272514343262,-0.4469936490058899
78,source,18,-0.8723057508468628,1.08644700050354,-0.45272552967071533
78,source,19,-0.8689027428627014,1.0837924480438232,-0.45208579301834106
78,source,20,-0.8603963851928711,1.0928122997283936,-0.4411991238594055
78,source,21,-0.8662183284759521,1.0799459218978882,-0.44479799270629883
78,source,22,-0.8627195954322815,1.0782201290130615,-0.43901264667510986
78,source,23,-0.8650363087654114,1.0791401863098145,-0.4419272541999817
78,source,24,-0.8631570935249329,1.0739173889160156,-0.4459906220436096
78,source,25,-0.8691855669021606,1.0764472484588623,-0.4479518532752991
78,source,26,-0.8586012721061707,1.0867159366607666,-0.4477553963661194
78,source,27,-0.8815510869026184,1.0872225761413574,-0.4476402997970581
78,source,28,-0.8756759762763977,1.086118221282959,-0.44823741912841797
78,source,29,-0.8713321089744568,1.0918490886688232,-0.4499940276145935
78,source,30,-0.8742630481719971,1.1017119884490967,-0.44967126846313477
78,source,31,-0.8714233636856079,1.0919232368469238,-0.44985318183898926
78,source,32,-0.8668660521507263,1.0907567739486694,-0.45292747020721436
78,source,33,-0.8658249974250793,1.0880646705627441,-0.4560636281967163
78,source,34,-0.868137776851654,1.0957586765289307,-0.4519890546798706
78,source,35,-0.8723079562187195,1.0814920663833618,-0.4519251585006714
78,source,36,-0.8803515434265137,1.0966497659683228,-0.4495818614959717
78,source,37,-0.8648735880851746,1.0877045392990112,-0.44373953342437744
78,source,38,-0.8628878593444824,1.0704858303070068,-0.4431074857711792
78,source,39,-0.8637670874595642,1.0753180980682373,-0.44264745712280273
78,source,40,-0.8719338178634644,1.0905001163482666,-0.4494888186454773
78,source,41,-0.8686153888702393,1.0917572975158691,-0.44508641958236694
78,source,42,-0.8692387342453003,1.0862617492675781,-0.4464240074157715
78,source,43,-0.8695852756500244,1.0866832733154297,-0.45432227849960327
78,source,44,-0.8575615882873535,1.081204891204834,-0.43652278184890747
78,source,45,-0.8627061247825623,1.085156798362732,-0.44764244556427
78,source,46,-0.8716912269592285,1.0891063213348389,-0.44840580224990845
78,source,47,-0.8745067715644836,1.0977097749710083,-0.44685453176498413
78,source,48,-0.8605455160140991,1.0901944637298584,-0.4487009048461914
78,source,49,-0.8739215135574341,1.085801124572754,-0.4475751519203186
78,source,50,-0.858574628829956,1.0911264419555664,-0.45930731296539307
78,source,51,-0.8643389344215393,1.0960488319396973,-0.4600464105606079
78,source,52,-0.8551511764526367,1.0847184658050537,-0.4667530059814453
78,source,53,-0.8532278537750244,1.0872828960418701,-0.4614526629447937
78,source,54,-0.8656371831893921,1.0975472927093506,-0.46879327297210693
78,source,55,-0.8665251731872559,1.105541706085205,-0.45881104469299316
78,source,56,-0.8678019046783447,1.103884220123291,-0.45878881216049194
78,source,57,-0.8686264753341675,1.1061590909957886,-0.45963388681411743
78,source,58,-0.860331118106842,1.0974164009094238,-0.45924943685531616
78,source,59,-0.8649865984916687,1.1034674644470215,-0.45974940061569214
78,source,60,-0.8652955293655396,1.0978807210922241,-0.4595332145690918
78,source,61,-0.8588700294494629,1.0953991413116455,-0.45770180225372314
78,source,62,-0.8625100255012512,1.0926059484481812,-0.4583328366279602
78,source,63,-0.8563244938850403,1.0931048393249512,-0.453266978263855
78,target,0,-0.8335416913032532,1.1104449033737183,-0.4510567784309387
78,target,1,-0.868291974067688,1.1567916870117188,-0.44834351539611816
78,target,2,-0.8628731966018677,1.1371574401855469,-0.4513462781906128
78,target,3,-0.8547831773757935,1.1159372329711914,-0.4516656994819641
78,target,4,-0.8608348369598389,1.1180862188339233,-0.4550815224647522
78,target,5,-0.872514545917511,1.1339261531829834,-0.4715834856033325
78,target,6,-0.8789421319961548,1.1321289539337158,-0.46011626720428467
78,target,7,-0.8740076422691345,1.1253355741500854,-0.46373510360717773
78,target,8,-0.8772237300872803,1.1236989498138428,-0.4606087803840637
78,target,9,-0.860305905342102,1.117889404296875,-0.4676096439361572
78,target,10,-0.8722354173660278,1.1317594051361084,-0.46200889348983765
78,target,11,-0.8666345477104187,1.134324073791504,-0.4553271532058716
78,target,12,-0.8715198636054993,1.1252330541610718,-0.4542471766471863
78,target,13,-0.8560476899147034,1.1063752174377441,-0.4592481255531311
78,target,14,-0.8643035888671875,1.116410493850708,-0.46399015188217163
78,target,15,-0.863296389579773,1.109593391418457,-0.4613136649131775
78,target,16,-0.8597952723503113,1.117889165878296,-0.46203845739364624
78,target,17,-0.8718132376670837,1.138554334640503,-0.45226895809173584
78,target,18,-0.8793731927871704,1.1500754356384277,-0.45335012674331665
78,target,19,-0.8710489869117737,1.1390836238861084,-0.45103251934051514
78,target,20,-0.8801116943359375,1.1519392728805542,-0.4552326202392578
78,target,21,-0.8711870312690735,1.1276893615722656,-0.4561793804168701
78,target,22,-0.8679279685020447,1.1409270763397217,-0.4486135244369507
78,target,23,-0.8732655048370361,1.1380850076675415,-0.44864529371261597
78,target,24,-0.8746846318244934,1.1339935064315796,-0.4523443579673767
78,target,25,-0.8602681756019592,1.1209673881530762,-0.44611603021621704
78,target,26,-0.8646267056465149,1.1282777786254883,-0.4513828754425049
78,target,27,-0.8742708563804626,1.1468538045883179,-0.4433068633079529
78,target,28,-0.8561060428619385,1.1058697700500488,-0.44313132762908936
78,target,29,-0.8652104735374451,1.121526837348938,-0.45694899559020996
78,target,30,-0.85494464635849,1.0971691608428955,-0.45582181215286255
78,target,31,-0.8749913573265076,1.134037971496582,-0.4572444558143616
78,target,32,-0.8779913187026978,1.1284654140472412,-0.45905375480651855
78,target,33,-0.8583775758743286,1.125200867652893,-0.45066744089126587
78,target,34,-0.8573096990585327,1.1152691841125488,-0.45328038930892944
78,target,35,-0.8490113615989685,1.1164257526397705,-0.45193326473236084
78,target,36,-0.8708339929580688,1.1295580863952637,-0.45922189950942993
78,target,37,-0.85093092918396,1.1162641048431396,-0.4516599774360657
78,target,38,-0.8658411502838135,1.122522234916687,-0.4512394666671753
78,target,39,-0.8731871843338013,1.1369969844818115,-0.44987642765045166
78,target,40,-0.8545381426811218,1.1341828107833862,-0.4507319927215576
78,target,41,-0.8536237478256226,1.1431996822357178,-0.4450123906135559
78,target,42,-0.8640720248222351,1.122331976890564,-0.45002281665802
78,target,43,-0.858173131942749,1.1192033290863037,-0.4465603232383728
78,target,44,-0.8607619404792786,1.1261823177337646,-0.44307535886764526
78,target,45,-0.8593850135803223,1.1190285682678223,-0.44012320041656494
78,target,46,-0.8123572468757629,1.0660641193389893,-0.44471222162246704
78,target,47,-0.8438440561294556,1.1072882413864136,-0.4514610767364502
78,target,48,-0.834678590297699,1.1061325073242188,-0.45675337314605713
78,target,49,-0.8112907409667969,1.0558621883392334,-0.4409242272377014
78,target,50,-0.8494436740875244,1.109020709991455,-0.44434070587158203
78,target,51,-0.8712717294692993,1.1375861167907715,-0.4549676775932312
78,target,52,-0.8631533980369568,1.125125527381897,-0.45396679639816284
78,target,53,-0.8685501217842102,1.1352386474609375,-0.45866912603378296
78,target,54,-0.8695138692855835,1.1389122009277344,-0.45290249586105347
78,target,55,-0.8774117827415466,1.1411473751068115,-0.4608197808265686
78,target,56,-0.8727573752403259,1.1402980089187622,-0.4536837935447693
78,target,57,-0.8618758916854858,1.1286673545837402,-0.45574748516082764
78,target,58,-0.8814563155174255,1.1473523378372192,-0.45696330070495605
78,target,59,-0.8646499514579773,1.1353707313537598,-0.4548284411430359
78,target,60,-0.8628575801849365,1.1319711208343506,-0.4537104368209839
78,target,61,-0.8551533222198486,1.1164594888687134,-0.4559308886528015
78,target,62,-0.8510353565216064,1.1118193864822388,-0.4498414397239685
78,target,63,-0.8531114459037781,1.1148288249969482,-0.457506000995636
79,source,0,-0.8711166381835938,1.0954114198684692,-0.4578099846839905
79,source,1,-0.863701343536377,1.0797008275985718,-0.4594566226005554
79,source,2,-0.8615884780883789,1.0853066444396973,-0.45531153678894043
79,source,3,-0.8546466827392578,1.0848166942596436,-0.45663803815841675
79,source,4,-0.8604272603988647,1.0801078081130981,-0.4633496403694153
79,source,5,-0.8592410087585449,1.0856903791427612,-0.45856791734695435
79,source,6,-0.8659146428108215,1.0910570621490479,-0.46109670400619507
79,source,7,-0.8651118278503418,1.0852267742156982,-0.4608944058418274
79,source,8,-0.8571078181266785,1.0795494318008423,-0.45803284645080566
79,source,9,-0.8655657172203064,1.0905888080596924,-0.45539700984954834
79,source,10,-0.8662605285644531,1.0851938724517822,-0.45416712760925293
79,source,11,-0.8631129264831543,1.0923351049423218,-0.4583393335342407
79,source,12,-0.8634790182113647,1.0847599506378174,-0.4556957483291626
79,source,13,-0.8659135699272156,1.096513271331787,-0.44890499114990234
79,source,14,-0.8635672330856323,1.0825127363204956,-0.4487583637237549
79,source,15,-0.8633822798728943,1.0689784288406372,-0.45058417320251465
79,source,16,-0.8639053106307983,1.0770494937896729,-0.45173144340515137
79,source,17,-0.859169602394104,1.0719261169433594,-0.45222562551498413
79,source,18,-0.8675651550292969,1.0805054903030396,-0.4571531414985657
79,source,19,-0.8627561330795288,1.0768203735351562,-0.45715492963790894
79,source,20,-0.8570274114608765,1.0896015167236328,-0.446069598197937
79,source,21,-0.8643040657043457,1.0782272815704346,-0.45055311918258667
79,source,22,-0.8582999110221863,1.0747990608215332,-0.4444767236709595
79,source,23,-0.8604186773300171,1.0765557289123535,-0.44736170768737793
79,source,24,-0.8577882051467896,1.0695075988769531,-0.4508165121078491
79,source,25,-0.862572968006134,1.0701143741607666,-0.4536589980125427
79,source,26,-0.8517756462097168,1.0785021781921387,-0.4520077109336853
79,source,27,-0.8750990629196167,1.081851840019226,-0.45408207178115845
79,source,28,-0.8743430376052856,1.0841188430786133,-0.45132774114608765
79,source,29,-0.8621470928192139,1.0802088975906372,-0.45720547437667847
79,source,30,-0.8656033277511597,1.0903007984161377,-0.45418864488601685
79,source,31,-0.8642197847366333,1.085249662399292,-0.45461779832839966
79,source,32,-0.859704852104187,1.0845005512237549,-0.45730602741241455
79,source,33,-0.858246922492981,1.081146240234375,-0.4614630341529846
79,source,34,-0.8611310720443726,1.086920976638794,-0.45820409059524536
79,source,35,-0.8652544021606445,1.0749064683914185,-0.45822781324386597
79,source,36,-0.873038113117218,1.0893516540527344,-0.45545274019241333
79,source,37,-0.8576526045799255,1.0804283618927002,-0.449806272983551
79,source,38,-0.8573663234710693,1.0638108253479004,-0.4486328959465027
79,source,39,-0.8587597012519836,1.0707294940948486,-0.4486686587333679
79,source,40,-0.8660938739776611,1.0828988552093506,-0.45764291286468506
79,source,41,-0.8644299507141113,1.0853261947631836,-0.4511193037033081
79,source,42,-0.8656154274940491,1.0827995538711548,-0.45334166288375854
79,source,43,-0.8664655089378357,1.0829764604568481,-0.4605730175971985
79,source,44,-0.8555054664611816,1.0799309015274048,-0.4444718360900879
79,source,45,-0.8579909801483154,1.0805423259735107,-0.453014612197876
79,source,46,-0.8654885292053223,1.0823642015457153,-0.45530450344085693
79,source,47,-0.8683960437774658,1.0922348499298096,-0.45112383365631104
79,source,48,-0.8561911582946777,1.085569143295288,-0.45261693000793457
79,source,49,-0.8654426336288452,1.076747179031372,-0.4536459445953369
79,source,50,-0.8540593385696411,1.0817135572433472,-0.46525347232818604
79,source,51,-0.8581547737121582,1.083573579788208,-0.46753931045532227
79,source,52,-0.8498950004577637,1.0746866464614868,-0.47346389293670654
79,source,53,-0.8490704298019409,1.076641321182251,-0.47015267610549927
79,source,54,-0.8595460653305054,1.0874884128570557,-0.4731364846229553
79,source,55,-0.8577291965484619,1.0915610790252686,-0.4657716155052185
79,source,56,-0.8597817420959473,1.0910980701446533,-0.466119647026062
79,source,57,-0.8601379990577698,1.0932307243347168,-0.4673151969909668
79,source,58,-0.8518919944763184,1.0837557315826416,-0.46685028076171875
79,source,59,-0.8557426333427429,1.088158369064331,-0.46862077713012695
79,source,60,-0.860152006149292,1.0890121459960938,-0.466089129447937
79,source,61,-0.8526462316513062,1.0831902027130127,-0.4660099744796753
79,source,62,-0.8555121421813965,1.077885627746582,-0.4662303924560547
79,source,63,-0.8480619192123413,1.0782291889190674,-0.4616919159889221
79,target,0,-0.8303447961807251,1.100226879119873,-0.4582310914993286
79,target,1,-0.8615154027938843,1.144181489944458,-0.4554896354675293
79,target,2,-0.860878050327301,1.1299223899841309,-0.4603314995765686
79,target,3,-0.8491812944412231,1.106924057006836,-0.45909661054611206
79,target,4,-0.8556154370307922,1.106195092201233,-0.4633374810218811
79,target,5,-0.8719891309738159,1.1304149627685547,-0.47878360748291016
79,target,6,-0.8767475485801697,1.128754734992981,-0.46860551834106445
79,target,7,-0.869630753993988,1.1199780702590942,-0.47027528285980225
79,target,8,-0.8729473352432251,1.1157830953598022,-0.46634286642074585
79,target,9,-0.8522171974182129,1.1045730113983154,-0.47269773483276367
79,target,10,-0.866744875907898,1.1238398551940918,-0.4667784571647644
79,target,11,-0.8618245720863342,1.1259231567382812,-0.46300703287124634
79,target,12,-0.8643239736557007,1.1143014430999756,-0.45972293615341187
79,target,13,-0.8542901277542114,1.1013221740722656,-0.46721458435058594
79,target,14,-0.8606894612312317,1.111938238143921,-0.4704716205596924
79,target,15,-0.8610944151878357,1.1050496101379395,-0.46817654371261597
79,target,16,-0.8553250432014465,1.1098662614822388,-0.46893155574798584
79,target,17,-0.8658298254013062,1.1284680366516113,-0.4586237072944641
79,target,18,-0.8723620772361755,1.1389408111572266,-0.46026426553726196
79,target,19,-0.8652238845825195,1.1238737106323242,-0.45767658948898315
79,target,20,-0.8756457567214966,1.142937421798706,-0.46265357732772827
79,target,21,-0.8710882663726807,1.126564860343933,-0.4612630009651184
79,target,22,-0.8648505210876465,1.1330761909484863,-0.4554107189178467
79,target,23,-0.8671914339065552,1.1275805234909058,-0.45529961585998535
79,target,24,-0.8707137107849121,1.130323886871338,-0.45749127864837646
79,target,25,-0.8529585599899292,1.1090953350067139,-0.45473867654800415
79,target,26,-0.8584905862808228,1.1172221899032593,-0.4573797583580017
79,target,27,-0.8680134415626526,1.1370985507965088,-0.451002299785614
79,target,28,-0.8529860973358154,1.1039340496063232,-0.4520048499107361
79,target,29,-0.8566238880157471,1.1093274354934692,-0.4616222381591797
79,target,30,-0.8485441207885742,1.089630126953125,-0.46131932735443115
79,target,31,-0.8679986596107483,1.123652458190918,-0.4654929041862488
79,target,32,-0.8701503276824951,1.117722988128662,-0.4669065475463867
79,target,33,-0.8587406277656555,1.1185340881347656,-0.46061235666275024
79,target,34,-0.8533844947814941,1.108220100402832,-0.46057194471359253
79,target,35,-0.8492247462272644,1.1117441654205322,-0.46390509605407715
79,target,36,-0.8684911131858826,1.1207327842712402,-0.4683806300163269
79,target,37,-0.8490607738494873,1.1089810132980347,-0.45978790521621704
79,target,38,-0.8632672429084778,1.1176701784133911,-0.45822447538375854
79,target,39,-0.8672367930412292,1.1266026496887207,-0.4582709074020386
79,target,40,-0.8494659662246704,1.1206786632537842,-0.4567605257034302
79,target,41,-0.8508424162864685,1.1323988437652588,-0.4512280225753784
79,target,42,-0.8580015897750854,1.1097137928009033,-0.4533960223197937
79,target,43,-0.8525170087814331,1.1040928363800049,-0.450034499168396
79,target,44,-0.8511748313903809,1.1069329977035522,-0.44660383462905884
79,target,45,-0.8523306250572205,1.102848768234253,-0.4449191689491272
79,target,46,-0.8106938004493713,1.0672578811645508,-0.4535125494003296
79,target,47,-0.8361157178878784,1.096407175064087,-0.45821088552474976
79,target,48,-0.8305228352546692,1.09869384765625,-0.46395689249038696
79,target,49,-0.8076750636100769,1.0508331060409546,-0.4500795602798462
79,target,50,-0.8419300317764282,1.1024117469787598,-0.45230334997177124
79,target,51,-0.862640380859375,1.1234626770019531,-0.46304649114608765
79,target,52,-0.8545899987220764,1.1099834442138672,-0.46006453037261963
79,target,53,-0.8600959777832031,1.121706485748291,-0.46542268991470337
79,target,54,-0.8625410795211792,1.1291961669921875,-0.4602534770965576
79,target,55,-0.8684109449386597,1.1264798641204834,-0.46787160634994507
79,target,56,-0.8638636469841003,1.124168872833252,-0.4609212279319763
79,target,57,-0.8552897572517395,1.1160850524902344,-0.46304118633270264
79,target,58,-0.873145580291748,1.1330513954162598,-0.46371328830718994
79,target,59,-0.8579638600349426,1.1239594221115112,-0.4614424705505371
79,target,60,-0.8537637591362,1.1179478168487549,-0.45875900983810425
79,target,61,-0.84763103723526,1.1064190864562988,-0.46079158782958984
79,target,62,-0.8471219539642334,1.105396032333374,-0.45619624853134155
79,target,63,-0.8469351530075073,1.1039742231369019,-0.4629260301589966
80,source,0,-0.8752118349075317,1.0934362411499023,-0.447898268699646
80,source,1,-0.8678110241889954,1.0775905847549438,-0.4496957063674927
80,source,2,-0.8655503988265991,1.0812788009643555,-0.44248729944229126
80,source,3,-0.8599314093589783,1.08262038230896,-0.4437980055809021
80,source,4,-0.8637343645095825,1.075195074081421,-0.4529092311859131
80,source,5,-0.8644351363182068,1.0820677280426025,-0.4468618631362915
80,source,6,-0.8700222969055176,1.0875964164733887,-0.4507717490196228
80,source,7,-0.8696569800376892,1.0828454494476318,-0.4500616192817688
80,source,8,-0.8613730072975159,1.0744893550872803,-0.44740819931030273
80,source,9,-0.872505784034729,1.091043472290039,-0.4440680742263794
80,source,10,-0.8691664934158325,1.0774304866790771,-0.4421645402908325
80,source,11,-0.869536817073822,1.0905139446258545,-0.445945143699646
80,source,12,-0.867506742477417,1.08091139793396,-0.444874107837677
80,source,13,-0.8724657893180847,1.096732258796692,-0.43630796670913696
80,source,14,-0.8657861948013306,1.0771963596343994,-0.439613401889801
80,source,15,-0.8671358823776245,1.0675129890441895,-0.4412146210670471
80,source,16,-0.8685238361358643,1.0746819972991943,-0.44026386737823486
80,source,17,-0.8612487316131592,1.066967248916626,-0.44133514165878296
80,source,18,-0.8707048892974854,1.0780589580535889,-0.445853054523468
80,source,19,-0.8649201393127441,1.0721111297607422,-0.44690072536468506
80,source,20,-0.8594796657562256,1.0830192565917969,-0.43184566497802734
80,source,21,-0.8649677634239197,1.072709321975708,-0.43712538480758667
80,source,22,-0.8595537543296814,1.0686311721801758,-0.4316847324371338
80,source,23,-0.8631943464279175,1.072263240814209,-0.43488579988479614
80,source,24,-0.8609277606010437,1.0644972324371338,-0.44035905599594116
80,source,25,-0.8655164837837219,1.0656818151474,-0.44431203603744507
80,source,26,-0.8544887900352478,1.0742981433868408,-0.44057512283325195
80,source,27,-0.878379225730896,1.079749345779419,-0.44467633962631226
80,source,28,-0.8757213354110718,1.0798697471618652,-0.4426066279411316
80,source,29,-0.8661002516746521,1.079221248626709,-0.44677484035491943
80,source,30,-0.8706072568893433,1.0873403549194336,-0.44371330738067627
80,source,31,-0.8700145483016968,1.083587408065796,-0.4422938823699951
80,source,32,-0.864151656627655,1.0792863368988037,-0.4458438754081726
80,source,33,-0.8631081581115723,1.0779621601104736,-0.4511198401451111
80,source,34,-0.8652386665344238,1.0828344821929932,-0.447995662689209
80,source,35,-0.869508683681488,1.073429822921753,-0.4484599828720093
80,source,36,-0.8792446851730347,1.0901567935943604,-0.443337082862854
80,source,37,-0.8603060245513916,1.0754592418670654,-0.4398370385169983
80,source,38,-0.8600577116012573,1.0592994689941406,-0.43835800886154175
80,source,39,-0.8617767691612244,1.0643588304519653,-0.43736404180526733
80,source,40,-0.867188572883606,1.078765630722046,-0.44740599393844604
80,source,41,-0.8655214905738831,1.0798828601837158,-0.43992501497268677
80,source,42,-0.8662253022193909,1.0776151418685913,-0.4428921341896057
80,source,43,-0.866288423538208,1.076987385749817,-0.4506791830062866
80,source,44,-0.8572003841400146,1.0741426944732666,-0.4267122745513916
80,source,45,-0.86018967628479,1.075418472290039,-0.440072238445282
80,source,46,-0.8688995838165283,1.0791842937469482,-0.4440297484397888
80,source,47,-0.8743827939033508,1.0920302867889404,-0.43890881538391113
80,source,48,-0.8599578142166138,1.080327033996582,-0.4400797486305237
80,source,49,-0.8677864670753479,1.0746793746948242,-0.4420415163040161
80,source,50,-0.8571352362632751,1.0811142921447754,-0.45520371198654175
80,source,51,-0.862198531627655,1.0848963260650635,-0.4562035799026489
80,source,52,-0.8527516722679138,1.074150800704956,-0.4601501226425171
80,source,53,-0.8522531390190125,1.076955795288086,-0.4568052291870117
80,source,54,-0.8626968860626221,1.0847052335739136,-0.4616985321044922
80,source,55,-0.8626885414123535,1.0903050899505615,-0.4535958766937256
80,source,56,-0.8649060130119324,1.0911797285079956,-0.4533899426460266
80,source,57,-0.8637304306030273,1.091606855392456,-0.45504099130630493
80,source,58,-0.8566466569900513,1.0837857723236084,-0.45486414432525635
80,source,59,-0.8614004254341125,1.0900286436080933,-0.454816997051239
80,source,60,-0.8629976511001587,1.0862585306167603,-0.4518827795982361
80,source,61,-0.8563919067382812,1.0830174684524536,-0.45083266496658325
80,source,62,-0.8608924150466919,1.0798249244689941,-0.45370614528656006
80,source,63,-0.8529565334320068,1.0797927379608154,-0.44869691133499146
80,target,0,-0.8307132720947266,1.0964508056640625,-0.4481990933418274
80,target,1,-0.8630790114402771,1.1401515007019043,-0.4441766142845154
80,target,2,-0.8630244731903076,1.1265267133712769,-0.4467201232910156
80,target,3,-0.8516098260879517,1.1013439893722534,-0.44802993535995483
80,target,4,-0.858974814414978,1.1059197187423706,-0.45148974657058716
80,target,5,-0.8735482096672058,1.1279892921447754,-0.46859174966812134
80,target,6,-0.8770119547843933,1.1244534254074097,-0.45703041553497314
80,target,7,-0.8684439659118652,1.1094107627868652,-0.45914793014526367
80,target,8,-0.8726785182952881,1.1083824634552002,-0.45605361461639404
80,target,9,-0.8530097007751465,1.0991175174713135,-0.4625149965286255
80,target,10,-0.8666475415229797,1.119502305984497,-0.45590347051620483
80,target,11,-0.8607589602470398,1.1183843612670898,-0.4518391489982605
80,target,12,-0.8642048239707947,1.1075258255004883,-0.44878852367401123
80,target,13,-0.8547793626785278,1.0953242778778076,-0.4573742747306824
80,target,14,-0.8634118437767029,1.1066906452178955,-0.4603949189186096
80,target,15,-0.8633790016174316,1.0994877815246582,-0.4591090679168701
80,target,16,-0.8595983386039734,1.1059985160827637,-0.45774900913238525
80,target,17,-0.8670815229415894,1.1221141815185547,-0.44778549671173096
80,target,18,-0.8743755221366882,1.132828712463379,-0.4486733078956604
80,target,19,-0.866409420967102,1.118452548980713,-0.4464620351791382
80,target,20,-0.8752621412277222,1.1349358558654785,-0.450608491897583
80,target,21,-0.8707833290100098,1.1178264617919922,-0.45121294260025024
80,target,22,-0.8649848699569702,1.1273858547210693,-0.4456520080566406
80,target,23,-0.8675751686096191,1.1224744319915771,-0.44445979595184326
80,target,24,-0.8704831600189209,1.1211729049682617,-0.44722801446914673
80,target,25,-0.8551821708679199,1.1023904085159302,-0.44310784339904785
80,target,26,-0.8605186343193054,1.111533522605896,-0.4466351866722107
80,target,27,-0.8691359162330627,1.1313804388046265,-0.4399128556251526
80,target,28,-0.8570079207420349,1.102290391921997,-0.44072645902633667
80,target,29,-0.8613190650939941,1.1079039573669434,-0.45152515172958374
80,target,30,-0.8536489605903625,1.0884463787078857,-0.4511415362358093
80,target,31,-0.8742481470108032,1.1246252059936523,-0.45368003845214844
80,target,32,-0.8749227523803711,1.119697093963623,-0.4544752240180969
80,target,33,-0.8572313189506531,1.116241216659546,-0.44287335872650146
80,target,34,-0.8539409041404724,1.102175235748291,-0.4464191198348999
80,target,35,-0.8455673456192017,1.1034765243530273,-0.4481615424156189
80,target,36,-0.8702733516693115,1.1191771030426025,-0.4540228247642517
80,target,37,-0.8515854477882385,1.1057809591293335,-0.4475858211517334
80,target,38,-0.8608127236366272,1.1068487167358398,-0.44484901428222656
80,target,39,-0.8687691688537598,1.1218769550323486,-0.4442656636238098
80,target,40,-0.8506584167480469,1.119330883026123,-0.4460182785987854
80,target,41,-0.8513492941856384,1.1315414905548096,-0.4409096837043762
80,target,42,-0.8613479137420654,1.10801362991333,-0.443386435508728
80,target,43,-0.8563579320907593,1.0997865200042725,-0.4415591359138489
80,target,44,-0.8589773774147034,1.1064372062683105,-0.43682432174682617
80,target,45,-0.8575723171234131,1.099811315536499,-0.43380945920944214
80,target,46,-0.8160755634307861,1.0617769956588745,-0.44430696964263916
80,target,47,-0.8387750387191772,1.0903706550598145,-0.4490116834640503
80,target,48,-0.8335663080215454,1.093749761581421,-0.4547797441482544
80,target,49,-0.8131375312805176,1.0479648113250732,-0.4423289895057678
80,target,50,-0.8463336825370789,1.0991339683532715,-0.4429052472114563
80,target,51,-0.8641037940979004,1.121211051940918,-0.45259177684783936
80,target,52,-0.8572556972503662,1.1077016592025757,-0.44885724782943726
80,target,53,-0.8621631860733032,1.1182315349578857,-0.45535898208618164
80,target,54,-0.8635644912719727,1.1230106353759766,-0.450370728969574
80,target,55,-0.8723152279853821,1.1266193389892578,-0.45755594968795776
80,target,56,-0.8670159578323364,1.1233328580856323,-0.45159393548965454
80,target,57,-0.8579962253570557,1.1150321960449219,-0.4532991647720337
80,target,58,-0.875132143497467,1.1308799982070923,-0.45439380407333374
80,target,59,-0.8608205318450928,1.1212215423583984,-0.4512128233909607
80,target,60,-0.8574583530426025,1.1155403852462769,-0.4488144516944885
80,target,61,-0.8504798412322998,1.1012811660766602,-0.45089274644851685
80,target,62,-0.8475744724273682,1.1015019416809082,-0.44336819648742676
80,target,63,-0.8511672616004944,1.1037285327911377,-0.4522361755371094
81,source,0,-0.8743048310279846,1.0964617729187012,-0.45184987783432007
81,source,1,-0.8700939416885376,1.0835111141204834,-0.45291072130203247
81,source,2,-0.8638466596603394,1.079024076461792,-0.44872403144836426
81,source,3,-0.8573691248893738,1.07845139503479,-0.4511847496032715
81,source,4,-0.864197313785553,1.0781241655349731,-0.45869940519332886
81,source,5,-0.8639249801635742,1.0831432342529297,-0.45327335596084595
81,source,6,-0.8703404068946838,1.0911164283752441,-0.453636109828949
81,source,7,-0.8714712262153625,1.08742356300354,-0.45412731170654297
81,source,8,-0.8624385595321655,1.0778591632843018,-0.45207566022872925
81,source,9,-0.8709102869033813,1.0906027555465698,-0.4496780037879944
81,source,10,-0.8671681880950928,1.076833963394165,-0.45247048139572144
81,source,11,-0.8680710792541504,1.0908502340316772,-0.4536755681037903
81,source,12,-0.8714076280593872,1.0883393287658691,-0.45280247926712036
81,source,13,-0.872776985168457,1.1003119945526123,-0.44429320096969604
81,source,14,-0.8672045469284058,1.0850803852081299,-0.4453927278518677
81,source,15,-0.8682870268821716,1.0719635486602783,-0.4462110996246338
81,source,16,-0.8693193793296814,1.080320119857788,-0.44637519121170044
81,source,17,-0.8649075031280518,1.075709342956543,-0.4465552568435669
81,source,18,-0.872505247592926,1.085375189781189,-0.45151472091674805
81,source,19,-0.8673713207244873,1.0778738260269165,-0.45165306329727173
81,source,20,-0.8557997345924377,1.0801966190338135,-0.44084036350250244
81,source,21,-0.8639339804649353,1.0737075805664062,-0.4401302933692932
81,source,22,-0.8592382669448853,1.0710573196411133,-0.4355151057243347
81,source,23,-0.86236572265625,1.074942946434021,-0.43973785638809204
81,source,24,-0.8605324029922485,1.0659160614013672,-0.4458128809928894
81,source,25,-0.8657703399658203,1.069798469543457,-0.4476233720779419
81,source,26,-0.8558944463729858,1.0758419036865234,-0.44558078050613403
81,source,27,-0.8778657913208008,1.083376169204712,-0.45049142837524414
81,source,28,-0.8772736191749573,1.0839014053344727,-0.44644320011138916
81,source,29,-0.8668693900108337,1.080458164215088,-0.45292502641677856
81,source,30,-0.8704394698143005,1.0881261825561523,-0.451710045337677
81,source,31,-0.8706091642379761,1.0834273099899292,-0.45172548294067383
81,source,32,-0.8671329617500305,1.0834760665893555,-0.4538528323173523
81,source,33,-0.8639207482337952,1.0816679000854492,-0.45496559143066406
81,source,34,-0.8646030426025391,1.0827828645706177,-0.4535171389579773
81,source,35,-0.8687993884086609,1.0742518901824951,-0.452248752117157
81,source,36,-0.87912517786026,1.0924134254455566,-0.44865530729293823
81,source,37,-0.8607112169265747,1.0767040252685547,-0.44237709045410156
81,source,38,-0.8609238862991333,1.065414547920227,-0.4429914355278015
81,source,39,-0.8615432977676392,1.06734299659729,-0.44215482473373413
81,source,40,-0.8677152395248413,1.080611228942871,-0.45088183879852295
81,source,41,-0.8677191734313965,1.0838876962661743,-0.44483816623687744
81,source,42,-0.8666977882385254,1.0797160863876343,-0.44582659006118774
81,source,43,-0.8675822019577026,1.0805771350860596,-0.4545067548751831
81,source,44,-0.8556409478187561,1.073976755142212,-0.43090081214904785
81,source,45,-0.8595775961875916,1.0778863430023193,-0.44785571098327637
81,source,46,-0.8711928725242615,1.0850026607513428,-0.4504462480545044
81,source,47,-0.874813437461853,1.0923311710357666,-0.44468408823013306
81,source,48,-0.856751561164856,1.0770699977874756,-0.44727033376693726
81,source,49,-0.8688086271286011,1.0751714706420898,-0.4473562240600586
81,source,50,-0.8588839769363403,1.0864849090576172,-0.45613086223602295
81,source,51,-0.8624171018600464,1.0881741046905518,-0.4586171507835388
81,source,52,-0.8551742434501648,1.077555537223816,-0.46400314569473267
81,source,53,-0.8533155918121338,1.0778138637542725,-0.46160417795181274
81,source,54,-0.864128589630127,1.0884816646575928,-0.4642103314399719
81,source,55,-0.8659194707870483,1.096123456954956,-0.4572482705116272
81,source,56,-0.8655276894569397,1.094109296798706,-0.4571431279182434
81,source,57,-0.8654659986495972,1.0953950881958008,-0.4580264687538147
81,source,58,-0.8584070205688477,1.0880924463272095,-0.45797300338745117
81,source,59,-0.8651002049446106,1.0949715375900269,-0.45867061614990234
81,source,60,-0.8640104532241821,1.0880703926086426,-0.45765984058380127
81,source,61,-0.8596341609954834,1.0863149166107178,-0.4576629400253296
81,source,62,-0.8620467782020569,1.084233283996582,-0.45796263217926025
81,source,63,-0.8550817966461182,1.0834177732467651,-0.45348823070526123
81,target,0,-0.8290001153945923,1.0952863693237305,-0.4504644274711609
81,target,1,-0.8604341745376587,1.1375670433044434,-0.4450538158416748
81,target,2,-0.8625510931015015,1.1282455921173096,-0.45047736167907715
81,target,3,-0.8515251874923706,1.1032812595367432,-0.45160651206970215
81,target,4,-0.8599157929420471,1.1086797714233398,-0.45599251985549927
81,target,5,-0.8730787038803101,1.1235767602920532,-0.4689924120903015
81,target,6,-0.874205470085144,1.1202569007873535,-0.4575587511062622
81,target,7,-0.8637714385986328,1.10841965675354,-0.46083730459213257
81,target,8,-0.8676966428756714,1.1060864925384521,-0.459476113319397
81,target,9,-0.8591861724853516,1.1071927547454834,-0.46499180793762207
81,target,10,-0.8696856498718262,1.1234158277511597,-0.4575994610786438
81,target,11,-0.8623650074005127,1.119847059249878,-0.45358169078826904
81,target,12,-0.8651723265647888,1.1089482307434082,-0.4520462155342102
81,target,13,-0.8555080890655518,1.1018149852752686,-0.45944899320602417
81,target,14,-0.8644934892654419,1.110975742340088,-0.4629313349723816
81,target,15,-0.8638933897018433,1.1046197414398193,-0.46145617961883545
81,target,16,-0.8603758811950684,1.1101305484771729,-0.45983874797821045
81,target,17,-0.8683205842971802,1.1247202157974243,-0.44898271560668945
81,target,18,-0.8716133236885071,1.1302337646484375,-0.4507080912590027
81,target,19,-0.862354040145874,1.116780161857605,-0.4492601156234741
81,target,20,-0.8721017837524414,1.1326544284820557,-0.4530433416366577
81,target,21,-0.8674355745315552,1.1160023212432861,-0.45341062545776367
81,target,22,-0.863621175289154,1.1261667013168335,-0.4463541507720947
81,target,23,-0.866756796836853,1.121886968612671,-0.447019100189209
81,target,24,-0.8667429089546204,1.1197773218154907,-0.449301540851593
81,target,25,-0.8566980361938477,1.1070458889007568,-0.44580793380737305
81,target,26,-0.8609711527824402,1.1110224723815918,-0.45087718963623047
81,target,27,-0.8718755841255188,1.1359294652938843,-0.4415322542190552
81,target,28,-0.8581774234771729,1.1058833599090576,-0.44563621282577515
81,target,29,-0.861326277256012,1.107243537902832,-0.4549824595451355
81,target,30,-0.8577414751052856,1.096514105796814,-0.4547094702720642
81,target,31,-0.8718653321266174,1.124985933303833,-0.4550151824951172
81,target,32,-0.876279890537262,1.121178150177002,-0.4569084644317627
81,target,33,-0.8572537899017334,1.1127023696899414,-0.4504302740097046
81,target,34,-0.856447696685791,1.1072168350219727,-0.4511939287185669
81,target,35,-0.8456268906593323,1.1053358316421509,-0.45137661695480347
81,target,36,-0.8674922585487366,1.1166603565216064,-0.4577201008796692
81,target,37,-0.8512288331985474,1.1085238456726074,-0.4502449035644531
81,target,38,-0.8601716756820679,1.1066970825195312,-0.4495484232902527
81,target,39,-0.8694531917572021,1.1209955215454102,-0.4485510587692261
81,target,40,-0.8484626412391663,1.1168310642242432,-0.44801390171051025
81,target,41,-0.848325788974762,1.1275782585144043,-0.4422801733016968
81,target,42,-0.8584822416305542,1.1079728603363037,-0.4504958987236023
81,target,43,-0.8541938066482544,1.0979335308074951,-0.4483450651168823
81,target,44,-0.8558508157730103,1.104311466217041,-0.4464304447174072
81,target,45,-0.8524394035339355,1.0961825847625732,-0.44224780797958374
81,target,46,-0.8140897750854492,1.0595967769622803,-0.44476550817489624
81,target,47,-0.8399769067764282,1.0939133167266846,-0.45156681537628174
81,target,48,-0.8318660259246826,1.0919826030731201,-0.45716845989227295
81,target,49,-0.8111820816993713,1.046985149383545,-0.44259220361709595
81,target,50,-0.8444232940673828,1.0984880924224854,-0.4449690580368042
81,target,51,-0.8643428087234497,1.1193389892578125,-0.4560515284538269
81,target,52,-0.8574088215827942,1.1060740947723389,-0.4528292417526245
81,target,53,-0.8614493608474731,1.1191587448120117,-0.4579058885574341
81,target,54,-0.8639664649963379,1.1242434978485107,-0.45319926738739014
81,target,55,-0.8697611093521118,1.1247302293777466,-0.4595600962638855
81,target,56,-0.8657828569412231,1.1216211318969727,-0.45442062616348267
81,target,57,-0.8577551245689392,1.1149382591247559,-0.4542474150657654
81,target,58,-0.8749129176139832,1.1322224140167236,-0.45696550607681274
81,target,59,-0.8604727387428284,1.1194244623184204,-0.4537886381149292
81,target,60,-0.8574466705322266,1.1160271167755127,-0.4515857696533203
81,target,61,-0.8522681593894958,1.1034634113311768,-0.45479053258895874
81,target,62,-0.8484624028205872,1.1011649370193481,-0.4486958384513855
81,target,63,-0.8493775725364685,1.101944088935852,-0.4550430178642273
82,source,0,-0.874706506729126,1.1048376560211182,-0.45665013790130615
82,source,1,-0.868097186088562,1.0882513523101807,-0.4576539397239685
82,source,2,-0.8631058931350708,1.088548183441162,-0.4535239338874817
82,source,3,-0.8579403162002563,1.088099718093872,-0.45320069789886475
82,source,4,-0.8630924820899963,1.0840104818344116,-0.4622926712036133
82,source,5,-0.8638954162597656,1.090925693511963,-0.4570062756538391
82,source,6,-0.86902916431427,1.0965181589126587,-0.4591168165206909
82,source,7,-0.8677952289581299,1.089695930480957,-0.46002650260925293
82,source,8,-0.8620650172233582,1.0825295448303223,-0.4568777084350586
82,source,9,-0.8693284392356873,1.0955002307891846,-0.4540550112724304
82,source,10,-0.8707184195518494,1.0870237350463867,-0.4523099660873413
82,source,11,-0.8694195747375488,1.1003155708312988,-0.4555283188819885
82,source,12,-0.8675423860549927,1.0898828506469727,-0.4532744288444519
82,source,13,-0.872816801071167,1.106495976448059,-0.44450855255126953
82,source,14,-0.866340696811676,1.0894886255264282,-0.44825655221939087
82,source,15,-0.866829514503479,1.075513482093811,-0.4503999948501587
82,source,16,-0.8675734996795654,1.0830445289611816,-0.4511304497718811
82,source,17,-0.8611907362937927,1.0788536071777344,-0.45048874616622925
82,source,18,-0.8695346117019653,1.0887501239776611,-0.45514702796936035
82,source,19,-0.8631565570831299,1.0798923969268799,-0.4559546113014221
82,source,20,-0.8584693670272827,1.0907256603240967,-0.44095736742019653
82,source,21,-0.8639670610427856,1.0823497772216797,-0.4443356990814209
82,source,22,-0.8579071760177612,1.0784375667572021,-0.4394187331199646
82,source,23,-0.8627278804779053,1.0833508968353271,-0.4430922865867615
82,source,24,-0.8607771992683411,1.07399582862854,-0.4497755765914917
82,source,25,-0.8651800155639648,1.0759305953979492,-0.4530928134918213
82,source,26,-0.8544164896011353,1.0827782154083252,-0.45016342401504517
82,source,27,-0.8779780268669128,1.0891610383987427,-0.45361828804016113
82,source,28,-0.8749591112136841,1.0914647579193115,-0.45133131742477417
82,source,29,-0.8656942844390869,1.087967872619629,-0.4557458162307739
82,source,30,-0.872119665145874,1.098876953125,-0.45189428329467773
82,source,31,-0.8699044585227966,1.0913995504379272,-0.45215070247650146
82,source,32,-0.8640600442886353,1.0867280960083008,-0.45612555742263794
82,source,33,-0.862702488899231,1.0868881940841675,-0.46066516637802124
82,source,34,-0.866489827632904,1.0931750535964966,-0.45660334825515747
82,source,35,-0.869970977306366,1.0825963020324707,-0.45519745349884033
82,source,36,-0.876613974571228,1.0972415208816528,-0.4516106843948364
82,source,37,-0.8617973327636719,1.0862040519714355,-0.44702428579330444
82,source,38,-0.8604853749275208,1.070882797241211,-0.4474238157272339
82,source,39,-0.8611307144165039,1.075260877609253,-0.44686639308929443
82,source,40,-0.8661432266235352,1.0843751430511475,-0.45462536811828613
82,source,41,-0.8650521636009216,1.0886657238006592,-0.4492942690849304
82,source,42,-0.8650190830230713,1.0861347913742065,-0.4513997435569763
82,source,43,-0.8642253875732422,1.0828341245651245,-0.45961904525756836
82,source,44,-0.8580846786499023,1.0825622081756592,-0.43661367893218994
82,source,45,-0.8602826595306396,1.0832518339157104,-0.4495261311531067
82,source,46,-0.8692078590393066,1.090936303138733,-0.45391201972961426
82,source,47,-0.8742769360542297,1.100109338760376,-0.448400616645813
82,source,48,-0.8579513430595398,1.0862348079681396,-0.4490838646888733
82,source,49,-0.8680030703544617,1.0823888778686523,-0.4511449337005615
82,source,50,-0.8548488616943359,1.0885615348815918,-0.46240198612213135
82,source,51,-0.861598551273346,1.093216896057129,-0.46458959579467773
82,source,52,-0.8509624600410461,1.0801798105239868,-0.4710208773612976
82,source,53,-0.8511484861373901,1.0836431980133057,-0.46734893321990967
82,source,54,-0.860335111618042,1.0904642343521118,-0.4710734486579895
82,source,55,-0.8624632358551025,1.099998950958252,-0.4642278552055359
82,source,56,-0.8618353605270386,1.0977449417114258,-0.4630016088485718
82,source,57,-0.8615902662277222,1.0977826118469238,-0.46439939737319946
82,source,58,-0.8557912111282349,1.0925666093826294,-0.46391403675079346
82,source,59,-0.8609880208969116,1.0988619327545166,-0.4642372727394104
82,source,60,-0.8621594905853271,1.0928761959075928,-0.4621821641921997
82,source,61,-0.855984091758728,1.0907330513000488,-0.4613867402076721
82,source,62,-0.8585414290428162,1.0873621702194214,-0.46281594038009644
82,source,63,-0.8511829376220703,1.0859899520874023,-0.4588004946708679
82,target,0,-0.8295779228210449,1.1031155586242676,-0.45756709575653076
82,target,1,-0.8601624965667725,1.1449320316314697,-0.4532511234283447
82,target,2,-0.8596950173377991,1.131296992301941,-0.457694411277771
82,target,3,-0.8506351709365845,1.1110196113586426,-0.45757049322128296
82,target,4,-0.8599109649658203,1.1147615909576416,-0.4614701271057129
82,target,5,-0.8690052032470703,1.1365147829055786,-0.47781145572662354
82,target,6,-0.8711425065994263,1.1348254680633545,-0.4648206830024719
82,target,7,-0.8635277152061462,1.1196119785308838,-0.466621994972229
82,target,8,-0.8649873733520508,1.1149203777313232,-0.4642820954322815
82,target,9,-0.8564234972000122,1.115290641784668,-0.47095441818237305
82,target,10,-0.8701593279838562,1.131916880607605,-0.46403515338897705
82,target,11,-0.8637080788612366,1.1311960220336914,-0.45992809534072876
82,target,12,-0.8660960793495178,1.121004581451416,-0.4568750858306885
82,target,13,-0.853438675403595,1.105389952659607,-0.4659982919692993
82,target,14,-0.862809419631958,1.1168501377105713,-0.4677441716194153
82,target,15,-0.8624090552330017,1.109318494796753,-0.4668971300125122
82,target,16,-0.8582666516304016,1.1140456199645996,-0.46725642681121826
82,target,17,-0.8666945695877075,1.1362230777740479,-0.4540559649467468
82,target,18,-0.869147777557373,1.1468195915222168,-0.4555385112762451
82,target,19,-0.8634934425354004,1.129549264907837,-0.4560316801071167
82,target,20,-0.8699920177459717,1.145134449005127,-0.4602946639060974
82,target,21,-0.8626276254653931,1.1279245615005493,-0.4586363434791565
82,target,22,-0.8613314032554626,1.1357706785202026,-0.45475900173187256
82,target,23,-0.8670375943183899,1.1311086416244507,-0.4544638395309448
82,target,24,-0.8650371432304382,1.130631446838379,-0.45560377836227417
82,target,25,-0.8545487523078918,1.112253189086914,-0.45297718048095703
82,target,26,-0.8612863421440125,1.1243020296096802,-0.4555150866508484
82,target,27,-0.8680142760276794,1.1383228302001953,-0.4495755434036255
82,target,28,-0.8537453413009644,1.108340859413147,-0.45135414600372314
82,target,29,-0.8612381815910339,1.1175341606140137,-0.4613834619522095
82,target,30,-0.8526563048362732,1.0972844362258911,-0.46284908056259155
82,target,31,-0.8724857568740845,1.1371312141418457,-0.46183979511260986
82,target,32,-0.8757305145263672,1.1316215991973877,-0.4630813002586365
82,target,33,-0.8587440848350525,1.1257367134094238,-0.4554489254951477
82,target,34,-0.8544920682907104,1.1135203838348389,-0.4562132954597473
82,target,35,-0.8429899215698242,1.1109323501586914,-0.4586825370788574
82,target,36,-0.8685588836669922,1.128361701965332,-0.46108943223953247
82,target,37,-0.8476766347885132,1.1116881370544434,-0.45648497343063354
82,target,38,-0.858858048915863,1.1150057315826416,-0.4549117088317871
82,target,39,-0.8679258823394775,1.130346655845642,-0.4533960819244385
82,target,40,-0.8483926057815552,1.1275506019592285,-0.45379507541656494
82,target,41,-0.847811222076416,1.1359241008758545,-0.44870489835739136
82,target,42,-0.8584470152854919,1.1178148984909058,-0.450758159160614
82,target,43,-0.8543273210525513,1.1105291843414307,-0.44865673780441284
82,target,44,-0.8573923110961914,1.1147874593734741,-0.44099581241607666
82,target,45,-0.8538960814476013,1.108798623085022,-0.44109344482421875
82,target,46,-0.8113641142845154,1.0643141269683838,-0.4507496953010559
82,target,47,-0.8386494517326355,1.1001534461975098,-0.45753997564315796
82,target,48,-0.8323284387588501,1.0980613231658936,-0.4639212489128113
82,target,49,-0.8096538186073303,1.0530729293823242,-0.4502142667770386
82,target,50,-0.8415713310241699,1.0996487140655518,-0.4517243504524231
82,target,51,-0.8629043102264404,1.127424955368042,-0.46231716871261597
82,target,52,-0.8547210693359375,1.114179015159607,-0.4577334523200989
82,target,53,-0.8602508902549744,1.1261353492736816,-0.46437758207321167
82,target,54,-0.8621393442153931,1.130246639251709,-0.46060478687286377
82,target,55,-0.867461085319519,1.1279644966125488,-0.46753740310668945
82,target,56,-0.8646679520606995,1.1283818483352661,-0.46060460805892944
82,target,57,-0.857725977897644,1.1236854791641235,-0.4613593816757202
82,target,58,-0.8745205998420715,1.1402056217193604,-0.46407604217529297
82,target,59,-0.8598068356513977,1.1299481391906738,-0.46071189641952515
82,target,60,-0.8566224575042725,1.1254472732543945,-0.4575212597846985
82,target,61,-0.8500052094459534,1.1128745079040527,-0.46045833826065063
82,target,62,-0.847594678401947,1.1091073751449585,-0.45431655645370483
82,target,63,-0.8480075597763062,1.109207272529602,-0.46197396516799927
83,source,0,-0.8731289505958557,1.0992790460586548,-0.45600658655166626
83,source,1,-0.8675122857093811,1.0854074954986572,-0.45711958408355713
83,source,2,-0.8632011413574219,1.0864195823669434,-0.4528789520263672
83,source,3,-0.8584986925125122,1.0880084037780762,-0.45210039615631104
83,source,4,-0.8658312559127808,1.0857138633728027,-0.46089112758636475
83,source,5,-0.8653199672698975,1.0923601388931274,-0.454062283039093
83,source,6,-0.8681214451789856,1.0952332019805908,-0.45683562755584717
83,source,7,-0.8703117370605469,1.0924136638641357,-0.45805394649505615
83,source,8,-0.8629000782966614,1.0843397378921509,-0.45322614908218384
83,source,9,-0.8699132800102234,1.0952110290527344,-0.45191293954849243
83,source,10,-0.869972825050354,1.0861437320709229,-0.4516867995262146
83,source,11,-0.8663560152053833,1.0952801704406738,-0.4551381468772888
83,source,12,-0.8685604929924011,1.090825080871582,-0.4536994695663452
83,source,13,-0.8728221654891968,1.1044270992279053,-0.44438332319259644
83,source,14,-0.8672394156455994,1.0867321491241455,-0.4474070072174072
83,source,15,-0.8694108128547668,1.0770504474639893,-0.45017093420028687
83,source,16,-0.8680901527404785,1.0837862491607666,-0.448123574256897
83,source,17,-0.861799955368042,1.0766303539276123,-0.4485461115837097
83,source,18,-0.8691326975822449,1.0864229202270508,-0.45264846086502075
83,source,19,-0.8648135662078857,1.0812509059906006,-0.4544728994369507
83,source,20,-0.8583284616470337,1.0906330347061157,-0.4396297335624695
83,source,21,-0.8663960695266724,1.0815551280975342,-0.44553273916244507
83,source,22,-0.859667956829071,1.075751781463623,-0.4397141933441162
83,source,23,-0.8620673418045044,1.0813369750976562,-0.44268107414245605
83,source,24,-0.8614081740379333,1.0740596055984497,-0.4480067491531372
83,source,25,-0.8661840558052063,1.0760856866836548,-0.451473593711853
83,source,26,-0.8563165068626404,1.0820820331573486,-0.45019084215164185
83,source,27,-0.8776346445083618,1.084582805633545,-0.4542551636695862
83,source,28,-0.8768457174301147,1.0900789499282837,-0.45235395431518555
83,source,29,-0.866506040096283,1.0886850357055664,-0.4542720913887024
83,source,30,-0.8701931238174438,1.0965121984481812,-0.45080167055130005
83,source,31,-0.8685227632522583,1.0896501541137695,-0.4506484866142273
83,source,32,-0.8642904162406921,1.0856637954711914,-0.45440202951431274
83,source,33,-0.8637767434120178,1.0891461372375488,-0.45775848627090454
83,source,34,-0.8657169342041016,1.0924149751663208,-0.4551966190338135
83,source,35,-0.8690928816795349,1.0823173522949219,-0.4542308449745178
83,source,36,-0.8786405920982361,1.0942261219024658,-0.4514467716217041
83,source,37,-0.8636810779571533,1.0877008438110352,-0.44687968492507935
83,source,38,-0.8608521819114685,1.0715601444244385,-0.4459494352340698
83,source,39,-0.8625233173370361,1.0755009651184082,-0.44518643617630005
83,source,40,-0.8688530921936035,1.0892999172210693,-0.4535501003265381
83,source,41,-0.8671199083328247,1.0914947986602783,-0.4471811056137085
83,source,42,-0.8666560649871826,1.0877147912979126,-0.449714720249176
83,source,43,-0.8672618269920349,1.0878301858901978,-0.45909059047698975
83,source,44,-0.8583513498306274,1.0801160335540771,-0.43727540969848633
83,source,45,-0.859818696975708,1.0834643840789795,-0.4481092691421509
83,source,46,-0.8715609908103943,1.0893871784210205,-0.45267730951309204
83,source,47,-0.874157726764679,1.0974396467208862,-0.44802337884902954
83,source,48,-0.8585130572319031,1.086911678314209,-0.44770461320877075
83,source,49,-0.8696286678314209,1.0833244323730469,-0.4501538872718811
83,source,50,-0.8580803871154785,1.0886644124984741,-0.4621273875236511
83,source,51,-0.863294243812561,1.0942256450653076,-0.4634435772895813
83,source,52,-0.8567302823066711,1.084502935409546,-0.4689995050430298
83,source,53,-0.8554999828338623,1.0854741334915161,-0.46655625104904175
83,source,54,-0.8656976222991943,1.0952765941619873,-0.4702366590499878
83,source,55,-0.8660726547241211,1.1027171611785889,-0.46175670623779297
83,source,56,-0.8665981292724609,1.101867437362671,-0.46041274070739746
83,source,57,-0.865193784236908,1.1019258499145508,-0.462039053440094
83,source,58,-0.8596171140670776,1.096415638923645,-0.4619123339653015
83,source,59,-0.8648386597633362,1.1019713878631592,-0.46290814876556396
83,source,60,-0.865412712097168,1.0954136848449707,-0.46325021982192993
83,source,61,-0.8601433038711548,1.093158483505249,-0.46066170930862427
83,source,62,-0.8627614378929138,1.0904676914215088,-0.4632825255393982
83,source,63,-0.8553518056869507,1.0907163619995117,-0.4591362476348877
83,target,0,-0.8352312445640564,1.1049249172210693,-0.4571182131767273
83,target,1,-0.8619834780693054,1.1448054313659668,-0.45239806175231934
83,target,2,-0.8618005514144897,1.1304595470428467,-0.4569048285484314
83,target,3,-0.8525397777557373,1.1106126308441162,-0.45704495906829834
83,target,4,-0.8634570837020874,1.1166338920593262,-0.460590660572052
83,target,5,-0.8754239678382874,1.137089490890503,-0.4771122336387634
83,target,6,-0.8764439225196838,1.132612705230713,-0.4647839069366455
83,target,7,-0.87108314037323,1.1256521940231323,-0.46643519401550293
83,target,8,-0.874212384223938,1.1247972249984741,-0.46306151151657104
83,target,9,-0.8624290823936462,1.117443561553955,-0.4709962010383606
83,target,10,-0.8761917352676392,1.1346172094345093,-0.4641299247741699
83,target,11,-0.8691167235374451,1.1336458921432495,-0.45945674180984497
83,target,12,-0.8706234097480774,1.1221692562103271,-0.45823055505752563
83,target,13,-0.8590208888053894,1.1076056957244873,-0.46252644062042236
83,target,14,-0.8676191568374634,1.1189897060394287,-0.46625709533691406
83,target,15,-0.8660303354263306,1.1100099086761475,-0.46471643447875977
83,target,16,-0.8618753552436829,1.1153415441513062,-0.4657765030860901
83,target,17,-0.8708628416061401,1.1355925798416138,-0.45619040727615356
83,target,18,-0.8762207627296448,1.1491576433181763,-0.4570959210395813
83,target,19,-0.8672599196434021,1.1318304538726807,-0.4553486108779907
83,target,20,-0.8749166131019592,1.1458022594451904,-0.4608791470527649
83,target,21,-0.8673636317253113,1.1280949115753174,-0.4593732953071594
83,target,22,-0.8676163554191589,1.137637734413147,-0.4545530080795288
83,target,23,-0.8707032799720764,1.132040023803711,-0.45350050926208496
83,target,24,-0.8695463538169861,1.13089919090271,-0.45624858140945435
83,target,25,-0.8576021194458008,1.1119067668914795,-0.45233064889907837
83,target,26,-0.8644540905952454,1.1246343851089478,-0.45458006858825684
83,target,27,-0.870421826839447,1.1365841627120972,-0.4493659734725952
83,target,28,-0.8580230474472046,1.1088733673095703,-0.45017558336257935
83,target,29,-0.8650844097137451,1.1205995082855225,-0.46089500188827515
83,target,30,-0.8544313311576843,1.0938630104064941,-0.4592595100402832
83,target,31,-0.8759519457817078,1.1382189989089966,-0.4614395499229431
83,target,32,-0.8791055083274841,1.135141134262085,-0.4623951315879822
83,target,33,-0.8612136840820312,1.1217920780181885,-0.45813584327697754
83,target,34,-0.8578925132751465,1.1127299070358276,-0.457081139087677
83,target,35,-0.8477600812911987,1.1109583377838135,-0.4602866768836975
83,target,36,-0.8732559680938721,1.1289304494857788,-0.4630916118621826
83,target,37,-0.8505330085754395,1.1132609844207764,-0.457916796207428
83,target,38,-0.8643405437469482,1.117897391319275,-0.4566516876220703
83,target,39,-0.8714386224746704,1.129823923110962,-0.4552830457687378
83,target,40,-0.8529739379882812,1.128448486328125,-0.45386481285095215
83,target,41,-0.8531977534294128,1.1392606496810913,-0.4482925534248352
83,target,42,-0.862938642501831,1.1221644878387451,-0.4522201418876648
83,target,43,-0.85944664478302,1.11625337600708,-0.44879990816116333
83,target,44,-0.8598488569259644,1.1198105812072754,-0.44182294607162476
83,target,45,-0.8559172749519348,1.111441731452942,-0.442534863948822
83,target,46,-0.8156185746192932,1.0692137479782104,-0.44958972930908203
83,target,47,-0.8428555727005005,1.1039409637451172,-0.456190288066864
83,target,48,-0.836246907711029,1.1022732257843018,-0.46274369955062866
83,target,49,-0.8139166831970215,1.0555408000946045,-0.44698387384414673
83,target,50,-0.8442122936248779,1.1005327701568604,-0.450869083404541
83,target,51,-0.8647125959396362,1.1263954639434814,-0.4628528356552124
83,target,52,-0.8590830564498901,1.1169798374176025,-0.45893794298171997
83,target,53,-0.8630431890487671,1.1272938251495361,-0.46382683515548706
83,target,54,-0.8662538528442383,1.1314172744750977,-0.4591992497444153
83,target,55,-0.8739483952522278,1.132159948348999,-0.465427041053772
83,target,56,-0.8700310587882996,1.1338289976119995,-0.4588555097579956
83,target,57,-0.860831618309021,1.1256179809570312,-0.4609191417694092
83,target,58,-0.8789123296737671,1.144263744354248,-0.46329569816589355
83,target,59,-0.8643877506256104,1.1329835653305054,-0.4604831337928772
83,target,60,-0.8578215837478638,1.124917984008789,-0.4578876495361328
83,target,61,-0.854373574256897,1.1156193017959595,-0.4613358974456787
83,target,62,-0.8505240082740784,1.1102712154388428,-0.45593899488449097
83,target,63,-0.84992915391922,1.1094187498092651,-0.4622042179107666
84,source,0,-0.8798872232437134,1.1023461818695068,-0.4557154178619385
84,source,1,-0.8746399283409119,1.0907740592956543,-0.4569125175476074
84,source,2,-0.8707872629165649,1.0894381999969482,-0.4533647298812866
84,source,3,-0.8638975620269775,1.0900568962097168,-0.4523078203201294
84,source,4,-0.8707855939865112,1.0859813690185547,-0.4606398344039917
84,source,5,-0.871084451675415,1.0923619270324707,-0.4536832571029663
84,source,6,-0.8768579959869385,1.1002494096755981,-0.4566763639450073
84,source,7,-0.8774334192276001,1.0943377017974854,-0.4566633105278015
84,source,8,-0.8687461614608765,1.0863972902297974,-0.4533594846725464
84,source,9,-0.8772618770599365,1.0971274375915527,-0.4525769352912903
84,source,10,-0.876414954662323,1.0908515453338623,-0.45137184858322144
84,source,11,-0.873977541923523,1.102271556854248,-0.45526278018951416
84,source,12,-0.8756059408187866,1.0964330434799194,-0.4553700089454651
84,source,13,-0.8771448135375977,1.1095833778381348,-0.4470359683036804
84,source,14,-0.8724639415740967,1.0887038707733154,-0.4482696056365967
84,source,15,-0.8743972182273865,1.079143762588501,-0.4481359124183655
84,source,16,-0.8754538297653198,1.088584065437317,-0.4496917724609375
84,source,17,-0.867834746837616,1.0803875923156738,-0.44934165477752686
84,source,18,-0.8769387602806091,1.0920296907424927,-0.45411401987075806
84,source,19,-0.8700146675109863,1.0827548503875732,-0.45538246631622314
84,source,20,-0.8629509210586548,1.0909593105316162,-0.4436084032058716
84,source,21,-0.8706426620483398,1.0827834606170654,-0.44596922397613525
84,source,22,-0.8665564060211182,1.0811970233917236,-0.4392373561859131
84,source,23,-0.8667987585067749,1.0819779634475708,-0.44389551877975464
84,source,24,-0.8675143718719482,1.0749931335449219,-0.4478539824485779
84,source,25,-0.871296763420105,1.077048420906067,-0.45112133026123047
84,source,26,-0.8619880676269531,1.0847904682159424,-0.44923704862594604
84,source,27,-0.8846637010574341,1.0904576778411865,-0.4542171359062195
84,source,28,-0.8818784356117249,1.0930582284927368,-0.45246511697769165
84,source,29,-0.8734447360038757,1.091951847076416,-0.4541882872581482
84,source,30,-0.8777951598167419,1.1019210815429688,-0.45106709003448486
84,source,31,-0.875328540802002,1.0927964448928833,-0.4510112404823303
84,source,32,-0.8702116012573242,1.0902268886566162,-0.45580345392227173
84,source,33,-0.8703102469444275,1.090328574180603,-0.4583709239959717
84,source,34,-0.8735040426254272,1.0964123010635376,-0.45384007692337036
84,source,35,-0.8739408254623413,1.0814536809921265,-0.4540101885795593
84,source,36,-0.883956789970398,1.0974359512329102,-0.4519825577735901
84,source,37,-0.8683608770370483,1.0871713161468506,-0.4449540972709656
84,source,38,-0.8677976727485657,1.0734400749206543,-0.44639813899993896
84,source,39,-0.8682516813278198,1.0766359567642212,-0.44568681716918945
84,source,40,-0.8715811371803284,1.0860521793365479,-0.45384472608566284
84,source,41,-0.8729899525642395,1.092818021774292,-0.44850558042526245
84,source,42,-0.8723944425582886,1.0877525806427002,-0.4501298666000366
84,source,43,-0.8731824159622192,1.0882006883621216,-0.4585797190666199
84,source,44,-0.8627023100852966,1.0827434062957764,-0.4373595118522644
84,source,45,-0.8658546209335327,1.0858961343765259,-0.4497416615486145
84,source,46,-0.8776295185089111,1.0934031009674072,-0.4529358744621277
84,source,47,-0.8820522427558899,1.1028521060943604,-0.4487617015838623
84,source,48,-0.8638567924499512,1.090108871459961,-0.4486488699913025
84,source,49,-0.8750916719436646,1.0853829383850098,-0.450986385345459
84,source,50,-0.8617278337478638,1.0894489288330078,-0.46164464950561523
84,source,51,-0.8672050833702087,1.0950274467468262,-0.46387916803359985
84,source,52,-0.8595559597015381,1.083432912826538,-0.46958792209625244
84,source,53,-0.8568320870399475,1.085587978363037,-0.4669530987739563
84,source,54,-0.8685252070426941,1.0932252407073975,-0.47007834911346436
84,source,55,-0.8687453866004944,1.1018562316894531,-0.4624057412147522
84,source,56,-0.8682261109352112,1.0993566513061523,-0.4615457057952881
84,source,57,-0.868687629699707,1.1011245250701904,-0.4626731872558594
84,source,58,-0.8619983792304993,1.0947153568267822,-0.46212828159332275
84,source,59,-0.866595983505249,1.099886417388916,-0.46353280544281006
84,source,60,-0.867791473865509,1.0948565006256104,-0.46239757537841797
84,source,61,-0.8617792129516602,1.0941592454910278,-0.46201467514038086
84,source,62,-0.8669042587280273,1.0916879177093506,-0.46243447065353394
84,source,63,-0.8595578670501709,1.091841697692871,-0.45888400077819824
84,target,0,-0.8360893130302429,1.1046171188354492,-0.4566483497619629
84,target,1,-0.8656308650970459,1.1438841819763184,-0.45244890451431274
84,target,2,-0.8666166663169861,1.1306443214416504,-0.4569755792617798
84,target,3,-0.8554052710533142,1.1114388704299927,-0.4574364423751831
84,target,4,-0.8626571297645569,1.11171293258667,-0.4630444049835205
84,target,5,-0.8794568181037903,1.1372756958007812,-0.4752829074859619
84,target,6,-0.8814520835876465,1.135310173034668,-0.4635433554649353
84,target,7,-0.8725845217704773,1.1222031116485596,-0.46590960025787354
84,target,8,-0.8759710788726807,1.119267463684082,-0.46328216791152954
84,target,9,-0.8645495772361755,1.1174163818359375,-0.47051358222961426
84,target,10,-0.8777247071266174,1.134395956993103,-0.46370112895965576
84,target,11,-0.8691977262496948,1.129575252532959,-0.4596998691558838
84,target,12,-0.8734075427055359,1.1223604679107666,-0.4577690362930298
84,target,13,-0.8585354089736938,1.1074317693710327,-0.464102566242218
84,target,14,-0.8664492964744568,1.1161105632781982,-0.4672948122024536
84,target,15,-0.8672148585319519,1.110985517501831,-0.46528202295303345
84,target,16,-0.8610381484031677,1.1143608093261719,-0.4646567702293396
84,target,17,-0.8734439611434937,1.1330161094665527,-0.4548026919364929
84,target,18,-0.8791354298591614,1.1428003311157227,-0.45546668767929077
84,target,19,-0.8709879517555237,1.1275683641433716,-0.45312976837158203
84,target,20,-0.8792385458946228,1.1411426067352295,-0.4592832326889038
84,target,21,-0.8737574815750122,1.1252470016479492,-0.4583163857460022
84,target,22,-0.8703896403312683,1.1350136995315552,-0.45208650827407837
84,target,23,-0.8729435801506042,1.1305005550384521,-0.4518422484397888
84,target,24,-0.8747193813323975,1.1327160596847534,-0.45399409532546997
84,target,25,-0.8591374754905701,1.111473798751831,-0.4516545534133911
84,target,26,-0.866184651851654,1.1256773471832275,-0.4553918242454529
84,target,27,-0.871922492980957,1.141692876815796,-0.4464039206504822
84,target,28,-0.8607022166252136,1.117250919342041,-0.44861674308776855
84,target,29,-0.8666196465492249,1.1185990571975708,-0.460548996925354
84,target,30,-0.8586958646774292,1.0998690128326416,-0.46126508712768555
84,target,31,-0.8789498209953308,1.1331872940063477,-0.46319741010665894
84,target,32,-0.8787737488746643,1.1278855800628662,-0.4626622200012207
84,target,33,-0.864904522895813,1.1188673973083496,-0.46062517166137695
84,target,34,-0.8607066869735718,1.1129913330078125,-0.45937997102737427
84,target,35,-0.8472457528114319,1.1063592433929443,-0.4609927535057068
84,target,36,-0.8739925026893616,1.1266847848892212,-0.46423327922821045
84,target,37,-0.8534312844276428,1.1114225387573242,-0.4585039019584656
84,target,38,-0.867739200592041,1.1186718940734863,-0.45641273260116577
84,target,39,-0.8730956315994263,1.1301515102386475,-0.4556100368499756
84,target,40,-0.8549085855484009,1.1261100769042969,-0.4524802565574646
84,target,41,-0.8561035394668579,1.136220932006836,-0.44782042503356934
84,target,42,-0.8649941086769104,1.1154042482376099,-0.451371967792511
84,target,43,-0.8587150573730469,1.1088430881500244,-0.44897526502609253
84,target,44,-0.8604187369346619,1.115091323852539,-0.4453173279762268
84,target,45,-0.858633816242218,1.108519434928894,-0.4417797923088074
84,target,46,-0.8131945729255676,1.067067265510559,-0.4537387490272522
84,target,47,-0.8432815074920654,1.1020432710647583,-0.45716696977615356
84,target,48,-0.8366986513137817,1.0996907949447632,-0.46328622102737427
84,target,49,-0.8109743595123291,1.0528892278671265,-0.45077282190322876
84,target,50,-0.8448717594146729,1.1011147499084473,-0.4514080286026001
84,target,51,-0.8689007759094238,1.127508521080017,-0.46072113513946533
84,target,52,-0.8612692356109619,1.1167819499969482,-0.45852428674697876
84,target,53,-0.8659120798110962,1.1268390417099,-0.46332037448883057
84,target,54,-0.8693397045135498,1.133422613143921,-0.4574158191680908
84,target,55,-0.8738957047462463,1.1314342021942139,-0.46444201469421387
84,target,56,-0.8691909313201904,1.1301422119140625,-0.4598739743232727
84,target,57,-0.8601140379905701,1.1207859516143799,-0.4611055850982666
84,target,58,-0.879492998123169,1.1392972469329834,-0.46299993991851807
84,target,59,-0.8642151355743408,1.1284661293029785,-0.46067410707473755
84,target,60,-0.8607293367385864,1.1245349645614624,-0.457929790019989
84,target,61,-0.8555397391319275,1.1136925220489502,-0.4605884552001953
84,target,62,-0.8524554967880249,1.109114646911621,-0.45739811658859253
84,target,63,-0.8518682718276978,1.1064462661743164,-0.4630652666091919
85,source,0,-0.8736175298690796,1.1043894290924072,-0.4540805220603943
85,source,1,-0.8701522946357727,1.0951592922210693,-0.4551050066947937
85,source,2,-0.8647345304489136,1.0948448181152344,-0.4521278142929077
85,source,3,-0.8621106147766113,1.1005003452301025,-0.4513026475906372
85,source,4,-0.8639300465583801,1.0906927585601807,-0.4597873091697693
85,source,5,-0.8662252426147461,1.0963590145111084,-0.4539308547973633
85,source,6,-0.8715153932571411,1.1030986309051514,-0.4545295834541321
85,source,7,-0.8737319707870483,1.1005141735076904,-0.4544376730918884
85,source,8,-0.8647468090057373,1.0923020839691162,-0.452503502368927
85,source,9,-0.874231219291687,1.103121280670166,-0.4507642388343811
85,source,10,-0.873041033744812,1.0994234085083008,-0.4495576024055481
85,source,11,-0.8724575042724609,1.1116243600845337,-0.45285648107528687
85,source,12,-0.8762484192848206,1.1090303659439087,-0.45158034563064575
85,source,13,-0.8768675923347473,1.119935393333435,-0.44579726457595825
85,source,14,-0.8683842420578003,1.0946435928344727,-0.4468231797218323
85,source,15,-0.8677485585212708,1.0824108123779297,-0.44827860593795776
85,source,16,-0.870701014995575,1.0948923826217651,-0.4479498267173767
85,source,17,-0.8642295002937317,1.087073802947998,-0.447778582572937
85,source,18,-0.8725453019142151,1.0969223976135254,-0.4523095488548279
85,source,19,-0.8668220043182373,1.0894372463226318,-0.45281416177749634
85,source,20,-0.8626853227615356,1.104123830795288,-0.4422367811203003
85,source,21,-0.8650757074356079,1.0864856243133545,-0.44555163383483887
85,source,22,-0.8635700941085815,1.08656644821167,-0.4378839135169983
85,source,23,-0.8651264905929565,1.0894713401794434,-0.4425849914550781
85,source,24,-0.8633310198783875,1.0812169313430786,-0.44682037830352783
85,source,25,-0.8683409690856934,1.0836044549942017,-0.45067381858825684
85,source,26,-0.8588277697563171,1.090583086013794,-0.4499489665031433
85,source,27,-0.8794615864753723,1.0960419178009033,-0.45217370986938477
85,source,28,-0.8771195411682129,1.0969164371490479,-0.4522950053215027
85,source,29,-0.8705071210861206,1.100938320159912,-0.4511833190917969
85,source,30,-0.8742683529853821,1.1098263263702393,-0.4487607479095459
85,source,31,-0.8723230361938477,1.102148413658142,-0.44987255334854126
85,source,32,-0.8674222826957703,1.0975615978240967,-0.45480942726135254
85,source,33,-0.8659588098526001,1.0955133438110352,-0.45671701431274414
85,source,34,-0.8684171438217163,1.1001176834106445,-0.45301586389541626
85,source,35,-0.8700900077819824,1.0886470079421997,-0.45372164249420166
85,source,36,-0.8789684772491455,1.1020197868347168,-0.4518970251083374
85,source,37,-0.8619075417518616,1.0914850234985352,-0.44610363245010376
85,source,38,-0.8616854548454285,1.077035665512085,-0.44587165117263794
85,source,39,-0.8647880554199219,1.0834718942642212,-0.4447978734970093
85,source,40,-0.8675635457038879,1.0918936729431152,-0.45125412940979004
85,source,41,-0.870843768119812,1.1004774570465088,-0.44620728492736816
85,source,42,-0.8695178031921387,1.095383644104004,-0.44828468561172485
85,source,43,-0.8689799308776855,1.0943944454193115,-0.45610475540161133
85,source,44,-0.8602689504623413,1.0929465293884277,-0.4371721148490906
85,source,45,-0.8660171031951904,1.0992982387542725,-0.4479793906211853
85,source,46,-0.8740269541740417,1.100248098373413,-0.4505143165588379
85,source,47,-0.8755359649658203,1.1052520275115967,-0.4483180642127991
85,source,48,-0.8618310689926147,1.1003057956695557,-0.4484570622444153
85,source,49,-0.8703293800354004,1.0898613929748535,-0.44896990060806274
85,source,50,-0.857068657875061,1.0938727855682373,-0.4608032703399658
85,source,51,-0.862162709236145,1.0990961790084839,-0.46286022663116455
85,source,52,-0.8540999293327332,1.0868476629257202,-0.46758002042770386
85,source,53,-0.8519840836524963,1.086039662361145,-0.46600598096847534
85,source,54,-0.8619598150253296,1.0960588455200195,-0.4688456058502197
85,source,55,-0.8630151152610779,1.1021076440811157,-0.46159976720809937
85,source,56,-0.8637553453445435,1.1021702289581299,-0.4609690308570862
85,source,57,-0.86363685131073,1.1043188571929932,-0.4619131088256836
85,source,58,-0.8567846417427063,1.0959776639938354,-0.46258479356765747
85,source,59,-0.8626679182052612,1.1028950214385986,-0.46279942989349365
85,source,60,-0.8636214733123779,1.096699595451355,-0.46083950996398926
85,source,61,-0.857550323009491,1.094712734222412,-0.46060675382614136
85,source,62,-0.862319827079773,1.0925267934799194,-0.4627814292907715
85,source,63,-0.8555066585540771,1.0943673849105835,-0.45820289850234985
85,target,0,-0.832757294178009,1.1057075262069702,-0.4569278955459595
85,target,1,-0.8639371395111084,1.1457483768463135,-0.4530283212661743
85,target,2,-0.8621156811714172,1.1322592496871948,-0.45747876167297363
85,target,3,-0.8541246056556702,1.117703914642334,-0.456159770488739
85,target,4,-0.8593513369560242,1.1184693574905396,-0.4609355926513672
85,target,5,-0.8703380823135376,1.1389646530151367,-0.4778035879135132
85,target,6,-0.873581051826477,1.13743257522583,-0.46336978673934937
85,target,7,-0.8673617839813232,1.1268978118896484,-0.46559667587280273
85,target,8,-0.8702142238616943,1.1272406578063965,-0.4620606303215027
85,target,9,-0.8558751344680786,1.117368221282959,-0.4701184034347534
85,target,10,-0.868768572807312,1.1331031322479248,-0.46490323543548584
85,target,11,-0.8608854413032532,1.1307154893875122,-0.4604986310005188
85,target,12,-0.8679273724555969,1.125497579574585,-0.4579945206642151
85,target,13,-0.8560571670532227,1.1079227924346924,-0.46587371826171875
85,target,14,-0.8628208637237549,1.1176111698150635,-0.4674152731895447
85,target,15,-0.8622534275054932,1.112687110900879,-0.4649394154548645
85,target,16,-0.8560528755187988,1.116771936416626,-0.4643245339393616
85,target,17,-0.8675172328948975,1.1334586143493652,-0.45748746395111084
85,target,18,-0.8723697662353516,1.1465342044830322,-0.4556335210800171
85,target,19,-0.8641135692596436,1.1344494819641113,-0.4551594853401184
85,target,20,-0.872981071472168,1.144857406616211,-0.4603041410446167
85,target,21,-0.867094874382019,1.1291663646697998,-0.45896679162979126
85,target,22,-0.8613153696060181,1.1347559690475464,-0.45498085021972656
85,target,23,-0.8672971725463867,1.1329703330993652,-0.453810453414917
85,target,24,-0.8678501844406128,1.1321519613265991,-0.4553186893463135
85,target,25,-0.8562719821929932,1.1116067171096802,-0.45246219635009766
85,target,26,-0.8606806993484497,1.1260672807693481,-0.45584434270858765
85,target,27,-0.8707700371742249,1.141005039215088,-0.4481266140937805
85,target,28,-0.8587468862533569,1.1125555038452148,-0.44951480627059937
85,target,29,-0.8625261783599854,1.119652509689331,-0.4607749581336975
85,target,30,-0.8569486737251282,1.100509524345398,-0.45947468280792236
85,target,31,-0.87248694896698,1.133025050163269,-0.46167123317718506
85,target,32,-0.8743733167648315,1.1309242248535156,-0.46170657873153687
85,target,33,-0.8605149984359741,1.1220271587371826,-0.458368182182312
85,target,34,-0.8564113974571228,1.117613673210144,-0.45756834745407104
85,target,35,-0.8466562032699585,1.1129391193389893,-0.4566075801849365
85,target,36,-0.8707068562507629,1.1284351348876953,-0.46471577882766724
85,target,37,-0.8505221605300903,1.1139582395553589,-0.45731979608535767
85,target,38,-0.8624236583709717,1.1188828945159912,-0.4561883807182312
85,target,39,-0.8714874982833862,1.1302766799926758,-0.4563819169998169
85,target,40,-0.8505898714065552,1.1276512145996094,-0.45515793561935425
85,target,41,-0.8473061919212341,1.13494873046875,-0.45157647132873535
85,target,42,-0.862885057926178,1.125288963317871,-0.45342862606048584
85,target,43,-0.8579703569412231,1.1204979419708252,-0.4509580731391907
85,target,44,-0.8601995706558228,1.128410816192627,-0.44655871391296387
85,target,45,-0.8562886714935303,1.12009859085083,-0.44542884826660156
85,target,46,-0.8140087723731995,1.0677344799041748,-0.45008552074432373
85,target,47,-0.8435491323471069,1.1058378219604492,-0.4573376178741455
85,target,48,-0.8353230953216553,1.102750539779663,-0.4638884663581848
85,target,49,-0.8094397187232971,1.054903507232666,-0.44947201013565063
85,target,50,-0.844365656375885,1.1020786762237549,-0.4513401985168457
85,target,51,-0.8677573204040527,1.132531762123108,-0.46145355701446533
85,target,52,-0.859264075756073,1.1194894313812256,-0.45872634649276733
85,target,53,-0.8624345064163208,1.1281728744506836,-0.463914155960083
85,target,54,-0.8653022646903992,1.1340203285217285,-0.45926809310913086
85,target,55,-0.8707094192504883,1.1332857608795166,-0.4668880105018616
85,target,56,-0.8665138483047485,1.1308012008666992,-0.46137428283691406
85,target,57,-0.8583534955978394,1.1236809492111206,-0.46111756563186646
85,target,58,-0.876373827457428,1.1412278413772583,-0.46330970525741577
85,target,59,-0.8615655303001404,1.1297261714935303,-0.46168750524520874
85,target,60,-0.8593078255653381,1.1264734268188477,-0.45826947689056396
85,target,61,-0.854006290435791,1.1150543689727783,-0.4609413146972656
85,target,62,-0.8538845181465149,1.1139813661575317,-0.4546821117401123
85,target,63,-0.8498055934906006,1.110522985458374,-0.4631059765815735
86,source,0,-0.8799734711647034,1.1069488525390625,-0.4563865661621094
86,source,1,-0.8725898265838623,1.0926644802093506,-0.45709216594696045
86,source,2,-0.8666512966156006,1.0909838676452637,-0.4531724452972412
86,source,3,-0.8609618544578552,1.0920906066894531,-0.454584538936615
86,source,4,-0.8671297430992126,1.0877293348312378,-0.4616953730583191
86,source,5,-0.8688353896141052,1.092484712600708,-0.45600777864456177
86,source,6,-0.8750280737876892,1.1005523204803467,-0.4567413926124573
86,source,7,-0.8767831921577454,1.0966696739196777,-0.45703625679016113
86,source,8,-0.8676490187644958,1.0870805978775024,-0.4551897644996643
86,source,9,-0.8746057152748108,1.098922848701477,-0.4524865746498108
86,source,10,-0.8730675578117371,1.089526891708374,-0.45312464237213135
86,source,11,-0.8741011619567871,1.1051852703094482,-0.4560999274253845
86,source,12,-0.8726575374603271,1.0973336696624756,-0.4563673138618469
86,source,13,-0.874946117401123,1.1118052005767822,-0.44846874475479126
86,source,14,-0.8683431148529053,1.090388536453247,-0.44917261600494385
86,source,15,-0.8713629245758057,1.0805741548538208,-0.45008355379104614
86,source,16,-0.8705922365188599,1.0882487297058105,-0.4505351781845093
86,source,17,-0.86407071352005,1.0833781957626343,-0.45079243183135986
86,source,18,-0.8726779222488403,1.0921459197998047,-0.4549463987350464
86,source,19,-0.8683993816375732,1.0865983963012695,-0.45542603731155396
86,source,20,-0.8591359853744507,1.0911777019500732,-0.44510507583618164
86,source,21,-0.8662669658660889,1.084905743598938,-0.44675737619400024
86,source,22,-0.8633758425712585,1.0816757678985596,-0.4407731890678406
86,source,23,-0.8647053837776184,1.0842082500457764,-0.4449906349182129
86,source,24,-0.8632568120956421,1.075044870376587,-0.449215829372406
86,source,25,-0.8699354529380798,1.0802152156829834,-0.4518698453903198
86,source,26,-0.8600064516067505,1.0858738422393799,-0.45199525356292725
86,source,27,-0.8823903799057007,1.0939280986785889,-0.4540254473686218
86,source,28,-0.8789340853691101,1.0943026542663574,-0.45410895347595215
86,source,29,-0.8724373579025269,1.0959768295288086,-0.4547516107559204
86,source,30,-0.8748806118965149,1.1027902364730835,-0.45223093032836914
86,source,31,-0.8728084564208984,1.094367265701294,-0.45187437534332275
86,source,32,-0.868951141834259,1.0922760963439941,-0.4557192921638489
86,source,33,-0.8683252334594727,1.0914111137390137,-0.4586336612701416
86,source,34,-0.871405839920044,1.0976873636245728,-0.4554712176322937
86,source,35,-0.8737429976463318,1.0849223136901855,-0.45521479845046997
86,source,36,-0.8822108507156372,1.1022117137908936,-0.45332568883895874
86,source,37,-0.8640128374099731,1.0896666049957275,-0.4486565589904785
86,source,38,-0.8642727732658386,1.0741896629333496,-0.44722694158554077
86,source,39,-0.8654718995094299,1.0790730714797974,-0.44768983125686646
86,source,40,-0.870964527130127,1.0886180400848389,-0.4541863799095154
86,source,41,-0.8701300024986267,1.0940217971801758,-0.45007938146591187
86,source,42,-0.8700964450836182,1.0898728370666504,-0.4506068825721741
86,source,43,-0.8708841800689697,1.0894289016723633,-0.4592368006706238
86,source,44,-0.8572664260864258,1.082474946975708,-0.4400418996810913
86,source,45,-0.8616316318511963,1.0858893394470215,-0.4515689015388489
86,source,46,-0.8741096258163452,1.0949773788452148,-0.4529111385345459
86,source,47,-0.877339243888855,1.1031851768493652,-0.44908463954925537
86,source,48,-0.861939013004303,1.0916860103607178,-0.4509434103965759
86,source,49,-0.8727829456329346,1.0872877836227417,-0.45176953077316284
86,source,50,-0.8601096868515015,1.0933654308319092,-0.46204298734664917
86,source,51,-0.8650198578834534,1.0997400283813477,-0.46500229835510254
86,source,52,-0.8565400242805481,1.0872249603271484,-0.4694306254386902
86,source,53,-0.8524071574211121,1.0853447914123535,-0.4672008752822876
86,source,54,-0.8657286167144775,1.097402811050415,-0.4700707197189331
86,source,55,-0.8662397861480713,1.1036838293075562,-0.4631083011627197
86,source,56,-0.866072416305542,1.10207200050354,-0.46309709548950195
86,source,57,-0.8665280938148499,1.1033337116241455,-0.46435314416885376
86,source,58,-0.8595141768455505,1.0962038040161133,-0.4644649624824524
86,source,59,-0.865531325340271,1.1042693853378296,-0.4640964865684509
86,source,60,-0.8653565645217896,1.0989775657653809,-0.46243375539779663
86,source,61,-0.8587841391563416,1.0948351621627808,-0.46187567710876465
86,source,62,-0.8631311655044556,1.0932122468948364,-0.4641321301460266
86,source,63,-0.8571207523345947,1.0940649509429932,-0.4602386951446533
86,target,0,-0.8345944881439209,1.1063926219940186,-0.45824360847473145
86,target,1,-0.8657730221748352,1.1462452411651611,-0.4547240138053894
86,target,2,-0.8596460819244385,1.1284898519515991,-0.45941978693008423
86,target,3,-0.8549560308456421,1.1150219440460205,-0.45856863260269165
86,target,4,-0.8597872853279114,1.1179955005645752,-0.4621378183364868
86,target,5,-0.8736329674720764,1.1378328800201416,-0.4779849648475647
86,target,6,-0.8759347796440125,1.136789083480835,-0.4661598205566406
86,target,7,-0.8686410784721375,1.1269596815109253,-0.4686889052391052
86,target,8,-0.8727767467498779,1.1265592575073242,-0.4654027223587036
86,target,9,-0.8596537709236145,1.1187866926193237,-0.4717092514038086
86,target,10,-0.8724918365478516,1.1350009441375732,-0.4660162329673767
86,target,11,-0.8631449937820435,1.1310919523239136,-0.46202516555786133
86,target,12,-0.8703073263168335,1.1249232292175293,-0.4599429965019226
86,target,13,-0.8564250469207764,1.105807900428772,-0.4644351601600647
86,target,14,-0.86335688829422,1.1155611276626587,-0.4683517813682556
86,target,15,-0.8625190258026123,1.1112191677093506,-0.46582847833633423
86,target,16,-0.8565130829811096,1.1149177551269531,-0.46568673849105835
86,target,17,-0.8686529397964478,1.1340909004211426,-0.4582710862159729
86,target,18,-0.8745293021202087,1.1462281942367554,-0.4581867456436157
86,target,19,-0.8680274486541748,1.1327621936798096,-0.45838141441345215
86,target,20,-0.8739089369773865,1.1438720226287842,-0.4620895981788635
86,target,21,-0.867486834526062,1.1309088468551636,-0.4616541266441345
86,target,22,-0.8641541600227356,1.1343786716461182,-0.4562545418739319
86,target,23,-0.8693079948425293,1.133000135421753,-0.45579802989959717
86,target,24,-0.8701899647712708,1.1346248388290405,-0.4580293297767639
86,target,25,-0.8582499623298645,1.1123712062835693,-0.45274829864501953
86,target,26,-0.8653422594070435,1.1281745433807373,-0.45826441049575806
86,target,27,-0.8715285062789917,1.1415050029754639,-0.449968159198761
86,target,28,-0.8586491346359253,1.1112838983535767,-0.45091748237609863
86,target,29,-0.8643769025802612,1.119027853012085,-0.4615127444267273
86,target,30,-0.8558109402656555,1.0981168746948242,-0.46045559644699097
86,target,31,-0.8740864992141724,1.1346890926361084,-0.46271294355392456
86,target,32,-0.8766076564788818,1.1315946578979492,-0.46430307626724243
86,target,33,-0.8571070432662964,1.1188545227050781,-0.4604722261428833
86,target,34,-0.856456995010376,1.115394115447998,-0.45897066593170166
86,target,35,-0.843898355960846,1.1082103252410889,-0.45942872762680054
86,target,36,-0.8724479675292969,1.132819652557373,-0.46552616357803345
86,target,37,-0.8480137586593628,1.112804651260376,-0.45971786975860596
86,target,38,-0.8629110455513,1.1197748184204102,-0.4570796489715576
86,target,39,-0.871073842048645,1.1342742443084717,-0.45689088106155396
86,target,40,-0.8515902757644653,1.1283087730407715,-0.4552869200706482
86,target,41,-0.850787878036499,1.134894609451294,-0.4521688222885132
86,target,42,-0.862825870513916,1.1188645362854004,-0.4562198519706726
86,target,43,-0.8586693406105042,1.1131657361984253,-0.4542228579521179
86,target,44,-0.8588762283325195,1.1165827512741089,-0.45092904567718506
86,target,45,-0.8557255268096924,1.1106820106506348,-0.447734534740448
86,target,46,-0.8146530389785767,1.0658645629882812,-0.45018428564071655
86,target,47,-0.8468375205993652,1.106607437133789,-0.4576337933540344
86,target,48,-0.8382869958877563,1.1031943559646606,-0.4633663296699524
86,target,49,-0.8130159378051758,1.0546040534973145,-0.44700342416763306
86,target,50,-0.8462449908256531,1.1030206680297852,-0.45145684480667114
86,target,51,-0.8696799278259277,1.1316591501235962,-0.4635326862335205
86,target,52,-0.8618904948234558,1.1194891929626465,-0.46005135774612427
86,target,53,-0.8642857074737549,1.1278390884399414,-0.46578794717788696
86,target,54,-0.8668696880340576,1.1333657503128052,-0.4603838324546814
86,target,55,-0.8730632066726685,1.1334097385406494,-0.46740293502807617
86,target,56,-0.8703829050064087,1.1329617500305176,-0.46153998374938965
86,target,57,-0.8606483936309814,1.1247859001159668,-0.46277838945388794
86,target,58,-0.8780491352081299,1.1407780647277832,-0.46527040004730225
86,target,59,-0.8642284274101257,1.1304590702056885,-0.4629693627357483
86,target,60,-0.8625913858413696,1.1267181634902954,-0.4605485200881958
86,target,61,-0.8582757115364075,1.1169530153274536,-0.4627307653427124
86,target,62,-0.8543242812156677,1.113603115081787,-0.45784991979599
86,target,63,-0.8530256748199463,1.1121197938919067,-0.465278685092926
87,source,0,-0.8734975457191467,1.0970866680145264,-0.4516932964324951
87,source,1,-0.8691765666007996,1.086604118347168,-0.4517974853515625
87,source,2,-0.864982545375824,1.0868778228759766,-0.44893693923950195
87,source,3,-0.8596599102020264,1.0886690616607666,-0.44830548763275146
87,source,4,-0.8664150238037109,1.0861260890960693,-0.4543929100036621
87,source,5,-0.8661046028137207,1.0897674560546875,-0.450408935546875
87,source,6,-0.8693326711654663,1.0935108661651611,-0.4519827961921692
87,source,7,-0.8719234466552734,1.0922701358795166,-0.45261675119400024
87,source,8,-0.864081859588623,1.0851795673370361,-0.4493885040283203
87,source,9,-0.8698807954788208,1.0935533046722412,-0.44832783937454224
87,source,10,-0.8709467053413391,1.0883457660675049,-0.44740933179855347
87,source,11,-0.8687245845794678,1.0966211557388306,-0.45017051696777344
87,source,12,-0.8691098690032959,1.0922589302062988,-0.4491634964942932
87,source,13,-0.8712981939315796,1.1038525104522705,-0.44285184144973755
87,source,14,-0.8661842942237854,1.0855827331542969,-0.4452393651008606
87,source,15,-0.8684833645820618,1.076606035232544,-0.44468939304351807
87,source,16,-0.8684415817260742,1.0846567153930664,-0.44577914476394653
87,source,17,-0.8623756170272827,1.0800756216049194,-0.4452977776527405
87,source,18,-0.8701351881027222,1.0870968103408813,-0.4494117498397827
87,source,19,-0.8672592639923096,1.0832021236419678,-0.449845552444458
87,source,20,-0.8600568175315857,1.090172529220581,-0.4386380910873413
87,source,21,-0.8658131957054138,1.0806500911712646,-0.44268596172332764
87,source,22,-0.8604657649993896,1.0760011672973633,-0.4369214177131653
87,source,23,-0.8626604676246643,1.079939365386963,-0.4399411082267761
87,source,24,-0.8615309596061707,1.0740110874176025,-0.44353747367858887
87,source,25,-0.8684159517288208,1.0798637866973877,-0.44711828231811523
87,source,26,-0.8594285845756531,1.0848629474639893,-0.44771796464920044
87,source,27,-0.8767592906951904,1.0867849588394165,-0.4485495686531067
87,source,28,-0.8744474649429321,1.08689546585083,-0.44935256242752075
87,source,29,-0.8693597316741943,1.092057466506958,-0.44815772771835327
87,source,30,-0.8716151714324951,1.0957458019256592,-0.44654273986816406
87,source,31,-0.8691389560699463,1.0901660919189453,-0.4471290707588196
87,source,32,-0.8661055564880371,1.0880038738250732,-0.4505987763404846
87,source,33,-0.8648177981376648,1.0881829261779785,-0.4532321095466614
87,source,34,-0.8657525181770325,1.0903949737548828,-0.4511248469352722
87,source,35,-0.8685926198959351,1.0813099145889282,-0.4518623948097229
87,source,36,-0.8777663707733154,1.0933971405029297,-0.4480894207954407
87,source,37,-0.8621841073036194,1.0863147974014282,-0.4436112642288208
87,source,38,-0.8615125417709351,1.0731937885284424,-0.4426441788673401
87,source,39,-0.863217294216156,1.0759789943695068,-0.4423298239707947
87,source,40,-0.868988037109375,1.0880157947540283,-0.4477307200431824
87,source,41,-0.868013322353363,1.0918946266174316,-0.4435872435569763
87,source,42,-0.867766261100769,1.0883007049560547,-0.44570595026016235
87,source,43,-0.8692331314086914,1.0880446434020996,-0.45200902223587036
87,source,44,-0.8584694266319275,1.0810303688049316,-0.4357168674468994
87,source,45,-0.8627730011940002,1.086413025856018,-0.44556158781051636
87,source,46,-0.8707324862480164,1.0898962020874023,-0.44780033826828003
87,source,47,-0.8725824356079102,1.0931134223937988,-0.44512468576431274
87,source,48,-0.860949695110321,1.0906050205230713,-0.44568508863449097
87,source,49,-0.8703592419624329,1.0840508937835693,-0.4457135796546936
87,source,50,-0.8604363799095154,1.0921965837478638,-0.45565110445022583
87,source,51,-0.8642339110374451,1.096848487854004,-0.457422137260437
87,source,52,-0.8570290803909302,1.085707664489746,-0.46132177114486694
87,source,53,-0.8526983261108398,1.0824978351593018,-0.45851248502731323
87,source,54,-0.8659422397613525,1.0951550006866455,-0.46320509910583496
87,source,55,-0.8662964105606079,1.1008288860321045,-0.45494920015335083
87,source,56,-0.8666284084320068,1.099717140197754,-0.45527398586273193
87,source,57,-0.8669927716255188,1.1028485298156738,-0.4557187557220459
87,source,58,-0.8598189353942871,1.0937490463256836,-0.45618200302124023
87,source,59,-0.8651043772697449,1.1014373302459717,-0.4564365744590759
87,source,60,-0.8650827407836914,1.0954993963241577,-0.45575082302093506
87,source,61,-0.8587719202041626,1.0919160842895508,-0.4539520740509033
87,source,62,-0.8647139072418213,1.0937058925628662,-0.4562305808067322
87,source,63,-0.8586623668670654,1.0944255590438843,-0.45156824588775635
87,target,0,-0.8346520066261292,1.1013269424438477,-0.4519559144973755
87,target,1,-0.8653181195259094,1.1410489082336426,-0.44755756855010986
87,target,2,-0.8630342483520508,1.1282964944839478,-0.45164597034454346
87,target,3,-0.854270339012146,1.1092649698257446,-0.45224297046661377
87,target,4,-0.8612092733383179,1.1146793365478516,-0.45444637537002563
87,target,5,-0.8764623999595642,1.1352689266204834,-0.4704556465148926
87,target,6,-0.8756861686706543,1.132524847984314,-0.4589899182319641
87,target,7,-0.8680948615074158,1.1199729442596436,-0.46196985244750977
87,target,8,-0.8714779615402222,1.1201159954071045,-0.4587564468383789
87,target,9,-0.8592304587364197,1.1107275485992432,-0.4646799564361572
87,target,10,-0.8705771565437317,1.1241562366485596,-0.4602971076965332
87,target,11,-0.8642879724502563,1.1243970394134521,-0.454304039478302
87,target,12,-0.8681889176368713,1.1163499355316162,-0.4551474452018738
87,target,13,-0.8585315942764282,1.1060597896575928,-0.45795494318008423
87,target,14,-0.865383505821228,1.113779067993164,-0.46161502599716187
87,target,15,-0.8646443486213684,1.1093814373016357,-0.4595094919204712
87,target,16,-0.8590513467788696,1.1125094890594482,-0.4590938687324524
87,target,17,-0.8696776628494263,1.1296148300170898,-0.4513665437698364
87,target,18,-0.8756338357925415,1.142012119293213,-0.45108741521835327
87,target,19,-0.8657104969024658,1.1257801055908203,-0.4514452815055847
87,target,20,-0.8740049004554749,1.1381585597991943,-0.4547860026359558
87,target,21,-0.8681069612503052,1.125544786453247,-0.4547575116157532
87,target,22,-0.866835355758667,1.1318432092666626,-0.4499815106391907
87,target,23,-0.8674367666244507,1.1241276264190674,-0.4489029049873352
87,target,24,-0.8702168464660645,1.1277694702148438,-0.4497569799423218
87,target,25,-0.8592360019683838,1.1097981929779053,-0.44682037830352783
87,target,26,-0.8626284003257751,1.1202991008758545,-0.4509912133216858
87,target,27,-0.8711373209953308,1.1361727714538574,-0.4441787600517273
87,target,28,-0.8576128482818604,1.1073521375656128,-0.4452246427536011
87,target,29,-0.8643782734870911,1.1141915321350098,-0.45512306690216064
87,target,30,-0.8599161505699158,1.1019773483276367,-0.4527239203453064
87,target,31,-0.8743686079978943,1.1310830116271973,-0.45509541034698486
87,target,32,-0.8768517374992371,1.1278009414672852,-0.4575059413909912
87,target,33,-0.8600454330444336,1.1163685321807861,-0.45218443870544434
87,target,34,-0.8562763333320618,1.1107826232910156,-0.45223647356033325
87,target,35,-0.8469939827919006,1.1064131259918213,-0.4510994553565979
87,target,36,-0.8708537817001343,1.1250851154327393,-0.4573919177055359
87,target,37,-0.8508974313735962,1.1112112998962402,-0.4510146975517273
87,target,38,-0.8624134063720703,1.1125251054763794,-0.4517943859100342
87,target,39,-0.8707143664360046,1.1274044513702393,-0.45030730962753296
87,target,40,-0.8525591492652893,1.1208665370941162,-0.4495645761489868
87,target,41,-0.8509988188743591,1.130773663520813,-0.4462224841117859
87,target,42,-0.8626171946525574,1.1151314973831177,-0.4481172561645508
87,target,43,-0.8561053276062012,1.1104037761688232,-0.4458824396133423
87,target,44,-0.8586009740829468,1.11588454246521,-0.4421100616455078
87,target,45,-0.8542493581771851,1.1092123985290527,-0.4405862092971802
87,target,46,-0.8200461268424988,1.0696008205413818,-0.44106459617614746
87,target,47,-0.8453830480575562,1.1004061698913574,-0.45172685384750366
87,target,48,-0.8369000554084778,1.0973377227783203,-0.4574275612831116
87,target,49,-0.8165118098258972,1.0563404560089111,-0.440365195274353
87,target,50,-0.8472093939781189,1.101699948310852,-0.44356971979141235
87,target,51,-0.8673204183578491,1.1244462728500366,-0.4571356773376465
87,target,52,-0.8603267073631287,1.1138226985931396,-0.4537960886955261
87,target,53,-0.862574577331543,1.1209852695465088,-0.4588937759399414
87,target,54,-0.8659621477127075,1.128617763519287,-0.4545585513114929
87,target,55,-0.8710325956344604,1.1253697872161865,-0.4609310030937195
87,target,56,-0.8677038550376892,1.1258034706115723,-0.45477569103240967
87,target,57,-0.8599433302879333,1.1183958053588867,-0.45611488819122314
87,target,58,-0.8760508894920349,1.1337734460830688,-0.45839858055114746
87,target,59,-0.8606405258178711,1.121521234512329,-0.45608335733413696
87,target,60,-0.8589311838150024,1.118331789970398,-0.4540248513221741
87,target,61,-0.8546907901763916,1.1093251705169678,-0.45671766996383667
87,target,62,-0.8538604974746704,1.1085866689682007,-0.4503759741783142
87,target,63,-0.8509265780448914,1.1050833463668823,-0.45815742015838623
88,source,0,-0.8751566410064697,1.107564926147461,-0.4584043025970459
88,source,1,-0.869265615940094,1.0929476022720337,-0.4596768617630005
88,source,2,-0.8636693954467773,1.0920865535736084,-0.45640242099761963
88,source,3,-0.8573861122131348,1.092743158340454,-0.4556436538696289
88,source,4,-0.8644335269927979,1.0900715589523315,-0.46331971883773804
88,source,5,-0.8660149574279785,1.0968073606491089,-0.4580075740814209
88,source,6,-0.870195746421814,1.1009857654571533,-0.4590042233467102
88,source,7,-0.8725262880325317,1.098915696144104,-0.45955151319503784
88,source,8,-0.8635025024414062,1.0913665294647217,-0.4569130539894104
88,source,9,-0.8715074062347412,1.1017273664474487,-0.4553489685058594
88,source,10,-0.8684467077255249,1.0913559198379517,-0.4545532464981079
88,source,11,-0.8674941658973694,1.1018292903900146,-0.4572261571884155
88,source,12,-0.8683902621269226,1.0974034070968628,-0.45649421215057373
88,source,13,-0.8692284822463989,1.110006332397461,-0.4498767852783203
88,source,14,-0.8653383851051331,1.0906879901885986,-0.4514700770378113
88,source,15,-0.8676924109458923,1.0814317464828491,-0.4534114599227905
88,source,16,-0.8670550584793091,1.0890889167785645,-0.4524765610694885
88,source,17,-0.861907958984375,1.085292100906372,-0.45220792293548584
88,source,18,-0.870143711566925,1.093684434890747,-0.4568908214569092
88,source,19,-0.864991307258606,1.0871601104736328,-0.4577680230140686
88,source,20,-0.8581188917160034,1.0942165851593018,-0.4471149444580078
88,source,21,-0.8656958937644958,1.0857062339782715,-0.45067888498306274
88,source,22,-0.8607652187347412,1.0829545259475708,-0.4443356394767761
88,source,23,-0.862305760383606,1.0852330923080444,-0.4472619891166687
88,source,24,-0.8610450625419617,1.0778629779815674,-0.4515565037727356
88,source,25,-0.867409348487854,1.0832147598266602,-0.4544004797935486
88,source,26,-0.8582574129104614,1.0886977910995483,-0.4542546272277832
88,source,27,-0.8774253129959106,1.091665267944336,-0.45601826906204224
88,source,28,-0.8754021525382996,1.0943293571472168,-0.456720769405365
88,source,29,-0.8677237629890442,1.0961536169052124,-0.45615625381469727
88,source,30,-0.87030428647995,1.1023366451263428,-0.45336657762527466
88,source,31,-0.867661714553833,1.094782829284668,-0.4543797969818115
88,source,32,-0.8639770150184631,1.0926392078399658,-0.45758914947509766
88,source,33,-0.8646361231803894,1.0951807498931885,-0.46124494075775146
88,source,34,-0.8676252365112305,1.0997387170791626,-0.45819365978240967
88,source,35,-0.8687233328819275,1.086249589920044,-0.4586990475654602
88,source,36,-0.8771342039108276,1.099775791168213,-0.4558733105659485
88,source,37,-0.8620792031288147,1.0912175178527832,-0.4503164291381836
88,source,38,-0.8618838787078857,1.077441692352295,-0.45001131296157837
88,source,39,-0.8622477054595947,1.0812032222747803,-0.44971197843551636
88,source,40,-0.8674787878990173,1.091031551361084,-0.455860435962677
88,source,41,-0.8673772811889648,1.096259355545044,-0.45062899589538574
88,source,42,-0.8672971129417419,1.0921878814697266,-0.4525339603424072
88,source,43,-0.8688055276870728,1.092850685119629,-0.4603651165962219
88,source,44,-0.8569959402084351,1.0846741199493408,-0.44234806299209595
88,source,45,-0.86076420545578,1.0892294645309448,-0.45246243476867676
88,source,46,-0.8699767589569092,1.093306064605713,-0.4550800323486328
88,source,47,-0.8734085559844971,1.1020671129226685,-0.45155006647109985
88,source,48,-0.8590752482414246,1.0941035747528076,-0.4526734948158264
88,source,49,-0.8690093755722046,1.0888123512268066,-0.4544653296470642
88,source,50,-0.8591218590736389,1.0971596240997314,-0.46412044763565063
88,source,51,-0.8630473613739014,1.1024965047836304,-0.4665936231613159
88,source,52,-0.8557332754135132,1.0916141271591187,-0.4705756902694702
88,source,53,-0.8516894578933716,1.0882823467254639,-0.4675912857055664
88,source,54,-0.8648616671562195,1.100428581237793,-0.47256869077682495
88,source,55,-0.864116370677948,1.1060664653778076,-0.46498507261276245
88,source,56,-0.8644503951072693,1.1052403450012207,-0.4652734398841858
88,source,57,-0.8650878071784973,1.1076343059539795,-0.46599477529525757
88,source,58,-0.8582071661949158,1.0995150804519653,-0.46584969758987427
88,source,59,-0.8635007739067078,1.107769250869751,-0.46563369035720825
88,source,60,-0.8653258681297302,1.1018476486206055,-0.46579569578170776
88,source,61,-0.8581358790397644,1.0978751182556152,-0.4629185199737549
88,source,62,-0.8615355491638184,1.0971688032150269,-0.4659110903739929
88,source,63,-0.8565034866333008,1.0994771718978882,-0.46077048778533936
88,target,0,-0.8366285562515259,1.1075289249420166,-0.460488498210907
88,target,1,-0.8675863742828369,1.1501480340957642,-0.45663195848464966
88,target,2,-0.8625603318214417,1.134719729423523,-0.4609873294830322
88,target,3,-0.8553054332733154,1.115027666091919,-0.46135133504867554
88,target,4,-0.8604003190994263,1.1212618350982666,-0.4635384678840637
88,target,5,-0.876106321811676,1.1404346227645874,-0.4775070548057556
88,target,6,-0.8764569759368896,1.1396141052246094,-0.46617281436920166
88,target,7,-0.8695639371871948,1.1276746988296509,-0.46857279539108276
88,target,8,-0.8722500801086426,1.127331018447876,-0.4664043188095093
88,target,9,-0.8603734970092773,1.119277000427246,-0.47240352630615234
88,target,10,-0.8720687627792358,1.1327866315841675,-0.4676257371902466
88,target,11,-0.8655416965484619,1.132112741470337,-0.4627191424369812
88,target,12,-0.8688055276870728,1.1222724914550781,-0.4625532031059265
88,target,13,-0.858788013458252,1.1110024452209473,-0.46654319763183594
88,target,14,-0.865347683429718,1.1203341484069824,-0.4702231287956238
88,target,15,-0.8639360666275024,1.1144099235534668,-0.46727049350738525
88,target,16,-0.8579012751579285,1.1161710023880005,-0.4671185612678528
88,target,17,-0.8705931901931763,1.1366487741470337,-0.4589223861694336
88,target,18,-0.8757800459861755,1.1489136219024658,-0.4583914279937744
88,target,19,-0.86790931224823,1.134387731552124,-0.4588468074798584
88,target,20,-0.8739787936210632,1.1466169357299805,-0.46167027950286865
88,target,21,-0.8678584098815918,1.132601261138916,-0.4623603820800781
88,target,22,-0.8680216670036316,1.1385886669158936,-0.45688825845718384
88,target,23,-0.8676146268844604,1.1321810483932495,-0.4567890167236328
88,target,24,-0.8710724115371704,1.1359926462173462,-0.4594078063964844
88,target,25,-0.8600947856903076,1.116837501525879,-0.45583826303482056
88,target,26,-0.8638991713523865,1.1276928186416626,-0.45918744802474976
88,target,27,-0.8744713068008423,1.144453763961792,-0.45256733894348145
88,target,28,-0.8585745096206665,1.1116588115692139,-0.45288538932800293
88,target,29,-0.8647477626800537,1.119842529296875,-0.4633505940437317
88,target,30,-0.8556005954742432,1.1002737283706665,-0.46248680353164673
88,target,31,-0.8751449584960938,1.1389601230621338,-0.4638024568557739
88,target,32,-0.87636399269104,1.1351432800292969,-0.46563297510147095
88,target,33,-0.8582920432090759,1.1242387294769287,-0.46004194021224976
88,target,34,-0.856063723564148,1.1159331798553467,-0.46090269088745117
88,target,35,-0.8484479188919067,1.1153640747070312,-0.46027690172195435
88,target,36,-0.8697982430458069,1.130713701248169,-0.4655156135559082
88,target,37,-0.8498668670654297,1.1157948970794678,-0.4594786763191223
88,target,38,-0.8639206886291504,1.1204344034194946,-0.4585091471672058
88,target,39,-0.8714739084243774,1.1330971717834473,-0.4586566090583801
88,target,40,-0.8534183502197266,1.1288135051727295,-0.4567347764968872
88,target,41,-0.8518306016921997,1.137080192565918,-0.4535122513771057
88,target,42,-0.8599189519882202,1.1199021339416504,-0.4542731046676636
88,target,43,-0.8567287921905518,1.1167566776275635,-0.45113980770111084
88,target,44,-0.8547849059104919,1.1210076808929443,-0.44800859689712524
88,target,45,-0.8522480130195618,1.1133856773376465,-0.4457535147666931
88,target,46,-0.8175289630889893,1.0681829452514648,-0.4531821012496948
88,target,47,-0.8468888401985168,1.1053155660629272,-0.4594199061393738
88,target,48,-0.8383826017379761,1.1028615236282349,-0.4658287763595581
88,target,49,-0.8159788846969604,1.0556824207305908,-0.4508436918258667
88,target,50,-0.845636248588562,1.1040349006652832,-0.4544256925582886
88,target,51,-0.8698588609695435,1.1334391832351685,-0.46495193243026733
88,target,52,-0.8641160726547241,1.1218727827072144,-0.46221721172332764
88,target,53,-0.8650078177452087,1.1291780471801758,-0.46769386529922485
88,target,54,-0.8684088587760925,1.136082649230957,-0.46198534965515137
88,target,55,-0.8738330602645874,1.1348316669464111,-0.46882164478302
88,target,56,-0.8702017664909363,1.1331465244293213,-0.46300745010375977
88,target,57,-0.862772524356842,1.1262660026550293,-0.4644036889076233
88,target,58,-0.8772079944610596,1.1409659385681152,-0.46630650758743286
88,target,59,-0.8653864860534668,1.1309211254119873,-0.46450191736221313
88,target,60,-0.8625222444534302,1.1268525123596191,-0.46255725622177124
88,target,61,-0.8573513031005859,1.1173417568206787,-0.4649536609649658
88,target,62,-0.8549399375915527,1.1157536506652832,-0.45967334508895874
88,target,63,-0.8537571430206299,1.1120929718017578,-0.46694713830947876
89,source,0,-0.8713043332099915,1.1078813076019287,-0.4604957699775696
89,source,1,-0.8640223145484924,1.0929555892944336,-0.4618164896965027
89,source,2,-0.8597012758255005,1.0945591926574707,-0.4578351378440857
89,source,3,-0.8550483584403992,1.09750497341156,-0.45798712968826294
89,source,4,-0.8608054518699646,1.0904302597045898,-0.4659309983253479
89,source,5,-0.8619606494903564,1.098578929901123,-0.4604204297065735
89,source,6,-0.8665406703948975,1.1017377376556396,-0.46188199520111084
89,source,7,-0.8664516806602478,1.0989806652069092,-0.4625111222267151
89,source,8,-0.8593271374702454,1.0910074710845947,-0.45938289165496826
89,source,9,-0.8669260740280151,1.102144479751587,-0.4578922986984253
89,source,10,-0.8667986989021301,1.0949136018753052,-0.45679962635040283
89,source,11,-0.862701416015625,1.1020474433898926,-0.45938414335250854
89,source,12,-0.8638083934783936,1.0964229106903076,-0.45845258235931396
89,source,13,-0.8668680191040039,1.1122868061065674,-0.45276135206222534
89,source,14,-0.8626561164855957,1.0935380458831787,-0.45378953218460083
89,source,15,-0.8642016649246216,1.0834295749664307,-0.4558340907096863
89,source,16,-0.8637748956680298,1.0902198553085327,-0.4552486538887024
89,source,17,-0.8582680225372314,1.0869122743606567,-0.4552663564682007
89,source,18,-0.867490828037262,1.0951488018035889,-0.45918673276901245
89,source,19,-0.8627377152442932,1.0902009010314941,-0.46046626567840576
89,source,20,-0.8575128316879272,1.1005479097366333,-0.44881731271743774
89,source,21,-0.8622462153434753,1.0910972356796265,-0.45277565717697144
89,source,22,-0.8575147986412048,1.0883193016052246,-0.4458789825439453
89,source,23,-0.860040009021759,1.0892720222473145,-0.4484483599662781
89,source,24,-0.8584349155426025,1.0830475091934204,-0.45369040966033936
89,source,25,-0.8643054366111755,1.0852000713348389,-0.4568844437599182
89,source,26,-0.8559293150901794,1.09309720993042,-0.4566153883934021
89,source,27,-0.8721026182174683,1.0904120206832886,-0.45995795726776123
89,source,28,-0.871423602104187,1.095613718032837,-0.45840317010879517
89,source,29,-0.8631305694580078,1.0965845584869385,-0.4590177536010742
89,source,30,-0.8671479225158691,1.1046587228775024,-0.4556124210357666
89,source,31,-0.8649919629096985,1.0997297763824463,-0.45673948526382446
89,source,32,-0.8607041239738464,1.0966622829437256,-0.4593152403831482
89,source,33,-0.8605061769485474,1.0962693691253662,-0.4635794758796692
89,source,34,-0.8635068535804749,1.0989601612091064,-0.460735559463501
89,source,35,-0.8663809895515442,1.089268445968628,-0.46016234159469604
89,source,36,-0.8727236986160278,1.1014654636383057,-0.4586595296859741
89,source,37,-0.8594484329223633,1.094731092453003,-0.45351463556289673
89,source,38,-0.8586410284042358,1.080114483833313,-0.4521070718765259
89,source,39,-0.8599045276641846,1.0855116844177246,-0.4509979486465454
89,source,40,-0.862740159034729,1.0914075374603271,-0.4591045379638672
89,source,41,-0.8632344007492065,1.098602294921875,-0.45290303230285645
89,source,42,-0.8625638484954834,1.093919038772583,-0.4551892876625061
89,source,43,-0.8650046586990356,1.0939103364944458,-0.4629521369934082
89,source,44,-0.8558390736579895,1.0914771556854248,-0.44518911838531494
89,source,45,-0.8581455945968628,1.0933618545532227,-0.45508313179016113
89,source,46,-0.8647226095199585,1.0942013263702393,-0.45783329010009766
89,source,47,-0.8687065243721008,1.1023057699203491,-0.454032301902771
89,source,48,-0.8563717603683472,1.0969998836517334,-0.45552027225494385
89,source,49,-0.8649123311042786,1.0906826257705688,-0.4562467336654663
89,source,50,-0.8546725511550903,1.0962517261505127,-0.4663720726966858
89,source,51,-0.8577607274055481,1.099032998085022,-0.46943211555480957
89,source,52,-0.8522528409957886,1.090364933013916,-0.47298115491867065
89,source,53,-0.8481600284576416,1.0888954401016235,-0.47051936388015747
89,source,54,-0.8616788387298584,1.1001155376434326,-0.47568804025650024
89,source,55,-0.859351396560669,1.104507565498352,-0.4671299457550049
89,source,56,-0.8604764938354492,1.1045260429382324,-0.46740472316741943
89,source,57,-0.860595166683197,1.105872392654419,-0.4686673879623413
89,source,58,-0.8546242713928223,1.098719596862793,-0.46809208393096924
89,source,59,-0.8591243028640747,1.105623483657837,-0.46819132566452026
89,source,60,-0.8629791736602783,1.1014947891235352,-0.4682057499885559
89,source,61,-0.8548012971878052,1.0975885391235352,-0.46632200479507446
89,source,62,-0.8581799268722534,1.0965378284454346,-0.4687688946723938
89,source,63,-0.8517690300941467,1.0980255603790283,-0.46479201316833496
89,target,0,-0.8333995938301086,1.110703945159912,-0.4640517234802246
89,target,1,-0.8630922436714172,1.1505944728851318,-0.4590674638748169
89,target,2,-0.8569429516792297,1.135661005973816,-0.46420133113861084
89,target,3,-0.8506361246109009,1.1161274909973145,-0.463481068611145
89,target,4,-0.8566620349884033,1.1197936534881592,-0.4673444628715515
89,target,5,-0.8751775026321411,1.140526533126831,-0.4789859652519226
89,target,6,-0.8749553561210632,1.1403001546859741,-0.4690951108932495
89,target,7,-0.8656854629516602,1.1264742612838745,-0.4706677794456482
89,target,8,-0.8683472275733948,1.1251075267791748,-0.4686489701271057
89,target,9,-0.8578392267227173,1.1185532808303833,-0.4766957759857178
89,target,10,-0.8707423210144043,1.134730577468872,-0.4715076684951782
89,target,11,-0.863071620464325,1.1330881118774414,-0.46643948554992676
89,target,12,-0.8665594458580017,1.1259384155273438,-0.4663604497909546
89,target,13,-0.8547348380088806,1.1119110584259033,-0.4685545563697815
89,target,14,-0.8624330759048462,1.1211957931518555,-0.47309553623199463
89,target,15,-0.8605786561965942,1.1161267757415771,-0.4704309105873108
89,target,16,-0.8555886149406433,1.1178886890411377,-0.4700329899787903
89,target,17,-0.8672966361045837,1.137740135192871,-0.4627869725227356
89,target,18,-0.8736660480499268,1.1489956378936768,-0.4621952772140503
89,target,19,-0.8651466369628906,1.1359081268310547,-0.4614747166633606
89,target,20,-0.8729569911956787,1.1469385623931885,-0.46547043323516846
89,target,21,-0.863798975944519,1.130059003829956,-0.4656258225440979
89,target,22,-0.8670406937599182,1.1414198875427246,-0.4610273838043213
89,target,23,-0.8654512166976929,1.1344444751739502,-0.46021610498428345
89,target,24,-0.8671245574951172,1.1354200839996338,-0.46219295263290405
89,target,25,-0.856768012046814,1.1196871995925903,-0.4586905241012573
89,target,26,-0.8581234812736511,1.1276053190231323,-0.46163827180862427
89,target,27,-0.8703843355178833,1.1454262733459473,-0.4557681083679199
89,target,28,-0.8544571995735168,1.1117870807647705,-0.4577893018722534
89,target,29,-0.8596116900444031,1.117781639099121,-0.4665963649749756
89,target,30,-0.8519898056983948,1.1026732921600342,-0.4634670615196228
89,target,31,-0.8720716238021851,1.1380462646484375,-0.46768832206726074
89,target,32,-0.8742156624794006,1.136225938796997,-0.46853744983673096
89,target,33,-0.8554567098617554,1.123862385749817,-0.46590912342071533
89,target,34,-0.8507121205329895,1.116436243057251,-0.4642001986503601
89,target,35,-0.845217764377594,1.1166691780090332,-0.46466416120529175
89,target,36,-0.866939902305603,1.1305320262908936,-0.4704742431640625
89,target,37,-0.8474353551864624,1.1174174547195435,-0.4653739333152771
89,target,38,-0.861262321472168,1.1246631145477295,-0.4638553261756897
89,target,39,-0.8682348728179932,1.13502836227417,-0.46389633417129517
89,target,40,-0.8520908355712891,1.1310477256774902,-0.46133220195770264
89,target,41,-0.8517168164253235,1.1420390605926514,-0.4566606283187866
89,target,42,-0.8573226928710938,1.1231791973114014,-0.4575425982475281
89,target,43,-0.8547138571739197,1.119762897491455,-0.4536347985267639
89,target,44,-0.8531056046485901,1.1232109069824219,-0.44932299852371216
89,target,45,-0.8503239154815674,1.1168107986450195,-0.44767045974731445
89,target,46,-0.8147724270820618,1.0691697597503662,-0.45284926891326904
89,target,47,-0.8427047729492188,1.10670804977417,-0.46167290210723877
89,target,48,-0.8341840505599976,1.1036949157714844,-0.4688446521759033
89,target,49,-0.811849057674408,1.0593090057373047,-0.4523356556892395
89,target,50,-0.8421183824539185,1.1016311645507812,-0.455333948135376
89,target,51,-0.8660081624984741,1.135493278503418,-0.4669594168663025
89,target,52,-0.8590874671936035,1.120812177658081,-0.46475720405578613
89,target,53,-0.8631226420402527,1.1318955421447754,-0.4702925682067871
89,target,54,-0.863767147064209,1.1370363235473633,-0.46556174755096436
89,target,55,-0.8695507049560547,1.1337826251983643,-0.4723445773124695
89,target,56,-0.8650703430175781,1.131537675857544,-0.4653230905532837
89,target,57,-0.8582428693771362,1.125884771347046,-0.4669625163078308
89,target,58,-0.8754151463508606,1.1415148973464966,-0.4693339467048645
89,target,59,-0.8621070981025696,1.1318943500518799,-0.4669432044029236
89,target,60,-0.8575401306152344,1.1257050037384033,-0.4658139944076538
89,target,61,-0.8535796403884888,1.116243839263916,-0.4680188298225403
89,target,62,-0.8490923643112183,1.1136713027954102,-0.4634658098220825
89,target,63,-0.8494266271591187,1.1125249862670898,-0.4697842001914978
90,source,0,-0.8727903366088867,1.1053440570831299,-0.458871066570282
90,source,1,-0.8679878115653992,1.0944936275482178,-0.4603113532066345
90,source,2,-0.8634830713272095,1.092555284500122,-0.45777589082717896
90,source,3,-0.8590402603149414,1.095855474472046,-0.45705240964889526
90,source,4,-0.865105926990509,1.0924053192138672,-0.4639880657196045
90,source,5,-0.8648173809051514,1.0974987745285034,-0.4583614468574524
90,source,6,-0.8703624606132507,1.10256028175354,-0.4605090618133545
90,source,7,-0.8705937266349792,1.1002936363220215,-0.46102672815322876
90,source,8,-0.8623993396759033,1.0906202793121338,-0.4577518701553345
90,source,9,-0.8702794313430786,1.1010262966156006,-0.45666587352752686
90,source,10,-0.8693822026252747,1.0945473909378052,-0.45618605613708496
90,source,11,-0.8680143356323242,1.1023982763290405,-0.4599218964576721
90,source,12,-0.8688918352127075,1.0989317893981934,-0.45844489336013794
90,source,13,-0.871045708656311,1.111110806465149,-0.45264124870300293
90,source,14,-0.8641490936279297,1.092055082321167,-0.45302706956863403
90,source,15,-0.8665723204612732,1.084427833557129,-0.4530079960823059
90,source,16,-0.8672271966934204,1.0911343097686768,-0.454703152179718
90,source,17,-0.8627004027366638,1.086918592453003,-0.4545694589614868
90,source,18,-0.8707324862480164,1.0955567359924316,-0.4584568738937378
90,source,19,-0.8654375672340393,1.0896620750427246,-0.4583492875099182
90,source,20,-0.8599627017974854,1.0979492664337158,-0.44818389415740967
90,source,21,-0.8646059036254883,1.0882010459899902,-0.45069360733032227
90,source,22,-0.8603124022483826,1.0843758583068848,-0.44480329751968384
90,source,23,-0.8618003726005554,1.088521957397461,-0.44703519344329834
90,source,24,-0.8611843585968018,1.081726312637329,-0.45132994651794434
90,source,25,-0.8653978705406189,1.0845108032226562,-0.45404964685440063
90,source,26,-0.8579185605049133,1.0918786525726318,-0.4535711407661438
90,source,27,-0.8758293986320496,1.0927094221115112,-0.4577690362930298
90,source,28,-0.8742271065711975,1.0961015224456787,-0.45691192150115967
90,source,29,-0.8679018020629883,1.097164273262024,-0.4571548104286194
90,source,30,-0.8709697723388672,1.1056883335113525,-0.45539766550064087
90,source,31,-0.8688735961914062,1.0984201431274414,-0.4564248323440552
90,source,32,-0.8655307292938232,1.0965616703033447,-0.4590691328048706
90,source,33,-0.8646161556243896,1.0959101915359497,-0.46248120069503784
90,source,34,-0.8659613132476807,1.0988115072250366,-0.4588330388069153
90,source,35,-0.8679951429367065,1.0870754718780518,-0.45905739068984985
90,source,36,-0.875960111618042,1.1011419296264648,-0.45717406272888184
90,source,37,-0.861655592918396,1.092974066734314,-0.4505094289779663
90,source,38,-0.8597011566162109,1.0782036781311035,-0.4505212903022766
90,source,39,-0.8620728850364685,1.0837289094924927,-0.44947683811187744
90,source,40,-0.8647043108940125,1.0928406715393066,-0.45649832487106323
90,source,41,-0.8645846843719482,1.0976649522781372,-0.4525322914123535
90,source,42,-0.8642176985740662,1.0947539806365967,-0.4546625018119812
90,source,43,-0.866972029209137,1.0946943759918213,-0.46046268939971924
90,source,44,-0.8579721450805664,1.0875356197357178,-0.4423081874847412
90,source,45,-0.8611823320388794,1.091755986213684,-0.4544297456741333
90,source,46,-0.8692328929901123,1.0957849025726318,-0.45722121000289917
90,source,47,-0.8719481229782104,1.1009190082550049,-0.4531267285346985
90,source,48,-0.8595179319381714,1.0962090492248535,-0.45355963706970215
90,source,49,-0.8675587177276611,1.090817928314209,-0.4540068507194519
90,source,50,-0.8560494780540466,1.0960196256637573,-0.46288174390792847
90,source,51,-0.8603560328483582,1.1005637645721436,-0.46552038192749023
90,source,52,-0.8547250628471375,1.0921196937561035,-0.46917372941970825
90,source,53,-0.8511478900909424,1.0893778800964355,-0.46683335304260254
90,source,54,-0.8630186319351196,1.1011333465576172,-0.4713079333305359
90,source,55,-0.8618921041488647,1.1056208610534668,-0.4634482264518738
90,source,56,-0.8632590770721436,1.1063040494918823,-0.4634741544723511
90,source,57,-0.8631608486175537,1.1079871654510498,-0.4647670388221741
90,source,58,-0.8574174046516418,1.1004890203475952,-0.46406620740890503
90,source,59,-0.8609942197799683,1.1052086353302002,-0.4647008180618286
90,source,60,-0.8620535135269165,1.0998449325561523,-0.4642729163169861
90,source,61,-0.8571261167526245,1.0969607830047607,-0.4622722268104553
90,source,62,-0.8608372807502747,1.0959711074829102,-0.4641609787940979
90,source,63,-0.85357666015625,1.097893238067627,-0.45960336923599243
90,target,0,-0.8322274088859558,1.1099095344543457,-0.4586513638496399
90,target,1,-0.8621891140937805,1.1492401361465454,-0.4546471834182739
90,target,2,-0.859816312789917,1.1359519958496094,-0.4587423801422119
90,target,3,-0.8533579111099243,1.120434284210205,-0.4589371085166931
90,target,4,-0.8584804534912109,1.120145320892334,-0.4622924327850342
90,target,5,-0.8705024123191833,1.136355996131897,-0.4775456190109253
90,target,6,-0.8731846213340759,1.1389355659484863,-0.4641733765602112
90,target,7,-0.8646348118782043,1.1266145706176758,-0.4664173722267151
90,target,8,-0.868398904800415,1.124896764755249,-0.46442556381225586
90,target,9,-0.854706346988678,1.1164593696594238,-0.4712696671485901
90,target,10,-0.8660317063331604,1.1314382553100586,-0.4657701849937439
90,target,11,-0.8596733808517456,1.1290686130523682,-0.4622098207473755
90,target,12,-0.8640449047088623,1.1226236820220947,-0.460959255695343
90,target,13,-0.8552644848823547,1.1131407022476196,-0.46564412117004395
90,target,14,-0.8617700338363647,1.1216166019439697,-0.46968358755111694
90,target,15,-0.8613099455833435,1.117437720298767,-0.4659271240234375
90,target,16,-0.8557111620903015,1.120059847831726,-0.465920090675354
90,target,17,-0.8665024042129517,1.1355528831481934,-0.45831334590911865
90,target,18,-0.8719065189361572,1.1446659564971924,-0.45728445053100586
90,target,19,-0.8637509346008301,1.1339493989944458,-0.45649421215057373
90,target,20,-0.8709701299667358,1.1442062854766846,-0.4608438014984131
90,target,21,-0.8654927015304565,1.1309517621994019,-0.46093958616256714
90,target,22,-0.8638666868209839,1.1363054513931274,-0.4564207196235657
90,target,23,-0.8636766672134399,1.1326605081558228,-0.4548928141593933
90,target,24,-0.8669043183326721,1.133634090423584,-0.4574151635169983
90,target,25,-0.8557528257369995,1.1181584596633911,-0.4532243013381958
90,target,26,-0.8588274717330933,1.1277599334716797,-0.456939160823822
90,target,27,-0.8693260550498962,1.1450272798538208,-0.450184166431427
90,target,28,-0.8561595678329468,1.1158747673034668,-0.4518051743507385
90,target,29,-0.8614323735237122,1.1216034889221191,-0.4620174765586853
90,target,30,-0.856797993183136,1.1068137884140015,-0.4587096571922302
90,target,31,-0.8710545301437378,1.1368637084960938,-0.46252137422561646
90,target,32,-0.8750364184379578,1.1365193128585815,-0.4633547067642212
90,target,33,-0.8579185605049133,1.1230900287628174,-0.4598376154899597
90,target,34,-0.8557828664779663,1.1200871467590332,-0.4586527347564697
90,target,35,-0.8464924693107605,1.1150093078613281,-0.45945650339126587
90,target,36,-0.8671756982803345,1.129207730293274,-0.46619313955307007
90,target,37,-0.8484815359115601,1.116631269454956,-0.4589223265647888
90,target,38,-0.8610328435897827,1.1211447715759277,-0.4589405655860901
90,target,39,-0.8682343363761902,1.132105827331543,-0.45803970098495483
90,target,40,-0.8486321568489075,1.1263401508331299,-0.45652443170547485
90,target,41,-0.8478888273239136,1.1368417739868164,-0.45210564136505127
90,target,42,-0.8589907288551331,1.1213107109069824,-0.4549616575241089
90,target,43,-0.856351375579834,1.1174116134643555,-0.45180845260620117
90,target,44,-0.8559166789054871,1.1229408979415894,-0.4487987756729126
90,target,45,-0.853721022605896,1.1166367530822754,-0.44610297679901123
90,target,46,-0.8141836524009705,1.069936990737915,-0.4506263732910156
90,target,47,-0.8416454792022705,1.1065864562988281,-0.4586804509162903
90,target,48,-0.8337365984916687,1.103424072265625,-0.46552950143814087
90,target,49,-0.8111465573310852,1.0601755380630493,-0.4503247141838074
90,target,50,-0.8434376120567322,1.103800654411316,-0.4514191150665283
90,target,51,-0.8651707172393799,1.1322773694992065,-0.4633945822715759
90,target,52,-0.8590165376663208,1.1212023496627808,-0.4609478712081909
90,target,53,-0.8601756691932678,1.1297111511230469,-0.4654271602630615
90,target,54,-0.8624715209007263,1.1365466117858887,-0.4610685706138611
90,target,55,-0.8677694201469421,1.1336100101470947,-0.46798861026763916
90,target,56,-0.8635724186897278,1.131889820098877,-0.46227771043777466
90,target,57,-0.857214093208313,1.125826120376587,-0.4624425172805786
90,target,58,-0.8742097616195679,1.1428372859954834,-0.46502381563186646
90,target,59,-0.8593268394470215,1.1304411888122559,-0.46300244331359863
90,target,60,-0.8575698137283325,1.1266865730285645,-0.46098554134368896
90,target,61,-0.8539456129074097,1.1182081699371338,-0.46329885721206665
90,target,62,-0.8519635200500488,1.1162116527557373,-0.4577481746673584
90,target,63,-0.8491696119308472,1.1113250255584717,-0.4653782248497009
91,source,0,-0.8707440495491028,1.1042475700378418,-0.45860379934310913
91,source,1,-0.8625809550285339,1.0878328084945679,-0.45952409505844116
91,source,2,-0.8576897382736206,1.0890929698944092,-0.45660752058029175
91,source,3,-0.854659914970398,1.0916889905929565,-0.4557223916053772
91,source,4,-0.8589311838150024,1.084712266921997,-0.46377432346343994
91,source,5,-0.8600565195083618,1.090824842453003,-0.45778167247772217
91,source,6,-0.8653056621551514,1.095930576324463,-0.45787543058395386
91,source,7,-0.8671278357505798,1.0932793617248535,-0.45940423011779785
91,source,8,-0.8589016795158386,1.0836490392684937,-0.4552209973335266
91,source,9,-0.8657004833221436,1.0935077667236328,-0.45585882663726807
91,source,10,-0.8646699786186218,1.0890003442764282,-0.45427900552749634
91,source,11,-0.8642051219940186,1.0976240634918213,-0.45634347200393677
91,source,12,-0.8651454448699951,1.0909841060638428,-0.4555458426475525
91,source,13,-0.8683779239654541,1.1028687953948975,-0.45173031091690063
91,source,14,-0.8599854707717896,1.0850768089294434,-0.4518911838531494
91,source,15,-0.86103755235672,1.0778350830078125,-0.45285719633102417
91,source,16,-0.863766610622406,1.0861819982528687,-0.4532601237297058
91,source,17,-0.8610180616378784,1.0823240280151367,-0.45156872272491455
91,source,18,-0.867759108543396,1.0906174182891846,-0.4558279514312744
91,source,19,-0.8593578934669495,1.0812989473342896,-0.4571163058280945
91,source,20,-0.8555719256401062,1.0946719646453857,-0.44637274742126465
91,source,21,-0.8582277894020081,1.0846645832061768,-0.4479181170463562
91,source,22,-0.8548332452774048,1.0812748670578003,-0.44255685806274414
91,source,23,-0.8602877855300903,1.0853863954544067,-0.44397294521331787
91,source,24,-0.8570019006729126,1.0775693655014038,-0.4497273564338684
91,source,25,-0.8609352707862854,1.0761094093322754,-0.452328085899353
91,source,26,-0.8532229065895081,1.086035966873169,-0.4531601071357727
91,source,27,-0.8730308413505554,1.086329460144043,-0.4566023349761963
91,source,28,-0.8701960444450378,1.0917797088623047,-0.45239490270614624
91,source,29,-0.8639176487922668,1.0903412103652954,-0.45668625831604004
91,source,30,-0.8669726252555847,1.1009297370910645,-0.45223331451416016
91,source,31,-0.8659085631370544,1.0935406684875488,-0.4556703567504883
91,source,32,-0.8609894514083862,1.0921556949615479,-0.4577292799949646
91,source,33,-0.861621618270874,1.0913759469985962,-0.4606354832649231
91,source,34,-0.8612626791000366,1.0935511589050293,-0.4571869373321533
91,source,35,-0.8616364002227783,1.0786590576171875,-0.45599305629730225
91,source,36,-0.8733925819396973,1.0944311618804932,-0.45636188983917236
91,source,37,-0.8579709529876709,1.089322566986084,-0.4494999051094055
91,source,38,-0.855180561542511,1.0712240934371948,-0.448550820350647
91,source,39,-0.857807993888855,1.079442024230957,-0.4481056332588196
91,source,40,-0.8579578399658203,1.0823414325714111,-0.45396560430526733
91,source,41,-0.8592990040779114,1.0880744457244873,-0.4508233666419983
91,source,42,-0.8589470982551575,1.0849802494049072,-0.4520282745361328
91,source,43,-0.861565351486206,1.0830528736114502,-0.46016401052474976
91,source,44,-0.8516610860824585,1.0844438076019287,-0.4414599537849426
91,source,45,-0.8574870824813843,1.0861778259277344,-0.4519057869911194
91,source,46,-0.8652787208557129,1.088476300239563,-0.45595890283584595
91,source,47,-0.867142915725708,1.0978608131408691,-0.45280998945236206
91,source,48,-0.853930652141571,1.0901539325714111,-0.451646625995636
91,source,49,-0.8614689707756042,1.082632303237915,-0.45250004529953003
91,source,50,-0.8534547686576843,1.0929114818572998,-0.462181031703949
91,source,51,-0.8560869097709656,1.0932081937789917,-0.465572714805603
91,source,52,-0.8484749794006348,1.0850938558578491,-0.47146064043045044
91,source,53,-0.8453574180603027,1.0850688219070435,-0.4703220725059509
91,source,54,-0.857216477394104,1.0944231748580933,-0.47266167402267456
91,source,55,-0.85767662525177,1.1019771099090576,-0.46475791931152344
91,source,56,-0.8582209944725037,1.100284218788147,-0.46448373794555664
91,source,57,-0.857774555683136,1.101458191871643,-0.46606284379959106
91,source,58,-0.8522406816482544,1.0954242944717407,-0.4641396403312683
91,source,59,-0.8555357456207275,1.0998066663742065,-0.46573787927627563
91,source,60,-0.8591184020042419,1.097055435180664,-0.4647639989852905
91,source,61,-0.8510855436325073,1.0931859016418457,-0.46566909551620483
91,source,62,-0.856438398361206,1.0898054838180542,-0.4655371308326721
91,source,63,-0.8488610982894897,1.0898292064666748,-0.4626351594924927
91,target,0,-0.8284260034561157,1.107762098312378,-0.4557713270187378
91,target,1,-0.8598811030387878,1.1478652954101562,-0.45056742429733276
91,target,2,-0.8530591726303101,1.127823829650879,-0.4585517644882202
91,target,3,-0.8492499589920044,1.1141266822814941,-0.4571913480758667
91,target,4,-0.8522937893867493,1.115879774093628,-0.46163225173950195
91,target,5,-0.8627772331237793,1.1317631006240845,-0.47630035877227783
91,target,6,-0.865218997001648,1.1360514163970947,-0.4648279547691345
91,target,7,-0.8579890727996826,1.122298002243042,-0.46696484088897705
91,target,8,-0.8598991632461548,1.117929220199585,-0.46550118923187256
91,target,9,-0.8499622344970703,1.1127676963806152,-0.47090470790863037
91,target,10,-0.8600143194198608,1.128589391708374,-0.4663240909576416
91,target,11,-0.8518882393836975,1.1247947216033936,-0.4610692858695984
91,target,12,-0.8571006059646606,1.1196550130844116,-0.46199893951416016
91,target,13,-0.8503009676933289,1.1056015491485596,-0.4635006785392761
91,target,14,-0.8544064164161682,1.1132413148880005,-0.4689561128616333
91,target,15,-0.8546123504638672,1.1096843481063843,-0.4657607674598694
91,target,16,-0.8479090332984924,1.1114808320999146,-0.46456581354141235
91,target,17,-0.8609234094619751,1.135261058807373,-0.45673370361328125
91,target,18,-0.8669186234474182,1.1439476013183594,-0.4566571116447449
91,target,19,-0.862353503704071,1.1360187530517578,-0.45477330684661865
91,target,20,-0.8661349415779114,1.1429719924926758,-0.45936906337738037
91,target,21,-0.8538640737533569,1.1247984170913696,-0.4629843235015869
91,target,22,-0.8600664138793945,1.1385655403137207,-0.4537516236305237
91,target,23,-0.8615554571151733,1.1328470706939697,-0.4527395963668823
91,target,24,-0.8604395985603333,1.1328959465026855,-0.4583193063735962
91,target,25,-0.852247416973114,1.1151187419891357,-0.4501940608024597
91,target,26,-0.8556486964225769,1.1253931522369385,-0.45564836263656616
91,target,27,-0.8681232929229736,1.1462490558624268,-0.44683098793029785
91,target,28,-0.8518862724304199,1.1103689670562744,-0.4512416124343872
91,target,29,-0.8570737838745117,1.1149511337280273,-0.4607149362564087
91,target,30,-0.8522733449935913,1.0981099605560303,-0.45737743377685547
91,target,31,-0.8667659163475037,1.132213830947876,-0.46236419677734375
91,target,32,-0.8695310354232788,1.1309354305267334,-0.46285223960876465
91,target,33,-0.8512464165687561,1.1174026727676392,-0.46216970682144165
91,target,34,-0.8498748540878296,1.1118438243865967,-0.45943284034729004
91,target,35,-0.8390874862670898,1.1103229522705078,-0.4619571566581726
91,target,36,-0.8594289422035217,1.1250264644622803,-0.46713680028915405
91,target,37,-0.8419938683509827,1.1120226383209229,-0.4607425928115845
91,target,38,-0.858390212059021,1.1191819906234741,-0.4591900706291199
91,target,39,-0.8619816899299622,1.129218578338623,-0.4580315351486206
91,target,40,-0.8462795615196228,1.1287920475006104,-0.4549645781517029
91,target,41,-0.8441470861434937,1.1384007930755615,-0.45048171281814575
91,target,42,-0.8546687364578247,1.1158164739608765,-0.4537336826324463
91,target,43,-0.8520098328590393,1.112457036972046,-0.45174479484558105
91,target,44,-0.8508334755897522,1.1177632808685303,-0.4465027451515198
91,target,45,-0.8480184674263,1.113264560699463,-0.44634032249450684
91,target,46,-0.8115475177764893,1.0651943683624268,-0.44263988733291626
91,target,47,-0.8414521813392639,1.1043634414672852,-0.45554351806640625
91,target,48,-0.831559956073761,1.101525068283081,-0.461941123008728
91,target,49,-0.806313157081604,1.0529420375823975,-0.44144606590270996
91,target,50,-0.83936607837677,1.1035692691802979,-0.4454267621040344
91,target,51,-0.8652302026748657,1.130385160446167,-0.4615572690963745
91,target,52,-0.8565654158592224,1.1178489923477173,-0.458437979221344
91,target,53,-0.8582563400268555,1.126884937286377,-0.4621013402938843
91,target,54,-0.8606512546539307,1.1374247074127197,-0.45713961124420166
91,target,55,-0.8647991418838501,1.1316659450531006,-0.4651045799255371
91,target,56,-0.8633655309677124,1.1304140090942383,-0.45839834213256836
91,target,57,-0.854780912399292,1.122362494468689,-0.4596717953681946
91,target,58,-0.8735320568084717,1.1411669254302979,-0.46188676357269287
91,target,59,-0.8599646091461182,1.1309810876846313,-0.4600878357887268
91,target,60,-0.8593064546585083,1.1279265880584717,-0.45953261852264404
91,target,61,-0.854405403137207,1.117610216140747,-0.46203094720840454
91,target,62,-0.8500056266784668,1.1158452033996582,-0.45807045698165894
91,target,63,-0.8473821878433228,1.1095722913742065,-0.46359342336654663
92,source,0,-0.8677372932434082,1.1003494262695312,-0.4550190567970276
92,source,1,-0.860916018486023,1.085610032081604,-0.45603126287460327
92,source,2,-0.8549848794937134,1.0851879119873047,-0.45314502716064453
92,source,3,-0.8520594835281372,1.0898934602737427,-0.4524807333946228
92,source,4,-0.8571111559867859,1.0826318264007568,-0.4612814784049988
92,source,5,-0.8575509786605835,1.0889077186584473,-0.45422929525375366
92,source,6,-0.8613788485527039,1.0913976430892944,-0.4547261595726013
92,source,7,-0.8648291826248169,1.0900100469589233,-0.4557141661643982
92,source,8,-0.8561434149742126,1.08121919631958,-0.45202165842056274
92,source,9,-0.8620152473449707,1.08868408203125,-0.453052818775177
92,source,10,-0.863235354423523,1.0874381065368652,-0.45148855447769165
92,source,11,-0.8608186841011047,1.093477487564087,-0.45225656032562256
92,source,12,-0.862201452255249,1.0883219242095947,-0.45138019323349
92,source,13,-0.8645459413528442,1.0994927883148193,-0.44755589962005615
92,source,14,-0.8584986925125122,1.0829191207885742,-0.44788163900375366
92,source,15,-0.8586056232452393,1.0732395648956299,-0.4487103223800659
92,source,16,-0.8608102798461914,1.0819231271743774,-0.4492209553718567
92,source,17,-0.8569729328155518,1.0772349834442139,-0.44664067029953003
92,source,18,-0.8627861142158508,1.0844721794128418,-0.4501234292984009
92,source,19,-0.8560522794723511,1.0792503356933594,-0.45395904779434204
92,source,20,-0.8533032536506653,1.0935611724853516,-0.44252240657806396
92,source,21,-0.8575214743614197,1.079841136932373,-0.4444180130958557
92,source,22,-0.8538982272148132,1.0762807130813599,-0.43802404403686523
92,source,23,-0.8588155508041382,1.0809506177902222,-0.44019758701324463
92,source,24,-0.8549349904060364,1.073573350906372,-0.44582730531692505
92,source,25,-0.8601718544960022,1.0734314918518066,-0.4489206075668335
92,source,26,-0.8522607088088989,1.084277868270874,-0.4497920274734497
92,source,27,-0.8697927594184875,1.0829929113388062,-0.45285725593566895
92,source,28,-0.8687523603439331,1.0879193544387817,-0.4490518569946289
92,source,29,-0.861568808555603,1.0895705223083496,-0.45356619358062744
92,source,30,-0.8636642694473267,1.0970275402069092,-0.44938433170318604
92,source,31,-0.8631497621536255,1.0902173519134521,-0.4530898332595825
92,source,32,-0.8581030368804932,1.0881805419921875,-0.4549153447151184
92,source,33,-0.8586328625679016,1.087585687637329,-0.4569994807243347
92,source,34,-0.8584132790565491,1.0889477729797363,-0.4550294876098633
92,source,35,-0.859263002872467,1.0759764909744263,-0.452762246131897
92,source,36,-0.8713873624801636,1.0907766819000244,-0.4522421956062317
92,source,37,-0.8561984896659851,1.085981011390686,-0.4463428258895874
92,source,38,-0.8530516624450684,1.0672833919525146,-0.4447031617164612
92,source,39,-0.8555294275283813,1.0751153230667114,-0.4446325898170471
92,source,40,-0.8573456406593323,1.0811989307403564,-0.45012861490249634
92,source,41,-0.8578016757965088,1.0864038467407227,-0.44613438844680786
92,source,42,-0.8580735325813293,1.08268404006958,-0.4473196268081665
92,source,43,-0.8603166341781616,1.0826363563537598,-0.4558539390563965
92,source,44,-0.8498767018318176,1.081929087638855,-0.4365278482437134
92,source,45,-0.8547213673591614,1.084519624710083,-0.44758445024490356
92,source,46,-0.8620578050613403,1.0842440128326416,-0.4508000612258911
92,source,47,-0.8652381300926208,1.0948715209960938,-0.44920575618743896
92,source,48,-0.8513263463973999,1.088052749633789,-0.4488711953163147
92,source,49,-0.8604809045791626,1.0814592838287354,-0.4491007328033447
92,source,50,-0.8518892526626587,1.0904290676116943,-0.4602469205856323
92,source,51,-0.854649007320404,1.0914753675460815,-0.46283602714538574
92,source,52,-0.8473644256591797,1.0846726894378662,-0.46773892641067505
92,source,53,-0.8439443111419678,1.082944631576538,-0.46751731634140015
92,source,54,-0.8574182987213135,1.0941262245178223,-0.4708177447319031
92,source,55,-0.8557469844818115,1.1000803709030151,-0.4614783525466919
92,source,56,-0.85695481300354,1.0986769199371338,-0.461401104927063
92,source,57,-0.8568687438964844,1.1009114980697632,-0.46272075176239014
92,source,58,-0.8503360152244568,1.0922796726226807,-0.4614458680152893
92,source,59,-0.8538913726806641,1.098645806312561,-0.4631458520889282
92,source,60,-0.8570051193237305,1.0944584608078003,-0.46186310052871704
92,source,61,-0.8488900065422058,1.0911402702331543,-0.461558997631073
92,source,62,-0.8547147512435913,1.0884307622909546,-0.46239131689071655
92,source,63,-0.8464633226394653,1.0889079570770264,-0.4582119584083557
92,target,0,-0.8294903039932251,1.108534574508667,-0.453454852104187
92,target,1,-0.8604812622070312,1.1503353118896484,-0.4483989477157593
92,target,2,-0.852159857749939,1.1286035776138306,-0.4550344944000244
92,target,3,-0.8495212197303772,1.1148779392242432,-0.4537758231163025
92,target,4,-0.8543049693107605,1.116079568862915,-0.45840924978256226
92,target,5,-0.8716894388198853,1.1347512006759644,-0.4746747612953186
92,target,6,-0.868781328201294,1.1367886066436768,-0.4628620147705078
92,target,7,-0.8607431650161743,1.1250187158584595,-0.4656512141227722
92,target,8,-0.8635507225990295,1.1210100650787354,-0.46329301595687866
92,target,9,-0.8521031737327576,1.1137809753417969,-0.4681732654571533
92,target,10,-0.8635828495025635,1.1312026977539062,-0.4639319181442261
92,target,11,-0.8548799753189087,1.1278032064437866,-0.4588106870651245
92,target,12,-0.8594763278961182,1.1212751865386963,-0.4596804976463318
92,target,13,-0.8529061675071716,1.104691982269287,-0.4611676335334778
92,target,14,-0.8569424152374268,1.1145274639129639,-0.46629613637924194
92,target,15,-0.8569408059120178,1.1109304428100586,-0.4632168412208557
92,target,16,-0.8502993583679199,1.1127771139144897,-0.4623153805732727
92,target,17,-0.8636860847473145,1.138214349746704,-0.4535554051399231
92,target,18,-0.871310830116272,1.1479766368865967,-0.45434194803237915
92,target,19,-0.8631100058555603,1.1388726234436035,-0.4522216320037842
92,target,20,-0.8695850372314453,1.14467191696167,-0.45823758840560913
92,target,21,-0.8573650121688843,1.1268153190612793,-0.4602242708206177
92,target,22,-0.8625372648239136,1.1389296054840088,-0.45247364044189453
92,target,23,-0.8625587821006775,1.1336312294006348,-0.45088058710098267
92,target,24,-0.8626446723937988,1.1341228485107422,-0.45571500062942505
92,target,25,-0.8541553020477295,1.11748206615448,-0.4474351406097412
92,target,26,-0.856286883354187,1.1260287761688232,-0.4540993571281433
92,target,27,-0.8697408437728882,1.1489168405532837,-0.44515687227249146
92,target,28,-0.851906418800354,1.1096875667572021,-0.4479687213897705
92,target,29,-0.8604533672332764,1.1182785034179688,-0.45768702030181885
92,target,30,-0.8533135056495667,1.0982685089111328,-0.4526773691177368
92,target,31,-0.87220299243927,1.1358842849731445,-0.45931434631347656
92,target,32,-0.8741086721420288,1.1344947814941406,-0.46047669649124146
92,target,33,-0.8519709706306458,1.1201502084732056,-0.45736563205718994
92,target,34,-0.8495991230010986,1.1125752925872803,-0.4554615616798401
92,target,35,-0.8385317325592041,1.1103761196136475,-0.4562927484512329
92,target,36,-0.8610200881958008,1.127745270729065,-0.46372920274734497
92,target,37,-0.8414581418037415,1.1119815111160278,-0.45667511224746704
92,target,38,-0.8585053086280823,1.1188626289367676,-0.456615149974823
92,target,39,-0.8633586168289185,1.1316654682159424,-0.45486485958099365
92,target,40,-0.8483545780181885,1.128906488418579,-0.4524869918823242
92,target,41,-0.8450566530227661,1.1396143436431885,-0.4478219151496887
92,target,42,-0.8546231985092163,1.117412805557251,-0.45117080211639404
92,target,43,-0.8512110710144043,1.1141091585159302,-0.4503265619277954
92,target,44,-0.8504129648208618,1.1193113327026367,-0.4451501965522766
92,target,45,-0.8461999893188477,1.1142675876617432,-0.4439874291419983
92,target,46,-0.8114391565322876,1.0663378238677979,-0.4407418370246887
92,target,47,-0.8411650657653809,1.1053645610809326,-0.4529153108596802
92,target,48,-0.8317832350730896,1.1028521060943604,-0.4600452184677124
92,target,49,-0.80506432056427,1.0545483827590942,-0.4410554766654968
92,target,50,-0.8389396667480469,1.1026370525360107,-0.44422876834869385
92,target,51,-0.8664038181304932,1.1311192512512207,-0.45911747217178345
92,target,52,-0.8575972318649292,1.1201741695404053,-0.45530253648757935
92,target,53,-0.8600685596466064,1.128669023513794,-0.4604782462120056
92,target,54,-0.863909900188446,1.1400139331817627,-0.455832839012146
92,target,55,-0.866504430770874,1.1324737071990967,-0.46406668424606323
92,target,56,-0.8656584024429321,1.133591651916504,-0.45653802156448364
92,target,57,-0.8565633893013,1.1243360042572021,-0.4571459889411926
92,target,58,-0.8761655688285828,1.144280195236206,-0.46020078659057617
92,target,59,-0.8607457280158997,1.1330052614212036,-0.4579346179962158
92,target,60,-0.8599497675895691,1.1303765773773193,-0.45637691020965576
92,target,61,-0.8530294299125671,1.116642713546753,-0.4593716859817505
92,target,62,-0.8513953685760498,1.1172006130218506,-0.4553954601287842
92,target,63,-0.8485382199287415,1.11147141456604,-0.46131354570388794
93,source,0,-0.8682769536972046,1.1000511646270752,-0.4567604660987854
93,source,1,-0.8625264167785645,1.0864832401275635,-0.4580567479133606
93,source,2,-0.8556745052337646,1.0861939191818237,-0.45424920320510864
93,source,3,-0.8542143702507019,1.0917229652404785,-0.45397084951400757
93,source,4,-0.8570803999900818,1.080683946609497,-0.4625709652900696
93,source,5,-0.8579645156860352,1.0875828266143799,-0.4554286003112793
93,source,6,-0.8630195260047913,1.0918982028961182,-0.4571021795272827
93,source,7,-0.8634352087974548,1.0863604545593262,-0.4579172134399414
93,source,8,-0.8564874529838562,1.081782341003418,-0.45219314098358154
93,source,9,-0.8621309995651245,1.0887398719787598,-0.4537058472633362
93,source,10,-0.8640122413635254,1.0871840715408325,-0.45215678215026855
93,source,11,-0.863398015499115,1.09506356716156,-0.4551830291748047
93,source,12,-0.8628677129745483,1.0875276327133179,-0.4544457197189331
93,source,13,-0.8666607737541199,1.1027706861495972,-0.4480934739112854
93,source,14,-0.859399676322937,1.0834938287734985,-0.4497184753417969
93,source,15,-0.8600881695747375,1.0744929313659668,-0.4505748152732849
93,source,16,-0.8623313903808594,1.0836923122406006,-0.45029574632644653
93,source,17,-0.8591967821121216,1.079050064086914,-0.4490107297897339
93,source,18,-0.865332841873169,1.0874676704406738,-0.4529913067817688
93,source,19,-0.857585072517395,1.0805201530456543,-0.455075204372406
93,source,20,-0.8555512428283691,1.096055269241333,-0.44318896532058716
93,source,21,-0.8586255311965942,1.0826077461242676,-0.4470033645629883
93,source,22,-0.8554579019546509,1.0780665874481201,-0.4409882426261902
93,source,23,-0.8602213859558105,1.0840853452682495,-0.4411500096321106
93,source,24,-0.8555915355682373,1.0733351707458496,-0.4476781487464905
93,source,25,-0.8598822951316833,1.0746831893920898,-0.4503151774406433
93,source,26,-0.8517217636108398,1.0840119123458862,-0.4491683840751648
93,source,27,-0.8705234527587891,1.082292914390564,-0.45474356412887573
93,source,28,-0.8680983185768127,1.088052749633789,-0.4505172371864319
93,source,29,-0.8634555339813232,1.0900013446807861,-0.45451945066452026
93,source,30,-0.8652746081352234,1.097178339958191,-0.4523681402206421
93,source,31,-0.865588903427124,1.0925023555755615,-0.454642117023468
93,source,32,-0.8594704270362854,1.090045690536499,-0.45647573471069336
93,source,33,-0.8584856986999512,1.087044358253479,-0.4590999484062195
93,source,34,-0.8563417792320251,1.0870935916900635,-0.4563610553741455
93,source,35,-0.8609562516212463,1.0761628150939941,-0.4550894498825073
93,source,36,-0.8716671466827393,1.0933115482330322,-0.45372360944747925
93,source,37,-0.8556946516036987,1.0829670429229736,-0.4472181797027588
93,source,38,-0.8531262874603271,1.0670793056488037,-0.44693177938461304
93,source,39,-0.8559985756874084,1.0743391513824463,-0.4450359344482422
93,source,40,-0.857668936252594,1.0807454586029053,-0.4519859552383423
93,source,41,-0.8581995964050293,1.0853873491287231,-0.44804298877716064
93,source,42,-0.8584135174751282,1.0827805995941162,-0.4500364661216736
93,source,43,-0.8603602051734924,1.0819181203842163,-0.4573938250541687
93,source,44,-0.8522524237632751,1.0842971801757812,-0.4368950128555298
93,source,45,-0.8561529517173767,1.085712194442749,-0.44857633113861084
93,source,46,-0.8632431030273438,1.0831232070922852,-0.45338237285614014
93,source,47,-0.8658014535903931,1.0943149328231812,-0.45039451122283936
93,source,48,-0.8538153767585754,1.0895721912384033,-0.4480295777320862
93,source,49,-0.8615494966506958,1.0803744792938232,-0.4495704174041748
93,source,50,-0.8517453670501709,1.0896267890930176,-0.4618465304374695
93,source,51,-0.8561765551567078,1.0926274061203003,-0.4646875262260437
93,source,52,-0.8485442996025085,1.084397315979004,-0.4693666696548462
93,source,53,-0.8463334441184998,1.084204912185669,-0.46882033348083496
93,source,54,-0.8588146567344666,1.0948208570480347,-0.47184765338897705
93,source,55,-0.8567640781402588,1.1000138521194458,-0.46289002895355225
93,source,56,-0.8585196733474731,1.098635196685791,-0.46304911375045776
93,source,57,-0.858758807182312,1.1007981300354004,-0.46418845653533936
93,source,58,-0.8514338731765747,1.0924935340881348,-0.46290016174316406
93,source,59,-0.855981171131134,1.0992724895477295,-0.46434485912323
93,source,60,-0.8591173887252808,1.0973398685455322,-0.4622637629508972
93,source,61,-0.8511374592781067,1.0915436744689941,-0.46396881341934204
93,source,62,-0.8559457063674927,1.0899176597595215,-0.46373236179351807
93,source,63,-0.8482792377471924,1.091469645500183,-0.45845431089401245
93,target,0,-0.8304161429405212,1.106160044670105,-0.45493412017822266
93,target,1,-0.8602505922317505,1.1471400260925293,-0.4499461054801941
93,target,2,-0.8554683327674866,1.130173921585083,-0.4570566415786743
93,target,3,-0.8501372933387756,1.1128160953521729,-0.4560326337814331
93,target,4,-0.8550511002540588,1.1164511442184448,-0.4604281187057495
93,target,5,-0.87190181016922,1.1328341960906982,-0.47674423456192017
93,target,6,-0.8694745302200317,1.1361324787139893,-0.4635179042816162
93,target,7,-0.8604060411453247,1.1195611953735352,-0.46558499336242676
93,target,8,-0.8663544654846191,1.1208070516586304,-0.46306538581848145
93,target,9,-0.8528500199317932,1.1122899055480957,-0.47058606147766113
93,target,10,-0.8652508854866028,1.130340576171875,-0.464674711227417
93,target,11,-0.8556408882141113,1.1260602474212646,-0.46020644903182983
93,target,12,-0.8596516847610474,1.1192032098770142,-0.45923590660095215
93,target,13,-0.8542079329490662,1.1052266359329224,-0.4626573920249939
93,target,14,-0.8583237528800964,1.1133677959442139,-0.4679248332977295
93,target,15,-0.8586941361427307,1.1105233430862427,-0.46471989154815674
93,target,16,-0.8525458574295044,1.1136815547943115,-0.46429282426834106
93,target,17,-0.8648301362991333,1.1358606815338135,-0.4550568461418152
93,target,18,-0.870819628238678,1.141341209411621,-0.4562947750091553
93,target,19,-0.8622087836265564,1.131753921508789,-0.4526953101158142
93,target,20,-0.8705447912216187,1.1406011581420898,-0.4581480622291565
93,target,21,-0.8593425154685974,1.1250625848770142,-0.4595068693161011
93,target,22,-0.8635416030883789,1.135178804397583,-0.45395201444625854
93,target,23,-0.8627687692642212,1.1307748556137085,-0.451360821723938
93,target,24,-0.8631669282913208,1.130042314529419,-0.45512980222702026
93,target,25,-0.8538762331008911,1.1147491931915283,-0.4498929977416992
93,target,26,-0.8577205538749695,1.123153567314148,-0.45574039220809937
93,target,27,-0.8695736527442932,1.1445958614349365,-0.4471628665924072
93,target,28,-0.8534498810768127,1.1118180751800537,-0.4500541090965271
93,target,29,-0.8623934388160706,1.1184046268463135,-0.459592342376709
93,target,30,-0.854995608329773,1.1031475067138672,-0.4571104049682617
93,target,31,-0.8723039627075195,1.1340882778167725,-0.4619404673576355
93,target,32,-0.87497478723526,1.1322307586669922,-0.4622901678085327
93,target,33,-0.8564529418945312,1.1221362352371216,-0.4601583480834961
93,target,34,-0.8526466488838196,1.1139769554138184,-0.4575655460357666
93,target,35,-0.8420997858047485,1.11201810836792,-0.4601944088935852
93,target,36,-0.8632826805114746,1.1271874904632568,-0.46493667364120483
93,target,37,-0.8449394702911377,1.114586353302002,-0.4569459557533264
93,target,38,-0.8587693572044373,1.1177749633789062,-0.45758378505706787
93,target,39,-0.8635398745536804,1.1299636363983154,-0.4549448490142822
93,target,40,-0.8492608070373535,1.1253688335418701,-0.4540930390357971
93,target,41,-0.8463906049728394,1.135308027267456,-0.4489366412162781
93,target,42,-0.8570116758346558,1.1217408180236816,-0.45008385181427
93,target,43,-0.852283239364624,1.1140689849853516,-0.448436439037323
93,target,44,-0.851665198802948,1.1219687461853027,-0.4430396556854248
93,target,45,-0.8478821516036987,1.1136913299560547,-0.4427240490913391
93,target,46,-0.8083333969116211,1.0616737604141235,-0.4448728561401367
93,target,47,-0.8391765356063843,1.101396918296814,-0.45465582609176636
93,target,48,-0.8307937383651733,1.098127007484436,-0.46179622411727905
93,target,49,-0.8037806153297424,1.0497095584869385,-0.44417881965637207
93,target,50,-0.8370944261550903,1.0981212854385376,-0.44642388820648193
93,target,51,-0.8655223846435547,1.1272451877593994,-0.4618043303489685
93,target,52,-0.8566918969154358,1.1162693500518799,-0.4580751061439514
93,target,53,-0.8588652610778809,1.124323844909668,-0.46200811862945557
93,target,54,-0.8645046353340149,1.1369104385375977,-0.45671623945236206
93,target,55,-0.8656130433082581,1.126711130142212,-0.466097354888916
93,target,56,-0.8641771078109741,1.1281723976135254,-0.45781201124191284
93,target,57,-0.855960488319397,1.1203036308288574,-0.45952731370925903
93,target,58,-0.8746464252471924,1.1395233869552612,-0.4616948366165161
93,target,59,-0.8589351177215576,1.1266429424285889,-0.46030861139297485
93,target,60,-0.8581634163856506,1.125194787979126,-0.4584263563156128
93,target,61,-0.8538932204246521,1.1150016784667969,-0.4621414542198181
93,target,62,-0.8509132266044617,1.1146231889724731,-0.45752763748168945
93,target,63,-0.8477551937103271,1.107019305229187,-0.46296530961990356
94,source,0,-0.8668395280838013,1.0993123054504395,-0.4578695297241211
94,source,1,-0.8607674837112427,1.085927963256836,-0.45924609899520874
94,source,2,-0.8551641702651978,1.0853707790374756,-0.45489978790283203
94,source,3,-0.852933406829834,1.0924201011657715,-0.45524752140045166
94,source,4,-0.856070876121521,1.0819474458694458,-0.463985800743103
94,source,5,-0.8574085831642151,1.0892930030822754,-0.45713502168655396
94,source,6,-0.8620878458023071,1.0914435386657715,-0.4586032032966614
94,source,7,-0.8635944128036499,1.0879979133605957,-0.46019887924194336
94,source,8,-0.8560670614242554,1.0837666988372803,-0.4554498791694641
94,source,9,-0.8629202842712402,1.0916597843170166,-0.4551149606704712
94,source,10,-0.8637252449989319,1.0882474184036255,-0.4541170001029968
94,source,11,-0.8610636591911316,1.094785451889038,-0.45504945516586304
94,source,12,-0.8610498905181885,1.086690068244934,-0.45582783222198486
94,source,13,-0.8679425120353699,1.1050641536712646,-0.4496909976005554
94,source,14,-0.8584431409835815,1.0838840007781982,-0.4487786889076233
94,source,15,-0.8591926693916321,1.074603796005249,-0.4531422257423401
94,source,16,-0.861366868019104,1.0827834606170654,-0.45190417766571045
94,source,17,-0.857666015625,1.0770169496536255,-0.4511863589286804
94,source,18,-0.863798975944519,1.084951400756836,-0.454967200756073
94,source,19,-0.8579634428024292,1.0802005529403687,-0.4572185277938843
94,source,20,-0.856688380241394,1.0947327613830566,-0.44507014751434326
94,source,21,-0.8584327101707458,1.0822207927703857,-0.44854021072387695
94,source,22,-0.8531500697135925,1.0755106210708618,-0.4417343735694885
94,source,23,-0.8589636087417603,1.0810813903808594,-0.4425225257873535
94,source,24,-0.8542941212654114,1.0734872817993164,-0.44905585050582886
94,source,25,-0.8595534563064575,1.0743290185928345,-0.4529966711997986
94,source,26,-0.8501065373420715,1.0832889080047607,-0.4524611234664917
94,source,27,-0.8697665333747864,1.083390474319458,-0.45593416690826416
94,source,28,-0.8662786483764648,1.0850598812103271,-0.45351648330688477
94,source,29,-0.8609597086906433,1.0897871255874634,-0.4563944935798645
94,source,30,-0.8649699687957764,1.0969536304473877,-0.45313936471939087
94,source,31,-0.8640854954719543,1.0921497344970703,-0.4542347192764282
94,source,32,-0.8580583930015564,1.0894824266433716,-0.456951379776001
94,source,33,-0.8582946062088013,1.0880255699157715,-0.46065717935562134
94,source,34,-0.8562771081924438,1.0875799655914307,-0.458471417427063
94,source,35,-0.8600190877914429,1.076627254486084,-0.4569249153137207
94,source,36,-0.8719077110290527,1.0940563678741455,-0.4552510380744934
94,source,37,-0.8544647097587585,1.0848708152770996,-0.4498394727706909
94,source,38,-0.8524024486541748,1.0673658847808838,-0.4490480422973633
94,source,39,-0.8552353978157043,1.0748779773712158,-0.44708991050720215
94,source,40,-0.8597651720046997,1.0835199356079102,-0.4551926255226135
94,source,41,-0.8587452173233032,1.086194396018982,-0.44916486740112305
94,source,42,-0.8586042523384094,1.0829176902770996,-0.45167410373687744
94,source,43,-0.8613876104354858,1.083991289138794,-0.4597254991531372
94,source,44,-0.852010190486908,1.0834864377975464,-0.4397783875465393
94,source,45,-0.8557858467102051,1.0861440896987915,-0.45092833042144775
94,source,46,-0.8613426685333252,1.0839850902557373,-0.45451539754867554
94,source,47,-0.8641287088394165,1.093564510345459,-0.45195722579956055
94,source,48,-0.8533926010131836,1.0915508270263672,-0.45113998651504517
94,source,49,-0.8622356057167053,1.083510398864746,-0.45296967029571533
94,source,50,-0.8501467704772949,1.0902634859085083,-0.46402639150619507
94,source,51,-0.8554120063781738,1.0930479764938354,-0.46683937311172485
94,source,52,-0.8474649786949158,1.084905982017517,-0.4710114002227783
94,source,53,-0.8444523215293884,1.0831044912338257,-0.4699552059173584
94,source,54,-0.8568475246429443,1.0943485498428345,-0.47366052865982056
94,source,55,-0.8554530739784241,1.100085973739624,-0.465304970741272
94,source,56,-0.8578200340270996,1.0998222827911377,-0.4651297330856323
94,source,57,-0.8571089506149292,1.1007685661315918,-0.46653997898101807
94,source,58,-0.8512396812438965,1.0932267904281616,-0.4648796319961548
94,source,59,-0.8541665077209473,1.0983772277832031,-0.4663756489753723
94,source,60,-0.8567721247673035,1.0970377922058105,-0.463462769985199
94,source,61,-0.8487871885299683,1.090646743774414,-0.46380144357681274
94,source,62,-0.8549872040748596,1.0911431312561035,-0.4651724100112915
94,source,63,-0.8462357521057129,1.0911517143249512,-0.4605945944786072
94,target,0,-0.8299153447151184,1.1063251495361328,-0.4585798382759094
94,target,1,-0.8599134087562561,1.1483838558197021,-0.45131510496139526
94,target,2,-0.852668285369873,1.128079891204834,-0.4594936966896057
94,target,3,-0.8492370247840881,1.1131080389022827,-0.4576408863067627
94,target,4,-0.852676510810852,1.114373803138733,-0.46325433254241943
94,target,5,-0.8687611222267151,1.1300766468048096,-0.47821205854415894
94,target,6,-0.8657531142234802,1.1319353580474854,-0.4661354422569275
94,target,7,-0.8596311807632446,1.119520664215088,-0.4686656594276428
94,target,8,-0.8642213344573975,1.1200296878814697,-0.4654810428619385
94,target,9,-0.8518058657646179,1.1125062704086304,-0.4724023938179016
94,target,10,-0.8625327348709106,1.1295199394226074,-0.4673904776573181
94,target,11,-0.8545471429824829,1.1263678073883057,-0.4626186490058899
94,target,12,-0.8573634028434753,1.1186035871505737,-0.46176576614379883
94,target,13,-0.8521220088005066,1.1062408685684204,-0.46501749753952026
94,target,14,-0.8561803102493286,1.1128228902816772,-0.4700539708137512
94,target,15,-0.8568722009658813,1.1092784404754639,-0.46655791997909546
94,target,16,-0.8511924743652344,1.1133074760437012,-0.4654105305671692
94,target,17,-0.8618690967559814,1.1342753171920776,-0.45828402042388916
94,target,18,-0.8680485486984253,1.1403857469558716,-0.45921647548675537
94,target,19,-0.8615893125534058,1.1320240497589111,-0.4552883505821228
94,target,20,-0.8685466647148132,1.1387972831726074,-0.46102476119995117
94,target,21,-0.8567308187484741,1.1220676898956299,-0.46188485622406006
94,target,22,-0.8617158532142639,1.1345493793487549,-0.45614397525787354
94,target,23,-0.8617327213287354,1.1302039623260498,-0.45482879877090454
94,target,24,-0.8614743947982788,1.1270800828933716,-0.45827049016952515
94,target,25,-0.8537588119506836,1.1147003173828125,-0.45193958282470703
94,target,26,-0.8582718968391418,1.1254147291183472,-0.455763041973114
94,target,27,-0.8702763319015503,1.1459720134735107,-0.4483650326728821
94,target,28,-0.8516412377357483,1.1093552112579346,-0.4519461393356323
94,target,29,-0.8610446453094482,1.1192563772201538,-0.46177566051483154
94,target,30,-0.8517966866493225,1.1008291244506836,-0.4591885209083557
94,target,31,-0.8693829774856567,1.1320338249206543,-0.46436625719070435
94,target,32,-0.8721982836723328,1.1299793720245361,-0.46441543102264404
94,target,33,-0.8523074388504028,1.1177961826324463,-0.4627293348312378
94,target,34,-0.8502400517463684,1.111938238143921,-0.45994269847869873
94,target,35,-0.839821457862854,1.1106979846954346,-0.46163058280944824
94,target,36,-0.8604987859725952,1.1245410442352295,-0.467764675617218
94,target,37,-0.8416142463684082,1.1128382682800293,-0.45934706926345825
94,target,38,-0.8576223850250244,1.11831533908844,-0.45990699529647827
94,target,39,-0.8601785898208618,1.1299145221710205,-0.4575907588005066
94,target,40,-0.8471618890762329,1.125431776046753,-0.45666396617889404
94,target,41,-0.8451476097106934,1.1353132724761963,-0.4522895812988281
94,target,42,-0.8555689454078674,1.118363380432129,-0.4546874761581421
94,target,43,-0.8510674238204956,1.1146807670593262,-0.4512213468551636
94,target,44,-0.8514558672904968,1.1207084655761719,-0.4456931948661804
94,target,45,-0.8468470573425293,1.1141324043273926,-0.44517982006073
94,target,46,-0.8100644946098328,1.0662086009979248,-0.44802355766296387
94,target,47,-0.8408002853393555,1.1053946018218994,-0.4571061134338379
94,target,48,-0.8337885141372681,1.102842092514038,-0.4637446999549866
94,target,49,-0.8063080906867981,1.0545148849487305,-0.4456080198287964
94,target,50,-0.8383480310440063,1.1015021800994873,-0.44954347610473633
94,target,51,-0.8658307194709778,1.1287240982055664,-0.46395087242126465
94,target,52,-0.8567874431610107,1.1176214218139648,-0.4602227807044983
94,target,53,-0.8596863746643066,1.1273030042648315,-0.4638833999633789
94,target,54,-0.8625662326812744,1.1359374523162842,-0.4588819146156311
94,target,55,-0.8663836717605591,1.13015878200531,-0.4672010540962219
94,target,56,-0.8662022948265076,1.133366584777832,-0.45986783504486084
94,target,57,-0.8571885824203491,1.124293565750122,-0.46138858795166016
94,target,58,-0.8742172122001648,1.1407458782196045,-0.46391505002975464
94,target,59,-0.8600053191184998,1.129873275756836,-0.4618690013885498
94,target,60,-0.8589012622833252,1.1282037496566772,-0.4604167938232422
94,target,61,-0.854206383228302,1.118171215057373,-0.4642389416694641
94,target,62,-0.8486248254776001,1.1139572858810425,-0.45979130268096924
94,target,63,-0.8487016558647156,1.1108131408691406,-0.4651217460632324
95,source,0,-0.8711243271827698,1.101578712463379,-0.4575808048248291
95,source,1,-0.8647616505622864,1.0877528190612793,-0.4584643244743347
95,source,2,-0.8590812087059021,1.0861282348632812,-0.4547407627105713
95,source,3,-0.8566763401031494,1.091149091720581,-0.4533804655075073
95,source,4,-0.8598153591156006,1.08491849899292,-0.4624931812286377
95,source,5,-0.8615111708641052,1.0883798599243164,-0.4555501937866211
95,source,6,-0.8659188151359558,1.0935986042022705,-0.4574010968208313
95,source,7,-0.8681728839874268,1.0906920433044434,-0.458157479763031
95,source,8,-0.8607461452484131,1.0830411911010742,-0.4538459777832031
95,source,9,-0.866899847984314,1.0911917686462402,-0.45417332649230957
95,source,10,-0.86649090051651,1.0899217128753662,-0.45298928022384644
95,source,11,-0.8656177520751953,1.0954372882843018,-0.45530468225479126
95,source,12,-0.8652615547180176,1.0893875360488892,-0.4550859332084656
95,source,13,-0.8701745271682739,1.1044886112213135,-0.4488144516944885
95,source,14,-0.8628361821174622,1.0865581035614014,-0.4508219361305237
95,source,15,-0.8622531294822693,1.0783723592758179,-0.45294153690338135
95,source,16,-0.864677906036377,1.0859076976776123,-0.4511144757270813
95,source,17,-0.8613806962966919,1.0808398723602295,-0.45026421546936035
95,source,18,-0.8665808439254761,1.0872234106063843,-0.4539449214935303
95,source,19,-0.8596160411834717,1.081777572631836,-0.45575326681137085
95,source,20,-0.8588925004005432,1.0957117080688477,-0.44423770904541016
95,source,21,-0.8613510131835938,1.084343671798706,-0.4475746154785156
95,source,22,-0.8585124611854553,1.0794464349746704,-0.44160687923431396
95,source,23,-0.8626946210861206,1.0829999446868896,-0.44286292791366577
95,source,24,-0.8595607280731201,1.0769476890563965,-0.44819968938827515
95,source,25,-0.8630719184875488,1.0765810012817383,-0.4519137144088745
95,source,26,-0.855494499206543,1.0854039192199707,-0.45133399963378906
95,source,27,-0.8720474243164062,1.0854706764221191,-0.4565524458885193
95,source,28,-0.8713557720184326,1.090733289718628,-0.45268726348876953
95,source,29,-0.8664355278015137,1.0922173261642456,-0.4555966854095459
95,source,30,-0.8679805994033813,1.0991904735565186,-0.45184171199798584
95,source,31,-0.8674235343933105,1.0915350914001465,-0.455175518989563
95,source,32,-0.8623428344726562,1.090137004852295,-0.4565163850784302
95,source,33,-0.8631792068481445,1.0894207954406738,-0.4598528742790222
95,source,34,-0.8626739978790283,1.0919662714004517,-0.4578065872192383
95,source,35,-0.8635497093200684,1.0778272151947021,-0.4554194211959839
95,source,36,-0.8735710978507996,1.092686414718628,-0.4539552927017212
95,source,37,-0.8588743805885315,1.0862665176391602,-0.44966578483581543
95,source,38,-0.8573938012123108,1.0710532665252686,-0.4491002559661865
95,source,39,-0.8598297238349915,1.0777438879013062,-0.4466630816459656
95,source,40,-0.859825611114502,1.0836060047149658,-0.45268386602401733
95,source,41,-0.8625015020370483,1.0900983810424805,-0.4487488269805908
95,source,42,-0.8619165420532227,1.0857179164886475,-0.45092523097991943
95,source,43,-0.863373339176178,1.0855960845947266,-0.4576472043991089
95,source,44,-0.854994535446167,1.084844708442688,-0.43690788745880127
95,source,45,-0.8587995767593384,1.0872762203216553,-0.44920432567596436
95,source,46,-0.8652381896972656,1.0874207019805908,-0.4542447328567505
95,source,47,-0.8708040714263916,1.0996954441070557,-0.45204871892929077
95,source,48,-0.8572090268135071,1.0912861824035645,-0.4490100145339966
95,source,49,-0.863900899887085,1.0839290618896484,-0.45077210664749146
95,source,50,-0.8534309267997742,1.0923662185668945,-0.4628867506980896
95,source,51,-0.857905924320221,1.0957202911376953,-0.46587198972702026
95,source,52,-0.8502657413482666,1.0877773761749268,-0.4708644151687622
95,source,53,-0.8476390242576599,1.0864834785461426,-0.4700425863265991
95,source,54,-0.8586711287498474,1.0964547395706177,-0.47199565172195435
95,source,55,-0.8579748868942261,1.101278305053711,-0.46463996171951294
95,source,56,-0.8598060607910156,1.100658655166626,-0.46396374702453613
95,source,57,-0.8595308065414429,1.1028084754943848,-0.4647373557090759
95,source,58,-0.8537412285804749,1.095125675201416,-0.4637817144393921
95,source,59,-0.8571006059646606,1.1001482009887695,-0.4650389552116394
95,source,60,-0.860217809677124,1.099445104598999,-0.46363961696624756
95,source,61,-0.8529529571533203,1.094749927520752,-0.46346843242645264
95,source,62,-0.8587040901184082,1.0948225259780884,-0.4646075367927551
95,source,63,-0.8488061428070068,1.0923688411712646,-0.4605240821838379
95,target,0,-0.8316843509674072,1.1082804203033447,-0.45678454637527466
95,target,1,-0.8602378368377686,1.1474790573120117,-0.45188212394714355
95,target,2,-0.8559341430664062,1.129412055015564,-0.4597495198249817
95,target,3,-0.8520845174789429,1.1162612438201904,-0.45687341690063477
95,target,4,-0.8558476567268372,1.1184463500976562,-0.4617120623588562
95,target,5,-0.8686034679412842,1.131948709487915,-0.47713780403137207
95,target,6,-0.8679208755493164,1.1336383819580078,-0.4648716449737549
95,target,7,-0.8611124753952026,1.121987223625183,-0.46733713150024414
95,target,8,-0.8657487034797668,1.1219730377197266,-0.46433025598526
95,target,9,-0.8520626425743103,1.1152265071868896,-0.47109293937683105
95,target,10,-0.864203691482544,1.13295316696167,-0.4660784602165222
95,target,11,-0.8549389839172363,1.1269502639770508,-0.462002158164978
95,target,12,-0.8614700436592102,1.1230802536010742,-0.4608381986618042
95,target,13,-0.8535305261611938,1.1070442199707031,-0.4649249315261841
95,target,14,-0.8563894033432007,1.1137149333953857,-0.46920305490493774
95,target,15,-0.8575379252433777,1.111390471458435,-0.4661492705345154
95,target,16,-0.8522867560386658,1.1146526336669922,-0.46480774879455566
95,target,17,-0.8651430606842041,1.1363403797149658,-0.45678913593292236
95,target,18,-0.8719067573547363,1.144056797027588,-0.45725977420806885
95,target,19,-0.8651329278945923,1.1348912715911865,-0.4546213150024414
95,target,20,-0.8717425465583801,1.1440057754516602,-0.45922422409057617
95,target,21,-0.8587977290153503,1.123538613319397,-0.4612419605255127
95,target,22,-0.864188551902771,1.138204574584961,-0.45495855808258057
95,target,23,-0.8642500042915344,1.1326110363006592,-0.45270317792892456
95,target,24,-0.8642528653144836,1.1314581632614136,-0.45754486322402954
95,target,25,-0.855262815952301,1.1162314414978027,-0.452095627784729
95,target,26,-0.859535276889801,1.126924753189087,-0.45545458793640137
95,target,27,-0.8697686195373535,1.145444393157959,-0.4487776756286621
95,target,28,-0.8544072508811951,1.1118667125701904,-0.45252299308776855
95,target,29,-0.863306999206543,1.1219907999038696,-0.4609804153442383
95,target,30,-0.8546241521835327,1.1026666164398193,-0.4594997763633728
95,target,31,-0.8707305192947388,1.133839726448059,-0.4633880853652954
95,target,32,-0.8743085861206055,1.1329104900360107,-0.4636109471321106
95,target,33,-0.8565710186958313,1.1234616041183472,-0.46199536323547363
95,target,34,-0.855268657207489,1.1169804334640503,-0.4593501687049866
95,target,35,-0.8423240184783936,1.1120084524154663,-0.46193236112594604
95,target,36,-0.8624265789985657,1.1265617609024048,-0.4672488570213318
95,target,37,-0.845826268196106,1.1143748760223389,-0.4606117606163025
95,target,38,-0.8614896535873413,1.1214747428894043,-0.45994871854782104
95,target,39,-0.8647341728210449,1.1325206756591797,-0.4573363661766052
95,target,40,-0.8516099452972412,1.130575180053711,-0.4555405378341675
95,target,41,-0.8475996255874634,1.1384793519973755,-0.4504489302635193
95,target,42,-0.8600654602050781,1.1213613748550415,-0.45211261510849
95,target,43,-0.855864942073822,1.115271806716919,-0.45055848360061646
95,target,44,-0.8549244403839111,1.1199206113815308,-0.4464583396911621
95,target,45,-0.8522406220436096,1.114480972290039,-0.44592732191085815
95,target,46,-0.8115969896316528,1.0686126947402954,-0.4489506483078003
95,target,47,-0.8432134389877319,1.1070704460144043,-0.4563441872596741
95,target,48,-0.8338042497634888,1.1039454936981201,-0.4625326991081238
95,target,49,-0.8068391680717468,1.0555704832077026,-0.44740426540374756
95,target,50,-0.839870274066925,1.1018774509429932,-0.4486492872238159
95,target,51,-0.8673571944236755,1.1302168369293213,-0.4622533321380615
95,target,52,-0.8590617179870605,1.1202383041381836,-0.45896458625793457
95,target,53,-0.8611368536949158,1.1284979581832886,-0.4628909230232239
95,target,54,-0.8646378517150879,1.1385204792022705,-0.45738333463668823
95,target,55,-0.8666446208953857,1.1313551664352417,-0.4658830761909485
95,target,56,-0.8671378493309021,1.1344130039215088,-0.45931410789489746
95,target,57,-0.8578997850418091,1.1246635913848877,-0.46034568548202515
95,target,58,-0.8765013217926025,1.1430785655975342,-0.46251922845840454
95,target,59,-0.8624473214149475,1.1324100494384766,-0.4611436724662781
95,target,60,-0.8613839149475098,1.1309120655059814,-0.458842396736145
95,target,61,-0.8567155003547668,1.1203558444976807,-0.4622420072555542
95,target,62,-0.8528818488121033,1.1187394857406616,-0.45849359035491943
95,target,63,-0.8498830795288086,1.1118463277816772,-0.4634695053100586
96,source,0,-0.8702875971794128,1.1031959056854248,-0.4601329565048218
96,source,1,-0.8632762432098389,1.0892932415008545,-0.4611971378326416
96,source,2,-0.8579744100570679,1.0902526378631592,-0.45756709575653076
96,source,3,-0.8546991348266602,1.0938210487365723,-0.4566570520401001
96,source,4,-0.8579427003860474,1.086521863937378,-0.465289831161499
96,source,5,-0.8599967360496521,1.0913431644439697,-0.4587186574935913
96,source,6,-0.8648422360420227,1.0956693887710571,-0.46099311113357544
96,source,7,-0.8661289811134338,1.0914170742034912,-0.4618847370147705
96,source,8,-0.8583887815475464,1.0853519439697266,-0.4574251174926758
96,source,9,-0.8649097084999084,1.0939972400665283,-0.4577363133430481
96,source,10,-0.8648934960365295,1.0909876823425293,-0.4562094807624817
96,source,11,-0.8642758131027222,1.0981476306915283,-0.45774710178375244
96,source,12,-0.8633787035942078,1.0902516841888428,-0.4576249122619629
96,source,13,-0.8688476085662842,1.1077107191085815,-0.4523766040802002
96,source,14,-0.8616156578063965,1.088442087173462,-0.4526602625846863
96,source,15,-0.8615084290504456,1.0788021087646484,-0.45532721281051636
96,source,16,-0.8636274337768555,1.0878002643585205,-0.4543461799621582
96,source,17,-0.860774576663971,1.0841591358184814,-0.45229631662368774
96,source,18,-0.8661706447601318,1.0891753435134888,-0.45678114891052246
96,source,19,-0.859386682510376,1.0849157571792603,-0.4592816233634949
96,source,20,-0.8573912382125854,1.0986299514770508,-0.4478268027305603
96,source,21,-0.8592696189880371,1.0867714881896973,-0.451507031917572
96,source,22,-0.8563022613525391,1.0816116333007812,-0.4461154341697693
96,source,23,-0.8607817888259888,1.0860822200775146,-0.4459986090660095
96,source,24,-0.8571994304656982,1.079047679901123,-0.4514593482017517
96,source,25,-0.8620206117630005,1.0791399478912354,-0.45497506856918335
96,source,26,-0.8540459871292114,1.0876028537750244,-0.45479267835617065
96,source,27,-0.8719092607498169,1.0880126953125,-0.4584692716598511
96,source,28,-0.8699512481689453,1.0921058654785156,-0.45483124256134033
96,source,29,-0.8638153076171875,1.0929627418518066,-0.45908546447753906
96,source,30,-0.8669037818908691,1.1016411781311035,-0.4549514651298523
96,source,31,-0.8652965426445007,1.0944658517837524,-0.4579222798347473
96,source,32,-0.8606060147285461,1.0926473140716553,-0.4596618413925171
96,source,33,-0.8604772090911865,1.0903501510620117,-0.463046669960022
96,source,34,-0.860139012336731,1.0926578044891357,-0.46047234535217285
96,source,35,-0.8625581860542297,1.0803718566894531,-0.4580230116844177
96,source,36,-0.8731272220611572,1.0966689586639404,-0.4570392370223999
96,source,37,-0.8573821783065796,1.0880067348480225,-0.4519805312156677
96,source,38,-0.8561792373657227,1.073479413986206,-0.45130717754364014
96,source,39,-0.8584639430046082,1.0817301273345947,-0.4499162435531616
96,source,40,-0.8598570823669434,1.0863969326019287,-0.4559214115142822
96,source,41,-0.8607571721076965,1.0915089845657349,-0.4519510269165039
96,source,42,-0.8604021072387695,1.0882916450500488,-0.4539964199066162
96,source,43,-0.8627514839172363,1.087282657623291,-0.46098989248275757
96,source,44,-0.8533873558044434,1.0868008136749268,-0.44248342514038086
96,source,45,-0.85740727186203,1.0890560150146484,-0.4532213807106018
96,source,46,-0.8642282485961914,1.0895609855651855,-0.45714277029037476
96,source,47,-0.8677861094474792,1.0989196300506592,-0.45422983169555664
96,source,48,-0.8554575443267822,1.0934524536132812,-0.45267075300216675
96,source,49,-0.8621359467506409,1.0852597951889038,-0.45458894968032837
96,source,50,-0.8532003164291382,1.093281865119934,-0.464921236038208
96,source,51,-0.8568549156188965,1.096183180809021,-0.46770018339157104
96,source,52,-0.8494690656661987,1.0883710384368896,-0.47247105836868286
96,source,53,-0.8466396927833557,1.086457371711731,-0.4715404510498047
96,source,54,-0.8576500415802002,1.0965831279754639,-0.4743778705596924
96,source,55,-0.8566973209381104,1.1015480756759644,-0.46664756536483765
96,source,56,-0.8584055304527283,1.1009228229522705,-0.4660099148750305
96,source,57,-0.8587053418159485,1.1037688255310059,-0.46661776304244995
96,source,58,-0.8523902297019958,1.0950684547424316,-0.46575862169265747
96,source,59,-0.8559219837188721,1.1006344556808472,-0.4672125577926636
96,source,60,-0.8588770627975464,1.0994346141815186,-0.4661010503768921
96,source,61,-0.8516963124275208,1.0950491428375244,-0.46631550788879395
96,source,62,-0.8573452234268188,1.0943856239318848,-0.4672583341598511
96,source,63,-0.8484317660331726,1.093419075012207,-0.4635964035987854
96,target,0,-0.8322643637657166,1.106919527053833,-0.45894497632980347
96,target,1,-0.8612585067749023,1.1479322910308838,-0.4534251093864441
96,target,2,-0.8555644154548645,1.1295186281204224,-0.4618563652038574
96,target,3,-0.8502485752105713,1.113255262374878,-0.4589605927467346
96,target,4,-0.8558170795440674,1.1165512800216675,-0.4640902280807495
96,target,5,-0.8695713877677917,1.1330525875091553,-0.4774917960166931
96,target,6,-0.8667320013046265,1.1342713832855225,-0.46678388118743896
96,target,7,-0.8610506653785706,1.1238330602645874,-0.4689789414405823
96,target,8,-0.8647357821464539,1.1226654052734375,-0.46671968698501587
96,target,9,-0.853917121887207,1.1162004470825195,-0.4733641743659973
96,target,10,-0.8654004335403442,1.1337180137634277,-0.46799081563949585
96,target,11,-0.8568115830421448,1.1288979053497314,-0.4633123278617859
96,target,12,-0.8607525825500488,1.123560905456543,-0.46313315629959106
96,target,13,-0.8549230098724365,1.1079657077789307,-0.46519798040390015
96,target,14,-0.8582668304443359,1.1148298978805542,-0.4705776572227478
96,target,15,-0.8586389422416687,1.1112213134765625,-0.4678599238395691
96,target,16,-0.853001594543457,1.1149166822433472,-0.46661466360092163
96,target,17,-0.8644945025444031,1.1375036239624023,-0.4585852026939392
96,target,18,-0.8698147535324097,1.1435362100601196,-0.45923304557800293
96,target,19,-0.8639558553695679,1.1340335607528687,-0.4564794898033142
96,target,20,-0.870969831943512,1.142505168914795,-0.46141040325164795
96,target,21,-0.8587934970855713,1.1245790719985962,-0.46278268098831177
96,target,22,-0.8644528388977051,1.1387898921966553,-0.45630359649658203
96,target,23,-0.8641555309295654,1.1317214965820312,-0.45504212379455566
96,target,24,-0.8642216324806213,1.1321460008621216,-0.4593149423599243
96,target,25,-0.8553352952003479,1.1152112483978271,-0.4541003108024597
96,target,26,-0.8580060601234436,1.1250941753387451,-0.45786821842193604
96,target,27,-0.8697729110717773,1.1436610221862793,-0.4506208300590515
96,target,28,-0.8545042276382446,1.1098994016647339,-0.45483434200286865
96,target,29,-0.8622384667396545,1.1204509735107422,-0.46330124139785767
96,target,30,-0.8553779125213623,1.1019694805145264,-0.46051257848739624
96,target,31,-0.8702147603034973,1.1339054107666016,-0.46561771631240845
96,target,32,-0.872968316078186,1.1325725317001343,-0.46540576219558716
96,target,33,-0.8555258512496948,1.1207404136657715,-0.4644191265106201
96,target,34,-0.852982759475708,1.114492654800415,-0.4620445966720581
96,target,35,-0.8424058556556702,1.112083911895752,-0.46371597051620483
96,target,36,-0.8625851273536682,1.1276168823242188,-0.4690662622451782
96,target,37,-0.8454551696777344,1.1135482788085938,-0.462594211101532
96,target,38,-0.859566867351532,1.1191043853759766,-0.462649405002594
96,target,39,-0.8639501929283142,1.1325647830963135,-0.4606480598449707
96,target,40,-0.8500385284423828,1.128774881362915,-0.45733433961868286
96,target,41,-0.8476569056510925,1.1379449367523193,-0.4520875811576843
96,target,42,-0.8571664094924927,1.121067762374878,-0.45476824045181274
96,target,43,-0.8529629111289978,1.1165729761123657,-0.45269525051116943
96,target,44,-0.8532862663269043,1.1230114698410034,-0.446693480014801
96,target,45,-0.8489785194396973,1.1163737773895264,-0.4467760920524597
96,target,46,-0.8138088583946228,1.0699173212051392,-0.4483756422996521
96,target,47,-0.8428966403007507,1.1067371368408203,-0.4574558734893799
96,target,48,-0.8342816829681396,1.1034549474716187,-0.46347159147262573
96,target,49,-0.8091571927070618,1.0571584701538086,-0.4467657208442688
96,target,50,-0.8416908979415894,1.1031028032302856,-0.4502878189086914
96,target,51,-0.8656609058380127,1.1294676065444946,-0.46464115381240845
96,target,52,-0.8581544160842896,1.1197330951690674,-0.46086984872817993
96,target,53,-0.8603150844573975,1.1272313594818115,-0.46522969007492065
96,target,54,-0.8627150058746338,1.1353623867034912,-0.4595744013786316
96,target,55,-0.8660382032394409,1.129178524017334,-0.46741676330566406
96,target,56,-0.8655869960784912,1.1318413019180298,-0.4605810046195984
96,target,57,-0.8570181131362915,1.1238667964935303,-0.46220844984054565
96,target,58,-0.8747682571411133,1.1410682201385498,-0.46451789140701294
96,target,59,-0.8609212040901184,1.1301307678222656,-0.4629451036453247
96,target,60,-0.8602691888809204,1.1290825605392456,-0.4612411856651306
96,target,61,-0.8549196124076843,1.1177327632904053,-0.46424758434295654
96,target,62,-0.8509989976882935,1.1166913509368896,-0.4610595107078552
96,target,63,-0.8491681814193726,1.1106427907943726,-0.46593552827835083
97,source,0,-0.8676197528839111,1.0993878841400146,-0.45706379413604736
97,source,1,-0.862046480178833,1.0864777565002441,-0.45818960666656494
97,source,2,-0.8570773601531982,1.086958646774292,-0.4548608064651489
97,source,3,-0.8544201850891113,1.0911569595336914,-0.4546029567718506
97,source,4,-0.857573390007019,1.08396315574646,-0.46238529682159424
97,source,5,-0.8585954308509827,1.0892741680145264,-0.45591890811920166
97,source,6,-0.861869215965271,1.0913817882537842,-0.4575433135032654
97,source,7,-0.8650631904602051,1.0896854400634766,-0.45926350355148315
97,source,8,-0.8577648401260376,1.083645224571228,-0.4548259377479553
97,source,9,-0.8642693758010864,1.0922658443450928,-0.45488524436950684
97,source,10,-0.8641064167022705,1.088167428970337,-0.45416754484176636
97,source,11,-0.8625165224075317,1.0943162441253662,-0.45486950874328613
97,source,12,-0.8614435791969299,1.0869402885437012,-0.4545325040817261
97,source,13,-0.8677778840065002,1.1040420532226562,-0.44837474822998047
97,source,14,-0.8608850836753845,1.0871400833129883,-0.4501497149467468
97,source,15,-0.8607215881347656,1.0771690607070923,-0.45316535234451294
97,source,16,-0.8621566295623779,1.0843884944915771,-0.45087873935699463
97,source,17,-0.8592523336410522,1.079530954360962,-0.44965970516204834
97,source,18,-0.8644714951515198,1.0857081413269043,-0.4531407952308655
97,source,19,-0.8584710359573364,1.0820374488830566,-0.4560505151748657
97,source,20,-0.8569917678833008,1.0957794189453125,-0.4444419741630554
97,source,21,-0.8589164018630981,1.08418607711792,-0.44826066493988037
97,source,22,-0.8552808165550232,1.0786676406860352,-0.44236791133880615
97,source,23,-0.8603914380073547,1.0840904712677002,-0.44297319650650024
97,source,24,-0.8563653826713562,1.0767889022827148,-0.448702871799469
97,source,25,-0.8611968755722046,1.0766470432281494,-0.4523298144340515
97,source,26,-0.8531926870346069,1.085017442703247,-0.4516361355781555
97,source,27,-0.8698000311851501,1.0847527980804443,-0.45538806915283203
97,source,28,-0.8681415915489197,1.087975263595581,-0.4524714946746826
97,source,29,-0.8621428608894348,1.0900568962097168,-0.4561437964439392
97,source,30,-0.8649475574493408,1.0976762771606445,-0.4520573019981384
97,source,31,-0.8642408847808838,1.0912368297576904,-0.4547439217567444
97,source,32,-0.8599003553390503,1.0896704196929932,-0.4569541811943054
97,source,33,-0.8599725961685181,1.088249683380127,-0.4597645401954651
97,source,34,-0.8583288788795471,1.089797854423523,-0.45773011445999146
97,source,35,-0.8609220385551453,1.077858805656433,-0.4552372097969055
97,source,36,-0.871941864490509,1.0930253267288208,-0.45397937297821045
97,source,37,-0.8572006225585938,1.0865449905395508,-0.44993191957473755
97,source,38,-0.8549984097480774,1.0712419748306274,-0.4487736225128174
97,source,39,-0.857701301574707,1.0788025856018066,-0.44708746671676636
97,source,40,-0.8590133190155029,1.0858259201049805,-0.4535353183746338
97,source,41,-0.8598953485488892,1.090782642364502,-0.44911617040634155
97,source,42,-0.8598111271858215,1.087423324584961,-0.45141708850860596
97,source,43,-0.8622034192085266,1.0867421627044678,-0.45900315046310425
97,source,44,-0.8537944555282593,1.083956241607666,-0.4394614100456238
97,source,45,-0.856040358543396,1.0855138301849365,-0.4501979947090149
97,source,46,-0.8640967011451721,1.087556004524231,-0.45410871505737305
97,source,47,-0.8669636249542236,1.0964977741241455,-0.4520745277404785
97,source,48,-0.8547643423080444,1.0916361808776855,-0.45039570331573486
97,source,49,-0.8620263338088989,1.0835267305374146,-0.45179247856140137
97,source,50,-0.852768063545227,1.0912834405899048,-0.46249258518218994
97,source,51,-0.8574410676956177,1.0947959423065186,-0.4651317000389099
97,source,52,-0.8503710031509399,1.0871566534042358,-0.46903371810913086
97,source,53,-0.8471416234970093,1.0851283073425293,-0.4681129455566406
97,source,54,-0.8586475253105164,1.0954095125198364,-0.4720064401626587
97,source,55,-0.8578650951385498,1.1009721755981445,-0.46373122930526733
97,source,56,-0.8594732880592346,1.0998737812042236,-0.46354973316192627
97,source,57,-0.8593428134918213,1.1021533012390137,-0.46447521448135376
97,source,58,-0.85334712266922,1.094234824180603,-0.4632861018180847
97,source,59,-0.8568737506866455,1.099426507949829,-0.4645869731903076
97,source,60,-0.8594655990600586,1.098048448562622,-0.462817907333374
97,source,61,-0.8523738384246826,1.093998908996582,-0.46228498220443726
97,source,62,-0.858238935470581,1.0933358669281006,-0.4639589786529541
97,source,63,-0.8494925498962402,1.0926674604415894,-0.46019190549850464
97,target,0,-0.8331307172775269,1.1061947345733643,-0.45694196224212646
97,target,1,-0.862500011920929,1.1477680206298828,-0.45069754123687744
97,target,2,-0.8547319173812866,1.127253532409668,-0.4588072896003723
97,target,3,-0.8508414030075073,1.1134250164031982,-0.45662087202072144
97,target,4,-0.8567875027656555,1.1164947748184204,-0.46174561977386475
97,target,5,-0.8719630837440491,1.1315730810165405,-0.47560590505599976
97,target,6,-0.8683323264122009,1.1329021453857422,-0.46440428495407104
97,target,7,-0.8618990182876587,1.1215453147888184,-0.46760350465774536
97,target,8,-0.8662164211273193,1.1220202445983887,-0.464801549911499
97,target,9,-0.8522792458534241,1.1110308170318604,-0.47130662202835083
97,target,10,-0.8653459548950195,1.1303739547729492,-0.46692758798599243
97,target,11,-0.8573548793792725,1.126876950263977,-0.46183764934539795
97,target,12,-0.8611979484558105,1.1210448741912842,-0.4620193839073181
97,target,13,-0.8546609878540039,1.1059720516204834,-0.4633263349533081
97,target,14,-0.8582512140274048,1.112821340560913,-0.4686633348464966
97,target,15,-0.858153223991394,1.109729290008545,-0.4658750891685486
97,target,16,-0.8528858423233032,1.1131553649902344,-0.4646945595741272
97,target,17,-0.864984393119812,1.135600209236145,-0.4568960666656494
97,target,18,-0.8718171715736389,1.143435001373291,-0.45726972818374634
97,target,19,-0.8644577264785767,1.1329290866851807,-0.4548797011375427
97,target,20,-0.8715988993644714,1.1411864757537842,-0.4595719575881958
97,target,21,-0.8599222898483276,1.1232019662857056,-0.4606667757034302
97,target,22,-0.8650323748588562,1.1368434429168701,-0.45475292205810547
97,target,23,-0.8642804622650146,1.13028085231781,-0.45358002185821533
97,target,24,-0.8657736778259277,1.1317647695541382,-0.4566127061843872
97,target,25,-0.8561116456985474,1.1148309707641602,-0.4512530565261841
97,target,26,-0.8575060963630676,1.1240441799163818,-0.45586639642715454
97,target,27,-0.8697789907455444,1.141491174697876,-0.44836121797561646
97,target,28,-0.8551304340362549,1.1098648309707642,-0.45212864875793457
97,target,29,-0.8639176487922668,1.1200261116027832,-0.4608171582221985
97,target,30,-0.8551554679870605,1.0990734100341797,-0.45765990018844604
97,target,31,-0.8720288276672363,1.131597876548767,-0.462928831577301
97,target,32,-0.8737679123878479,1.1296868324279785,-0.4634198546409607
97,target,33,-0.8563005328178406,1.120288610458374,-0.4608932137489319
97,target,34,-0.853087306022644,1.1141225099563599,-0.458896279335022
97,target,35,-0.8440680503845215,1.1104278564453125,-0.46134471893310547
97,target,36,-0.863761305809021,1.1270432472229004,-0.46617406606674194
97,target,37,-0.8466330766677856,1.1131742000579834,-0.45980697870254517
97,target,38,-0.8602281808853149,1.1191861629486084,-0.46006590127944946
97,target,39,-0.864863395690918,1.131716251373291,-0.4578206539154053
97,target,40,-0.8505877256393433,1.1280126571655273,-0.4550633430480957
97,target,41,-0.8489673733711243,1.137923240661621,-0.4497636556625366
97,target,42,-0.8575550317764282,1.1189587116241455,-0.45360255241394043
97,target,43,-0.8528691530227661,1.1141177415847778,-0.4517582058906555
97,target,44,-0.8533641695976257,1.119955062866211,-0.44601190090179443
97,target,45,-0.8489283323287964,1.1141808032989502,-0.4460703134536743
97,target,46,-0.8147273659706116,1.068833827972412,-0.4448124170303345
97,target,47,-0.8422584533691406,1.1058950424194336,-0.45512330532073975
97,target,48,-0.8355945944786072,1.103705883026123,-0.4616093635559082
97,target,49,-0.8103311657905579,1.0557777881622314,-0.4444679617881775
97,target,50,-0.8432233929634094,1.1025824546813965,-0.44716423749923706
97,target,51,-0.8660171031951904,1.1295688152313232,-0.4625202417373657
97,target,52,-0.8589056134223938,1.1186983585357666,-0.4588487148284912
97,target,53,-0.8605432510375977,1.127343773841858,-0.46283817291259766
97,target,54,-0.8637890815734863,1.1341800689697266,-0.45832258462905884
97,target,55,-0.8673791289329529,1.1296464204788208,-0.46540987491607666
97,target,56,-0.866802990436554,1.1323710680007935,-0.4583563804626465
97,target,57,-0.8590877056121826,1.1245360374450684,-0.46032607555389404
97,target,58,-0.8762142658233643,1.1418404579162598,-0.4624188542366028
97,target,59,-0.8612735271453857,1.129978060722351,-0.4606994390487671
97,target,60,-0.8607502579689026,1.1284664869308472,-0.45879507064819336
97,target,61,-0.8547617793083191,1.1164368391036987,-0.4619670510292053
97,target,62,-0.8524327278137207,1.1165616512298584,-0.4582199454307556
97,target,63,-0.850394606590271,1.1112241744995117,-0.4635334014892578
98,source,0,-0.8659900426864624,1.100127935409546,-0.4583086371421814
98,source,1,-0.8611966371536255,1.088789939880371,-0.4597356915473938
98,source,2,-0.8560675978660583,1.0885529518127441,-0.4571288824081421
98,source,3,-0.8541695475578308,1.0935029983520508,-0.456437885761261
98,source,4,-0.8567343950271606,1.0872039794921875,-0.4635598063468933
98,source,5,-0.857778787612915,1.0918488502502441,-0.4578903913497925
98,source,6,-0.8604663610458374,1.0939304828643799,-0.4594752788543701
98,source,7,-0.8643546104431152,1.0922807455062866,-0.4603704810142517
98,source,8,-0.8569140434265137,1.0871851444244385,-0.4564782381057739
98,source,9,-0.8633711338043213,1.0944530963897705,-0.4566153883934021
98,source,10,-0.8636159896850586,1.0924617052078247,-0.45519334077835083
98,source,11,-0.8625504374504089,1.0980114936828613,-0.45721691846847534
98,source,12,-0.8611684441566467,1.0915114879608154,-0.456169068813324
98,source,13,-0.8651922345161438,1.1065447330474854,-0.4506846070289612
98,source,14,-0.858995795249939,1.0874340534210205,-0.45241332054138184
98,source,15,-0.8595330715179443,1.07904851436615,-0.4545096755027771
98,source,16,-0.8613038063049316,1.0869051218032837,-0.45293205976486206
98,source,17,-0.8577193021774292,1.0815808773040771,-0.4513015151023865
98,source,18,-0.8635963201522827,1.0887115001678467,-0.45495879650115967
98,source,19,-0.857607364654541,1.0847617387771606,-0.4575366973876953
98,source,20,-0.8570758700370789,1.0997726917266846,-0.44701552391052246
98,source,21,-0.8579656481742859,1.0864224433898926,-0.4497784972190857
98,source,22,-0.8549338579177856,1.0809886455535889,-0.444318950176239
98,source,23,-0.8596843481063843,1.086079478263855,-0.44588518142700195
98,source,24,-0.8559671640396118,1.079070806503296,-0.45060479640960693
98,source,25,-0.8608769178390503,1.0793309211730957,-0.45416557788848877
98,source,26,-0.8523256778717041,1.087531566619873,-0.45398980379104614
98,source,27,-0.8681957721710205,1.0854761600494385,-0.45736801624298096
98,source,28,-0.8673139214515686,1.0902894735336304,-0.4542289972305298
98,source,29,-0.8613150119781494,1.0929971933364868,-0.45748215913772583
98,source,30,-0.8646838665008545,1.1009562015533447,-0.45430850982666016
98,source,31,-0.863440752029419,1.094409465789795,-0.45665329694747925
98,source,32,-0.8590443730354309,1.0929524898529053,-0.4584837555885315
98,source,33,-0.8592284321784973,1.0913320779800415,-0.461312472820282
98,source,34,-0.8588085174560547,1.0929856300354004,-0.4593912959098816
98,source,35,-0.8605176210403442,1.0797905921936035,-0.45753711462020874
98,source,36,-0.8697054386138916,1.0937283039093018,-0.45513856410980225
98,source,37,-0.8562741875648499,1.087589979171753,-0.4516392946243286
98,source,38,-0.8543890118598938,1.0739185810089111,-0.4507860541343689
98,source,39,-0.8567228317260742,1.0803563594818115,-0.44934630393981934
98,source,40,-0.8578088283538818,1.0877046585083008,-0.45446377992630005
98,source,41,-0.8586899638175964,1.092611312866211,-0.4506295919418335
98,source,42,-0.8585874438285828,1.0893843173980713,-0.4522514343261719
98,source,43,-0.8611064553260803,1.0893094539642334,-0.4593220353126526
98,source,44,-0.8532949686050415,1.087507963180542,-0.44164198637008667
98,source,45,-0.8565765619277954,1.0900741815567017,-0.4524381160736084
98,source,46,-0.8619747161865234,1.0888969898223877,-0.4558348059654236
98,source,47,-0.8662610650062561,1.098541498184204,-0.45381057262420654
98,source,48,-0.8544260859489441,1.0939316749572754,-0.45277607440948486
98,source,49,-0.8605217933654785,1.08559250831604,-0.4535481929779053
98,source,50,-0.8518468141555786,1.093109369277954,-0.46417325735092163
98,source,51,-0.856277346611023,1.0964694023132324,-0.46595221757888794
98,source,52,-0.8490512371063232,1.0886900424957275,-0.4702675938606262
98,source,53,-0.846443235874176,1.0869628190994263,-0.4692513346672058
98,source,54,-0.8574119210243225,1.0980322360992432,-0.4723920226097107
98,source,55,-0.8567209839820862,1.1028287410736084,-0.46476882696151733
98,source,56,-0.8584811687469482,1.1018776893615723,-0.46467024087905884
98,source,57,-0.8580178022384644,1.1045664548873901,-0.4651249051094055
98,source,58,-0.8525853753089905,1.096644401550293,-0.464089035987854
98,source,59,-0.8554795980453491,1.1010903120040894,-0.46573442220687866
98,source,60,-0.8577857613563538,1.1001614332199097,-0.46388232707977295
98,source,61,-0.8509776592254639,1.0952708721160889,-0.4636231064796448
98,source,62,-0.8561563491821289,1.094331979751587,-0.4651135206222534
98,source,63,-0.8475924730300903,1.0941277742385864,-0.4606679081916809
98,target,0,-0.8324630856513977,1.1088978052139282,-0.4578622579574585
98,target,1,-0.8629564046859741,1.1500341892242432,-0.4524332284927368
98,target,2,-0.8557044863700867,1.1307812929153442,-0.4592432379722595
98,target,3,-0.8508806228637695,1.1150598526000977,-0.4581562280654907
98,target,4,-0.8571968078613281,1.1196765899658203,-0.4627130627632141
98,target,5,-0.8718379735946655,1.1350901126861572,-0.4772323966026306
98,target,6,-0.8683503866195679,1.1356077194213867,-0.4649784564971924
98,target,7,-0.8612552881240845,1.124061107635498,-0.4678412079811096
98,target,8,-0.8651849031448364,1.1246250867843628,-0.4651024341583252
98,target,9,-0.8524805307388306,1.1155897378921509,-0.4721946716308594
98,target,10,-0.8653573989868164,1.1333131790161133,-0.4682236313819885
98,target,11,-0.8580951690673828,1.1304943561553955,-0.46303504705429077
98,target,12,-0.8614229559898376,1.1237866878509521,-0.46323418617248535
98,target,13,-0.8547974824905396,1.1098129749298096,-0.4652353525161743
98,target,14,-0.8593093752861023,1.1172534227371216,-0.46996361017227173
98,target,15,-0.859133780002594,1.112890601158142,-0.46686887741088867
98,target,16,-0.8533755540847778,1.116579294204712,-0.46581482887268066
98,target,17,-0.8653178215026855,1.1382341384887695,-0.45805448293685913
98,target,18,-0.8725895285606384,1.1456022262573242,-0.4581873416900635
98,target,19,-0.8635990619659424,1.1350277662277222,-0.4555751085281372
98,target,20,-0.8721535205841064,1.144134283065796,-0.4605741500854492
98,target,21,-0.8593319058418274,1.1248146295547485,-0.4613073468208313
98,target,22,-0.8652372360229492,1.139963150024414,-0.45684635639190674
98,target,23,-0.8642394542694092,1.1332929134368896,-0.4541980028152466
98,target,24,-0.8653503656387329,1.133948802947998,-0.45739811658859253
98,target,25,-0.856229305267334,1.117995023727417,-0.45290064811706543
98,target,26,-0.8579431772232056,1.124884843826294,-0.45718955993652344
98,target,27,-0.870890736579895,1.145209550857544,-0.44978320598602295
98,target,28,-0.8542693257331848,1.1119680404663086,-0.4529593586921692
98,target,29,-0.8636161684989929,1.1216630935668945,-0.46233224868774414
98,target,30,-0.8547051548957825,1.1015825271606445,-0.45973634719848633
98,target,31,-0.870449960231781,1.1339130401611328,-0.46409308910369873
98,target,32,-0.8736083507537842,1.1313300132751465,-0.46428948640823364
98,target,33,-0.856005072593689,1.1236951351165771,-0.4607674479484558
98,target,34,-0.8529331088066101,1.1168458461761475,-0.45920121669769287
98,target,35,-0.8441785573959351,1.1134839057922363,-0.46207737922668457
98,target,36,-0.8632693886756897,1.1304945945739746,-0.4663505554199219
98,target,37,-0.8464618921279907,1.1151607036590576,-0.4601762890815735
98,target,38,-0.8594892024993896,1.1212269067764282,-0.4603607654571533
98,target,39,-0.8649429678916931,1.1335582733154297,-0.4583032727241516
98,target,40,-0.8513966798782349,1.1304678916931152,-0.45662921667099
98,target,41,-0.8494190573692322,1.139912724494934,-0.45165467262268066
98,target,42,-0.8571527004241943,1.1210423707962036,-0.4546019434928894
98,target,43,-0.8522626161575317,1.1165084838867188,-0.4529799818992615
98,target,44,-0.8526298403739929,1.1225807666778564,-0.4484495520591736
98,target,45,-0.8486999869346619,1.116640567779541,-0.4474591016769409
98,target,46,-0.8132364749908447,1.069432020187378,-0.4462703466415405
98,target,47,-0.842044472694397,1.10764479637146,-0.4565306305885315
98,target,48,-0.8348633646965027,1.1055829524993896,-0.46324360370635986
98,target,49,-0.8082865476608276,1.0568870306015015,-0.446686327457428
98,target,50,-0.8422592878341675,1.1050617694854736,-0.448940634727478
98,target,51,-0.8663114309310913,1.132021427154541,-0.4636601209640503
98,target,52,-0.8589942455291748,1.1221320629119873,-0.46055275201797485
98,target,53,-0.8612454533576965,1.1300883293151855,-0.46424710750579834
98,target,54,-0.8640861511230469,1.1377047300338745,-0.4591848850250244
98,target,55,-0.8665859699249268,1.1314210891723633,-0.46681082248687744
98,target,56,-0.8661335110664368,1.13423490524292,-0.460132360458374
98,target,57,-0.8584539890289307,1.126516580581665,-0.4616185426712036
98,target,58,-0.8763699531555176,1.1445273160934448,-0.463753342628479
98,target,59,-0.8617539405822754,1.132332444190979,-0.462252140045166
98,target,60,-0.8599868416786194,1.1298795938491821,-0.4598577618598938
98,target,61,-0.8547220230102539,1.1185890436172485,-0.4630463719367981
98,target,62,-0.852246880531311,1.1194100379943848,-0.4584369659423828
98,target,63,-0.8495831489562988,1.1127209663391113,-0.46498942375183105
99,source,0,-0.8681220412254333,1.099845051765442,-0.45638155937194824
99,source,1,-0.8625756502151489,1.0865598917007446,-0.4582182765007019
99,source,2,-0.8568572998046875,1.087241768836975,-0.45435285568237305
99,source,3,-0.8547074794769287,1.0900905132293701,-0.4527433514595032
99,source,4,-0.8581045269966125,1.0831806659698486,-0.4622421860694885
99,source,5,-0.8588660955429077,1.08848237991333,-0.455622136592865
99,source,6,-0.862726628780365,1.0926579236984253,-0.45669853687286377
99,source,7,-0.8652405738830566,1.0899522304534912,-0.45876723527908325
99,source,8,-0.8584429621696472,1.0829439163208008,-0.453214168548584
99,source,9,-0.8642841577529907,1.0920449495315552,-0.45379936695098877
99,source,10,-0.8646636009216309,1.0875122547149658,-0.45266515016555786
99,source,11,-0.8620872497558594,1.0933384895324707,-0.45382148027420044
99,source,12,-0.8620470762252808,1.0869650840759277,-0.4541645646095276
99,source,13,-0.8681083917617798,1.103956699371338,-0.44718432426452637
99,source,14,-0.8604961037635803,1.086824655532837,-0.45049089193344116
99,source,15,-0.8611550331115723,1.0779976844787598,-0.4536750912666321
99,source,16,-0.8622317314147949,1.0844669342041016,-0.45003849267959595
99,source,17,-0.8589926362037659,1.0804638862609863,-0.44970703125
99,source,18,-0.864896297454834,1.0870760679244995,-0.45261305570602417
99,source,19,-0.8590608835220337,1.0828964710235596,-0.45537835359573364
99,source,20,-0.856184184551239,1.0954539775848389,-0.442937970161438
99,source,21,-0.8590172529220581,1.085474967956543,-0.4485079050064087
99,source,22,-0.8554875254631042,1.079698085784912,-0.4425927400588989
99,source,23,-0.8597868084907532,1.0849745273590088,-0.4426193833351135
99,source,24,-0.855974555015564,1.0769023895263672,-0.4489063024520874
99,source,25,-0.8612115979194641,1.0774376392364502,-0.4518369436264038
99,source,26,-0.8531171083450317,1.084712266921997,-0.4510035514831543
99,source,27,-0.8695602416992188,1.084360122680664,-0.45544785261154175
99,source,28,-0.8681657314300537,1.0894925594329834,-0.45250266790390015
99,source,29,-0.863183856010437,1.0898430347442627,-0.45512789487838745
99,source,30,-0.8646016716957092,1.096935749053955,-0.4516445994377136
99,source,31,-0.8642895221710205,1.0905921459197998,-0.4543132781982422
99,source,32,-0.8596662282943726,1.0892982482910156,-0.45584094524383545
99,source,33,-0.8597919344902039,1.0882477760314941,-0.4594303369522095
99,source,34,-0.8580744862556458,1.0896070003509521,-0.4571303129196167
99,source,35,-0.861639678478241,1.0782440900802612,-0.4547029137611389
99,source,36,-0.8716403245925903,1.0936143398284912,-0.45361530780792236
99,source,37,-0.8568536043167114,1.0867277383804321,-0.4499465227127075
99,source,38,-0.8546180129051208,1.0713529586791992,-0.448642373085022
99,source,39,-0.8568944931030273,1.078815221786499,-0.4465986490249634
99,source,40,-0.8596668243408203,1.0866957902908325,-0.4529493451118469
99,source,41,-0.8600844144821167,1.091055154800415,-0.44864392280578613
99,source,42,-0.8603042960166931,1.0881922245025635,-0.4511414170265198
99,source,43,-0.8626164793968201,1.0874183177947998,-0.4585101008415222
99,source,44,-0.8528695702552795,1.0844879150390625,-0.43811672925949097
99,source,45,-0.8559035658836365,1.0853283405303955,-0.448536217212677
99,source,46,-0.8628644943237305,1.0859923362731934,-0.4536899924278259
99,source,47,-0.8670687675476074,1.096790075302124,-0.45105308294296265
99,source,48,-0.8548176288604736,1.0899410247802734,-0.4483950138092041
99,source,49,-0.8626259565353394,1.0833854675292969,-0.4509761929512024
99,source,50,-0.8524737358093262,1.0904254913330078,-0.46212244033813477
99,source,51,-0.8576381206512451,1.094567060470581,-0.4645617604255676
99,source,52,-0.8503656387329102,1.086461067199707,-0.4687325954437256
99,source,53,-0.8478161096572876,1.0849107503890991,-0.4676934480667114
99,source,54,-0.8588541150093079,1.095745325088501,-0.4708980917930603
99,source,55,-0.8580289483070374,1.1006211042404175,-0.46328437328338623
99,source,56,-0.8598641753196716,1.1001042127609253,-0.4629364013671875
99,source,57,-0.8593023419380188,1.1020827293395996,-0.46371400356292725
99,source,58,-0.8534421324729919,1.0941712856292725,-0.4627753496170044
99,source,59,-0.8568962812423706,1.0991644859313965,-0.4639848470687866
99,source,60,-0.8605227470397949,1.099190592765808,-0.4626782536506653
99,source,61,-0.8521856069564819,1.09352707862854,-0.4628748893737793
99,source,62,-0.8576695919036865,1.0925400257110596,-0.46395450830459595
99,source,63,-0.8495447635650635,1.092916488647461,-0.459835946559906
99,target,0,-0.833636462688446,1.106513261795044,-0.45646584033966064
99,target,1,-0.8635545969009399,1.147928237915039,-0.45095062255859375
99,target,2,-0.856356143951416,1.12880277633667,-0.45785969495773315
99,target,3,-0.8523120284080505,1.1150944232940674,-0.4561843276023865
99,target,4,-0.8577430844306946,1.1178702116012573,-0.46081095933914185
99,target,5,-0.8733635544776917,1.133147954940796,-0.4754883050918579
99,target,6,-0.8699257373809814,1.1341898441314697,-0.46348029375076294
99,target,7,-0.8622527718544006,1.1219379901885986,-0.4672936797142029
99,target,8,-0.8659583330154419,1.1212925910949707,-0.46462482213974
99,target,9,-0.8541160821914673,1.1135797500610352,-0.47033917903900146
99,target,10,-0.8657413125038147,1.1310127973556519,-0.46641719341278076
99,target,11,-0.8592653274536133,1.1279419660568237,-0.4612500071525574
99,target,12,-0.8615957498550415,1.1216408014297485,-0.4609699249267578
99,target,13,-0.856463611125946,1.108549952507019,-0.462634801864624
99,target,14,-0.8607061505317688,1.115978479385376,-0.4674595594406128
99,target,15,-0.8602489829063416,1.11233389377594,-0.464733362197876
99,target,16,-0.8554753661155701,1.1155495643615723,-0.46342015266418457
99,target,17,-0.865492045879364,1.1362364292144775,-0.4564859867095947
99,target,18,-0.8722690343856812,1.1428436040878296,-0.45731985569000244
99,target,19,-0.8650890588760376,1.1335480213165283,-0.4545430541038513
99,target,20,-0.8722312450408936,1.1418039798736572,-0.4593456983566284
99,target,21,-0.860647976398468,1.1246278285980225,-0.460152804851532
99,target,22,-0.8661282062530518,1.1377679109573364,-0.4548800587654114
99,target,23,-0.8654919862747192,1.1321303844451904,-0.45305854082107544
99,target,24,-0.8661935329437256,1.1317503452301025,-0.4567474126815796
99,target,25,-0.8582168221473694,1.1175353527069092,-0.4508248567581177
99,target,26,-0.859347939491272,1.1248204708099365,-0.4547809362411499
99,target,27,-0.8712253570556641,1.1423612833023071,-0.4482243061065674
99,target,28,-0.8568550944328308,1.111618995666504,-0.45184314250946045
99,target,29,-0.8652984499931335,1.120877981185913,-0.46058911085128784
99,target,30,-0.8553985357284546,1.0986368656158447,-0.457675576210022
99,target,31,-0.8723450899124146,1.1322753429412842,-0.462690532207489
99,target,32,-0.8757601976394653,1.1315860748291016,-0.46281737089157104
99,target,33,-0.8579937815666199,1.121917963027954,-0.45999640226364136
99,target,34,-0.8537899255752563,1.114666223526001,-0.4583621025085449
99,target,35,-0.8450536131858826,1.108973503112793,-0.46190494298934937
99,target,36,-0.8643544912338257,1.1276741027832031,-0.4645654559135437
99,target,37,-0.8471155166625977,1.1125975847244263,-0.4590945839881897
99,target,38,-0.8611193895339966,1.1194266080856323,-0.45919013023376465
99,target,39,-0.865604043006897,1.1318278312683105,-0.4568246603012085
99,target,40,-0.8507574796676636,1.1290788650512695,-0.4546963572502136
99,target,41,-0.8491433262825012,1.137927770614624,-0.44977879524230957
99,target,42,-0.8573023080825806,1.1212456226348877,-0.45162034034729004
99,target,43,-0.8529507517814636,1.1145896911621094,-0.4498611092567444
99,target,44,-0.8539848327636719,1.1206469535827637,-0.4440559148788452
99,target,45,-0.8489776849746704,1.1131887435913086,-0.44505995512008667
99,target,46,-0.8148062229156494,1.0677047967910767,-0.4454002380371094
99,target,47,-0.842947244644165,1.1055455207824707,-0.45472830533981323
99,target,48,-0.8362181186676025,1.1040112972259521,-0.46120959520339966
99,target,49,-0.8105697631835938,1.0546565055847168,-0.4447159171104431
99,target,50,-0.8431757688522339,1.1021054983139038,-0.4478190541267395
99,target,51,-0.8668198585510254,1.1298578977584839,-0.462016761302948
99,target,52,-0.8597831726074219,1.1192245483398438,-0.45866090059280396
99,target,53,-0.8616994619369507,1.1274573802947998,-0.46284621953964233
99,target,54,-0.8656898736953735,1.1361134052276611,-0.45752042531967163
99,target,55,-0.8685871958732605,1.1308945417404175,-0.4649357199668884
99,target,56,-0.8674616813659668,1.1322922706604004,-0.45815062522888184
99,target,57,-0.8588641881942749,1.1239184141159058,-0.46019870042800903
99,target,58,-0.8766379952430725,1.1415518522262573,-0.46212947368621826
99,target,59,-0.8630611896514893,1.1312345266342163,-0.4604209065437317
99,target,60,-0.8609187602996826,1.128394365310669,-0.4581608176231384
99,target,61,-0.8556352257728577,1.1167984008789062,-0.46154940128326416
99,target,62,-0.8514490127563477,1.1159570217132568,-0.45694440603256226
99,target,63,-0.8501972556114197,1.1107934713363647,-0.4632595181465149
100,source,0,-0.8688513040542603,1.1015275716781616,-0.4590097665786743
100,source,1,-0.8623725175857544,1.0872594118118286,-0.460257887840271
100,source,2,-0.8567520976066589,1.0872318744659424,-0.45810312032699585
100,source,3,-0.8534438014030457,1.089911699295044,-0.45685553550720215
100,source,4,-0.8571817278862,1.0842244625091553,-0.46510154008865356
100,source,5,-0.8592967987060547,1.0899772644042969,-0.45842766761779785
100,source,6,-0.8629922270774841,1.093690037727356,-0.4597598910331726
100,source,7,-0.8654090762138367,1.0906299352645874,-0.4611549377441406
100,source,8,-0.8579055666923523,1.0848431587219238,-0.4576321840286255
100,source,9,-0.8645659685134888,1.0938999652862549,-0.457480788230896
100,source,10,-0.8637473583221436,1.0873501300811768,-0.4562262296676636
100,source,11,-0.8621309399604797,1.0940561294555664,-0.4568644165992737
100,source,12,-0.8619762659072876,1.0886621475219727,-0.456964373588562
100,source,13,-0.8661439418792725,1.1043529510498047,-0.4509750008583069
100,source,14,-0.8595595359802246,1.0857207775115967,-0.4520528316497803
100,source,15,-0.8600035905838013,1.0769706964492798,-0.456030011177063
100,source,16,-0.8620120286941528,1.0842854976654053,-0.4535070061683655
100,source,17,-0.8574628233909607,1.079939603805542,-0.45245808362960815
100,source,18,-0.8637878894805908,1.0864169597625732,-0.4556453227996826
100,source,19,-0.8585491180419922,1.0825632810592651,-0.45850837230682373
100,source,20,-0.8553865551948547,1.0946438312530518,-0.44764506816864014
100,source,21,-0.8582746386528015,1.0851647853851318,-0.45261406898498535
100,source,22,-0.8552275896072388,1.0796747207641602,-0.4464115500450134
100,source,23,-0.8584866523742676,1.0832481384277344,-0.44702064990997314
100,source,24,-0.855710506439209,1.0764970779418945,-0.4524596929550171
100,source,25,-0.8607653379440308,1.0772666931152344,-0.45540130138397217
100,source,26,-0.8525007963180542,1.0853886604309082,-0.4547819495201111
100,source,27,-0.8693126440048218,1.084656834602356,-0.457602858543396
100,source,28,-0.869361400604248,1.0909245014190674,-0.4548491835594177
100,source,29,-0.8621562719345093,1.0899314880371094,-0.458707332611084
100,source,30,-0.8651848435401917,1.098120927810669,-0.453946053981781
100,source,31,-0.8636224269866943,1.0912760496139526,-0.4571384787559509
100,source,32,-0.858997106552124,1.0899783372879028,-0.45936113595962524
100,source,33,-0.859428882598877,1.0891993045806885,-0.46270114183425903
100,source,34,-0.8600150942802429,1.0913537740707397,-0.4599929451942444
100,source,35,-0.8622126579284668,1.0790400505065918,-0.45759809017181396
100,source,36,-0.8701233863830566,1.092256784439087,-0.4558919668197632
100,source,37,-0.8564525246620178,1.0866596698760986,-0.4520838260650635
100,source,38,-0.8552941083908081,1.0720983743667603,-0.45153552293777466
100,source,39,-0.8572009801864624,1.0791404247283936,-0.4503265619277954
100,source,40,-0.8588977456092834,1.0861761569976807,-0.45614612102508545
100,source,41,-0.8601471185684204,1.0910358428955078,-0.45204538106918335
100,source,42,-0.8600821495056152,1.0884383916854858,-0.4540819525718689
100,source,43,-0.8619499802589417,1.086976170539856,-0.461330771446228
100,source,44,-0.8522701859474182,1.0832302570343018,-0.44359809160232544
100,source,45,-0.8556855916976929,1.085539698600769,-0.45389997959136963
100,source,46,-0.8620277643203735,1.0864906311035156,-0.45650041103363037
100,source,47,-0.86683589220047,1.0965617895126343,-0.4540438652038574
100,source,48,-0.8542479872703552,1.0899945497512817,-0.4531821012496948
100,source,49,-0.8613680005073547,1.0841199159622192,-0.45491600036621094
100,source,50,-0.8513850569725037,1.0916060209274292,-0.46509814262390137
100,source,51,-0.8558412790298462,1.0945117473602295,-0.46757084131240845
100,source,52,-0.8486171960830688,1.0864841938018799,-0.4719927906990051
100,source,53,-0.8456658124923706,1.08521568775177,-0.47065794467926025
100,source,54,-0.8573825359344482,1.095494270324707,-0.47412824630737305
100,source,55,-0.8565006852149963,1.1010730266571045,-0.4666532278060913
100,source,56,-0.8578083515167236,1.1001551151275635,-0.466344952583313
100,source,57,-0.8576301336288452,1.1021919250488281,-0.4669729471206665
100,source,58,-0.8518975377082825,1.0945897102355957,-0.46595466136932373
100,source,59,-0.8553726077079773,1.0995851755142212,-0.46734619140625
100,source,60,-0.8587220311164856,1.0985121726989746,-0.46584242582321167
100,source,61,-0.8506924510002136,1.0934021472930908,-0.46564292907714844
100,source,62,-0.856375515460968,1.0929062366485596,-0.4668980836868286
100,source,63,-0.8481297492980957,1.092696189880371,-0.4630826711654663
100,target,0,-0.8325054049491882,1.1063392162322998,-0.45868241786956787
100,target,1,-0.8625796437263489,1.1477735042572021,-0.4533688426017761
100,target,2,-0.8543665409088135,1.128330945968628,-0.46033650636672974
100,target,3,-0.8504810929298401,1.1139349937438965,-0.4587823152542114
100,target,4,-0.856021523475647,1.1162629127502441,-0.46359533071517944
100,target,5,-0.8712661266326904,1.1334166526794434,-0.47691869735717773
100,target,6,-0.8682533502578735,1.1344139575958252,-0.4652770757675171
100,target,7,-0.8610082864761353,1.1214181184768677,-0.4687321186065674
100,target,8,-0.8646292686462402,1.1207902431488037,-0.46609318256378174
100,target,9,-0.8530676960945129,1.1142752170562744,-0.4728121757507324
100,target,10,-0.8655015826225281,1.1316938400268555,-0.46867942810058594
100,target,11,-0.8580911159515381,1.1281309127807617,-0.4632883071899414
100,target,12,-0.8615726828575134,1.1223180294036865,-0.46363919973373413
100,target,13,-0.8537615537643433,1.108039140701294,-0.46510595083236694
100,target,14,-0.8583377599716187,1.1153582334518433,-0.46977049112319946
100,target,15,-0.8582721948623657,1.111213207244873,-0.4672158360481262
100,target,16,-0.8537821769714355,1.115173101425171,-0.4657592177391052
100,target,17,-0.8646928668022156,1.1354846954345703,-0.45853787660598755
100,target,18,-0.8712538480758667,1.1427571773529053,-0.4591935873031616
100,target,19,-0.8634869456291199,1.132614016532898,-0.45667916536331177
100,target,20,-0.8715556263923645,1.141824722290039,-0.4613325595855713
100,target,21,-0.8592977523803711,1.1233446598052979,-0.462091326713562
100,target,22,-0.865008533000946,1.1376445293426514,-0.4568028450012207
100,target,23,-0.8639752864837646,1.131598949432373,-0.455424427986145
100,target,24,-0.8642441034317017,1.1307337284088135,-0.45927584171295166
100,target,25,-0.8560947179794312,1.1168773174285889,-0.45370936393737793
100,target,26,-0.8581588268280029,1.1243062019348145,-0.4575110673904419
100,target,27,-0.8702515959739685,1.1427185535430908,-0.4505523443222046
100,target,28,-0.8543471097946167,1.1101086139678955,-0.45485740900039673
100,target,29,-0.8630626201629639,1.120025396347046,-0.46286875009536743
100,target,30,-0.853522539138794,1.0991458892822266,-0.4605323076248169
100,target,31,-0.8698570132255554,1.1321873664855957,-0.46479183435440063
100,target,32,-0.8734769821166992,1.1314928531646729,-0.4652228355407715
100,target,33,-0.8553997278213501,1.12064790725708,-0.46314769983291626
100,target,34,-0.8516285419464111,1.1133697032928467,-0.4608575105667114
100,target,35,-0.8433650732040405,1.109795093536377,-0.4646633267402649
100,target,36,-0.8625664710998535,1.1259387731552124,-0.4676676392555237
100,target,37,-0.8455374240875244,1.1125366687774658,-0.4620480537414551
100,target,38,-0.8596658706665039,1.1186975240707397,-0.46205562353134155
100,target,39,-0.864534854888916,1.1309130191802979,-0.4598178267478943
100,target,40,-0.8504979610443115,1.1277692317962646,-0.45731043815612793
100,target,41,-0.849152684211731,1.1372287273406982,-0.45236194133758545
100,target,42,-0.8564021587371826,1.117964506149292,-0.45546019077301025
100,target,43,-0.8528648018836975,1.1137232780456543,-0.45278698205947876
100,target,44,-0.852196455001831,1.1174533367156982,-0.44832903146743774
100,target,45,-0.8489503264427185,1.1114153861999512,-0.4485502243041992
100,target,46,-0.8137544989585876,1.0692790746688843,-0.4480436444282532
100,target,47,-0.8418084383010864,1.105649471282959,-0.45674431324005127
100,target,48,-0.8343890905380249,1.1037359237670898,-0.46344637870788574
100,target,49,-0.8087248802185059,1.056440830230713,-0.44667142629623413
100,target,50,-0.8410192728042603,1.1023540496826172,-0.4505087733268738
100,target,51,-0.8654497265815735,1.1288669109344482,-0.46468865871429443
100,target,52,-0.8581812381744385,1.1185866594314575,-0.46108782291412354
100,target,53,-0.8602282404899597,1.126859426498413,-0.4649440050125122
100,target,54,-0.8636846542358398,1.1359291076660156,-0.45985740423202515
100,target,55,-0.8664330244064331,1.1302013397216797,-0.46710944175720215
100,target,56,-0.8654059171676636,1.1322152614593506,-0.4600379467010498
100,target,57,-0.8572699427604675,1.124229907989502,-0.4621473550796509
100,target,58,-0.8750403523445129,1.1417597532272339,-0.4640938639640808
100,target,59,-0.8609973788261414,1.130850076675415,-0.4623599052429199
100,target,60,-0.8591135144233704,1.1275689601898193,-0.46039772033691406
100,target,61,-0.8543172478675842,1.1165640354156494,-0.4641115069389343
100,target,62,-0.849351704120636,1.1147441864013672,-0.4591739773750305
100,target,63,-0.8485348224639893,1.1103664636611938,-0.4653968811035156
